Epoch Time,Processing Source,f,varianceDensity
1788225300,hdr,0.0293;0.03906;0.04883;0.05859;0.06836;0.07813;0.08789;0.09766;0.10742;0.11719;0.12695;0.13672;0.14648;0.15625;0.16602;0.17578;0.18555;0.19531;0.20508;0.21484;0.22461;0.23438;0.24414;0.25391;0.26367;0.27344;0.2832;0.29297;0.30273;0.3125;0.32227;0.33203;0.3418;0.35156;0.36133;0.37109;0.38086;0.39063;0.40039;0.41016;0.41992;0.42969;0.43945;0.44922;0.45898;0.46875;0.47852;0.48828;0.49805;0.50781;0.51758;0.52734;0.53711;0.54688;0.55664;0.56641;0.57617;0.58594;0.5957;0.60547;0.61523;0.625;0.63477;0.64453;0.6543;0.66406;0.67383;0.68359;0.69336;0.70313;0.71289;0.72266;0.73242;0.74219;0.75195;0.76172;0.77148;0.78125;0.79102,0.002799616;0.0027514880000000003;0.0023807999999999998;0.002499584;0.004549632;0.0073082880000000005;0.005282816000000001;0.004880384;0.011841536;0.015291392;0.006253567999999999;0.003591168;0.002282496;0.0018882559999999998;0.002654208;0.003080192;0.002757632;0.0021248;0.002267136;0.0017623040000000001;0.0015267839999999998;0.0015144960000000002;0.001435648;0.0012052480000000001;0.000841728;0.000963584;0.0010127360000000002;0.000868352;0.0009523200000000001;0.0008151040000000001;0.000321536;0.0006778880000000001;0.0007976959999999999;0.000461824;0.00057856;0.000881664;0.0007372800000000001;0.000524288;0.000393216;0.000387072;0.000592896;0.00041472;0.000381952;0.000436224;0.00037478399999999997;0.000380928;0.000258048;0.00021504000000000003;0.00011161600000000001;0.000253952;0.0003072;0.000226304;0.00023244799999999998;0.000190464;0.00017715200000000003;0.00010137599999999999;0.000120832;0.00015564799999999998;0.00010649599999999999;9.932800000000001e-05;0.00010649599999999999;9.216000000000001e-05;9.4208e-05;9.728e-05;9.4208e-05;8.9088e-05;9.4208e-05;6.3488e-05;5.3247999999999996e-05;5.222399999999999e-05;5.7344e-05;7.475199999999999e-05;4.5056e-05;3.4816e-05;4.4032e-05;5.4272e-05;2.9696e-05;4.4032e-05;4.4032e-05
1788226200,hdr,0.0293;0.03906;0.04883;0.05859;0.06836;0.07813;0.08789;0.09766;0.10742;0.11719;0.12695;0.13672;0.14648;0.15625;0.16602;0.17578;0.18555;0.19531;0.20508;0.21484;0.22461;0.23438;0.24414;0.25391;0.26367;0.27344;0.2832;0.29297;0.30273;0.3125;0.32227;0.33203;0.3418;0.35156;0.36133;0.37109;0.38086;0.39063;0.40039;0.41016;0.41992;0.42969;0.43945;0.44922;0.45898;0.46875;0.47852;0.48828;0.49805;0.50781;0.51758;0.52734;0.53711;0.54688;0.55664;0.56641;0.57617;0.58594;0.5957;0.60547;0.61523;0.625;0.63477;0.64453;0.6543;0.66406;0.67383;0.68359;0.69336;0.70313;0.71289;0.72266;0.73242;0.74219;0.75195;0.76172;0.77148;0.78125;0.79102,0.004757504;0.011379712;0.011844607999999998;0.006259712000000001;0.0051671040000000005;0.0068997120000000006;0.014022656;0.010540032;0.007570432000000001;0.0073472;0.00520704;0.002625536;0.001893376;0.002061312;0.002405376;0.00244736;0.003718144;0.002883584;0.0021903359999999998;0.001870848;0.001711104;0.0012052480000000001;0.000789504;0.0011151359999999999;0.001238016;0.00115712;0.000840704;0.0007495679999999999;0.001053696;0.001158144;0.0010475520000000002;0.001359872;0.0009472;0.0006676480000000001;0.0006656;0.00042598399999999997;0.000661504;0.0006656;0.000525312;0.0005713920000000001;0.000510976;0.000457728;0.000345088;0.000441344;0.00049664;0.00032768;0.00015462400000000002;0.000137216;0.000320512;0.000447488;0.000314368;0.000159744;0.00013311999999999997;0.000140288;0.000164864;0.00017715200000000003;0.00021913599999999998;0.00014745600000000002;0.00012288000000000002;0.000118784;0.000136192;7.782399999999999e-05;4.5056e-05;6.144000000000001e-05;6.5536e-05;6.144000000000001e-05;5.8368e-05;4.6080000000000006e-05;5.632e-05;4.7104e-05;6.3488e-05;7.782399999999999e-05;8.2944e-05;6.5536e-05;5.3247999999999996e-05;5.8368e-05;4.9152e-05;3.7888e-05;4.6080000000000006e-05
1788227100,hdr,0.0293;0.03906;0.04883;0.05859;0.06836;0.07813;0.08789;0.09766;0.10742;0.11719;0.12695;0.13672;0.14648;0.15625;0.16602;0.17578;0.18555;0.19531;0.20508;0.21484;0.22461;0.23438;0.24414;0.25391;0.26367;0.27344;0.2832;0.29297;0.30273;0.3125;0.32227;0.33203;0.3418;0.35156;0.36133;0.37109;0.38086;0.39063;0.40039;0.41016;0.41992;0.42969;0.43945;0.44922;0.45898;0.46875;0.47852;0.48828;0.49805;0.50781;0.51758;0.52734;0.53711;0.54688;0.55664;0.56641;0.57617;0.58594;0.5957;0.60547;0.61523;0.625;0.63477;0.64453;0.6543;0.66406;0.67383;0.68359;0.69336;0.70313;0.71289;0.72266;0.73242;0.74219;0.75195;0.76172;0.77148;0.78125;0.79102,0.00503808;0.018635776000000003;0.016351232;0.0064645119999999995;0.00896;0.013943808;0.012830719999999999;0.00997888;0.009887743999999999;0.012240896;0.00642048;0.0032337920000000005;0.00214016;0.002548736;0.003699712;0.002654208;0.003068928;0.002722816;0.0020183040000000003;0.0022394880000000004;0.002704384;0.002835456;0.001814528;0.001074176;0.00115712;0.001027072;0.0010956800000000001;0.0013608960000000001;0.001289216;0.000990208;0.000768;0.000551936;0.000812032;0.000979968;0.001067008;0.0009973760000000001;0.000553984;0.00030412799999999997;0.00036352;0.000449536;0.00042291200000000006;0.00036147200000000005;0.000375808;0.000313344;0.00023244799999999998;0.00027136;0.000205824;0.000258048;0.00036966399999999996;0.000357376;0.000275456;0.000190464;0.00020377600000000002;0.000248832;0.00017715200000000003;0.00016384;0.000103424;7.782399999999999e-05;0.00011264;0.000151552;0.000128;0.000116736;0.000128;0.00010956799999999999;8.6016e-05;9.6256e-05;8.4992e-05;7.782399999999999e-05;9.6256e-05;7.5776e-05;8.0896e-05;8.8064e-05;3.2768e-05;4.3008e-05;4.8128e-05;7.167999999999999e-05;5.1200000000000004e-05;5.9392e-05;6.8608e-05
1788228000,hdr,0.0293;0.03906;0.04883;0.05859;0.06836;0.07813;0.08789;0.09766;0.10742;0.11719;0.12695;0.13672;0.14648;0.15625;0.16602;0.17578;0.18555;0.19531;0.20508;0.21484;0.22461;0.23438;0.24414;0.25391;0.26367;0.27344;0.2832;0.29297;0.30273;0.3125;0.32227;0.33203;0.3418;0.35156;0.36133;0.37109;0.38086;0.39063;0.40039;0.41016;0.41992;0.42969;0.43945;0.44922;0.45898;0.46875;0.47852;0.48828;0.49805;0.50781;0.51758;0.52734;0.53711;0.54688;0.55664;0.56641;0.57617;0.58594;0.5957;0.60547;0.61523;0.625;0.63477;0.64453;0.6543;0.66406;0.67383;0.68359;0.69336;0.70313;0.71289;0.72266;0.73242;0.74219;0.75195;0.76172;0.77148;0.78125;0.79102,0.006535168;0.009558015999999999;0.00733184;0.006341632;0.010038271999999999;0.00699392;0.009025536;0.007114752;0.0044605439999999994;0.008167424000000001;0.007092224;0.00611328;0.002777088;0.0020029439999999996;0.003823616;0.0028897280000000003;0.0033546239999999996;0.0050677759999999995;0.004308992;0.002258944;0.0012308479999999999;0.001570816;0.00170496;0.001610752;0.00118784;0.0012052480000000001;0.001164288;0.0013506560000000002;0.0011776;0.001011712;0.001276928;0.0011632640000000002;0.0008192000000000001;0.000647168;0.000482304;0.001073152;0.001524736;0.0010496000000000001;0.0007075839999999999;0.0006041600000000001;0.000432128;0.00050688;0.00049664;0.000386048;0.00026112;0.000244736;0.00023859199999999998;0.00024063999999999997;0.00020889599999999997;0.00018432000000000002;0.00018944;0.00017715200000000003;0.000229376;0.00027340799999999994;0.000246784;0.00017408000000000001;0.000183296;0.000200704;0.00017715200000000003;0.00016691200000000002;0.000156672;0.000157696;0.000132096;0.000126976;0.000114688;0.000129024;0.000162816;0.0001536;0.00016691200000000002;0.000113664;5.7344e-05;8.8064e-05;0.000100352;8.3968e-05;7.68e-05;8.3968e-05;0.000161792;0.00030617599999999996;0.000381952
1788228900,hdr,0.0293;0.03906;0.04883;0.05859;0.06836;0.07813;0.08789;0.09766;0.10742;0.11719;0.12695;0.13672;0.14648;0.15625;0.16602;0.17578;0.18555;0.19531;0.20508;0.21484;0.22461;0.23438;0.24414;0.25391;0.26367;0.27344;0.2832;0.29297;0.30273;0.3125;0.32227;0.33203;0.3418;0.35156;0.36133;0.37109;0.38086;0.39063;0.40039;0.41016;0.41992;0.42969;0.43945;0.44922;0.45898;0.46875;0.47852;0.48828;0.49805;0.50781;0.51758;0.52734;0.53711;0.54688;0.55664;0.56641;0.57617;0.58594;0.5957;0.60547;0.61523;0.625;0.63477;0.64453;0.6543;0.66406;0.67383;0.68359;0.69336;0.70313;0.71289;0.72266;0.73242;0.74219;0.75195;0.76172;0.77148;0.78125;0.79102,0.009458688;0.017492992000000002;0.01536512;0.009391104;0.004815872;0.0102912;0.015582207999999998;0.014644224;0.00773632;0.009480192;0.009362432;0.009033728;0.005909504;0.003549184;0.00301056;0.003515392;0.0043182080000000005;0.0035788799999999996;0.0031774719999999998;0.002306048;0.001562624;0.0010608640000000001;0.00176128;0.0016302080000000002;0.0016906239999999997;0.001475584;0.0010496000000000001;0.0012400640000000001;0.0009441279999999999;0.0009564160000000001;0.0009615359999999999;0.000877568;0.00098816;0.000918528;0.0005580800000000001;0.00072704;0.0009400319999999999;0.0005754880000000001;0.000674816;0.00065536;0.000434176;0.000335872;0.000380928;0.000513024;0.000485376;0.00039936;0.0004352;0.000411648;0.00031232;0.000222208;0.000283648;0.00022528;0.000257024;0.000234496;0.00021299199999999998;0.00016384;0.000242688;0.000252928;0.00019968;0.000136192;0.00015872;0.00016896;0.000113664;7.9872e-05;7.475199999999999e-05;0.00017408000000000001;0.000118784;0.00010752000000000001;0.000114688;0.000152576;0.00018944;0.00014643200000000002;0.000134144;0.00021401600000000003;0.00010956799999999999;0.000180224;0.00037478399999999997;0.00043315199999999996;0.000319488
1788229800,hdr,0.0293;0.03906;0.04883;0.05859;0.06836;0.07813;0.08789;0.09766;0.10742;0.11719;0.12695;0.13672;0.14648;0.15625;0.16602;0.17578;0.18555;0.19531;0.20508;0.21484;0.22461;0.23438;0.24414;0.25391;0.26367;0.27344;0.2832;0.29297;0.30273;0.3125;0.32227;0.33203;0.3418;0.35156;0.36133;0.37109;0.38086;0.39063;0.40039;0.41016;0.41992;0.42969;0.43945;0.44922;0.45898;0.46875;0.47852;0.48828;0.49805;0.50781;0.51758;0.52734;0.53711;0.54688;0.55664;0.56641;0.57617;0.58594;0.5957;0.60547;0.61523;0.625;0.63477;0.64453;0.6543;0.66406;0.67383;0.68359;0.69336;0.70313;0.71289;0.72266;0.73242;0.74219;0.75195;0.76172;0.77148;0.78125;0.79102,0.006762495999999999;0.011799552;0.017037312000000002;0.008788992;0.006772736;0.008308735999999999;0.005955584;0.006324224;0.012709887999999999;0.012475392;0.00902144;0.006144;0.00428032;0.002859008;0.0030627840000000003;0.0043878400000000005;0.003790848;0.003332096;0.004015104;0.00342016;0.00242176;0.00075776;0.000877568;0.001097728;0.0016138239999999998;0.00180224;0.001451008;0.0015851519999999998;0.0013701120000000002;0.000813056;0.000577536;0.000636928;0.000781312;0.00116224;0.00087552;0.0007464960000000001;0.0006973439999999999;0.0006082559999999999;0.000842752;0.0006021119999999999;0.000550912;0.0007168;0.00061952;0.000623616;0.000607232;0.00040243200000000004;0.00043827199999999997;0.00040243200000000004;0.000162816;0.00020377600000000002;0.000229376;0.00023142399999999999;0.000222208;0.000279552;0.00039936;0.00033894400000000004;0.000224256;0.000252928;0.00022323200000000002;0.000191488;0.00014950399999999998;0.00010649599999999999;9.6256e-05;0.00012288000000000002;0.000114688;8.8064e-05;9.4208e-05;9.932800000000001e-05;8.3968e-05;7.0656e-05;5.1200000000000004e-05;8.0896e-05;7.372800000000001e-05;4.4032e-05;5.5296e-05;6.5536e-05;7.372800000000001e-05;7.9872e-05;0.000140288
1788230700,hdr,0.0293;0.03906;0.04883;0.05859;0.06836;0.07813;0.08789;0.09766;0.10742;0.11719;0.12695;0.13672;0.14648;0.15625;0.16602;0.17578;0.18555;0.19531;0.20508;0.21484;0.22461;0.23438;0.24414;0.25391;0.26367;0.27344;0.2832;0.29297;0.30273;0.3125;0.32227;0.33203;0.3418;0.35156;0.36133;0.37109;0.38086;0.39063;0.40039;0.41016;0.41992;0.42969;0.43945;0.44922;0.45898;0.46875;0.47852;0.48828;0.49805;0.50781;0.51758;0.52734;0.53711;0.54688;0.55664;0.56641;0.57617;0.58594;0.5957;0.60547;0.61523;0.625;0.63477;0.64453;0.6543;0.66406;0.67383;0.68359;0.69336;0.70313;0.71289;0.72266;0.73242;0.74219;0.75195;0.76172;0.77148;0.78125;0.79102,0.0057999359999999995;0.004235264;0.001529856;0.002476032;0.002881536;0.001685504;0.0041492479999999995;0.004378624000000001;0.008290304;0.007937024;0.013780992;0.012439552000000001;0.00550912;0.0037990400000000005;0.0051599359999999995;0.004553728;0.005236736;0.0044052480000000005;0.004862976;0.004523008;0.00362496;0.0020418560000000003;0.0017182719999999999;0.0024852480000000002;0.001917952;0.001711104;0.001426432;0.001193984;0.00096768;0.000758784;0.0005898240000000001;0.000761856;0.000816128;0.000922624;0.0004986880000000001;0.00047820800000000004;0.0005713920000000001;0.000771072;0.000781312;0.000510976;0.00046080000000000003;0.00039219200000000003;0.00057856;0.0004915200000000001;0.000489472;0.000525312;0.000520192;0.000388096;0.00047616000000000005;0.00036761599999999997;0.000246784;0.00020480000000000002;0.000216064;0.000316416;0.000351232;0.00030208000000000004;0.00022323200000000002;0.00018739199999999998;0.000103424;9.0112e-05;0.00010137599999999999;0.00011776000000000001;0.00014745600000000002;0.000134144;8.704000000000001e-05;8.704000000000001e-05;6.5536e-05;4.7104e-05;4.3008e-05;6.144000000000001e-05;6.3488e-05;5.1200000000000004e-05;4.096e-05;3.2768e-05;6.5536e-05;7.9872e-05;5.7344e-05;5.8368e-05;3.8911999999999996e-05
1788231600,hdr,0.0293;0.03906;0.04883;0.05859;0.06836;0.07813;0.08789;0.09766;0.10742;0.11719;0.12695;0.13672;0.14648;0.15625;0.16602;0.17578;0.18555;0.19531;0.20508;0.21484;0.22461;0.23438;0.24414;0.25391;0.26367;0.27344;0.2832;0.29297;0.30273;0.3125;0.32227;0.33203;0.3418;0.35156;0.36133;0.37109;0.38086;0.39063;0.40039;0.41016;0.41992;0.42969;0.43945;0.44922;0.45898;0.46875;0.47852;0.48828;0.49805;0.50781;0.51758;0.52734;0.53711;0.54688;0.55664;0.56641;0.57617;0.58594;0.5957;0.60547;0.61523;0.625;0.63477;0.64453;0.6543;0.66406;0.67383;0.68359;0.69336;0.70313;0.71289;0.72266;0.73242;0.74219;0.75195;0.76172;0.77148;0.78125;0.79102,0.001529856;0.001501184;0.0009768959999999999;0.002689024;0.0022558720000000003;0.0020418560000000003;0.00462336;0.0059791359999999995;0.005262336;0.0045199360000000004;0.0045056;0.003299328;0.003362816;0.0027729919999999997;0.002700288;0.0048762879999999995;0.004048896000000001;0.00474112;0.0036894719999999996;0.002436096;0.00159744;0.001800192;0.001550336;0.002307072;0.001824768;0.00101376;0.001186816;0.0012994559999999998;0.001267712;0.0012789759999999998;0.001002496;0.0008652800000000001;0.000922624;0.000775168;0.001057792;0.000903168;0.000776192;0.000646144;0.00059392;0.00041779199999999995;0.00027033600000000004;0.000398336;0.00033894400000000004;0.000415744;0.0005877759999999999;0.000576512;0.000603136;0.000510976;0.000371712;0.00030617599999999996;0.000345088;0.000335872;0.00019456;0.000229376;0.000195584;0.00010137599999999999;0.000134144;0.000180224;0.00023961599999999998;0.00018944;0.000144384;0.000137216;7.68e-05;0.000105472;0.000100352;8.192e-05;8.0896e-05;8.9088e-05;0.000100352;7.9872e-05;4.6080000000000006e-05;6.144000000000001e-05;5.9392e-05;6.0416e-05;5.0176e-05;4.1984e-05;3.6864000000000005e-05;5.1200000000000004e-05;4.4032e-05
1788232500,hdr,0.0293;0.03906;0.04883;0.05859;0.06836;0.07813;0.08789;0.09766;0.10742;0.11719;0.12695;0.13672;0.14648;0.15625;0.16602;0.17578;0.18555;0.19531;0.20508;0.21484;0.22461;0.23438;0.24414;0.25391;0.26367;0.27344;0.2832;0.29297;0.30273;0.3125;0.32227;0.33203;0.3418;0.35156;0.36133;0.37109;0.38086;0.39063;0.40039;0.41016;0.41992;0.42969;0.43945;0.44922;0.45898;0.46875;0.47852;0.48828;0.49805;0.50781;0.51758;0.52734;0.53711;0.54688;0.55664;0.56641;0.57617;0.58594;0.5957;0.60547;0.61523;0.625;0.63477;0.64453;0.6543;0.66406;0.67383;0.68359;0.69336;0.70313;0.71289;0.72266;0.73242;0.74219;0.75195;0.76172;0.77148;0.78125;0.79102,0.0023265280000000004;0.0033105920000000002;0.0024299520000000004;0.0018687999999999999;0.002768896;0.004842496;0.005321728;0.010738688;0.011223039999999998;0.009367552;0.007645184;0.007591936;0.004551680000000001;0.004692992;0.004429824;0.0038410239999999997;0.003002368;0.004978688;0.005853183999999999;0.0045895680000000005;0.002172928;0.0017459199999999998;0.0012912639999999999;0.001186816;0.00129024;0.00131072;0.0011919360000000002;0.0011509760000000002;0.001133568;0.000802816;0.0010465279999999997;0.001330176;0.000897024;0.000908288;0.001035264;0.000661504;0.0007116799999999999;0.0006000640000000001;0.000485376;0.00029081600000000006;0.000515072;0.0005734399999999999;0.000420864;0.000313344;0.00028671999999999997;0.00026521600000000003;0.000284672;0.00019968;0.000264192;0.00043724800000000005;0.00023961599999999998;0.00027033600000000004;0.00028774400000000004;0.000218112;0.000196608;0.00022528;0.000167936;9.5232e-05;0.00014335999999999998;0.000191488;0.00012288000000000002;8.192e-05;5.5296e-05;5.7344e-05;8.192e-05;7.782399999999999e-05;4.8128e-05;4.8128e-05;5.222399999999999e-05;3.3792000000000004e-05;5.632e-05;6.4512e-05;4.9152e-05;5.222399999999999e-05;4.9152e-05;5.9392e-05;3.9936e-05;2.7648e-05;3.5839999999999996e-05
1788233400,hdr,0.0293;0.03906;0.04883;0.05859;0.06836;0.07813;0.08789;0.09766;0.10742;0.11719;0.12695;0.13672;0.14648;0.15625;0.16602;0.17578;0.18555;0.19531;0.20508;0.21484;0.22461;0.23438;0.24414;0.25391;0.26367;0.27344;0.2832;0.29297;0.30273;0.3125;0.32227;0.33203;0.3418;0.35156;0.36133;0.37109;0.38086;0.39063;0.40039;0.41016;0.41992;0.42969;0.43945;0.44922;0.45898;0.46875;0.47852;0.48828;0.49805;0.50781;0.51758;0.52734;0.53711;0.54688;0.55664;0.56641;0.57617;0.58594;0.5957;0.60547;0.61523;0.625;0.63477;0.64453;0.6543;0.66406;0.67383;0.68359;0.69336;0.70313;0.71289;0.72266;0.73242;0.74219;0.75195;0.76172;0.77148;0.78125;0.79102,0.002159616;0.0026071040000000003;0.0017807360000000002;0.00049664;0.00246784;0.004408319999999999;0.002921472;0.00532992;0.010678271999999999;0.009141248;0.007660544;0.006721536;0.005001216;0.002238464;0.0027156479999999998;0.002260992;0.0025937919999999997;0.0028190719999999997;0.003064832;0.002043904;0.001800192;0.002067456;0.001989632;0.0016988160000000001;0.0022568959999999996;0.0013393919999999998;0.0008765439999999999;0.0011007999999999999;0.0017192959999999997;0.001396736;0.0006993920000000001;0.000753664;0.0008704;0.000965632;0.0006840319999999999;0.001345536;0.000863232;0.000529408;0.000485376;0.000388096;0.000510976;0.000448512;0.00041676800000000003;0.000485376;0.000398336;0.000326656;0.000289792;0.000280576;0.000318464;0.000316416;0.000376832;0.00028671999999999997;0.00038912;0.000217088;0.00018534400000000002;0.000200704;0.000137216;0.000137216;0.000164864;0.000169984;0.00014540800000000003;8.704000000000001e-05;6.8608e-05;9.5232e-05;0.000113664;8.6016e-05;6.3488e-05;6.144000000000001e-05;6.9632e-05;7.5776e-05;7.0656e-05;5.3247999999999996e-05;3.6864000000000005e-05;3.7888e-05;3.2768e-05;4.1984e-05;4.9152e-05;4.9152e-05;5.0176e-05
1788234300,hdr,0.0293;0.03906;0.04883;0.05859;0.06836;0.07813;0.08789;0.09766;0.10742;0.11719;0.12695;0.13672;0.14648;0.15625;0.16602;0.17578;0.18555;0.19531;0.20508;0.21484;0.22461;0.23438;0.24414;0.25391;0.26367;0.27344;0.2832;0.29297;0.30273;0.3125;0.32227;0.33203;0.3418;0.35156;0.36133;0.37109;0.38086;0.39063;0.40039;0.41016;0.41992;0.42969;0.43945;0.44922;0.45898;0.46875;0.47852;0.48828;0.49805;0.50781;0.51758;0.52734;0.53711;0.54688;0.55664;0.56641;0.57617;0.58594;0.5957;0.60547;0.61523;0.625;0.63477;0.64453;0.6543;0.66406;0.67383;0.68359;0.69336;0.70313;0.71289;0.72266;0.73242;0.74219;0.75195;0.76172;0.77148;0.78125;0.79102,0.00014335999999999998;0.000809984;0.0025579519999999996;0.0011212799999999999;0.001605632;0.003955712;0.004946944;0.00382464;0.007441408;0.009360384;0.006900736;0.005408768;0.005924864;0.005660671999999999;0.004775936;0.003154944;0.002961408;0.0031488;0.0027740160000000002;0.0030464;0.0031232000000000005;0.0020838399999999996;0.001580032;0.001325056;0.0012605440000000002;0.00118784;0.001027072;0.0010127360000000002;0.001189888;0.0010373119999999999;0.001091584;0.001035264;0.0008325120000000001;0.0006778880000000001;0.00061952;0.0008447999999999999;0.0005918719999999999;0.00041676800000000003;0.000466944;0.000468992;0.000539648;0.00044646400000000004;0.000641024;0.0006830079999999999;0.00035328;0.000387072;0.000313344;0.000331776;0.000421888;0.000420864;0.000325632;0.00023142399999999999;0.00041062399999999995;0.000406528;0.000244736;0.000226304;0.00024576000000000003;0.00021401600000000003;0.00014950399999999998;0.000131072;0.00010240000000000001;0.00011980799999999999;7.8848e-05;6.2464e-05;7.5776e-05;8.9088e-05;0.00010444799999999999;8.0896e-05;0.000100352;9.4208e-05;7.270400000000001e-05;7.167999999999999e-05;5.3247999999999996e-05;3.8911999999999996e-05;3.0720000000000004e-05;4.096e-05;3.8911999999999996e-05;4.096e-05;3.1744e-05
1788235200,hdr,0.0293;0.03906;0.04883;0.05859;0.06836;0.07813;0.08789;0.09766;0.10742;0.11719;0.12695;0.13672;0.14648;0.15625;0.16602;0.17578;0.18555;0.19531;0.20508;0.21484;0.22461;0.23438;0.24414;0.25391;0.26367;0.27344;0.2832;0.29297;0.30273;0.3125;0.32227;0.33203;0.3418;0.35156;0.36133;0.37109;0.38086;0.39063;0.40039;0.41016;0.41992;0.42969;0.43945;0.44922;0.45898;0.46875;0.47852;0.48828;0.49805;0.50781;0.51758;0.52734;0.53711;0.54688;0.55664;0.56641;0.57617;0.58594;0.5957;0.60547;0.61523;0.625;0.63477;0.64453;0.6543;0.66406;0.67383;0.68359;0.69336;0.70313;0.71289;0.72266;0.73242;0.74219;0.75195;0.76172;0.77148;0.78125;0.79102,0.0011264;0.00169984;0.001000448;0.0005713920000000001;0.0015103999999999999;0.004702207999999999;0.007356416;0.004842496;0.006250496;0.01068032;0.0066488319999999995;0.005848064;0.006134784;0.0064256;0.0036280320000000002;0.003757056;0.004688896;0.004898815999999999;0.005323776;0.006027264;0.002637824;0.00207872;0.0015953919999999997;0.00139776;0.001092608;0.0016250880000000002;0.0015769599999999999;0.000913408;0.0010956800000000001;0.001043456;0.0009830400000000001;0.0009318400000000001;0.000796672;0.0009973760000000001;0.00052224;0.000567296;0.000687104;0.0006225919999999999;0.0005478400000000001;0.00065536;0.000499712;0.0004956159999999999;0.000569344;0.000594944;0.000360448;0.00029388799999999996;0.000324608;0.000525312;0.00033689599999999994;0.00031129599999999997;0.00043724800000000005;0.000323584;0.00020889599999999997;0.00023142399999999999;0.000226304;0.000224256;0.00014643200000000002;0.00012288000000000002;0.0001536;0.000175104;0.000159744;0.00016691200000000002;0.00015462400000000002;0.000110592;8.2944e-05;7.475199999999999e-05;5.3247999999999996e-05;7.68e-05;6.144000000000001e-05;6.4512e-05;5.8368e-05;4.096e-05;6.0416e-05;4.9152e-05;3.9936e-05;5.4272e-05;5.8368e-05;3.4816e-05;2.7648e-05
1788236100,hdr,0.0293;0.03906;0.04883;0.05859;0.06836;0.07813;0.08789;0.09766;0.10742;0.11719;0.12695;0.13672;0.14648;0.15625;0.16602;0.17578;0.18555;0.19531;0.20508;0.21484;0.22461;0.23438;0.24414;0.25391;0.26367;0.27344;0.2832;0.29297;0.30273;0.3125;0.32227;0.33203;0.3418;0.35156;0.36133;0.37109;0.38086;0.39063;0.40039;0.41016;0.41992;0.42969;0.43945;0.44922;0.45898;0.46875;0.47852;0.48828;0.49805;0.50781;0.51758;0.52734;0.53711;0.54688;0.55664;0.56641;0.57617;0.58594;0.5957;0.60547;0.61523;0.625;0.63477;0.64453;0.6543;0.66406;0.67383;0.68359;0.69336;0.70313;0.71289;0.72266;0.73242;0.74219;0.75195;0.76172;0.77148;0.78125;0.79102,0.0030781439999999997;0.007643136;0.007276544000000001;0.004544512;0.001878016;0.0043878400000000005;0.005950464;0.007250944;0.009137152;0.007647232;0.006497279999999999;0.005721088;0.005963776;0.004002816;0.003798016;0.002179072;0.0031969280000000004;0.002704384;0.004451328;0.002249728;0.001872896;0.0021452800000000003;0.002092032;0.0017408;0.00187904;0.0022947840000000002;0.001683456;0.001472512;0.001256448;0.0011417600000000001;0.001106944;0.0012083200000000001;0.001071104;0.00052736;0.000543744;0.0007772160000000001;0.000759808;0.000700416;0.0006574080000000001;0.00064;0.000550912;0.00048742400000000003;0.00047411199999999995;0.00054272;0.0005580800000000001;0.000545792;0.000514048;0.000679936;0.0005713920000000001;0.000418816;0.000385024;0.000371712;0.000375808;0.00023142399999999999;0.000162816;0.000249856;0.00027136;0.00020377600000000002;0.00030105599999999996;0.00021504000000000003;0.000126976;0.00014745600000000002;0.00018944;0.00019456;0.000114688;8.4992e-05;0.00011571199999999999;8.2944e-05;0.00010444799999999999;9.4208e-05;7.475199999999999e-05;0.000124928;0.000114688;8.0896e-05;8.3968e-05;7.372800000000001e-05;6.4512e-05;6.4512e-05;5.8368e-05
1788237000,hdr,0.0293;0.03906;0.04883;0.05859;0.06836;0.07813;0.08789;0.09766;0.10742;0.11719;0.12695;0.13672;0.14648;0.15625;0.16602;0.17578;0.18555;0.19531;0.20508;0.21484;0.22461;0.23438;0.24414;0.25391;0.26367;0.27344;0.2832;0.29297;0.30273;0.3125;0.32227;0.33203;0.3418;0.35156;0.36133;0.37109;0.38086;0.39063;0.40039;0.41016;0.41992;0.42969;0.43945;0.44922;0.45898;0.46875;0.47852;0.48828;0.49805;0.50781;0.51758;0.52734;0.53711;0.54688;0.55664;0.56641;0.57617;0.58594;0.5957;0.60547;0.61523;0.625;0.63477;0.64453;0.6543;0.66406;0.67383;0.68359;0.69336;0.70313;0.71289;0.72266;0.73242;0.74219;0.75195;0.76172;0.77148;0.78125;0.79102,0.004499456;0.005755904;0.006820864;0.004511744000000001;0.004317184;0.00627712;0.003979264;0.005464063999999999;0.0055582719999999995;0.005221376;0.008045568;0.008093696;0.008150016000000001;0.005126144;0.002802688;0.003818496;0.0033884159999999996;0.00381952;0.0056555519999999995;0.0038000639999999997;0.0033208319999999997;0.003290112;0.0020756480000000002;0.0019189760000000002;0.001917952;0.002199552;0.002509824;0.0013864959999999999;0.0011151359999999999;0.0013004800000000001;0.000843776;0.000807936;0.000889856;0.00081408;0.000743424;0.0009431040000000001;0.0009984;0.000812032;0.0007557120000000001;0.000805888;0.000996352;0.000659456;0.000371712;0.000408576;0.00039423999999999997;0.00045056;0.0005683200000000001;0.00039628799999999996;0.000326656;0.000390144;0.000453632;0.000468992;0.000303104;0.00029900799999999997;0.00030924800000000003;0.00027136;0.000278528;0.00025497599999999997;0.00020992;8.4992e-05;0.00011571199999999999;0.000227328;0.000192512;0.00014745600000000002;0.000124928;9.0112e-05;0.000116736;0.00013311999999999997;0.00010444799999999999;7.167999999999999e-05;7.475199999999999e-05;6.3488e-05;9.3184e-05;6.758400000000001e-05;6.3488e-05;6.9632e-05;9.0112e-05;8.2944e-05;6.4512e-05
1788237900,hdr,0.0293;0.03906;0.04883;0.05859;0.06836;0.07813;0.08789;0.09766;0.10742;0.11719;0.12695;0.13672;0.14648;0.15625;0.16602;0.17578;0.18555;0.19531;0.20508;0.21484;0.22461;0.23438;0.24414;0.25391;0.26367;0.27344;0.2832;0.29297;0.30273;0.3125;0.32227;0.33203;0.3418;0.35156;0.36133;0.37109;0.38086;0.39063;0.40039;0.41016;0.41992;0.42969;0.43945;0.44922;0.45898;0.46875;0.47852;0.48828;0.49805;0.50781;0.51758;0.52734;0.53711;0.54688;0.55664;0.56641;0.57617;0.58594;0.5957;0.60547;0.61523;0.625;0.63477;0.64453;0.6543;0.66406;0.67383;0.68359;0.69336;0.70313;0.71289;0.72266;0.73242;0.74219;0.75195;0.76172;0.77148;0.78125;0.79102,0.0017326079999999998;0.0066437119999999995;0.005619712;9.932800000000001e-05;0.001601536;0.008527872;0.008143872;0.0049807359999999995;0.011916288;0.009285632;0.007130111999999999;0.007878656;0.005117952;0.003857408;0.004317184;0.004916224;0.003913728;0.002071552;0.0035072000000000002;0.00374784;0.002465792;0.0017090559999999998;0.002043904;0.001806336;0.00175104;0.0020398079999999997;0.001333248;0.0009984;0.001558528;0.001098752;0.000687104;0.0005959680000000001;0.000712704;0.000671744;0.0005724160000000001;0.001145856;0.001420288;0.00061952;0.000621568;0.00065536;0.000548864;0.0007352319999999999;0.000524288;0.00047820800000000004;0.0006840319999999999;0.000451584;0.000314368;0.00040755200000000004;0.000321536;0.000371712;0.000234496;0.00021401600000000003;0.00018124799999999998;0.00020275199999999997;0.00027648;0.00032256;0.00021504000000000003;0.00023552000000000002;0.000227328;0.00023654400000000002;0.000172032;0.000151552;0.000100352;0.000110592;0.00011776000000000001;0.00013824;0.00012390399999999998;0.000139264;0.000113664;0.000139264;0.00010649599999999999;9.728e-05;0.000113664;0.00011161600000000001;7.8848e-05;7.167999999999999e-05;8.0896e-05;0.00011161600000000001;6.3488e-05
1788238800,hdr,0.0293;0.03906;0.04883;0.05859;0.06836;0.07813;0.08789;0.09766;0.10742;0.11719;0.12695;0.13672;0.14648;0.15625;0.16602;0.17578;0.18555;0.19531;0.20508;0.21484;0.22461;0.23438;0.24414;0.25391;0.26367;0.27344;0.2832;0.29297;0.30273;0.3125;0.32227;0.33203;0.3418;0.35156;0.36133;0.37109;0.38086;0.39063;0.40039;0.41016;0.41992;0.42969;0.43945;0.44922;0.45898;0.46875;0.47852;0.48828;0.49805;0.50781;0.51758;0.52734;0.53711;0.54688;0.55664;0.56641;0.57617;0.58594;0.5957;0.60547;0.61523;0.625;0.63477;0.64453;0.6543;0.66406;0.67383;0.68359;0.69336;0.70313;0.71289;0.72266;0.73242;0.74219;0.75195;0.76172;0.77148;0.78125;0.79102,0.000894976;0.0015943679999999999;0.0018595839999999998;0.001769472;0.003203072;0.005141504;0.004829183999999999;0.003122176;0.0057047040000000005;0.004924416;0.004487168;0.006073344;0.00596992;0.0067184639999999995;0.00493056;0.003309568;0.002587648;0.0050800640000000005;0.00651264;0.004902912;0.0031539199999999997;0.001618944;0.001430528;0.0017489920000000002;0.00198144;0.002033664;0.001974272;0.002280448;0.0015226880000000001;0.0011264;0.0011243520000000001;0.0012052480000000001;0.0009574399999999999;0.000933888;0.001307648;0.001174528;0.0010649599999999998;0.00128512;0.0009830400000000001;0.0007249919999999999;0.0008202239999999999;0.000548864;0.0005744639999999999;0.000625664;0.000621568;0.000606208;0.000461824;0.0004986880000000001;0.000451584;0.00040755200000000004;0.000601088;0.000463872;0.000346112;0.000398336;0.00037888;0.000393216;0.000277504;0.000272384;0.00023552000000000002;0.00024576000000000003;0.00029081600000000006;0.000221184;0.000206848;0.00029081600000000006;0.00020480000000000002;0.00022528;0.000226304;0.00017408000000000001;0.00011980799999999999;0.000131072;0.000116736;0.000141312;0.00014950399999999998;0.000120832;0.00010444799999999999;9.6256e-05;9.5232e-05;8.4992e-05;9.932800000000001e-05
1788239700,hdr,0.0293;0.03906;0.04883;0.05859;0.06836;0.07813;0.08789;0.09766;0.10742;0.11719;0.12695;0.13672;0.14648;0.15625;0.16602;0.17578;0.18555;0.19531;0.20508;0.21484;0.22461;0.23438;0.24414;0.25391;0.26367;0.27344;0.2832;0.29297;0.30273;0.3125;0.32227;0.33203;0.3418;0.35156;0.36133;0.37109;0.38086;0.39063;0.40039;0.41016;0.41992;0.42969;0.43945;0.44922;0.45898;0.46875;0.47852;0.48828;0.49805;0.50781;0.51758;0.52734;0.53711;0.54688;0.55664;0.56641;0.57617;0.58594;0.5957;0.60547;0.61523;0.625;0.63477;0.64453;0.6543;0.66406;0.67383;0.68359;0.69336;0.70313;0.71289;0.72266;0.73242;0.74219;0.75195;0.76172;0.77148;0.78125;0.79102,0.001210368;0.0015063040000000002;0.003428352;0.000828416;0.0019496960000000001;0.00628736;0.006503424;0.00338944;0.005370879999999999;0.00628736;0.004307968;0.00510976;0.008146944;0.0048384;0.0028999679999999997;0.0035481600000000003;0.0040642560000000005;0.002920448;0.002302976;0.002532352;0.002358272;0.001924096;0.00204288;0.001558528;0.001654784;0.0017674240000000003;0.0012195840000000001;0.000951296;0.001113088;0.001232896;0.000789504;0.001009664;0.00080384;0.0009543679999999999;0.001040384;0.000781312;0.0006041600000000001;0.00040755200000000004;0.000442368;0.0007393279999999999;0.000899072;0.000893952;0.00062976;0.000663552;0.0005099519999999999;0.0005601279999999999;0.00041779199999999995;0.000280576;0.000393216;0.000418816;0.00036966399999999996;0.000538624;0.000408576;0.000344064;0.00021299199999999998;0.000191488;0.00028671999999999997;0.000324608;0.000244736;0.000172032;0.00023552000000000002;0.00025497599999999997;0.000195584;0.000205824;0.00018739199999999998;0.000207872;0.0001792;0.00014950399999999998;0.00010240000000000001;9.8304e-05;8.704000000000001e-05;8.3968e-05;9.932800000000001e-05;6.0416e-05;6.758400000000001e-05;0.00010240000000000001;9.728e-05;8.8064e-05;8.704000000000001e-05
1788240600,hdr,0.0293;0.03906;0.04883;0.05859;0.06836;0.07813;0.08789;0.09766;0.10742;0.11719;0.12695;0.13672;0.14648;0.15625;0.16602;0.17578;0.18555;0.19531;0.20508;0.21484;0.22461;0.23438;0.24414;0.25391;0.26367;0.27344;0.2832;0.29297;0.30273;0.3125;0.32227;0.33203;0.3418;0.35156;0.36133;0.37109;0.38086;0.39063;0.40039;0.41016;0.41992;0.42969;0.43945;0.44922;0.45898;0.46875;0.47852;0.48828;0.49805;0.50781;0.51758;0.52734;0.53711;0.54688;0.55664;0.56641;0.57617;0.58594;0.5957;0.60547;0.61523;0.625;0.63477;0.64453;0.6543;0.66406;0.67383;0.68359;0.69336;0.70313;0.71289;0.72266;0.73242;0.74219;0.75195;0.76172;0.77148;0.78125;0.79102,6.655999999999999e-05;0.0005416959999999999;0.0011755519999999998;0.000567296;0.001168384;0.002806784;0.002579456;0.00352256;0.005041152;0.006144;0.004738048;0.005356544;0.0055296;0.005991424;0.005030912;0.002845696;0.0035932159999999998;0.003781632;0.004033536;0.0031979519999999996;0.002640896;0.003721216;0.002587648;0.002553856;0.002553856;0.0021370879999999997;0.001384448;0.000909312;0.0011796480000000002;0.001532928;0.001000448;0.001296384;0.0015534079999999998;0.001102848;0.000753664;0.000817152;0.000692224;0.00074752;0.000924672;0.00077312;0.000504832;0.000504832;0.000801792;0.0010178560000000001;0.000899072;0.000630784;0.000513024;0.0005099519999999999;0.000357376;0.00043315199999999996;0.00067584;0.00047104000000000004;0.00021913599999999998;0.000169984;0.000352256;0.000356352;0.00024063999999999997;0.00014643200000000002;0.00013824;0.00013516800000000002;0.000159744;0.00021299199999999998;0.00027033600000000004;0.00037478399999999997;0.00036864000000000005;0.00021913599999999998;0.000237568;0.00020889599999999997;0.00013516800000000002;9.4208e-05;0.000118784;0.000124928;0.000113664;7.8848e-05;8.9088e-05;8.2944e-05;7.9872e-05;6.4512e-05;5.222399999999999e-05
1788241500,hdr,0.0293;0.03906;0.04883;0.05859;0.06836;0.07813;0.08789;0.09766;0.10742;0.11719;0.12695;0.13672;0.14648;0.15625;0.16602;0.17578;0.18555;0.19531;0.20508;0.21484;0.22461;0.23438;0.24414;0.25391;0.26367;0.27344;0.2832;0.29297;0.30273;0.3125;0.32227;0.33203;0.3418;0.35156;0.36133;0.37109;0.38086;0.39063;0.40039;0.41016;0.41992;0.42969;0.43945;0.44922;0.45898;0.46875;0.47852;0.48828;0.49805;0.50781;0.51758;0.52734;0.53711;0.54688;0.55664;0.56641;0.57617;0.58594;0.5957;0.60547;0.61523;0.625;0.63477;0.64453;0.6543;0.66406;0.67383;0.68359;0.69336;0.70313;0.71289;0.72266;0.73242;0.74219;0.75195;0.76172;0.77148;0.78125;0.79102,0.0008744960000000001;0.00208896;0.00064512;1.9455999999999998e-05;0.000259072;0.001138688;0.000918528;0.002331648;0.004007936;0.004880384;0.006925312;0.009949184000000002;0.007617536;0.006662143999999999;0.004220928;0.001681408;0.002921472;0.002844672;0.0028917760000000004;0.004566016000000001;0.001866752;0.0024330239999999998;0.00170496;0.0012032;0.00118784;0.001605632;0.00169472;0.00210944;0.00193536;0.0018483199999999999;0.001537024;0.00123904;0.00077312;0.00067584;0.000831488;0.000893952;0.000400384;0.0005478400000000001;0.0006696959999999999;0.0007075839999999999;0.00068608;0.00047308800000000003;0.000390144;0.000497664;0.000411648;0.000666624;0.00046284799999999997;0.000466944;0.000607232;0.000484352;0.00047104000000000004;0.000330752;0.000289792;0.00028774400000000004;0.00033689599999999994;0.000323584;0.000330752;0.000360448;0.000385024;0.000412672;0.00022323200000000002;0.00027648;0.00029081600000000006;0.000196608;0.000178176;0.00018227199999999998;0.0001792;0.000141312;0.00013516800000000002;0.00013824;0.000128;0.000100352;0.00013311999999999997;0.000162816;0.000144384;7.68e-05;9.932800000000001e-05;0.00013516800000000002;0.000134144
1788242400,hdr,0.0293;0.03906;0.04883;0.05859;0.06836;0.07813;0.08789;0.09766;0.10742;0.11719;0.12695;0.13672;0.14648;0.15625;0.16602;0.17578;0.18555;0.19531;0.20508;0.21484;0.22461;0.23438;0.24414;0.25391;0.26367;0.27344;0.2832;0.29297;0.30273;0.3125;0.32227;0.33203;0.3418;0.35156;0.36133;0.37109;0.38086;0.39063;0.40039;0.41016;0.41992;0.42969;0.43945;0.44922;0.45898;0.46875;0.47852;0.48828;0.49805;0.50781;0.51758;0.52734;0.53711;0.54688;0.55664;0.56641;0.57617;0.58594;0.5957;0.60547;0.61523;0.625;0.63477;0.64453;0.6543;0.66406;0.67383;0.68359;0.69336;0.70313;0.71289;0.72266;0.73242;0.74219;0.75195;0.76172;0.77148;0.78125;0.79102,0.0013506560000000002;0.002770944;0.000782336;5.1200000000000004e-05;0.00073216;0.001422336;0.0019169279999999998;0.001891328;0.0030464;0.003145728;0.003694592;0.003714048;0.0038082560000000003;0.004364288000000001;0.004757504;0.003084288;0.001837056;0.003393536;0.002592768;0.003815424;0.0048711679999999995;0.0030412800000000004;0.001686528;0.0011960319999999999;0.001477632;0.0018698239999999997;0.0023111679999999997;0.002486272;0.00190976;0.0012687360000000001;0.001504256;0.0014151679999999999;0.001600512;0.000776192;0.0004915200000000001;0.000647168;0.000871424;0.001028096;0.000840704;0.000666624;0.0005898240000000001;0.00037376;0.000493568;0.00067584;0.000579584;0.00047616000000000005;0.000662528;0.000661504;0.0004352;0.00029491200000000004;0.000258048;0.000429056;0.000395264;0.000551936;0.000451584;0.00031744;0.00022528;0.00017715200000000003;0.000326656;0.00035328;0.00025497599999999997;0.000162816;0.000283648;0.00029696;0.000186368;0.00011264;0.00013824;0.00015872;0.000139264;0.000191488;0.000157696;0.00016384;8.8064e-05;0.000116736;7.8848e-05;6.758400000000001e-05;7.0656e-05;4.9152e-05;7.475199999999999e-05
1788243300,hdr,0.0293;0.03906;0.04883;0.05859;0.06836;0.07813;0.08789;0.09766;0.10742;0.11719;0.12695;0.13672;0.14648;0.15625;0.16602;0.17578;0.18555;0.19531;0.20508;0.21484;0.22461;0.23438;0.24414;0.25391;0.26367;0.27344;0.2832;0.29297;0.30273;0.3125;0.32227;0.33203;0.3418;0.35156;0.36133;0.37109;0.38086;0.39063;0.40039;0.41016;0.41992;0.42969;0.43945;0.44922;0.45898;0.46875;0.47852;0.48828;0.49805;0.50781;0.51758;0.52734;0.53711;0.54688;0.55664;0.56641;0.57617;0.58594;0.5957;0.60547;0.61523;0.625;0.63477;0.64453;0.6543;0.66406;0.67383;0.68359;0.69336;0.70313;0.71289;0.72266;0.73242;0.74219;0.75195;0.76172;0.77148;0.78125;0.79102,0.0009625599999999999;0.0021872639999999995;0.001944576;0.000427008;0.00029900799999999997;0.0015103999999999999;0.0025036800000000003;0.003076096;0.004257792000000001;0.005764096000000001;0.006077440000000001;0.004739072;0.004913152;0.007149568;0.0049602560000000006;0.00377344;0.002587648;0.002432;0.004224;0.004348928;0.002967552;0.0024494079999999997;0.0013219840000000002;0.0020244480000000003;0.002864128;0.003198976;0.0020172799999999998;0.0009564160000000001;0.0014233599999999998;0.001152;0.001154048;0.000949248;0.0008591359999999999;0.0010608640000000001;0.001293312;0.0010199039999999999;0.000771072;0.00072704;0.00047411199999999995;0.000561152;0.0005683200000000001;0.000534528;0.00044646400000000004;0.000516096;0.000489472;0.00048639999999999995;0.0005857280000000001;0.000623616;0.0007249919999999999;0.00039936;0.000503808;0.0005724160000000001;0.00035430400000000006;0.00029696;0.000308224;0.00033792;0.000380928;0.000436224;0.000352256;0.000339968;0.000303104;0.00023654400000000002;0.000325632;0.000257024;0.00018432000000000002;0.000164864;0.000272384;0.000257024;0.00014335999999999998;0.000125952;0.000130048;9.728e-05;0.000100352;0.00020172799999999998;0.000114688;0.00010752000000000001;0.00012390399999999998;8.9088e-05;9.0112e-05
1788244200,hdr,0.0293;0.03906;0.04883;0.05859;0.06836;0.07813;0.08789;0.09766;0.10742;0.11719;0.12695;0.13672;0.14648;0.15625;0.16602;0.17578;0.18555;0.19531;0.20508;0.21484;0.22461;0.23438;0.24414;0.25391;0.26367;0.27344;0.2832;0.29297;0.30273;0.3125;0.32227;0.33203;0.3418;0.35156;0.36133;0.37109;0.38086;0.39063;0.40039;0.41016;0.41992;0.42969;0.43945;0.44922;0.45898;0.46875;0.47852;0.48828;0.49805;0.50781;0.51758;0.52734;0.53711;0.54688;0.55664;0.56641;0.57617;0.58594;0.5957;0.60547;0.61523;0.625;0.63477;0.64453;0.6543;0.66406;0.67383;0.68359;0.69336;0.70313;0.71289;0.72266;0.73242;0.74219;0.75195;0.76172;0.77148;0.78125;0.79102,0.004470783999999999;0.0044748800000000005;0.00215552;0.0050524160000000005;0.002475008;0.011476991999999998;0.010585088000000001;0.003926016;0.006513664000000001;0.008632319999999999;0.007977984;0.008288256;0.007202816000000001;0.006172672000000001;0.006528;0.004545536;0.0025210880000000003;0.002967552;0.00290304;0.003319808;0.0059514880000000004;0.006724608;0.005936128;0.003069952;0.0014745600000000002;0.00118784;0.001400832;0.001796096;0.0016711679999999998;0.001860608;0.0013035520000000001;0.0016445440000000002;0.001388544;0.000933888;0.0009287680000000001;0.0013342719999999998;0.0011970559999999997;0.001021952;0.000536576;0.0006891520000000001;0.0007833599999999999;0.0005724160000000001;0.0006184960000000001;0.0004956159999999999;0.000360448;0.000347136;0.00034304;0.000497664;0.0007423999999999999;0.0005744639999999999;0.000429056;0.000493568;0.000539648;0.00047820800000000004;0.00039628799999999996;0.00042496;0.000352256;0.00023552000000000002;0.00025497599999999997;0.000180224;0.000221184;0.000233472;0.000228352;0.00029286400000000005;0.000205824;0.000152576;0.000190464;0.00020377600000000002;0.000180224;0.000192512;0.000218112;0.00020889599999999997;0.00012185600000000001;0.00011264;7.0656e-05;0.000108544;8.4992e-05;7.270400000000001e-05;0.000103424
1788245100,hdr,0.0293;0.03906;0.04883;0.05859;0.06836;0.07813;0.08789;0.09766;0.10742;0.11719;0.12695;0.13672;0.14648;0.15625;0.16602;0.17578;0.18555;0.19531;0.20508;0.21484;0.22461;0.23438;0.24414;0.25391;0.26367;0.27344;0.2832;0.29297;0.30273;0.3125;0.32227;0.33203;0.3418;0.35156;0.36133;0.37109;0.38086;0.39063;0.40039;0.41016;0.41992;0.42969;0.43945;0.44922;0.45898;0.46875;0.47852;0.48828;0.49805;0.50781;0.51758;0.52734;0.53711;0.54688;0.55664;0.56641;0.57617;0.58594;0.5957;0.60547;0.61523;0.625;0.63477;0.64453;0.6543;0.66406;0.67383;0.68359;0.69336;0.70313;0.71289;0.72266;0.73242;0.74219;0.75195;0.76172;0.77148;0.78125;0.79102,0.006208511999999999;0.010262528;0.007248896;0.008478719999999999;0.007643136;0.0018995200000000002;0.001927168;0.004992;0.007227392;0.007406592;0.0056801279999999996;0.0057722879999999996;0.006926336;0.008298495999999999;0.007389184;0.005387264;0.003318784;0.0029716480000000003;0.002929664;0.004663296;0.005152768;0.003508224;0.002700288;0.002081792;0.002130944;0.001649664;0.0011632640000000002;0.001373184;0.0009584639999999999;0.00125952;0.001296384;0.0012113920000000002;0.001021952;0.001055744;0.000771072;0.001404928;0.0010803199999999998;0.0007219199999999999;0.000630784;0.0008663039999999999;0.00093696;0.000401408;0.000497664;0.000432128;0.000395264;0.0006604799999999999;0.001009664;0.0007772160000000001;0.0005918719999999999;0.0005703679999999999;0.00046592000000000004;0.000371712;0.000447488;0.00039628799999999996;0.00040345599999999995;0.000320512;0.000347136;0.000268288;0.000280576;0.00023142399999999999;0.00024371200000000001;0.00020377600000000002;0.00027136;0.00027033600000000004;0.000249856;0.00015462400000000002;0.000216064;0.000207872;0.00015564799999999998;0.000162816;0.00015564799999999998;0.000128;0.000110592;0.00010240000000000001;0.000103424;9.6256e-05;0.000136192;9.113599999999999e-05;6.758400000000001e-05
1788246000,hdr,0.0293;0.03906;0.04883;0.05859;0.06836;0.07813;0.08789;0.09766;0.10742;0.11719;0.12695;0.13672;0.14648;0.15625;0.16602;0.17578;0.18555;0.19531;0.20508;0.21484;0.22461;0.23438;0.24414;0.25391;0.26367;0.27344;0.2832;0.29297;0.30273;0.3125;0.32227;0.33203;0.3418;0.35156;0.36133;0.37109;0.38086;0.39063;0.40039;0.41016;0.41992;0.42969;0.43945;0.44922;0.45898;0.46875;0.47852;0.48828;0.49805;0.50781;0.51758;0.52734;0.53711;0.54688;0.55664;0.56641;0.57617;0.58594;0.5957;0.60547;0.61523;0.625;0.63477;0.64453;0.6543;0.66406;0.67383;0.68359;0.69336;0.70313;0.71289;0.72266;0.73242;0.74219;0.75195;0.76172;0.77148;0.78125;0.79102,0.002962432;0.00410112;0.003378176;0.003318784;0.002403328;0.004291584000000001;0.006632448;0.007230464;0.006618112;0.0056227840000000005;0.0045772799999999995;0.007873536;0.008340479999999999;0.005848064;0.004598784000000001;0.005100544;0.005008384;0.0036085759999999996;0.00354304;0.004718592000000001;0.003105792;0.002737152;0.003047424;0.002618368;0.0019947520000000002;0.001670144;0.0017889280000000002;0.001306624;0.001442816;0.001707008;0.001416192;0.0011601919999999998;0.00123392;0.000941056;0.000867328;0.0014110720000000002;0.0011601919999999998;0.000743424;0.000543744;0.000922624;0.000937984;0.0007352319999999999;0.000905216;0.000748544;0.0007495679999999999;0.00059904;0.000679936;0.00063488;0.00041062399999999995;0.0004915200000000001;0.000384;0.000346112;0.000318464;0.00040755200000000004;0.00035942400000000006;0.000262144;0.000350208;0.00041676800000000003;0.00036966399999999996;0.00030617599999999996;0.00024371200000000001;0.00021504000000000003;0.000180224;0.000211968;0.00017408000000000001;0.00024063999999999997;0.00023142399999999999;0.00019456;0.000162816;0.000137216;0.000131072;0.00014540800000000003;0.00017408000000000001;0.000160768;0.000124928;0.000129024;0.000129024;8.2944e-05;8.192e-05
1788246900,hdr,0.0293;0.03906;0.04883;0.05859;0.06836;0.07813;0.08789;0.09766;0.10742;0.11719;0.12695;0.13672;0.14648;0.15625;0.16602;0.17578;0.18555;0.19531;0.20508;0.21484;0.22461;0.23438;0.24414;0.25391;0.26367;0.27344;0.2832;0.29297;0.30273;0.3125;0.32227;0.33203;0.3418;0.35156;0.36133;0.37109;0.38086;0.39063;0.40039;0.41016;0.41992;0.42969;0.43945;0.44922;0.45898;0.46875;0.47852;0.48828;0.49805;0.50781;0.51758;0.52734;0.53711;0.54688;0.55664;0.56641;0.57617;0.58594;0.5957;0.60547;0.61523;0.625;0.63477;0.64453;0.6543;0.66406;0.67383;0.68359;0.69336;0.70313;0.71289;0.72266;0.73242;0.74219;0.75195;0.76172;0.77148;0.78125;0.79102,0.001206272;0.0008744960000000001;0.001325056;0.001862656;0.00315904;0.0072785919999999995;0.009302016;0.005292032;0.004225024;0.00431104;0.003765248;0.008566784;0.007779327999999999;0.005664768;0.0034652159999999997;0.005071872000000001;0.004639744;0.003072;0.0030904319999999997;0.0027658239999999996;0.003378176;0.004092928;0.004158464;0.003390464;0.0018964479999999998;0.0013752319999999999;0.00180736;0.0017397760000000002;0.00149504;0.0014499839999999999;0.001164288;0.001036288;0.0009943039999999999;0.0012441599999999998;0.00111104;0.001432576;0.00134144;0.001232896;0.000891904;0.0006041600000000001;0.000965632;0.000720896;0.000702464;0.000805888;0.0005888;0.00047206399999999996;0.000513024;0.000601088;0.000549888;0.000382976;0.00034099200000000003;0.000330752;0.000279552;0.00029696;0.000329728;0.00040960000000000004;0.00029286400000000005;0.00020480000000000002;0.00028774400000000004;0.000323584;0.00018739199999999998;0.000210944;0.00021299199999999998;0.00014950399999999998;0.000137216;0.00013311999999999997;0.000129024;0.000125952;0.00012288000000000002;0.00013311999999999997;0.00012288000000000002;0.000136192;0.00015052799999999998;9.216000000000001e-05;8.9088e-05;0.0001792;0.00019968;0.000100352;9.932800000000001e-05
1788247800,hdr,0.0293;0.03906;0.04883;0.05859;0.06836;0.07813;0.08789;0.09766;0.10742;0.11719;0.12695;0.13672;0.14648;0.15625;0.16602;0.17578;0.18555;0.19531;0.20508;0.21484;0.22461;0.23438;0.24414;0.25391;0.26367;0.27344;0.2832;0.29297;0.30273;0.3125;0.32227;0.33203;0.3418;0.35156;0.36133;0.37109;0.38086;0.39063;0.40039;0.41016;0.41992;0.42969;0.43945;0.44922;0.45898;0.46875;0.47852;0.48828;0.49805;0.50781;0.51758;0.52734;0.53711;0.54688;0.55664;0.56641;0.57617;0.58594;0.5957;0.60547;0.61523;0.625;0.63477;0.64453;0.6543;0.66406;0.67383;0.68359;0.69336;0.70313;0.71289;0.72266;0.73242;0.74219;0.75195;0.76172;0.77148;0.78125;0.79102,0.002169856;0.004961280000000001;0.005872639999999999;0.004978688;0.002746368;0.004941824000000001;0.005479424;0.00489472;0.0050677759999999995;0.006102016;0.004665344;0.004568063999999999;0.00410112;0.004605952;0.004089856;0.004185088000000001;0.004964352;0.003820544;0.00377344;0.004570112;0.0049879040000000005;0.003079168;0.0023357440000000003;0.0032440319999999996;0.002542592;0.001890304;0.0016179200000000001;0.0029009920000000002;0.003021824;0.0020592640000000003;0.000909312;0.001580032;0.0015114240000000001;0.001189888;0.0011284479999999998;0.001277952;0.001147904;0.0009984;0.0010833919999999999;0.0010833919999999999;0.000840704;0.0008151040000000001;0.0006184960000000001;0.000525312;0.000809984;0.0006891520000000001;0.000884736;0.000566272;0.000444416;0.000352256;0.000258048;0.000210944;0.000339968;0.000282624;0.000249856;0.000289792;0.000256;0.00033484799999999995;0.000371712;0.00033382400000000003;0.000284672;0.00016896;0.000305152;0.000375808;0.00039219200000000003;0.00027648;0.00032870400000000003;0.00029491200000000004;0.000381952;0.000284672;0.00037478399999999997;0.0006277120000000001;0.00036966399999999996;0.00039219200000000003;0.000565248;0.000375808;0.000269312;0.00041062399999999995;0.000305152
1788248700,hdr,0.0293;0.03906;0.04883;0.05859;0.06836;0.07813;0.08789;0.09766;0.10742;0.11719;0.12695;0.13672;0.14648;0.15625;0.16602;0.17578;0.18555;0.19531;0.20508;0.21484;0.22461;0.23438;0.24414;0.25391;0.26367;0.27344;0.2832;0.29297;0.30273;0.3125;0.32227;0.33203;0.3418;0.35156;0.36133;0.37109;0.38086;0.39063;0.40039;0.41016;0.41992;0.42969;0.43945;0.44922;0.45898;0.46875;0.47852;0.48828;0.49805;0.50781;0.51758;0.52734;0.53711;0.54688;0.55664;0.56641;0.57617;0.58594;0.5957;0.60547;0.61523;0.625;0.63477;0.64453;0.6543;0.66406;0.67383;0.68359;0.69336;0.70313;0.71289;0.72266;0.73242;0.74219;0.75195;0.76172;0.77148;0.78125;0.79102,0.003130368;0.011364352000000001;0.011235328000000001;0.00504832;0.0022702079999999997;0.005046272;0.004653056000000001;0.004839424;0.006002688;0.004907008;0.003099648;0.00599552;0.009188352;0.008152063999999999;0.005347328;0.004803584;0.003508224;0.003145728;0.00288256;0.0035010560000000002;0.002833408;0.002307072;0.0020398079999999997;0.0021944319999999996;0.002169856;0.0020398079999999997;0.001829888;0.0027504639999999998;0.0025251839999999998;0.001114112;0.00108544;0.0011448320000000001;0.001645568;0.0015964160000000002;0.001887232;0.0013895679999999999;0.00090112;0.000779264;0.000656384;0.0006000640000000001;0.000365568;0.000347136;0.000504832;0.000489472;0.00034816000000000003;0.0006082559999999999;0.000611328;0.000381952;0.000210944;0.00030924800000000003;0.00031129599999999997;0.000385024;0.00040345599999999995;0.00032256;0.000196608;0.000140288;0.00024780799999999997;0.00029696;0.000252928;0.000183296;0.00029696;0.000429056;0.00029900799999999997;0.000188416;0.000206848;0.000319488;0.00039936;0.000559104;0.000786432;0.000758784;0.00062976;0.000513024;0.00035328;0.000388096;0.0007086080000000001;0.00082432;0.000548864;0.000641024;0.000412672
1788249600,hdr,0.0293;0.03906;0.04883;0.05859;0.06836;0.07813;0.08789;0.09766;0.10742;0.11719;0.12695;0.13672;0.14648;0.15625;0.16602;0.17578;0.18555;0.19531;0.20508;0.21484;0.22461;0.23438;0.24414;0.25391;0.26367;0.27344;0.2832;0.29297;0.30273;0.3125;0.32227;0.33203;0.3418;0.35156;0.36133;0.37109;0.38086;0.39063;0.40039;0.41016;0.41992;0.42969;0.43945;0.44922;0.45898;0.46875;0.47852;0.48828;0.49805;0.50781;0.51758;0.52734;0.53711;0.54688;0.55664;0.56641;0.57617;0.58594;0.5957;0.60547;0.61523;0.625;0.63477;0.64453;0.6543;0.66406;0.67383;0.68359;0.69336;0.70313;0.71289;0.72266;0.73242;0.74219;0.75195;0.76172;0.77148;0.78125;0.79102,0.0058316800000000005;0.006390784;0.0053667839999999994;0.003291136;0.004624384;0.011497472;0.013376512;0.008036352;0.005407744;0.005914623999999999;0.007389184;0.006505472;0.006098944;0.008927232;0.008978432;0.0055306240000000005;0.0033812479999999995;0.0038461439999999997;0.003080192;0.002787328;0.0041267199999999995;0.004113408;0.004793344;0.004327424;0.002637824;0.0037847040000000003;0.0023388159999999996;0.0021626880000000003;0.00190976;0.0019087359999999999;0.0014028799999999998;0.00155648;0.001086464;0.00111104;0.000927744;0.000813056;0.0011704320000000001;0.001086464;0.000879616;0.0008622079999999999;0.0008366080000000001;0.0007096320000000001;0.0008192000000000001;0.000882688;0.0008867839999999999;0.00049664;0.000269312;0.00026521600000000003;0.000439296;0.00051712;0.000325632;0.000384;0.00041676800000000003;0.00044646400000000004;0.000444416;0.000420864;0.000216064;0.00029696;0.000277504;0.00020275199999999997;0.000144384;0.000226304;0.000274432;0.00025497599999999997;0.000193536;0.000152576;0.000139264;0.000159744;0.000237568;0.00023654400000000002;0.00027340799999999994;0.000141312;0.000130048;0.00032768;0.000497664;0.000387072;0.00035430400000000006;0.000216064;0.000242688
1788250500,hdr,0.0293;0.03906;0.04883;0.05859;0.06836;0.07813;0.08789;0.09766;0.10742;0.11719;0.12695;0.13672;0.14648;0.15625;0.16602;0.17578;0.18555;0.19531;0.20508;0.21484;0.22461;0.23438;0.24414;0.25391;0.26367;0.27344;0.2832;0.29297;0.30273;0.3125;0.32227;0.33203;0.3418;0.35156;0.36133;0.37109;0.38086;0.39063;0.40039;0.41016;0.41992;0.42969;0.43945;0.44922;0.45898;0.46875;0.47852;0.48828;0.49805;0.50781;0.51758;0.52734;0.53711;0.54688;0.55664;0.56641;0.57617;0.58594;0.5957;0.60547;0.61523;0.625;0.63477;0.64453;0.6543;0.66406;0.67383;0.68359;0.69336;0.70313;0.71289;0.72266;0.73242;0.74219;0.75195;0.76172;0.77148;0.78125;0.79102,0.0015544320000000001;0.006034432;0.007702528;0.00371712;0.004946944;0.004143104;0.0016936960000000002;0.003909632;0.005705728;0.004242432;0.004936704;0.005835776;0.007627776;0.006674432000000001;0.00628736;0.004415488;0.003853312;0.004895744;0.0047615999999999995;0.0033208319999999997;0.003971072;0.005948416;0.0043407359999999996;0.00247296;0.0029655040000000003;0.001893376;0.001734656;0.001666048;0.001250304;0.001014784;0.0009943039999999999;0.0008089600000000001;0.000912384;0.000529408;0.00036454399999999996;0.000649216;0.000733184;0.0005888;0.000662528;0.000663552;0.0005847039999999999;0.000485376;0.000690176;0.00062976;0.00034099200000000003;0.000411648;0.000318464;0.00029286400000000005;0.00016691200000000002;0.00021401600000000003;0.000283648;0.00042496;0.0004986880000000001;0.000289792;0.000275456;0.0003328;0.000308224;0.00029183999999999997;0.00023859199999999998;0.000141312;0.000206848;0.000180224;0.000162816;0.000210944;0.00014643200000000002;0.00011264;0.00020172799999999998;0.000193536;0.000237568;0.000282624;0.000227328;0.000196608;0.000126976;0.000192512;0.00018944;0.000241664;0.00030208000000000004;0.000262144;0.000335872
1788251400,hdr,0.0293;0.03906;0.04883;0.05859;0.06836;0.07813;0.08789;0.09766;0.10742;0.11719;0.12695;0.13672;0.14648;0.15625;0.16602;0.17578;0.18555;0.19531;0.20508;0.21484;0.22461;0.23438;0.24414;0.25391;0.26367;0.27344;0.2832;0.29297;0.30273;0.3125;0.32227;0.33203;0.3418;0.35156;0.36133;0.37109;0.38086;0.39063;0.40039;0.41016;0.41992;0.42969;0.43945;0.44922;0.45898;0.46875;0.47852;0.48828;0.49805;0.50781;0.51758;0.52734;0.53711;0.54688;0.55664;0.56641;0.57617;0.58594;0.5957;0.60547;0.61523;0.625;0.63477;0.64453;0.6543;0.66406;0.67383;0.68359;0.69336;0.70313;0.71289;0.72266;0.73242;0.74219;0.75195;0.76172;0.77148;0.78125;0.79102,0.004378624000000001;0.010888192000000001;0.015975424000000002;0.00619008;0.00498688;0.0038911999999999996;0.005792768;0.010136576;0.005390335999999999;0.005372928;0.0040796159999999995;0.002798592;0.0036270079999999997;0.004299776;0.003622912;0.005811200000000001;0.004983808;0.004358144;0.004137984000000001;0.004187135999999999;0.003079168;0.002425856;0.002960384;0.003176448;0.002646016;0.0015513600000000001;0.001579008;0.001968128;0.001670144;0.002015232;0.001874944;0.001442816;0.0009318400000000001;0.001009664;0.001108992;0.0007925759999999999;0.0007393279999999999;0.0009021439999999999;0.0005888;0.00057856;0.00041062399999999995;0.000319488;0.00047616000000000005;0.000613376;0.000390144;0.00030924800000000003;0.000251904;0.000357376;0.00042598399999999997;0.00029696;0.000351232;0.000310272;0.000318464;0.00028569600000000005;0.00023961599999999998;0.00020992;0.00014540800000000003;0.000193536;0.000195584;0.00019865600000000002;0.00029183999999999997;0.000277504;0.000263168;0.00019865600000000002;0.000195584;0.000272384;0.000178176;9.3184e-05;0.000197632;0.000140288;0.000118784;0.000175104;0.00021913599999999998;0.000246784;0.00024780799999999997;0.00027033600000000004;0.000246784;0.00031744;0.000283648
1788252300,hdr,0.0293;0.03906;0.04883;0.05859;0.06836;0.07813;0.08789;0.09766;0.10742;0.11719;0.12695;0.13672;0.14648;0.15625;0.16602;0.17578;0.18555;0.19531;0.20508;0.21484;0.22461;0.23438;0.24414;0.25391;0.26367;0.27344;0.2832;0.29297;0.30273;0.3125;0.32227;0.33203;0.3418;0.35156;0.36133;0.37109;0.38086;0.39063;0.40039;0.41016;0.41992;0.42969;0.43945;0.44922;0.45898;0.46875;0.47852;0.48828;0.49805;0.50781;0.51758;0.52734;0.53711;0.54688;0.55664;0.56641;0.57617;0.58594;0.5957;0.60547;0.61523;0.625;0.63477;0.64453;0.6543;0.66406;0.67383;0.68359;0.69336;0.70313;0.71289;0.72266;0.73242;0.74219;0.75195;0.76172;0.77148;0.78125;0.79102,0.00792064;0.009577472;0.014882816;0.010604544;0.006178816000000001;0.005147648;0.009913344000000001;0.007533568;0.004883456;0.0052019200000000005;0.005562368000000001;0.002952192;0.0050524160000000005;0.006329344;0.0073932799999999995;0.005803008;0.0037621760000000003;0.003326976;0.002594816;0.0025118719999999996;0.0026787839999999996;0.003629056;0.003473408;0.003866624;0.002895872;0.00183808;0.0021002239999999995;0.001860608;0.002148352;0.001782784;0.0017674240000000003;0.001250304;0.000907264;0.000987136;0.000945152;0.0009574399999999999;0.000796672;0.000715776;0.000818176;0.00042598399999999997;0.000652288;0.00050176;0.000457728;0.0005642239999999999;0.0004352;0.000283648;0.0003584;0.00041984;0.000398336;0.00028671999999999997;0.000331776;0.000393216;0.000408576;0.00036864000000000005;0.0003072;0.00044032;0.00036249599999999997;0.000173056;0.000193536;0.000313344;0.0003328;0.00016384;0.00010240000000000001;0.000196608;0.00027033600000000004;0.000267264;0.00018227199999999998;0.00021299199999999998;0.00023142399999999999;0.00016691200000000002;0.000151552;0.00021401600000000003;0.00015462400000000002;0.000191488;0.000188416;0.00018534400000000002;0.000253952;0.00042496;0.000632832
1788253200,hdr,0.0293;0.03906;0.04883;0.05859;0.06836;0.07813;0.08789;0.09766;0.10742;0.11719;0.12695;0.13672;0.14648;0.15625;0.16602;0.17578;0.18555;0.19531;0.20508;0.21484;0.22461;0.23438;0.24414;0.25391;0.26367;0.27344;0.2832;0.29297;0.30273;0.3125;0.32227;0.33203;0.3418;0.35156;0.36133;0.37109;0.38086;0.39063;0.40039;0.41016;0.41992;0.42969;0.43945;0.44922;0.45898;0.46875;0.47852;0.48828;0.49805;0.50781;0.51758;0.52734;0.53711;0.54688;0.55664;0.56641;0.57617;0.58594;0.5957;0.60547;0.61523;0.625;0.63477;0.64453;0.6543;0.66406;0.67383;0.68359;0.69336;0.70313;0.71289;0.72266;0.73242;0.74219;0.75195;0.76172;0.77148;0.78125;0.79102,0.004091904;0.009391104;0.007601152;0.002970624;0.0033351680000000003;0.009066496;0.011376639999999999;0.005177344;0.004528127999999999;0.007309312;0.009636864;0.008731648;0.00594944;0.00195072;0.004289536;0.00435712;0.004762624;0.004544512;0.003457024;0.0031088640000000002;0.002023424;0.002011136;0.003329024;0.0027566080000000002;0.002386944;0.002420736;0.002249728;0.001634304;0.001741824;0.0016895999999999999;0.001517568;0.0016291839999999999;0.001529856;0.001575936;0.0009256959999999999;0.000828416;0.000823296;0.000449536;0.000536576;0.000577536;0.0005703679999999999;0.00036147200000000005;0.00023244799999999998;0.00019456;0.00028671999999999997;0.00035430400000000006;0.000434176;0.00025497599999999997;0.00022323200000000002;0.00021299199999999998;0.00029798400000000005;0.000313344;0.00039936;0.000415744;0.000454656;0.000288768;0.00035942400000000006;0.0005007359999999999;0.00062464;0.000577536;0.0005918719999999999;0.000636928;0.000770048;0.0007116799999999999;0.001746944;0.001900544;0.001371136;0.000964608;0.0014243840000000001;0.00190976;0.00276992;0.003557376;0.002023424;0.0011786239999999999;0.001364992;0.0017305600000000001;0.00229888;0.002009088;0.000939008
1788254100,hdr,0.0293;0.03906;0.04883;0.05859;0.06836;0.07813;0.08789;0.09766;0.10742;0.11719;0.12695;0.13672;0.14648;0.15625;0.16602;0.17578;0.18555;0.19531;0.20508;0.21484;0.22461;0.23438;0.24414;0.25391;0.26367;0.27344;0.2832;0.29297;0.30273;0.3125;0.32227;0.33203;0.3418;0.35156;0.36133;0.37109;0.38086;0.39063;0.40039;0.41016;0.41992;0.42969;0.43945;0.44922;0.45898;0.46875;0.47852;0.48828;0.49805;0.50781;0.51758;0.52734;0.53711;0.54688;0.55664;0.56641;0.57617;0.58594;0.5957;0.60547;0.61523;0.625;0.63477;0.64453;0.6543;0.66406;0.67383;0.68359;0.69336;0.70313;0.71289;0.72266;0.73242;0.74219;0.75195;0.76172;0.77148;0.78125;0.79102,0.00422912;0.006313983999999999;0.004424704000000001;0.0016302080000000002;0.003597312;0.00347648;0.005783552000000001;0.006096896;0.004386816;0.00275968;0.003463168;0.003972096;0.003999744;0.003796992;0.004469760000000001;0.00331776;0.004154367999999999;0.003960832;0.003460096;0.0030668799999999997;0.002746368;0.002377728;0.0028753920000000005;0.0022302719999999997;0.0019937279999999997;0.001872896;0.001536;0.001221632;0.00068096;0.0008212479999999999;0.000891904;0.001053696;0.00101376;0.0010516479999999999;0.001063936;0.000786432;0.000764928;0.001000448;0.000933888;0.000753664;0.000502784;0.000456704;0.000400384;0.0004352;0.000381952;0.00036864000000000005;0.000278528;0.000391168;0.0003584;0.0006000640000000001;0.000466944;0.00043827199999999997;0.00059904;0.0005888;0.000774144;0.001127424;0.00135168;0.001159168;0.00137728;0.0016936960000000002;0.0025528319999999997;0.0025118719999999996;0.0018196479999999999;0.001972224;0.002866176;0.0023347199999999998;0.00247808;0.002014208;0.00167936;0.001574912;0.0015943679999999999;0.002208768;0.001655808;0.001611776;0.001024;0.0009359360000000001;0.001030144;0.0009021439999999999;0.001282048
1788255000,hdr,0.0293;0.03906;0.04883;0.05859;0.06836;0.07813;0.08789;0.09766;0.10742;0.11719;0.12695;0.13672;0.14648;0.15625;0.16602;0.17578;0.18555;0.19531;0.20508;0.21484;0.22461;0.23438;0.24414;0.25391;0.26367;0.27344;0.2832;0.29297;0.30273;0.3125;0.32227;0.33203;0.3418;0.35156;0.36133;0.37109;0.38086;0.39063;0.40039;0.41016;0.41992;0.42969;0.43945;0.44922;0.45898;0.46875;0.47852;0.48828;0.49805;0.50781;0.51758;0.52734;0.53711;0.54688;0.55664;0.56641;0.57617;0.58594;0.5957;0.60547;0.61523;0.625;0.63477;0.64453;0.6543;0.66406;0.67383;0.68359;0.69336;0.70313;0.71289;0.72266;0.73242;0.74219;0.75195;0.76172;0.77148;0.78125;0.79102,0.002902016;0.004462592;0.005775359999999999;0.004785152;0.003492864;0.00461824;0.007861248;0.009250816;0.005283839999999999;0.004929536;0.003468288;0.0044953599999999995;0.005403648;0.004335616;0.0046069760000000005;0.005143552;0.0032204799999999995;0.0036239360000000003;0.0030300159999999995;0.002581504;0.002306048;0.0023511039999999997;0.002364416;0.0019517439999999998;0.00172544;0.001731584;0.001898496;0.0012042239999999998;0.0016445440000000002;0.001400832;0.0012666880000000002;0.00101888;0.001074176;0.0008048640000000001;0.000872448;0.000656384;0.000617472;0.000758784;0.000817152;0.000698368;0.000671744;0.000662528;0.000515072;0.000347136;0.00039628799999999996;0.000557056;0.000745472;0.0006656;0.000549888;0.00054272;0.000514048;0.000626688;0.000801792;0.001032192;0.001209344;0.0019517439999999998;0.001119232;0.001631232;0.0020797439999999997;0.002589696;0.002972672;0.002213888;0.0023296;0.002033664;0.0013547519999999999;0.001101824;0.0014438399999999998;0.001654784;0.001830912;0.0014899199999999998;0.001686528;0.0014592000000000001;0.001256448;0.00146432;0.001050624;0.001102848;0.001232896;0.001101824;0.0009472
1788255900,hdr,0.0293;0.03906;0.04883;0.05859;0.06836;0.07813;0.08789;0.09766;0.10742;0.11719;0.12695;0.13672;0.14648;0.15625;0.16602;0.17578;0.18555;0.19531;0.20508;0.21484;0.22461;0.23438;0.24414;0.25391;0.26367;0.27344;0.2832;0.29297;0.30273;0.3125;0.32227;0.33203;0.3418;0.35156;0.36133;0.37109;0.38086;0.39063;0.40039;0.41016;0.41992;0.42969;0.43945;0.44922;0.45898;0.46875;0.47852;0.48828;0.49805;0.50781;0.51758;0.52734;0.53711;0.54688;0.55664;0.56641;0.57617;0.58594;0.5957;0.60547;0.61523;0.625;0.63477;0.64453;0.6543;0.66406;0.67383;0.68359;0.69336;0.70313;0.71289;0.72266;0.73242;0.74219;0.75195;0.76172;0.77148;0.78125;0.79102,0.004317184;0.011305984;0.009480192;0.0057077759999999995;0.004146176;0.0017090559999999998;0.002817024;0.005586944;0.006380544000000001;0.005405696;0.00436224;0.003319808;0.0044974080000000005;0.006196224;0.006591488;0.00422912;0.003726336;0.003439616;0.0031774719999999998;0.002741248;0.001722368;0.001835008;0.0024709120000000005;0.0020930559999999994;0.0025108480000000004;0.001924096;0.0018964479999999998;0.00136192;0.000922624;0.00074752;0.000601088;0.0008447999999999999;0.00046796800000000003;0.0005621760000000001;0.00057856;0.000796672;0.001113088;0.000664576;0.000632832;0.000785408;0.0007976959999999999;0.00046284799999999997;0.00068096;0.000387072;0.00037478399999999997;0.0004352;0.000826368;0.000955392;0.000610304;0.000740352;0.00135168;0.002374656;0.0019886079999999998;0.0022374400000000003;0.002404352;0.0023347199999999998;0.002458624;0.00261632;0.0024227840000000003;0.0014786559999999999;0.0021268479999999998;0.00211456;0.001635328;0.0022394880000000004;0.002465792;0.0023336960000000006;0.002157568;0.001096704;0.000871424;0.001261568;0.001414144;0.000826368;0.000842752;0.000903168;0.000771072;0.0009420800000000001;0.000877568;0.000656384;0.0005857280000000001
1788256800,hdr,0.0293;0.03906;0.04883;0.05859;0.06836;0.07813;0.08789;0.09766;0.10742;0.11719;0.12695;0.13672;0.14648;0.15625;0.16602;0.17578;0.18555;0.19531;0.20508;0.21484;0.22461;0.23438;0.24414;0.25391;0.26367;0.27344;0.2832;0.29297;0.30273;0.3125;0.32227;0.33203;0.3418;0.35156;0.36133;0.37109;0.38086;0.39063;0.40039;0.41016;0.41992;0.42969;0.43945;0.44922;0.45898;0.46875;0.47852;0.48828;0.49805;0.50781;0.51758;0.52734;0.53711;0.54688;0.55664;0.56641;0.57617;0.58594;0.5957;0.60547;0.61523;0.625;0.63477;0.64453;0.6543;0.66406;0.67383;0.68359;0.69336;0.70313;0.71289;0.72266;0.73242;0.74219;0.75195;0.76172;0.77148;0.78125;0.79102,0.0027852800000000002;0.01344512;0.010830848;0.004661248;0.006016;0.006786047999999999;0.007269376;0.005653504;0.0024084479999999997;0.003821568;0.004038656;0.003073024;0.004527104;0.006526976;0.00619008;0.005785599999999999;0.004400128;0.00451584;0.002397184;0.003443712;0.0027504639999999998;0.00154624;0.001860608;0.0023807999999999998;0.001979392;0.002081792;0.00105472;0.00090112;0.0011489279999999998;0.001426432;0.001317888;0.001069056;0.000733184;0.0006656;0.0007352319999999999;0.000703488;0.0005959680000000001;0.000515072;0.000539648;0.00063488;0.000544768;0.0004352;0.000400384;0.000759808;0.000671744;0.0011233280000000003;0.0008509440000000001;0.000666624;0.001544192;0.0016988160000000001;0.001327104;0.0018257920000000001;0.0021360640000000005;0.0020756480000000002;0.0023838720000000004;0.0023439359999999996;0.003359744;0.003757056;0.0030781439999999997;0.0022732800000000004;0.001696768;0.0014745600000000002;0.0020981759999999998;0.002177024;0.00188928;0.0018944;0.002107392;0.001604608;0.001067008;0.0008089600000000001;0.0009697280000000001;0.0012912639999999999;0.0009420800000000001;0.000795648;0.0009738240000000001;0.001276928;0.001022976;0.000548864;0.0006225919999999999
1788257700,hdr,0.0293;0.03906;0.04883;0.05859;0.06836;0.07813;0.08789;0.09766;0.10742;0.11719;0.12695;0.13672;0.14648;0.15625;0.16602;0.17578;0.18555;0.19531;0.20508;0.21484;0.22461;0.23438;0.24414;0.25391;0.26367;0.27344;0.2832;0.29297;0.30273;0.3125;0.32227;0.33203;0.3418;0.35156;0.36133;0.37109;0.38086;0.39063;0.40039;0.41016;0.41992;0.42969;0.43945;0.44922;0.45898;0.46875;0.47852;0.48828;0.49805;0.50781;0.51758;0.52734;0.53711;0.54688;0.55664;0.56641;0.57617;0.58594;0.5957;0.60547;0.61523;0.625;0.63477;0.64453;0.6543;0.66406;0.67383;0.68359;0.69336;0.70313;0.71289;0.72266;0.73242;0.74219;0.75195;0.76172;0.77148;0.78125;0.79102,0.008566784;0.01639424;0.014628864;0.006383616;0.004881408;0.00559104;0.004498432;0.00850432;0.005942272;0.002849792;0.0017326079999999998;0.00283136;0.003369984;0.002911232;0.0037222400000000004;0.00609792;0.00481792;0.004216832;0.003612672;0.003510272;0.002992128;0.0015103999999999999;0.0017602560000000002;0.002581504;0.0022026240000000002;0.001206272;0.00210944;0.0018288640000000001;0.0012625919999999999;0.001243136;0.0009318400000000001;0.0008304639999999999;0.0009205759999999999;0.0008744960000000001;0.0007168;0.00047718399999999996;0.000633856;0.0005857280000000001;0.0006830079999999999;0.00047718399999999996;0.00048127999999999995;0.000331776;0.00046796800000000003;0.0005560319999999999;0.000577536;0.0008704;0.000801792;0.000763904;0.000953344;0.0012247039999999999;0.00104448;0.00158208;0.001591296;0.001325056;0.001405952;0.0020981759999999998;0.00314368;0.003021824;0.002548736;0.001998848;0.0026368000000000003;0.002020352;0.001741824;0.001432576;0.002642944;0.002337792;0.001164288;0.001232896;0.00137728;0.0014704639999999999;0.001011712;0.0007976959999999999;0.000863232;0.0008110079999999999;0.00101888;0.0013701120000000002;0.0010250239999999998;0.000879616;0.00068096
1788258600,hdr,0.0293;0.03906;0.04883;0.05859;0.06836;0.07813;0.08789;0.09766;0.10742;0.11719;0.12695;0.13672;0.14648;0.15625;0.16602;0.17578;0.18555;0.19531;0.20508;0.21484;0.22461;0.23438;0.24414;0.25391;0.26367;0.27344;0.2832;0.29297;0.30273;0.3125;0.32227;0.33203;0.3418;0.35156;0.36133;0.37109;0.38086;0.39063;0.40039;0.41016;0.41992;0.42969;0.43945;0.44922;0.45898;0.46875;0.47852;0.48828;0.49805;0.50781;0.51758;0.52734;0.53711;0.54688;0.55664;0.56641;0.57617;0.58594;0.5957;0.60547;0.61523;0.625;0.63477;0.64453;0.6543;0.66406;0.67383;0.68359;0.69336;0.70313;0.71289;0.72266;0.73242;0.74219;0.75195;0.76172;0.77148;0.78125;0.79102,0.001907712;0.003714048;0.003546112;0.002742272;0.0031016959999999997;0.005023743999999999;0.006739968;0.004816895999999999;0.0029655040000000003;0.002352128;0.0023429120000000004;0.002279424;0.0028876799999999997;0.004227072;0.003605504;0.003027968;0.00377856;0.0038717440000000003;0.0045056;0.004880384;0.0030986240000000003;0.002276352;0.001757184;0.0021606399999999997;0.0018862080000000001;0.0019394560000000002;0.002466816;0.00128512;0.0012666880000000002;0.001188864;0.001214464;0.000951296;0.0009297919999999999;0.0015656959999999999;0.002067456;0.001572864;0.0009738240000000001;0.000521216;0.0007168;0.000779264;0.000646144;0.0009973760000000001;0.001118208;0.00046489599999999996;0.00050688;0.000376832;0.000781312;0.0008386559999999999;0.000771072;0.0008447999999999999;0.0007557120000000001;0.000688128;0.00084992;0.0008867839999999999;0.00128;0.00202752;0.002102272;0.0021248;0.0021667839999999997;0.0025333760000000004;0.00233984;0.002398208;0.0033300480000000004;0.0023275519999999997;0.0019517439999999998;0.001938432;0.001992704;0.0020951040000000004;0.00158208;0.00061952;0.00061952;0.001096704;0.0012666880000000002;0.000786432;0.000664576;0.00061952;0.00059392;0.00090112;0.0008765439999999999
1788259500,hdr,0.0293;0.03906;0.04883;0.05859;0.06836;0.07813;0.08789;0.09766;0.10742;0.11719;0.12695;0.13672;0.14648;0.15625;0.16602;0.17578;0.18555;0.19531;0.20508;0.21484;0.22461;0.23438;0.24414;0.25391;0.26367;0.27344;0.2832;0.29297;0.30273;0.3125;0.32227;0.33203;0.3418;0.35156;0.36133;0.37109;0.38086;0.39063;0.40039;0.41016;0.41992;0.42969;0.43945;0.44922;0.45898;0.46875;0.47852;0.48828;0.49805;0.50781;0.51758;0.52734;0.53711;0.54688;0.55664;0.56641;0.57617;0.58594;0.5957;0.60547;0.61523;0.625;0.63477;0.64453;0.6543;0.66406;0.67383;0.68359;0.69336;0.70313;0.71289;0.72266;0.73242;0.74219;0.75195;0.76172;0.77148;0.78125;0.79102,0.000449536;0.000789504;0.0021442559999999998;0.0027555839999999997;0.0008601600000000001;0.001325056;0.004482048;0.008129536;0.004276224;0.00251904;0.003820544;0.0022568959999999996;0.001846272;0.0025292799999999996;0.0028948479999999998;0.002794496;0.002502656;0.002522112;0.0022302719999999997;0.003692544;0.003376128;0.0032593920000000003;0.00170496;0.0010250239999999998;0.001195008;0.0012400640000000001;0.001523712;0.001283072;0.0009615359999999999;0.000745472;0.000559104;0.000641024;0.0009912319999999999;0.0008704;0.0009574399999999999;0.000809984;0.000679936;0.0007086080000000001;0.000769024;0.000648192;0.0005376000000000001;0.00048025600000000003;0.0006830079999999999;0.00064512;0.000536576;0.000979968;0.001318912;0.0011151359999999999;0.000903168;0.00113152;0.0013475839999999998;0.0019046400000000002;0.0021821440000000004;0.0026849280000000005;0.00218112;0.00165888;0.002185216;0.0022015999999999997;0.003457024;0.004012032;0.004146176;0.0033617919999999997;0.002584576;0.001727488;0.001743872;0.001926144;0.0019435519999999999;0.001846272;0.0013946879999999998;0.0015472639999999998;0.0011427840000000002;0.000933888;0.00091136;0.000823296;0.000842752;0.0009349119999999999;0.000831488;0.000620544;0.000531456
1788260400,hdr,0.0293;0.03906;0.04883;0.05859;0.06836;0.07813;0.08789;0.09766;0.10742;0.11719;0.12695;0.13672;0.14648;0.15625;0.16602;0.17578;0.18555;0.19531;0.20508;0.21484;0.22461;0.23438;0.24414;0.25391;0.26367;0.27344;0.2832;0.29297;0.30273;0.3125;0.32227;0.33203;0.3418;0.35156;0.36133;0.37109;0.38086;0.39063;0.40039;0.41016;0.41992;0.42969;0.43945;0.44922;0.45898;0.46875;0.47852;0.48828;0.49805;0.50781;0.51758;0.52734;0.53711;0.54688;0.55664;0.56641;0.57617;0.58594;0.5957;0.60547;0.61523;0.625;0.63477;0.64453;0.6543;0.66406;0.67383;0.68359;0.69336;0.70313;0.71289;0.72266;0.73242;0.74219;0.75195;0.76172;0.77148;0.78125;0.79102,0.002977792;0.0046868479999999995;0.002981888;0.003500032;0.004287487999999999;0.001683456;0.00247296;0.006390784;0.0042137599999999996;0.004716544;0.002981888;0.002992128;0.0028385280000000003;0.00246784;0.0035942400000000003;0.002888704;0.003262464;0.002660352;0.00230912;0.0028764159999999997;0.002674688;0.002993152;0.002064384;0.003141632;0.0027504639999999998;0.002020352;0.002295808;0.0020418560000000003;0.001584128;0.001273856;0.000791552;0.000528384;0.00047308800000000003;0.000335872;0.000545792;0.0006696959999999999;0.0007464960000000001;0.000771072;0.0007423999999999999;0.000504832;0.000384;0.000395264;0.000387072;0.00042803200000000007;0.000607232;0.000955392;0.000764928;0.000544768;0.00062464;0.00092672;0.000922624;0.0012462080000000002;0.001581056;0.001778688;0.003110912;0.00350208;0.003228672;0.002920448;0.0037427199999999997;0.004322304;0.0026685439999999997;0.001615872;0.00274432;0.0033351680000000003;0.002349056;0.001937408;0.0017766400000000001;0.0014940160000000001;0.001502208;0.00159232;0.001422336;0.0010291200000000001;0.0009041920000000001;0.0006154239999999999;0.000924672;0.000656384;0.000903168;0.0008663039999999999;0.00067072
1788261300,hdr,0.0293;0.03906;0.04883;0.05859;0.06836;0.07813;0.08789;0.09766;0.10742;0.11719;0.12695;0.13672;0.14648;0.15625;0.16602;0.17578;0.18555;0.19531;0.20508;0.21484;0.22461;0.23438;0.24414;0.25391;0.26367;0.27344;0.2832;0.29297;0.30273;0.3125;0.32227;0.33203;0.3418;0.35156;0.36133;0.37109;0.38086;0.39063;0.40039;0.41016;0.41992;0.42969;0.43945;0.44922;0.45898;0.46875;0.47852;0.48828;0.49805;0.50781;0.51758;0.52734;0.53711;0.54688;0.55664;0.56641;0.57617;0.58594;0.5957;0.60547;0.61523;0.625;0.63477;0.64453;0.6543;0.66406;0.67383;0.68359;0.69336;0.70313;0.71289;0.72266;0.73242;0.74219;0.75195;0.76172;0.77148;0.78125;0.79102,0.0037468159999999996;0.007461888;0.008999936;0.014493696;0.009747456;0.0038963199999999996;0.008459264;0.007773183999999999;0.003868672;0.003796992;0.003366912;0.0012195840000000001;0.0017305600000000001;0.0025907200000000003;0.004319232;0.005094400000000001;0.0031426559999999997;0.00311296;0.0034990079999999996;0.002865152;0.0034979840000000004;0.00316928;0.0026624;0.001731584;0.0013056;0.00129024;0.0014151679999999999;0.0013352960000000001;0.000861184;0.0010608640000000001;0.001132544;0.0011243520000000001;0.001053696;0.0008069119999999999;0.0006656;0.000751616;0.000651264;0.000457728;0.000412672;0.000577536;0.000411648;0.000439296;0.0005642239999999999;0.0005099519999999999;0.0005089280000000001;0.000534528;0.00047206399999999996;0.000544768;0.0011735040000000001;0.000740352;0.000751616;0.001195008;0.0013905920000000002;0.001271808;0.002149376;0.002948096;0.00262656;0.0020162559999999997;0.001970176;0.0025825279999999997;0.002953216;0.0023941119999999995;0.0012953600000000002;0.001600512;0.001021952;0.0010178560000000001;0.001477632;0.001632256;0.00110592;0.0015493120000000002;0.001555456;0.001861632;0.0016609279999999999;0.001133568;0.00076288;0.00081408;0.00072704;0.000878592;0.0006092800000000001
1788262200,hdr,0.0293;0.03906;0.04883;0.05859;0.06836;0.07813;0.08789;0.09766;0.10742;0.11719;0.12695;0.13672;0.14648;0.15625;0.16602;0.17578;0.18555;0.19531;0.20508;0.21484;0.22461;0.23438;0.24414;0.25391;0.26367;0.27344;0.2832;0.29297;0.30273;0.3125;0.32227;0.33203;0.3418;0.35156;0.36133;0.37109;0.38086;0.39063;0.40039;0.41016;0.41992;0.42969;0.43945;0.44922;0.45898;0.46875;0.47852;0.48828;0.49805;0.50781;0.51758;0.52734;0.53711;0.54688;0.55664;0.56641;0.57617;0.58594;0.5957;0.60547;0.61523;0.625;0.63477;0.64453;0.6543;0.66406;0.67383;0.68359;0.69336;0.70313;0.71289;0.72266;0.73242;0.74219;0.75195;0.76172;0.77148;0.78125;0.79102,0.002245632;0.0029716480000000003;0.0035287039999999997;0.0028917760000000004;0.0022558720000000003;0.002265088;0.006531072;0.006861824000000001;0.003805184;0.0022302719999999997;0.0028149760000000003;0.00165888;0.001258496;0.0022067199999999997;0.004160512;0.00270336;0.002620416;0.003011584;0.002387968;0.003079168;0.002234368;0.002679808;0.00289792;0.0030863360000000003;0.0017479680000000001;0.002147328;0.0012032;0.0008089600000000001;0.0007843840000000001;0.001048576;0.0009768959999999999;0.000704512;0.00043827199999999997;0.000381952;0.00046080000000000003;0.00039628799999999996;0.00037478399999999997;0.00033382400000000003;0.00044646400000000004;0.000490496;0.00050176;0.0005416959999999999;0.0006819840000000001;0.000550912;0.000458752;0.00050176;0.000559104;0.000516096;0.0005898240000000001;0.000516096;0.000553984;0.000715776;0.00048742400000000003;0.0009625599999999999;0.001212416;0.001504256;0.001527808;0.0018360320000000002;0.0022896640000000003;0.001958912;0.001826816;0.001063936;0.0011960319999999999;0.002215936;0.00246272;0.001983488;0.001847296;0.0014827520000000002;0.0009256959999999999;0.00092672;0.0013824;0.0014592000000000001;0.00096768;0.0009830400000000001;0.000912384;0.0009021439999999999;0.00065536;0.000576512;0.0008519679999999999
1788263100,hdr,0.0293;0.03906;0.04883;0.05859;0.06836;0.07813;0.08789;0.09766;0.10742;0.11719;0.12695;0.13672;0.14648;0.15625;0.16602;0.17578;0.18555;0.19531;0.20508;0.21484;0.22461;0.23438;0.24414;0.25391;0.26367;0.27344;0.2832;0.29297;0.30273;0.3125;0.32227;0.33203;0.3418;0.35156;0.36133;0.37109;0.38086;0.39063;0.40039;0.41016;0.41992;0.42969;0.43945;0.44922;0.45898;0.46875;0.47852;0.48828;0.49805;0.50781;0.51758;0.52734;0.53711;0.54688;0.55664;0.56641;0.57617;0.58594;0.5957;0.60547;0.61523;0.625;0.63477;0.64453;0.6543;0.66406;0.67383;0.68359;0.69336;0.70313;0.71289;0.72266;0.73242;0.74219;0.75195;0.76172;0.77148;0.78125;0.79102,0.0012032;0.0020930559999999994;0.002101248;0.001934336;0.005728256;0.005822464;0.009875456;0.011838464;0.004938752;0.0033105920000000002;0.0017623040000000001;0.001645568;0.0013506560000000002;0.001937408;0.0025671680000000003;0.0017121280000000003;0.0018800639999999999;0.0019773440000000002;0.0024924160000000003;0.001980416;0.0027893759999999997;0.005197823999999999;0.00352256;0.002609152;0.00251904;0.00270336;0.001731584;0.001189888;0.0009594880000000001;0.000857088;0.000648192;0.000662528;0.000927744;0.0009717759999999999;0.0009605120000000001;0.0006778880000000001;0.00070656;0.000674816;0.000577536;0.000466944;0.000514048;0.0005601279999999999;0.000351232;0.00044339199999999997;0.000557056;0.0005836799999999999;0.000490496;0.000351232;0.00041779199999999995;0.000712704;0.0006778880000000001;0.000545792;0.00075264;0.0009564160000000001;0.00085504;0.0009912319999999999;0.0010721279999999999;0.000780288;0.000779264;0.000781312;0.001649664;0.0017182719999999999;0.001657856;0.002076672;0.002509824;0.002030592;0.0011048960000000002;0.0014929920000000003;0.0014592000000000001;0.000990208;0.001312768;0.001181696;0.001221632;0.000937984;0.00062464;0.000529408;0.000510976;0.0007249919999999999;0.000576512
1788264000,hdr,0.0293;0.03906;0.04883;0.05859;0.06836;0.07813;0.08789;0.09766;0.10742;0.11719;0.12695;0.13672;0.14648;0.15625;0.16602;0.17578;0.18555;0.19531;0.20508;0.21484;0.22461;0.23438;0.24414;0.25391;0.26367;0.27344;0.2832;0.29297;0.30273;0.3125;0.32227;0.33203;0.3418;0.35156;0.36133;0.37109;0.38086;0.39063;0.40039;0.41016;0.41992;0.42969;0.43945;0.44922;0.45898;0.46875;0.47852;0.48828;0.49805;0.50781;0.51758;0.52734;0.53711;0.54688;0.55664;0.56641;0.57617;0.58594;0.5957;0.60547;0.61523;0.625;0.63477;0.64453;0.6543;0.66406;0.67383;0.68359;0.69336;0.70313;0.71289;0.72266;0.73242;0.74219;0.75195;0.76172;0.77148;0.78125;0.79102,0.0018360320000000002;0.003902464;0.0025989119999999997;0.002361344;0.00390144;0.002358272;0.002149376;0.0062699520000000005;0.005751808;0.004835328;0.003675136;0.0016895999999999999;0.0015738879999999998;0.0018964479999999998;0.00273408;0.0037048320000000004;0.003262464;0.003663872;0.004500479999999999;0.004355072;0.003341312;0.0035952639999999995;0.005858304;0.005192703999999999;0.003218432;0.001447936;0.001631232;0.001864704;0.0009984;0.001929216;0.0016066560000000001;0.0014653440000000002;0.001193984;0.000753664;0.000688128;0.000605184;0.00047923199999999995;0.000458752;0.000525312;0.0005621760000000001;0.000538624;0.000497664;0.000625664;0.000654336;0.000828416;0.00055296;0.000743424;0.00047616000000000005;0.0005683200000000001;0.00067072;0.0007137280000000001;0.000723968;0.0008509440000000001;0.000736256;0.001052672;0.001490944;0.00150528;0.000881664;0.001757184;0.001729536;0.001672192;0.002062336;0.00257024;0.002184192;0.002169856;0.001969152;0.001275904;0.00111104;0.001078272;0.001145856;0.001349632;0.0013209599999999997;0.000937984;0.0007464960000000001;0.000791552;0.000748544;0.000545792;0.0005468159999999999;0.000553984
1788264900,hdr,0.0293;0.03906;0.04883;0.05859;0.06836;0.07813;0.08789;0.09766;0.10742;0.11719;0.12695;0.13672;0.14648;0.15625;0.16602;0.17578;0.18555;0.19531;0.20508;0.21484;0.22461;0.23438;0.24414;0.25391;0.26367;0.27344;0.2832;0.29297;0.30273;0.3125;0.32227;0.33203;0.3418;0.35156;0.36133;0.37109;0.38086;0.39063;0.40039;0.41016;0.41992;0.42969;0.43945;0.44922;0.45898;0.46875;0.47852;0.48828;0.49805;0.50781;0.51758;0.52734;0.53711;0.54688;0.55664;0.56641;0.57617;0.58594;0.5957;0.60547;0.61523;0.625;0.63477;0.64453;0.6543;0.66406;0.67383;0.68359;0.69336;0.70313;0.71289;0.72266;0.73242;0.74219;0.75195;0.76172;0.77148;0.78125;0.79102,0.001929216;0.003679232;0.007259135999999999;0.00599552;0.0024166400000000003;0.001195008;0.004742143999999999;0.005922816;0.00327168;0.003603456;0.00327168;0.001408;0.0006696959999999999;0.0013393919999999998;0.0016220159999999998;0.0022015999999999997;0.00233984;0.0034252799999999997;0.0033617919999999997;0.00218112;0.002904064;0.003206144;0.002801664;0.002921472;0.003641344;0.00433664;0.0027658239999999996;0.00194048;0.001664;0.0018216959999999998;0.001542144;0.0009727999999999999;0.000531456;0.000731136;0.001038336;0.001137664;0.001395712;0.002614272;0.0020357120000000003;0.001645568;0.002031616;0.0015964160000000002;0.001273856;0.001212416;0.000659456;0.00047718399999999996;0.000809984;0.000963584;0.000698368;0.0006778880000000001;0.000603136;0.0006184960000000001;0.00068096;0.000753664;0.00082432;0.000756736;0.000782336;0.00109056;0.000970752;0.00089088;0.0009472;0.0007168;0.000937984;0.001061888;0.0009727999999999999;0.0013568;0.001251328;0.0011151359999999999;0.0014346239999999998;0.00136192;0.001251328;0.0009349119999999999;0.000939008;0.000780288;0.0007772160000000001;0.0004915200000000001;0.00033894400000000004;0.00049664;0.000466944
1788265800,hdr,0.0293;0.03906;0.04883;0.05859;0.06836;0.07813;0.08789;0.09766;0.10742;0.11719;0.12695;0.13672;0.14648;0.15625;0.16602;0.17578;0.18555;0.19531;0.20508;0.21484;0.22461;0.23438;0.24414;0.25391;0.26367;0.27344;0.2832;0.29297;0.30273;0.3125;0.32227;0.33203;0.3418;0.35156;0.36133;0.37109;0.38086;0.39063;0.40039;0.41016;0.41992;0.42969;0.43945;0.44922;0.45898;0.46875;0.47852;0.48828;0.49805;0.50781;0.51758;0.52734;0.53711;0.54688;0.55664;0.56641;0.57617;0.58594;0.5957;0.60547;0.61523;0.625;0.63477;0.64453;0.6543;0.66406;0.67383;0.68359;0.69336;0.70313;0.71289;0.72266;0.73242;0.74219;0.75195;0.76172;0.77148;0.78125;0.79102,0.008659967999999999;0.013177856;0.009759743999999999;0.004711424;0.0059115520000000005;0.006028288;0.005915648;0.007384064;0.005875712000000001;0.005830656;0.003504128;0.00153088;0.0011417600000000001;0.0009912319999999999;0.001913856;0.002213888;0.001855488;0.0020418560000000003;0.0020121600000000003;0.002220032;0.0015226880000000001;0.002008064;0.002588672;0.003712;0.003959808;0.004890624;0.005522432;0.005955584;0.004215808;0.003115008;0.002244608;0.0017192959999999997;0.002436096;0.0019230719999999998;0.001504256;0.0015953919999999997;0.001026048;0.001276928;0.0016097280000000002;0.001729536;0.001403904;0.00200192;0.002071552;0.00178176;0.001108992;0.001318912;0.001181696;0.000881664;0.001536;0.0011632640000000002;0.0015165439999999999;0.0023347199999999998;0.001550336;0.001862656;0.002499584;0.0014786559999999999;0.001186816;0.0011243520000000001;0.0006993920000000001;0.000951296;0.00088576;0.000881664;0.0010199039999999999;0.000881664;0.000700416;0.0011960319999999999;0.0012728319999999998;0.001292288;0.001410048;0.001316864;0.001282048;0.001138688;0.001036288;0.000630784;0.000492544;0.0006912;0.0005478400000000001;0.00031744;0.000387072
1788266700,hdr,0.0293;0.03906;0.04883;0.05859;0.06836;0.07813;0.08789;0.09766;0.10742;0.11719;0.12695;0.13672;0.14648;0.15625;0.16602;0.17578;0.18555;0.19531;0.20508;0.21484;0.22461;0.23438;0.24414;0.25391;0.26367;0.27344;0.2832;0.29297;0.30273;0.3125;0.32227;0.33203;0.3418;0.35156;0.36133;0.37109;0.38086;0.39063;0.40039;0.41016;0.41992;0.42969;0.43945;0.44922;0.45898;0.46875;0.47852;0.48828;0.49805;0.50781;0.51758;0.52734;0.53711;0.54688;0.55664;0.56641;0.57617;0.58594;0.5957;0.60547;0.61523;0.625;0.63477;0.64453;0.6543;0.66406;0.67383;0.68359;0.69336;0.70313;0.71289;0.72266;0.73242;0.74219;0.75195;0.76172;0.77148;0.78125;0.79102,0.0025753599999999996;0.003581952;0.002855936;0.0023511039999999997;0.00213504;0.002274304;0.004210688;0.00324096;0.0047564799999999996;0.004811776;0.0032532480000000003;0.002418688;0.001902592;0.0013783040000000001;0.001651712;0.0020490240000000004;0.002291712;0.002794496;0.001829888;0.0025825279999999997;0.003447808;0.0019169279999999998;0.0017090559999999998;0.003678208;0.003006464;0.002707456;0.0030853119999999998;0.000891904;0.00125952;0.0034949119999999998;0.006230016;0.0053391359999999995;0.0027105280000000002;0.001662976;0.0015411200000000002;0.0026480640000000003;0.002761728;0.002398208;0.002763776;0.00269824;0.001496064;0.001475584;0.001108992;0.0005836799999999999;0.000776192;0.0010496000000000001;0.0008601600000000001;0.000764928;0.0009758719999999999;0.001065984;0.00110592;0.001257472;0.00124928;0.0011356159999999999;0.001206272;0.0014847999999999999;0.0015738879999999998;0.0014448640000000001;0.001583104;0.0007946240000000001;0.0009287680000000001;0.0007464960000000001;0.000760832;0.000775168;0.0009697280000000001;0.000759808;0.000656384;0.000891904;0.0010762240000000002;0.0009349119999999999;0.0007843840000000001;0.000688128;0.000484352;0.000421888;0.0005560319999999999;0.000611328;0.00042598399999999997;0.000423936;0.000346112
1788268500,hdr,0.0293;0.03906;0.04883;0.05859;0.06836;0.07813;0.08789;0.09766;0.10742;0.11719;0.12695;0.13672;0.14648;0.15625;0.16602;0.17578;0.18555;0.19531;0.20508;0.21484;0.22461;0.23438;0.24414;0.25391;0.26367;0.27344;0.2832;0.29297;0.30273;0.3125;0.32227;0.33203;0.3418;0.35156;0.36133;0.37109;0.38086;0.39063;0.40039;0.41016;0.41992;0.42969;0.43945;0.44922;0.45898;0.46875;0.47852;0.48828;0.49805;0.50781;0.51758;0.52734;0.53711;0.54688;0.55664;0.56641;0.57617;0.58594;0.5957;0.60547;0.61523;0.625;0.63477;0.64453;0.6543;0.66406;0.67383;0.68359;0.69336;0.70313;0.71289;0.72266;0.73242;0.74219;0.75195;0.76172;0.77148;0.78125;0.79102,0.000267264;0.0030914560000000002;0.007442432;0.006283264;0.0028723200000000003;0.004524032;0.007819264;0.00790016;0.004457472;0.0035010560000000002;0.003221504;0.003861504;0.002044928;0.002584576;0.002228224;0.0020910079999999997;0.002444288;0.0026245120000000003;0.0022712319999999998;0.002412544;0.002236416;0.0018442240000000002;0.001348608;0.0015656959999999999;0.002640896;0.002512896;0.0018442240000000002;0.0020418560000000003;0.0021002239999999995;0.002766848;0.001721344;0.001974272;0.001811456;0.001559552;0.001509376;0.002717696;0.004199424;0.004088832;0.004698112;0.0046919679999999995;0.0036392959999999998;0.0038492160000000004;0.002441216;0.002014208;0.003351552;0.0038717440000000003;0.002956288;0.0026777600000000004;0.0034498560000000003;0.002627584;0.001675264;0.0020838399999999996;0.00171008;0.0018974719999999999;0.001082368;0.001122304;0.001308672;0.000888832;0.0008386559999999999;0.00137216;0.001818624;0.0012625919999999999;0.0005867520000000001;0.000592896;0.000852992;0.000888832;0.000621568;0.000672768;0.0007137280000000001;0.000519168;0.000466944;0.000449536;0.0004956159999999999;0.000395264;0.000376832;0.00028774400000000004;0.00037888;0.00047308800000000003;0.00028774400000000004
1788269400,hdr,0.0293;0.03906;0.04883;0.05859;0.06836;0.07813;0.08789;0.09766;0.10742;0.11719;0.12695;0.13672;0.14648;0.15625;0.16602;0.17578;0.18555;0.19531;0.20508;0.21484;0.22461;0.23438;0.24414;0.25391;0.26367;0.27344;0.2832;0.29297;0.30273;0.3125;0.32227;0.33203;0.3418;0.35156;0.36133;0.37109;0.38086;0.39063;0.40039;0.41016;0.41992;0.42969;0.43945;0.44922;0.45898;0.46875;0.47852;0.48828;0.49805;0.50781;0.51758;0.52734;0.53711;0.54688;0.55664;0.56641;0.57617;0.58594;0.5957;0.60547;0.61523;0.625;0.63477;0.64453;0.6543;0.66406;0.67383;0.68359;0.69336;0.70313;0.71289;0.72266;0.73242;0.74219;0.75195;0.76172;0.77148;0.78125;0.79102,0.0027504639999999998;0.0052418560000000005;0.0031559680000000003;0.0012728319999999998;0.004132864;0.0025262080000000003;0.005677056000000001;0.0068976639999999995;0.004701183999999999;0.007035904000000001;0.0037877759999999996;0.002156544;0.0027392;0.0024709120000000005;0.0019527680000000001;0.001757184;0.002118656;0.003999744;0.0040396799999999995;0.0028876799999999997;0.003127296;0.002213888;0.0014704639999999999;0.0012359679999999998;0.00200704;0.003554304;0.002776064;0.001782784;0.001800192;0.00139776;0.0015534079999999998;0.001990656;0.002008064;0.002118656;0.0034867200000000004;0.002436096;0.0013793280000000002;0.0032256;0.00467968;0.0041492479999999995;0.005758976;0.004501504;0.0030371839999999996;0.0038000639999999997;0.00536576;0.0035860479999999997;0.003007488;0.0025917439999999996;0.0020490240000000004;0.0015984640000000002;0.0017674240000000003;0.0016128;0.001027072;0.0010455039999999998;0.001147904;0.0009717759999999999;0.001412096;0.001226752;0.0006778880000000001;0.0010086399999999999;0.001181696;0.000592896;0.000913408;0.000548864;0.000489472;0.000637952;0.0007106559999999999;0.00072704;0.000638976;0.000484352;0.000504832;0.00033894400000000004;0.000520192;0.000411648;0.0006123519999999999;0.00034816000000000003;0.00029183999999999997;0.000331776;0.000350208
1788270300,hdr,0.0293;0.03906;0.04883;0.05859;0.06836;0.07813;0.08789;0.09766;0.10742;0.11719;0.12695;0.13672;0.14648;0.15625;0.16602;0.17578;0.18555;0.19531;0.20508;0.21484;0.22461;0.23438;0.24414;0.25391;0.26367;0.27344;0.2832;0.29297;0.30273;0.3125;0.32227;0.33203;0.3418;0.35156;0.36133;0.37109;0.38086;0.39063;0.40039;0.41016;0.41992;0.42969;0.43945;0.44922;0.45898;0.46875;0.47852;0.48828;0.49805;0.50781;0.51758;0.52734;0.53711;0.54688;0.55664;0.56641;0.57617;0.58594;0.5957;0.60547;0.61523;0.625;0.63477;0.64453;0.6543;0.66406;0.67383;0.68359;0.69336;0.70313;0.71289;0.72266;0.73242;0.74219;0.75195;0.76172;0.77148;0.78125;0.79102,0.0020490240000000004;0.002482176;0.004912128;0.0023429120000000004;0.002951168;0.00531456;0.005029888;0.005594112;0.00436224;0.004754432;0.004020223999999999;0.002154496;0.0017336320000000001;0.001675264;0.0017479680000000001;0.002077696;0.0017602560000000002;0.0020654080000000003;0.002277376;0.0018216959999999998;0.002110464;0.00199168;0.0021534719999999996;0.0015226880000000001;0.001777664;0.002465792;0.002156544;0.001488896;0.0013219840000000002;0.001590272;0.0023429120000000004;0.0016650240000000002;0.001409024;0.0013783040000000001;0.002332672;0.005076991999999999;0.003618816;0.003459072;0.005355520000000001;0.004296704;0.003943424;0.004787200000000001;0.0034252799999999997;0.002225152;0.0027320319999999997;0.003637248;0.003990528;0.0030535679999999996;0.002981888;0.002802688;0.001562624;0.00177152;0.0021043200000000002;0.0011735040000000001;0.000825344;0.0010086399999999999;0.000953344;0.000786432;0.0011048960000000002;0.001318912;0.0007843840000000001;0.0006891520000000001;0.000690176;0.0006502400000000001;0.000658432;0.0004915200000000001;0.000566272;0.00045568;0.000490496;0.00063488;0.000339968;0.0001792;0.000413696;0.000401408;0.00029183999999999997;0.00024780799999999997;0.00035532799999999997;0.00039423999999999997;0.00033894400000000004
1788271200,hdr,0.0293;0.03906;0.04883;0.05859;0.06836;0.07813;0.08789;0.09766;0.10742;0.11719;0.12695;0.13672;0.14648;0.15625;0.16602;0.17578;0.18555;0.19531;0.20508;0.21484;0.22461;0.23438;0.24414;0.25391;0.26367;0.27344;0.2832;0.29297;0.30273;0.3125;0.32227;0.33203;0.3418;0.35156;0.36133;0.37109;0.38086;0.39063;0.40039;0.41016;0.41992;0.42969;0.43945;0.44922;0.45898;0.46875;0.47852;0.48828;0.49805;0.50781;0.51758;0.52734;0.53711;0.54688;0.55664;0.56641;0.57617;0.58594;0.5957;0.60547;0.61523;0.625;0.63477;0.64453;0.6543;0.66406;0.67383;0.68359;0.69336;0.70313;0.71289;0.72266;0.73242;0.74219;0.75195;0.76172;0.77148;0.78125;0.79102,0.005359616;0.008702976;0.0036556799999999997;0.0029716480000000003;0.0034979840000000004;0.003974144;0.007258112;0.005840896;0.004994048000000001;0.007367680000000001;0.0044677119999999996;0.00319488;0.002245632;0.001057792;0.001810432;0.002149376;0.0017663999999999998;0.002096128;0.002070528;0.0014940160000000001;0.0018595839999999998;0.002207744;0.0018042879999999998;0.001383424;0.001513472;0.002331648;0.00246272;0.002262016;0.002275328;0.001420288;0.001145856;0.001461248;0.00207872;0.001174528;0.0016916480000000002;0.002832384;0.002973696;0.0028487680000000002;0.00636928;0.006956032;0.004920320000000001;0.006344704;0.004092928;0.004285440000000001;0.0042496;0.004304896000000001;0.003795968;0.00305664;0.00232448;0.0027555839999999997;0.0022302719999999997;0.0020172799999999998;0.0021944319999999996;0.001649664;0.001931264;0.001174528;0.0009349119999999999;0.001154048;0.0010752000000000001;0.000714752;0.000635904;0.00082944;0.000841728;0.00067072;0.0005713920000000001;0.000656384;0.0006123519999999999;0.0006041600000000001;0.000555008;0.000502784;0.000278528;0.000246784;0.0005713920000000001;0.00048127999999999995;0.000339968;0.000507904;0.0005478400000000001;0.000524288;0.000372736
1788272100,hdr,0.0293;0.03906;0.04883;0.05859;0.06836;0.07813;0.08789;0.09766;0.10742;0.11719;0.12695;0.13672;0.14648;0.15625;0.16602;0.17578;0.18555;0.19531;0.20508;0.21484;0.22461;0.23438;0.24414;0.25391;0.26367;0.27344;0.2832;0.29297;0.30273;0.3125;0.32227;0.33203;0.3418;0.35156;0.36133;0.37109;0.38086;0.39063;0.40039;0.41016;0.41992;0.42969;0.43945;0.44922;0.45898;0.46875;0.47852;0.48828;0.49805;0.50781;0.51758;0.52734;0.53711;0.54688;0.55664;0.56641;0.57617;0.58594;0.5957;0.60547;0.61523;0.625;0.63477;0.64453;0.6543;0.66406;0.67383;0.68359;0.69336;0.70313;0.71289;0.72266;0.73242;0.74219;0.75195;0.76172;0.77148;0.78125;0.79102,0.004251648;0.009470976;0.007072768;0.007330816;0.006757376;0.005630976;0.012068864;0.009506816000000001;0.004239359999999999;0.003838976;0.003603456;0.003798016;0.003557376;0.001903616;0.001544192;0.00275456;0.0045076479999999995;0.00331776;0.0021667839999999997;0.0015206400000000002;0.002697216;0.0022487040000000002;0.0023265280000000004;0.002219008;0.002046976;0.001901568;0.0015513600000000001;0.002195456;0.0020879360000000003;0.0021534719999999996;0.002468864;0.002895872;0.0034375680000000002;0.002207744;0.002572288;0.0017336320000000001;0.001534976;0.0010455039999999998;0.001333248;0.002658304;0.0026449919999999997;0.002149376;0.002820096;0.0030341120000000003;0.003637248;0.003432448;0.0039874559999999995;0.0035645440000000002;0.002336768;0.0027904;0.0021217280000000002;0.001722368;0.0014172160000000002;0.001283072;0.00181248;0.002371584;0.001688576;0.001395712;0.001159168;0.00155648;0.0008704;0.000531456;0.0009472;0.001147904;0.000910336;0.000731136;0.000763904;0.000761856;0.0007495679999999999;0.000625664;0.000603136;0.00074752;0.000812032;0.0006502400000000001;0.00068096;0.0005324799999999999;0.000415744;0.000398336;0.0005703679999999999
1788273000,hdr,0.0293;0.03906;0.04883;0.05859;0.06836;0.07813;0.08789;0.09766;0.10742;0.11719;0.12695;0.13672;0.14648;0.15625;0.16602;0.17578;0.18555;0.19531;0.20508;0.21484;0.22461;0.23438;0.24414;0.25391;0.26367;0.27344;0.2832;0.29297;0.30273;0.3125;0.32227;0.33203;0.3418;0.35156;0.36133;0.37109;0.38086;0.39063;0.40039;0.41016;0.41992;0.42969;0.43945;0.44922;0.45898;0.46875;0.47852;0.48828;0.49805;0.50781;0.51758;0.52734;0.53711;0.54688;0.55664;0.56641;0.57617;0.58594;0.5957;0.60547;0.61523;0.625;0.63477;0.64453;0.6543;0.66406;0.67383;0.68359;0.69336;0.70313;0.71289;0.72266;0.73242;0.74219;0.75195;0.76172;0.77148;0.78125;0.79102,0.0014376960000000002;0.003629056;0.0055531520000000004;0.00584704;0.005336064000000001;0.0048332800000000006;0.00646144;0.008064;0.007366656;0.0071424;0.00467968;0.005055488;0.0025456639999999996;0.001410048;0.0021534719999999996;0.002551808;0.001588224;0.001286144;0.001555456;0.0015063040000000002;0.001903616;0.0018800639999999999;0.0013352960000000001;0.0010762240000000002;0.00103424;0.0011509760000000002;0.0012400640000000001;0.001248256;0.001430528;0.001451008;0.0012666880000000002;0.0009768959999999999;0.001580032;0.0020500479999999996;0.0032296959999999998;0.0033464320000000003;0.00442368;0.003303424;0.003844096;0.002919424;0.0030412800000000004;0.002807808;0.00282112;0.0028426239999999998;0.0021442559999999998;0.001477632;0.0018135039999999999;0.001696768;0.001523712;0.0013240320000000002;0.002374656;0.001989632;0.001297408;0.0014028799999999998;0.001086464;0.001021952;0.0011632640000000002;0.0009400319999999999;0.000919552;0.001265664;0.000986112;0.001164288;0.001062912;0.000989184;0.0012247039999999999;0.001225728;0.001212416;0.001014784;0.000937984;0.000871424;0.000553984;0.0005888;0.0009472;0.0011601919999999998;0.001188864;0.0010014719999999998;0.0005416959999999999;0.0007096320000000001;0.001086464
1788273900,hdr,0.0293;0.03906;0.04883;0.05859;0.06836;0.07813;0.08789;0.09766;0.10742;0.11719;0.12695;0.13672;0.14648;0.15625;0.16602;0.17578;0.18555;0.19531;0.20508;0.21484;0.22461;0.23438;0.24414;0.25391;0.26367;0.27344;0.2832;0.29297;0.30273;0.3125;0.32227;0.33203;0.3418;0.35156;0.36133;0.37109;0.38086;0.39063;0.40039;0.41016;0.41992;0.42969;0.43945;0.44922;0.45898;0.46875;0.47852;0.48828;0.49805;0.50781;0.51758;0.52734;0.53711;0.54688;0.55664;0.56641;0.57617;0.58594;0.5957;0.60547;0.61523;0.625;0.63477;0.64453;0.6543;0.66406;0.67383;0.68359;0.69336;0.70313;0.71289;0.72266;0.73242;0.74219;0.75195;0.76172;0.77148;0.78125;0.79102,0.002377728;0.0038881280000000002;0.007175168000000001;0.00840192;0.009579520000000001;0.004795392;0.00406528;0.0076124159999999995;0.005150719999999999;0.0063621120000000005;0.004682751999999999;0.0033546239999999996;0.002192384;0.002203648;0.00249856;0.0022927360000000005;0.002968576;0.003328;0.0023511039999999997;0.002048;0.0020746239999999997;0.002250752;0.0016916480000000002;0.001395712;0.001652736;0.0017018880000000001;0.001743872;0.0018636800000000002;0.0015544320000000001;0.0023818240000000003;0.00229888;0.0030894080000000005;0.003296256;0.0034037760000000003;0.003299328;0.00485376;0.004850688;0.004337664;0.004190208000000001;0.006301696;0.00584704;0.003866624;0.004179968;0.0036167680000000002;0.0024494079999999997;0.0021626880000000003;0.0020992000000000003;0.0019230719999999998;0.002980864;0.0030371839999999996;0.002118656;0.00195584;0.001637376;0.001932288;0.0016732160000000002;0.00162816;0.0022394880000000004;0.002660352;0.001476608;0.001281024;0.00129024;0.00108544;0.0017305600000000001;0.0018237440000000002;0.002555904;0.00270336;0.001775616;0.000927744;0.001256448;0.001645568;0.0023234560000000002;0.001840128;0.002112512;0.0015534079999999998;0.001028096;0.00101888;0.001092608;0.000694272;0.0005959680000000001
1788274800,hdr,0.0293;0.03906;0.04883;0.05859;0.06836;0.07813;0.08789;0.09766;0.10742;0.11719;0.12695;0.13672;0.14648;0.15625;0.16602;0.17578;0.18555;0.19531;0.20508;0.21484;0.22461;0.23438;0.24414;0.25391;0.26367;0.27344;0.2832;0.29297;0.30273;0.3125;0.32227;0.33203;0.3418;0.35156;0.36133;0.37109;0.38086;0.39063;0.40039;0.41016;0.41992;0.42969;0.43945;0.44922;0.45898;0.46875;0.47852;0.48828;0.49805;0.50781;0.51758;0.52734;0.53711;0.54688;0.55664;0.56641;0.57617;0.58594;0.5957;0.60547;0.61523;0.625;0.63477;0.64453;0.6543;0.66406;0.67383;0.68359;0.69336;0.70313;0.71289;0.72266;0.73242;0.74219;0.75195;0.76172;0.77148;0.78125;0.79102,0.003890176;0.008799232;0.008579072;0.006909952;0.006402048;0.00766976;0.011241472;0.00862208;0.011175936;0.009148416;0.006233088;0.005446656;0.005131264;0.003252224;0.002881536;0.00359936;0.0032839680000000004;0.002458624;0.0025047039999999995;0.002234368;0.002019328;0.00091136;0.001282048;0.00167424;0.001425408;0.00146944;0.00138752;0.001000448;0.0015544320000000001;0.002214912;0.001866752;0.001371136;0.001661952;0.004033536;0.004069376;0.004564992;0.00510464;0.0033044479999999998;0.0039034879999999997;0.005240832;0.003731456;0.0031354879999999996;0.003453952;0.002911232;0.003432448;0.002505728;0.0033331199999999997;0.0037888;0.002681856;0.002572288;0.002316288;0.001435648;0.0016445440000000002;0.0022947840000000002;0.00168448;0.001963008;0.002287616;0.00188928;0.0021002239999999995;0.002322432;0.0019210240000000001;0.001824768;0.00123904;0.0025364479999999997;0.002280448;0.00162816;0.0013783040000000001;0.0009349119999999999;0.000791552;0.0020654080000000003;0.0023500800000000005;0.0013404159999999999;0.001371136;0.001202176;0.0007352319999999999;0.000648192;0.00068096;0.0007188480000000001;0.001137664
1788275700,hdr,0.0293;0.03906;0.04883;0.05859;0.06836;0.07813;0.08789;0.09766;0.10742;0.11719;0.12695;0.13672;0.14648;0.15625;0.16602;0.17578;0.18555;0.19531;0.20508;0.21484;0.22461;0.23438;0.24414;0.25391;0.26367;0.27344;0.2832;0.29297;0.30273;0.3125;0.32227;0.33203;0.3418;0.35156;0.36133;0.37109;0.38086;0.39063;0.40039;0.41016;0.41992;0.42969;0.43945;0.44922;0.45898;0.46875;0.47852;0.48828;0.49805;0.50781;0.51758;0.52734;0.53711;0.54688;0.55664;0.56641;0.57617;0.58594;0.5957;0.60547;0.61523;0.625;0.63477;0.64453;0.6543;0.66406;0.67383;0.68359;0.69336;0.70313;0.71289;0.72266;0.73242;0.74219;0.75195;0.76172;0.77148;0.78125;0.79102,0.002477056;0.007519232;0.006206464000000001;0.00425472;0.00321536;0.00531456;0.00886784;0.007197696;0.008337408;0.009436159999999999;0.008570880000000001;0.006792192;0.004025343999999999;0.005454848;0.004281344;0.0032583679999999998;0.002310144;0.0014172160000000002;0.001296384;0.001575936;0.001439744;0.001650688;0.0015779840000000002;0.001154048;0.0015452159999999999;0.00131072;0.0010813440000000001;0.001810432;0.002029568;0.001849344;0.002436096;0.0030330879999999998;0.00413696;0.003352576;0.00398848;0.00634368;0.0055982079999999995;0.00361472;0.00395264;0.005840896;0.005143552;0.005211136;0.004011008;0.003920896;0.004122624;0.002970624;0.002762752;0.0024924160000000003;0.002336768;0.002444288;0.0018964479999999998;0.0019517439999999998;0.002369536;0.00241152;0.00234496;0.0019947520000000002;0.002156544;0.001716224;0.001805312;0.002440192;0.0024739840000000003;0.002051072;0.0020981759999999998;0.00099328;0.001922048;0.001468416;0.001504256;0.002588672;0.0022732800000000004;0.0010813440000000001;0.000656384;0.001078272;0.0010956800000000001;0.00096768;0.000813056;0.001073152;0.001130496;0.001026048;0.000731136
1788276600,hdr,0.0293;0.03906;0.04883;0.05859;0.06836;0.07813;0.08789;0.09766;0.10742;0.11719;0.12695;0.13672;0.14648;0.15625;0.16602;0.17578;0.18555;0.19531;0.20508;0.21484;0.22461;0.23438;0.24414;0.25391;0.26367;0.27344;0.2832;0.29297;0.30273;0.3125;0.32227;0.33203;0.3418;0.35156;0.36133;0.37109;0.38086;0.39063;0.40039;0.41016;0.41992;0.42969;0.43945;0.44922;0.45898;0.46875;0.47852;0.48828;0.49805;0.50781;0.51758;0.52734;0.53711;0.54688;0.55664;0.56641;0.57617;0.58594;0.5957;0.60547;0.61523;0.625;0.63477;0.64453;0.6543;0.66406;0.67383;0.68359;0.69336;0.70313;0.71289;0.72266;0.73242;0.74219;0.75195;0.76172;0.77148;0.78125;0.79102,0.0016302080000000002;0.004881408;0.002968576;0.0028723200000000003;0.002055168;0.0016128;0.005417984;0.0077711360000000005;0.008453120000000001;0.00636928;0.006622207999999999;0.0052019200000000005;0.003274752;0.002909184;0.003295232;0.00330752;0.00289792;0.0026531840000000003;0.001649664;0.003720192;0.004050944000000001;0.0018923520000000001;0.001716224;0.0019886079999999998;0.001452032;0.00146432;0.001284096;0.001581056;0.002184192;0.0028917760000000004;0.0030607359999999997;0.003364864;0.0033873920000000004;0.0032839680000000004;0.0017930239999999998;0.00275456;0.00723456;0.007541760000000001;0.0070297599999999995;0.004139008;0.004800512000000001;0.005203968;0.004683776;0.00474112;0.004069376;0.002945024;0.002356224;0.002249728;0.002164736;0.002535424;0.0029470720000000002;0.002233344;0.001974272;0.002331648;0.002405376;0.0017397760000000002;0.0015493120000000002;0.001957888;0.001256448;0.001676288;0.00272896;0.002803712;0.002118656;0.001253376;0.0012625919999999999;0.001726464;0.0017479680000000001;0.0009768959999999999;0.000813056;0.0008837120000000001;0.000768;0.00047308800000000003;0.000576512;0.000596992;0.00084992;0.0009318400000000001;0.0005918719999999999;0.000490496;0.000439296
1788277500,hdr,0.0293;0.03906;0.04883;0.05859;0.06836;0.07813;0.08789;0.09766;0.10742;0.11719;0.12695;0.13672;0.14648;0.15625;0.16602;0.17578;0.18555;0.19531;0.20508;0.21484;0.22461;0.23438;0.24414;0.25391;0.26367;0.27344;0.2832;0.29297;0.30273;0.3125;0.32227;0.33203;0.3418;0.35156;0.36133;0.37109;0.38086;0.39063;0.40039;0.41016;0.41992;0.42969;0.43945;0.44922;0.45898;0.46875;0.47852;0.48828;0.49805;0.50781;0.51758;0.52734;0.53711;0.54688;0.55664;0.56641;0.57617;0.58594;0.5957;0.60547;0.61523;0.625;0.63477;0.64453;0.6543;0.66406;0.67383;0.68359;0.69336;0.70313;0.71289;0.72266;0.73242;0.74219;0.75195;0.76172;0.77148;0.78125;0.79102,0.000545792;0.001373184;0.0023111679999999997;0.00160256;0.0034918399999999995;0.0025651199999999997;0.005188608;0.0069375999999999995;0.0075796480000000005;0.009097216;0.010119168;0.008042496;0.005108736000000001;0.006767616;0.005454848;0.003504128;0.0033791999999999997;0.0031027200000000002;0.0019148799999999999;0.0010373119999999999;0.001833984;0.001924096;0.001088512;0.00137216;0.003168256;0.004971519999999999;0.005000192;0.0026685439999999997;0.002407424;0.00340992;0.00325632;0.002712576;0.0050104319999999996;0.0039168;0.003990528;0.007118848;0.007379968;0.008710144;0.0067553280000000005;0.004977664;0.005673983999999999;0.004839424;0.004994048000000001;0.005888;0.005929984;0.00550912;0.003820544;0.00352256;0.003812352;0.004155392;0.0035123199999999998;0.002330624;0.002660352;0.00206848;0.001188864;0.001957888;0.0025456639999999996;0.002562048;0.0024299520000000004;0.0023203839999999996;0.0019148799999999999;0.0017602560000000002;0.00118784;0.001234944;0.001251328;0.0019210240000000001;0.0011735040000000001;0.001212416;0.0008652800000000001;0.000905216;0.000813056;0.001061888;0.001222656;0.0007843840000000001;0.000453632;0.00039731200000000003;0.00041779199999999995;0.00045056;0.000411648
1788278400,hdr,0.0293;0.03906;0.04883;0.05859;0.06836;0.07813;0.08789;0.09766;0.10742;0.11719;0.12695;0.13672;0.14648;0.15625;0.16602;0.17578;0.18555;0.19531;0.20508;0.21484;0.22461;0.23438;0.24414;0.25391;0.26367;0.27344;0.2832;0.29297;0.30273;0.3125;0.32227;0.33203;0.3418;0.35156;0.36133;0.37109;0.38086;0.39063;0.40039;0.41016;0.41992;0.42969;0.43945;0.44922;0.45898;0.46875;0.47852;0.48828;0.49805;0.50781;0.51758;0.52734;0.53711;0.54688;0.55664;0.56641;0.57617;0.58594;0.5957;0.60547;0.61523;0.625;0.63477;0.64453;0.6543;0.66406;0.67383;0.68359;0.69336;0.70313;0.71289;0.72266;0.73242;0.74219;0.75195;0.76172;0.77148;0.78125;0.79102,0.0009748480000000001;0.004216832;0.0023439359999999996;0.001426432;0.000882688;0.0038492160000000004;0.005832703999999999;0.008613887999999998;0.009217023999999999;0.006192128000000001;0.005497856;0.004493312000000001;0.0026624;0.004459520000000001;0.00582656;0.002354176;0.0018862080000000001;0.0023275519999999997;0.0022886399999999998;0.0017121280000000003;0.001757184;0.001439744;0.001898496;0.001726464;0.0013312;0.001026048;0.00165376;0.002386944;0.001882112;0.0021360640000000005;0.004245504000000001;0.005569536;0.004882432;0.005472255999999999;0.004922368;0.007665664;0.006239232;0.004383743999999999;0.004736;0.00600064;0.006335487999999999;0.004767744000000001;0.004787200000000001;0.00699904;0.006114304;0.0056801279999999996;0.002714624;0.004050944000000001;0.003451904;0.003144704;0.002428928;0.0025251839999999998;0.0021360640000000005;0.001364992;0.001672192;0.0015892480000000001;0.0018687999999999999;0.0016302080000000002;0.0023357440000000003;0.002569216;0.0020572159999999997;0.001114112;0.001466368;0.0011632640000000002;0.0011509760000000002;0.00090624;0.00093696;0.0013783040000000001;0.0009943039999999999;0.000852992;0.000877568;0.00062976;0.0006041600000000001;0.00047206399999999996;0.000548864;0.000789504;0.000712704;0.0005232639999999998;0.00044339199999999997
1788279300,hdr,0.0293;0.03906;0.04883;0.05859;0.06836;0.07813;0.08789;0.09766;0.10742;0.11719;0.12695;0.13672;0.14648;0.15625;0.16602;0.17578;0.18555;0.19531;0.20508;0.21484;0.22461;0.23438;0.24414;0.25391;0.26367;0.27344;0.2832;0.29297;0.30273;0.3125;0.32227;0.33203;0.3418;0.35156;0.36133;0.37109;0.38086;0.39063;0.40039;0.41016;0.41992;0.42969;0.43945;0.44922;0.45898;0.46875;0.47852;0.48828;0.49805;0.50781;0.51758;0.52734;0.53711;0.54688;0.55664;0.56641;0.57617;0.58594;0.5957;0.60547;0.61523;0.625;0.63477;0.64453;0.6543;0.66406;0.67383;0.68359;0.69336;0.70313;0.71289;0.72266;0.73242;0.74219;0.75195;0.76172;0.77148;0.78125;0.79102,0.002835456;0.0035809279999999997;0.004204544;0.003714048;0.002405376;0.0014530559999999999;0.002692096;0.00476672;0.006398976000000001;0.005408768;0.005624832;0.004809728;0.004032511999999999;0.004719616;0.005715968;0.005603328;0.00408064;0.0035481600000000003;0.0016906239999999997;0.0012687360000000001;0.001225728;0.0014940160000000001;0.0019517439999999998;0.002157568;0.001619968;0.0013568;0.001132544;0.001430528;0.0016384000000000001;0.001490944;0.001512448;0.002850816;0.0027504639999999998;0.006360064;0.007585791999999999;0.008342528;0.01140736;0.008650752000000001;0.006834176;0.006029312;0.005322752;0.004569088;0.006532096;0.007894016;0.00576;0.003236864;0.0031856640000000004;0.004416512;0.004374527999999999;0.00454144;0.0033003520000000003;0.002555904;0.0022405119999999996;0.0029695999999999998;0.004471808;0.002306048;0.001414144;0.001580032;0.001800192;0.001901568;0.001288192;0.000703488;0.00103424;0.001944576;0.001603584;0.001033216;0.000826368;0.0009543679999999999;0.00096768;0.000863232;0.00092672;0.0007423999999999999;0.000812032;0.000415744;0.000406528;0.0005304320000000001;0.0004884479999999999;0.000325632;0.000339968
1788280200,hdr,0.0293;0.03906;0.04883;0.05859;0.06836;0.07813;0.08789;0.09766;0.10742;0.11719;0.12695;0.13672;0.14648;0.15625;0.16602;0.17578;0.18555;0.19531;0.20508;0.21484;0.22461;0.23438;0.24414;0.25391;0.26367;0.27344;0.2832;0.29297;0.30273;0.3125;0.32227;0.33203;0.3418;0.35156;0.36133;0.37109;0.38086;0.39063;0.40039;0.41016;0.41992;0.42969;0.43945;0.44922;0.45898;0.46875;0.47852;0.48828;0.49805;0.50781;0.51758;0.52734;0.53711;0.54688;0.55664;0.56641;0.57617;0.58594;0.5957;0.60547;0.61523;0.625;0.63477;0.64453;0.6543;0.66406;0.67383;0.68359;0.69336;0.70313;0.71289;0.72266;0.73242;0.74219;0.75195;0.76172;0.77148;0.78125;0.79102,0.002697216;0.003767296;0.004616192;0.0031426559999999997;0.0031569919999999995;0.0023592960000000003;0.0033720319999999996;0.003728384;0.00430592;0.005761024;0.005448704;0.006501376;0.005610496;0.0034580479999999996;0.00467968;0.004920320000000001;0.003972096;0.00177152;0.00143872;0.0025753599999999996;0.002501632;0.001729536;0.00137728;0.0011919360000000002;0.001534976;0.002044928;0.002562048;0.0016404479999999999;0.002066432;0.0026296320000000002;0.002321408;0.003239936;0.0041472;0.00427008;0.006228992;0.00715264;0.006426624000000001;0.00551424;0.0058992639999999995;0.008495104;0.006979584;0.00359936;0.007171072;0.007272447999999999;0.006189055999999999;0.005357567999999999;0.003674112;0.003519488;0.004140032;0.00541184;0.004745216;0.003385344;0.0037345280000000004;0.00481792;0.0038021120000000003;0.002440192;0.002157568;0.0032573439999999997;0.004458496;0.004017152;0.00222208;0.002143232;0.001987584;0.001275904;0.0011120639999999998;0.001512448;0.001796096;0.00119808;0.000966656;0.0006778880000000001;0.000642048;0.0008622079999999999;0.000878592;0.00077312;0.0006656;0.000750592;0.0009287680000000001;0.0006092800000000001;0.000382976
1788281100,hdr,0.0293;0.03906;0.04883;0.05859;0.06836;0.07813;0.08789;0.09766;0.10742;0.11719;0.12695;0.13672;0.14648;0.15625;0.16602;0.17578;0.18555;0.19531;0.20508;0.21484;0.22461;0.23438;0.24414;0.25391;0.26367;0.27344;0.2832;0.29297;0.30273;0.3125;0.32227;0.33203;0.3418;0.35156;0.36133;0.37109;0.38086;0.39063;0.40039;0.41016;0.41992;0.42969;0.43945;0.44922;0.45898;0.46875;0.47852;0.48828;0.49805;0.50781;0.51758;0.52734;0.53711;0.54688;0.55664;0.56641;0.57617;0.58594;0.5957;0.60547;0.61523;0.625;0.63477;0.64453;0.6543;0.66406;0.67383;0.68359;0.69336;0.70313;0.71289;0.72266;0.73242;0.74219;0.75195;0.76172;0.77148;0.78125;0.79102,0.005367808;0.010710016;0.008585216;0.0027729919999999997;0.0014346239999999998;0.005912576;0.004655103999999999;0.004215808;0.007737344;0.007479295999999999;0.004455424;0.00419328;0.006421504;0.0058019840000000005;0.004091904;0.0048015359999999995;0.0031232000000000005;0.0009625599999999999;0.0015114240000000001;0.001682432;0.00183296;0.002258944;0.002638848;0.002149376;0.001110016;0.00097792;0.0014632959999999998;0.001707008;0.0018042879999999998;0.002369536;0.001850368;0.0036556799999999997;0.005844992;0.004432896;0.004091904;0.003997696;0.004395008;0.005693439999999999;0.006502399999999999;0.007940095999999999;0.006766592000000001;0.006529024;0.0052572159999999995;0.004682751999999999;0.0060661759999999995;0.006950911999999999;0.004409344;0.003556352;0.0022067199999999997;0.002502656;0.0015534079999999998;0.002542592;0.0022661120000000002;0.002425856;0.0029184000000000002;0.002953216;0.002328576;0.0018442240000000002;0.001575936;0.001783808;0.0013660159999999998;0.001395712;0.001702912;0.0015493120000000002;0.001306624;0.000649216;0.0011407359999999998;0.0010250239999999998;0.001154048;0.0011202559999999998;0.00087552;0.000656384;0.000740352;0.000840704;0.00077312;0.0006184960000000001;0.0005621760000000001;0.0005836799999999999;0.000637952
1788282000,hdr,0.0293;0.03906;0.04883;0.05859;0.06836;0.07813;0.08789;0.09766;0.10742;0.11719;0.12695;0.13672;0.14648;0.15625;0.16602;0.17578;0.18555;0.19531;0.20508;0.21484;0.22461;0.23438;0.24414;0.25391;0.26367;0.27344;0.2832;0.29297;0.30273;0.3125;0.32227;0.33203;0.3418;0.35156;0.36133;0.37109;0.38086;0.39063;0.40039;0.41016;0.41992;0.42969;0.43945;0.44922;0.45898;0.46875;0.47852;0.48828;0.49805;0.50781;0.51758;0.52734;0.53711;0.54688;0.55664;0.56641;0.57617;0.58594;0.5957;0.60547;0.61523;0.625;0.63477;0.64453;0.6543;0.66406;0.67383;0.68359;0.69336;0.70313;0.71289;0.72266;0.73242;0.74219;0.75195;0.76172;0.77148;0.78125;0.79102,0.004084736;0.008982528;0.009244671999999999;0.006649856;0.006240256;0.005491711999999999;0.0055183359999999996;0.008500224;0.012173312;0.009823232;0.009555968000000001;0.008790016;0.005853183999999999;0.008054783999999999;0.005563392;0.004426751999999999;0.00236544;0.002371584;0.0016977919999999998;0.002818048;0.00283136;0.002778112;0.00203264;0.0014735360000000001;0.0023429120000000004;0.002213888;0.001232896;0.001152;0.001074176;0.0011960319999999999;0.002020352;0.002215936;0.001895424;0.002725888;0.002932736;0.005036031999999999;0.00771584;0.0076124159999999995;0.0065187840000000006;0.0051650559999999995;0.005496832;0.006221824;0.006497279999999999;0.006286336;0.005234688;0.0048363519999999995;0.0048384;0.003198976;0.003095552;0.003072;0.0029163519999999997;0.0027279360000000002;0.002219008;0.00187392;0.00178688;0.001983488;0.001015808;0.0014448640000000001;0.0021329920000000002;0.0014448640000000001;0.0011243520000000001;0.00128;0.0012318720000000002;0.001325056;0.000743424;0.0007290879999999999;0.00090112;0.0012165119999999999;0.000912384;0.001062912;0.000720896;0.000613376;0.000644096;0.000531456;0.00059392;0.000791552;0.0008488959999999999;0.0009482239999999999;0.001318912
1788282900,hdr,0.0293;0.03906;0.04883;0.05859;0.06836;0.07813;0.08789;0.09766;0.10742;0.11719;0.12695;0.13672;0.14648;0.15625;0.16602;0.17578;0.18555;0.19531;0.20508;0.21484;0.22461;0.23438;0.24414;0.25391;0.26367;0.27344;0.2832;0.29297;0.30273;0.3125;0.32227;0.33203;0.3418;0.35156;0.36133;0.37109;0.38086;0.39063;0.40039;0.41016;0.41992;0.42969;0.43945;0.44922;0.45898;0.46875;0.47852;0.48828;0.49805;0.50781;0.51758;0.52734;0.53711;0.54688;0.55664;0.56641;0.57617;0.58594;0.5957;0.60547;0.61523;0.625;0.63477;0.64453;0.6543;0.66406;0.67383;0.68359;0.69336;0.70313;0.71289;0.72266;0.73242;0.74219;0.75195;0.76172;0.77148;0.78125;0.79102,0.005229568;0.011371520000000001;0.009793536;0.006956032;0.006301696;0.004818944;0.004016128;0.005661696;0.005091327999999999;0.0036392959999999998;0.0070246399999999995;0.007309312;0.00387584;0.006296576;0.008452096;0.004135936;0.0023848959999999996;0.0016609279999999999;0.0013475839999999998;0.00194048;0.002753536;0.0037048320000000004;0.004245504000000001;0.002646016;0.001932288;0.0015964160000000002;0.001251328;0.001527808;0.001429504;0.001490944;0.001850368;0.0017459199999999998;0.001970176;0.003027968;0.002883584;0.004297728;0.008868863999999999;0.008180736;0.0050688;0.0032;0.003957759999999999;0.00361472;0.0032501760000000005;0.004148224;0.005740544;0.005833728;0.004535295999999999;0.0048384;0.0046714880000000005;0.003442688;0.0033382399999999997;0.004546560000000001;0.00371712;0.002976768;0.003081216;0.003641344;0.004682751999999999;0.004105216;0.003434496;0.003298304;0.002638848;0.002251776;0.00160768;0.0015964160000000002;0.00124928;0.0017152;0.00274944;0.002883584;0.0027136;0.002465792;0.001119232;0.0019435519999999999;0.001306624;0.0010946560000000003;0.00146432;0.001253376;0.00090624;0.000775168;0.001057792
1788283800,hdr,0.0293;0.03906;0.04883;0.05859;0.06836;0.07813;0.08789;0.09766;0.10742;0.11719;0.12695;0.13672;0.14648;0.15625;0.16602;0.17578;0.18555;0.19531;0.20508;0.21484;0.22461;0.23438;0.24414;0.25391;0.26367;0.27344;0.2832;0.29297;0.30273;0.3125;0.32227;0.33203;0.3418;0.35156;0.36133;0.37109;0.38086;0.39063;0.40039;0.41016;0.41992;0.42969;0.43945;0.44922;0.45898;0.46875;0.47852;0.48828;0.49805;0.50781;0.51758;0.52734;0.53711;0.54688;0.55664;0.56641;0.57617;0.58594;0.5957;0.60547;0.61523;0.625;0.63477;0.64453;0.6543;0.66406;0.67383;0.68359;0.69336;0.70313;0.71289;0.72266;0.73242;0.74219;0.75195;0.76172;0.77148;0.78125;0.79102,0.0042936319999999995;0.006397952;0.008035328;0.005931008000000001;0.006458368000000001;0.007548928;0.008631296;0.006965247999999999;0.0033372160000000005;0.010801152;0.014257152;0.009860095999999999;0.005937152;0.00515584;0.003700736;0.003074048;0.0017489920000000002;0.001221632;0.0015656959999999999;0.0019435519999999999;0.002173952;0.0027555839999999997;0.001922048;0.001678336;0.00151552;0.001685504;0.0015103999999999999;0.0027351040000000004;0.002945024;0.00380416;0.003823616;0.002863104;0.0035522559999999997;0.002920448;0.002531328;0.002852864;0.0038881280000000002;0.0048486399999999995;0.0071065600000000005;0.007479295999999999;0.00417792;0.004338688;0.006597632;0.00391168;0.00525312;0.0061532159999999995;0.004175872000000001;0.0059811840000000005;0.007067648;0.005792768;0.005388288000000001;0.00441856;0.0054016;0.007815167999999999;0.008624128;0.00408064;0.004564992;0.005623808;0.005433344;0.003510272;0.003477504;0.005640192;0.00451072;0.0025139200000000002;0.002267136;0.0026624;0.001997824;0.002562048;0.0022015999999999997;0.0018575360000000001;0.002030592;0.001985536;0.001882112;0.0020746239999999997;0.001741824;0.001670144;0.0014376960000000002;0.001447936;0.0011776
1788284700,hdr,0.0293;0.03906;0.04883;0.05859;0.06836;0.07813;0.08789;0.09766;0.10742;0.11719;0.12695;0.13672;0.14648;0.15625;0.16602;0.17578;0.18555;0.19531;0.20508;0.21484;0.22461;0.23438;0.24414;0.25391;0.26367;0.27344;0.2832;0.29297;0.30273;0.3125;0.32227;0.33203;0.3418;0.35156;0.36133;0.37109;0.38086;0.39063;0.40039;0.41016;0.41992;0.42969;0.43945;0.44922;0.45898;0.46875;0.47852;0.48828;0.49805;0.50781;0.51758;0.52734;0.53711;0.54688;0.55664;0.56641;0.57617;0.58594;0.5957;0.60547;0.61523;0.625;0.63477;0.64453;0.6543;0.66406;0.67383;0.68359;0.69336;0.70313;0.71289;0.72266;0.73242;0.74219;0.75195;0.76172;0.77148;0.78125;0.79102,0.008315904;0.020324352000000004;0.020823039999999998;0.007170048000000001;0.007027712;0.007443456;0.006450175999999999;0.010301439999999999;0.015010816000000001;0.013516799999999999;0.0070092800000000005;0.008484864;0.00560128;0.004872192;0.004815872;0.003538944;0.0030412800000000004;0.003790848;0.002919424;0.0021370879999999997;0.0024903679999999997;0.0026234879999999998;0.002791424;0.002154496;0.002036736;0.0017858560000000002;0.001348608;0.001137664;0.00098816;0.0013219840000000002;0.002212864;0.00231936;0.0038932479999999998;0.004815872;0.005220352;0.00597504;0.006126591999999999;0.010120191999999998;0.009480192;0.01130496;0.009101312;0.005814272;0.00576;0.006265856000000001;0.008037376;0.010766336000000001;0.008470528;0.009495551999999999;0.007667711999999999;0.007564288000000001;0.008834047999999999;0.014442496;0.014139392000000002;0.007252992;0.009387008;0.008324096000000001;0.007891968000000001;0.008712191999999999;0.0053063680000000005;0.004569088;0.006346752000000001;0.005179392;0.0042014719999999995;0.0030904319999999997;0.0027729919999999997;0.0030443519999999997;0.002563072;0.003095552;0.00317952;0.002547712;0.002243584;0.0025528319999999997;0.0025497600000000003;0.002226176;0.0020910079999999997;0.0023173119999999998;0.0011007999999999999;0.0013680639999999998;0.000927744
1788285600,hdr,0.0293;0.03906;0.04883;0.05859;0.06836;0.07813;0.08789;0.09766;0.10742;0.11719;0.12695;0.13672;0.14648;0.15625;0.16602;0.17578;0.18555;0.19531;0.20508;0.21484;0.22461;0.23438;0.24414;0.25391;0.26367;0.27344;0.2832;0.29297;0.30273;0.3125;0.32227;0.33203;0.3418;0.35156;0.36133;0.37109;0.38086;0.39063;0.40039;0.41016;0.41992;0.42969;0.43945;0.44922;0.45898;0.46875;0.47852;0.48828;0.49805;0.50781;0.51758;0.52734;0.53711;0.54688;0.55664;0.56641;0.57617;0.58594;0.5957;0.60547;0.61523;0.625;0.63477;0.64453;0.6543;0.66406;0.67383;0.68359;0.69336;0.70313;0.71289;0.72266;0.73242;0.74219;0.75195;0.76172;0.77148;0.78125;0.79102,0.00803328;0.013008896;0.01933824;0.010370048000000002;0.007213056;0.007115776000000001;0.006560768;0.006619136;0.008736768;0.010601471999999999;0.011375616;0.011240448;0.0087808;0.009376768;0.006677504;0.005284863999999999;0.003004416;0.0024719359999999997;0.002123776;0.002368512;0.002011136;0.002229248;0.002269184;0.002576384;0.002036736;0.0016138239999999998;0.001385472;0.001942528;0.002184192;0.0014991359999999999;0.001779712;0.0018687999999999999;0.003663872;0.00338944;0.00291328;0.004096;0.00771072;0.009244671999999999;0.008280064;0.012855295999999999;0.011983872;0.007528448;0.008082432;0.01714688;0.014913536;0.008365056;0.010793984;0.014179328;0.010745856;0.009704448;0.008887295999999998;0.0067358719999999995;0.009053183999999999;0.006150144000000001;0.004921344;0.007819264;0.008778752;0.007334912;0.006079487999999999;0.004984832000000001;0.0029573119999999997;0.0038635519999999997;0.005763072;0.0041564160000000005;0.00398848;0.003832832;0.0038881280000000002;0.0042885119999999995;0.0032808959999999997;0.0027863040000000003;0.002697216;0.0031027200000000002;0.004399104;0.004353024;0.0036024319999999996;0.002873344;0.0017674240000000003;0.002156544;0.002105344
1788286500,hdr,0.0293;0.03906;0.04883;0.05859;0.06836;0.07813;0.08789;0.09766;0.10742;0.11719;0.12695;0.13672;0.14648;0.15625;0.16602;0.17578;0.18555;0.19531;0.20508;0.21484;0.22461;0.23438;0.24414;0.25391;0.26367;0.27344;0.2832;0.29297;0.30273;0.3125;0.32227;0.33203;0.3418;0.35156;0.36133;0.37109;0.38086;0.39063;0.40039;0.41016;0.41992;0.42969;0.43945;0.44922;0.45898;0.46875;0.47852;0.48828;0.49805;0.50781;0.51758;0.52734;0.53711;0.54688;0.55664;0.56641;0.57617;0.58594;0.5957;0.60547;0.61523;0.625;0.63477;0.64453;0.6543;0.66406;0.67383;0.68359;0.69336;0.70313;0.71289;0.72266;0.73242;0.74219;0.75195;0.76172;0.77148;0.78125;0.79102,0.0035850240000000005;0.0056872960000000005;0.007291903999999999;0.007177215999999999;0.005028863999999999;0.00479232;0.0033976320000000003;0.003408896;0.006930431999999999;0.009233408000000002;0.010100735999999999;0.009350144;0.009064448000000001;0.008929280000000001;0.0047861760000000005;0.004283392;0.003515392;0.0034242560000000005;0.002700288;0.0019394560000000002;0.001133568;0.001508352;0.00217088;0.002336768;0.00246784;0.00165376;0.0013424640000000002;0.001675264;0.0014151679999999999;0.0011366400000000002;0.001209344;0.002287616;0.003068928;0.004122624;0.00543744;0.006347775999999999;0.005688319999999999;0.005650432;0.01115648;0.015884288;0.016750592;0.013403136000000001;0.014150656;0.009383935999999999;0.015955968;0.014775296;0.017429504000000002;0.019009536;0.013088768;0.013542400000000001;0.014743552;0.008439807999999998;0.004941824000000001;0.008167424000000001;0.008701952;0.005065728;0.003968;0.005623808;0.006385664000000001;0.005623808;0.004043776000000001;0.004663296;0.00390656;0.0036014080000000004;0.0034652159999999997;0.0032870399999999998;0.003663872;0.0026849280000000005;0.0019968;0.0022640639999999997;0.0021626880000000003;0.0015267839999999998;0.001809408;0.001865728;0.0013639680000000001;0.0017766400000000001;0.0018687999999999999;0.0016138239999999998;0.0017018880000000001
1788287400,hdr,0.0293;0.03906;0.04883;0.05859;0.06836;0.07813;0.08789;0.09766;0.10742;0.11719;0.12695;0.13672;0.14648;0.15625;0.16602;0.17578;0.18555;0.19531;0.20508;0.21484;0.22461;0.23438;0.24414;0.25391;0.26367;0.27344;0.2832;0.29297;0.30273;0.3125;0.32227;0.33203;0.3418;0.35156;0.36133;0.37109;0.38086;0.39063;0.40039;0.41016;0.41992;0.42969;0.43945;0.44922;0.45898;0.46875;0.47852;0.48828;0.49805;0.50781;0.51758;0.52734;0.53711;0.54688;0.55664;0.56641;0.57617;0.58594;0.5957;0.60547;0.61523;0.625;0.63477;0.64453;0.6543;0.66406;0.67383;0.68359;0.69336;0.70313;0.71289;0.72266;0.73242;0.74219;0.75195;0.76172;0.77148;0.78125;0.79102,0.002086912;0.00695808;0.00827392;0.001646592;0.003908608;0.005516288;0.005057536;0.0042936319999999995;0.0071045119999999995;0.008776704;0.009435136;0.009189376;0.008640512;0.00654848;0.005179392;0.004909055999999999;0.004581375999999999;0.002863104;0.002962432;0.00282112;0.0022405119999999996;0.003940352;0.0036362239999999995;0.001900544;0.001672192;0.00210944;0.002031616;0.002117632;0.00204288;0.001403904;0.001639424;0.0016650240000000002;0.001632256;0.003145728;0.005091327999999999;0.006754304;0.010545152;0.010382336;0.005809152;0.005967871999999999;0.007671808;0.006534144;0.00654336;0.006653952;0.008425472;0.009643008;0.008301567999999999;0.009668608;0.007899136000000001;0.011036671999999999;0.011791359999999999;0.009321471999999999;0.006135808;0.007078912000000001;0.0073011199999999995;0.007975936;0.0075970560000000005;0.007411711999999999;0.0031969280000000004;0.0029460479999999997;0.0032890880000000003;0.003729408;0.003720192;0.00309248;0.0029952000000000004;0.004033536;0.00417792;0.002861056;0.0030371839999999996;0.003161088;0.002550784;0.0012113920000000002;0.001267712;0.001620992;0.0012994559999999998;0.001129472;0.0015493120000000002;0.00138752;0.002038784
1788288300,hdr,0.0293;0.03906;0.04883;0.05859;0.06836;0.07813;0.08789;0.09766;0.10742;0.11719;0.12695;0.13672;0.14648;0.15625;0.16602;0.17578;0.18555;0.19531;0.20508;0.21484;0.22461;0.23438;0.24414;0.25391;0.26367;0.27344;0.2832;0.29297;0.30273;0.3125;0.32227;0.33203;0.3418;0.35156;0.36133;0.37109;0.38086;0.39063;0.40039;0.41016;0.41992;0.42969;0.43945;0.44922;0.45898;0.46875;0.47852;0.48828;0.49805;0.50781;0.51758;0.52734;0.53711;0.54688;0.55664;0.56641;0.57617;0.58594;0.5957;0.60547;0.61523;0.625;0.63477;0.64453;0.6543;0.66406;0.67383;0.68359;0.69336;0.70313;0.71289;0.72266;0.73242;0.74219;0.75195;0.76172;0.77148;0.78125;0.79102,0.003981312;0.008574975999999998;0.017137664;0.016382976;0.01634816;0.009918464;0.008513536;0.011778048000000001;0.011738111999999998;0.010483712000000001;0.010790912;0.0071014400000000005;0.010363904;0.008702976;0.005489664000000001;0.003452928;0.003529728;0.0023848959999999996;0.002048;0.0025210880000000003;0.00311808;0.0036730879999999997;0.002828288;0.0012288;0.0010291200000000001;0.0016097280000000002;0.001425408;0.00169472;0.002142208;0.0023511039999999997;0.001970176;0.003049472;0.002277376;0.0011448320000000001;0.0027279360000000002;0.004698112;0.008288256;0.014169088;0.011333632;0.009715712;0.009117696;0.006223872;0.007454720000000001;0.006078464;0.007775232;0.005965824;0.007279616;0.00653824;0.006014976;0.0062126080000000005;0.008451072;0.007048192;0.008148992;0.008124416;0.00941056;0.007972864;0.0063846400000000005;0.0042137599999999996;0.005121024;0.004125696;0.004135936;0.004026368;0.002778112;0.0031907839999999995;0.0027310080000000005;0.0022394880000000004;0.002163712;0.003100672;0.002692096;0.0024709120000000005;0.002304;0.001846272;0.0020500479999999996;0.001933312;0.001992704;0.0016168960000000003;0.00215552;0.00199168;0.0013926400000000001
1788289200,hdr,0.0293;0.03906;0.04883;0.05859;0.06836;0.07813;0.08789;0.09766;0.10742;0.11719;0.12695;0.13672;0.14648;0.15625;0.16602;0.17578;0.18555;0.19531;0.20508;0.21484;0.22461;0.23438;0.24414;0.25391;0.26367;0.27344;0.2832;0.29297;0.30273;0.3125;0.32227;0.33203;0.3418;0.35156;0.36133;0.37109;0.38086;0.39063;0.40039;0.41016;0.41992;0.42969;0.43945;0.44922;0.45898;0.46875;0.47852;0.48828;0.49805;0.50781;0.51758;0.52734;0.53711;0.54688;0.55664;0.56641;0.57617;0.58594;0.5957;0.60547;0.61523;0.625;0.63477;0.64453;0.6543;0.66406;0.67383;0.68359;0.69336;0.70313;0.71289;0.72266;0.73242;0.74219;0.75195;0.76172;0.77148;0.78125;0.79102,0.006119424;0.014481408;0.019728383999999998;0.007753728;0.008768512;0.004975616;0.004827136;0.008667135999999999;0.008408064;0.0052224;0.00788992;0.007209984;0.007705599999999999;0.006980608;0.007883776;0.00538624;0.0040294400000000005;0.003072;0.004550656;0.0062177280000000005;0.004538368;0.002976768;0.0026859519999999997;0.0023132160000000003;0.0022568959999999996;0.0027156479999999998;0.002832384;0.002033664;0.0018513919999999999;0.001635328;0.0021442559999999998;0.002184192;0.003408896;0.0047636480000000005;0.004989951999999999;0.00620032;0.0060887039999999995;0.00763904;0.010778624;0.01152;0.007090175999999999;0.006731776;0.006408192;0.010220544;0.012227584000000001;0.006564863999999999;0.00646144;0.008311807999999999;0.007667711999999999;0.00901632;0.008030208;0.00620032;0.00809984;0.005599232;0.004846592;0.0055296;0.00699904;0.0065167359999999995;0.0041164800000000005;0.003549184;0.00267264;0.0024719359999999997;0.0024145919999999997;0.002142208;0.00176128;0.00115712;0.001968128;0.002594816;0.001627136;0.0013475839999999998;0.001731584;0.001944576;0.0016087039999999999;0.0013035520000000001;0.00218112;0.0020654080000000003;0.001558528;0.000805888;0.001038336
1788290100,hdr,0.0293;0.03906;0.04883;0.05859;0.06836;0.07813;0.08789;0.09766;0.10742;0.11719;0.12695;0.13672;0.14648;0.15625;0.16602;0.17578;0.18555;0.19531;0.20508;0.21484;0.22461;0.23438;0.24414;0.25391;0.26367;0.27344;0.2832;0.29297;0.30273;0.3125;0.32227;0.33203;0.3418;0.35156;0.36133;0.37109;0.38086;0.39063;0.40039;0.41016;0.41992;0.42969;0.43945;0.44922;0.45898;0.46875;0.47852;0.48828;0.49805;0.50781;0.51758;0.52734;0.53711;0.54688;0.55664;0.56641;0.57617;0.58594;0.5957;0.60547;0.61523;0.625;0.63477;0.64453;0.6543;0.66406;0.67383;0.68359;0.69336;0.70313;0.71289;0.72266;0.73242;0.74219;0.75195;0.76172;0.77148;0.78125;0.79102,0.004093952;0.005157888;0.007981056;0.00671232;0.006547456;0.0077690879999999995;0.004989951999999999;0.0049285119999999995;0.004083712000000001;0.0063774719999999995;0.010335232;0.008765440000000001;0.007556096000000001;0.005203968;0.0053504;0.0022568959999999996;0.00242688;0.004005887999999999;0.003069952;0.002707456;0.0018974719999999999;0.001641472;0.0025036800000000003;0.003039232;0.0028416;0.00247296;0.0031856640000000004;0.002349056;0.002043904;0.0025344;0.002505728;0.002161664;0.0030750720000000003;0.004546560000000001;0.0052592640000000005;0.006526976;0.006925312;0.011185152;0.010211327999999999;0.006861824000000001;0.007279616;0.00886272;0.007258112;0.0039034879999999997;0.0045424639999999995;0.004411392;0.005710848;0.006933504;0.006423552;0.005628928;0.004457472;0.005224448;0.005362688;0.00516608;0.005164032;0.006137856;0.0050401280000000005;0.003249152;0.002215936;0.004286464;0.004298752;0.003821568;0.0046817280000000005;0.003161088;0.002192384;0.0024145919999999997;0.002097152;0.001562624;0.001926144;0.002413568;0.0022661120000000002;0.0022661120000000002;0.002029568;0.00207872;0.001296384;0.0013639680000000001;0.001159168;0.0011970559999999997;0.001154048
1788291000,hdr,0.0293;0.03906;0.04883;0.05859;0.06836;0.07813;0.08789;0.09766;0.10742;0.11719;0.12695;0.13672;0.14648;0.15625;0.16602;0.17578;0.18555;0.19531;0.20508;0.21484;0.22461;0.23438;0.24414;0.25391;0.26367;0.27344;0.2832;0.29297;0.30273;0.3125;0.32227;0.33203;0.3418;0.35156;0.36133;0.37109;0.38086;0.39063;0.40039;0.41016;0.41992;0.42969;0.43945;0.44922;0.45898;0.46875;0.47852;0.48828;0.49805;0.50781;0.51758;0.52734;0.53711;0.54688;0.55664;0.56641;0.57617;0.58594;0.5957;0.60547;0.61523;0.625;0.63477;0.64453;0.6543;0.66406;0.67383;0.68359;0.69336;0.70313;0.71289;0.72266;0.73242;0.74219;0.75195;0.76172;0.77148;0.78125;0.79102,0.0054435840000000004;0.006679552000000001;0.003674112;0.0037222400000000004;0.006009856;0.008519679999999998;0.007827456;0.008539136;0.008034304;0.007406592;0.007169024;0.00485376;0.00532992;0.007379968;0.0070891520000000005;0.004285440000000001;0.005320704;0.0040192;0.0023388159999999996;0.002072576;0.0027658239999999996;0.00237568;0.0021299199999999996;0.001533952;0.0012185600000000003;0.001557504;0.0015267839999999998;0.001636352;0.002044928;0.0022937599999999997;0.0037918720000000004;0.006320128;0.004922368;0.00620032;0.008154112;0.011160576;0.011565056;0.010336256000000002;0.008086527999999999;0.010464256000000002;0.008891392;0.005178367999999999;0.005965824;0.00654848;0.0076892160000000005;0.010394624;0.00816128;0.006448128;0.007281664;0.0067184639999999995;0.005917696;0.0057098240000000005;0.005842944;0.004570112;0.003588096;0.0033228800000000003;0.003252224;0.004139008;0.0037918720000000004;0.004890624;0.00385536;0.002777088;0.00269824;0.002681856;0.0024791039999999998;0.0033464320000000003;0.00301568;0.002021376;0.0014274560000000001;0.001560576;0.001312768;0.001293312;0.0012912639999999999;0.001405952;0.00109056;0.0011601919999999998;0.001242112;0.001149952;0.000930816
1788291900,hdr,0.0293;0.03906;0.04883;0.05859;0.06836;0.07813;0.08789;0.09766;0.10742;0.11719;0.12695;0.13672;0.14648;0.15625;0.16602;0.17578;0.18555;0.19531;0.20508;0.21484;0.22461;0.23438;0.24414;0.25391;0.26367;0.27344;0.2832;0.29297;0.30273;0.3125;0.32227;0.33203;0.3418;0.35156;0.36133;0.37109;0.38086;0.39063;0.40039;0.41016;0.41992;0.42969;0.43945;0.44922;0.45898;0.46875;0.47852;0.48828;0.49805;0.50781;0.51758;0.52734;0.53711;0.54688;0.55664;0.56641;0.57617;0.58594;0.5957;0.60547;0.61523;0.625;0.63477;0.64453;0.6543;0.66406;0.67383;0.68359;0.69336;0.70313;0.71289;0.72266;0.73242;0.74219;0.75195;0.76172;0.77148;0.78125;0.79102,0.01075712;0.016830464;0.011318272;0.005482496;0.008379392;0.009266176;0.007145472;0.005993472;0.004544512;0.002566144;0.007819264;0.007834624;0.007719935999999999;0.008864768;0.004030464;0.004496384;0.0046919679999999995;0.002496512;0.0028917760000000004;0.002828288;0.002586624;0.0041512960000000005;0.0038256640000000003;0.003035136;0.0035614720000000004;0.0027504639999999998;0.0023889920000000004;0.002945024;0.0026695679999999998;0.0029593600000000003;0.004211712;0.007711744;0.008070144000000001;0.012264448;0.014609407999999999;0.011837440000000001;0.016450559999999996;0.013523968;0.008632319999999999;0.008346624;0.007197696;0.008024064;0.008324096000000001;0.009556991999999999;0.00628224;0.004411392;0.003810304;0.004799488;0.003429376;0.004459520000000001;0.004621312;0.003469312;0.0035368960000000003;0.004558848;0.0040396799999999995;0.004038656;0.0035522559999999997;0.0027473920000000004;0.003305472;0.004353024;0.0036157439999999997;0.002619392;0.002066432;0.0017152;0.001676288;0.0019251199999999998;0.001798144;0.001251328;0.0010250239999999998;0.001676288;0.001970176;0.001348608;0.000963584;0.00076288;0.0008765439999999999;0.001138688;0.001002496;0.001292288;0.001716224
1788292800,hdr,0.0293;0.03906;0.04883;0.05859;0.06836;0.07813;0.08789;0.09766;0.10742;0.11719;0.12695;0.13672;0.14648;0.15625;0.16602;0.17578;0.18555;0.19531;0.20508;0.21484;0.22461;0.23438;0.24414;0.25391;0.26367;0.27344;0.2832;0.29297;0.30273;0.3125;0.32227;0.33203;0.3418;0.35156;0.36133;0.37109;0.38086;0.39063;0.40039;0.41016;0.41992;0.42969;0.43945;0.44922;0.45898;0.46875;0.47852;0.48828;0.49805;0.50781;0.51758;0.52734;0.53711;0.54688;0.55664;0.56641;0.57617;0.58594;0.5957;0.60547;0.61523;0.625;0.63477;0.64453;0.6543;0.66406;0.67383;0.68359;0.69336;0.70313;0.71289;0.72266;0.73242;0.74219;0.75195;0.76172;0.77148;0.78125;0.79102,0.005152768;0.009677823999999998;0.00884736;0.005106688;0.008100864;0.0066662399999999995;0.008643584000000001;0.006489088;0.005910528;0.0077393919999999995;0.007561216;0.00827392;0.007882752;0.004493312000000001;0.0042536959999999995;0.006150144000000001;0.005085184;0.004379648;0.0037191679999999997;0.0017203200000000002;0.001849344;0.0025856;0.003431424;0.003042304;0.0033617919999999997;0.004557824;0.004286464;0.0057446400000000005;0.010788864;0.017001471999999997;0.012611584;0.020977664;0.019342335999999998;0.011201536;0.010302464;0.014029824;0.01323008;0.015009792;0.009489408;0.009069568000000002;0.012169216;0.00976384;0.00807424;0.006700032;0.003836928;0.0032389119999999996;0.0039321600000000005;0.003745792;0.002823168;0.005091327999999999;0.004322304;0.0022855680000000004;0.0021217280000000002;0.0033423359999999996;0.0035932159999999998;0.004326399999999999;0.003328;0.0016230399999999999;0.001831936;0.002064384;0.0019046400000000002;0.00226304;0.00283648;0.003068928;0.002332672;0.000913408;0.001307648;0.0013793280000000002;0.0009318400000000001;0.000990208;0.001057792;0.001338368;0.001238016;0.00151552;0.0012912639999999999;0.0017182719999999999;0.001501184;0.0010373119999999999;0.001010688
1788293700,hdr,0.0293;0.03906;0.04883;0.05859;0.06836;0.07813;0.08789;0.09766;0.10742;0.11719;0.12695;0.13672;0.14648;0.15625;0.16602;0.17578;0.18555;0.19531;0.20508;0.21484;0.22461;0.23438;0.24414;0.25391;0.26367;0.27344;0.2832;0.29297;0.30273;0.3125;0.32227;0.33203;0.3418;0.35156;0.36133;0.37109;0.38086;0.39063;0.40039;0.41016;0.41992;0.42969;0.43945;0.44922;0.45898;0.46875;0.47852;0.48828;0.49805;0.50781;0.51758;0.52734;0.53711;0.54688;0.55664;0.56641;0.57617;0.58594;0.5957;0.60547;0.61523;0.625;0.63477;0.64453;0.6543;0.66406;0.67383;0.68359;0.69336;0.70313;0.71289;0.72266;0.73242;0.74219;0.75195;0.76172;0.77148;0.78125;0.79102,0.004381696;0.004388863999999999;0.003150848;0.003567616;0.007151616;0.004574208;0.00538624;0.005724160000000001;0.004748288;0.004562943999999999;0.002864128;0.0036116480000000003;0.0044953599999999995;0.004066304;0.00241152;0.003299328;0.002874368;0.004385792;0.004805632000000001;0.002589696;0.003533824;0.004140032;0.0038871039999999997;0.00471552;0.0029982719999999997;0.003521536;0.006039551999999999;0.012822528;0.016553984;0.020319232;0.031712256;0.027378688;0.020374528000000003;0.021588992;0.01612288;0.010331136000000001;0.009654272;0.009257984;0.010267647999999999;0.013946880000000002;0.009411583999999999;0.00611328;0.006770688;0.006746112;0.005668864000000001;0.006310912;0.005715968;0.005813247999999999;0.006023168;0.005629952000000001;0.0034242560000000005;0.0027883520000000005;0.0029880320000000003;0.0032194560000000003;0.003641344;0.002424832;0.002531328;0.0018442240000000002;0.002398208;0.002302976;0.002468864;0.002619392;0.0020756480000000002;0.00268288;0.002026496;0.001333248;0.0013209599999999997;0.0013752319999999999;0.0009625599999999999;0.0005744639999999999;0.00083968;0.0009738240000000001;0.0007946240000000001;0.00074752;0.000654336;0.00041062399999999995;0.0007096320000000001;0.001353728;0.0008222720000000001
1788294600,hdr,0.0293;0.03906;0.04883;0.05859;0.06836;0.07813;0.08789;0.09766;0.10742;0.11719;0.12695;0.13672;0.14648;0.15625;0.16602;0.17578;0.18555;0.19531;0.20508;0.21484;0.22461;0.23438;0.24414;0.25391;0.26367;0.27344;0.2832;0.29297;0.30273;0.3125;0.32227;0.33203;0.3418;0.35156;0.36133;0.37109;0.38086;0.39063;0.40039;0.41016;0.41992;0.42969;0.43945;0.44922;0.45898;0.46875;0.47852;0.48828;0.49805;0.50781;0.51758;0.52734;0.53711;0.54688;0.55664;0.56641;0.57617;0.58594;0.5957;0.60547;0.61523;0.625;0.63477;0.64453;0.6543;0.66406;0.67383;0.68359;0.69336;0.70313;0.71289;0.72266;0.73242;0.74219;0.75195;0.76172;0.77148;0.78125;0.79102,0.002587648;0.005872639999999999;0.0077639679999999996;0.005115903999999999;0.004534272;0.004077568;0.002625536;0.0038000639999999997;0.003581952;0.005571584;0.004321279999999999;0.003915776;0.003828736;0.00543232;0.00462848;0.0031068159999999997;0.001936384;0.0037048320000000004;0.005859328;0.003446784;0.001610752;0.0021442559999999998;0.00252416;0.0036505599999999997;0.006622207999999999;0.008552448;0.008395776;0.016433152;0.025176063999999998;0.021376;0.05781504;0.048176128;0.029560832000000002;0.025442304;0.022678528;0.011301888000000001;0.013574144;0.011471872;0.01299968;0.011634688;0.009055232;0.006887424;0.009443327999999999;0.006424576;0.006547456;0.006583296;0.005134336000000001;0.0034263040000000002;0.0035696639999999997;0.0031774719999999998;0.0032501760000000005;0.002127872;0.00204288;0.003073024;0.0031395840000000004;0.003357696;0.0024576;0.0024012799999999996;0.0024381439999999997;0.00194048;0.0026787839999999996;0.002306048;0.0014714879999999997;0.001504256;0.0020162559999999997;0.0018800639999999999;0.00160768;0.000915456;0.0011202559999999998;0.001032192;0.0012042239999999998;0.001098752;0.0011489279999999998;0.0008355839999999999;0.000871424;0.000955392;0.0005642239999999999;0.000569344;0.00084992
1788295500,hdr,0.0293;0.03906;0.04883;0.05859;0.06836;0.07813;0.08789;0.09766;0.10742;0.11719;0.12695;0.13672;0.14648;0.15625;0.16602;0.17578;0.18555;0.19531;0.20508;0.21484;0.22461;0.23438;0.24414;0.25391;0.26367;0.27344;0.2832;0.29297;0.30273;0.3125;0.32227;0.33203;0.3418;0.35156;0.36133;0.37109;0.38086;0.39063;0.40039;0.41016;0.41992;0.42969;0.43945;0.44922;0.45898;0.46875;0.47852;0.48828;0.49805;0.50781;0.51758;0.52734;0.53711;0.54688;0.55664;0.56641;0.57617;0.58594;0.5957;0.60547;0.61523;0.625;0.63477;0.64453;0.6543;0.66406;0.67383;0.68359;0.69336;0.70313;0.71289;0.72266;0.73242;0.74219;0.75195;0.76172;0.77148;0.78125;0.79102,0.003926016;0.008255488;0.004938752;0.0030863360000000003;0.009796608;0.014252032;0.009696255999999999;0.004179968;0.00338432;0.0032839680000000004;0.003510272;0.003024896;0.00512;0.0043182080000000005;0.004857856;0.004294656;0.003127296;0.0026521599999999998;0.00234496;0.002244608;0.002184192;0.002845696;0.0027310080000000005;0.0031887359999999997;0.004412416;0.005712895999999999;0.005313536;0.012335104;0.020221952;0.028648447999999996;0.045989888;0.058110976;0.04035072;0.035473408;0.038037504;0.021881855999999998;0.012444672;0.007530496;0.008597504;0.008967168;0.007428096;0.005527552;0.0065617919999999995;0.006756352;0.005308416;0.007134208;0.006509568;0.005782528;0.003550208;0.003212288;0.003454976;0.00315904;0.003848192;0.004209664;0.002531328;0.001650688;0.0019476480000000002;0.001847296;0.0020101119999999997;0.0025088;0.002589696;0.0017489920000000002;0.0013926400000000001;0.0011837439999999998;0.001742848;0.001096704;0.0007495679999999999;0.001422336;0.00133632;0.000894976;0.0007014399999999999;0.000536576;0.00067072;0.001089536;0.000734208;0.000515072;0.000543744;0.0005754880000000001;0.000452608
1788296400,hdr,0.0293;0.03906;0.04883;0.05859;0.06836;0.07813;0.08789;0.09766;0.10742;0.11719;0.12695;0.13672;0.14648;0.15625;0.16602;0.17578;0.18555;0.19531;0.20508;0.21484;0.22461;0.23438;0.24414;0.25391;0.26367;0.27344;0.2832;0.29297;0.30273;0.3125;0.32227;0.33203;0.3418;0.35156;0.36133;0.37109;0.38086;0.39063;0.40039;0.41016;0.41992;0.42969;0.43945;0.44922;0.45898;0.46875;0.47852;0.48828;0.49805;0.50781;0.51758;0.52734;0.53711;0.54688;0.55664;0.56641;0.57617;0.58594;0.5957;0.60547;0.61523;0.625;0.63477;0.64453;0.6543;0.66406;0.67383;0.68359;0.69336;0.70313;0.71289;0.72266;0.73242;0.74219;0.75195;0.76172;0.77148;0.78125;0.79102,0.0028385280000000003;0.0021903359999999998;0.0018042879999999998;0.002020352;0.004998144;0.004950016;0.0018237440000000002;0.002762752;0.004273152;0.0035072000000000002;0.005229568;0.0033884159999999996;0.003714048;0.004071424000000001;0.0034037760000000003;0.004491264;0.003928064;0.004022272;0.0042014719999999995;0.002904064;0.002656256;0.003088384;0.002953216;0.003296256;0.004859904000000001;0.007919616;0.0085504;0.014094335999999999;0.025182207999999998;0.025908224;0.03355136;0.023989248;0.025234432;0.026728448000000002;0.01964032;0.01980416;0.019171327999999998;0.014101504;0.010655744;0.008363008;0.006433792000000001;0.009407488000000002;0.006985728;0.003503104;0.004216832;0.005282816000000001;0.004421632;0.002792448;0.00426496;0.003221504;0.003815424;0.004022272;0.00255488;0.003581952;0.0037898240000000002;0.004032511999999999;0.003654656;0.00316928;0.003910656;0.002469888;0.0017807360000000002;0.002228224;0.00207872;0.00183296;0.00150528;0.001519616;0.0008663039999999999;0.000809984;0.000715776;0.0011366400000000002;0.0012451839999999999;0.0011714560000000002;0.000996352;0.00050176;0.000606208;0.000636928;0.000653312;0.000551936;0.0004352
1788297300,hdr,0.0293;0.03906;0.04883;0.05859;0.06836;0.07813;0.08789;0.09766;0.10742;0.11719;0.12695;0.13672;0.14648;0.15625;0.16602;0.17578;0.18555;0.19531;0.20508;0.21484;0.22461;0.23438;0.24414;0.25391;0.26367;0.27344;0.2832;0.29297;0.30273;0.3125;0.32227;0.33203;0.3418;0.35156;0.36133;0.37109;0.38086;0.39063;0.40039;0.41016;0.41992;0.42969;0.43945;0.44922;0.45898;0.46875;0.47852;0.48828;0.49805;0.50781;0.51758;0.52734;0.53711;0.54688;0.55664;0.56641;0.57617;0.58594;0.5957;0.60547;0.61523;0.625;0.63477;0.64453;0.6543;0.66406;0.67383;0.68359;0.69336;0.70313;0.71289;0.72266;0.73242;0.74219;0.75195;0.76172;0.77148;0.78125;0.79102,0.0005683200000000001;0.002183168;0.0031477759999999997;0.0028057599999999996;0.0057077759999999995;0.007123968;0.005858304;0.0039495680000000005;0.002458624;0.0022661120000000002;0.003339264;0.004150272;0.004570112;0.005549056;0.004545536;0.003324928;0.005700608;0.005604352;0.002801664;0.002982912;0.0032839680000000004;0.0028190719999999997;0.004294656;0.004463616;0.004596736;0.008175616;0.011522048;0.019654656;0.035050496;0.055268352;0.056423424;0.032520192;0.01665024;0.02426368;0.018707456;0.012914688;0.010394624;0.012649472;0.009836544;0.006071296;0.0075100160000000004;0.007571456;0.006610944;0.006823936;0.0057497600000000005;0.004123648;0.004888576;0.006692864000000001;0.008519679999999998;0.006222848;0.005348352;0.00466432;0.003408896;0.002699264;0.0025036800000000003;0.002118656;0.001529856;0.002321408;0.002444288;0.00233984;0.001810432;0.001657856;0.0021862400000000003;0.0015953919999999997;0.0018216959999999998;0.0012154879999999998;0.0012451839999999999;0.001103872;0.000751616;0.000714752;0.0008652800000000001;0.0005683200000000001;0.000594944;0.000653312;0.0004956159999999999;0.000606208;0.000451584;0.0005406720000000001;0.000630784
1788298200,hdr,0.0293;0.03906;0.04883;0.05859;0.06836;0.07813;0.08789;0.09766;0.10742;0.11719;0.12695;0.13672;0.14648;0.15625;0.16602;0.17578;0.18555;0.19531;0.20508;0.21484;0.22461;0.23438;0.24414;0.25391;0.26367;0.27344;0.2832;0.29297;0.30273;0.3125;0.32227;0.33203;0.3418;0.35156;0.36133;0.37109;0.38086;0.39063;0.40039;0.41016;0.41992;0.42969;0.43945;0.44922;0.45898;0.46875;0.47852;0.48828;0.49805;0.50781;0.51758;0.52734;0.53711;0.54688;0.55664;0.56641;0.57617;0.58594;0.5957;0.60547;0.61523;0.625;0.63477;0.64453;0.6543;0.66406;0.67383;0.68359;0.69336;0.70313;0.71289;0.72266;0.73242;0.74219;0.75195;0.76172;0.77148;0.78125;0.79102,0.000893952;0.000982016;0.0013608960000000001;0.0013578239999999999;0.006428672;0.007986176000000001;0.007409664000000001;0.00302592;0.001238016;0.002014208;0.0028620800000000004;0.002865152;0.002967552;0.006380544000000001;0.008114176;0.0056832;0.002464768;0.002441216;0.0021299199999999996;0.0011960319999999999;0.00216576;0.0030894080000000005;0.003150848;0.003375104;0.008439807999999998;0.013178879999999999;0.020680703999999998;0.028496896;0.032624639999999996;0.042941440000000004;0.047158271999999994;0.04114534400000001;0.028086272000000002;0.021570560000000003;0.010211327999999999;0.014338048;0.011704319999999999;0.008480768;0.014281727999999999;0.013437952;0.00742912;0.008798208;0.009137152;0.00541184;0.005376;0.007350272;0.005970944000000001;0.003943424;0.004163584;0.004476928;0.003695616;0.005968896;0.004440064;0.0037621760000000003;0.003493888;0.0029695999999999998;0.001440768;0.001388544;0.0022241279999999997;0.0017152;0.0015851519999999998;0.001536;0.001041408;0.0014458880000000002;0.001186816;0.001227776;0.001099776;0.00068096;0.000930816;0.000915456;0.000606208;0.00046489599999999996;0.000633856;0.000765952;0.0007106559999999999;0.000576512;0.000463872;0.00041472;0.00036352
1788299100,hdr,0.0293;0.03906;0.04883;0.05859;0.06836;0.07813;0.08789;0.09766;0.10742;0.11719;0.12695;0.13672;0.14648;0.15625;0.16602;0.17578;0.18555;0.19531;0.20508;0.21484;0.22461;0.23438;0.24414;0.25391;0.26367;0.27344;0.2832;0.29297;0.30273;0.3125;0.32227;0.33203;0.3418;0.35156;0.36133;0.37109;0.38086;0.39063;0.40039;0.41016;0.41992;0.42969;0.43945;0.44922;0.45898;0.46875;0.47852;0.48828;0.49805;0.50781;0.51758;0.52734;0.53711;0.54688;0.55664;0.56641;0.57617;0.58594;0.5957;0.60547;0.61523;0.625;0.63477;0.64453;0.6543;0.66406;0.67383;0.68359;0.69336;0.70313;0.71289;0.72266;0.73242;0.74219;0.75195;0.76172;0.77148;0.78125;0.79102,0.000545792;0.001188864;0.001509376;0.001878016;0.00367616;0.005138432;0.006504448;0.006746112;0.0032819200000000002;0.0035952639999999995;0.0026705920000000003;0.001833984;0.002535424;0.0030535679999999996;0.003345408;0.0032583679999999998;0.003423232;0.003207168;0.003303424;0.002092032;0.001984512;0.0027351040000000004;0.0033208319999999997;0.00524288;0.007213056;0.009742335999999999;0.014022656;0.015152127999999999;0.028992512;0.03319296;0.041233408;0.03018752;0.029010944;0.020637696;0.021091328000000003;0.020320256000000002;0.013069312;0.016797696;0.012675072;0.010086399999999999;0.010827775999999999;0.00633856;0.006950911999999999;0.007122944000000001;0.00769536;0.00632832;0.0044031999999999995;0.00513536;0.005950464;0.004775936;0.002787328;0.004334592;0.0036403200000000003;0.002258944;0.002062336;0.002459648;0.002000896;0.0020838399999999996;0.001558528;0.001181696;0.0015697920000000002;0.000985088;0.0012154879999999998;0.00103424;0.001165312;0.001122304;0.0012687360000000001;0.0006778880000000001;0.0005867520000000001;0.0006912;0.000308224;0.00034304;0.00040243200000000004;0.0006604799999999999;0.0008622079999999999;0.000386048;0.000418816;0.000391168;0.00042598399999999997
1788300000,hdr,0.0293;0.03906;0.04883;0.05859;0.06836;0.07813;0.08789;0.09766;0.10742;0.11719;0.12695;0.13672;0.14648;0.15625;0.16602;0.17578;0.18555;0.19531;0.20508;0.21484;0.22461;0.23438;0.24414;0.25391;0.26367;0.27344;0.2832;0.29297;0.30273;0.3125;0.32227;0.33203;0.3418;0.35156;0.36133;0.37109;0.38086;0.39063;0.40039;0.41016;0.41992;0.42969;0.43945;0.44922;0.45898;0.46875;0.47852;0.48828;0.49805;0.50781;0.51758;0.52734;0.53711;0.54688;0.55664;0.56641;0.57617;0.58594;0.5957;0.60547;0.61523;0.625;0.63477;0.64453;0.6543;0.66406;0.67383;0.68359;0.69336;0.70313;0.71289;0.72266;0.73242;0.74219;0.75195;0.76172;0.77148;0.78125;0.79102,0.000385024;0.002638848;0.003923968;0.0008222720000000001;0.002980864;0.004299776;0.001811456;0.0032870399999999998;0.001782784;0.0014786559999999999;0.001816576;0.0019455999999999998;0.003883008;0.0042086400000000005;0.0025753599999999996;0.002322432;0.003016704;0.002818048;0.0018513919999999999;0.0021002239999999995;0.0021626880000000003;0.0021217280000000002;0.002476032;0.0024719359999999997;0.0048261120000000005;0.010809343999999999;0.018499584;0.02041856;0.025511936;0.033069056000000006;0.038951936;0.046083072;0.01901568;0.015995904;0.015436799999999999;0.009769983999999999;0.009017343999999998;0.007948288;0.006082560000000001;0.008390656;0.005869568;0.004880384;0.006784;0.009519104;0.005798911999999999;0.0042905600000000006;0.0033105920000000002;0.0034580479999999996;0.0045322240000000005;0.004277248000000001;0.002799616;0.002803712;0.002219008;0.0018237440000000002;0.0024872960000000004;0.00195584;0.001234944;0.001527808;0.0011448320000000001;0.00129024;0.00151552;0.001532928;0.001077248;0.001383424;0.000796672;0.000444416;0.000719872;0.000817152;0.0009359360000000001;0.000753664;0.000577536;0.0005601279999999999;0.00037376;0.00035532799999999997;0.000616448;0.000638976;0.000434176;0.000237568;0.000205824
1788300900,hdr,0.0293;0.03906;0.04883;0.05859;0.06836;0.07813;0.08789;0.09766;0.10742;0.11719;0.12695;0.13672;0.14648;0.15625;0.16602;0.17578;0.18555;0.19531;0.20508;0.21484;0.22461;0.23438;0.24414;0.25391;0.26367;0.27344;0.2832;0.29297;0.30273;0.3125;0.32227;0.33203;0.3418;0.35156;0.36133;0.37109;0.38086;0.39063;0.40039;0.41016;0.41992;0.42969;0.43945;0.44922;0.45898;0.46875;0.47852;0.48828;0.49805;0.50781;0.51758;0.52734;0.53711;0.54688;0.55664;0.56641;0.57617;0.58594;0.5957;0.60547;0.61523;0.625;0.63477;0.64453;0.6543;0.66406;0.67383;0.68359;0.69336;0.70313;0.71289;0.72266;0.73242;0.74219;0.75195;0.76172;0.77148;0.78125;0.79102,0.00017100799999999997;0.000544768;0.00016896;0.000674816;0.004816895999999999;0.006501376;0.005121024;0.004660224;0.0018196479999999999;0.002070528;0.001959936;0.002832384;0.0032337920000000005;0.003822592;0.004680704000000001;0.0036812800000000003;0.0031969280000000004;0.004291584000000001;0.005569536;0.003890176;0.002101248;0.001964032;0.001714176;0.001600512;0.00300544;0.0040294400000000005;0.005476352000000001;0.012654592;0.01777664;0.033510399999999996;0.031308800000000005;0.030332928;0.024636416;0.016106495999999998;0.011123712;0.010914816;0.01028608;0.012138495999999999;0.010171392000000001;0.007346175999999999;0.005935104;0.009121792;0.009865216;0.00621568;0.00323072;0.0057794560000000005;0.0066304;0.004883456;0.002719744;0.0035246080000000003;0.003617792;0.0023807999999999998;0.001199104;0.0018155520000000002;0.002395136;0.0020930559999999994;0.001830912;0.001850368;0.00155648;0.001185792;0.0012554240000000002;0.001098752;0.00099328;0.00099328;0.0010209280000000002;0.001156096;0.001225728;0.0010649599999999998;0.000715776;0.00075776;0.00062464;0.000489472;0.000346112;0.000360448;0.000512;0.000449536;0.00044032;0.000449536;0.00029286400000000005
1788301800,hdr,0.0293;0.03906;0.04883;0.05859;0.06836;0.07813;0.08789;0.09766;0.10742;0.11719;0.12695;0.13672;0.14648;0.15625;0.16602;0.17578;0.18555;0.19531;0.20508;0.21484;0.22461;0.23438;0.24414;0.25391;0.26367;0.27344;0.2832;0.29297;0.30273;0.3125;0.32227;0.33203;0.3418;0.35156;0.36133;0.37109;0.38086;0.39063;0.40039;0.41016;0.41992;0.42969;0.43945;0.44922;0.45898;0.46875;0.47852;0.48828;0.49805;0.50781;0.51758;0.52734;0.53711;0.54688;0.55664;0.56641;0.57617;0.58594;0.5957;0.60547;0.61523;0.625;0.63477;0.64453;0.6543;0.66406;0.67383;0.68359;0.69336;0.70313;0.71289;0.72266;0.73242;0.74219;0.75195;0.76172;0.77148;0.78125;0.79102,0.000388096;0.00064;0.0006912;0.0009615359999999999;0.004562943999999999;0.006214656;0.007898112;0.00564736;0.004112384;0.004168704;0.003166208;0.002015232;0.002267136;0.003538944;0.004888576;0.0027392;0.003079168;0.003680256;0.002028544;0.0024883199999999996;0.00247296;0.001519616;0.002188288;0.001803264;0.0022323200000000003;0.003530752;0.00579072;0.011969536;0.021723135999999997;0.030257152000000002;0.027474944;0.019210239999999996;0.019533824;0.014690304;0.013704192;0.012208128;0.011923456;0.008336384;0.0074854399999999995;0.004880384;0.004386816;0.004795392;0.004943871999999999;0.004660224;0.003851264;0.00442368;0.00541184;0.00367616;0.003472384;0.002477056;0.0019230719999999998;0.002076672;0.003076096;0.0029695999999999998;0.001898496;0.0022702079999999997;0.002082816;0.0013424640000000002;0.001164288;0.0012441599999999998;0.0009830400000000001;0.001165312;0.001429504;0.001292288;0.00103936;0.0010752000000000001;0.0006574080000000001;0.00047820800000000004;0.000649216;0.0006676480000000001;0.00068096;0.000525312;0.000459776;0.00035942400000000006;0.000400384;0.000375808;0.000226304;0.00039628799999999996;0.000381952
1788302700,hdr,0.0293;0.03906;0.04883;0.05859;0.06836;0.07813;0.08789;0.09766;0.10742;0.11719;0.12695;0.13672;0.14648;0.15625;0.16602;0.17578;0.18555;0.19531;0.20508;0.21484;0.22461;0.23438;0.24414;0.25391;0.26367;0.27344;0.2832;0.29297;0.30273;0.3125;0.32227;0.33203;0.3418;0.35156;0.36133;0.37109;0.38086;0.39063;0.40039;0.41016;0.41992;0.42969;0.43945;0.44922;0.45898;0.46875;0.47852;0.48828;0.49805;0.50781;0.51758;0.52734;0.53711;0.54688;0.55664;0.56641;0.57617;0.58594;0.5957;0.60547;0.61523;0.625;0.63477;0.64453;0.6543;0.66406;0.67383;0.68359;0.69336;0.70313;0.71289;0.72266;0.73242;0.74219;0.75195;0.76172;0.77148;0.78125;0.79102,0.0012462080000000002;0.001662976;0.001041408;0.000401408;0.005660671999999999;0.008672256000000001;0.003373056;0.002924544;0.00221184;0.001862656;0.0022906879999999995;0.003262464;0.002761728;0.002468864;0.002509824;0.002244608;0.0022712319999999998;0.003796992;0.00453632;0.0027013120000000004;0.001792;0.002214912;0.002558976;0.0028876799999999997;0.0024811519999999995;0.0028303359999999997;0.006146048;0.009245696;0.017381376;0.032408575999999994;0.025726976;0.017354752;0.026029056000000002;0.019646464;0.014567424;0.01096192;0.007760896;0.00619008;0.008216576;0.008312832000000001;0.009107456;0.006191104;0.004176895999999999;0.005724160000000001;0.00720896;0.005250047999999999;0.00413696;0.0040704;0.002417664;0.002226176;0.002746368;0.0033044479999999998;0.0026060799999999998;0.002193408;0.001901568;0.0022026240000000002;0.001782784;0.000872448;0.001063936;0.001122304;0.001073152;0.001544192;0.001229824;0.000995328;0.000781312;0.000610304;0.000512;0.00046080000000000003;0.00047411199999999995;0.00057856;0.000497664;0.00044646400000000004;0.00047104000000000004;0.00045568;0.0003584;0.00035532799999999997;0.0003072;0.00037785600000000004;0.00036147200000000005
1788303600,hdr,0.0293;0.03906;0.04883;0.05859;0.06836;0.07813;0.08789;0.09766;0.10742;0.11719;0.12695;0.13672;0.14648;0.15625;0.16602;0.17578;0.18555;0.19531;0.20508;0.21484;0.22461;0.23438;0.24414;0.25391;0.26367;0.27344;0.2832;0.29297;0.30273;0.3125;0.32227;0.33203;0.3418;0.35156;0.36133;0.37109;0.38086;0.39063;0.40039;0.41016;0.41992;0.42969;0.43945;0.44922;0.45898;0.46875;0.47852;0.48828;0.49805;0.50781;0.51758;0.52734;0.53711;0.54688;0.55664;0.56641;0.57617;0.58594;0.5957;0.60547;0.61523;0.625;0.63477;0.64453;0.6543;0.66406;0.67383;0.68359;0.69336;0.70313;0.71289;0.72266;0.73242;0.74219;0.75195;0.76172;0.77148;0.78125;0.79102,0.00029696;0.000519168;0.000733184;0.0008069119999999999;0.002760704;0.004855808;0.003774464;0.004888576;0.001649664;0.002308096;0.002116608;0.001533952;0.001490944;0.001769472;0.001792;0.002265088;0.0041512960000000005;0.004525056;0.0055930879999999995;0.003391488;0.002337792;0.002015232;0.0011632640000000002;0.001461248;0.0028989440000000005;0.005189632;0.005384192;0.0080128;0.015850496;0.023699456;0.021769216;0.02225664;0.025894912;0.021576704;0.012854271999999998;0.011516928;0.011090944;0.010034176;0.011052032000000002;0.007642112;0.0062699520000000005;0.00639488;0.007036928;0.003345408;0.0026419199999999994;0.0036321279999999997;0.002412544;0.002989056;0.004255744;0.0036270079999999997;0.0022978559999999996;0.002368512;0.001924096;0.001874944;0.00190976;0.0015390719999999998;0.00176128;0.0014991359999999999;0.00199168;0.001646592;0.000917504;0.0006973439999999999;0.0009349119999999999;0.0008704;0.000869376;0.000666624;0.0005918719999999999;0.00046592000000000004;0.000543744;0.000503808;0.000381952;0.00033792;0.00037376;0.000321536;0.00039731200000000003;0.00039628799999999996;0.00034816000000000003;0.000390144;0.000277504
1788304500,hdr,0.0293;0.03906;0.04883;0.05859;0.06836;0.07813;0.08789;0.09766;0.10742;0.11719;0.12695;0.13672;0.14648;0.15625;0.16602;0.17578;0.18555;0.19531;0.20508;0.21484;0.22461;0.23438;0.24414;0.25391;0.26367;0.27344;0.2832;0.29297;0.30273;0.3125;0.32227;0.33203;0.3418;0.35156;0.36133;0.37109;0.38086;0.39063;0.40039;0.41016;0.41992;0.42969;0.43945;0.44922;0.45898;0.46875;0.47852;0.48828;0.49805;0.50781;0.51758;0.52734;0.53711;0.54688;0.55664;0.56641;0.57617;0.58594;0.5957;0.60547;0.61523;0.625;0.63477;0.64453;0.6543;0.66406;0.67383;0.68359;0.69336;0.70313;0.71289;0.72266;0.73242;0.74219;0.75195;0.76172;0.77148;0.78125;0.79102,0.0006277120000000001;0.000637952;0.0007137280000000001;0.002008064;0.005385215999999999;0.004653056000000001;0.004373504;0.00415744;0.002210816;0.001997824;0.002134016;0.00162816;0.000791552;0.001588224;0.0021248;0.0015656959999999999;0.001891328;0.003315712;0.005250047999999999;0.004018176;0.003073024;0.0019189760000000002;0.00167424;0.0015114240000000001;0.002113536;0.003315712;0.0046346239999999995;0.006388736;0.010522624;0.015517696;0.023177216;0.020874240000000002;0.019705856;0.020435968000000002;0.0152576;0.019216384000000003;0.01636864;0.011153408000000002;0.008630272;0.006181888;0.00732672;0.006115328;0.0046192640000000005;0.0040519679999999995;0.0042956800000000005;0.004048896000000001;0.004787200000000001;0.0038871039999999997;0.0020172799999999998;0.001961984;0.002356224;0.002952192;0.003175424;0.002568192;0.0015534079999999998;0.0014274560000000001;0.001067008;0.0010813440000000001;0.0016895999999999999;0.00143872;0.0014448640000000001;0.0013260799999999999;0.0010178560000000001;0.0011284479999999998;0.00064;0.0005836799999999999;0.000519168;0.000388096;0.00040243200000000004;0.000415744;0.00046592000000000004;0.00021913599999999998;0.000303104;0.000436224;0.0004352;0.000269312;0.000156672;0.00024576000000000003;0.000303104
1788305400,hdr,0.0293;0.03906;0.04883;0.05859;0.06836;0.07813;0.08789;0.09766;0.10742;0.11719;0.12695;0.13672;0.14648;0.15625;0.16602;0.17578;0.18555;0.19531;0.20508;0.21484;0.22461;0.23438;0.24414;0.25391;0.26367;0.27344;0.2832;0.29297;0.30273;0.3125;0.32227;0.33203;0.3418;0.35156;0.36133;0.37109;0.38086;0.39063;0.40039;0.41016;0.41992;0.42969;0.43945;0.44922;0.45898;0.46875;0.47852;0.48828;0.49805;0.50781;0.51758;0.52734;0.53711;0.54688;0.55664;0.56641;0.57617;0.58594;0.5957;0.60547;0.61523;0.625;0.63477;0.64453;0.6543;0.66406;0.67383;0.68359;0.69336;0.70313;0.71289;0.72266;0.73242;0.74219;0.75195;0.76172;0.77148;0.78125;0.79102,0.00018432000000000002;1.6384e-05;1.024e-06;0.0006184960000000001;0.004407296;0.00596992;0.004230144;0.003848192;0.003218432;0.0028395519999999995;0.002130944;0.0013056;0.001006592;0.002638848;0.003699712;0.002801664;0.003161088;0.0031242239999999997;0.003864576;0.003656704;0.0019394560000000002;0.001277952;0.001391616;0.001301504;0.001707008;0.0020592640000000003;0.0027351040000000004;0.00377856;0.006152192;0.011209728;0.013572095999999999;0.017613824;0.015935487999999998;0.02108928;0.010084352000000001;0.013450240000000002;0.011963392;0.009723903999999998;0.009303039999999999;0.005024768;0.005370879999999999;0.003324928;0.004189184;0.006738944;0.006955008;0.004799488;0.004663296;0.003072;0.002184192;0.0016168960000000003;0.002318336;0.0021964800000000002;0.0017735679999999999;0.00169472;0.001692672;0.001327104;0.000896;0.001007616;0.000913408;0.000758784;0.000872448;0.00074752;0.000761856;0.0006574080000000001;0.000616448;0.000515072;0.000580608;0.000524288;0.0005959680000000001;0.0006021119999999999;0.00039936;0.000351232;0.00047308800000000003;0.000259072;0.00020377600000000002;0.00026623999999999994;0.000268288;0.00028774400000000004;0.00026623999999999994
1788306300,hdr,0.0293;0.03906;0.04883;0.05859;0.06836;0.07813;0.08789;0.09766;0.10742;0.11719;0.12695;0.13672;0.14648;0.15625;0.16602;0.17578;0.18555;0.19531;0.20508;0.21484;0.22461;0.23438;0.24414;0.25391;0.26367;0.27344;0.2832;0.29297;0.30273;0.3125;0.32227;0.33203;0.3418;0.35156;0.36133;0.37109;0.38086;0.39063;0.40039;0.41016;0.41992;0.42969;0.43945;0.44922;0.45898;0.46875;0.47852;0.48828;0.49805;0.50781;0.51758;0.52734;0.53711;0.54688;0.55664;0.56641;0.57617;0.58594;0.5957;0.60547;0.61523;0.625;0.63477;0.64453;0.6543;0.66406;0.67383;0.68359;0.69336;0.70313;0.71289;0.72266;0.73242;0.74219;0.75195;0.76172;0.77148;0.78125;0.79102,0.000241664;0.001041408;0.000386048;0.000401408;0.004119551999999999;0.007657472;0.0034795520000000003;0.003963904;0.003431424;0.001922048;0.001998848;0.0017602560000000002;0.001202176;0.0011468799999999999;0.0017408;0.0021534719999999996;0.00335872;0.0027473920000000004;0.0040796159999999995;0.004031488000000001;0.004043776000000001;0.001990656;0.001639424;0.001668096;0.002291712;0.0028487680000000002;0.0033832960000000005;0.003820544;0.003818496;0.010741759999999998;0.01813504;0.023033856;0.02175488;0.022849536;0.019866624000000003;0.016065536000000002;0.010446848;0.0066682880000000005;0.006549504;0.00485376;0.004867072;0.006133759999999999;0.0050401280000000005;0.0042536959999999995;0.0036976640000000002;0.003955712;0.0046346239999999995;0.0027842559999999997;0.00163328;0.001373184;0.002562048;0.002671616;0.003121152;0.00200192;0.002067456;0.0016650240000000002;0.001063936;0.0009584639999999999;0.000879616;0.001040384;0.0009584639999999999;0.001087488;0.000611328;0.0007280640000000001;0.000872448;0.000841728;0.00064;0.000700416;0.000802816;0.00052736;0.000284672;0.000357376;0.000492544;0.0004956159999999999;0.00029798400000000005;0.000329728;0.000272384;0.00015872;0.000108544
