Epoch Time,Processing Source,f,varianceDensity
1789689600,hdr,0.0293;0.03906;0.04883;0.05859;0.06836;0.07813;0.08789;0.09766;0.10742;0.11719;0.12695;0.13672;0.14648;0.15625;0.16602;0.17578;0.18555;0.19531;0.20508;0.21484;0.22461;0.23438;0.24414;0.25391;0.26367;0.27344;0.2832;0.29297;0.30273;0.3125;0.32227;0.33203;0.3418;0.35156;0.36133;0.37109;0.38086;0.39063;0.40039;0.41016;0.41992;0.42969;0.43945;0.44922;0.45898;0.46875;0.47852;0.48828;0.49805;0.50781;0.51758;0.52734;0.53711;0.54688;0.55664;0.56641;0.57617;0.58594;0.5957;0.60547;0.61523;0.625;0.63477;0.64453;0.6543;0.66406;0.67383;0.68359;0.69336;0.70313;0.71289;0.72266;0.73242;0.74219;0.75195;0.76172;0.77148;0.78125;0.79102,0.003795968;0.005724160000000001;0.004430848;0.006585344;0.024116224;0.046226432;0.023222272000000002;0.011239424;0.017662976;0.040005632;0.055636991999999996;0.085935104;0.080468992;0.070151168;0.09522687999999999;0.10421145600000001;0.0856832;0.07082598400000001;0.037558272000000004;0.017483776;0.012481536;0.013748224;0.01129472;0.007013376;0.006284288000000001;0.008791040000000002;0.007376896000000001;0.002961408;0.002229248;0.004005887999999999;0.0050104319999999996;0.0036403200000000003;0.00178176;0.0011120639999999998;0.001692672;0.001961984;0.0016691199999999998;0.001353728;0.0017131520000000001;0.001872896;0.001845248;0.0023838720000000004;0.002720768;0.003694592;0.0028129279999999997;0.0024002560000000004;0.0027852800000000002;0.002970624;0.00398336;0.003515392;0.002004992;0.0015616000000000002;0.001009664;0.0012666880000000002;0.0008622079999999999;0.000864256;0.001460224;0.0009584639999999999;0.00135168;0.001678336;0.0017203200000000002;0.0016936960000000002;0.001538048;0.001442816;0.001979392;0.00116224;0.000982016;0.0016138239999999998;0.001839104;0.0024719359999999997;0.00192;0.0017643519999999998;0.0011735040000000001;0.000712704;0.00123904;0.001618944;0.001069056;0.001114112;0.0019773440000000002
1789690500,hdr,0.0293;0.03906;0.04883;0.05859;0.06836;0.07813;0.08789;0.09766;0.10742;0.11719;0.12695;0.13672;0.14648;0.15625;0.16602;0.17578;0.18555;0.19531;0.20508;0.21484;0.22461;0.23438;0.24414;0.25391;0.26367;0.27344;0.2832;0.29297;0.30273;0.3125;0.32227;0.33203;0.3418;0.35156;0.36133;0.37109;0.38086;0.39063;0.40039;0.41016;0.41992;0.42969;0.43945;0.44922;0.45898;0.46875;0.47852;0.48828;0.49805;0.50781;0.51758;0.52734;0.53711;0.54688;0.55664;0.56641;0.57617;0.58594;0.5957;0.60547;0.61523;0.625;0.63477;0.64453;0.6543;0.66406;0.67383;0.68359;0.69336;0.70313;0.71289;0.72266;0.73242;0.74219;0.75195;0.76172;0.77148;0.78125;0.79102,0.00566784;0.010397696;0.006605824000000001;0.005082112;0.02494976;0.043191296000000004;0.019790848000000003;0.015318016;0.032280576000000005;0.04002508799999999;0.042133504;0.060560383999999995;0.060955647999999994;0.07274598400000001;0.091215872;0.114436096;0.086484992;0.03803648;0.03203072;0.026802176;0.018492415999999998;0.010084352000000001;0.009900032;0.00884224;0.0057251839999999995;0.007155712000000001;0.006161407999999999;0.004839424;0.0029419520000000003;0.002840576;0.0016609279999999999;0.0015063040000000002;0.0018862080000000001;0.001934336;0.001353728;0.001209344;0.0015144960000000002;0.001214464;0.001536;0.0014592000000000001;0.0015390719999999998;0.0020500479999999996;0.002382848;0.002951168;0.0027473920000000004;0.002681856;0.00226816;0.002134016;0.002258944;0.002250752;0.0021442559999999998;0.0016906239999999997;0.001723392;0.001686528;0.00124928;0.001570816;0.001639424;0.001176576;0.001626112;0.001809408;0.0016168960000000003;0.0015206400000000002;0.0014028799999999998;0.00150528;0.001818624;0.0027863040000000003;0.002665472;0.0029184000000000002;0.0021248;0.0018882559999999998;0.0023203839999999996;0.002219008;0.002174976;0.0021442559999999998;0.002168832;0.001225728;0.00084992;0.0013209599999999997;0.00190976
1789691400,hdr,0.0293;0.03906;0.04883;0.05859;0.06836;0.07813;0.08789;0.09766;0.10742;0.11719;0.12695;0.13672;0.14648;0.15625;0.16602;0.17578;0.18555;0.19531;0.20508;0.21484;0.22461;0.23438;0.24414;0.25391;0.26367;0.27344;0.2832;0.29297;0.30273;0.3125;0.32227;0.33203;0.3418;0.35156;0.36133;0.37109;0.38086;0.39063;0.40039;0.41016;0.41992;0.42969;0.43945;0.44922;0.45898;0.46875;0.47852;0.48828;0.49805;0.50781;0.51758;0.52734;0.53711;0.54688;0.55664;0.56641;0.57617;0.58594;0.5957;0.60547;0.61523;0.625;0.63477;0.64453;0.6543;0.66406;0.67383;0.68359;0.69336;0.70313;0.71289;0.72266;0.73242;0.74219;0.75195;0.76172;0.77148;0.78125;0.79102,0.007931904;0.012285952;0.011400192000000002;0.01183232;0.027831296;0.033760256;0.020570112;0.0166144;0.022521856;0.04378419199999999;0.038129663999999994;0.043267072;0.037183488;0.044073984000000004;0.047744;0.070454272;0.12594380800000002;0.081251328;0.062052352;0.03874611199999999;0.018794496;0.01320448;0.015207423999999999;0.011329536;0.009901056;0.009157631999999999;0.006694912;0.0052418560000000005;0.005269504000000001;0.0024012799999999996;0.0022968320000000004;0.0030197759999999996;0.0028221440000000004;0.002154496;0.0018831359999999999;0.001774592;0.00153088;0.0019773440000000002;0.001447936;0.001176576;0.001251328;0.00126976;0.002910208;0.00367104;0.004189184;0.003472384;0.0032511999999999997;0.002704384;0.002696192;0.002499584;0.002176;0.0028129279999999997;0.003398656;0.002977792;0.003129344;0.0032501760000000005;0.003323904;0.00388096;0.0039700479999999995;0.002156544;0.003675136;0.003913728;0.003511296;0.003369984;0.0036577280000000003;0.006458368000000001;0.0069621760000000005;0.003735552;0.003262464;0.001605632;0.0019210240000000001;0.003110912;0.0028723200000000003;0.002164736;0.002064384;0.0012462080000000002;0.001743872;0.0016977919999999998;0.001414144
1789692300,hdr,0.0293;0.03906;0.04883;0.05859;0.06836;0.07813;0.08789;0.09766;0.10742;0.11719;0.12695;0.13672;0.14648;0.15625;0.16602;0.17578;0.18555;0.19531;0.20508;0.21484;0.22461;0.23438;0.24414;0.25391;0.26367;0.27344;0.2832;0.29297;0.30273;0.3125;0.32227;0.33203;0.3418;0.35156;0.36133;0.37109;0.38086;0.39063;0.40039;0.41016;0.41992;0.42969;0.43945;0.44922;0.45898;0.46875;0.47852;0.48828;0.49805;0.50781;0.51758;0.52734;0.53711;0.54688;0.55664;0.56641;0.57617;0.58594;0.5957;0.60547;0.61523;0.625;0.63477;0.64453;0.6543;0.66406;0.67383;0.68359;0.69336;0.70313;0.71289;0.72266;0.73242;0.74219;0.75195;0.76172;0.77148;0.78125;0.79102,0.0048261120000000005;0.015920128000000002;0.016459776000000002;0.009348096;0.024009727999999998;0.034151424;0.021471232;0.012983295999999998;0.013095935999999999;0.032991231999999995;0.049132544;0.045804544;0.03998208;0.058530816;0.059923456;0.041801727999999996;0.040527872000000006;0.047081472;0.030006272;0.02330624;0.023298048000000002;0.017988608;0.011734016;0.010517504;0.011689984;0.009099264;0.007766016;0.003908608;0.004525056;0.0030453760000000002;0.002712576;0.002627584;0.00199168;0.0012400640000000001;0.001524736;0.001488896;0.002004992;0.0019937279999999997;0.0016906239999999997;0.0012451839999999999;0.002148352;0.0025036800000000003;0.002445312;0.001796096;0.002866176;0.0038911999999999996;0.0034406400000000005;0.003166208;0.003566592;0.00442368;0.005444607999999999;0.003598336;0.0030607359999999997;0.004893696;0.003175424;0.0032839680000000004;0.004252672;0.0027392;0.006889472;0.007333888;0.005536768;0.0055480320000000005;0.0036352000000000003;0.003356672;0.004228096;0.002791424;0.003844096;0.004992;0.0037058559999999996;0.0018288640000000001;0.002180096;0.0017643519999999998;0.002148352;0.00254464;0.0014796800000000001;0.0012318720000000002;0.0011366400000000002;0.001234944;0.0012871680000000002
1789694100,hdr,0.0293;0.03906;0.04883;0.05859;0.06836;0.07813;0.08789;0.09766;0.10742;0.11719;0.12695;0.13672;0.14648;0.15625;0.16602;0.17578;0.18555;0.19531;0.20508;0.21484;0.22461;0.23438;0.24414;0.25391;0.26367;0.27344;0.2832;0.29297;0.30273;0.3125;0.32227;0.33203;0.3418;0.35156;0.36133;0.37109;0.38086;0.39063;0.40039;0.41016;0.41992;0.42969;0.43945;0.44922;0.45898;0.46875;0.47852;0.48828;0.49805;0.50781;0.51758;0.52734;0.53711;0.54688;0.55664;0.56641;0.57617;0.58594;0.5957;0.60547;0.61523;0.625;0.63477;0.64453;0.6543;0.66406;0.67383;0.68359;0.69336;0.70313;0.71289;0.72266;0.73242;0.74219;0.75195;0.76172;0.77148;0.78125;0.79102,0.00441856;0.004737024;0.010921984000000001;0.016955392;0.022519808000000002;0.034829312;0.014268416;0.0076840960000000005;0.008208384;0.015656959999999998;0.05356544;0.037626879999999994;0.022782976000000003;0.029435904000000002;0.041504768;0.058681344;0.044760063999999995;0.044510207999999996;0.032463872000000005;0.020361216;0.017166336000000004;0.015592447999999998;0.010834943999999999;0.009061375999999998;0.007211008;0.007417856;0.006578176000000001;0.00410112;0.0023838720000000004;0.004424704000000001;0.0039649279999999995;0.0032440319999999996;0.0023838720000000004;0.0015185919999999998;0.0009912319999999999;0.000900096;0.000989184;0.001408;0.0015493120000000002;0.00197632;0.002674688;0.00232448;0.0014847999999999999;0.00237056;0.0035952639999999995;0.002921472;0.0024719359999999997;0.0020951040000000004;0.004586496;0.005640192;0.005448704;0.004825088;0.005512192;0.00311808;0.002496512;0.0028948479999999998;0.003291136;0.0037222400000000004;0.0055080960000000005;0.00555008;0.004802559999999999;0.00524288;0.0037765119999999997;0.003163136;0.0033044479999999998;0.0037591039999999997;0.0027740160000000002;0.0030668799999999997;0.00247808;0.0015267839999999998;0.001477632;0.002482176;0.0013824;0.000828416;0.000922624;0.0006225919999999999;0.00067584;0.000899072;0.0011366400000000002
1789695000,hdr,0.0293;0.03906;0.04883;0.05859;0.06836;0.07813;0.08789;0.09766;0.10742;0.11719;0.12695;0.13672;0.14648;0.15625;0.16602;0.17578;0.18555;0.19531;0.20508;0.21484;0.22461;0.23438;0.24414;0.25391;0.26367;0.27344;0.2832;0.29297;0.30273;0.3125;0.32227;0.33203;0.3418;0.35156;0.36133;0.37109;0.38086;0.39063;0.40039;0.41016;0.41992;0.42969;0.43945;0.44922;0.45898;0.46875;0.47852;0.48828;0.49805;0.50781;0.51758;0.52734;0.53711;0.54688;0.55664;0.56641;0.57617;0.58594;0.5957;0.60547;0.61523;0.625;0.63477;0.64453;0.6543;0.66406;0.67383;0.68359;0.69336;0.70313;0.71289;0.72266;0.73242;0.74219;0.75195;0.76172;0.77148;0.78125;0.79102,0.005898240000000001;0.009192448;0.014462975999999999;0.012409856;0.012526592000000001;0.036696064;0.023276544000000003;0.012304384;0.01202688;0.025513984;0.032420864;0.033098752;0.036400128000000004;0.049739776;0.050743296;0.03359232;0.038124544;0.033498112000000003;0.0335616;0.024092672;0.015995904;0.011641855999999999;0.008967168;0.010650624;0.008206336000000002;0.004425728;0.003058688;0.004764671999999999;0.003412992;0.003867648;0.004139008;0.002767872;0.0027105280000000002;0.00239104;0.002154496;0.0014438399999999998;0.0024903679999999997;0.002596864;0.0016988160000000001;0.002445312;0.0026439680000000004;0.002572288;0.0030453760000000002;0.0024637440000000004;0.001610752;0.00326656;0.0046346239999999995;0.004298752;0.00451584;0.0046868479999999995;0.005367808;0.0037949439999999997;0.00393728;0.003480576;0.004448255999999999;0.004918272;0.004800512000000001;0.0029798399999999997;0.0029460479999999997;0.00327168;0.0026480640000000003;0.002118656;0.002973696;0.002920448;0.002506752;0.0028129279999999997;0.0022374400000000003;0.002817024;0.0021524480000000004;0.001731584;0.001161216;0.00134656;0.001306624;0.0017725439999999998;0.001599488;0.0012666880000000002;0.001435648;0.001467392;0.00137728
1789695900,hdr,0.0293;0.03906;0.04883;0.05859;0.06836;0.07813;0.08789;0.09766;0.10742;0.11719;0.12695;0.13672;0.14648;0.15625;0.16602;0.17578;0.18555;0.19531;0.20508;0.21484;0.22461;0.23438;0.24414;0.25391;0.26367;0.27344;0.2832;0.29297;0.30273;0.3125;0.32227;0.33203;0.3418;0.35156;0.36133;0.37109;0.38086;0.39063;0.40039;0.41016;0.41992;0.42969;0.43945;0.44922;0.45898;0.46875;0.47852;0.48828;0.49805;0.50781;0.51758;0.52734;0.53711;0.54688;0.55664;0.56641;0.57617;0.58594;0.5957;0.60547;0.61523;0.625;0.63477;0.64453;0.6543;0.66406;0.67383;0.68359;0.69336;0.70313;0.71289;0.72266;0.73242;0.74219;0.75195;0.76172;0.77148;0.78125;0.79102,0.001507328;0.002615296;0.002076672;0.0029655040000000003;0.027620351999999997;0.04163891199999999;0.017339392;0.006749183999999999;0.013940735999999999;0.023862272;0.025821183999999997;0.027322368000000003;0.015067136;0.022079488;0.06226944;0.048401408;0.033190911999999996;0.030160896;0.021795839999999997;0.014956544;0.018461696;0.015622144000000001;0.010815488;0.005660671999999999;0.006392832;0.007407616;0.005907456;0.006948864000000001;0.005711872;0.0035850240000000005;0.003088384;0.0029573119999999997;0.0028047360000000004;0.0027402240000000003;0.002262016;0.00187392;0.0015452159999999999;0.0014653440000000002;0.001067008;0.002067456;0.002720768;0.002494464;0.0018595839999999998;0.002045952;0.005030912;0.004796416;0.004875263999999999;0.007454720000000001;0.00866816;0.005832703999999999;0.0048128;0.006510592;0.005462016000000001;0.007222272;0.008572928;0.006240256;0.005787648;0.007549952;0.006131712;0.005482496;0.006632448;0.005210112;0.002722816;0.003922944;0.005087232;0.00334336;0.002762752;0.002707456;0.003576832;0.002409472;0.002528256;0.002318336;0.0018083840000000001;0.001542144;0.002907136;0.003621888;0.0019947520000000002;0.001467392;0.00136192
1789696800,hdr,0.0293;0.03906;0.04883;0.05859;0.06836;0.07813;0.08789;0.09766;0.10742;0.11719;0.12695;0.13672;0.14648;0.15625;0.16602;0.17578;0.18555;0.19531;0.20508;0.21484;0.22461;0.23438;0.24414;0.25391;0.26367;0.27344;0.2832;0.29297;0.30273;0.3125;0.32227;0.33203;0.3418;0.35156;0.36133;0.37109;0.38086;0.39063;0.40039;0.41016;0.41992;0.42969;0.43945;0.44922;0.45898;0.46875;0.47852;0.48828;0.49805;0.50781;0.51758;0.52734;0.53711;0.54688;0.55664;0.56641;0.57617;0.58594;0.5957;0.60547;0.61523;0.625;0.63477;0.64453;0.6543;0.66406;0.67383;0.68359;0.69336;0.70313;0.71289;0.72266;0.73242;0.74219;0.75195;0.76172;0.77148;0.78125;0.79102,0.0025610240000000003;0.0013824;0.0025108480000000004;0.005174272;0.023912448;0.033766399999999995;0.01849856;0.00890368;0.012456960000000001;0.022011904000000002;0.0373504;0.036470784;0.036251648000000004;0.036826112;0.044471296;0.04140544;0.040968192;0.034950144;0.023945216;0.013881344;0.009320448;0.007918592;0.012048384;0.011220992;0.007457792;0.007841792;0.005213184;0.005762048;0.007913472;0.005440512;0.003263488;0.00353792;0.006129664;0.004888576;0.0021626880000000003;0.002034688;0.0018012159999999998;0.0022947840000000002;0.0023388159999999996;0.0027310080000000005;0.003375104;0.00336896;0.005133312;0.006858752;0.0051650559999999995;0.0059238400000000005;0.004799488;0.0038656000000000003;0.006115328;0.008730624;0.008090624;0.00837632;0.007800832;0.004558848;0.00394752;0.004569088;0.004677631999999999;0.003720192;0.0030832639999999996;0.0032808959999999997;0.004996095999999999;0.005206016;0.004932608;0.0044052480000000005;0.004666368000000001;0.00384512;0.003714048;0.0037632;0.0025108480000000004;0.00255488;0.0021903359999999998;0.0016435199999999999;0.002105344;0.002642944;0.0027729919999999997;0.002208768;0.0020951040000000004;0.001662976;0.001540096
1789697700,hdr,0.0293;0.03906;0.04883;0.05859;0.06836;0.07813;0.08789;0.09766;0.10742;0.11719;0.12695;0.13672;0.14648;0.15625;0.16602;0.17578;0.18555;0.19531;0.20508;0.21484;0.22461;0.23438;0.24414;0.25391;0.26367;0.27344;0.2832;0.29297;0.30273;0.3125;0.32227;0.33203;0.3418;0.35156;0.36133;0.37109;0.38086;0.39063;0.40039;0.41016;0.41992;0.42969;0.43945;0.44922;0.45898;0.46875;0.47852;0.48828;0.49805;0.50781;0.51758;0.52734;0.53711;0.54688;0.55664;0.56641;0.57617;0.58594;0.5957;0.60547;0.61523;0.625;0.63477;0.64453;0.6543;0.66406;0.67383;0.68359;0.69336;0.70313;0.71289;0.72266;0.73242;0.74219;0.75195;0.76172;0.77148;0.78125;0.79102,0.0048486399999999995;0.002688;0.005543936;0.006129664;0.03468288;0.062688256;0.020845568;0.0075264;0.010790912;0.037280768000000006;0.041595903999999996;0.041686016000000006;0.029622271999999998;0.021550080000000003;0.046147584000000005;0.06840012799999999;0.04086272;0.021672959999999998;0.027779072;0.030416896000000002;0.015973376;0.011805696;0.019131392000000004;0.01337856;0.006589439999999999;0.007744512;0.005764096000000001;0.004001792;0.0034048;0.003579904;0.003313664;0.0036577280000000003;0.0029378560000000004;0.0023889920000000004;0.0025856;0.002777088;0.003150848;0.002101248;0.0028723200000000003;0.0041164800000000005;0.006586368;0.005229568;0.006102016;0.006935552;0.0045322240000000005;0.003653632;0.003979264;0.008521728;0.013809664;0.014646271999999998;0.00719872;0.007174144;0.00659968;0.004525056;0.00470528;0.006433792000000001;0.008921087999999999;0.006242304;0.004122624;0.00490496;0.003345408;0.003920896;0.00404992;0.004274175999999999;0.005156864;0.004539392000000001;0.0031938559999999997;0.003324928;0.0029655040000000003;0.002551808;0.003716096;0.003473408;0.0025047039999999995;0.001835008;0.001581056;0.0030228480000000003;0.002403328;0.0023511039999999997;0.002496512
1789698600,hdr,0.0293;0.03906;0.04883;0.05859;0.06836;0.07813;0.08789;0.09766;0.10742;0.11719;0.12695;0.13672;0.14648;0.15625;0.16602;0.17578;0.18555;0.19531;0.20508;0.21484;0.22461;0.23438;0.24414;0.25391;0.26367;0.27344;0.2832;0.29297;0.30273;0.3125;0.32227;0.33203;0.3418;0.35156;0.36133;0.37109;0.38086;0.39063;0.40039;0.41016;0.41992;0.42969;0.43945;0.44922;0.45898;0.46875;0.47852;0.48828;0.49805;0.50781;0.51758;0.52734;0.53711;0.54688;0.55664;0.56641;0.57617;0.58594;0.5957;0.60547;0.61523;0.625;0.63477;0.64453;0.6543;0.66406;0.67383;0.68359;0.69336;0.70313;0.71289;0.72266;0.73242;0.74219;0.75195;0.76172;0.77148;0.78125;0.79102,0.004279296;0.005947392;0.00966144;0.009724928;0.014050304;0.012734464;0.005424127999999999;0.005701632;0.008608768;0.014185472000000001;0.056757247999999996;0.046243839999999994;0.024720383999999998;0.019880960000000003;0.020455424;0.046422015999999997;0.05241036799999999;0.040797184;0.018552832;0.015346688;0.011814912;0.008915967999999998;0.009268224;0.010074112;0.007078912000000001;0.007048192;0.008022016;0.005604352;0.003162112;0.0022886399999999998;0.002817024;0.003674112;0.00331776;0.003299328;0.002619392;0.002849792;0.002617344;0.002337792;0.0038696959999999997;0.005885951999999999;0.005380095999999999;0.008497152000000001;0.008382464;0.00679936;0.012047359999999998;0.012782591999999999;0.016221184;0.017136639999999998;0.014765055999999999;0.010945536;0.007866368;0.006913024;0.00656896;0.00513536;0.008440832;0.010370048000000002;0.011019263999999999;0.007977984;0.005815296;0.005535744;0.005438464;0.003587072;0.0028436480000000003;0.003994624;0.004617216;0.0044922880000000005;0.003713024;0.004225024;0.003007488;0.0022814719999999997;0.001839104;0.00168448;0.0021452800000000003;0.0018995200000000002;0.001770496;0.0010813440000000001;0.001722368;0.0023592960000000003;0.0020101119999999997
1789699500,hdr,0.0293;0.03906;0.04883;0.05859;0.06836;0.07813;0.08789;0.09766;0.10742;0.11719;0.12695;0.13672;0.14648;0.15625;0.16602;0.17578;0.18555;0.19531;0.20508;0.21484;0.22461;0.23438;0.24414;0.25391;0.26367;0.27344;0.2832;0.29297;0.30273;0.3125;0.32227;0.33203;0.3418;0.35156;0.36133;0.37109;0.38086;0.39063;0.40039;0.41016;0.41992;0.42969;0.43945;0.44922;0.45898;0.46875;0.47852;0.48828;0.49805;0.50781;0.51758;0.52734;0.53711;0.54688;0.55664;0.56641;0.57617;0.58594;0.5957;0.60547;0.61523;0.625;0.63477;0.64453;0.6543;0.66406;0.67383;0.68359;0.69336;0.70313;0.71289;0.72266;0.73242;0.74219;0.75195;0.76172;0.77148;0.78125;0.79102,0.003484672;0.009455616;0.009797631999999999;0.006029312;0.024643584;0.039725056;0.017345536;0.009106432000000001;0.013349888;0.016857088;0.034671616;0.023606272;0.021569536;0.037346304000000004;0.036982784;0.022278144;0.02331136;0.047986688;0.027346943999999998;0.020883455999999998;0.016198656;0.016543744;0.010548224;0.00837632;0.008552448;0.006396928;0.0046868479999999995;0.004299776;0.003959808;0.005302272;0.006194175999999999;0.002361344;0.00383488;0.004150272;0.00298496;0.0024791039999999998;0.004259839999999999;0.005602304;0.005842944;0.005861376000000001;0.008628224;0.009784319999999999;0.010604544;0.01546752;0.018450432;0.021296128;0.022455296000000003;0.016192512;0.014798848;0.008854528;0.009749504;0.0056576000000000005;0.006096896;0.008958976;0.006545408;0.005131264;0.00636928;0.005612544;0.003453952;0.006079487999999999;0.00673792;0.004614144;0.004146176;0.003698688;0.0032256;0.003454976;0.002948096;0.003915776;0.002962432;0.0036884480000000004;0.0034109440000000004;0.003224576;0.002666496;0.002369536;0.0015779840000000002;0.00143872;0.0018882559999999998;0.001954816;0.002528256
1789700400,hdr,0.0293;0.03906;0.04883;0.05859;0.06836;0.07813;0.08789;0.09766;0.10742;0.11719;0.12695;0.13672;0.14648;0.15625;0.16602;0.17578;0.18555;0.19531;0.20508;0.21484;0.22461;0.23438;0.24414;0.25391;0.26367;0.27344;0.2832;0.29297;0.30273;0.3125;0.32227;0.33203;0.3418;0.35156;0.36133;0.37109;0.38086;0.39063;0.40039;0.41016;0.41992;0.42969;0.43945;0.44922;0.45898;0.46875;0.47852;0.48828;0.49805;0.50781;0.51758;0.52734;0.53711;0.54688;0.55664;0.56641;0.57617;0.58594;0.5957;0.60547;0.61523;0.625;0.63477;0.64453;0.6543;0.66406;0.67383;0.68359;0.69336;0.70313;0.71289;0.72266;0.73242;0.74219;0.75195;0.76172;0.77148;0.78125;0.79102,0.002939904;0.004107264;0.006258688;0.00796672;0.028980224;0.029989888;0.01086464;0.005876736;0.011559936;0.025879552;0.035314688;0.035948544;0.02806784;0.021138432000000002;0.020841471999999996;0.028296192;0.024444928;0.018719744;0.025847808;0.02000896;0.009975808000000001;0.014274559999999999;0.013465600000000001;0.005586944;0.0060928;0.005917696;0.005230592;0.004312064;0.0027105280000000002;0.003687424;0.004057088;0.004225024;0.003877888;0.001854464;0.003567616;0.005968896;0.007537664;0.005696512000000001;0.006526976;0.008672256000000001;0.011515904;0.012291072;0.012823552;0.013883392;0.020179967999999996;0.024825856000000004;0.020912128000000002;0.016310272;0.020023296;0.015939584;0.010415104;0.008700928;0.008949760000000001;0.013093888;0.010094592000000001;0.006641663999999999;0.008208384;0.006808576;0.00522752;0.004834304;0.004829183999999999;0.004795392;0.00581632;0.00352256;0.001998848;0.003067904;0.003411968;0.0027842559999999997;0.002904064;0.002558976;0.0034242560000000005;0.0026245120000000003;0.002589696;0.002581504;0.003303424;0.003694592;0.002105344;0.001723392;0.00188928
1789701300,hdr,0.0293;0.03906;0.04883;0.05859;0.06836;0.07813;0.08789;0.09766;0.10742;0.11719;0.12695;0.13672;0.14648;0.15625;0.16602;0.17578;0.18555;0.19531;0.20508;0.21484;0.22461;0.23438;0.24414;0.25391;0.26367;0.27344;0.2832;0.29297;0.30273;0.3125;0.32227;0.33203;0.3418;0.35156;0.36133;0.37109;0.38086;0.39063;0.40039;0.41016;0.41992;0.42969;0.43945;0.44922;0.45898;0.46875;0.47852;0.48828;0.49805;0.50781;0.51758;0.52734;0.53711;0.54688;0.55664;0.56641;0.57617;0.58594;0.5957;0.60547;0.61523;0.625;0.63477;0.64453;0.6543;0.66406;0.67383;0.68359;0.69336;0.70313;0.71289;0.72266;0.73242;0.74219;0.75195;0.76172;0.77148;0.78125;0.79102,0.010389504;0.016447488;0.019078144000000002;0.013330432000000001;0.029171712;0.031916032000000004;0.014311424000000001;0.007981056;0.014565376;0.021195776;0.048756735999999995;0.029243392;0.02783744;0.019854336;0.018353152;0.024503295999999997;0.030181376;0.029299712;0.021474304;0.012805120000000001;0.014410752;0.007042048;0.010092544;0.006995968000000001;0.006986752000000001;0.009348096;0.007972864;0.006457344;0.006065152;0.00592896;0.004427776;0.004929536;0.006059008000000001;0.003386368;0.004486144;0.005915648;0.007169024;0.0070768639999999996;0.01048576;0.009765888;0.013043711999999999;0.023002112;0.019924992;0.021209088;0.021581824;0.017522687999999998;0.013932544;0.013345791999999999;0.012442624;0.019188735999999998;0.009668608;0.00687616;0.00723456;0.006693888;0.006468607999999999;0.005325824;0.0077639679999999996;0.007340032;0.005629952000000001;0.005582848;0.004432896;0.006233088;0.006146048;0.005181440000000001;0.003918848;0.00443904;0.00397312;0.004214784;0.003007488;0.002547712;0.003612672;0.003709952;0.002944;0.0026449919999999997;0.002008064;0.0012544;0.002151424;0.0027852800000000002;0.0025108480000000004
1789702200,hdr,0.0293;0.03906;0.04883;0.05859;0.06836;0.07813;0.08789;0.09766;0.10742;0.11719;0.12695;0.13672;0.14648;0.15625;0.16602;0.17578;0.18555;0.19531;0.20508;0.21484;0.22461;0.23438;0.24414;0.25391;0.26367;0.27344;0.2832;0.29297;0.30273;0.3125;0.32227;0.33203;0.3418;0.35156;0.36133;0.37109;0.38086;0.39063;0.40039;0.41016;0.41992;0.42969;0.43945;0.44922;0.45898;0.46875;0.47852;0.48828;0.49805;0.50781;0.51758;0.52734;0.53711;0.54688;0.55664;0.56641;0.57617;0.58594;0.5957;0.60547;0.61523;0.625;0.63477;0.64453;0.6543;0.66406;0.67383;0.68359;0.69336;0.70313;0.71289;0.72266;0.73242;0.74219;0.75195;0.76172;0.77148;0.78125;0.79102,0.013535232;0.018479104;0.011131904;0.010637312;0.023586816;0.03616768;0.023736319999999998;0.011039744;0.010633216;0.013550592;0.029149184;0.04731392;0.032113664;0.014916608;0.021921792000000002;0.013734912;0.013730816;0.019719168000000002;0.019852288;0.016955392;0.009488384;0.010602496000000001;0.008916992;0.00782336;0.008211456;0.008582144;0.007158784;0.004989951999999999;0.008261632000000001;0.007179264;0.004990975999999999;0.005434368;0.007223296000000001;0.012038144;0.015264768;0.015763456;0.013651968;0.016838656;0.0245248;0.020374528000000003;0.021146624;0.01719808;0.01628672;0.014313472000000002;0.018628608;0.014327808;0.011154432;0.013794304;0.012353536;0.009870335999999999;0.00779776;0.006781952;0.009450496;0.010882047999999998;0.008644608;0.011157503999999999;0.008886272;0.006565888;0.005071872000000001;0.005318656;0.005682176000000001;0.0034385919999999994;0.005110783999999999;0.004962303999999999;0.005280768;0.002306048;0.002594816;0.004914176;0.0050104319999999996;0.003168256;0.0032020480000000003;0.003076096;0.0030894080000000005;0.0023807999999999998;0.002417664;0.0017971200000000001;0.001575936;0.00165888;0.000913408
1789703100,hdr,0.0293;0.03906;0.04883;0.05859;0.06836;0.07813;0.08789;0.09766;0.10742;0.11719;0.12695;0.13672;0.14648;0.15625;0.16602;0.17578;0.18555;0.19531;0.20508;0.21484;0.22461;0.23438;0.24414;0.25391;0.26367;0.27344;0.2832;0.29297;0.30273;0.3125;0.32227;0.33203;0.3418;0.35156;0.36133;0.37109;0.38086;0.39063;0.40039;0.41016;0.41992;0.42969;0.43945;0.44922;0.45898;0.46875;0.47852;0.48828;0.49805;0.50781;0.51758;0.52734;0.53711;0.54688;0.55664;0.56641;0.57617;0.58594;0.5957;0.60547;0.61523;0.625;0.63477;0.64453;0.6543;0.66406;0.67383;0.68359;0.69336;0.70313;0.71289;0.72266;0.73242;0.74219;0.75195;0.76172;0.77148;0.78125;0.79102,0.01306624;0.014118912;0.008368128;0.01588736;0.01911808;0.02601984;0.015683584;0.010475519999999999;0.013118464;0.018206720000000003;0.038155264;0.038199295999999994;0.014616576000000001;0.014670848;0.018455552;0.014176256000000002;0.012447744;0.018430976;0.022020096;0.013237248;0.012560384;0.012509184;0.009065472;0.004994048000000001;0.006889472;0.010359808;0.00800256;0.004342784;0.004630528;0.007667711999999999;0.00983552;0.00743936;0.008652799999999999;0.00812544;0.010384384;0.014299136;0.018105344;0.019838975999999998;0.025019392;0.030897151999999997;0.023288832;0.010875904;0.011868159999999999;0.018894848;0.013700096;0.007561216;0.007694336;0.00937472;0.009232384;0.011940863999999999;0.009920512000000001;0.00668672;0.011500544;0.008402943999999999;0.006742016;0.010696704;0.007916544;0.004165632;0.00573952;0.009768959999999998;0.005021696000000001;0.0033546239999999996;0.004082688;0.0055429120000000005;0.0051271680000000005;0.005121024;0.00433152;0.002250752;0.0029655040000000003;0.0038256640000000003;0.003241984;0.0030126080000000004;0.003006464;0.0033208319999999997;0.0027729919999999997;0.0022814719999999997;0.002753536;0.0019251199999999998;0.0018831359999999999
1789704000,hdr,0.0293;0.03906;0.04883;0.05859;0.06836;0.07813;0.08789;0.09766;0.10742;0.11719;0.12695;0.13672;0.14648;0.15625;0.16602;0.17578;0.18555;0.19531;0.20508;0.21484;0.22461;0.23438;0.24414;0.25391;0.26367;0.27344;0.2832;0.29297;0.30273;0.3125;0.32227;0.33203;0.3418;0.35156;0.36133;0.37109;0.38086;0.39063;0.40039;0.41016;0.41992;0.42969;0.43945;0.44922;0.45898;0.46875;0.47852;0.48828;0.49805;0.50781;0.51758;0.52734;0.53711;0.54688;0.55664;0.56641;0.57617;0.58594;0.5957;0.60547;0.61523;0.625;0.63477;0.64453;0.6543;0.66406;0.67383;0.68359;0.69336;0.70313;0.71289;0.72266;0.73242;0.74219;0.75195;0.76172;0.77148;0.78125;0.79102,0.008512511999999998;0.021235712;0.013611007999999999;0.011776;0.033577984000000005;0.058870784;0.025654272;0.010587135999999999;0.01337344;0.023913471999999998;0.031739904;0.027090944;0.019826688000000002;0.020402176;0.015579136;0.018545663999999996;0.022987776;0.022041599999999998;0.027166720000000002;0.023242752000000002;0.015624192;0.018151424;0.011491328;0.009873408;0.013210623999999999;0.011609088;0.010968064;0.008288256;0.0045475839999999995;0.005827584;0.010651648;0.012562431999999998;0.012419072;0.01672704;0.024390656;0.046621696000000004;0.049705984;0.032887808;0.025739263999999998;0.016850944;0.012826624;0.013512704;0.019247104;0.015159296000000001;0.010135551999999999;0.009529343999999999;0.006870016;0.008803328000000001;0.010635263999999998;0.010301439999999999;0.007411711999999999;0.006670336000000001;0.008717312;0.006254592;0.003723264;0.00398336;0.0037693439999999996;0.004770816;0.005952512;0.004356095999999999;0.004209664;0.004329472;0.004608;0.003559424;0.002055168;0.004239359999999999;0.004232192;0.003995648;0.0033925120000000003;0.0026347520000000006;0.002341888;0.001765376;0.0018810880000000002;0.003550208;0.003728384;0.001876992;0.0022927360000000005;0.002777088;0.001839104
1789704900,hdr,0.0293;0.03906;0.04883;0.05859;0.06836;0.07813;0.08789;0.09766;0.10742;0.11719;0.12695;0.13672;0.14648;0.15625;0.16602;0.17578;0.18555;0.19531;0.20508;0.21484;0.22461;0.23438;0.24414;0.25391;0.26367;0.27344;0.2832;0.29297;0.30273;0.3125;0.32227;0.33203;0.3418;0.35156;0.36133;0.37109;0.38086;0.39063;0.40039;0.41016;0.41992;0.42969;0.43945;0.44922;0.45898;0.46875;0.47852;0.48828;0.49805;0.50781;0.51758;0.52734;0.53711;0.54688;0.55664;0.56641;0.57617;0.58594;0.5957;0.60547;0.61523;0.625;0.63477;0.64453;0.6543;0.66406;0.67383;0.68359;0.69336;0.70313;0.71289;0.72266;0.73242;0.74219;0.75195;0.76172;0.77148;0.78125;0.79102,0.002966528;0.0039424;0.003006464;0.003463168;0.04510412800000001;0.102316032;0.03253248;0.015111168;0.01147904;0.01687552;0.039362560000000005;0.047270912000000005;0.023389184;0.011225088;0.01115648;0.0070543360000000005;0.013472768;0.018835456;0.019615743999999997;0.010539008000000002;0.010371072;0.01408;0.009116672;0.011111423999999998;0.012406783999999999;0.009220095999999999;0.00579072;0.008044544;0.009162751999999998;0.009532415999999998;0.022334464;0.01624064;0.017534975999999997;0.02517504;0.023967744;0.032077824;0.039985152;0.03147776;0.020596736;0.013745152;0.01027072;0.018118656000000004;0.017503232;0.01046528;0.013319168;0.011211776;0.007031808;0.009849856000000002;0.012086271999999999;0.010522624;0.010842112000000001;0.0099072;0.005743616;0.006652928;0.0068229119999999996;0.004816895999999999;0.004688896;0.004977664;0.006301696;0.005186560000000001;0.0028344320000000004;0.002896896;0.0022558720000000003;0.004182015999999999;0.0043008000000000005;0.004255744;0.003345408;0.00265728;0.0017479680000000001;0.0018483199999999999;0.002287616;0.0023552;0.002871296;0.00297472;0.00283648;0.0021002239999999995;0.00115712;0.0015472639999999998;0.002066432
1789705800,hdr,0.0293;0.03906;0.04883;0.05859;0.06836;0.07813;0.08789;0.09766;0.10742;0.11719;0.12695;0.13672;0.14648;0.15625;0.16602;0.17578;0.18555;0.19531;0.20508;0.21484;0.22461;0.23438;0.24414;0.25391;0.26367;0.27344;0.2832;0.29297;0.30273;0.3125;0.32227;0.33203;0.3418;0.35156;0.36133;0.37109;0.38086;0.39063;0.40039;0.41016;0.41992;0.42969;0.43945;0.44922;0.45898;0.46875;0.47852;0.48828;0.49805;0.50781;0.51758;0.52734;0.53711;0.54688;0.55664;0.56641;0.57617;0.58594;0.5957;0.60547;0.61523;0.625;0.63477;0.64453;0.6543;0.66406;0.67383;0.68359;0.69336;0.70313;0.71289;0.72266;0.73242;0.74219;0.75195;0.76172;0.77148;0.78125;0.79102,0.0091904;0.012100608;0.005846016;0.008765440000000001;0.023161856;0.045248512;0.014387200000000001;0.008998912;0.019965952000000002;0.020581376000000002;0.025247744000000003;0.030743552;0.026730496;0.010072063999999999;0.009202688;0.009472;0.012781568;0.018417663999999997;0.020958208;0.019764223999999997;0.010513408;0.013723648000000001;0.009537536;0.007725056;0.011891711999999999;0.007630848;0.006102016;0.007508992;0.010290176000000002;0.014834688;0.017710080000000003;0.0188672;0.033560576;0.028290047999999998;0.027873280000000004;0.039973888;0.03060736;0.013620224;0.019203072;0.016007168;0.012144640000000002;0.016564224;0.01757696;0.02003968;0.015986688;0.011604992;0.010012672;0.008558592;0.007911424;0.00751616;0.008777727999999999;0.007547903999999999;0.010335232;0.012533759999999998;0.012032;0.009775104000000001;0.006431744;0.005972991999999999;0.006147071999999999;0.007242752000000001;0.009129984;0.006903808;0.005551103999999999;0.004716544;0.004173824;0.003485696;0.004210688;0.00558592;0.004476928;0.004115456;0.00198656;0.002277376;0.0024104960000000003;0.0025651199999999997;0.002373632;0.002475008;0.00272896;0.0023429120000000004;0.002528256
1789706700,hdr,0.0293;0.03906;0.04883;0.05859;0.06836;0.07813;0.08789;0.09766;0.10742;0.11719;0.12695;0.13672;0.14648;0.15625;0.16602;0.17578;0.18555;0.19531;0.20508;0.21484;0.22461;0.23438;0.24414;0.25391;0.26367;0.27344;0.2832;0.29297;0.30273;0.3125;0.32227;0.33203;0.3418;0.35156;0.36133;0.37109;0.38086;0.39063;0.40039;0.41016;0.41992;0.42969;0.43945;0.44922;0.45898;0.46875;0.47852;0.48828;0.49805;0.50781;0.51758;0.52734;0.53711;0.54688;0.55664;0.56641;0.57617;0.58594;0.5957;0.60547;0.61523;0.625;0.63477;0.64453;0.6543;0.66406;0.67383;0.68359;0.69336;0.70313;0.71289;0.72266;0.73242;0.74219;0.75195;0.76172;0.77148;0.78125;0.79102,0.001380352;0.0025333760000000004;0.005968896;0.007422976;0.014915584;0.034999296;0.025686016;0.012275712;0.015358976;0.022806528;0.029415424000000003;0.044484608;0.02075648;0.009665536;0.007417856;0.00891392;0.012787712000000001;0.01359872;0.012667904;0.010372096;0.011277312;0.013919232;0.009244671999999999;0.008936448;0.008718336000000002;0.0077690879999999995;0.00690176;0.005307392;0.005869568;0.015432704;0.025713664;0.030990336;0.021612543999999997;0.024458240000000003;0.034704384;0.022456320000000002;0.020989952;0.022588415999999997;0.026514432;0.015188992;0.014862336;0.010330111999999999;0.010755072000000001;0.015202304;0.012933120000000001;0.009286656;0.0070891520000000005;0.009202688;0.0072785919999999995;0.008451072;0.009151488000000001;0.006009856;0.010005504;0.011262976000000001;0.0063488;0.005154816;0.005149696;0.005676032;0.00350208;0.004882432;0.005216255999999999;0.005751808;0.0049664;0.0032204799999999995;0.002428928;0.003416064;0.004102144;0.005005312;0.00464384;0.003309568;0.002040832;0.0024463360000000003;0.0029911039999999996;0.003080192;0.0023459839999999997;0.0019148799999999999;0.001885184;0.00165888;0.0013905920000000002
1789707600,hdr,0.0293;0.03906;0.04883;0.05859;0.06836;0.07813;0.08789;0.09766;0.10742;0.11719;0.12695;0.13672;0.14648;0.15625;0.16602;0.17578;0.18555;0.19531;0.20508;0.21484;0.22461;0.23438;0.24414;0.25391;0.26367;0.27344;0.2832;0.29297;0.30273;0.3125;0.32227;0.33203;0.3418;0.35156;0.36133;0.37109;0.38086;0.39063;0.40039;0.41016;0.41992;0.42969;0.43945;0.44922;0.45898;0.46875;0.47852;0.48828;0.49805;0.50781;0.51758;0.52734;0.53711;0.54688;0.55664;0.56641;0.57617;0.58594;0.5957;0.60547;0.61523;0.625;0.63477;0.64453;0.6543;0.66406;0.67383;0.68359;0.69336;0.70313;0.71289;0.72266;0.73242;0.74219;0.75195;0.76172;0.77148;0.78125;0.79102,0.003054592;0.008680448;0.005960704;0.006904832;0.01286144;0.011447296000000001;0.006280192;0.007488512;0.022024191999999998;0.036719616000000004;0.02601984;0.021542912;0.015137791999999999;0.013976576;0.012424191999999999;0.015962112;0.01900544;0.01899008;0.017383424;0.01605632;0.01199616;0.013789184000000001;0.008173567999999999;0.005829632;0.007788544;0.012992512;0.012994559999999999;0.016718848;0.030970880000000003;0.023812096;0.018489343999999998;0.022719487999999996;0.031183871999999998;0.03839488;0.048818176;0.046644224000000005;0.022716415999999996;0.018727936;0.022297599999999997;0.013925376;0.008292352;0.016745471999999997;0.015553536;0.015306751999999998;0.01649664;0.012445696;0.009030656000000001;0.006784;0.006665216000000001;0.011490304;0.010052608;0.008641536;0.00386048;0.004499456;0.005322752;0.00503296;0.0056872960000000005;0.00357376;0.004344832000000001;0.005359616;0.00369152;0.005614592;0.006514687999999999;0.005039104;0.0033679359999999998;0.004166656;0.0017971200000000001;0.0022927360000000005;0.00384512;0.003048448;0.002192384;0.002402304;0.0031324160000000003;0.0032511999999999997;0.0024801280000000003;0.003080192;0.003001344;0.001527808;0.001721344
1789708500,hdr,0.0293;0.03906;0.04883;0.05859;0.06836;0.07813;0.08789;0.09766;0.10742;0.11719;0.12695;0.13672;0.14648;0.15625;0.16602;0.17578;0.18555;0.19531;0.20508;0.21484;0.22461;0.23438;0.24414;0.25391;0.26367;0.27344;0.2832;0.29297;0.30273;0.3125;0.32227;0.33203;0.3418;0.35156;0.36133;0.37109;0.38086;0.39063;0.40039;0.41016;0.41992;0.42969;0.43945;0.44922;0.45898;0.46875;0.47852;0.48828;0.49805;0.50781;0.51758;0.52734;0.53711;0.54688;0.55664;0.56641;0.57617;0.58594;0.5957;0.60547;0.61523;0.625;0.63477;0.64453;0.6543;0.66406;0.67383;0.68359;0.69336;0.70313;0.71289;0.72266;0.73242;0.74219;0.75195;0.76172;0.77148;0.78125;0.79102,0.0008366080000000001;0.00279552;0.002274304;0.0040192;0.01878016;0.049805312;0.019070976000000003;0.016796672000000002;0.036849664;0.044729344;0.041790464;0.03504128;0.02187264;0.014025728000000001;0.010513408;0.008779776;0.009711616;0.012035072;0.010646528;0.015600639999999999;0.017056768;0.014614528;0.011489280000000001;0.0072560640000000004;0.009224192;0.012751872000000001;0.015813632;0.015794176;0.024672256;0.029273088;0.03358207999999999;0.04950016;0.044452864;0.033485824;0.029294592;0.020343808;0.01909248;0.024280063999999997;0.022831103999999998;0.021072896;0.020524031999999998;0.01704448;0.008528896;0.011838464;0.011542528;0.009787392;0.006030336;0.008634368;0.010084352000000001;0.006651904;0.008520704;0.010203136;0.00752128;0.0055060479999999995;0.009793536;0.010451968;0.0063723519999999995;0.004630528;0.003024896;0.002962432;0.002919424;0.0034867200000000004;0.00421888;0.004814848;0.005320704;0.0056801279999999996;0.003453952;0.002675712;0.0022906879999999995;0.002844672;0.00247296;0.0032174079999999997;0.002823168;0.00221184;0.002706432;0.002604032;0.0014714879999999997;0.0018135039999999999;0.001783808
1789709400,hdr,0.0293;0.03906;0.04883;0.05859;0.06836;0.07813;0.08789;0.09766;0.10742;0.11719;0.12695;0.13672;0.14648;0.15625;0.16602;0.17578;0.18555;0.19531;0.20508;0.21484;0.22461;0.23438;0.24414;0.25391;0.26367;0.27344;0.2832;0.29297;0.30273;0.3125;0.32227;0.33203;0.3418;0.35156;0.36133;0.37109;0.38086;0.39063;0.40039;0.41016;0.41992;0.42969;0.43945;0.44922;0.45898;0.46875;0.47852;0.48828;0.49805;0.50781;0.51758;0.52734;0.53711;0.54688;0.55664;0.56641;0.57617;0.58594;0.5957;0.60547;0.61523;0.625;0.63477;0.64453;0.6543;0.66406;0.67383;0.68359;0.69336;0.70313;0.71289;0.72266;0.73242;0.74219;0.75195;0.76172;0.77148;0.78125;0.79102,0.004653056000000001;0.011250688;0.010094592000000001;0.013894655999999998;0.027276288;0.028802048;0.017606656000000002;0.017933312000000003;0.024011776000000002;0.024824832;0.026603520000000002;0.020112383999999997;0.025726976;0.016325632;0.013442047999999998;0.010284031999999999;0.01355776;0.012680192;0.01194496;0.017999872;0.009895936000000001;0.011741184000000002;0.012766208000000001;0.00810496;0.010203136;0.012662784;0.01326592;0.0123904;0.018102272;0.025659392;0.030640128;0.03589632;0.054117375999999995;0.041690112;0.034502656;0.028807168;0.015958016000000002;0.0130816;0.011127808;0.015225856;0.013210623999999999;0.011646976;0.012950528000000001;0.014675968;0.01207808;0.010087424000000001;0.0062627839999999995;0.007806975999999999;0.009084927999999999;0.007472128;0.010249216;0.0062853119999999995;0.005404671999999999;0.00387584;0.005446656;0.006152192;0.006924288;0.0057149440000000004;0.0050401280000000005;0.003969024;0.003288064;0.004769791999999999;0.004118528000000001;0.004892672000000001;0.0034949119999999998;0.0024064;0.00316416;0.002532352;0.0026245120000000003;0.0023132160000000003;0.002717696;0.0029470720000000002;0.0029419520000000003;0.001668096;0.001898496;0.002646016;0.001979392;0.001938432;0.001586176
1789710300,hdr,0.0293;0.03906;0.04883;0.05859;0.06836;0.07813;0.08789;0.09766;0.10742;0.11719;0.12695;0.13672;0.14648;0.15625;0.16602;0.17578;0.18555;0.19531;0.20508;0.21484;0.22461;0.23438;0.24414;0.25391;0.26367;0.27344;0.2832;0.29297;0.30273;0.3125;0.32227;0.33203;0.3418;0.35156;0.36133;0.37109;0.38086;0.39063;0.40039;0.41016;0.41992;0.42969;0.43945;0.44922;0.45898;0.46875;0.47852;0.48828;0.49805;0.50781;0.51758;0.52734;0.53711;0.54688;0.55664;0.56641;0.57617;0.58594;0.5957;0.60547;0.61523;0.625;0.63477;0.64453;0.6543;0.66406;0.67383;0.68359;0.69336;0.70313;0.71289;0.72266;0.73242;0.74219;0.75195;0.76172;0.77148;0.78125;0.79102,0.002056192;0.002870272;0.00433152;0.0034816;0.011560959999999999;0.028179456;0.01256448;0.003393536;0.013857791999999999;0.034849792000000004;0.037804032;0.022648831999999997;0.024338432;0.012596224;0.006448128;0.011633663999999998;0.010133504000000002;0.017796095999999997;0.016393216;0.017624064000000002;0.015611904;0.008717312;0.009848832;0.008394752;0.008691712;0.013456384;0.020411392;0.02081792;0.028990464;0.03908096;0.046343168;0.036400128000000004;0.043997183999999995;0.032774144;0.030205952;0.015463424;0.016318463999999998;0.014513152;0.01135104;0.014323711999999999;0.01582592;0.012354559999999999;0.00803328;0.006724608;0.00359936;0.005916672;0.005628928;0.006578176000000001;0.00610304;0.004237312;0.007161855999999999;0.007421952;0.004446208000000001;0.005153792000000001;0.003325952;0.003991552;0.006981632000000001;0.004573184;0.00359936;0.003480576;0.003972096;0.004450304;0.003729408;0.0033873920000000004;0.0025384959999999995;0.003972096;0.004388863999999999;0.0031969280000000004;0.002546688;0.00226816;0.002003968;0.00244736;0.00200192;0.002295808;0.0022927360000000005;0.001432576;0.001275904;0.000986112;0.0009748480000000001
1789711200,hdr,0.0293;0.03906;0.04883;0.05859;0.06836;0.07813;0.08789;0.09766;0.10742;0.11719;0.12695;0.13672;0.14648;0.15625;0.16602;0.17578;0.18555;0.19531;0.20508;0.21484;0.22461;0.23438;0.24414;0.25391;0.26367;0.27344;0.2832;0.29297;0.30273;0.3125;0.32227;0.33203;0.3418;0.35156;0.36133;0.37109;0.38086;0.39063;0.40039;0.41016;0.41992;0.42969;0.43945;0.44922;0.45898;0.46875;0.47852;0.48828;0.49805;0.50781;0.51758;0.52734;0.53711;0.54688;0.55664;0.56641;0.57617;0.58594;0.5957;0.60547;0.61523;0.625;0.63477;0.64453;0.6543;0.66406;0.67383;0.68359;0.69336;0.70313;0.71289;0.72266;0.73242;0.74219;0.75195;0.76172;0.77148;0.78125;0.79102,0.000625664;0.00464896;0.005353472;0.004814848;0.021040128;0.023482368000000003;0.01278976;0.010852352;0.02105344;0.048150528;0.04878336;0.038692864;0.0420096;0.031611903999999996;0.015630335999999998;0.008597504;0.009485312;0.008364031999999999;0.016799744;0.018151424;0.010548224;0.009878528;0.01073152;0.011794432;0.007472128;0.005828608;0.009508864;0.016441344;0.020760576;0.028585984000000002;0.034003968;0.036458496;0.040849408;0.025271296;0.036851712;0.04096;0.022358015999999998;0.02363904;0.012649472;0.009463808;0.00914944;0.009099264;0.010637312;0.017999872;0.013278207999999998;0.008006656;0.008503296;0.0049233919999999995;0.0041267199999999995;0.00704;0.006687744000000001;0.007411711999999999;0.007135232;0.0053667839999999994;0.00579584;0.0037621760000000003;0.00275968;0.002714624;0.003336192;0.004954112;0.0031488;0.004334592;0.003918848;0.002829312;0.0024227840000000003;0.002802688;0.001948672;0.0018216959999999998;0.00136704;0.00183296;0.002436096;0.0015267839999999998;0.0013312;0.001750016;0.0013926400000000001;0.0017039359999999999;0.00165888;0.001364992;0.001209344
1789712100,hdr,0.0293;0.03906;0.04883;0.05859;0.06836;0.07813;0.08789;0.09766;0.10742;0.11719;0.12695;0.13672;0.14648;0.15625;0.16602;0.17578;0.18555;0.19531;0.20508;0.21484;0.22461;0.23438;0.24414;0.25391;0.26367;0.27344;0.2832;0.29297;0.30273;0.3125;0.32227;0.33203;0.3418;0.35156;0.36133;0.37109;0.38086;0.39063;0.40039;0.41016;0.41992;0.42969;0.43945;0.44922;0.45898;0.46875;0.47852;0.48828;0.49805;0.50781;0.51758;0.52734;0.53711;0.54688;0.55664;0.56641;0.57617;0.58594;0.5957;0.60547;0.61523;0.625;0.63477;0.64453;0.6543;0.66406;0.67383;0.68359;0.69336;0.70313;0.71289;0.72266;0.73242;0.74219;0.75195;0.76172;0.77148;0.78125;0.79102,0.000887808;0.00754688;0.011781119999999999;0.004546560000000001;0.010108928;0.028140543999999997;0.015133696;0.008307712;0.021005312;0.03447808;0.027643903999999997;0.046599167999999996;0.052252672;0.0288;0.013175807999999999;0.009619456;0.007779327999999999;0.010867712;0.009201663999999998;0.011206656;0.012599296;0.00992768;0.008344576;0.01081856;0.0078848;0.009271296;0.016631808;0.026497024;0.02953728;0.0451328;0.061079551999999995;0.04443136;0.056588288;0.064610304;0.035603456;0.024648703999999997;0.013381632;0.011666432000000001;0.013928448;0.012813312;0.0065218559999999995;0.010699776;0.006652928;0.009211904;0.010671103999999999;0.005963776;0.004647936;0.004422656;0.004964352;0.006350848;0.006925312;0.006291456;0.004948991999999999;0.004938752;0.003663872;0.003877888;0.005861376000000001;0.004048896000000001;0.002920448;0.002909184;0.003134464;0.0029061119999999998;0.002440192;0.002553856;0.0030197759999999996;0.001650688;0.001480704;0.0013547519999999999;0.002506752;0.00275456;0.0018042879999999998;0.0013199359999999999;0.001605632;0.00178176;0.002221056;0.0014438399999999998;0.00134144;0.0012707839999999998;0.000930816
1789713000,hdr,0.0293;0.03906;0.04883;0.05859;0.06836;0.07813;0.08789;0.09766;0.10742;0.11719;0.12695;0.13672;0.14648;0.15625;0.16602;0.17578;0.18555;0.19531;0.20508;0.21484;0.22461;0.23438;0.24414;0.25391;0.26367;0.27344;0.2832;0.29297;0.30273;0.3125;0.32227;0.33203;0.3418;0.35156;0.36133;0.37109;0.38086;0.39063;0.40039;0.41016;0.41992;0.42969;0.43945;0.44922;0.45898;0.46875;0.47852;0.48828;0.49805;0.50781;0.51758;0.52734;0.53711;0.54688;0.55664;0.56641;0.57617;0.58594;0.5957;0.60547;0.61523;0.625;0.63477;0.64453;0.6543;0.66406;0.67383;0.68359;0.69336;0.70313;0.71289;0.72266;0.73242;0.74219;0.75195;0.76172;0.77148;0.78125;0.79102,0.000831488;0.004666368000000001;0.003154944;0.00341504;0.015782912;0.043916288;0.02200064;0.009934848;0.020951039999999997;0.037936128;0.039073791999999996;0.03705856;0.036094976;0.016396288;0.010407936;0.013499392;0.012679168000000001;0.013082624;0.011541504;0.011197440000000001;0.011012095999999999;0.013126656;0.0085504;0.0056832;0.008912896;0.009589760000000001;0.008676351999999998;0.013053952;0.020786176;0.031732736;0.055666688;0.072804352;0.084308992;0.058268672;0.02895872;0.020975616;0.019425280000000003;0.017985536;0.0126464;0.017740799999999998;0.013072384;0.009216;0.00768;0.009213952000000001;0.00855552;0.006457344;0.007668736;0.0069898239999999995;0.0068096;0.006044672;0.004799488;0.005000192;0.00548352;0.004299776;0.00397824;0.003590144;0.003004416;0.0032266240000000004;0.002588672;0.0022405119999999996;0.002387968;0.002177024;0.003026944;0.0026112;0.0019455999999999998;0.0016066560000000001;0.0017377279999999998;0.00198144;0.002130944;0.0020162559999999997;0.0019517439999999998;0.001572864;0.00134144;0.001380352;0.001257472;0.001750016;0.001400832;0.0016404479999999999;0.0013690880000000003
1789713900,hdr,0.0293;0.03906;0.04883;0.05859;0.06836;0.07813;0.08789;0.09766;0.10742;0.11719;0.12695;0.13672;0.14648;0.15625;0.16602;0.17578;0.18555;0.19531;0.20508;0.21484;0.22461;0.23438;0.24414;0.25391;0.26367;0.27344;0.2832;0.29297;0.30273;0.3125;0.32227;0.33203;0.3418;0.35156;0.36133;0.37109;0.38086;0.39063;0.40039;0.41016;0.41992;0.42969;0.43945;0.44922;0.45898;0.46875;0.47852;0.48828;0.49805;0.50781;0.51758;0.52734;0.53711;0.54688;0.55664;0.56641;0.57617;0.58594;0.5957;0.60547;0.61523;0.625;0.63477;0.64453;0.6543;0.66406;0.67383;0.68359;0.69336;0.70313;0.71289;0.72266;0.73242;0.74219;0.75195;0.76172;0.77148;0.78125;0.79102,0.005450752;0.0077864959999999995;0.0030894080000000005;0.0035532800000000002;0.013477888;0.032827392;0.022738944;0.010830848;0.017050624;0.035777536;0.04551168;0.05599232;0.037428224;0.019554304;0.008122368;0.010902528;0.007428096;0.00752128;0.010386432;0.016813056;0.019052544;0.013575168;0.008911872000000001;0.007407616;0.007244799999999999;0.008674304;0.013259776;0.019187712;0.015326208;0.015297535999999999;0.022041599999999998;0.019393536;0.021337088;0.033828864;0.028780543999999998;0.029873152000000004;0.026269696;0.016955392;0.014048255999999999;0.00999424;0.013205504;0.01031168;0.00695808;0.006206464000000001;0.006470656;0.00623104;0.007457792;0.004814848;0.003359744;0.005646336;0.0063795200000000005;0.004216832;0.004376576;0.003621888;0.004220928;0.004913152;0.0042014719999999995;0.002801664;0.0021196799999999997;0.001948672;0.002249728;0.0022702079999999997;0.0024832;0.0021002239999999995;0.0037724160000000002;0.002794496;0.001758208;0.001519616;0.0011601919999999998;0.001304576;0.0014714879999999997;0.001695744;0.001099776;0.0008652800000000001;0.0011509760000000002;0.0012185600000000003;0.001400832;0.000982016;0.0009912319999999999
1789714800,hdr,0.0293;0.03906;0.04883;0.05859;0.06836;0.07813;0.08789;0.09766;0.10742;0.11719;0.12695;0.13672;0.14648;0.15625;0.16602;0.17578;0.18555;0.19531;0.20508;0.21484;0.22461;0.23438;0.24414;0.25391;0.26367;0.27344;0.2832;0.29297;0.30273;0.3125;0.32227;0.33203;0.3418;0.35156;0.36133;0.37109;0.38086;0.39063;0.40039;0.41016;0.41992;0.42969;0.43945;0.44922;0.45898;0.46875;0.47852;0.48828;0.49805;0.50781;0.51758;0.52734;0.53711;0.54688;0.55664;0.56641;0.57617;0.58594;0.5957;0.60547;0.61523;0.625;0.63477;0.64453;0.6543;0.66406;0.67383;0.68359;0.69336;0.70313;0.71289;0.72266;0.73242;0.74219;0.75195;0.76172;0.77148;0.78125;0.79102,0.005541888;0.010434559999999999;0.010984448;0.007831552;0.02428416;0.046098432;0.024127488000000002;0.009524224;0.033707008000000004;0.06390374400000001;0.03554816;0.036040704;0.035444736;0.024068096;0.018955264;0.016094208;0.012173312;0.016140288000000003;0.009967616;0.008528896;0.008491008000000001;0.011772928;0.01303552;0.010799103999999999;0.015282176;0.013950976;0.010788864;0.009526272;0.013661184000000002;0.014997503999999998;0.019490815999999998;0.035269631999999995;0.049207296000000005;0.041708544;0.03775488;0.018610176;0.018505728000000003;0.018284544000000003;0.012565504000000002;0.020768768;0.015863808;0.0068679679999999995;0.009232384;0.005373952;0.007325696;0.009244671999999999;0.004224;0.00646144;0.004959232;0.004399104;0.006885376;0.0057047040000000005;0.003712;0.0031375360000000002;0.0031160320000000004;0.0028846080000000003;0.0020244480000000003;0.0018176000000000002;0.002033664;0.00211456;0.00203264;0.001384448;0.000999424;0.001830912;0.001959936;0.0016977919999999998;0.0013578239999999999;0.0018278399999999998;0.0014796800000000001;0.0013680639999999998;0.001741824;0.001574912;0.00159232;0.0011489279999999998;0.001026048;0.0016906239999999997;0.001680384;0.0014336;0.00139776
1789715700,hdr,0.0293;0.03906;0.04883;0.05859;0.06836;0.07813;0.08789;0.09766;0.10742;0.11719;0.12695;0.13672;0.14648;0.15625;0.16602;0.17578;0.18555;0.19531;0.20508;0.21484;0.22461;0.23438;0.24414;0.25391;0.26367;0.27344;0.2832;0.29297;0.30273;0.3125;0.32227;0.33203;0.3418;0.35156;0.36133;0.37109;0.38086;0.39063;0.40039;0.41016;0.41992;0.42969;0.43945;0.44922;0.45898;0.46875;0.47852;0.48828;0.49805;0.50781;0.51758;0.52734;0.53711;0.54688;0.55664;0.56641;0.57617;0.58594;0.5957;0.60547;0.61523;0.625;0.63477;0.64453;0.6543;0.66406;0.67383;0.68359;0.69336;0.70313;0.71289;0.72266;0.73242;0.74219;0.75195;0.76172;0.77148;0.78125;0.79102,0.008359936;0.015059967999999998;0.009350144;0.003018752;0.028548096000000002;0.056863744;0.027487232;0.019707904;0.067436544;0.09425408;0.07003136;0.039393279999999996;0.047480832;0.031250432;0.017530880000000002;0.010748928;0.011675648;0.011489280000000001;0.006784;0.010732544;0.013299712;0.016374783999999996;0.008546304;0.00795648;0.008311807999999999;0.010829824;0.020396032;0.020056064;0.020185088;0.029302784;0.042648576;0.027331584;0.037489664;0.032871423999999996;0.021955584000000004;0.029229056;0.022919167999999997;0.016606207999999997;0.012043264000000001;0.010631168000000002;0.008881152;0.010330111999999999;0.009326592;0.007307264;0.0051302399999999995;0.005123071999999999;0.00577024;0.005054464;0.0030330879999999998;0.003039232;0.004749312;0.004855808;0.00273408;0.0023459839999999997;0.0025978880000000005;0.002620416;0.002686976;0.002348032;0.0022784000000000003;0.0031774719999999998;0.003059712;0.002352128;0.002118656;0.000963584;0.000561152;0.001301504;0.001936384;0.001864704;0.001184768;0.001403904;0.001937408;0.0013639680000000001;0.0014592000000000001;0.001110016;0.001031168;0.0013209599999999997;0.001774592;0.0016650240000000002;0.002000896
1789716600,hdr,0.0293;0.03906;0.04883;0.05859;0.06836;0.07813;0.08789;0.09766;0.10742;0.11719;0.12695;0.13672;0.14648;0.15625;0.16602;0.17578;0.18555;0.19531;0.20508;0.21484;0.22461;0.23438;0.24414;0.25391;0.26367;0.27344;0.2832;0.29297;0.30273;0.3125;0.32227;0.33203;0.3418;0.35156;0.36133;0.37109;0.38086;0.39063;0.40039;0.41016;0.41992;0.42969;0.43945;0.44922;0.45898;0.46875;0.47852;0.48828;0.49805;0.50781;0.51758;0.52734;0.53711;0.54688;0.55664;0.56641;0.57617;0.58594;0.5957;0.60547;0.61523;0.625;0.63477;0.64453;0.6543;0.66406;0.67383;0.68359;0.69336;0.70313;0.71289;0.72266;0.73242;0.74219;0.75195;0.76172;0.77148;0.78125;0.79102,0.004844544;0.00821248;0.008629247999999999;0.006100992;0.009442304;0.010324992;0.01092608;0.006951936;0.025595904000000003;0.03845529599999999;0.05383168;0.055686144;0.041653248;0.029058048;0.019326976;0.010217472000000002;0.006486016000000001;0.009034751999999998;0.010902528;0.01321984;0.015586304;0.016289791999999997;0.017115136;0.014019584000000002;0.012177407999999999;0.008674304;0.014032896;0.016906240000000003;0.019041279999999997;0.028819455999999997;0.033349632;0.036064256;0.036415488;0.021507072;0.023312384000000002;0.020393984;0.017819648;0.019004415999999996;0.015169536;0.01058304;0.009048064;0.011507712;0.009652224000000001;0.0076288;0.00427008;0.003390464;0.0023203839999999996;0.00272384;0.004916224;0.006126591999999999;0.00531456;0.003439616;0.0028927999999999996;0.00213504;0.002286592;0.002840576;0.0020572159999999997;0.0017663999999999998;0.00137216;0.00165376;0.001460224;0.001393664;0.0013946879999999998;0.001040384;0.0009318400000000001;0.0011448320000000001;0.001729536;0.000891904;0.0009144320000000001;0.0009564160000000001;0.00087552;0.0006789119999999999;0.000457728;0.000734208;0.000620544;0.000905216;0.000912384;0.000908288;0.000736256
1789717500,hdr,0.0293;0.03906;0.04883;0.05859;0.06836;0.07813;0.08789;0.09766;0.10742;0.11719;0.12695;0.13672;0.14648;0.15625;0.16602;0.17578;0.18555;0.19531;0.20508;0.21484;0.22461;0.23438;0.24414;0.25391;0.26367;0.27344;0.2832;0.29297;0.30273;0.3125;0.32227;0.33203;0.3418;0.35156;0.36133;0.37109;0.38086;0.39063;0.40039;0.41016;0.41992;0.42969;0.43945;0.44922;0.45898;0.46875;0.47852;0.48828;0.49805;0.50781;0.51758;0.52734;0.53711;0.54688;0.55664;0.56641;0.57617;0.58594;0.5957;0.60547;0.61523;0.625;0.63477;0.64453;0.6543;0.66406;0.67383;0.68359;0.69336;0.70313;0.71289;0.72266;0.73242;0.74219;0.75195;0.76172;0.77148;0.78125;0.79102,0.007032832;0.008624128;0.007330816;0.00781312;0.03226624;0.06143283199999999;0.022875136;0.009709568000000002;0.033188864;0.064295936;0.049444864;0.038126592;0.040628224000000004;0.03464704;0.018471935999999998;0.011691008;0.012383232;0.0118016;0.009476096;0.011369472;0.013102080000000002;0.006821888000000001;0.010595328;0.012879872;0.011779072;0.011337728000000002;0.016075776;0.024762368;0.02412544;0.024580096000000003;0.025145344;0.036229120000000004;0.036457472000000005;0.032541696;0.037824512;0.025838591999999997;0.016806912;0.011172864000000001;0.00867328;0.011848704;0.010177536000000001;0.006433792000000001;0.006983679999999999;0.006028288;0.004830208;0.005271552;0.004783103999999999;0.003126272;0.002455552;0.002371584;0.003195904;0.003076096;0.002330624;0.001517568;0.0010496000000000001;0.001202176;0.0021268479999999998;0.001924096;0.001186816;0.00119296;0.001337344;0.001652736;0.000899072;0.001186816;0.001787904;0.001866752;0.001650688;0.000805888;0.001058816;0.001038336;0.0006952960000000001;0.000782336;0.0009216000000000001;0.000847872;0.000411648;0.00065536;0.00074752;0.0005877759999999999;0.00043110399999999997
1789718400,hdr,0.0293;0.03906;0.04883;0.05859;0.06836;0.07813;0.08789;0.09766;0.10742;0.11719;0.12695;0.13672;0.14648;0.15625;0.16602;0.17578;0.18555;0.19531;0.20508;0.21484;0.22461;0.23438;0.24414;0.25391;0.26367;0.27344;0.2832;0.29297;0.30273;0.3125;0.32227;0.33203;0.3418;0.35156;0.36133;0.37109;0.38086;0.39063;0.40039;0.41016;0.41992;0.42969;0.43945;0.44922;0.45898;0.46875;0.47852;0.48828;0.49805;0.50781;0.51758;0.52734;0.53711;0.54688;0.55664;0.56641;0.57617;0.58594;0.5957;0.60547;0.61523;0.625;0.63477;0.64453;0.6543;0.66406;0.67383;0.68359;0.69336;0.70313;0.71289;0.72266;0.73242;0.74219;0.75195;0.76172;0.77148;0.78125;0.79102,0.003777536;0.006424576;0.008659967999999999;0.012144640000000002;0.011116543999999999;0.025309184;0.010949631999999999;0.010508288000000001;0.026187776;0.034729984000000005;0.053317632000000004;0.041288704;0.017572863999999997;0.015029248000000002;0.014337024;0.010172416;0.00997888;0.014828544000000003;0.020489216;0.016488448;0.013875199999999999;0.013632512000000001;0.013688832;0.014923776;0.01586688;0.01493504;0.016;0.014513152;0.012817407999999999;0.014748671999999999;0.034822144;0.03377664;0.04163891199999999;0.039928832000000004;0.029243392;0.027402239999999998;0.031009792;0.013750272000000001;0.004630528;0.005322752;0.004327424;0.0060016639999999994;0.005312512;0.00482304;0.003785728;0.004082688;0.003340288;0.0038021120000000003;0.003306496;0.003125248;0.003298304;0.0027965439999999998;0.002531328;0.002188288;0.002067456;0.002139136;0.002009088;0.0014704639999999999;0.0013475839999999998;0.001229824;0.001426432;0.001030144;0.000750592;0.00073216;0.000858112;0.0009349119999999999;0.0006830079999999999;0.0009297919999999999;0.000769024;0.000493568;0.000466944;0.0006277120000000001;0.0005304320000000001;0.000442368;0.000436224;0.0007116799999999999;0.0009615359999999999;0.000704512;0.0006789119999999999
1789719300,hdr,0.0293;0.03906;0.04883;0.05859;0.06836;0.07813;0.08789;0.09766;0.10742;0.11719;0.12695;0.13672;0.14648;0.15625;0.16602;0.17578;0.18555;0.19531;0.20508;0.21484;0.22461;0.23438;0.24414;0.25391;0.26367;0.27344;0.2832;0.29297;0.30273;0.3125;0.32227;0.33203;0.3418;0.35156;0.36133;0.37109;0.38086;0.39063;0.40039;0.41016;0.41992;0.42969;0.43945;0.44922;0.45898;0.46875;0.47852;0.48828;0.49805;0.50781;0.51758;0.52734;0.53711;0.54688;0.55664;0.56641;0.57617;0.58594;0.5957;0.60547;0.61523;0.625;0.63477;0.64453;0.6543;0.66406;0.67383;0.68359;0.69336;0.70313;0.71289;0.72266;0.73242;0.74219;0.75195;0.76172;0.77148;0.78125;0.79102,0.00246272;0.003306496;0.004399104;0.005219328;0.01068032;0.036882432;0.026015744000000004;0.013303808;0.029842432;0.05539942400000001;0.044556288;0.055693311999999995;0.061922304;0.042876928;0.019554304;0.006657023999999999;0.007535616;0.009744384;0.01391616;0.019666944;0.013824;0.014110720000000002;0.00577024;0.0059985920000000005;0.010443776;0.010474496000000002;0.013403136000000001;0.013323264;0.01701888;0.020153344;0.018271232;0.018736128;0.01686016;0.029548544;0.029268992;0.017540095999999998;0.013854720000000001;0.00619008;0.004852736;0.007364607999999999;0.009104384;0.00896512;0.0066088959999999995;0.004400128;0.0030535679999999996;0.0035348480000000006;0.0027822079999999996;0.002267136;0.00326144;0.0031016959999999997;0.0026624;0.0031856640000000004;0.002139136;0.00108544;0.0010608640000000001;0.0011673599999999999;0.001845248;0.001882112;0.001026048;0.000887808;0.0017121280000000003;0.001451008;0.000996352;0.000785408;0.000915456;0.0009205759999999999;0.000818176;0.0006737919999999999;0.0008069119999999999;0.000780288;0.00068096;0.0004352;0.000451584;0.0005099519999999999;0.0005416959999999999;0.000386048;0.000196608;0.00030412799999999997;0.00030924800000000003
1789720200,hdr,0.0293;0.03906;0.04883;0.05859;0.06836;0.07813;0.08789;0.09766;0.10742;0.11719;0.12695;0.13672;0.14648;0.15625;0.16602;0.17578;0.18555;0.19531;0.20508;0.21484;0.22461;0.23438;0.24414;0.25391;0.26367;0.27344;0.2832;0.29297;0.30273;0.3125;0.32227;0.33203;0.3418;0.35156;0.36133;0.37109;0.38086;0.39063;0.40039;0.41016;0.41992;0.42969;0.43945;0.44922;0.45898;0.46875;0.47852;0.48828;0.49805;0.50781;0.51758;0.52734;0.53711;0.54688;0.55664;0.56641;0.57617;0.58594;0.5957;0.60547;0.61523;0.625;0.63477;0.64453;0.6543;0.66406;0.67383;0.68359;0.69336;0.70313;0.71289;0.72266;0.73242;0.74219;0.75195;0.76172;0.77148;0.78125;0.79102,0.001707008;0.00324096;0.00285696;0.0026009600000000003;0.008704;0.015372287999999998;0.009726976;0.014454784;0.046137344;0.06656511999999999;0.066235392;0.04826112;0.038723584000000005;0.021097472000000003;0.012311552000000002;0.011983872;0.011056127999999998;0.008441856;0.014308351999999998;0.014743552;0.016252928;0.012611584;0.010403840000000001;0.01035776;0.010312703999999999;0.015151103999999999;0.012651520000000001;0.012448768;0.015947776;0.018437119999999998;0.021429247999999998;0.03762995200000001;0.041577472000000004;0.021187584000000002;0.025074687999999998;0.019807232;0.007620608;0.00896512;0.009499648000000001;0.008086527999999999;0.007065599999999999;0.00682496;0.00618496;0.0048015359999999995;0.0037888;0.0033331199999999997;0.0023767040000000003;0.00290816;0.0024084479999999997;0.003049472;0.0025251839999999998;0.002197504;0.002011136;0.002023424;0.001845248;0.002509824;0.002064384;0.001744896;0.0016220159999999998;0.001738752;0.0014458880000000002;0.000932864;0.000917504;0.000987136;0.001042432;0.0006574080000000001;0.000621568;0.0005959680000000001;0.00054272;0.000484352;0.000656384;0.000744448;0.00059392;0.000400384;0.000275456;0.00020275199999999997;0.00023859199999999998;0.000275456;0.00029388799999999996
1789721100,hdr,0.0293;0.03906;0.04883;0.05859;0.06836;0.07813;0.08789;0.09766;0.10742;0.11719;0.12695;0.13672;0.14648;0.15625;0.16602;0.17578;0.18555;0.19531;0.20508;0.21484;0.22461;0.23438;0.24414;0.25391;0.26367;0.27344;0.2832;0.29297;0.30273;0.3125;0.32227;0.33203;0.3418;0.35156;0.36133;0.37109;0.38086;0.39063;0.40039;0.41016;0.41992;0.42969;0.43945;0.44922;0.45898;0.46875;0.47852;0.48828;0.49805;0.50781;0.51758;0.52734;0.53711;0.54688;0.55664;0.56641;0.57617;0.58594;0.5957;0.60547;0.61523;0.625;0.63477;0.64453;0.6543;0.66406;0.67383;0.68359;0.69336;0.70313;0.71289;0.72266;0.73242;0.74219;0.75195;0.76172;0.77148;0.78125;0.79102,0.00131584;0.001806336;0.001702912;0.0012052480000000001;0.004759552;0.010810368;0.010429439999999998;0.010487808;0.026809344000000002;0.052676608;0.07800422399999998;0.045099007999999996;0.040716288;0.051402752;0.024361984;0.015366144;0.0104448;0.009589760000000001;0.009480192;0.008963072;0.015767552;0.015478783999999999;0.009675776000000002;0.00978944;0.008815616;0.00985088;0.014053376;0.010273791999999999;0.009773056;0.009506816000000001;0.011384832;0.019438592;0.021010432;0.022208512;0.021900288;0.016425984;0.012317696;0.014199808000000001;0.010386432;0.008810496000000001;0.007853055999999999;0.0060262399999999995;0.0053063680000000005;0.005096447999999999;0.004004864;0.003514368;0.003120128;0.002927616;0.001929216;0.001759232;0.002082816;0.002316288;0.0026685439999999997;0.002180096;0.001787904;0.002014208;0.00199168;0.001143808;0.000899072;0.0010752000000000001;0.0009543679999999999;0.0008468480000000001;0.0006041600000000001;0.00070656;0.000700416;0.0007096320000000001;0.0006778880000000001;0.0005703679999999999;0.0005877759999999999;0.0007086080000000001;0.000453632;0.000313344;0.00037478399999999997;0.000421888;0.00030412799999999997;0.000283648;0.00026112;0.000451584;0.000331776
1789722000,hdr,0.0293;0.03906;0.04883;0.05859;0.06836;0.07813;0.08789;0.09766;0.10742;0.11719;0.12695;0.13672;0.14648;0.15625;0.16602;0.17578;0.18555;0.19531;0.20508;0.21484;0.22461;0.23438;0.24414;0.25391;0.26367;0.27344;0.2832;0.29297;0.30273;0.3125;0.32227;0.33203;0.3418;0.35156;0.36133;0.37109;0.38086;0.39063;0.40039;0.41016;0.41992;0.42969;0.43945;0.44922;0.45898;0.46875;0.47852;0.48828;0.49805;0.50781;0.51758;0.52734;0.53711;0.54688;0.55664;0.56641;0.57617;0.58594;0.5957;0.60547;0.61523;0.625;0.63477;0.64453;0.6543;0.66406;0.67383;0.68359;0.69336;0.70313;0.71289;0.72266;0.73242;0.74219;0.75195;0.76172;0.77148;0.78125;0.79102,0.002704384;0.005301248000000001;0.005571584;0.002484224;0.008696832;0.033542144;0.02446848;0.013206528;0.062328831999999994;0.106148864;0.06503424;0.054976512000000005;0.060063744;0.042093568;0.022167552;0.014910464;0.01634304;0.012716032;0.009010176;0.013301760000000001;0.01545216;0.017250304;0.02033152;0.014220288000000001;0.013068288;0.014219264;0.009772032;0.010448896;0.01363968;0.012645376;0.014478336000000001;0.019268608;0.018300928;0.016352256000000003;0.015387648;0.014170111999999999;0.013050879999999999;0.008715263999999999;0.004476928;0.004641792;0.004728832;0.003653632;0.003165184;0.003798016;0.0033812479999999995;0.0027217920000000002;0.002880512;0.002716672;0.002034688;0.002299904;0.0020357120000000003;0.0018237440000000002;0.00169472;0.001829888;0.002424832;0.001769472;0.000986112;0.001265664;0.00171008;0.001512448;0.0008202239999999999;0.000809984;0.0005918719999999999;0.00046592000000000004;0.0006123519999999999;0.0006737919999999999;0.000781312;0.000432128;0.000551936;0.00043110399999999997;0.000387072;0.000249856;0.000357376;0.000366592;0.00025497599999999997;0.000344064;0.000432128;0.000390144;0.000412672
1789722900,hdr,0.0293;0.03906;0.04883;0.05859;0.06836;0.07813;0.08789;0.09766;0.10742;0.11719;0.12695;0.13672;0.14648;0.15625;0.16602;0.17578;0.18555;0.19531;0.20508;0.21484;0.22461;0.23438;0.24414;0.25391;0.26367;0.27344;0.2832;0.29297;0.30273;0.3125;0.32227;0.33203;0.3418;0.35156;0.36133;0.37109;0.38086;0.39063;0.40039;0.41016;0.41992;0.42969;0.43945;0.44922;0.45898;0.46875;0.47852;0.48828;0.49805;0.50781;0.51758;0.52734;0.53711;0.54688;0.55664;0.56641;0.57617;0.58594;0.5957;0.60547;0.61523;0.625;0.63477;0.64453;0.6543;0.66406;0.67383;0.68359;0.69336;0.70313;0.71289;0.72266;0.73242;0.74219;0.75195;0.76172;0.77148;0.78125;0.79102,0.002746368;0.004052992;0.003889152;0.0043008000000000005;0.004916224;0.01098752;0.009570304;0.017755135999999998;0.048401408;0.090144768;0.088682496;0.05797888;0.06875545599999999;0.040884224000000004;0.02378752;0.019830784;0.013522944000000002;0.011104256;0.00715264;0.009950208;0.009846783999999999;0.01321984;0.012196864;0.008896511999999999;0.013003776;0.015327232;0.017205248;0.011285503999999998;0.013837312;0.017755135999999998;0.017399808;0.015046656;0.01117184;0.009587712;0.012540928;0.016584704;0.01020928;0.008915967999999998;0.008785920000000001;0.004649983999999999;0.005897216;0.004988928;0.003130368;0.003422208;0.002215936;0.0016097280000000002;0.00150528;0.0021452800000000003;0.0019455999999999998;0.001987584;0.001685504;0.0013312;0.0010752000000000001;0.000980992;0.001166336;0.001401856;0.001134592;0.000842752;0.001030144;0.0010813440000000001;0.000545792;0.000565248;0.000633856;0.00064;0.000594944;0.000515072;0.000339968;0.000352256;0.000325632;0.000284672;0.000349184;0.000357376;0.00015872;0.00018534400000000002;0.00026112;0.000196608;0.00018227199999999998;0.00024063999999999997;0.00024576000000000003
1789723800,hdr,0.0293;0.03906;0.04883;0.05859;0.06836;0.07813;0.08789;0.09766;0.10742;0.11719;0.12695;0.13672;0.14648;0.15625;0.16602;0.17578;0.18555;0.19531;0.20508;0.21484;0.22461;0.23438;0.24414;0.25391;0.26367;0.27344;0.2832;0.29297;0.30273;0.3125;0.32227;0.33203;0.3418;0.35156;0.36133;0.37109;0.38086;0.39063;0.40039;0.41016;0.41992;0.42969;0.43945;0.44922;0.45898;0.46875;0.47852;0.48828;0.49805;0.50781;0.51758;0.52734;0.53711;0.54688;0.55664;0.56641;0.57617;0.58594;0.5957;0.60547;0.61523;0.625;0.63477;0.64453;0.6543;0.66406;0.67383;0.68359;0.69336;0.70313;0.71289;0.72266;0.73242;0.74219;0.75195;0.76172;0.77148;0.78125;0.79102,0.004042752;0.007882752;0.0050401280000000005;0.0012154879999999998;0.002332672;0.013432832;0.015983616;0.012155904;0.033359872000000006;0.053083136;0.06177177600000001;0.06468608;0.04437299200000001;0.034082816;0.028489728;0.017957887999999998;0.015885312;0.014106624;0.007391232;0.008712191999999999;0.016883712;0.017768448;0.011858944;0.007036928;0.008918015999999999;0.008434688000000001;0.008781824;0.011660287999999998;0.01311232;0.010686464;0.010732544;0.015833088;0.015340544;0.015363072;0.016044032;0.016857088;0.008744960000000001;0.004083712000000001;0.004475903999999999;0.004159487999999999;0.003141632;0.004724736;0.004220928;0.001957888;0.002349056;0.00209408;0.00197632;0.001750016;0.001635328;0.0011417600000000001;0.000733184;0.00076288;0.000780288;0.000871424;0.001056768;0.000781312;0.000745472;0.000731136;0.0006000640000000001;0.0006778880000000001;0.0007219199999999999;0.0006830079999999999;0.00047411199999999995;0.00043110399999999997;0.000253952;0.000197632;0.00028774400000000004;0.000449536;0.00027340799999999994;0.00029388799999999996;0.00029491200000000004;0.00020172799999999998;0.00023552000000000002;0.00031744;0.00029286400000000005;0.000216064;0.00020275199999999997;0.000141312;0.000191488
1789724700,hdr,0.0293;0.03906;0.04883;0.05859;0.06836;0.07813;0.08789;0.09766;0.10742;0.11719;0.12695;0.13672;0.14648;0.15625;0.16602;0.17578;0.18555;0.19531;0.20508;0.21484;0.22461;0.23438;0.24414;0.25391;0.26367;0.27344;0.2832;0.29297;0.30273;0.3125;0.32227;0.33203;0.3418;0.35156;0.36133;0.37109;0.38086;0.39063;0.40039;0.41016;0.41992;0.42969;0.43945;0.44922;0.45898;0.46875;0.47852;0.48828;0.49805;0.50781;0.51758;0.52734;0.53711;0.54688;0.55664;0.56641;0.57617;0.58594;0.5957;0.60547;0.61523;0.625;0.63477;0.64453;0.6543;0.66406;0.67383;0.68359;0.69336;0.70313;0.71289;0.72266;0.73242;0.74219;0.75195;0.76172;0.77148;0.78125;0.79102,0.003163136;0.004895744;0.004625408;0.010443776;0.011539456;0.009161728000000001;0.008972288;0.015740928;0.07020953599999999;0.09027072;0.052333568;0.064667648;0.078267392;0.05125632;0.029703168000000002;0.011522048;0.011373568;0.012022784;0.007499776;0.008510464;0.01176576;0.012255232;0.014022656;0.014678016;0.009761792;0.01046528;0.014024703999999999;0.010020863999999999;0.009665536;0.013874176;0.011856896;0.01058304;0.011074559999999999;0.011831296;0.010172416;0.006868992;0.00740864;0.004564992;0.003625984;0.00360448;0.002142208;0.002553856;0.002475008;0.002546688;0.001936384;0.00159744;0.001353728;0.001113088;0.0008048640000000001;0.001560576;0.0025937919999999997;0.0015534079999999998;0.0008560640000000001;0.000569344;0.000927744;0.0008447999999999999;0.0006225919999999999;0.0007423999999999999;0.00034304;0.000485376;0.00035430400000000006;0.00047104000000000004;0.0005754880000000001;0.00033484799999999995;0.00031129599999999997;0.000449536;0.000372736;0.000356352;0.00034201599999999995;0.00029286400000000005;0.000193536;0.00020480000000000002;0.00018534400000000002;0.000134144;0.00018739199999999998;0.00018534400000000002;0.000172032;0.00015564799999999998;0.000193536
1789725600,hdr,0.0293;0.03906;0.04883;0.05859;0.06836;0.07813;0.08789;0.09766;0.10742;0.11719;0.12695;0.13672;0.14648;0.15625;0.16602;0.17578;0.18555;0.19531;0.20508;0.21484;0.22461;0.23438;0.24414;0.25391;0.26367;0.27344;0.2832;0.29297;0.30273;0.3125;0.32227;0.33203;0.3418;0.35156;0.36133;0.37109;0.38086;0.39063;0.40039;0.41016;0.41992;0.42969;0.43945;0.44922;0.45898;0.46875;0.47852;0.48828;0.49805;0.50781;0.51758;0.52734;0.53711;0.54688;0.55664;0.56641;0.57617;0.58594;0.5957;0.60547;0.61523;0.625;0.63477;0.64453;0.6543;0.66406;0.67383;0.68359;0.69336;0.70313;0.71289;0.72266;0.73242;0.74219;0.75195;0.76172;0.77148;0.78125;0.79102,0.0009523200000000001;0.000507904;0.000510976;0.00103424;0.005533696;0.025357312000000003;0.026758144;0.011732992;0.036388864;0.101005312;0.08220979199999999;0.06841753599999999;0.09833472;0.050669568;0.046794752;0.017899520000000002;0.010131456;0.014010368;0.00838656;0.0076615680000000005;0.01225216;0.01230848;0.011162624;0.009854976000000001;0.008249344;0.00914944;0.00900608;0.009054208;0.016740352000000003;0.015065087999999999;0.011949056000000001;0.011600896000000001;0.011218944000000002;0.011879424000000001;0.014853120000000001;0.00854016;0.00493056;0.00633344;0.004279296;0.002300928;0.0029184000000000002;0.0022353919999999997;0.001978368;0.002714624;0.002425856;0.00155648;0.001276928;0.0011776;0.001024;0.000790528;0.0006993920000000001;0.00097792;0.001000448;0.0007372800000000001;0.000894976;0.0007352319999999999;0.000544768;0.000242688;0.000267264;0.00054272;0.00044544;0.000484352;0.000453632;0.000518144;0.000444416;0.000371712;0.0005468159999999999;0.000620544;0.000408576;0.000233472;0.000224256;0.000278528;0.00020889599999999997;0.000139264;0.000116736;0.000172032;0.000205824;0.00012288000000000002;8.704000000000001e-05
1789726500,hdr,0.0293;0.03906;0.04883;0.05859;0.06836;0.07813;0.08789;0.09766;0.10742;0.11719;0.12695;0.13672;0.14648;0.15625;0.16602;0.17578;0.18555;0.19531;0.20508;0.21484;0.22461;0.23438;0.24414;0.25391;0.26367;0.27344;0.2832;0.29297;0.30273;0.3125;0.32227;0.33203;0.3418;0.35156;0.36133;0.37109;0.38086;0.39063;0.40039;0.41016;0.41992;0.42969;0.43945;0.44922;0.45898;0.46875;0.47852;0.48828;0.49805;0.50781;0.51758;0.52734;0.53711;0.54688;0.55664;0.56641;0.57617;0.58594;0.5957;0.60547;0.61523;0.625;0.63477;0.64453;0.6543;0.66406;0.67383;0.68359;0.69336;0.70313;0.71289;0.72266;0.73242;0.74219;0.75195;0.76172;0.77148;0.78125;0.79102,8.3968e-05;0.000320512;0.000172032;0.0007075839999999999;0.004897792000000001;0.01611264;0.019758079999999997;0.026008576000000002;0.06903296;0.145819648;0.12778393600000001;0.075912192;0.086561792;0.050327552;0.024537088;0.032002048000000005;0.011396096;0.008950784;0.012060672;0.011638784;0.008414208000000001;0.008885248000000002;0.009847808000000001;0.008695808;0.01060352;0.013729792;0.016826367999999998;0.017150976;0.0181248;0.011899904;0.010976256;0.01472;0.008378368;0.007949312;0.01059328;0.00743424;0.00567808;0.006222848;0.00562176;0.0039700479999999995;0.002405376;0.001212416;0.002151424;0.001552384;0.001743872;0.001845248;0.001069056;0.001079296;0.0009625599999999999;0.000772096;0.0005703679999999999;0.000663552;0.000769024;0.00043110399999999997;0.000458752;0.000642048;0.000380928;0.000331776;0.000451584;0.00037376;0.0004352;0.000234496;0.000160768;0.000305152;0.00027033600000000004;0.00016384;0.00015564799999999998;0.00028569600000000005;0.000253952;0.000161792;0.000180224;0.00017100799999999997;0.000134144;0.00012390399999999998;0.000156672;0.000110592;0.00014643200000000002;0.00015462400000000002;0.000131072
1789727400,hdr,0.0293;0.03906;0.04883;0.05859;0.06836;0.07813;0.08789;0.09766;0.10742;0.11719;0.12695;0.13672;0.14648;0.15625;0.16602;0.17578;0.18555;0.19531;0.20508;0.21484;0.22461;0.23438;0.24414;0.25391;0.26367;0.27344;0.2832;0.29297;0.30273;0.3125;0.32227;0.33203;0.3418;0.35156;0.36133;0.37109;0.38086;0.39063;0.40039;0.41016;0.41992;0.42969;0.43945;0.44922;0.45898;0.46875;0.47852;0.48828;0.49805;0.50781;0.51758;0.52734;0.53711;0.54688;0.55664;0.56641;0.57617;0.58594;0.5957;0.60547;0.61523;0.625;0.63477;0.64453;0.6543;0.66406;0.67383;0.68359;0.69336;0.70313;0.71289;0.72266;0.73242;0.74219;0.75195;0.76172;0.77148;0.78125;0.79102,0.000326656;0.000100352;0.000157696;0.0006789119999999999;0.010457088;0.035596288000000004;0.026877952;0.018286592;0.036273152;0.084263936;0.06875852799999999;0.041771008;0.057918464;0.067273728;0.054941696000000005;0.02390528;0.022993919999999998;0.018227200000000002;0.010532864;0.007840768;0.004810752;0.008001536;0.008407040000000001;0.007711744;0.01080832;0.010241024;0.010208256;0.016434175999999998;0.013954048;0.014839808;0.014480384;0.01024;0.007412736;0.011619328;0.009300992000000001;0.0041564160000000005;0.004754432;0.005728256;0.0043161599999999994;0.0033638400000000003;0.003009536;0.002026496;0.0018698239999999997;0.0019455999999999998;0.001308672;0.001588224;0.001645568;0.001024;0.00101376;0.00089088;0.000734208;0.0007168;0.0006123519999999999;0.000490496;0.001099776;0.00046489599999999996;0.00029491200000000004;0.00035328;0.000376832;0.000427008;0.000393216;0.00036249599999999997;0.000366592;0.00036147200000000005;0.00036966399999999996;0.000323584;0.000226304;0.000257024;0.00028774400000000004;0.000267264;0.000195584;0.000152576;0.00013311999999999997;0.000134144;0.000125952;9.5232e-05;0.00012288000000000002;0.000169984;0.000141312
1789728300,hdr,0.0293;0.03906;0.04883;0.05859;0.06836;0.07813;0.08789;0.09766;0.10742;0.11719;0.12695;0.13672;0.14648;0.15625;0.16602;0.17578;0.18555;0.19531;0.20508;0.21484;0.22461;0.23438;0.24414;0.25391;0.26367;0.27344;0.2832;0.29297;0.30273;0.3125;0.32227;0.33203;0.3418;0.35156;0.36133;0.37109;0.38086;0.39063;0.40039;0.41016;0.41992;0.42969;0.43945;0.44922;0.45898;0.46875;0.47852;0.48828;0.49805;0.50781;0.51758;0.52734;0.53711;0.54688;0.55664;0.56641;0.57617;0.58594;0.5957;0.60547;0.61523;0.625;0.63477;0.64453;0.6543;0.66406;0.67383;0.68359;0.69336;0.70313;0.71289;0.72266;0.73242;0.74219;0.75195;0.76172;0.77148;0.78125;0.79102,0.00025088;0.00059904;0.00025088;0.000110592;0.008653824000000001;0.043423744;0.042118144;0.021039104;0.040411136;0.043833343999999996;0.046928896;0.043672576;0.054223872000000006;0.061038592;0.042193919999999996;0.025447424000000003;0.014605312;0.011149312;0.010500095999999999;0.010066944;0.007792639999999999;0.009993216000000001;0.007949312;0.004566016000000001;0.005817344;0.007246848;0.007425024;0.010287104;0.012263424;0.011429888000000001;0.016029696000000003;0.01312256;0.010136576;0.007247872000000001;0.009252864000000001;0.007340032;0.004521984;0.002863104;0.002364416;0.002084864;0.0015943679999999999;0.0021227520000000003;0.002167808;0.0022896640000000003;0.0013260799999999999;0.001550336;0.001097728;0.000662528;0.000893952;0.000733184;0.000531456;0.00048025600000000003;0.0006502400000000001;0.000863232;0.000413696;0.000418816;0.00041984;0.000411648;0.00039628799999999996;0.000226304;0.00028569600000000005;0.000344064;0.00029798400000000005;0.00029696;0.000346112;0.00030924800000000003;0.00014745600000000002;0.00012390399999999998;0.00012390399999999998;0.000192512;0.00018534400000000002;0.000128;0.000164864;0.00014745600000000002;0.00014335999999999998;8.704000000000001e-05;9.0112e-05;0.00014848;0.00012288000000000002
1789729200,hdr,0.0293;0.03906;0.04883;0.05859;0.06836;0.07813;0.08789;0.09766;0.10742;0.11719;0.12695;0.13672;0.14648;0.15625;0.16602;0.17578;0.18555;0.19531;0.20508;0.21484;0.22461;0.23438;0.24414;0.25391;0.26367;0.27344;0.2832;0.29297;0.30273;0.3125;0.32227;0.33203;0.3418;0.35156;0.36133;0.37109;0.38086;0.39063;0.40039;0.41016;0.41992;0.42969;0.43945;0.44922;0.45898;0.46875;0.47852;0.48828;0.49805;0.50781;0.51758;0.52734;0.53711;0.54688;0.55664;0.56641;0.57617;0.58594;0.5957;0.60547;0.61523;0.625;0.63477;0.64453;0.6543;0.66406;0.67383;0.68359;0.69336;0.70313;0.71289;0.72266;0.73242;0.74219;0.75195;0.76172;0.77148;0.78125;0.79102,0.001189888;0.001789952;0.000590848;0.00216576;0.011524096;0.03734528;0.029215744000000002;0.012318720000000002;0.039880703999999996;0.06718668800000001;0.048476160000000004;0.045699072;0.069714944;0.0535552;0.036969472;0.022541312;0.017386496;0.008933376;0.007605247999999999;0.008564736000000002;0.012699648;0.008988671999999998;0.01134592;0.008643584000000001;0.009042943999999999;0.008418303999999998;0.00661504;0.011296768;0.0096768;0.007888896;0.015439871999999999;0.015832064;0.012370944;0.007960576;0.006019072;0.0064296959999999995;0.006107135999999999;0.003961856000000001;0.0030228480000000003;0.002151424;0.0024883199999999996;0.0031938559999999997;0.002443264;0.00162816;0.001420288;0.0021329920000000002;0.0019189760000000002;0.000908288;0.000966656;0.000740352;0.001113088;0.001317888;0.001775616;0.00138752;0.0014458880000000002;0.0014192640000000002;0.001176576;0.001036288;0.000953344;0.001030144;0.001103872;0.0010803199999999998;0.000649216;0.001108992;0.000984064;0.0006154239999999999;0.00036454399999999996;0.0006840319999999999;0.0006154239999999999;0.00057856;0.000521216;0.000538624;0.000371712;0.000283648;0.000218112;0.000167936;0.00013824;0.000159744;0.00030617599999999996
1789730100,hdr,0.0293;0.03906;0.04883;0.05859;0.06836;0.07813;0.08789;0.09766;0.10742;0.11719;0.12695;0.13672;0.14648;0.15625;0.16602;0.17578;0.18555;0.19531;0.20508;0.21484;0.22461;0.23438;0.24414;0.25391;0.26367;0.27344;0.2832;0.29297;0.30273;0.3125;0.32227;0.33203;0.3418;0.35156;0.36133;0.37109;0.38086;0.39063;0.40039;0.41016;0.41992;0.42969;0.43945;0.44922;0.45898;0.46875;0.47852;0.48828;0.49805;0.50781;0.51758;0.52734;0.53711;0.54688;0.55664;0.56641;0.57617;0.58594;0.5957;0.60547;0.61523;0.625;0.63477;0.64453;0.6543;0.66406;0.67383;0.68359;0.69336;0.70313;0.71289;0.72266;0.73242;0.74219;0.75195;0.76172;0.77148;0.78125;0.79102,0.002935808;0.0039301119999999995;0.001956864;0.0035235839999999997;0.019724288;0.026791936000000002;0.015886336;0.015080448;0.031970304;0.052871167999999996;0.065793024;0.077390848;0.06927667200000001;0.057914368;0.043627519999999996;0.035940352;0.022828031999999998;0.018838527999999997;0.012304384;0.0068526080000000005;0.00755712;0.00912384;0.008340479999999999;0.005819392;0.005042176000000001;0.004678656;0.008705023999999999;0.009841663999999998;0.007696384;0.009972736;0.015379456;0.015776768;0.009955328;0.007061504;0.005761024;0.004130816000000001;0.0053043199999999995;0.005185536;0.002868224;0.002011136;0.0019087359999999999;0.002824192;0.0027740160000000002;0.002131968;0.00154624;0.001599488;0.001847296;0.00142848;0.0010813440000000001;0.000475136;0.00064;0.000796672;0.000489472;0.00046592000000000004;0.0006000640000000001;0.00036249599999999997;0.000284672;0.000303104;0.000280576;0.00029593599999999995;0.00026521600000000003;0.00023552000000000002;0.000165888;0.00018432000000000002;0.000200704;0.00018944;0.00019456;0.000234496;0.000249856;0.00015564799999999998;0.00011776000000000001;0.00019456;0.00018534400000000002;0.00020172799999999998;0.000100352;0.000108544;7.68e-05;9.8304e-05;0.000100352
1789731000,hdr,0.0293;0.03906;0.04883;0.05859;0.06836;0.07813;0.08789;0.09766;0.10742;0.11719;0.12695;0.13672;0.14648;0.15625;0.16602;0.17578;0.18555;0.19531;0.20508;0.21484;0.22461;0.23438;0.24414;0.25391;0.26367;0.27344;0.2832;0.29297;0.30273;0.3125;0.32227;0.33203;0.3418;0.35156;0.36133;0.37109;0.38086;0.39063;0.40039;0.41016;0.41992;0.42969;0.43945;0.44922;0.45898;0.46875;0.47852;0.48828;0.49805;0.50781;0.51758;0.52734;0.53711;0.54688;0.55664;0.56641;0.57617;0.58594;0.5957;0.60547;0.61523;0.625;0.63477;0.64453;0.6543;0.66406;0.67383;0.68359;0.69336;0.70313;0.71289;0.72266;0.73242;0.74219;0.75195;0.76172;0.77148;0.78125;0.79102,0.004913152;0.010570752000000001;0.011889664000000001;0.01188864;0.013117440000000001;0.028808192;0.018630656;0.011261952;0.030281728000000004;0.052256768;0.047670272;0.066538496;0.06167347199999999;0.061539328;0.049304576;0.039264256000000004;0.019139583999999998;0.011063295999999999;0.01174016;0.009525248;0.009008127999999999;0.012505088;0.010887168000000001;0.008528896;0.0069324799999999995;0.004489216;0.003836928;0.007635968;0.0080128;0.009019392;0.010151936;0.011087872;0.007875584;0.00873472;0.008832;0.008489984;0.0076769279999999995;0.004165632;0.004018176;0.004118528000000001;0.002966528;0.0031467520000000005;0.00268288;0.0013240320000000002;0.00159232;0.00188928;0.0014274560000000001;0.001122304;0.0010608640000000001;0.000891904;0.0006891520000000001;0.0010250239999999998;0.0009748480000000001;0.000668672;0.000704512;0.000694272;0.000607232;0.00049664;0.000869376;0.001253376;0.00059904;0.000468992;0.000456704;0.00026112;0.00024576000000000003;0.00027136;0.000335872;0.00022016;0.000275456;0.000408576;0.000386048;0.000246784;0.000227328;0.00015872;9.5232e-05;0.00011571199999999999;0.00014643200000000002;0.0001536;0.000129024
1789731900,hdr,0.0293;0.03906;0.04883;0.05859;0.06836;0.07813;0.08789;0.09766;0.10742;0.11719;0.12695;0.13672;0.14648;0.15625;0.16602;0.17578;0.18555;0.19531;0.20508;0.21484;0.22461;0.23438;0.24414;0.25391;0.26367;0.27344;0.2832;0.29297;0.30273;0.3125;0.32227;0.33203;0.3418;0.35156;0.36133;0.37109;0.38086;0.39063;0.40039;0.41016;0.41992;0.42969;0.43945;0.44922;0.45898;0.46875;0.47852;0.48828;0.49805;0.50781;0.51758;0.52734;0.53711;0.54688;0.55664;0.56641;0.57617;0.58594;0.5957;0.60547;0.61523;0.625;0.63477;0.64453;0.6543;0.66406;0.67383;0.68359;0.69336;0.70313;0.71289;0.72266;0.73242;0.74219;0.75195;0.76172;0.77148;0.78125;0.79102,0.00323072;0.00731648;0.008067072;0.00543232;0.006767616;0.027958272;0.0205824;0.014021632;0.02569216;0.056468479999999995;0.071902208;0.063164416;0.053182464;0.06624358400000001;0.047000576;0.032608255999999995;0.018026496000000003;0.012633088000000002;0.013720576;0.0130816;0.010801152;0.008968192000000002;0.008103935999999999;0.006511616;0.004891648;0.005108736000000001;0.004379648;0.007493631999999999;0.006816768;0.003934208;0.007616512000000001;0.010253312;0.008466432;0.008496128;0.006545408;0.004327424;0.00384512;0.0033044479999999998;0.00171008;0.002210816;0.0020879360000000003;0.001620992;0.001555456;0.001498112;0.001393664;0.0015472639999999998;0.0009297919999999999;0.001007616;0.001281024;0.000775168;0.000648192;0.0005468159999999999;0.000775168;0.00075264;0.0006277120000000001;0.000775168;0.00070656;0.00064512;0.000894976;0.000949248;0.00082944;0.000412672;0.000520192;0.00041062399999999995;0.00032870400000000003;0.000379904;0.00044646400000000004;0.000244736;0.00031744;0.000279552;0.000257024;0.00024780799999999997;0.0001792;0.00020275199999999997;0.00022016;0.000242688;0.00014540800000000003;0.000110592;0.000100352
1789732800,hdr,0.0293;0.03906;0.04883;0.05859;0.06836;0.07813;0.08789;0.09766;0.10742;0.11719;0.12695;0.13672;0.14648;0.15625;0.16602;0.17578;0.18555;0.19531;0.20508;0.21484;0.22461;0.23438;0.24414;0.25391;0.26367;0.27344;0.2832;0.29297;0.30273;0.3125;0.32227;0.33203;0.3418;0.35156;0.36133;0.37109;0.38086;0.39063;0.40039;0.41016;0.41992;0.42969;0.43945;0.44922;0.45898;0.46875;0.47852;0.48828;0.49805;0.50781;0.51758;0.52734;0.53711;0.54688;0.55664;0.56641;0.57617;0.58594;0.5957;0.60547;0.61523;0.625;0.63477;0.64453;0.6543;0.66406;0.67383;0.68359;0.69336;0.70313;0.71289;0.72266;0.73242;0.74219;0.75195;0.76172;0.77148;0.78125;0.79102,0.005095424;0.012114943999999999;0.009157631999999999;0.0069888;0.022800384000000003;0.046985216;0.028623871999999998;0.007406592;0.015622144000000001;0.05273395200000001;0.078246912;0.102878208;0.06572646400000001;0.081333248;0.060449792;0.03470848;0.016768;0.011141120000000001;0.010765311999999999;0.011128831999999998;0.010686464;0.010182655999999998;0.008144895999999999;0.009739264000000001;0.006226944;0.004887552000000001;0.006479872;0.00907776;0.008836096;0.005316608;0.008507391999999999;0.010429439999999998;0.007515136;0.006742016;0.004355072;0.006326272;0.005359616;0.0057149440000000004;0.004656128;0.00272384;0.001729536;0.001232896;0.001467392;0.001907712;0.00164864;0.0017489920000000002;0.0013547519999999999;0.00100352;0.000769024;0.000502784;0.0008355839999999999;0.00082432;0.00034816000000000003;0.00025088;0.00029900799999999997;0.00039731200000000003;0.000323584;0.000316416;0.000339968;0.000412672;0.000329728;0.000326656;0.000280576;0.000323584;0.000210944;0.000162816;0.000316416;0.00030105599999999996;0.000248832;0.00020172799999999998;0.000233472;0.00019456;0.000211968;0.00023244799999999998;0.000211968;0.00014848;0.000161792;0.000183296;0.000131072
1789733700,hdr,0.0293;0.03906;0.04883;0.05859;0.06836;0.07813;0.08789;0.09766;0.10742;0.11719;0.12695;0.13672;0.14648;0.15625;0.16602;0.17578;0.18555;0.19531;0.20508;0.21484;0.22461;0.23438;0.24414;0.25391;0.26367;0.27344;0.2832;0.29297;0.30273;0.3125;0.32227;0.33203;0.3418;0.35156;0.36133;0.37109;0.38086;0.39063;0.40039;0.41016;0.41992;0.42969;0.43945;0.44922;0.45898;0.46875;0.47852;0.48828;0.49805;0.50781;0.51758;0.52734;0.53711;0.54688;0.55664;0.56641;0.57617;0.58594;0.5957;0.60547;0.61523;0.625;0.63477;0.64453;0.6543;0.66406;0.67383;0.68359;0.69336;0.70313;0.71289;0.72266;0.73242;0.74219;0.75195;0.76172;0.77148;0.78125;0.79102,0.002229248;0.005186560000000001;0.00767488;0.009512959999999999;0.017128448;0.02956288;0.015120384;0.01664;0.03312639999999999;0.07012044799999999;0.068953088;0.07052902400000001;0.073517056;0.05150617600000001;0.036372480000000006;0.033058816;0.013914112;0.012715008;0.009575423999999999;0.00605184;0.0069847039999999996;0.007283712;0.006164480000000001;0.005890048;0.005782528;0.0053248;0.006240256;0.004922368;0.004834304;0.009143296;0.007384064;0.003975168;0.0048312319999999995;0.0035860479999999997;0.004268032;0.0035952639999999995;0.003270656;0.0038266879999999995;0.0029265919999999996;0.0028620800000000004;0.002935808;0.0021893120000000005;0.001502208;0.000483328;0.00083968;0.001271808;0.001329152;0.0011161600000000002;0.000659456;0.00042496;0.000313344;0.0006184960000000001;0.0014581759999999998;0.00129024;0.0012288;0.000871424;0.000897024;0.001156096;0.000687104;0.0006993920000000001;0.00055296;0.0006144;0.00039628799999999996;0.000345088;0.000344064;0.00024063999999999997;0.000169984;0.00021401600000000003;0.000272384;0.00041676800000000003;0.00041062399999999995;0.000310272;0.00039936;0.000229376;0.00024576000000000003;0.000251904;0.00024063999999999997;0.000395264;0.00041062399999999995
1789734600,hdr,0.0293;0.03906;0.04883;0.05859;0.06836;0.07813;0.08789;0.09766;0.10742;0.11719;0.12695;0.13672;0.14648;0.15625;0.16602;0.17578;0.18555;0.19531;0.20508;0.21484;0.22461;0.23438;0.24414;0.25391;0.26367;0.27344;0.2832;0.29297;0.30273;0.3125;0.32227;0.33203;0.3418;0.35156;0.36133;0.37109;0.38086;0.39063;0.40039;0.41016;0.41992;0.42969;0.43945;0.44922;0.45898;0.46875;0.47852;0.48828;0.49805;0.50781;0.51758;0.52734;0.53711;0.54688;0.55664;0.56641;0.57617;0.58594;0.5957;0.60547;0.61523;0.625;0.63477;0.64453;0.6543;0.66406;0.67383;0.68359;0.69336;0.70313;0.71289;0.72266;0.73242;0.74219;0.75195;0.76172;0.77148;0.78125;0.79102,0.001155072;0.005497856;0.006076416;0.0030525440000000004;0.017508351999999998;0.037607424;0.018035712;0.00904192;0.026085376;0.041570304;0.04087296;0.050109440000000005;0.029920256;0.049387520000000004;0.064157696;0.038067199999999995;0.021218304;0.017427455999999997;0.007375872;0.005221376;0.0065515519999999995;0.008276992;0.008568832;0.008694783999999999;0.006612992;0.011501568000000002;0.00902144;0.005287936000000001;0.005994496;0.006209536;0.00669696;0.0059136;0.004816895999999999;0.004666368000000001;0.004941824000000001;0.007698432000000001;0.0063150079999999996;0.002767872;0.002274304;0.00168448;0.002069504;0.0018800639999999999;0.00098816;0.001073152;0.001393664;0.0010014719999999998;0.0007116799999999999;0.00098816;0.0010199039999999999;0.000753664;0.00068096;0.000434176;0.000436224;0.000516096;0.000391168;0.0003584;0.00046796800000000003;0.00036147200000000005;0.000346112;0.00034304;0.000393216;0.000413696;0.000427008;0.000489472;0.00026521600000000003;0.00022323200000000002;0.00034201599999999995;0.0003584;0.000303104;0.000272384;0.000323584;0.00035532799999999997;0.00030003200000000004;0.000308224;0.000356352;0.000387072;0.00030208000000000004;0.000260096;0.00020992
1789735500,hdr,0.0293;0.03906;0.04883;0.05859;0.06836;0.07813;0.08789;0.09766;0.10742;0.11719;0.12695;0.13672;0.14648;0.15625;0.16602;0.17578;0.18555;0.19531;0.20508;0.21484;0.22461;0.23438;0.24414;0.25391;0.26367;0.27344;0.2832;0.29297;0.30273;0.3125;0.32227;0.33203;0.3418;0.35156;0.36133;0.37109;0.38086;0.39063;0.40039;0.41016;0.41992;0.42969;0.43945;0.44922;0.45898;0.46875;0.47852;0.48828;0.49805;0.50781;0.51758;0.52734;0.53711;0.54688;0.55664;0.56641;0.57617;0.58594;0.5957;0.60547;0.61523;0.625;0.63477;0.64453;0.6543;0.66406;0.67383;0.68359;0.69336;0.70313;0.71289;0.72266;0.73242;0.74219;0.75195;0.76172;0.77148;0.78125;0.79102,0.007857152;0.023996416;0.022452224000000003;0.008718336000000002;0.022735872;0.035474432;0.028298240000000002;0.013796352000000001;0.01601536;0.04372992;0.063628288;0.063484928;0.062464;0.060941312000000004;0.035713023999999996;0.04319232;0.034163712;0.024865791999999998;0.014678016;0.013119488;0.009695232;0.0072806400000000005;0.009792512000000001;0.007950336;0.00708096;0.006670336000000001;0.004179968;0.005195776000000001;0.0042014719999999995;0.00471552;0.005026816;0.003723264;0.0050104319999999996;0.0051251199999999995;0.003208192;0.00485888;0.0036812800000000003;0.002291712;0.0024381439999999997;0.0017848319999999999;0.002325504;0.002171904;0.001024;0.000868352;0.001009664;0.00101376;0.000734208;0.0006891520000000001;0.000818176;0.000893952;0.0006830079999999999;0.0008867839999999999;0.000502784;0.00042598399999999997;0.0006891520000000001;0.0008560640000000001;0.000985088;0.0008468480000000001;0.0009359360000000001;0.000922624;0.0005754880000000001;0.000550912;0.001004544;0.001006592;0.00067072;0.000521216;0.0007557120000000001;0.000674816;0.0006041600000000001;0.000345088;0.00025088;0.00030003200000000004;0.00031129599999999997;0.000248832;0.000242688;0.000321536;0.000258048;0.000227328;0.00024063999999999997
1789737300,hdr,0.0293;0.03906;0.04883;0.05859;0.06836;0.07813;0.08789;0.09766;0.10742;0.11719;0.12695;0.13672;0.14648;0.15625;0.16602;0.17578;0.18555;0.19531;0.20508;0.21484;0.22461;0.23438;0.24414;0.25391;0.26367;0.27344;0.2832;0.29297;0.30273;0.3125;0.32227;0.33203;0.3418;0.35156;0.36133;0.37109;0.38086;0.39063;0.40039;0.41016;0.41992;0.42969;0.43945;0.44922;0.45898;0.46875;0.47852;0.48828;0.49805;0.50781;0.51758;0.52734;0.53711;0.54688;0.55664;0.56641;0.57617;0.58594;0.5957;0.60547;0.61523;0.625;0.63477;0.64453;0.6543;0.66406;0.67383;0.68359;0.69336;0.70313;0.71289;0.72266;0.73242;0.74219;0.75195;0.76172;0.77148;0.78125;0.79102,0.0060610559999999996;0.008016895999999999;0.005113856;0.0038266879999999995;0.011063295999999999;0.02479616;0.02130944;0.009283584;0.012631040000000001;0.038061056;0.05166387199999999;0.050553856;0.035108864;0.024748032;0.026707968000000002;0.036240384;0.032973824;0.022416384;0.013596672;0.01292288;0.00705024;0.008322048;0.009179136000000001;0.006404096000000001;0.006237184;0.00707584;0.006524928;0.005005312;0.006367232;0.006652928;0.006091776000000001;0.003716096;0.004610047999999999;0.004355072;0.004221952;0.004285440000000001;0.00321024;0.001941504;0.001840128;0.0023296;0.001978368;0.001755136;0.0010956800000000001;0.0007055360000000001;0.00077824;0.000594944;0.000648192;0.0005642239999999999;0.000453632;0.0005877759999999999;0.00050176;0.000380928;0.00034304;0.000451584;0.00032870400000000003;0.00029183999999999997;0.000393216;0.000323584;0.000305152;0.00028671999999999997;0.000249856;0.00028774400000000004;0.000284672;0.000448512;0.00043008000000000006;0.000448512;0.00036249599999999997;0.000221184;0.000268288;0.00029593599999999995;0.00030617599999999996;0.00021401600000000003;0.000217088;0.00029388799999999996;0.00029798400000000005;0.00022323200000000002;0.00023142399999999999;0.000227328;0.00025088
1789738200,hdr,0.0293;0.03906;0.04883;0.05859;0.06836;0.07813;0.08789;0.09766;0.10742;0.11719;0.12695;0.13672;0.14648;0.15625;0.16602;0.17578;0.18555;0.19531;0.20508;0.21484;0.22461;0.23438;0.24414;0.25391;0.26367;0.27344;0.2832;0.29297;0.30273;0.3125;0.32227;0.33203;0.3418;0.35156;0.36133;0.37109;0.38086;0.39063;0.40039;0.41016;0.41992;0.42969;0.43945;0.44922;0.45898;0.46875;0.47852;0.48828;0.49805;0.50781;0.51758;0.52734;0.53711;0.54688;0.55664;0.56641;0.57617;0.58594;0.5957;0.60547;0.61523;0.625;0.63477;0.64453;0.6543;0.66406;0.67383;0.68359;0.69336;0.70313;0.71289;0.72266;0.73242;0.74219;0.75195;0.76172;0.77148;0.78125;0.79102,0.00564736;0.012573696;0.01256448;0.011003904;0.015420416;0.037270528;0.029268992;0.014406655999999999;0.013320192000000002;0.02331136;0.033959936;0.028982271999999996;0.028718080000000003;0.041046016000000005;0.0754688;0.048546816;0.036979712;0.033132544;0.016584704;0.014303232;0.013586432;0.008737792000000001;0.0068679679999999995;0.008706048;0.008124416;0.007263232;0.006211584;0.0068352000000000005;0.00795648;0.006427647999999999;0.005369856000000001;0.005959679999999999;0.004046848;0.00207872;0.00213504;0.002888704;0.002368512;0.0024340480000000003;0.0016302080000000002;0.0012185600000000003;0.00205312;0.001937408;0.0017684480000000002;0.001431552;0.001000448;0.0007413760000000001;0.0007075839999999999;0.000466944;0.00037376;0.000371712;0.000521216;0.000494592;0.000451584;0.000268288;0.000329728;0.00023142399999999999;0.00031232;0.000241664;0.00019968;0.000280576;0.00026112;0.00023142399999999999;0.00026112;0.000360448;0.00037068800000000004;0.000375808;0.000275456;0.00028774400000000004;0.00033484799999999995;0.00033792;0.000324608;0.000274432;0.00036249599999999997;0.000494592;0.00043315199999999996;0.00030003200000000004;0.000490496;0.000456704;0.000277504
1789739100,hdr,0.0293;0.03906;0.04883;0.05859;0.06836;0.07813;0.08789;0.09766;0.10742;0.11719;0.12695;0.13672;0.14648;0.15625;0.16602;0.17578;0.18555;0.19531;0.20508;0.21484;0.22461;0.23438;0.24414;0.25391;0.26367;0.27344;0.2832;0.29297;0.30273;0.3125;0.32227;0.33203;0.3418;0.35156;0.36133;0.37109;0.38086;0.39063;0.40039;0.41016;0.41992;0.42969;0.43945;0.44922;0.45898;0.46875;0.47852;0.48828;0.49805;0.50781;0.51758;0.52734;0.53711;0.54688;0.55664;0.56641;0.57617;0.58594;0.5957;0.60547;0.61523;0.625;0.63477;0.64453;0.6543;0.66406;0.67383;0.68359;0.69336;0.70313;0.71289;0.72266;0.73242;0.74219;0.75195;0.76172;0.77148;0.78125;0.79102,0.0066713599999999994;0.009114624;0.007605247999999999;0.011447296000000001;0.029381632;0.039755776;0.017022976;0.009377792;0.017888255999999998;0.026732544;0.030511104;0.029551616;0.028612608;0.024052736;0.056116224;0.07059353600000001;0.053625856;0.02187264;0.013793279999999998;0.011099136;0.009921536;0.009413632;0.009893888;0.007489536;0.006567936000000001;0.00474624;0.007503872;0.009419776;0.008062976000000001;0.0051619840000000005;0.004891648;0.004422656;0.00394752;0.003362816;0.002835456;0.003961856000000001;0.0027811840000000003;0.002460672;0.002112512;0.001261568;0.000965632;0.00097792;0.0012185600000000003;0.001067008;0.000907264;0.0009318400000000001;0.000813056;0.00091648;0.00050688;0.000576512;0.0008519679999999999;0.0007464960000000001;0.0006604799999999999;0.0006656;0.0005703679999999999;0.00061952;0.00075776;0.000533504;0.000567296;0.00047616000000000005;0.00047820800000000004;0.0006819840000000001;0.0005468159999999999;0.00035942400000000006;0.000525312;0.0005683200000000001;0.0005888;0.000651264;0.000648192;0.0007137280000000001;0.00079872;0.0006912;0.0005304320000000001;0.000626688;0.000734208;0.0007086080000000001;0.0009768959999999999;0.000917504;0.0006973439999999999
1789740000,hdr,0.0293;0.03906;0.04883;0.05859;0.06836;0.07813;0.08789;0.09766;0.10742;0.11719;0.12695;0.13672;0.14648;0.15625;0.16602;0.17578;0.18555;0.19531;0.20508;0.21484;0.22461;0.23438;0.24414;0.25391;0.26367;0.27344;0.2832;0.29297;0.30273;0.3125;0.32227;0.33203;0.3418;0.35156;0.36133;0.37109;0.38086;0.39063;0.40039;0.41016;0.41992;0.42969;0.43945;0.44922;0.45898;0.46875;0.47852;0.48828;0.49805;0.50781;0.51758;0.52734;0.53711;0.54688;0.55664;0.56641;0.57617;0.58594;0.5957;0.60547;0.61523;0.625;0.63477;0.64453;0.6543;0.66406;0.67383;0.68359;0.69336;0.70313;0.71289;0.72266;0.73242;0.74219;0.75195;0.76172;0.77148;0.78125;0.79102,0.009059328000000002;0.010800128;0.012806144;0.010445824000000001;0.012384256000000001;0.024474624;0.015450112;0.009157631999999999;0.016262144;0.031970304;0.030311424;0.023095296;0.031484928;0.027530239999999997;0.049822719999999994;0.070785024;0.050613248;0.034806784;0.014952448;0.010276864;0.012769280000000001;0.010953728;0.010541055999999998;0.00733696;0.006117376;0.007465983999999999;0.009239552;0.007837696;0.0064645119999999995;0.0069888;0.003945472;0.003557376;0.0032020480000000003;0.002849792;0.003401728;0.0029634559999999997;0.002067456;0.0013783040000000001;0.001353728;0.001552384;0.000918528;0.000664576;0.000882688;0.001195008;0.0011212799999999999;0.000714752;0.000676864;0.000654336;0.0004884479999999999;0.000534528;0.0005754880000000001;0.00047206399999999996;0.000534528;0.000610304;0.0006021119999999999;0.000444416;0.00044032;0.0006912;0.0008151040000000001;0.000910336;0.00100352;0.001652736;0.0014151679999999999;0.0009717759999999999;0.001527808;0.001555456;0.0012247039999999999;0.001185792;0.0012605440000000002;0.001406976;0.0015738879999999998;0.00146944;0.001088512;0.000987136;0.001033216;0.001227776;0.001024;0.0010752000000000001;0.001011712
1789740900,hdr,0.0293;0.03906;0.04883;0.05859;0.06836;0.07813;0.08789;0.09766;0.10742;0.11719;0.12695;0.13672;0.14648;0.15625;0.16602;0.17578;0.18555;0.19531;0.20508;0.21484;0.22461;0.23438;0.24414;0.25391;0.26367;0.27344;0.2832;0.29297;0.30273;0.3125;0.32227;0.33203;0.3418;0.35156;0.36133;0.37109;0.38086;0.39063;0.40039;0.41016;0.41992;0.42969;0.43945;0.44922;0.45898;0.46875;0.47852;0.48828;0.49805;0.50781;0.51758;0.52734;0.53711;0.54688;0.55664;0.56641;0.57617;0.58594;0.5957;0.60547;0.61523;0.625;0.63477;0.64453;0.6543;0.66406;0.67383;0.68359;0.69336;0.70313;0.71289;0.72266;0.73242;0.74219;0.75195;0.76172;0.77148;0.78125;0.79102,0.007673856;0.009897983999999999;0.005922816;0.007454720000000001;0.025783295999999997;0.041531392;0.02497536;0.010658816000000002;0.014415872;0.03574886399999999;0.038490112;0.029791232;0.031298559999999996;0.027331584;0.041538559999999995;0.043041792;0.032269312;0.019920896;0.017596416;0.013188096;0.009278464;0.008434688000000001;0.010714112000000001;0.006306816000000001;0.006953984000000001;0.006644736;0.007444480000000001;0.00651264;0.005226496;0.004345856;0.00392192;0.003209216;0.003779584;0.0027566080000000002;0.003357696;0.0022968320000000004;0.001634304;0.0022855680000000004;0.00175104;0.001451008;0.001534976;0.00131072;0.0008069119999999999;0.0009768959999999999;0.00096768;0.000995328;0.0010455039999999998;0.000771072;0.0010936319999999998;0.00067584;0.000813056;0.000908288;0.000768;0.0005416959999999999;0.00065536;0.000652288;0.000843776;0.000801792;0.00062976;0.000550912;0.000760832;0.001214464;0.001210368;0.0006123519999999999;0.000812032;0.0007413760000000001;0.0010598399999999998;0.001084416;0.000996352;0.001189888;0.000941056;0.0010209280000000002;0.0011161600000000002;0.001153024;0.0009758719999999999;0.000766976;0.001210368;0.00093696;0.00051712
1789741800,hdr,0.0293;0.03906;0.04883;0.05859;0.06836;0.07813;0.08789;0.09766;0.10742;0.11719;0.12695;0.13672;0.14648;0.15625;0.16602;0.17578;0.18555;0.19531;0.20508;0.21484;0.22461;0.23438;0.24414;0.25391;0.26367;0.27344;0.2832;0.29297;0.30273;0.3125;0.32227;0.33203;0.3418;0.35156;0.36133;0.37109;0.38086;0.39063;0.40039;0.41016;0.41992;0.42969;0.43945;0.44922;0.45898;0.46875;0.47852;0.48828;0.49805;0.50781;0.51758;0.52734;0.53711;0.54688;0.55664;0.56641;0.57617;0.58594;0.5957;0.60547;0.61523;0.625;0.63477;0.64453;0.6543;0.66406;0.67383;0.68359;0.69336;0.70313;0.71289;0.72266;0.73242;0.74219;0.75195;0.76172;0.77148;0.78125;0.79102,0.003068928;0.004862976;0.006637568;0.004414464;0.013748224;0.022370304;0.01094144;0.009005056;0.015732736;0.030349312000000003;0.038940671999999996;0.044770304000000004;0.028405760000000002;0.019694592;0.021554175999999998;0.048841728;0.03846656;0.026872832;0.01486336;0.010710016;0.012296192;0.009231360000000001;0.006431744;0.0047861760000000005;0.0056227840000000005;0.005582848;0.0055183359999999996;0.00733696;0.005526528;0.006057984000000001;0.00520704;0.00405504;0.004366336;0.003796992;0.004346879999999999;0.003551232;0.002069504;0.00222208;0.0022374400000000003;0.0013506560000000002;0.00072704;0.000837632;0.001431552;0.00119808;0.0007055360000000001;0.000858112;0.001103872;0.00088576;0.000771072;0.001188864;0.0011755519999999998;0.0006819840000000001;0.0008652800000000001;0.001010688;0.0013701120000000002;0.00195072;0.0019650559999999997;0.001512448;0.00091648;0.001288192;0.002633728;0.0032266240000000004;0.002832384;0.001441792;0.0014592000000000001;0.0013578239999999999;0.0017152;0.0019947520000000002;0.0021534719999999996;0.0014796800000000001;0.000869376;0.00084992;0.001707008;0.001430528;0.001451008;0.002097152;0.001736704;0.0014581759999999998;0.00118272
1789742700,hdr,0.0293;0.03906;0.04883;0.05859;0.06836;0.07813;0.08789;0.09766;0.10742;0.11719;0.12695;0.13672;0.14648;0.15625;0.16602;0.17578;0.18555;0.19531;0.20508;0.21484;0.22461;0.23438;0.24414;0.25391;0.26367;0.27344;0.2832;0.29297;0.30273;0.3125;0.32227;0.33203;0.3418;0.35156;0.36133;0.37109;0.38086;0.39063;0.40039;0.41016;0.41992;0.42969;0.43945;0.44922;0.45898;0.46875;0.47852;0.48828;0.49805;0.50781;0.51758;0.52734;0.53711;0.54688;0.55664;0.56641;0.57617;0.58594;0.5957;0.60547;0.61523;0.625;0.63477;0.64453;0.6543;0.66406;0.67383;0.68359;0.69336;0.70313;0.71289;0.72266;0.73242;0.74219;0.75195;0.76172;0.77148;0.78125;0.79102,0.00360448;0.0030033919999999997;0.004788223999999999;0.00972288;0.018808831999999998;0.016656384;0.009925632;0.010051584;0.014273536;0.044403712;0.05673676799999999;0.044786688;0.019918848000000003;0.016018432;0.01890304;0.032371712000000004;0.035555328000000004;0.026530816000000002;0.01453056;0.0075950079999999994;0.009787392;0.007931904;0.005890048;0.006541312;0.007454720000000001;0.008664064;0.00581632;0.0065587200000000005;0.004902912;0.004649983999999999;0.007939072;0.004475903999999999;0.002522112;0.003004416;0.005318656;0.0032501760000000005;0.0016087039999999999;0.001420288;0.0015063040000000002;0.001603584;0.001164288;0.0007086080000000001;0.000518144;0.000945152;0.001043456;0.000766976;0.001544192;0.0015452159999999999;0.0013578239999999999;0.00146432;0.001210368;0.00175104;0.002000896;0.001412096;0.001257472;0.0017848319999999999;0.0025118719999999996;0.00334336;0.0019773440000000002;0.001559552;0.002650112;0.002352128;0.002067456;0.0017848319999999999;0.001649664;0.001523712;0.001265664;0.0016128;0.001615872;0.001637376;0.0017152;0.0014438399999999998;0.001149952;0.001261568;0.001401856;0.001210368;0.00122368;0.0009021439999999999;0.001383424
1789743600,hdr,0.0293;0.03906;0.04883;0.05859;0.06836;0.07813;0.08789;0.09766;0.10742;0.11719;0.12695;0.13672;0.14648;0.15625;0.16602;0.17578;0.18555;0.19531;0.20508;0.21484;0.22461;0.23438;0.24414;0.25391;0.26367;0.27344;0.2832;0.29297;0.30273;0.3125;0.32227;0.33203;0.3418;0.35156;0.36133;0.37109;0.38086;0.39063;0.40039;0.41016;0.41992;0.42969;0.43945;0.44922;0.45898;0.46875;0.47852;0.48828;0.49805;0.50781;0.51758;0.52734;0.53711;0.54688;0.55664;0.56641;0.57617;0.58594;0.5957;0.60547;0.61523;0.625;0.63477;0.64453;0.6543;0.66406;0.67383;0.68359;0.69336;0.70313;0.71289;0.72266;0.73242;0.74219;0.75195;0.76172;0.77148;0.78125;0.79102,0.008518656000000001;0.016274432000000002;0.014495744000000001;0.016445440000000002;0.019950592;0.027532288000000002;0.015169536;0.008707072;0.013241343999999999;0.024180736;0.034535424;0.027491328;0.018741248;0.016596991999999998;0.022216704;0.028111872000000003;0.05322751999999999;0.047409152;0.02057216;0.013727743999999998;0.011047936;0.005982207999999999;0.007468032;0.008536064;0.005785599999999999;0.005012480000000001;0.00553472;0.005057536;0.010919936;0.009175039999999999;0.004550656;0.0039546880000000005;0.004273152;0.00251904;0.002197504;0.003120128;0.0030371839999999996;0.003042304;0.002279424;0.0014151679999999999;0.001502208;0.001294336;0.001330176;0.001118208;0.0010956800000000001;0.001442816;0.001560576;0.001550336;0.0018360320000000002;0.002176;0.002802688;0.002489344;0.0018575360000000001;0.002523136;0.003096576;0.002115584;0.001782784;0.002086912;0.001656832;0.001824768;0.002244608;0.002134016;0.0015144960000000002;0.001728512;0.001800192;0.0018575360000000001;0.00164864;0.001189888;0.00158208;0.001906688;0.0023818240000000003;0.0024719359999999997;0.001777664;0.0014346239999999998;0.001513472;0.001995776;0.00141312;0.0018974719999999999;0.0015769599999999999
1789744500,hdr,0.0293;0.03906;0.04883;0.05859;0.06836;0.07813;0.08789;0.09766;0.10742;0.11719;0.12695;0.13672;0.14648;0.15625;0.16602;0.17578;0.18555;0.19531;0.20508;0.21484;0.22461;0.23438;0.24414;0.25391;0.26367;0.27344;0.2832;0.29297;0.30273;0.3125;0.32227;0.33203;0.3418;0.35156;0.36133;0.37109;0.38086;0.39063;0.40039;0.41016;0.41992;0.42969;0.43945;0.44922;0.45898;0.46875;0.47852;0.48828;0.49805;0.50781;0.51758;0.52734;0.53711;0.54688;0.55664;0.56641;0.57617;0.58594;0.5957;0.60547;0.61523;0.625;0.63477;0.64453;0.6543;0.66406;0.67383;0.68359;0.69336;0.70313;0.71289;0.72266;0.73242;0.74219;0.75195;0.76172;0.77148;0.78125;0.79102,0.005693439999999999;0.005903360000000001;0.004953088;0.00682496;0.029703168000000002;0.044572672;0.017463296;0.008647679999999998;0.0107776;0.030727168;0.03594752;0.02839552;0.022770687999999997;0.01538048;0.025051135999999998;0.043435008000000004;0.053213184000000004;0.0361472;0.018363392;0.00902144;0.004649983999999999;0.006094848;0.006255616;0.00752128;0.008228863999999999;0.005215232;0.008174592000000001;0.008518656000000001;0.007187456;0.007322624;0.006147071999999999;0.002577408;0.00202752;0.003356672;0.002373632;0.0011960319999999999;0.00169472;0.002312192;0.0025251839999999998;0.002205696;0.0021913600000000003;0.001854464;0.001007616;0.001362944;0.000968704;0.0015185919999999998;0.0014028799999999998;0.0008386559999999999;0.001564672;0.001738752;0.001816576;0.001292288;0.002806784;0.003877888;0.0023767040000000003;0.002837504;0.004117504;0.001934336;0.001501184;0.001580032;0.0017930239999999998;0.0018216959999999998;0.002890752;0.004600831999999999;0.004084736;0.003039232;0.004040704;0.0031232000000000005;0.0020736;0.002101248;0.001901568;0.0033382399999999997;0.005113856;0.0029870079999999998;0.0012369920000000001;0.001455104;0.002363392;0.0014919679999999998;0.001789952
1789745400,hdr,0.0293;0.03906;0.04883;0.05859;0.06836;0.07813;0.08789;0.09766;0.10742;0.11719;0.12695;0.13672;0.14648;0.15625;0.16602;0.17578;0.18555;0.19531;0.20508;0.21484;0.22461;0.23438;0.24414;0.25391;0.26367;0.27344;0.2832;0.29297;0.30273;0.3125;0.32227;0.33203;0.3418;0.35156;0.36133;0.37109;0.38086;0.39063;0.40039;0.41016;0.41992;0.42969;0.43945;0.44922;0.45898;0.46875;0.47852;0.48828;0.49805;0.50781;0.51758;0.52734;0.53711;0.54688;0.55664;0.56641;0.57617;0.58594;0.5957;0.60547;0.61523;0.625;0.63477;0.64453;0.6543;0.66406;0.67383;0.68359;0.69336;0.70313;0.71289;0.72266;0.73242;0.74219;0.75195;0.76172;0.77148;0.78125;0.79102,0.0046540800000000005;0.008219648;0.006117376;0.007244799999999999;0.012317696;0.025530367999999998;0.023014399999999997;0.015693824;0.018258944;0.026318848;0.021972992000000004;0.029070336;0.018658304;0.013387776;0.016423936;0.023995392;0.040311808;0.030913536;0.017492992000000002;0.010687488;0.010646528;0.010459136;0.006255616;0.007135232;0.007773183999999999;0.005407744;0.00464896;0.00498176;0.004429824;0.004385792;0.006627328;0.006858752;0.0060887039999999995;0.0054558720000000005;0.0045424639999999995;0.003145728;0.0023674879999999996;0.0018411519999999998;0.0012083200000000001;0.001440768;0.001153024;0.0007925759999999999;0.000805888;0.0009400319999999999;0.0014028799999999998;0.0018083840000000001;0.001062912;0.001113088;0.0016066560000000001;0.002021376;0.002705408;0.002101248;0.0014376960000000002;0.0017039359999999999;0.003076096;0.0030822400000000004;0.00321024;0.002716672;0.0029695999999999998;0.004259839999999999;0.002306048;0.0018974719999999999;0.0030371839999999996;0.003309568;0.00361472;0.003917824;0.004302848;0.003637248;0.00453632;0.003662848;0.002156544;0.002443264;0.00192;0.001486848;0.001284096;0.000828416;0.001166336;0.001645568;0.001154048
1789746300,hdr,0.0293;0.03906;0.04883;0.05859;0.06836;0.07813;0.08789;0.09766;0.10742;0.11719;0.12695;0.13672;0.14648;0.15625;0.16602;0.17578;0.18555;0.19531;0.20508;0.21484;0.22461;0.23438;0.24414;0.25391;0.26367;0.27344;0.2832;0.29297;0.30273;0.3125;0.32227;0.33203;0.3418;0.35156;0.36133;0.37109;0.38086;0.39063;0.40039;0.41016;0.41992;0.42969;0.43945;0.44922;0.45898;0.46875;0.47852;0.48828;0.49805;0.50781;0.51758;0.52734;0.53711;0.54688;0.55664;0.56641;0.57617;0.58594;0.5957;0.60547;0.61523;0.625;0.63477;0.64453;0.6543;0.66406;0.67383;0.68359;0.69336;0.70313;0.71289;0.72266;0.73242;0.74219;0.75195;0.76172;0.77148;0.78125;0.79102,0.000582656;0.00258048;0.001906688;0.00734208;0.029702144;0.035917824;0.017481728;0.008179712;0.008527872;0.018306048;0.034890752;0.025454592;0.01319424;0.014438399999999999;0.014064640000000002;0.026079232;0.043747328;0.037495808;0.0188928;0.014290944;0.01194496;0.005960704;0.0042752;0.006677504;0.006378496;0.006344704;0.007379968;0.00648192;0.004283392;0.003166208;0.004774911999999999;0.00538112;0.006057984000000001;0.006844416;0.00531456;0.00489472;0.006009856;0.006931456;0.005480448000000001;0.0017674240000000003;0.001961984;0.0028600319999999998;0.001728512;0.001296384;0.001180672;0.001399808;0.0015964160000000002;0.001524736;0.0012544;0.0012707839999999998;0.0017766400000000001;0.0022599680000000002;0.004484096000000001;0.003068928;0.003095552;0.0043827200000000005;0.004427776;0.004343808;0.00338432;0.003050496;0.003997696;0.00288256;0.004282368000000001;0.0031784960000000003;0.003171328;0.002482176;0.0029655040000000003;0.003336192;0.0022353919999999997;0.001743872;0.001583104;0.0012728319999999998;0.0013312;0.001626112;0.002008064;0.001672192;0.00203264;0.0013260799999999999;0.0011694079999999998
1789747200,hdr,0.0293;0.03906;0.04883;0.05859;0.06836;0.07813;0.08789;0.09766;0.10742;0.11719;0.12695;0.13672;0.14648;0.15625;0.16602;0.17578;0.18555;0.19531;0.20508;0.21484;0.22461;0.23438;0.24414;0.25391;0.26367;0.27344;0.2832;0.29297;0.30273;0.3125;0.32227;0.33203;0.3418;0.35156;0.36133;0.37109;0.38086;0.39063;0.40039;0.41016;0.41992;0.42969;0.43945;0.44922;0.45898;0.46875;0.47852;0.48828;0.49805;0.50781;0.51758;0.52734;0.53711;0.54688;0.55664;0.56641;0.57617;0.58594;0.5957;0.60547;0.61523;0.625;0.63477;0.64453;0.6543;0.66406;0.67383;0.68359;0.69336;0.70313;0.71289;0.72266;0.73242;0.74219;0.75195;0.76172;0.77148;0.78125;0.79102,0.004805632000000001;0.007974911999999999;0.007727103999999999;0.007402496;0.024692736;0.055288832;0.024338432;0.010530815999999998;0.01086464;0.031178752;0.042281984;0.039062528;0.015471616;0.011777024;0.01639936;0.026632192;0.029847552;0.038108159999999995;0.02566656;0.011382784;0.008607744;0.008686591999999998;0.006259712000000001;0.005970944000000001;0.006858752;0.0043827200000000005;0.003827712;0.005098496;0.0034252799999999997;0.004237312;0.00334848;0.0026071040000000003;0.005814272;0.004073472;0.001985536;0.0018421759999999998;0.001985536;0.001189888;0.001027072;0.00154624;0.001431552;0.001166336;0.00088064;0.001027072;0.001253376;0.0014561280000000001;0.0012072959999999998;0.001002496;0.001110016;0.00116224;0.001371136;0.001803264;0.002420736;0.0015616000000000002;0.001624064;0.002210816;0.002321408;0.001915904;0.001647616;0.002617344;0.0025333760000000004;0.0023592960000000003;0.0026112;0.00285696;0.002617344;0.00128512;0.0019251199999999998;0.001632256;0.00236544;0.002768896;0.0017930239999999998;0.001864704;0.0031068159999999997;0.0020910079999999997;0.00107008;0.0009564160000000001;0.0011284479999999998;0.0013895679999999999;0.001184768
1789748100,hdr,0.0293;0.03906;0.04883;0.05859;0.06836;0.07813;0.08789;0.09766;0.10742;0.11719;0.12695;0.13672;0.14648;0.15625;0.16602;0.17578;0.18555;0.19531;0.20508;0.21484;0.22461;0.23438;0.24414;0.25391;0.26367;0.27344;0.2832;0.29297;0.30273;0.3125;0.32227;0.33203;0.3418;0.35156;0.36133;0.37109;0.38086;0.39063;0.40039;0.41016;0.41992;0.42969;0.43945;0.44922;0.45898;0.46875;0.47852;0.48828;0.49805;0.50781;0.51758;0.52734;0.53711;0.54688;0.55664;0.56641;0.57617;0.58594;0.5957;0.60547;0.61523;0.625;0.63477;0.64453;0.6543;0.66406;0.67383;0.68359;0.69336;0.70313;0.71289;0.72266;0.73242;0.74219;0.75195;0.76172;0.77148;0.78125;0.79102,0.010464256000000002;0.023392256;0.018269183999999997;0.012571648;0.030426112;0.042263551999999996;0.019820544000000002;0.007272447999999999;0.013741056;0.020158464;0.023482368000000003;0.029184;0.017698816000000003;0.012692479999999999;0.018041856;0.024361984;0.024793088;0.033017856;0.030514176;0.014592;0.008225791999999999;0.008143872;0.004920320000000001;0.005276672;0.004427776;0.004696064;0.00303104;0.0049879040000000005;0.0035696639999999997;0.002286592;0.004941824000000001;0.004760576;0.00301568;0.0032276479999999996;0.001997824;0.0018442240000000002;0.0033812479999999995;0.0020224;0.001936384;0.001455104;0.001325056;0.000919552;0.0010946560000000003;0.001422336;0.0007936;0.0008386559999999999;0.00146432;0.00123392;0.001226752;0.001061888;0.001074176;0.001308672;0.001957888;0.001928192;0.001759232;0.002970624;0.002477056;0.0027310080000000005;0.002500608;0.002023424;0.002443264;0.003442688;0.0024002560000000004;0.001922048;0.0025456639999999996;0.001906688;0.00221696;0.00268288;0.001649664;0.001273856;0.001061888;0.001400832;0.00177152;0.0018442240000000002;0.001267712;0.001122304;0.00108544;0.001384448;0.0012165119999999999
1789749000,hdr,0.0293;0.03906;0.04883;0.05859;0.06836;0.07813;0.08789;0.09766;0.10742;0.11719;0.12695;0.13672;0.14648;0.15625;0.16602;0.17578;0.18555;0.19531;0.20508;0.21484;0.22461;0.23438;0.24414;0.25391;0.26367;0.27344;0.2832;0.29297;0.30273;0.3125;0.32227;0.33203;0.3418;0.35156;0.36133;0.37109;0.38086;0.39063;0.40039;0.41016;0.41992;0.42969;0.43945;0.44922;0.45898;0.46875;0.47852;0.48828;0.49805;0.50781;0.51758;0.52734;0.53711;0.54688;0.55664;0.56641;0.57617;0.58594;0.5957;0.60547;0.61523;0.625;0.63477;0.64453;0.6543;0.66406;0.67383;0.68359;0.69336;0.70313;0.71289;0.72266;0.73242;0.74219;0.75195;0.76172;0.77148;0.78125;0.79102,0.007865344;0.02261504;0.032755712000000006;0.019628032;0.028522495999999998;0.040781824;0.017844224000000002;0.008843264;0.014949376;0.023408639999999998;0.032931840000000004;0.033410048000000005;0.025229312;0.021479424000000004;0.015044608000000001;0.022272;0.029416448;0.032878592;0.028782592;0.01295872;0.009724928;0.01411584;0.012519424000000001;0.016513024;0.01128448;0.01079808;0.005353472;0.005456896000000001;0.00377856;0.0040765440000000005;0.0042956800000000005;0.002993152;0.001995776;0.0028600319999999998;0.00301568;0.001729536;0.0014448640000000001;0.001180672;0.001306624;0.0011970559999999997;0.001275904;0.0016220159999999998;0.001217536;0.0009359360000000001;0.0007188480000000001;0.00052224;0.0009758719999999999;0.001829888;0.00125952;0.000763904;0.0008110079999999999;0.0007833599999999999;0.00119296;0.001839104;0.001651712;0.001352704;0.0014274560000000001;0.001856512;0.0015513600000000001;0.0025292799999999996;0.002952192;0.0019210240000000001;0.0020858880000000006;0.002004992;0.0013690880000000003;0.001874944;0.002650112;0.004173824;0.003521536;0.001989632;0.0027279360000000002;0.002097152;0.002243584;0.0015114240000000001;0.001042432;0.001165312;0.000867328;0.000761856;0.000919552
1789749900,hdr,0.0293;0.03906;0.04883;0.05859;0.06836;0.07813;0.08789;0.09766;0.10742;0.11719;0.12695;0.13672;0.14648;0.15625;0.16602;0.17578;0.18555;0.19531;0.20508;0.21484;0.22461;0.23438;0.24414;0.25391;0.26367;0.27344;0.2832;0.29297;0.30273;0.3125;0.32227;0.33203;0.3418;0.35156;0.36133;0.37109;0.38086;0.39063;0.40039;0.41016;0.41992;0.42969;0.43945;0.44922;0.45898;0.46875;0.47852;0.48828;0.49805;0.50781;0.51758;0.52734;0.53711;0.54688;0.55664;0.56641;0.57617;0.58594;0.5957;0.60547;0.61523;0.625;0.63477;0.64453;0.6543;0.66406;0.67383;0.68359;0.69336;0.70313;0.71289;0.72266;0.73242;0.74219;0.75195;0.76172;0.77148;0.78125;0.79102,0.008501248;0.010766336000000001;0.0105728;0.009117696;0.016415744;0.026927104;0.022845439999999998;0.012893183999999999;0.022540288000000002;0.025276416;0.015292416;0.019547136;0.019423232;0.0076595199999999995;0.017376256;0.02340352;0.029379584000000004;0.045853696;0.034757632;0.014590975999999999;0.011548672000000001;0.008954879999999998;0.01464832;0.014736384;0.011224064;0.005031936;0.006303744;0.009217023999999999;0.006920192;0.0052121599999999995;0.003057664;0.002952192;0.002725888;0.00245248;0.0034252799999999997;0.0028723200000000003;0.0014827520000000002;0.001759232;0.0019087359999999999;0.001409024;0.0013035520000000001;0.001036288;0.000872448;0.001161216;0.0009615359999999999;0.0007188480000000001;0.000743424;0.0005980159999999999;0.000533504;0.000606208;0.000643072;0.000671744;0.000826368;0.000774144;0.0013035520000000001;0.0010455039999999998;0.000858112;0.000769024;0.001053696;0.001293312;0.001512448;0.0016435199999999999;0.00215552;0.001707008;0.001636352;0.0018042879999999998;0.001496064;0.00268288;0.0039034879999999997;0.004568063999999999;0.0033976320000000003;0.001855488;0.00231424;0.0030464;0.002238464;0.002130944;0.0023511039999999997;0.0017971200000000001;0.0013608960000000001
1789750800,hdr,0.0293;0.03906;0.04883;0.05859;0.06836;0.07813;0.08789;0.09766;0.10742;0.11719;0.12695;0.13672;0.14648;0.15625;0.16602;0.17578;0.18555;0.19531;0.20508;0.21484;0.22461;0.23438;0.24414;0.25391;0.26367;0.27344;0.2832;0.29297;0.30273;0.3125;0.32227;0.33203;0.3418;0.35156;0.36133;0.37109;0.38086;0.39063;0.40039;0.41016;0.41992;0.42969;0.43945;0.44922;0.45898;0.46875;0.47852;0.48828;0.49805;0.50781;0.51758;0.52734;0.53711;0.54688;0.55664;0.56641;0.57617;0.58594;0.5957;0.60547;0.61523;0.625;0.63477;0.64453;0.6543;0.66406;0.67383;0.68359;0.69336;0.70313;0.71289;0.72266;0.73242;0.74219;0.75195;0.76172;0.77148;0.78125;0.79102,0.011686912;0.011319296;0.012797952000000001;0.013786112;0.03523686399999999;0.048707584;0.020467712;0.00786944;0.01381376;0.020157440000000002;0.020451328;0.021577728;0.021099519999999997;0.014984192;0.013543423999999998;0.015745024;0.02370048;0.021986304;0.029769728;0.026630144;0.009086976;0.007263232;0.011200512000000001;0.01064448;0.010071040000000002;0.00703488;0.00327168;0.003319808;0.004178944;0.00406016;0.005087232;0.00597504;0.004322304;0.00669184;0.0077393919999999995;0.004159487999999999;0.001531904;0.002304;0.00198144;0.0017848319999999999;0.00239104;0.0018974719999999999;0.0014919679999999998;0.0012185600000000003;0.0006830079999999999;0.0006574080000000001;0.00075776;0.000872448;0.000750592;0.0006041600000000001;0.0006696959999999999;0.0008704;0.0008212479999999999;0.00067584;0.000787456;0.00091648;0.0007946240000000001;0.000878592;0.001193984;0.0011151359999999999;0.0010014719999999998;0.0009400319999999999;0.001267712;0.0010199039999999999;0.001307648;0.0015851519999999998;0.001906688;0.00231936;0.002378752;0.0019937279999999997;0.002019328;0.0018421759999999998;0.0018810880000000002;0.0021893120000000005;0.002331648;0.001835008;0.0018575360000000001;0.0020172799999999998;0.001385472
1789751700,hdr,0.0293;0.03906;0.04883;0.05859;0.06836;0.07813;0.08789;0.09766;0.10742;0.11719;0.12695;0.13672;0.14648;0.15625;0.16602;0.17578;0.18555;0.19531;0.20508;0.21484;0.22461;0.23438;0.24414;0.25391;0.26367;0.27344;0.2832;0.29297;0.30273;0.3125;0.32227;0.33203;0.3418;0.35156;0.36133;0.37109;0.38086;0.39063;0.40039;0.41016;0.41992;0.42969;0.43945;0.44922;0.45898;0.46875;0.47852;0.48828;0.49805;0.50781;0.51758;0.52734;0.53711;0.54688;0.55664;0.56641;0.57617;0.58594;0.5957;0.60547;0.61523;0.625;0.63477;0.64453;0.6543;0.66406;0.67383;0.68359;0.69336;0.70313;0.71289;0.72266;0.73242;0.74219;0.75195;0.76172;0.77148;0.78125;0.79102,0.003699712;0.007919616;0.012120063999999998;0.011744256;0.025761792000000002;0.041317376;0.020506624;0.006807552000000001;0.011815936;0.015193088;0.029379584000000004;0.029289472;0.018152448;0.01597952;0.008828928;0.010883072;0.014429184;0.016434175999999998;0.015611904;0.012197888;0.009154559999999999;0.011392;0.009221120000000001;0.007573504;0.008515584000000001;0.004062208;0.005267456;0.005901312;0.00474624;0.004179968;0.002929664;0.00400384;0.0049008640000000004;0.003428352;0.0029880320000000003;0.002778112;0.003120128;0.002204672;0.001734656;0.0020172799999999998;0.001711104;0.00150528;0.0015779840000000002;0.001439744;0.0015165439999999999;0.001127424;0.001087488;0.00103424;0.000966656;0.000638976;0.000525312;0.000643072;0.00048127999999999995;0.000760832;0.00081408;0.000631808;0.000630784;0.000772096;0.00109056;0.0009738240000000001;0.00124928;0.0012871680000000002;0.00139776;0.0021227520000000003;0.0025917439999999996;0.003633152;0.003731456;0.003750912;0.002443264;0.002210816;0.002455552;0.002635776;0.002777088;0.002184192;0.0014172160000000002;0.000982016;0.001002496;0.001376256;0.001241088
1789752600,hdr,0.0293;0.03906;0.04883;0.05859;0.06836;0.07813;0.08789;0.09766;0.10742;0.11719;0.12695;0.13672;0.14648;0.15625;0.16602;0.17578;0.18555;0.19531;0.20508;0.21484;0.22461;0.23438;0.24414;0.25391;0.26367;0.27344;0.2832;0.29297;0.30273;0.3125;0.32227;0.33203;0.3418;0.35156;0.36133;0.37109;0.38086;0.39063;0.40039;0.41016;0.41992;0.42969;0.43945;0.44922;0.45898;0.46875;0.47852;0.48828;0.49805;0.50781;0.51758;0.52734;0.53711;0.54688;0.55664;0.56641;0.57617;0.58594;0.5957;0.60547;0.61523;0.625;0.63477;0.64453;0.6543;0.66406;0.67383;0.68359;0.69336;0.70313;0.71289;0.72266;0.73242;0.74219;0.75195;0.76172;0.77148;0.78125;0.79102,0.011443199999999999;0.016290816;0.015232;0.01317376;0.020062207999999998;0.035734528;0.015385600000000001;0.010340351999999999;0.014262272;0.031396864000000003;0.04751872;0.032329728;0.02305536;0.011044864;0.010187775999999999;0.021233664;0.023815168;0.0281088;0.023405567999999998;0.015542272000000001;0.019234816;0.01080832;0.01038848;0.008559616;0.006834176;0.0051722240000000004;0.005296128000000001;0.004171776000000001;0.003351552;0.003175424;0.0028272640000000003;0.002428928;0.0024145919999999997;0.002576384;0.002070528;0.003040256;0.002849792;0.002885632;0.0027269119999999997;0.001680384;0.000761856;0.0013506560000000002;0.00122368;0.000881664;0.0009717759999999999;0.0011919360000000002;0.00083968;0.000533504;0.000603136;0.0006850560000000001;0.000869376;0.000802816;0.00061952;0.000592896;0.000761856;0.0008468480000000001;0.0008458240000000001;0.0008663039999999999;0.0010086399999999999;0.001180672;0.001534976;0.001512448;0.001905664;0.0020992000000000003;0.002236416;0.003535872;0.004296704;0.004769791999999999;0.003823616;0.003191808;0.004680704000000001;0.004366336;0.0022896640000000003;0.001970176;0.002992128;0.0025200640000000002;0.0030832639999999996;0.00254464;0.001307648
1789753500,hdr,0.0293;0.03906;0.04883;0.05859;0.06836;0.07813;0.08789;0.09766;0.10742;0.11719;0.12695;0.13672;0.14648;0.15625;0.16602;0.17578;0.18555;0.19531;0.20508;0.21484;0.22461;0.23438;0.24414;0.25391;0.26367;0.27344;0.2832;0.29297;0.30273;0.3125;0.32227;0.33203;0.3418;0.35156;0.36133;0.37109;0.38086;0.39063;0.40039;0.41016;0.41992;0.42969;0.43945;0.44922;0.45898;0.46875;0.47852;0.48828;0.49805;0.50781;0.51758;0.52734;0.53711;0.54688;0.55664;0.56641;0.57617;0.58594;0.5957;0.60547;0.61523;0.625;0.63477;0.64453;0.6543;0.66406;0.67383;0.68359;0.69336;0.70313;0.71289;0.72266;0.73242;0.74219;0.75195;0.76172;0.77148;0.78125;0.79102,0.027100159999999998;0.03754496000000001;0.030821376;0.021139455999999997;0.03323392;0.058942464;0.030188544;0.009137152;0.017390592;0.028811264000000003;0.043600896;0.032984064;0.025196543999999998;0.022638592;0.019216384000000003;0.013085695999999999;0.02062848;0.033983488000000006;0.040382464;0.025526271999999996;0.013704192;0.008710144;0.006918144;0.0068454399999999995;0.0064419839999999996;0.005353472;0.0031016959999999997;0.0032604160000000004;0.003975168;0.003032064;0.003908608;0.002824192;0.001906688;0.002173952;0.0023807999999999998;0.002568192;0.002231296;0.00206848;0.001395712;0.001069056;0.0009727999999999999;0.000922624;0.000785408;0.00082432;0.0008386559999999999;0.0005877759999999999;0.000995328;0.0008151040000000001;0.000878592;0.0011632640000000002;0.0011407359999999998;0.001212416;0.001202176;0.0021913600000000003;0.002837504;0.0032532480000000003;0.00350208;0.003852288;0.004459520000000001;0.0049479680000000005;0.004502528;0.005408768;0.006531072;0.005843968;0.005141504;0.004892672000000001;0.004500479999999999;0.0032501760000000005;0.0033423359999999996;0.0029952000000000004;0.0026480640000000003;0.0022896640000000003;0.002051072;0.002275328;0.00249344;0.0018012159999999998;0.001874944;0.002066432;0.0019128320000000002
1789754400,hdr,0.0293;0.03906;0.04883;0.05859;0.06836;0.07813;0.08789;0.09766;0.10742;0.11719;0.12695;0.13672;0.14648;0.15625;0.16602;0.17578;0.18555;0.19531;0.20508;0.21484;0.22461;0.23438;0.24414;0.25391;0.26367;0.27344;0.2832;0.29297;0.30273;0.3125;0.32227;0.33203;0.3418;0.35156;0.36133;0.37109;0.38086;0.39063;0.40039;0.41016;0.41992;0.42969;0.43945;0.44922;0.45898;0.46875;0.47852;0.48828;0.49805;0.50781;0.51758;0.52734;0.53711;0.54688;0.55664;0.56641;0.57617;0.58594;0.5957;0.60547;0.61523;0.625;0.63477;0.64453;0.6543;0.66406;0.67383;0.68359;0.69336;0.70313;0.71289;0.72266;0.73242;0.74219;0.75195;0.76172;0.77148;0.78125;0.79102,0.011016192000000001;0.012858368;0.01131008;0.009278464;0.029678591999999997;0.055933951999999995;0.01947648;0.00808448;0.009923584000000001;0.016584704;0.03235737600000001;0.029117439999999998;0.016591872;0.010596351999999998;0.009475072;0.014531584;0.019073024;0.017665023999999998;0.022284288;0.029925376;0.025049088;0.016332799999999998;0.010268672000000001;0.007488512;0.0064768000000000004;0.004033536;0.0041093119999999995;0.00405504;0.002879488;0.003446784;0.004135936;0.002777088;0.002225152;0.002427904;0.0024494079999999997;0.00239616;0.002720768;0.0021442559999999998;0.0012451839999999999;0.000872448;0.001468416;0.001155072;0.0009482239999999999;0.0015431680000000001;0.00168448;0.002013184;0.001876992;0.001666048;0.001936384;0.0022712319999999998;0.003416064;0.00323072;0.003733504;0.004753408000000001;0.005953536;0.00533504;0.005609472000000001;0.00801792;0.007801855999999999;0.008799232;0.01065984;0.007287808;0.0058941440000000005;0.008527872;0.009930752000000001;0.00816128;0.0049653760000000005;0.002970624;0.003990528;0.004187135999999999;0.00336896;0.0031907839999999995;0.0034037760000000003;0.002111488;0.002014208;0.0016691199999999998;0.0023552;0.002265088;0.001523712
1789755300,hdr,0.0293;0.03906;0.04883;0.05859;0.06836;0.07813;0.08789;0.09766;0.10742;0.11719;0.12695;0.13672;0.14648;0.15625;0.16602;0.17578;0.18555;0.19531;0.20508;0.21484;0.22461;0.23438;0.24414;0.25391;0.26367;0.27344;0.2832;0.29297;0.30273;0.3125;0.32227;0.33203;0.3418;0.35156;0.36133;0.37109;0.38086;0.39063;0.40039;0.41016;0.41992;0.42969;0.43945;0.44922;0.45898;0.46875;0.47852;0.48828;0.49805;0.50781;0.51758;0.52734;0.53711;0.54688;0.55664;0.56641;0.57617;0.58594;0.5957;0.60547;0.61523;0.625;0.63477;0.64453;0.6543;0.66406;0.67383;0.68359;0.69336;0.70313;0.71289;0.72266;0.73242;0.74219;0.75195;0.76172;0.77148;0.78125;0.79102,0.012205056;0.02514432;0.015937536;0.015025152;0.025614336;0.02781696;0.018091008;0.008799232;0.014982144000000001;0.029436928000000005;0.045402112;0.050220032000000005;0.037963776000000005;0.01718784;0.008711168000000002;0.008538111999999999;0.009489408;0.011067392;0.015178751999999998;0.019030016;0.012299264;0.008645632000000002;0.007849984;0.010077184000000001;0.00690176;0.004148224;0.004226048;0.004861951999999999;0.0046469120000000004;0.0024104960000000003;0.00252416;0.002802688;0.003377152;0.00205312;0.00164864;0.002362368;0.001496064;0.0014346239999999998;0.001345536;0.001528832;0.00098816;0.0013117439999999999;0.001707008;0.001430528;0.001414144;0.002086912;0.0022425599999999998;0.00269312;0.00617984;0.004400128;0.006321152;0.010130432;0.009509888000000001;0.012071936000000002;0.007979008000000001;0.007857152;0.00889856;0.0076032;0.006907904;0.0069621760000000005;0.006165504;0.007536640000000001;0.00510464;0.003920896;0.0034263040000000002;0.0027883520000000005;0.003581952;0.0034498560000000003;0.002878464;0.00309248;0.002286592;0.002097152;0.002395136;0.001212416;0.001250304;0.0016445440000000002;0.0014632959999999998;0.00119808;0.0009144320000000001
1789756200,hdr,0.0293;0.03906;0.04883;0.05859;0.06836;0.07813;0.08789;0.09766;0.10742;0.11719;0.12695;0.13672;0.14648;0.15625;0.16602;0.17578;0.18555;0.19531;0.20508;0.21484;0.22461;0.23438;0.24414;0.25391;0.26367;0.27344;0.2832;0.29297;0.30273;0.3125;0.32227;0.33203;0.3418;0.35156;0.36133;0.37109;0.38086;0.39063;0.40039;0.41016;0.41992;0.42969;0.43945;0.44922;0.45898;0.46875;0.47852;0.48828;0.49805;0.50781;0.51758;0.52734;0.53711;0.54688;0.55664;0.56641;0.57617;0.58594;0.5957;0.60547;0.61523;0.625;0.63477;0.64453;0.6543;0.66406;0.67383;0.68359;0.69336;0.70313;0.71289;0.72266;0.73242;0.74219;0.75195;0.76172;0.77148;0.78125;0.79102,0.003345408;0.00541184;0.005026816;0.007380992;0.010990591999999999;0.01642496;0.023074815999999998;0.013324287999999998;0.011845632;0.029797376;0.044691456000000004;0.038247424;0.026072064000000002;0.015987712;0.013099008;0.01159168;0.019451904;0.018322432;0.017304576000000002;0.024195072;0.015585279999999998;0.010220544;0.008471552000000002;0.006030336;0.0040243200000000005;0.004790272;0.004158464;0.002948096;0.002199552;0.0024791039999999998;0.0017971200000000001;0.001532928;0.001887232;0.001711104;0.0013404159999999999;0.0015144960000000002;0.0014438399999999998;0.001501184;0.0015534079999999998;0.0016650240000000002;0.00144896;0.000937984;0.001603584;0.002349056;0.002089984;0.0020910079999999997;0.0015769599999999999;0.0022374400000000003;0.0022302719999999997;0.001846272;0.003293184;0.0073932799999999995;0.007694336;0.009406464;0.010632191999999999;0.008348672;0.011287552;0.011487232;0.011681792;0.010430464;0.007349248000000001;0.005276672;0.00327168;0.0024371200000000005;0.00310784;0.0028149760000000003;0.00335872;0.003744768;0.004326399999999999;0.005000192;0.0034078719999999997;0.003286016;0.002484224;0.0025210880000000003;0.0022702079999999997;0.0015452159999999999;0.001661952;0.002236416;0.0024709120000000005
1789757100,hdr,0.0293;0.03906;0.04883;0.05859;0.06836;0.07813;0.08789;0.09766;0.10742;0.11719;0.12695;0.13672;0.14648;0.15625;0.16602;0.17578;0.18555;0.19531;0.20508;0.21484;0.22461;0.23438;0.24414;0.25391;0.26367;0.27344;0.2832;0.29297;0.30273;0.3125;0.32227;0.33203;0.3418;0.35156;0.36133;0.37109;0.38086;0.39063;0.40039;0.41016;0.41992;0.42969;0.43945;0.44922;0.45898;0.46875;0.47852;0.48828;0.49805;0.50781;0.51758;0.52734;0.53711;0.54688;0.55664;0.56641;0.57617;0.58594;0.5957;0.60547;0.61523;0.625;0.63477;0.64453;0.6543;0.66406;0.67383;0.68359;0.69336;0.70313;0.71289;0.72266;0.73242;0.74219;0.75195;0.76172;0.77148;0.78125;0.79102,0.005957632000000001;0.0069847039999999996;0.004361215999999999;0.011482112000000001;0.03027968;0.040759296;0.01560576;0.009462784;0.009782272000000002;0.018224128;0.037528576;0.041494528;0.022715392;0.015642624;0.011610112;0.009413632;0.010856448000000001;0.014972928;0.01294848;0.013743104;0.007875584;0.008010752000000001;0.007392256;0.00600064;0.003221504;0.002055168;0.002802688;0.00472576;0.0034959360000000003;0.0029173759999999997;0.00264704;0.0023511039999999997;0.0018687999999999999;0.00202752;0.0020910079999999997;0.0012247039999999999;0.0013639680000000001;0.0014632959999999998;0.001969152;0.001584128;0.001032192;0.001273856;0.002011136;0.0020183040000000003;0.0029255680000000004;0.00384512;0.0039075839999999995;0.005226496;0.0064645119999999995;0.006178816000000001;0.008527872;0.009340928;0.009283584;0.00896;0.007110656;0.006403072;0.00602112;0.005465088;0.007559168;0.00416256;0.002599936;0.0032204799999999995;0.003900416;0.00382464;0.0037877759999999996;0.004576256;0.005062656;0.002970624;0.0026951679999999995;0.002601984;0.00381952;0.00312832;0.002977792;0.002505728;0.002332672;0.00150016;0.002097152;0.0027105280000000002;0.0018360320000000002
1789758000,hdr,0.0293;0.03906;0.04883;0.05859;0.06836;0.07813;0.08789;0.09766;0.10742;0.11719;0.12695;0.13672;0.14648;0.15625;0.16602;0.17578;0.18555;0.19531;0.20508;0.21484;0.22461;0.23438;0.24414;0.25391;0.26367;0.27344;0.2832;0.29297;0.30273;0.3125;0.32227;0.33203;0.3418;0.35156;0.36133;0.37109;0.38086;0.39063;0.40039;0.41016;0.41992;0.42969;0.43945;0.44922;0.45898;0.46875;0.47852;0.48828;0.49805;0.50781;0.51758;0.52734;0.53711;0.54688;0.55664;0.56641;0.57617;0.58594;0.5957;0.60547;0.61523;0.625;0.63477;0.64453;0.6543;0.66406;0.67383;0.68359;0.69336;0.70313;0.71289;0.72266;0.73242;0.74219;0.75195;0.76172;0.77148;0.78125;0.79102,0.00246784;0.005956608;0.004810752;0.0036823039999999995;0.01411584;0.033964032000000005;0.025176063999999998;0.009689088;0.010710016;0.031425536;0.050784256;0.030550016;0.019396608;0.011722752000000001;0.009289728;0.012360704;0.014272512000000001;0.016223232;0.026580991999999998;0.024180736;0.013121536;0.006938624;0.004800512000000001;0.0036270079999999997;0.005011456;0.0035471359999999998;0.0037048320000000004;0.002640896;0.003248128;0.004006912;0.00183296;0.001058816;0.0012247039999999999;0.0014530559999999999;0.0012318720000000002;0.001055744;0.0012646399999999998;0.001082368;0.001088512;0.000781312;0.000854016;0.00080384;0.001149952;0.001931264;0.0021872639999999995;0.003231744;0.0058122239999999995;0.007098368;0.005008384;0.007693312;0.011057152;0.00932352;0.011656192000000001;0.01140736;0.007375872;0.011091967999999999;0.006213631999999999;0.005045248;0.0068126720000000005;0.005846016;0.005380095999999999;0.003823616;0.003080192;0.003228672;0.00526336;0.005283839999999999;0.005903360000000001;0.004426751999999999;0.0038144;0.002596864;0.0022476799999999997;0.00177152;0.0011837439999999998;0.001970176;0.002265088;0.00232448;0.001442816;0.001928192;0.001835008
1789758900,hdr,0.0293;0.03906;0.04883;0.05859;0.06836;0.07813;0.08789;0.09766;0.10742;0.11719;0.12695;0.13672;0.14648;0.15625;0.16602;0.17578;0.18555;0.19531;0.20508;0.21484;0.22461;0.23438;0.24414;0.25391;0.26367;0.27344;0.2832;0.29297;0.30273;0.3125;0.32227;0.33203;0.3418;0.35156;0.36133;0.37109;0.38086;0.39063;0.40039;0.41016;0.41992;0.42969;0.43945;0.44922;0.45898;0.46875;0.47852;0.48828;0.49805;0.50781;0.51758;0.52734;0.53711;0.54688;0.55664;0.56641;0.57617;0.58594;0.5957;0.60547;0.61523;0.625;0.63477;0.64453;0.6543;0.66406;0.67383;0.68359;0.69336;0.70313;0.71289;0.72266;0.73242;0.74219;0.75195;0.76172;0.77148;0.78125;0.79102,0.003801088;0.003141632;0.004332544000000001;0.008271872;0.034832384;0.063290368;0.017808384000000003;0.007220224;0.014456832000000001;0.0346624;0.065625088;0.052269055999999994;0.044591104;0.029416448;0.015971328;0.011143168;0.009935872;0.006978559999999999;0.009066496;0.009496576;0.00854016;0.00775168;0.006365184;0.007506944;0.006921216;0.004553728;0.002994176;0.002443264;0.0019537919999999998;0.001637376;0.0014786559999999999;0.001657856;0.0018513919999999999;0.001312768;0.001133568;0.000982016;0.000766976;0.000544768;0.000503808;0.000720896;0.000668672;0.0008192000000000001;0.0009287680000000001;0.0008386559999999999;0.0014653440000000002;0.001108992;0.000990208;0.0018237440000000002;0.0026398719999999997;0.003529728;0.004084736;0.00515584;0.007459840000000001;0.00685568;0.007705599999999999;0.012299264;0.009869312;0.006126591999999999;0.006091776000000001;0.005298175999999999;0.003557376;0.005695488;0.006245376;0.004726784;0.003390464;0.0027392;0.0036648960000000004;0.002660352;0.0018718720000000001;0.00272384;0.002840576;0.0027514880000000003;0.003054592;0.002102272;0.001583104;0.0022272;0.002070528;0.0017489920000000002;0.0011909120000000001
1789759800,hdr,0.0293;0.03906;0.04883;0.05859;0.06836;0.07813;0.08789;0.09766;0.10742;0.11719;0.12695;0.13672;0.14648;0.15625;0.16602;0.17578;0.18555;0.19531;0.20508;0.21484;0.22461;0.23438;0.24414;0.25391;0.26367;0.27344;0.2832;0.29297;0.30273;0.3125;0.32227;0.33203;0.3418;0.35156;0.36133;0.37109;0.38086;0.39063;0.40039;0.41016;0.41992;0.42969;0.43945;0.44922;0.45898;0.46875;0.47852;0.48828;0.49805;0.50781;0.51758;0.52734;0.53711;0.54688;0.55664;0.56641;0.57617;0.58594;0.5957;0.60547;0.61523;0.625;0.63477;0.64453;0.6543;0.66406;0.67383;0.68359;0.69336;0.70313;0.71289;0.72266;0.73242;0.74219;0.75195;0.76172;0.77148;0.78125;0.79102,0.005224448;0.012002304;0.012254208;0.005763072;0.021922816;0.034764800000000005;0.024457216;0.014113792;0.014899200000000001;0.039159808;0.06651904;0.053454848;0.03656192;0.023172096;0.017009664;0.010115072;0.009940992000000001;0.008511488;0.007374848;0.01700352;0.018816;0.012850176;0.0108032;0.006569983999999999;0.005096447999999999;0.003728384;0.002763776;0.00418304;0.003876864;0.0025579519999999996;0.001414144;0.000990208;0.001743872;0.001765376;0.001670144;0.001457152;0.001512448;0.00111104;0.0009216000000000001;0.0007290879999999999;0.0007106559999999999;0.000769024;0.0008447999999999999;0.000787456;0.0006789119999999999;0.0004986880000000001;0.000628736;0.000887808;0.001337344;0.001420288;0.001435648;0.0019466239999999999;0.001826816;0.0022855680000000004;0.004919296;0.0063621120000000005;0.006203391999999999;0.00597504;0.009187328000000002;0.008417280000000001;0.00515584;0.005388288000000001;0.003929088;0.00316416;0.004035584;0.004133888;0.003648512;0.003319808;0.002951168;0.002651136;0.0022097920000000004;0.003042304;0.002378752;0.0020183040000000003;0.001845248;0.00205312;0.002009088;0.0019650559999999997;0.0023674879999999996
1789760700,hdr,0.0293;0.03906;0.04883;0.05859;0.06836;0.07813;0.08789;0.09766;0.10742;0.11719;0.12695;0.13672;0.14648;0.15625;0.16602;0.17578;0.18555;0.19531;0.20508;0.21484;0.22461;0.23438;0.24414;0.25391;0.26367;0.27344;0.2832;0.29297;0.30273;0.3125;0.32227;0.33203;0.3418;0.35156;0.36133;0.37109;0.38086;0.39063;0.40039;0.41016;0.41992;0.42969;0.43945;0.44922;0.45898;0.46875;0.47852;0.48828;0.49805;0.50781;0.51758;0.52734;0.53711;0.54688;0.55664;0.56641;0.57617;0.58594;0.5957;0.60547;0.61523;0.625;0.63477;0.64453;0.6543;0.66406;0.67383;0.68359;0.69336;0.70313;0.71289;0.72266;0.73242;0.74219;0.75195;0.76172;0.77148;0.78125;0.79102,0.007647232;0.016139264;0.007371776;0.004426751999999999;0.021863424;0.05820928;0.020830208;0.009783296;0.010029056;0.032560128;0.045170688;0.047465472;0.04900352;0.02279936;0.008409088;0.00699904;0.00938496;0.011428864000000002;0.020440063999999997;0.017270784;0.010443776;0.008547328;0.008825856;0.00636416;0.006566912;0.0051374079999999996;0.0034662399999999998;0.003016704;0.0018636800000000002;0.00230912;0.002363392;0.00203776;0.0017889280000000002;0.001147904;0.001098752;0.0008488959999999999;0.0008468480000000001;0.000903168;0.0009287680000000001;0.00088064;0.0006123519999999999;0.00047206399999999996;0.000528384;0.0006041600000000001;0.000529408;0.00075776;0.000872448;0.0007372800000000001;0.000704512;0.0007423999999999999;0.0007168;0.000763904;0.000985088;0.000702464;0.002304;0.0035686399999999997;0.004610047999999999;0.0061757439999999995;0.004666368000000001;0.002927616;0.004525056;0.004861951999999999;0.003821568;0.004026368;0.004486144;0.003980288;0.004160512;0.006169600000000001;0.00418816;0.003648512;0.003741696;0.003710976;0.0028897280000000003;0.002038784;0.001330176;0.002200576;0.002056192;0.00217088;0.001634304
1789761600,hdr,0.0293;0.03906;0.04883;0.05859;0.06836;0.07813;0.08789;0.09766;0.10742;0.11719;0.12695;0.13672;0.14648;0.15625;0.16602;0.17578;0.18555;0.19531;0.20508;0.21484;0.22461;0.23438;0.24414;0.25391;0.26367;0.27344;0.2832;0.29297;0.30273;0.3125;0.32227;0.33203;0.3418;0.35156;0.36133;0.37109;0.38086;0.39063;0.40039;0.41016;0.41992;0.42969;0.43945;0.44922;0.45898;0.46875;0.47852;0.48828;0.49805;0.50781;0.51758;0.52734;0.53711;0.54688;0.55664;0.56641;0.57617;0.58594;0.5957;0.60547;0.61523;0.625;0.63477;0.64453;0.6543;0.66406;0.67383;0.68359;0.69336;0.70313;0.71289;0.72266;0.73242;0.74219;0.75195;0.76172;0.77148;0.78125;0.79102,0.006331392;0.005494784000000001;0.008733695999999999;0.009104384;0.026468352;0.060911616;0.038697984;0.012464128000000001;0.010958848;0.034305024;0.068537344;0.0503808;0.03210752;0.021543935999999996;0.014783488;0.00784384;0.008947712;0.008465407999999999;0.015559680000000001;0.016973824000000002;0.017717248000000005;0.00902144;0.006787072;0.004797439999999999;0.0046714880000000005;0.005321728;0.0046049279999999995;0.0024791039999999998;0.0025753599999999996;0.0022405119999999996;0.0012462080000000002;0.0013506560000000002;0.001399808;0.0013690880000000003;0.001558528;0.001477632;0.001830912;0.0022528;0.0014929920000000003;0.0008929280000000001;0.00064512;0.000631808;0.0005099519999999999;0.000607232;0.000964608;0.0008591359999999999;0.000765952;0.0008867839999999999;0.0009482239999999999;0.0012462080000000002;0.00182272;0.002251776;0.002019328;0.002331648;0.00293888;0.0038993920000000002;0.004017152;0.003984384;0.005279743999999999;0.005942272;0.005148672000000001;0.00719872;0.00443904;0.0036648960000000004;0.0038799359999999996;0.002107392;0.002208768;0.002605056;0.001968128;0.0027740160000000002;0.0034242560000000005;0.002637824;0.0024340480000000003;0.001502208;0.002014208;0.002445312;0.0013148160000000001;0.0018944;0.001757184
1789762500,hdr,0.0293;0.03906;0.04883;0.05859;0.06836;0.07813;0.08789;0.09766;0.10742;0.11719;0.12695;0.13672;0.14648;0.15625;0.16602;0.17578;0.18555;0.19531;0.20508;0.21484;0.22461;0.23438;0.24414;0.25391;0.26367;0.27344;0.2832;0.29297;0.30273;0.3125;0.32227;0.33203;0.3418;0.35156;0.36133;0.37109;0.38086;0.39063;0.40039;0.41016;0.41992;0.42969;0.43945;0.44922;0.45898;0.46875;0.47852;0.48828;0.49805;0.50781;0.51758;0.52734;0.53711;0.54688;0.55664;0.56641;0.57617;0.58594;0.5957;0.60547;0.61523;0.625;0.63477;0.64453;0.6543;0.66406;0.67383;0.68359;0.69336;0.70313;0.71289;0.72266;0.73242;0.74219;0.75195;0.76172;0.77148;0.78125;0.79102,0.002890752;0.01163776;0.016118784;0.009933823999999999;0.007708672;0.011418624;0.010334208000000001;0.007279616;0.012391424000000002;0.022718464;0.060744704;0.096991232;0.038913024;0.023154688000000003;0.019244031999999998;0.01123328;0.009540608;0.011510784;0.013179904000000001;0.014595072;0.009877504;0.010884096;0.00594944;0.004399104;0.003248128;0.004484096000000001;0.003936256;0.0035399679999999997;0.0035348480000000006;0.002893824;0.001544192;0.001376256;0.001548288;0.0019496960000000001;0.001809408;0.00146944;0.0014172160000000002;0.001636352;0.001118208;0.0010946560000000003;0.001084416;0.0016087039999999999;0.002048;0.0025978880000000005;0.0014632959999999998;0.0016220159999999998;0.0024494079999999997;0.002655232;0.00310784;0.002820096;0.003974144;0.0037918720000000004;0.004372480000000001;0.004191232;0.006132736000000001;0.00623616;0.006139904;0.006168576;0.005993472;0.007876608;0.009296896;0.005891072;0.006585344;0.003781632;0.00301568;0.002654208;0.0030207999999999997;0.0021893120000000005;0.0036577280000000003;0.0031027200000000002;0.002203648;0.003042304;0.0035686399999999997;0.0026327039999999996;0.0020797439999999997;0.001572864;0.0024494079999999997;0.0016650240000000002;0.001410048
1789763400,hdr,0.0293;0.03906;0.04883;0.05859;0.06836;0.07813;0.08789;0.09766;0.10742;0.11719;0.12695;0.13672;0.14648;0.15625;0.16602;0.17578;0.18555;0.19531;0.20508;0.21484;0.22461;0.23438;0.24414;0.25391;0.26367;0.27344;0.2832;0.29297;0.30273;0.3125;0.32227;0.33203;0.3418;0.35156;0.36133;0.37109;0.38086;0.39063;0.40039;0.41016;0.41992;0.42969;0.43945;0.44922;0.45898;0.46875;0.47852;0.48828;0.49805;0.50781;0.51758;0.52734;0.53711;0.54688;0.55664;0.56641;0.57617;0.58594;0.5957;0.60547;0.61523;0.625;0.63477;0.64453;0.6543;0.66406;0.67383;0.68359;0.69336;0.70313;0.71289;0.72266;0.73242;0.74219;0.75195;0.76172;0.77148;0.78125;0.79102,0.0062279679999999995;0.013513728000000001;0.015438848;0.011385856;0.018457599999999998;0.033421311999999995;0.031205376;0.01054208;0.018764799999999998;0.030298112000000002;0.06358016;0.047498240000000004;0.033166336000000005;0.024541184;0.010493951999999999;0.00467968;0.005676032;0.007959552;0.009341951999999999;0.011440127999999999;0.014262272;0.009212928;0.004984832000000001;0.005755904;0.00382464;0.0031375360000000002;0.002674688;0.003555328;0.004231168;0.0032593920000000003;0.0024166400000000003;0.0020797439999999997;0.001574912;0.0016384000000000001;0.003145728;0.0026787839999999996;0.0015185919999999998;0.0010956800000000001;0.002368512;0.002043904;0.0024924160000000003;0.002134016;0.003048448;0.0030126080000000004;0.003103744;0.00379392;0.007952384;0.010261504000000001;0.008884224;0.010719232;0.01552896;0.018603007999999997;0.014558208000000001;0.010678271999999999;0.009513984;0.011315200000000001;0.010545152;0.00543232;0.005698559999999999;0.008572928;0.007006208;0.004307968;0.00388096;0.00435712;0.0045875199999999994;0.003979264;0.004967424;0.004576256;0.004548608;0.004130816000000001;0.003110912;0.0031703039999999997;0.002833408;0.0022906879999999995;0.00241152;0.003208192;0.00242176;0.002390016;0.0018995200000000002
1789764300,hdr,0.0293;0.03906;0.04883;0.05859;0.06836;0.07813;0.08789;0.09766;0.10742;0.11719;0.12695;0.13672;0.14648;0.15625;0.16602;0.17578;0.18555;0.19531;0.20508;0.21484;0.22461;0.23438;0.24414;0.25391;0.26367;0.27344;0.2832;0.29297;0.30273;0.3125;0.32227;0.33203;0.3418;0.35156;0.36133;0.37109;0.38086;0.39063;0.40039;0.41016;0.41992;0.42969;0.43945;0.44922;0.45898;0.46875;0.47852;0.48828;0.49805;0.50781;0.51758;0.52734;0.53711;0.54688;0.55664;0.56641;0.57617;0.58594;0.5957;0.60547;0.61523;0.625;0.63477;0.64453;0.6543;0.66406;0.67383;0.68359;0.69336;0.70313;0.71289;0.72266;0.73242;0.74219;0.75195;0.76172;0.77148;0.78125;0.79102,0.019479552000000004;0.01994752;0.007779327999999999;0.00905216;0.011497472;0.02293248;0.017804288;0.009279488;0.015330304;0.040298495999999996;0.044903424;0.064123904;0.056097792;0.031808512;0.012525567999999999;0.0059740159999999995;0.010227712;0.013539328;0.011090944;0.007732224;0.007812096;0.009111552;0.007945216;0.006336512;0.0060016639999999994;0.005576704000000001;0.0052469759999999996;0.004041728;0.00314368;0.002101248;0.001759232;0.00193024;0.001615872;0.0015206400000000002;0.001846272;0.002034688;0.0013148160000000001;0.001166336;0.001477632;0.001405952;0.00178688;0.002183168;0.002659328;0.0037949439999999997;0.0031928320000000005;0.003241984;0.005173248;0.008207359999999999;0.007558144;0.009325568000000001;0.006145024000000001;0.012868608;0.014229504;0.011388928;0.009652224000000001;0.012964864;0.008806399999999999;0.013367296;0.012344319999999999;0.008214528;0.009074688000000001;0.006152192;0.0051148800000000005;0.003299328;0.0051148800000000005;0.007891968000000001;0.009018368;0.004815872;0.005673983999999999;0.0049080320000000005;0.00307712;0.0025210880000000003;0.0022394880000000004;0.001393664;0.001292288;0.001345536;0.001726464;0.002615296;0.0019476480000000002
1789765200,hdr,0.0293;0.03906;0.04883;0.05859;0.06836;0.07813;0.08789;0.09766;0.10742;0.11719;0.12695;0.13672;0.14648;0.15625;0.16602;0.17578;0.18555;0.19531;0.20508;0.21484;0.22461;0.23438;0.24414;0.25391;0.26367;0.27344;0.2832;0.29297;0.30273;0.3125;0.32227;0.33203;0.3418;0.35156;0.36133;0.37109;0.38086;0.39063;0.40039;0.41016;0.41992;0.42969;0.43945;0.44922;0.45898;0.46875;0.47852;0.48828;0.49805;0.50781;0.51758;0.52734;0.53711;0.54688;0.55664;0.56641;0.57617;0.58594;0.5957;0.60547;0.61523;0.625;0.63477;0.64453;0.6543;0.66406;0.67383;0.68359;0.69336;0.70313;0.71289;0.72266;0.73242;0.74219;0.75195;0.76172;0.77148;0.78125;0.79102,0.013678592;0.011823104000000001;0.006861824000000001;0.010555392;0.012973056;0.022245376;0.017050624;0.00469504;0.012132351999999999;0.0333056;0.046298112;0.038966271999999996;0.033973248;0.03409408;0.01752064;0.008815616;0.006726656;0.006995968000000001;0.007665664;0.008498176000000001;0.010320896;0.008662016;0.008946688;0.009019392;0.005484544;0.004553728;0.0038993920000000002;0.00187904;0.0022927360000000005;0.002197504;0.0016711679999999998;0.00160256;0.001741824;0.002793472;0.002101248;0.0007884799999999999;0.002398208;0.00289792;0.001850368;0.0024791039999999998;0.002369536;0.00395264;0.003393536;0.0027648;0.0038819839999999998;0.00620032;0.010878976;0.011232256;0.01121792;0.01442816;0.014292992000000001;0.014053376;0.012365824000000001;0.014628864;0.017012736;0.014505984;0.017510400000000002;0.015386624;0.007337984;0.007932928;0.009094144;0.0065064960000000005;0.00640512;0.004360192;0.004473856;0.0047144959999999994;0.006239232;0.00422912;0.00218112;0.003172352;0.002997248;0.003442688;0.003357696;0.0022814719999999997;0.001798144;0.00150528;0.0019394560000000002;0.0024903679999999997;0.00237056
1789766100,hdr,0.0293;0.03906;0.04883;0.05859;0.06836;0.07813;0.08789;0.09766;0.10742;0.11719;0.12695;0.13672;0.14648;0.15625;0.16602;0.17578;0.18555;0.19531;0.20508;0.21484;0.22461;0.23438;0.24414;0.25391;0.26367;0.27344;0.2832;0.29297;0.30273;0.3125;0.32227;0.33203;0.3418;0.35156;0.36133;0.37109;0.38086;0.39063;0.40039;0.41016;0.41992;0.42969;0.43945;0.44922;0.45898;0.46875;0.47852;0.48828;0.49805;0.50781;0.51758;0.52734;0.53711;0.54688;0.55664;0.56641;0.57617;0.58594;0.5957;0.60547;0.61523;0.625;0.63477;0.64453;0.6543;0.66406;0.67383;0.68359;0.69336;0.70313;0.71289;0.72266;0.73242;0.74219;0.75195;0.76172;0.77148;0.78125;0.79102,0.004353024;0.00204288;0.002705408;0.004568063999999999;0.013749248;0.026825728000000004;0.015745024;0.016285696000000002;0.028102656;0.0315904;0.051725312;0.061037568;0.03305984000000001;0.026763264;0.018334720000000002;0.008208384;0.010682368000000001;0.008564736000000002;0.007955456;0.005088256;0.008497152000000001;0.008453120000000001;0.006638592;0.00724992;0.007568384;0.008890368000000001;0.006640640000000001;0.005414912;0.005146624;0.003070976;0.002015232;0.002469888;0.002011136;0.001878016;0.00137216;0.001176576;0.00117248;0.0012001280000000002;0.002021376;0.003043328;0.0026327039999999996;0.00270336;0.003815424;0.004228096;0.007749632;0.013960192;0.015270911999999998;0.013758464;0.012199936;0.015227904;0.019713024000000003;0.022725632000000003;0.0199168;0.017956864;0.014579712000000002;0.0161792;0.010189824;0.008546304;0.011049984;0.010754047999999999;0.010008576;0.007021568000000001;0.0055408639999999995;0.005051392;0.004339712;0.003063808;0.004161536;0.0053248;0.004304896000000001;0.004185088000000001;0.0047790079999999995;0.003351552;0.001846272;0.00160768;0.00238592;0.0024903679999999997;0.001840128;0.0026644480000000003;0.0019968
1789767000,hdr,0.0293;0.03906;0.04883;0.05859;0.06836;0.07813;0.08789;0.09766;0.10742;0.11719;0.12695;0.13672;0.14648;0.15625;0.16602;0.17578;0.18555;0.19531;0.20508;0.21484;0.22461;0.23438;0.24414;0.25391;0.26367;0.27344;0.2832;0.29297;0.30273;0.3125;0.32227;0.33203;0.3418;0.35156;0.36133;0.37109;0.38086;0.39063;0.40039;0.41016;0.41992;0.42969;0.43945;0.44922;0.45898;0.46875;0.47852;0.48828;0.49805;0.50781;0.51758;0.52734;0.53711;0.54688;0.55664;0.56641;0.57617;0.58594;0.5957;0.60547;0.61523;0.625;0.63477;0.64453;0.6543;0.66406;0.67383;0.68359;0.69336;0.70313;0.71289;0.72266;0.73242;0.74219;0.75195;0.76172;0.77148;0.78125;0.79102,0.00153088;0.006439936;0.007339008;0.010696704;0.01495552;0.022427648;0.012054528;0.005198848;0.007074815999999999;0.024588287999999996;0.061719552000000004;0.040709119999999994;0.052503551999999995;0.03536691199999999;0.014618624;0.009252864000000001;0.009309184;0.006520832000000001;0.008301567999999999;0.011037696;0.01268736;0.009023488000000001;0.004990975999999999;0.0038297599999999998;0.0043407359999999996;0.003350528;0.0024002560000000004;0.002374656;0.002569216;0.002374656;0.0023511039999999997;0.002777088;0.0016128;0.00143872;0.001442816;0.001188864;0.000986112;0.002000896;0.0024832;0.001562624;0.00246272;0.0038410239999999997;0.004084736;0.005784576;0.008139776;0.011579391999999999;0.011112448;0.010297344000000002;0.009765888;0.012063744000000001;0.01493504;0.015512575999999998;0.017386496;0.019958784;0.012987392;0.011821056;0.010948608;0.0105728;0.011654144;0.010441727999999999;0.00694784;0.007271424;0.00723968;0.0053667839999999994;0.0054159360000000005;0.004722688;0.004337664;0.005197823999999999;0.0033300480000000004;0.004233216;0.004790272;0.002911232;0.0027904;0.003401728;0.0027432959999999997;0.0017858560000000002;0.002171904;0.0018923520000000001;0.001829888
1789767900,hdr,0.0293;0.03906;0.04883;0.05859;0.06836;0.07813;0.08789;0.09766;0.10742;0.11719;0.12695;0.13672;0.14648;0.15625;0.16602;0.17578;0.18555;0.19531;0.20508;0.21484;0.22461;0.23438;0.24414;0.25391;0.26367;0.27344;0.2832;0.29297;0.30273;0.3125;0.32227;0.33203;0.3418;0.35156;0.36133;0.37109;0.38086;0.39063;0.40039;0.41016;0.41992;0.42969;0.43945;0.44922;0.45898;0.46875;0.47852;0.48828;0.49805;0.50781;0.51758;0.52734;0.53711;0.54688;0.55664;0.56641;0.57617;0.58594;0.5957;0.60547;0.61523;0.625;0.63477;0.64453;0.6543;0.66406;0.67383;0.68359;0.69336;0.70313;0.71289;0.72266;0.73242;0.74219;0.75195;0.76172;0.77148;0.78125;0.79102,0.004346879999999999;0.008129536;0.008827904000000001;0.003228672;0.008056832;0.037129216;0.02243072;0.007737344;0.015833088;0.034448384;0.042196991999999996;0.023015424;0.023208960000000004;0.015705088;0.010597376;0.007928832;0.007072768;0.009923584000000001;0.011588608;0.007065599999999999;0.006045696000000001;0.0066682880000000005;0.006744063999999999;0.005163008;0.00548352;0.0050749440000000005;0.003362816;0.0026296320000000002;0.00229888;0.001957888;0.001650688;0.0015513600000000001;0.00159744;0.001586176;0.001103872;0.001271808;0.001524736;0.001391616;0.001900544;0.001861632;0.002276352;0.00345088;0.005607424;0.008052736;0.011630592;0.01764864;0.02066944;0.015858688;0.015995904;0.012401664000000001;0.0156672;0.014153727999999999;0.012896256;0.018735104;0.015144959999999999;0.009187328000000002;0.00800256;0.009211904;0.009182207999999999;0.007570432000000001;0.0062699520000000005;0.0053688320000000005;0.003659776;0.005444607999999999;0.00534016;0.005355520000000001;0.005581824000000001;0.0031088640000000002;0.0023429120000000004;0.002962432;0.00255488;0.0013342719999999998;0.0018841600000000002;0.002692096;0.002167808;0.002924544;0.002315264;0.001400832;0.0012748800000000002
1789768800,hdr,0.0293;0.03906;0.04883;0.05859;0.06836;0.07813;0.08789;0.09766;0.10742;0.11719;0.12695;0.13672;0.14648;0.15625;0.16602;0.17578;0.18555;0.19531;0.20508;0.21484;0.22461;0.23438;0.24414;0.25391;0.26367;0.27344;0.2832;0.29297;0.30273;0.3125;0.32227;0.33203;0.3418;0.35156;0.36133;0.37109;0.38086;0.39063;0.40039;0.41016;0.41992;0.42969;0.43945;0.44922;0.45898;0.46875;0.47852;0.48828;0.49805;0.50781;0.51758;0.52734;0.53711;0.54688;0.55664;0.56641;0.57617;0.58594;0.5957;0.60547;0.61523;0.625;0.63477;0.64453;0.6543;0.66406;0.67383;0.68359;0.69336;0.70313;0.71289;0.72266;0.73242;0.74219;0.75195;0.76172;0.77148;0.78125;0.79102,0.006423552;0.009897983999999999;0.00689152;0.007016448;0.012266496;0.029222912;0.042278911999999995;0.019398656;0.015190015999999999;0.040306688;0.09281023999999999;0.068770816;0.028135424;0.024443904;0.021308416;0.010418176000000001;0.00841216;0.012520448;0.013700096;0.011106304000000001;0.008075264;0.007087104;0.005385215999999999;0.004550656;0.0044288;0.004037632;0.003876864;0.0033679359999999998;0.002638848;0.0023838720000000004;0.00169984;0.00096768;0.0013568;0.001878016;0.002064384;0.002366464;0.0019650559999999997;0.0020101119999999997;0.0018862080000000001;0.0046295039999999996;0.007573504;0.006258688;0.006842368;0.004700160000000001;0.012540928;0.01743872;0.017987583999999997;0.017255424000000002;0.018206720000000003;0.014874624000000001;0.014374912;0.014385152;0.010271744000000001;0.009134080000000001;0.007268352;0.010079232;0.00763904;0.006979584;0.00528896;0.006161407999999999;0.0065791999999999995;0.0046970879999999994;0.0059648;0.005792768;0.005957632000000001;0.005138432;0.003073024;0.004332544000000001;0.0031088640000000002;0.0013926400000000001;0.001412096;0.001273856;0.002318336;0.002818048;0.00146944;0.001620992;0.001028096;0.0017930239999999998;0.0023439359999999996
1789769700,hdr,0.0293;0.03906;0.04883;0.05859;0.06836;0.07813;0.08789;0.09766;0.10742;0.11719;0.12695;0.13672;0.14648;0.15625;0.16602;0.17578;0.18555;0.19531;0.20508;0.21484;0.22461;0.23438;0.24414;0.25391;0.26367;0.27344;0.2832;0.29297;0.30273;0.3125;0.32227;0.33203;0.3418;0.35156;0.36133;0.37109;0.38086;0.39063;0.40039;0.41016;0.41992;0.42969;0.43945;0.44922;0.45898;0.46875;0.47852;0.48828;0.49805;0.50781;0.51758;0.52734;0.53711;0.54688;0.55664;0.56641;0.57617;0.58594;0.5957;0.60547;0.61523;0.625;0.63477;0.64453;0.6543;0.66406;0.67383;0.68359;0.69336;0.70313;0.71289;0.72266;0.73242;0.74219;0.75195;0.76172;0.77148;0.78125;0.79102,0.0012666880000000002;0.003355648;0.004279296;0.003456;0.0049408;0.02117632;0.034686976;0.013762560000000002;0.017595392;0.04464844800000001;0.082060288;0.049963008;0.023634943999999998;0.02642944;0.016283647999999998;0.008406015999999999;0.008187904;0.01204224;0.009986048;0.008650752000000001;0.007205888;0.005387264;0.004226048;0.003999744;0.00367104;0.0029992960000000003;0.0031426559999999997;0.003039232;0.002766848;0.0020183040000000003;0.0016097280000000002;0.001376256;0.0012605440000000002;0.0018196479999999999;0.002221056;0.002448384;0.003303424;0.004546560000000001;0.005588992;0.007016448;0.008415232;0.015286272;0.013262848;0.013283327999999999;0.022807552;0.019287040000000002;0.018197503999999996;0.022714368;0.016120832;0.011681792;0.009372672;0.008642559999999999;0.012690431999999998;0.01925632;0.012997632;0.010186752;0.010786816000000001;0.005096447999999999;0.004883456;0.006501376;0.00836608;0.007257088000000001;0.005817344;0.004413439999999999;0.004129792;0.005085184;0.004133888;0.003509248;0.004192256;0.0028395519999999995;0.002377728;0.00334336;0.003687424;0.0031016959999999997;0.0017336320000000001;0.001446912;0.0026296320000000002;0.002484224;0.0017889280000000002
1789770600,hdr,0.0293;0.03906;0.04883;0.05859;0.06836;0.07813;0.08789;0.09766;0.10742;0.11719;0.12695;0.13672;0.14648;0.15625;0.16602;0.17578;0.18555;0.19531;0.20508;0.21484;0.22461;0.23438;0.24414;0.25391;0.26367;0.27344;0.2832;0.29297;0.30273;0.3125;0.32227;0.33203;0.3418;0.35156;0.36133;0.37109;0.38086;0.39063;0.40039;0.41016;0.41992;0.42969;0.43945;0.44922;0.45898;0.46875;0.47852;0.48828;0.49805;0.50781;0.51758;0.52734;0.53711;0.54688;0.55664;0.56641;0.57617;0.58594;0.5957;0.60547;0.61523;0.625;0.63477;0.64453;0.6543;0.66406;0.67383;0.68359;0.69336;0.70313;0.71289;0.72266;0.73242;0.74219;0.75195;0.76172;0.77148;0.78125;0.79102,0.003446784;0.003984384;0.003293184;0.004550656;0.01146368;0.028648447999999996;0.017196032;0.008736768;0.013285376;0.033348608;0.059573248;0.054820864000000004;0.03009024;0.022479871999999998;0.01181696;0.006701056;0.004916224;0.007950336;0.008939520000000001;0.007270400000000001;0.0084224;0.00541696;0.004614144;0.003282944;0.00327168;0.003658752;0.002737152;0.0021288960000000003;0.0020838399999999996;0.00249344;0.002665472;0.0023408640000000002;0.001814528;0.001856512;0.001696768;0.0013393919999999998;0.00145408;0.001933312;0.0022855680000000004;0.004011008;0.006560768;0.009924607999999998;0.012020735999999999;0.01057792;0.01700864;0.01949184;0.011878399999999999;0.012384256000000001;0.011132928;0.012766208000000001;0.014401536;0.012163072;0.009203712;0.009697279999999999;0.009512959999999999;0.008293376;0.007431168;0.007213056;0.0061706239999999996;0.005515264;0.007237632;0.006454272;0.004040704;0.004558848;0.003659776;0.003439616;0.004975616;0.004342784;0.0038174719999999997;0.004016128;0.0026695679999999998;0.001978368;0.002056192;0.0020879360000000003;0.00190976;0.002761728;0.0022784000000000003;0.002082816;0.002516992
1789771500,hdr,0.0293;0.03906;0.04883;0.05859;0.06836;0.07813;0.08789;0.09766;0.10742;0.11719;0.12695;0.13672;0.14648;0.15625;0.16602;0.17578;0.18555;0.19531;0.20508;0.21484;0.22461;0.23438;0.24414;0.25391;0.26367;0.27344;0.2832;0.29297;0.30273;0.3125;0.32227;0.33203;0.3418;0.35156;0.36133;0.37109;0.38086;0.39063;0.40039;0.41016;0.41992;0.42969;0.43945;0.44922;0.45898;0.46875;0.47852;0.48828;0.49805;0.50781;0.51758;0.52734;0.53711;0.54688;0.55664;0.56641;0.57617;0.58594;0.5957;0.60547;0.61523;0.625;0.63477;0.64453;0.6543;0.66406;0.67383;0.68359;0.69336;0.70313;0.71289;0.72266;0.73242;0.74219;0.75195;0.76172;0.77148;0.78125;0.79102,0.00237568;0.010445824000000001;0.007406592;0.0074854399999999995;0.010793984;0.024438783999999998;0.0158464;0.012285952;0.024247295999999998;0.029589504;0.053179392;0.046169088000000004;0.025463808;0.0239872;0.015990784;0.007448576;0.009128959999999998;0.008167424000000001;0.0068454399999999995;0.007015424;0.005851136000000001;0.003757056;0.002484224;0.0021821440000000004;0.002516992;0.0032337920000000005;0.00394752;0.002922496;0.0015452159999999999;0.0016732160000000002;0.0018442240000000002;0.002193408;0.001079296;0.001399808;0.001636352;0.0011714560000000002;0.00193536;0.0029173759999999997;0.0019886079999999998;0.002048;0.002034688;0.003175424;0.004755456;0.00623104;0.005154816;0.005947392;0.006011904;0.010082304;0.009463808;0.009872384;0.011270144000000001;0.006255616;0.006472704000000001;0.008283136;0.004655103999999999;0.0026009600000000003;0.004412416;0.004023296;0.005086208;0.00494592;0.0033024;0.0037836799999999998;0.004041728;0.003941376;0.003325952;0.0032768000000000003;0.002725888;0.0026521599999999998;0.0029419520000000003;0.0029429759999999995;0.0024545279999999997;0.0024104960000000003;0.00126976;0.001153024;0.00152576;0.0013393919999999998;0.0011417600000000001;0.001534976;0.0013557760000000002
1789772400,hdr,0.0293;0.03906;0.04883;0.05859;0.06836;0.07813;0.08789;0.09766;0.10742;0.11719;0.12695;0.13672;0.14648;0.15625;0.16602;0.17578;0.18555;0.19531;0.20508;0.21484;0.22461;0.23438;0.24414;0.25391;0.26367;0.27344;0.2832;0.29297;0.30273;0.3125;0.32227;0.33203;0.3418;0.35156;0.36133;0.37109;0.38086;0.39063;0.40039;0.41016;0.41992;0.42969;0.43945;0.44922;0.45898;0.46875;0.47852;0.48828;0.49805;0.50781;0.51758;0.52734;0.53711;0.54688;0.55664;0.56641;0.57617;0.58594;0.5957;0.60547;0.61523;0.625;0.63477;0.64453;0.6543;0.66406;0.67383;0.68359;0.69336;0.70313;0.71289;0.72266;0.73242;0.74219;0.75195;0.76172;0.77148;0.78125;0.79102,0.005523456;0.0076595199999999995;0.009211904;0.00754688;0.012175359999999998;0.02737664;0.020169727999999998;0.009438207999999998;0.011501568000000002;0.035921919999999996;0.05144576;0.031110143999999996;0.029656064000000003;0.019647487999999998;0.010852352;0.012238848;0.012589056;0.009155584;0.0067358719999999995;0.00795648;0.006772736;0.005063679999999999;0.005748736;0.0028723200000000003;0.0014735360000000001;0.001964032;0.0015411200000000002;0.0012625919999999999;0.0018595839999999998;0.002243584;0.0020029439999999996;0.001787904;0.0011161600000000002;0.001333248;0.001447936;0.001666048;0.0012154879999999998;0.00167424;0.003953664;0.004462592;0.003165184;0.003249152;0.005180416;0.006039551999999999;0.00686592;0.00764416;0.010560512;0.01339904;0.010805248000000002;0.007402496;0.007578624;0.006710272;0.005736448;0.006270975999999999;0.00749056;0.006248447999999999;0.006553600000000001;0.0064716800000000005;0.0050401280000000005;0.005219328;0.005198848;0.0036843519999999997;0.00548352;0.005138432;0.005613568;0.00660992;0.003931136;0.002551808;0.0022855680000000004;0.002300928;0.001702912;0.001778688;0.0021032959999999997;0.00183296;0.001731584;0.002113536;0.0021370879999999997;0.001376256;0.001371136
1789773300,hdr,0.0293;0.03906;0.04883;0.05859;0.06836;0.07813;0.08789;0.09766;0.10742;0.11719;0.12695;0.13672;0.14648;0.15625;0.16602;0.17578;0.18555;0.19531;0.20508;0.21484;0.22461;0.23438;0.24414;0.25391;0.26367;0.27344;0.2832;0.29297;0.30273;0.3125;0.32227;0.33203;0.3418;0.35156;0.36133;0.37109;0.38086;0.39063;0.40039;0.41016;0.41992;0.42969;0.43945;0.44922;0.45898;0.46875;0.47852;0.48828;0.49805;0.50781;0.51758;0.52734;0.53711;0.54688;0.55664;0.56641;0.57617;0.58594;0.5957;0.60547;0.61523;0.625;0.63477;0.64453;0.6543;0.66406;0.67383;0.68359;0.69336;0.70313;0.71289;0.72266;0.73242;0.74219;0.75195;0.76172;0.77148;0.78125;0.79102,0.0095488;0.009840640000000001;0.009791488;0.00999424;0.011236352000000002;0.027185151999999997;0.035325952;0.023549952000000002;0.013681664;0.023959552;0.036325376;0.042390528000000004;0.018625536;0.010683392;0.012689408;0.00690688;0.003678208;0.005408768;0.007985152;0.004968448;0.004026368;0.0027453439999999994;0.0032870399999999998;0.004533248;0.003716096;0.0027095039999999997;0.00249344;0.002568192;0.001967104;0.001636352;0.001396736;0.0008765439999999999;0.0010516479999999999;0.001108992;0.001168384;0.001854464;0.001373184;0.002168832;0.002497536;0.0025251839999999998;0.003956736;0.004967424;0.006449152;0.012847104;0.019387392;0.019064831999999997;0.022772736;0.012248063999999998;0.013858816;0.009554944000000001;0.009476096;0.008567808;0.009102335999999999;0.007748608000000001;0.009162751999999998;0.008755200000000001;0.007894016;0.007368703999999999;0.005357567999999999;0.004173824;0.004501504;0.0029122560000000002;0.0024791039999999998;0.0024330239999999998;0.005559295999999999;0.005301248000000001;0.003326976;0.0035706880000000002;0.0042885119999999995;0.002563072;0.00249344;0.0016650240000000002;0.0024422399999999996;0.003679232;0.0031979519999999996;0.002486272;0.001829888;0.001416192;0.002448384
1789774200,hdr,0.0293;0.03906;0.04883;0.05859;0.06836;0.07813;0.08789;0.09766;0.10742;0.11719;0.12695;0.13672;0.14648;0.15625;0.16602;0.17578;0.18555;0.19531;0.20508;0.21484;0.22461;0.23438;0.24414;0.25391;0.26367;0.27344;0.2832;0.29297;0.30273;0.3125;0.32227;0.33203;0.3418;0.35156;0.36133;0.37109;0.38086;0.39063;0.40039;0.41016;0.41992;0.42969;0.43945;0.44922;0.45898;0.46875;0.47852;0.48828;0.49805;0.50781;0.51758;0.52734;0.53711;0.54688;0.55664;0.56641;0.57617;0.58594;0.5957;0.60547;0.61523;0.625;0.63477;0.64453;0.6543;0.66406;0.67383;0.68359;0.69336;0.70313;0.71289;0.72266;0.73242;0.74219;0.75195;0.76172;0.77148;0.78125;0.79102,0.005696512000000001;0.014452735999999999;0.01782784;0.012197888;0.010703872000000001;0.033685504;0.046756864;0.017255424000000002;0.014604288;0.034465792;0.055337984;0.04481945600000001;0.021677056;0.014770176;0.012171264000000001;0.009182207999999999;0.009459712;0.005175296;0.0043335679999999994;0.005860352;0.0062976;0.00467968;0.003249152;0.00283136;0.002277376;0.0018176000000000002;0.0019230719999999998;0.0016291839999999999;0.0012523519999999998;0.001031168;0.00108544;0.001787904;0.002374656;0.001193984;0.0005713920000000001;0.000745472;0.0012605440000000002;0.002029568;0.002070528;0.001728512;0.002225152;0.004677631999999999;0.004655103999999999;0.007296;0.010450944;0.014169088;0.018299904000000002;0.014383103999999999;0.01127936;0.01100288;0.011650048000000001;0.011995136;0.010089472000000002;0.011442176;0.009974784;0.005624832;0.00551424;0.00869888;0.005710848;0.004696064;0.003866624;0.003014656;0.0032430080000000003;0.0025180159999999997;0.0026296320000000002;0.0036392959999999998;0.00375808;0.0023572479999999997;0.002403328;0.002886656;0.0029184000000000002;0.0026941440000000003;0.002760704;0.00198656;0.001864704;0.003489792;0.002443264;0.001605632;0.0011601919999999998
1789775100,hdr,0.0293;0.03906;0.04883;0.05859;0.06836;0.07813;0.08789;0.09766;0.10742;0.11719;0.12695;0.13672;0.14648;0.15625;0.16602;0.17578;0.18555;0.19531;0.20508;0.21484;0.22461;0.23438;0.24414;0.25391;0.26367;0.27344;0.2832;0.29297;0.30273;0.3125;0.32227;0.33203;0.3418;0.35156;0.36133;0.37109;0.38086;0.39063;0.40039;0.41016;0.41992;0.42969;0.43945;0.44922;0.45898;0.46875;0.47852;0.48828;0.49805;0.50781;0.51758;0.52734;0.53711;0.54688;0.55664;0.56641;0.57617;0.58594;0.5957;0.60547;0.61523;0.625;0.63477;0.64453;0.6543;0.66406;0.67383;0.68359;0.69336;0.70313;0.71289;0.72266;0.73242;0.74219;0.75195;0.76172;0.77148;0.78125;0.79102,0.003815424;0.010298368;0.013254656;0.0055531520000000004;0.015868928;0.053420032;0.041105407999999996;0.014818304000000001;0.012417023999999999;0.025819136;0.026503167999999997;0.033606656000000006;0.028306432;0.020400127999999997;0.02832384;0.015980544;0.006690816;0.004753408000000001;0.004005887999999999;0.005197823999999999;0.006370304;0.004255744;0.002362368;0.001885184;0.0015769599999999999;0.002139136;0.00176128;0.00101888;0.001391616;0.001570816;0.00176128;0.001536;0.00145408;0.00098816;0.0011407359999999998;0.000878592;0.00123904;0.0012625919999999999;0.001155072;0.001161216;0.00135168;0.001866752;0.00185856;0.0023275519999999997;0.004368384;0.007453696;0.00798208;0.0075970560000000005;0.010424319999999999;0.014353408;0.010055680000000001;0.011397119999999998;0.011415551999999999;0.0122624;0.0070543360000000005;0.005783552000000001;0.003050496;0.003796992;0.004731904;0.0035932159999999998;0.00199168;0.003654656;0.004907008;0.003995648;0.003002368;0.003166208;0.0024463360000000003;0.0020858880000000006;0.00210944;0.001455104;0.001635328;0.003016704;0.002820096;0.002706432;0.001964032;0.0015677439999999998;0.001727488;0.001969152;0.001615872
