Epoch Time,Processing Source,f,varianceDensity
1791504000,hdr,0.0293;0.03906;0.04883;0.05859;0.06836;0.07813;0.08789;0.09766;0.10742;0.11719;0.12695;0.13672;0.14648;0.15625;0.16602;0.17578;0.18555;0.19531;0.20508;0.21484;0.22461;0.23438;0.24414;0.25391;0.26367;0.27344;0.2832;0.29297;0.30273;0.3125;0.32227;0.33203;0.3418;0.35156;0.36133;0.37109;0.38086;0.39063;0.40039;0.41016;0.41992;0.42969;0.43945;0.44922;0.45898;0.46875;0.47852;0.48828;0.49805;0.50781;0.51758;0.52734;0.53711;0.54688;0.55664;0.56641;0.57617;0.58594;0.5957;0.60547;0.61523;0.625;0.63477;0.64453;0.6543;0.66406;0.67383;0.68359;0.69336;0.70313;0.71289;0.72266;0.73242;0.74219;0.75195;0.76172;0.77148;0.78125;0.79102,0.0014192640000000002;0.001847296;0.002844672;0.0045844480000000005;0.004666368000000001;0.002072576;0.00188928;0.006131712;0.016347135999999998;0.015363072;0.011845632;0.009611264000000001;0.008507391999999999;0.00828416;0.007409664000000001;0.008562688;0.011034624000000002;0.011941888000000001;0.012997632;0.005724160000000001;0.006848512000000001;0.008087552000000001;0.006012928;0.00592896;0.004176895999999999;0.0031098880000000003;0.0044974080000000005;0.005202943999999999;0.0029306880000000003;0.0028221440000000004;0.001929216;0.001763328;0.001403904;0.0009748480000000001;0.0011776;0.001227776;0.0005857280000000001;0.00046284799999999997;0.0010833919999999999;0.000754688;0.0005304320000000001;0.0007393279999999999;0.00043315199999999996;0.000352256;0.00042291200000000006;0.000314368;0.00034816000000000003;0.000224256;0.000249856;0.000320512;0.000251904;0.00015564799999999998;0.000195584;0.00014950399999999998;0.00017100799999999997;0.000173056;0.00018432000000000002;0.00016896;0.000195584;0.000190464;0.00017100799999999997;9.3184e-05;5.4272e-05;0.00010444799999999999;0.00016691200000000002;0.00014540800000000003;8.2944e-05;8.704000000000001e-05;8.3968e-05;0.00012288000000000002;9.3184e-05;0.000118784;8.9088e-05;7.0656e-05;7.167999999999999e-05;8.8064e-05;8.2944e-05;6.758400000000001e-05;5.5296e-05
1791504900,hdr,0.0293;0.03906;0.04883;0.05859;0.06836;0.07813;0.08789;0.09766;0.10742;0.11719;0.12695;0.13672;0.14648;0.15625;0.16602;0.17578;0.18555;0.19531;0.20508;0.21484;0.22461;0.23438;0.24414;0.25391;0.26367;0.27344;0.2832;0.29297;0.30273;0.3125;0.32227;0.33203;0.3418;0.35156;0.36133;0.37109;0.38086;0.39063;0.40039;0.41016;0.41992;0.42969;0.43945;0.44922;0.45898;0.46875;0.47852;0.48828;0.49805;0.50781;0.51758;0.52734;0.53711;0.54688;0.55664;0.56641;0.57617;0.58594;0.5957;0.60547;0.61523;0.625;0.63477;0.64453;0.6543;0.66406;0.67383;0.68359;0.69336;0.70313;0.71289;0.72266;0.73242;0.74219;0.75195;0.76172;0.77148;0.78125;0.79102,0.002195456;0.005121024;0.006498304;0.00433152;0.0051968;0.0014172160000000002;0.000485376;0.004348928;0.006883327999999999;0.005936128;0.007932928;0.00937984;0.0066713599999999994;0.009128959999999998;0.01243648;0.009107456;0.007783424;0.012198912000000001;0.009590784;0.005581824000000001;0.004798464;0.004236288;0.008527872;0.009975808000000001;0.005788672000000001;0.005444607999999999;0.0045772799999999995;0.004432896;0.0028692479999999996;0.002118656;0.002627584;0.00192;0.001783808;0.0016291839999999999;0.001544192;0.0007843840000000001;0.0006082559999999999;0.001024;0.0007843840000000001;0.000617472;0.000878592;0.000638976;0.0006000640000000001;0.000439296;0.000313344;0.00028569600000000005;0.00024371200000000001;0.0003584;0.00025497599999999997;0.00023552000000000002;0.00024063999999999997;0.00020275199999999997;0.000190464;0.00022016;0.000319488;0.000339968;0.000197632;0.00018739199999999998;0.00023859199999999998;0.000224256;0.000156672;0.000159744;0.000193536;0.000221184;0.00018534400000000002;0.000137216;0.00012288000000000002;0.00010240000000000001;0.00012390399999999998;0.000114688;0.000131072;8.2944e-05;7.782399999999999e-05;0.000114688;9.3184e-05;8.0896e-05;8.2944e-05;5.4272e-05;4.7104e-05
1791505800,hdr,0.0293;0.03906;0.04883;0.05859;0.06836;0.07813;0.08789;0.09766;0.10742;0.11719;0.12695;0.13672;0.14648;0.15625;0.16602;0.17578;0.18555;0.19531;0.20508;0.21484;0.22461;0.23438;0.24414;0.25391;0.26367;0.27344;0.2832;0.29297;0.30273;0.3125;0.32227;0.33203;0.3418;0.35156;0.36133;0.37109;0.38086;0.39063;0.40039;0.41016;0.41992;0.42969;0.43945;0.44922;0.45898;0.46875;0.47852;0.48828;0.49805;0.50781;0.51758;0.52734;0.53711;0.54688;0.55664;0.56641;0.57617;0.58594;0.5957;0.60547;0.61523;0.625;0.63477;0.64453;0.6543;0.66406;0.67383;0.68359;0.69336;0.70313;0.71289;0.72266;0.73242;0.74219;0.75195;0.76172;0.77148;0.78125;0.79102,0.00088576;0.000592896;0.00084992;0.0008837120000000001;0.001562624;0.000679936;0.000561152;0.002331648;0.007158784;0.014011392;0.010012672;0.0070492160000000005;0.005251072;0.005846016;0.013075456000000001;0.013943808;0.009223168;0.014601216;0.011501568000000002;0.008078336;0.006449152;0.005124096;0.004727808;0.004760576;0.0054210560000000005;0.004805632000000001;0.005349376;0.0032890880000000003;0.0021360640000000005;0.002398208;0.0018483199999999999;0.001805312;0.001938432;0.002412544;0.0015472639999999998;0.0007843840000000001;0.001033216;0.0006123519999999999;0.000796672;0.000771072;0.0007168;0.0006144;0.000483328;0.00041984;0.00033894400000000004;0.00034099200000000003;0.000172032;0.000288768;0.00044544;0.000387072;0.000351232;0.00033484799999999995;0.00020992;0.00016691200000000002;0.000207872;0.000144384;0.00018739199999999998;0.000193536;0.00014848;8.704000000000001e-05;9.0112e-05;0.00011776000000000001;0.00014643200000000002;0.00010649599999999999;9.932800000000001e-05;9.6256e-05;0.000116736;8.9088e-05;0.00011161600000000001;6.9632e-05;8.6016e-05;9.4208e-05;0.000108544;5.0176e-05;6.0416e-05;8.0896e-05;9.113599999999999e-05;0.00010752000000000001;9.216000000000001e-05
1791506700,hdr,0.0293;0.03906;0.04883;0.05859;0.06836;0.07813;0.08789;0.09766;0.10742;0.11719;0.12695;0.13672;0.14648;0.15625;0.16602;0.17578;0.18555;0.19531;0.20508;0.21484;0.22461;0.23438;0.24414;0.25391;0.26367;0.27344;0.2832;0.29297;0.30273;0.3125;0.32227;0.33203;0.3418;0.35156;0.36133;0.37109;0.38086;0.39063;0.40039;0.41016;0.41992;0.42969;0.43945;0.44922;0.45898;0.46875;0.47852;0.48828;0.49805;0.50781;0.51758;0.52734;0.53711;0.54688;0.55664;0.56641;0.57617;0.58594;0.5957;0.60547;0.61523;0.625;0.63477;0.64453;0.6543;0.66406;0.67383;0.68359;0.69336;0.70313;0.71289;0.72266;0.73242;0.74219;0.75195;0.76172;0.77148;0.78125;0.79102,1.3311999999999999e-05;0.0006144;0.001403904;0.001432576;0.002118656;0.0008212479999999999;0.0012113920000000002;0.00602112;0.005925888;0.008767487999999999;0.01207808;0.007215104;0.0062976;0.008980479999999999;0.016506879999999998;0.013822976;0.011481088;0.008705023999999999;0.008584192;0.006853632;0.006727680000000001;0.006367232;0.004707328;0.005264384;0.0053391359999999995;0.003535872;0.003067904;0.00338944;0.002596864;0.0013701120000000002;0.001688576;0.0016670720000000001;0.0018595839999999998;0.002014208;0.00157184;0.001031168;0.000889856;0.0008837120000000001;0.000744448;0.000605184;0.0005724160000000001;0.000315392;0.00021299199999999998;0.00046489599999999996;0.000375808;0.000393216;0.00024780799999999997;0.00028569600000000005;0.00029798400000000005;0.00016896;0.00021401600000000003;0.000308224;0.000169984;0.00023244799999999998;0.0001536;0.00023244799999999998;0.00025497599999999997;0.000176128;0.000284672;0.00021299199999999998;0.000110592;9.5232e-05;9.5232e-05;0.00011776000000000001;7.782399999999999e-05;8.2944e-05;0.000114688;8.192e-05;0.00014335999999999998;0.000132096;0.00011264;0.00014745600000000002;0.00017715200000000003;0.000191488;0.000118784;0.000173056;0.000269312;0.000224256;0.000252928
1791507600,hdr,0.0293;0.03906;0.04883;0.05859;0.06836;0.07813;0.08789;0.09766;0.10742;0.11719;0.12695;0.13672;0.14648;0.15625;0.16602;0.17578;0.18555;0.19531;0.20508;0.21484;0.22461;0.23438;0.24414;0.25391;0.26367;0.27344;0.2832;0.29297;0.30273;0.3125;0.32227;0.33203;0.3418;0.35156;0.36133;0.37109;0.38086;0.39063;0.40039;0.41016;0.41992;0.42969;0.43945;0.44922;0.45898;0.46875;0.47852;0.48828;0.49805;0.50781;0.51758;0.52734;0.53711;0.54688;0.55664;0.56641;0.57617;0.58594;0.5957;0.60547;0.61523;0.625;0.63477;0.64453;0.6543;0.66406;0.67383;0.68359;0.69336;0.70313;0.71289;0.72266;0.73242;0.74219;0.75195;0.76172;0.77148;0.78125;0.79102,0.001562624;0.000656384;0.0011776;0.00274432;0.00377344;0.00187904;0.001276928;0.004050944000000001;0.0041164800000000005;0.0035942400000000003;0.007960576;0.010683392;0.011746304;0.012232704;0.010334208000000001;0.01032192;0.016847872;0.010628096;0.011270144000000001;0.011592704;0.010301439999999999;0.005024768;0.00452608;0.0038789120000000004;0.004434944;0.003710976;0.0028672;0.0032020480000000003;0.0035942400000000003;0.0024340480000000003;0.0017326079999999998;0.0020121600000000003;0.001968128;0.000999424;0.0007393279999999999;0.0006819840000000001;0.000984064;0.0009717759999999999;0.0005847039999999999;0.00049664;0.000331776;0.00046284799999999997;0.0005898240000000001;0.00047820800000000004;0.00047616000000000005;0.00039628799999999996;0.000249856;0.00022528;0.000196608;0.000172032;0.0001792;0.000136192;0.000164864;0.000248832;0.000193536;0.000103424;0.000164864;0.000175104;0.00013311999999999997;0.00010240000000000001;0.000139264;0.000114688;7.9872e-05;0.00013311999999999997;0.000191488;0.000175104;0.000124928;0.00019865600000000002;0.00019456;0.000324608;0.000502784;0.000451584;0.000561152;0.0007280640000000001;0.00083968;0.0008458240000000001;0.000750592;0.00105472;0.001750016
1791508500,hdr,0.0293;0.03906;0.04883;0.05859;0.06836;0.07813;0.08789;0.09766;0.10742;0.11719;0.12695;0.13672;0.14648;0.15625;0.16602;0.17578;0.18555;0.19531;0.20508;0.21484;0.22461;0.23438;0.24414;0.25391;0.26367;0.27344;0.2832;0.29297;0.30273;0.3125;0.32227;0.33203;0.3418;0.35156;0.36133;0.37109;0.38086;0.39063;0.40039;0.41016;0.41992;0.42969;0.43945;0.44922;0.45898;0.46875;0.47852;0.48828;0.49805;0.50781;0.51758;0.52734;0.53711;0.54688;0.55664;0.56641;0.57617;0.58594;0.5957;0.60547;0.61523;0.625;0.63477;0.64453;0.6543;0.66406;0.67383;0.68359;0.69336;0.70313;0.71289;0.72266;0.73242;0.74219;0.75195;0.76172;0.77148;0.78125;0.79102,0.00209408;0.002262016;0.003514368;0.003382272;0.0052172799999999995;0.0037847040000000003;0.003027968;0.0048660479999999996;0.00861184;0.008739839999999999;0.00615424;0.007549952;0.009550848;0.012568576000000001;0.013310976;0.008578048000000001;0.011126784;0.009385984;0.0090624;0.009801728000000001;0.007645184;0.006053888;0.0066457600000000006;0.004103168000000001;0.0032174079999999997;0.003431424;0.002515968;0.002110464;0.0025671680000000003;0.0019517439999999998;0.00162816;0.0015390719999999998;0.001895424;0.001393664;0.000887808;0.000774144;0.0009748480000000001;0.0009758719999999999;0.0005089280000000001;0.000632832;0.00046284799999999997;0.000551936;0.00046796800000000003;0.0004352;0.00023859199999999998;0.000222208;0.00019968;0.000221184;0.000162816;0.00012185600000000001;0.00015462400000000002;0.00014745600000000002;0.0001536;0.00015872;0.000160768;0.00012288000000000002;0.000161792;0.00018124799999999998;0.00013311999999999997;0.000129024;0.00014335999999999998;0.000136192;9.4208e-05;0.000169984;0.000164864;0.000180224;0.000164864;0.000152576;0.000134144;0.000193536;0.000429056;0.000521216;0.000490496;0.000504832;0.0007014399999999999;0.000549888;0.0009461760000000001;0.0010291200000000001;0.000712704
1791509400,hdr,0.0293;0.03906;0.04883;0.05859;0.06836;0.07813;0.08789;0.09766;0.10742;0.11719;0.12695;0.13672;0.14648;0.15625;0.16602;0.17578;0.18555;0.19531;0.20508;0.21484;0.22461;0.23438;0.24414;0.25391;0.26367;0.27344;0.2832;0.29297;0.30273;0.3125;0.32227;0.33203;0.3418;0.35156;0.36133;0.37109;0.38086;0.39063;0.40039;0.41016;0.41992;0.42969;0.43945;0.44922;0.45898;0.46875;0.47852;0.48828;0.49805;0.50781;0.51758;0.52734;0.53711;0.54688;0.55664;0.56641;0.57617;0.58594;0.5957;0.60547;0.61523;0.625;0.63477;0.64453;0.6543;0.66406;0.67383;0.68359;0.69336;0.70313;0.71289;0.72266;0.73242;0.74219;0.75195;0.76172;0.77148;0.78125;0.79102,0.004240384;0.006259712000000001;0.00662528;0.006566912;0.009003008;0.005755904;0.004259839999999999;0.006539264;0.007259135999999999;0.008598528000000001;0.017289216;0.018893823999999997;0.024459263999999998;0.02062336;0.017212416;0.010849280000000001;0.01082368;0.010620928;0.014002176000000002;0.013855743999999998;0.009032704;0.007586816;0.00405504;0.0035276800000000005;0.005055488;0.003453952;0.0024340480000000003;0.0023111679999999997;0.0021411840000000004;0.00175104;0.001304576;0.0014561280000000001;0.001318912;0.001431552;0.0011601919999999998;0.000654336;0.000497664;0.000621568;0.000545792;0.00044032;0.00040448000000000003;0.00029491200000000004;0.000360448;0.00032256;0.000256;0.000308224;0.00018739199999999998;0.00014848;0.000188416;0.000188416;0.00014540800000000003;0.00014643200000000002;0.000188416;0.00018432000000000002;0.0001792;0.000116736;0.00020377600000000002;0.00021401600000000003;9.216000000000001e-05;0.000151552;0.00020172799999999998;0.000141312;9.216000000000001e-05;9.6256e-05;0.00011264;9.6256e-05;0.000176128;0.000113664;9.5232e-05;0.00012390399999999998;0.000140288;0.000162816;0.000142336;0.000234496;0.00026112;0.000217088;0.00023961599999999998;0.000205824;0.000421888
1791510300,hdr,0.0293;0.03906;0.04883;0.05859;0.06836;0.07813;0.08789;0.09766;0.10742;0.11719;0.12695;0.13672;0.14648;0.15625;0.16602;0.17578;0.18555;0.19531;0.20508;0.21484;0.22461;0.23438;0.24414;0.25391;0.26367;0.27344;0.2832;0.29297;0.30273;0.3125;0.32227;0.33203;0.3418;0.35156;0.36133;0.37109;0.38086;0.39063;0.40039;0.41016;0.41992;0.42969;0.43945;0.44922;0.45898;0.46875;0.47852;0.48828;0.49805;0.50781;0.51758;0.52734;0.53711;0.54688;0.55664;0.56641;0.57617;0.58594;0.5957;0.60547;0.61523;0.625;0.63477;0.64453;0.6543;0.66406;0.67383;0.68359;0.69336;0.70313;0.71289;0.72266;0.73242;0.74219;0.75195;0.76172;0.77148;0.78125;0.79102,0.0028426239999999998;0.009649152;0.012867584000000001;0.007512064;0.00512;0.0037191679999999997;0.0039495680000000005;0.0057794560000000005;0.006458368000000001;0.006353919999999999;0.004176895999999999;0.0074055679999999995;0.0242432;0.02825216;0.010903552;0.013646848;0.010923008;0.008008704;0.008598528000000001;0.00870912;0.008323072;0.007346175999999999;0.007273472;0.004327424;0.0027361279999999996;0.002866176;0.0033105920000000002;0.004074496;0.0025384959999999995;0.001536;0.002315264;0.00100352;0.000751616;0.00077824;0.000951296;0.000668672;0.000764928;0.0007833599999999999;0.000631808;0.000503808;0.000350208;0.000398336;0.000379904;0.000173056;0.00023142399999999999;0.00022528;0.00023859199999999998;0.000207872;0.000165888;0.000180224;0.000191488;0.000128;0.000118784;0.000116736;8.6016e-05;0.000118784;0.00016691200000000002;0.00016384;0.00011980799999999999;0.000114688;0.000131072;0.000114688;9.8304e-05;0.00010444799999999999;0.00014643200000000002;0.000125952;0.00012390399999999998;0.000169984;0.000130048;8.9088e-05;0.000100352;0.00010137599999999999;7.8848e-05;9.216000000000001e-05;0.00011264;6.8608e-05;6.3488e-05;0.000103424;0.000103424
1791511200,hdr,0.0293;0.03906;0.04883;0.05859;0.06836;0.07813;0.08789;0.09766;0.10742;0.11719;0.12695;0.13672;0.14648;0.15625;0.16602;0.17578;0.18555;0.19531;0.20508;0.21484;0.22461;0.23438;0.24414;0.25391;0.26367;0.27344;0.2832;0.29297;0.30273;0.3125;0.32227;0.33203;0.3418;0.35156;0.36133;0.37109;0.38086;0.39063;0.40039;0.41016;0.41992;0.42969;0.43945;0.44922;0.45898;0.46875;0.47852;0.48828;0.49805;0.50781;0.51758;0.52734;0.53711;0.54688;0.55664;0.56641;0.57617;0.58594;0.5957;0.60547;0.61523;0.625;0.63477;0.64453;0.6543;0.66406;0.67383;0.68359;0.69336;0.70313;0.71289;0.72266;0.73242;0.74219;0.75195;0.76172;0.77148;0.78125;0.79102,0.0027842559999999997;0.006050816;0.004856831999999999;0.002081792;0.0025528319999999997;0.004251648;0.0035532800000000002;0.004855808;0.005527552;0.005656576;0.006387711999999999;0.010730496;0.013067263999999999;0.016573440000000002;0.01202688;0.01009664;0.010120191999999998;0.009216;0.007981056;0.009483264000000002;0.00892416;0.0065167359999999995;0.005474304;0.005320704;0.004887552000000001;0.004503552;0.003070976;0.00236032;0.001790976;0.00104448;0.0011048960000000002;0.001501184;0.002249728;0.0022405119999999996;0.00129024;0.0008458240000000001;0.000812032;0.0005847039999999999;0.000400384;0.000617472;0.00057856;0.00038912;0.000388096;0.00029491200000000004;0.00027033600000000004;0.00022528;0.00018432000000000002;0.00027136;0.000191488;8.704000000000001e-05;0.00012185600000000001;0.0001792;0.000192512;0.00016384;9.728e-05;9.6256e-05;0.00012288000000000002;0.000164864;0.00010444799999999999;0.00010649599999999999;0.00013824;0.00011264;0.000129024;0.000100352;7.5776e-05;6.2464e-05;0.00011571199999999999;9.5232e-05;9.6256e-05;8.4992e-05;0.000114688;7.8848e-05;6.9632e-05;8.0896e-05;7.9872e-05;4.5056e-05;4.1984e-05;5.5296e-05;6.8608e-05
1791512100,hdr,0.0293;0.03906;0.04883;0.05859;0.06836;0.07813;0.08789;0.09766;0.10742;0.11719;0.12695;0.13672;0.14648;0.15625;0.16602;0.17578;0.18555;0.19531;0.20508;0.21484;0.22461;0.23438;0.24414;0.25391;0.26367;0.27344;0.2832;0.29297;0.30273;0.3125;0.32227;0.33203;0.3418;0.35156;0.36133;0.37109;0.38086;0.39063;0.40039;0.41016;0.41992;0.42969;0.43945;0.44922;0.45898;0.46875;0.47852;0.48828;0.49805;0.50781;0.51758;0.52734;0.53711;0.54688;0.55664;0.56641;0.57617;0.58594;0.5957;0.60547;0.61523;0.625;0.63477;0.64453;0.6543;0.66406;0.67383;0.68359;0.69336;0.70313;0.71289;0.72266;0.73242;0.74219;0.75195;0.76172;0.77148;0.78125;0.79102,0.004312064;0.006300671999999999;0.004324352;0.002349056;0.006265856000000001;0.005353472;0.0028487680000000002;0.0034375680000000002;0.006870016;0.008521728;0.008726528;0.008400895999999998;0.010224640000000002;0.008938496;0.008926208;0.010409984;0.01064448;0.012930048;0.012619776;0.007873536;0.0049008640000000004;0.0059740159999999995;0.006291456;0.004276224;0.005082112;0.004391936000000001;0.002725888;0.003048448;0.0021985280000000004;0.002691072;0.002436096;0.001887232;0.0016138239999999998;0.0013352960000000001;0.000941056;0.000980992;0.0009297919999999999;0.000864256;0.0007352319999999999;0.00098816;0.000720896;0.000376832;0.000264192;0.000221184;0.000210944;0.000195584;0.00018534400000000002;0.000172032;0.0001792;0.000197632;0.000191488;0.00022016;0.000207872;0.00014848;7.167999999999999e-05;9.3184e-05;0.00016691200000000002;0.000137216;5.4272e-05;8.704000000000001e-05;7.68e-05;8.3968e-05;7.270400000000001e-05;6.655999999999999e-05;9.5232e-05;0.000114688;0.000128;8.3968e-05;9.3184e-05;5.8368e-05;7.167999999999999e-05;8.192e-05;5.8368e-05;8.704000000000001e-05;7.9872e-05;5.1200000000000004e-05;6.758400000000001e-05;7.167999999999999e-05;7.5776e-05
1791513000,hdr,0.0293;0.03906;0.04883;0.05859;0.06836;0.07813;0.08789;0.09766;0.10742;0.11719;0.12695;0.13672;0.14648;0.15625;0.16602;0.17578;0.18555;0.19531;0.20508;0.21484;0.22461;0.23438;0.24414;0.25391;0.26367;0.27344;0.2832;0.29297;0.30273;0.3125;0.32227;0.33203;0.3418;0.35156;0.36133;0.37109;0.38086;0.39063;0.40039;0.41016;0.41992;0.42969;0.43945;0.44922;0.45898;0.46875;0.47852;0.48828;0.49805;0.50781;0.51758;0.52734;0.53711;0.54688;0.55664;0.56641;0.57617;0.58594;0.5957;0.60547;0.61523;0.625;0.63477;0.64453;0.6543;0.66406;0.67383;0.68359;0.69336;0.70313;0.71289;0.72266;0.73242;0.74219;0.75195;0.76172;0.77148;0.78125;0.79102,0.0013117439999999999;0.0021524480000000004;0.0019394560000000002;0.001675264;0.002489344;0.0022528;0.0033955839999999997;0.00435712;0.004758528000000001;0.005003264;0.004247552;0.005807104;0.008352768;0.010012672;0.007783424;0.004498432;0.007444480000000001;0.010164224;0.007716864;0.0065187840000000006;0.008266752;0.005780479999999999;0.0052121599999999995;0.003856384;0.003416064;0.002871296;0.0030289920000000003;0.0034263040000000002;0.002592768;0.001696768;0.001061888;0.001580032;0.00154624;0.00089088;0.000878592;0.0006656;0.00080384;0.00076288;0.000719872;0.0005621760000000001;0.0005734399999999999;0.000408576;0.00030924800000000003;0.000321536;0.00021913599999999998;0.000242688;0.000284672;0.000253952;0.00015462400000000002;0.00012390399999999998;0.000156672;0.000130048;9.932800000000001e-05;0.00010752000000000001;0.00011264;0.00010137599999999999;0.00013311999999999997;0.000129024;9.3184e-05;0.00011571199999999999;6.4512e-05;8.3968e-05;0.000116736;9.3184e-05;7.8848e-05;9.3184e-05;9.932800000000001e-05;8.9088e-05;8.8064e-05;8.192e-05;7.0656e-05;7.167999999999999e-05;7.372800000000001e-05;7.372800000000001e-05;7.372800000000001e-05;6.655999999999999e-05;7.782399999999999e-05;7.167999999999999e-05;6.8608e-05
1791513900,hdr,0.0293;0.03906;0.04883;0.05859;0.06836;0.07813;0.08789;0.09766;0.10742;0.11719;0.12695;0.13672;0.14648;0.15625;0.16602;0.17578;0.18555;0.19531;0.20508;0.21484;0.22461;0.23438;0.24414;0.25391;0.26367;0.27344;0.2832;0.29297;0.30273;0.3125;0.32227;0.33203;0.3418;0.35156;0.36133;0.37109;0.38086;0.39063;0.40039;0.41016;0.41992;0.42969;0.43945;0.44922;0.45898;0.46875;0.47852;0.48828;0.49805;0.50781;0.51758;0.52734;0.53711;0.54688;0.55664;0.56641;0.57617;0.58594;0.5957;0.60547;0.61523;0.625;0.63477;0.64453;0.6543;0.66406;0.67383;0.68359;0.69336;0.70313;0.71289;0.72266;0.73242;0.74219;0.75195;0.76172;0.77148;0.78125;0.79102,0.00208896;0.0037550080000000002;0.0019937279999999997;0.002060288;0.004082688;0.0013864959999999999;0.001855488;0.004790272;0.0037754880000000005;0.003835904;0.0055951360000000006;0.007912448;0.009106432000000001;0.01363968;0.014889984;0.01351168;0.013493248;0.011921408;0.010520576;0.007498751999999999;0.005743616;0.006827008;0.007011328;0.00493056;0.005568511999999999;0.005024768;0.0038789120000000004;0.002577408;0.001913856;0.0018216959999999998;0.0026368000000000003;0.002168832;0.00133632;0.001014784;0.001117184;0.001088512;0.0006696959999999999;0.0005867520000000001;0.000468992;0.0005416959999999999;0.000518144;0.00048127999999999995;0.0005324799999999999;0.00028671999999999997;0.000308224;0.00035942400000000006;0.00021504000000000003;0.000207872;0.000268288;0.000228352;0.00016896;0.000249856;0.00011980799999999999;0.000118784;8.2944e-05;9.5232e-05;0.00010137599999999999;0.00015564799999999998;0.00015462400000000002;0.000128;0.0001792;0.000164864;0.00012288000000000002;8.3968e-05;0.000103424;0.00011161600000000001;0.00011264;0.00010137599999999999;9.4208e-05;9.8304e-05;5.9392e-05;7.475199999999999e-05;0.000116736;9.5232e-05;8.192e-05;0.00010649599999999999;0.00010752000000000001;8.3968e-05;6.2464e-05
1791514800,hdr,0.0293;0.03906;0.04883;0.05859;0.06836;0.07813;0.08789;0.09766;0.10742;0.11719;0.12695;0.13672;0.14648;0.15625;0.16602;0.17578;0.18555;0.19531;0.20508;0.21484;0.22461;0.23438;0.24414;0.25391;0.26367;0.27344;0.2832;0.29297;0.30273;0.3125;0.32227;0.33203;0.3418;0.35156;0.36133;0.37109;0.38086;0.39063;0.40039;0.41016;0.41992;0.42969;0.43945;0.44922;0.45898;0.46875;0.47852;0.48828;0.49805;0.50781;0.51758;0.52734;0.53711;0.54688;0.55664;0.56641;0.57617;0.58594;0.5957;0.60547;0.61523;0.625;0.63477;0.64453;0.6543;0.66406;0.67383;0.68359;0.69336;0.70313;0.71289;0.72266;0.73242;0.74219;0.75195;0.76172;0.77148;0.78125;0.79102,0.00117248;0.0031907839999999995;0.0031969280000000004;0.002829312;0.0029788160000000004;0.00142848;0.00318464;0.0073031680000000005;0.007164928;0.005684224;0.008727552;0.007740416;0.011248639999999999;0.012864511999999998;0.015633407999999998;0.01672704;0.014262272;0.010984448;0.009293824000000001;0.008493055999999999;0.007749632;0.006798336;0.005317631999999999;0.0046592;0.00283136;0.001746944;0.001544192;0.001759232;0.0016087039999999999;0.0016977919999999998;0.001538048;0.001405952;0.001097728;0.00100352;0.0009144320000000001;0.00075776;0.000616448;0.0006225919999999999;0.0007772160000000001;0.00062976;0.000489472;0.000411648;0.000272384;0.00029286400000000005;0.000284672;0.000221184;0.000237568;0.000152576;0.00020377600000000002;0.000157696;0.00018227199999999998;0.000183296;0.00018534400000000002;0.000129024;8.6016e-05;0.000118784;0.000196608;0.00023654400000000002;0.000152576;0.000113664;9.8304e-05;0.00010752000000000001;0.000159744;0.00010240000000000001;9.4208e-05;0.00010752000000000001;9.0112e-05;0.000113664;7.475199999999999e-05;6.2464e-05;6.2464e-05;7.475199999999999e-05;0.00011264;8.4992e-05;7.270400000000001e-05;6.758400000000001e-05;5.222399999999999e-05;5.632e-05;6.5536e-05
1791515700,hdr,0.0293;0.03906;0.04883;0.05859;0.06836;0.07813;0.08789;0.09766;0.10742;0.11719;0.12695;0.13672;0.14648;0.15625;0.16602;0.17578;0.18555;0.19531;0.20508;0.21484;0.22461;0.23438;0.24414;0.25391;0.26367;0.27344;0.2832;0.29297;0.30273;0.3125;0.32227;0.33203;0.3418;0.35156;0.36133;0.37109;0.38086;0.39063;0.40039;0.41016;0.41992;0.42969;0.43945;0.44922;0.45898;0.46875;0.47852;0.48828;0.49805;0.50781;0.51758;0.52734;0.53711;0.54688;0.55664;0.56641;0.57617;0.58594;0.5957;0.60547;0.61523;0.625;0.63477;0.64453;0.6543;0.66406;0.67383;0.68359;0.69336;0.70313;0.71289;0.72266;0.73242;0.74219;0.75195;0.76172;0.77148;0.78125;0.79102,0.006443008;0.010745856;0.011918336;0.01490432;0.00769024;0.004148224;0.0028272640000000003;0.006042624;0.005128192;0.0077342719999999995;0.008818688;0.009509888000000001;0.010277888;0.011337728000000002;0.017385472000000003;0.016542719999999997;0.009285632;0.010244096000000001;0.013056;0.011964415999999999;0.009407488000000002;0.006746112;0.004464640000000001;0.003136512;0.0025856;0.0022702079999999997;0.0022968320000000004;0.002934784;0.00282112;0.00242176;0.002147328;0.002070528;0.000999424;0.000999424;0.0013322240000000001;0.001534976;0.000907264;0.000674816;0.00047718399999999996;0.00037785600000000004;0.000489472;0.000567296;0.000423936;0.00037068800000000004;0.00039731200000000003;0.00022323200000000002;0.0001792;0.000244736;0.00026623999999999994;0.000256;0.000197632;0.000173056;0.00026623999999999994;0.000176128;0.000128;9.216000000000001e-05;0.00012288000000000002;0.00015052799999999998;9.728e-05;9.8304e-05;0.00015564799999999998;0.00018124799999999998;0.000173056;0.00019865600000000002;0.000120832;8.192e-05;7.167999999999999e-05;8.6016e-05;0.00011264;0.000108544;7.9872e-05;8.8064e-05;8.704000000000001e-05;0.00010956799999999999;7.9872e-05;8.6016e-05;7.68e-05;9.5232e-05;5.5296e-05
1791516600,hdr,0.0293;0.03906;0.04883;0.05859;0.06836;0.07813;0.08789;0.09766;0.10742;0.11719;0.12695;0.13672;0.14648;0.15625;0.16602;0.17578;0.18555;0.19531;0.20508;0.21484;0.22461;0.23438;0.24414;0.25391;0.26367;0.27344;0.2832;0.29297;0.30273;0.3125;0.32227;0.33203;0.3418;0.35156;0.36133;0.37109;0.38086;0.39063;0.40039;0.41016;0.41992;0.42969;0.43945;0.44922;0.45898;0.46875;0.47852;0.48828;0.49805;0.50781;0.51758;0.52734;0.53711;0.54688;0.55664;0.56641;0.57617;0.58594;0.5957;0.60547;0.61523;0.625;0.63477;0.64453;0.6543;0.66406;0.67383;0.68359;0.69336;0.70313;0.71289;0.72266;0.73242;0.74219;0.75195;0.76172;0.77148;0.78125;0.79102,0.002835456;0.006781952;0.00937472;0.006008832;0.0025077759999999998;0.001092608;0.0041093119999999995;0.004887552000000001;0.006736896;0.00717312;0.0069847039999999996;0.008641536;0.012037119999999998;0.016183296;0.015102976;0.016827392;0.016454655999999998;0.013411328;0.0193536;0.020943872;0.018004992;0.009887743999999999;0.0058368000000000005;0.004484096000000001;0.005244928;0.004369408;0.0038881280000000002;0.003753984;0.002619392;0.00198656;0.00198144;0.001451008;0.000927744;0.00048025600000000003;0.0005232639999999998;0.00047923199999999995;0.0005816320000000001;0.000512;0.000444416;0.0005376000000000001;0.000458752;0.0004884479999999999;0.0006502400000000001;0.000539648;0.00026623999999999994;0.00020377600000000002;0.000183296;0.00020992;0.000246784;0.000233472;0.000216064;0.000190464;9.3184e-05;9.932800000000001e-05;0.000221184;0.00016896;0.00017100799999999997;0.00020172799999999998;0.000162816;0.00012288000000000002;0.000140288;7.5776e-05;0.000100352;0.000131072;0.00014950399999999998;0.00010444799999999999;0.000118784;0.000172032;0.000124928;0.00011264;0.000165888;0.00011161600000000001;9.8304e-05;8.9088e-05;6.144000000000001e-05;0.00012288000000000002;0.000160768;0.000132096;0.00012390399999999998
1791517500,hdr,0.0293;0.03906;0.04883;0.05859;0.06836;0.07813;0.08789;0.09766;0.10742;0.11719;0.12695;0.13672;0.14648;0.15625;0.16602;0.17578;0.18555;0.19531;0.20508;0.21484;0.22461;0.23438;0.24414;0.25391;0.26367;0.27344;0.2832;0.29297;0.30273;0.3125;0.32227;0.33203;0.3418;0.35156;0.36133;0.37109;0.38086;0.39063;0.40039;0.41016;0.41992;0.42969;0.43945;0.44922;0.45898;0.46875;0.47852;0.48828;0.49805;0.50781;0.51758;0.52734;0.53711;0.54688;0.55664;0.56641;0.57617;0.58594;0.5957;0.60547;0.61523;0.625;0.63477;0.64453;0.6543;0.66406;0.67383;0.68359;0.69336;0.70313;0.71289;0.72266;0.73242;0.74219;0.75195;0.76172;0.77148;0.78125;0.79102,0.003442688;0.005851136000000001;0.00457216;0.002459648;0.003540992;0.003400704;0.003757056;0.007200768;0.007227392;0.00539648;0.006457344;0.009597952;0.011908096000000002;0.016719872;0.019330048000000002;0.016983039999999998;0.014327808;0.01079808;0.011826175999999999;0.009083904;0.009001984000000001;0.006880256;0.005016576;0.006099968;0.004645888;0.003218432;0.0028538879999999997;0.001583104;0.0008663039999999999;0.001129472;0.0016066560000000001;0.001317888;0.0012195840000000001;0.0009943039999999999;0.0009973760000000001;0.0008458240000000001;0.0010598399999999998;0.00062464;0.000459776;0.000538624;0.00043110399999999997;0.00044646400000000004;0.00043315199999999996;0.00036864000000000005;0.000316416;0.000234496;0.000176128;0.00037478399999999997;0.000282624;0.000160768;0.0001536;0.000178176;0.00019456;0.000144384;0.000222208;0.00018432000000000002;0.00014950399999999998;0.00018124799999999998;0.00012390399999999998;0.000118784;0.00014335999999999998;0.00021299199999999998;0.000165888;9.4208e-05;0.000132096;0.000139264;0.000132096;0.000134144;0.000113664;0.00011571199999999999;0.000151552;0.000191488;0.000188416;0.000128;8.2944e-05;0.0001536;0.000196608;0.000195584;0.00020172799999999998
1791518400,hdr,0.0293;0.03906;0.04883;0.05859;0.06836;0.07813;0.08789;0.09766;0.10742;0.11719;0.12695;0.13672;0.14648;0.15625;0.16602;0.17578;0.18555;0.19531;0.20508;0.21484;0.22461;0.23438;0.24414;0.25391;0.26367;0.27344;0.2832;0.29297;0.30273;0.3125;0.32227;0.33203;0.3418;0.35156;0.36133;0.37109;0.38086;0.39063;0.40039;0.41016;0.41992;0.42969;0.43945;0.44922;0.45898;0.46875;0.47852;0.48828;0.49805;0.50781;0.51758;0.52734;0.53711;0.54688;0.55664;0.56641;0.57617;0.58594;0.5957;0.60547;0.61523;0.625;0.63477;0.64453;0.6543;0.66406;0.67383;0.68359;0.69336;0.70313;0.71289;0.72266;0.73242;0.74219;0.75195;0.76172;0.77148;0.78125;0.79102,0.004855808;0.004308992;0.00603648;0.004845568000000001;0.004027391999999999;0.002973696;0.001765376;0.004112384;0.008166399999999999;0.0055306240000000005;0.003955712;0.005807104;0.009320448;0.019290112;0.018885632000000003;0.013929472;0.01850368;0.017885184;0.011041792;0.017627135999999998;0.014732288;0.0067655680000000004;0.007642112;0.004470783999999999;0.0020951040000000004;0.002262016;0.003270656;0.002169856;0.0014786559999999999;0.001440768;0.0014929920000000003;0.001325056;0.0018288640000000001;0.0010178560000000001;0.000656384;0.000712704;0.000576512;0.0005857280000000001;0.0005959680000000001;0.0005847039999999999;0.00046796800000000003;0.000284672;0.000387072;0.000400384;0.000280576;0.00033382400000000003;0.00030208000000000004;0.000279552;0.00027033600000000004;0.00027033600000000004;0.000237568;0.000217088;0.000246784;0.000183296;0.00011264;0.00019456;0.00018944;0.00014643200000000002;0.000167936;0.000176128;0.000186368;0.00017100799999999997;9.3184e-05;0.000142336;0.00021913599999999998;0.000175104;7.68e-05;0.000129024;0.000180224;0.00019456;0.00014745600000000002;0.000116736;0.000120832;0.00013516800000000002;0.000165888;0.000190464;0.000252928;0.000349184;0.000188416
1791519300,hdr,0.0293;0.03906;0.04883;0.05859;0.06836;0.07813;0.08789;0.09766;0.10742;0.11719;0.12695;0.13672;0.14648;0.15625;0.16602;0.17578;0.18555;0.19531;0.20508;0.21484;0.22461;0.23438;0.24414;0.25391;0.26367;0.27344;0.2832;0.29297;0.30273;0.3125;0.32227;0.33203;0.3418;0.35156;0.36133;0.37109;0.38086;0.39063;0.40039;0.41016;0.41992;0.42969;0.43945;0.44922;0.45898;0.46875;0.47852;0.48828;0.49805;0.50781;0.51758;0.52734;0.53711;0.54688;0.55664;0.56641;0.57617;0.58594;0.5957;0.60547;0.61523;0.625;0.63477;0.64453;0.6543;0.66406;0.67383;0.68359;0.69336;0.70313;0.71289;0.72266;0.73242;0.74219;0.75195;0.76172;0.77148;0.78125;0.79102,0.004239359999999999;0.006797312;0.003460096;0.004605952;0.008520704;0.0045312;0.0034713599999999997;0.007134208;0.0033372160000000005;0.005016576;0.0051671040000000005;0.006851584;0.012793856;0.015943680000000002;0.011531264000000001;0.01303552;0.012459008000000002;0.009189376;0.012235776;0.01129984;0.006725632;0.0038430719999999995;0.005031936;0.0034990079999999996;0.003986432;0.004916224;0.0030535679999999996;0.002310144;0.0011704320000000001;0.001562624;0.0015892480000000001;0.00153088;0.001682432;0.00144896;0.000690176;0.00075776;0.000913408;0.00068096;0.0006676480000000001;0.0005376000000000001;0.000482304;0.000512;0.00033382400000000003;0.000178176;0.00040755200000000004;0.000434176;0.000360448;0.000277504;0.000222208;0.000217088;0.00017715200000000003;0.00024063999999999997;0.00019456;0.000197632;0.000160768;0.00018739199999999998;0.00018944;0.000180224;0.00010649599999999999;9.4208e-05;9.8304e-05;0.000156672;0.000165888;9.932800000000001e-05;0.00014540800000000003;0.000197632;0.00017408000000000001;0.00011776000000000001;0.000128;0.000192512;0.0001792;0.000131072;0.00011776000000000001;0.00015052799999999998;0.00015872;0.000175104;0.000175104;0.000172032;0.000248832
1791520200,hdr,0.0293;0.03906;0.04883;0.05859;0.06836;0.07813;0.08789;0.09766;0.10742;0.11719;0.12695;0.13672;0.14648;0.15625;0.16602;0.17578;0.18555;0.19531;0.20508;0.21484;0.22461;0.23438;0.24414;0.25391;0.26367;0.27344;0.2832;0.29297;0.30273;0.3125;0.32227;0.33203;0.3418;0.35156;0.36133;0.37109;0.38086;0.39063;0.40039;0.41016;0.41992;0.42969;0.43945;0.44922;0.45898;0.46875;0.47852;0.48828;0.49805;0.50781;0.51758;0.52734;0.53711;0.54688;0.55664;0.56641;0.57617;0.58594;0.5957;0.60547;0.61523;0.625;0.63477;0.64453;0.6543;0.66406;0.67383;0.68359;0.69336;0.70313;0.71289;0.72266;0.73242;0.74219;0.75195;0.76172;0.77148;0.78125;0.79102,0.001073152;0.00489472;0.006431744;0.0069273600000000005;0.005696512000000001;0.002722816;0.002336768;0.0048486399999999995;0.004488192;0.005895167999999999;0.009736192000000001;0.008030208;0.008629247999999999;0.012147712;0.013131776;0.010500095999999999;0.00927744;0.006492159999999999;0.007283712;0.01091584;0.01148416;0.008984576000000001;0.006595584;0.004534272;0.0029009920000000002;0.0023203839999999996;0.003004416;0.0029460479999999997;0.003008512;0.00226304;0.001307648;0.001959936;0.001637376;0.0009523200000000001;0.0006123519999999999;0.000492544;0.0005406720000000001;0.000726016;0.000651264;0.00044032;0.000412672;0.00037478399999999997;0.000263168;0.000251904;0.00034304;0.00030412799999999997;0.00024063999999999997;0.00023040000000000002;0.00020172799999999998;0.000120832;0.000137216;0.00011980799999999999;0.000139264;0.000186368;0.000164864;0.00012390399999999998;0.00011776000000000001;9.3184e-05;9.5232e-05;6.144000000000001e-05;7.68e-05;7.68e-05;6.4512e-05;6.758400000000001e-05;7.270400000000001e-05;7.372800000000001e-05;7.0656e-05;0.00011571199999999999;0.00013311999999999997;0.00014643200000000002;0.000136192;0.00014950399999999998;0.000173056;0.000134144;0.000100352;0.000152576;0.00014950399999999998;0.000169984;0.00013516800000000002
1791521100,hdr,0.0293;0.03906;0.04883;0.05859;0.06836;0.07813;0.08789;0.09766;0.10742;0.11719;0.12695;0.13672;0.14648;0.15625;0.16602;0.17578;0.18555;0.19531;0.20508;0.21484;0.22461;0.23438;0.24414;0.25391;0.26367;0.27344;0.2832;0.29297;0.30273;0.3125;0.32227;0.33203;0.3418;0.35156;0.36133;0.37109;0.38086;0.39063;0.40039;0.41016;0.41992;0.42969;0.43945;0.44922;0.45898;0.46875;0.47852;0.48828;0.49805;0.50781;0.51758;0.52734;0.53711;0.54688;0.55664;0.56641;0.57617;0.58594;0.5957;0.60547;0.61523;0.625;0.63477;0.64453;0.6543;0.66406;0.67383;0.68359;0.69336;0.70313;0.71289;0.72266;0.73242;0.74219;0.75195;0.76172;0.77148;0.78125;0.79102,0.002173952;0.001678336;0.00367104;0.004190208000000001;0.0035717120000000003;0.001728512;0.001662976;0.005651455999999999;0.004503552;0.004455424;0.004384768;0.004511744000000001;0.007835648;0.013535232;0.0111616;0.013502464;0.022991872;0.01318912;0.011216896;0.010117119999999999;0.006726656;0.0038021120000000003;0.004499456;0.0038717440000000003;0.0031969280000000004;0.002243584;0.0013148160000000001;0.0019230719999999998;0.003008512;0.0015226880000000001;0.001030144;0.0011264;0.0009461760000000001;0.000873472;0.000565248;0.00048025600000000003;0.000380928;0.000559104;0.000544768;0.00040448000000000003;0.00031129599999999997;0.00024371200000000001;0.00029491200000000004;0.000314368;0.000518144;0.00033792;0.000249856;0.00018944;0.00010240000000000001;0.00017715200000000003;0.00021299199999999998;0.00016384;0.000151552;0.000131072;0.000105472;0.00011980799999999999;0.000144384;0.00014745600000000002;0.000152576;9.932800000000001e-05;0.000114688;8.704000000000001e-05;9.3184e-05;6.8608e-05;8.8064e-05;8.2944e-05;7.167999999999999e-05;7.475199999999999e-05;6.8608e-05;9.4208e-05;8.2944e-05;6.5536e-05;8.3968e-05;4.6080000000000006e-05;5.8368e-05;6.2464e-05;7.167999999999999e-05;0.000105472;0.000130048
1791522000,hdr,0.0293;0.03906;0.04883;0.05859;0.06836;0.07813;0.08789;0.09766;0.10742;0.11719;0.12695;0.13672;0.14648;0.15625;0.16602;0.17578;0.18555;0.19531;0.20508;0.21484;0.22461;0.23438;0.24414;0.25391;0.26367;0.27344;0.2832;0.29297;0.30273;0.3125;0.32227;0.33203;0.3418;0.35156;0.36133;0.37109;0.38086;0.39063;0.40039;0.41016;0.41992;0.42969;0.43945;0.44922;0.45898;0.46875;0.47852;0.48828;0.49805;0.50781;0.51758;0.52734;0.53711;0.54688;0.55664;0.56641;0.57617;0.58594;0.5957;0.60547;0.61523;0.625;0.63477;0.64453;0.6543;0.66406;0.67383;0.68359;0.69336;0.70313;0.71289;0.72266;0.73242;0.74219;0.75195;0.76172;0.77148;0.78125;0.79102,0.00245248;0.0058818559999999995;0.004637696;0.00430592;0.009332736000000001;0.006243328;0.004088832;0.004576256;0.00571392;0.0047144959999999994;0.003165184;0.0070123519999999995;0.013856768;0.017312768;0.014141439999999998;0.011992063999999998;0.011083776;0.007235584;0.008000512000000001;0.008465407999999999;0.006592512;0.0055429120000000005;0.0051374079999999996;0.00252416;0.002935808;0.002619392;0.002477056;0.001731584;0.0019886079999999998;0.0017623040000000001;0.0009748480000000001;0.000909312;0.0007249919999999999;0.0006574080000000001;0.000937984;0.000827392;0.0006993920000000001;0.000475136;0.000451584;0.000493568;0.00046489599999999996;0.000344064;0.000323584;0.000360448;0.000351232;0.00032768;0.000269312;0.00026623999999999994;0.00020377600000000002;0.000190464;0.000157696;0.00014643200000000002;8.704000000000001e-05;0.000113664;0.000118784;0.000114688;9.932800000000001e-05;0.000136192;0.00015872;0.00013824;0.00010752000000000001;0.000137216;0.00014643200000000002;0.000130048;0.000160768;0.00015564799999999998;0.000113664;8.704000000000001e-05;5.632e-05;6.655999999999999e-05;5.1200000000000004e-05;7.372800000000001e-05;9.932800000000001e-05;0.000118784;0.000130048;0.00011776000000000001;0.000108544;9.216000000000001e-05;0.000144384
1791522900,hdr,0.0293;0.03906;0.04883;0.05859;0.06836;0.07813;0.08789;0.09766;0.10742;0.11719;0.12695;0.13672;0.14648;0.15625;0.16602;0.17578;0.18555;0.19531;0.20508;0.21484;0.22461;0.23438;0.24414;0.25391;0.26367;0.27344;0.2832;0.29297;0.30273;0.3125;0.32227;0.33203;0.3418;0.35156;0.36133;0.37109;0.38086;0.39063;0.40039;0.41016;0.41992;0.42969;0.43945;0.44922;0.45898;0.46875;0.47852;0.48828;0.49805;0.50781;0.51758;0.52734;0.53711;0.54688;0.55664;0.56641;0.57617;0.58594;0.5957;0.60547;0.61523;0.625;0.63477;0.64453;0.6543;0.66406;0.67383;0.68359;0.69336;0.70313;0.71289;0.72266;0.73242;0.74219;0.75195;0.76172;0.77148;0.78125;0.79102,0.015720447999999998;0.023238656;0.015618048;0.005303295999999999;0.013797376;0.0062904319999999994;0.0040765440000000005;0.005623808;0.006351872000000001;0.00531456;0.004127744;0.009670656;0.009699328;0.014150656;0.012601343999999999;0.008079359999999999;0.0077639679999999996;0.008658944;0.008381439999999999;0.011440127999999999;0.011557888;0.008332288;0.005085184;0.00382464;0.002118656;0.001854464;0.002076672;0.0016179200000000001;0.0009041920000000001;0.001395712;0.0009594880000000001;0.0007925759999999999;0.000635904;0.000649216;0.000400384;0.0006123519999999999;0.000638976;0.00067072;0.000661504;0.000385024;0.000314368;0.000264192;0.00019865600000000002;0.00032768;0.00043008000000000006;0.00033484799999999995;0.000130048;0.00015872;0.000224256;0.000197632;0.000164864;0.00016896;0.000137216;0.000191488;0.000167936;0.000144384;0.000178176;0.00015564799999999998;0.000116736;0.00010649599999999999;0.000159744;0.000264192;0.00028774400000000004;0.00022016;0.000233472;0.000335872;0.000531456;0.000329728;0.0005724160000000001;0.000758784;0.00073216;0.0008704;0.0006000640000000001;0.0011151359999999999;0.000918528;0.0019169279999999998;0.002465792;0.00111104;0.000979968
1791523800,hdr,0.0293;0.03906;0.04883;0.05859;0.06836;0.07813;0.08789;0.09766;0.10742;0.11719;0.12695;0.13672;0.14648;0.15625;0.16602;0.17578;0.18555;0.19531;0.20508;0.21484;0.22461;0.23438;0.24414;0.25391;0.26367;0.27344;0.2832;0.29297;0.30273;0.3125;0.32227;0.33203;0.3418;0.35156;0.36133;0.37109;0.38086;0.39063;0.40039;0.41016;0.41992;0.42969;0.43945;0.44922;0.45898;0.46875;0.47852;0.48828;0.49805;0.50781;0.51758;0.52734;0.53711;0.54688;0.55664;0.56641;0.57617;0.58594;0.5957;0.60547;0.61523;0.625;0.63477;0.64453;0.6543;0.66406;0.67383;0.68359;0.69336;0.70313;0.71289;0.72266;0.73242;0.74219;0.75195;0.76172;0.77148;0.78125;0.79102,0.004279296;0.009213952000000001;0.0061808639999999995;0.0031088640000000002;0.0057948159999999995;0.002494464;0.0018216959999999998;0.004239359999999999;0.003674112;0.003183616;0.005471232;0.01035264;0.011833344;0.011368448;0.011829247999999999;0.011206656;0.010277888;0.008609792000000002;0.007738368000000001;0.006814720000000001;0.004376576;0.003084288;0.00422912;0.0026705920000000003;0.001787904;0.0015452159999999999;0.0012748800000000002;0.001234944;0.001201152;0.0011489279999999998;0.001067008;0.000868352;0.0007219199999999999;0.000736256;0.000442368;0.00030003200000000004;0.000421888;0.00037478399999999997;0.000423936;0.000289792;0.00016384;0.00016896;0.00036249599999999997;0.000259072;0.000320512;0.000233472;9.5232e-05;0.00017100799999999997;0.000183296;0.000142336;0.000120832;8.6016e-05;0.000118784;0.000173056;0.00017100799999999997;0.000156672;0.00014950399999999998;0.000162816;0.00022323200000000002;0.00018432000000000002;0.000205824;0.000357376;0.000772096;0.0007423999999999999;0.0007946240000000001;0.000628736;0.0008069119999999999;0.001364992;0.002299904;0.001770496;0.001983488;0.003457024;0.0031569919999999995;0.002564096;0.0022015999999999997;0.0029009920000000002;0.004317184;0.003129344;0.002048
1791524700,hdr,0.0293;0.03906;0.04883;0.05859;0.06836;0.07813;0.08789;0.09766;0.10742;0.11719;0.12695;0.13672;0.14648;0.15625;0.16602;0.17578;0.18555;0.19531;0.20508;0.21484;0.22461;0.23438;0.24414;0.25391;0.26367;0.27344;0.2832;0.29297;0.30273;0.3125;0.32227;0.33203;0.3418;0.35156;0.36133;0.37109;0.38086;0.39063;0.40039;0.41016;0.41992;0.42969;0.43945;0.44922;0.45898;0.46875;0.47852;0.48828;0.49805;0.50781;0.51758;0.52734;0.53711;0.54688;0.55664;0.56641;0.57617;0.58594;0.5957;0.60547;0.61523;0.625;0.63477;0.64453;0.6543;0.66406;0.67383;0.68359;0.69336;0.70313;0.71289;0.72266;0.73242;0.74219;0.75195;0.76172;0.77148;0.78125;0.79102,0.005030912;0.0058869759999999995;0.004645888;0.005106688;0.010810368;0.006883327999999999;0.002704384;0.003644416;0.004017152;0.003567616;0.004546560000000001;0.005868544;0.010118143999999999;0.014735360000000001;0.016657408;0.011361280000000001;0.008865792;0.007683072;0.005769216000000001;0.0051271680000000005;0.004315136;0.003723264;0.0035952639999999995;0.0034867200000000004;0.00253952;0.001283072;0.001079296;0.000893952;0.000751616;0.000772096;0.000601088;0.000688128;0.0005632;0.00035532799999999997;0.0003584;0.00029900799999999997;0.000320512;0.00035942400000000006;0.000222208;0.000264192;0.00011980799999999999;0.000227328;0.000268288;0.000277504;0.00020480000000000002;0.000134144;0.000113664;0.000191488;0.00024063999999999997;0.000116736;6.5536e-05;9.3184e-05;0.000120832;0.000142336;0.00014335999999999998;0.000118784;5.1200000000000004e-05;9.728e-05;9.932800000000001e-05;0.00011571199999999999;0.000193536;0.00018432000000000002;0.000251904;0.00017715200000000003;0.00012390399999999998;0.000196608;0.000461824;0.000565248;0.000395264;0.000620544;0.00072704;0.0016291839999999999;0.0023019520000000003;0.0022425599999999998;0.0018135039999999999;0.001957888;0.001990656;0.0026296320000000002;0.00374784
1791525600,hdr,0.0293;0.03906;0.04883;0.05859;0.06836;0.07813;0.08789;0.09766;0.10742;0.11719;0.12695;0.13672;0.14648;0.15625;0.16602;0.17578;0.18555;0.19531;0.20508;0.21484;0.22461;0.23438;0.24414;0.25391;0.26367;0.27344;0.2832;0.29297;0.30273;0.3125;0.32227;0.33203;0.3418;0.35156;0.36133;0.37109;0.38086;0.39063;0.40039;0.41016;0.41992;0.42969;0.43945;0.44922;0.45898;0.46875;0.47852;0.48828;0.49805;0.50781;0.51758;0.52734;0.53711;0.54688;0.55664;0.56641;0.57617;0.58594;0.5957;0.60547;0.61523;0.625;0.63477;0.64453;0.6543;0.66406;0.67383;0.68359;0.69336;0.70313;0.71289;0.72266;0.73242;0.74219;0.75195;0.76172;0.77148;0.78125;0.79102,0.005902336;0.004780032;0.00380416;0.006747136000000001;0.009273344;0.005439488;0.001975296;0.007620608;0.00867328;0.0054538239999999995;0.005637120000000001;0.008370176000000002;0.008810496000000001;0.006940672;0.0052224;0.004921344;0.006042624;0.006887424;0.005910528;0.0062627839999999995;0.003345408;0.0024801280000000003;0.0024494079999999997;0.002748416;0.005238784;0.008827904000000001;0.005965824;0.0042434560000000005;0.0013987840000000001;0.0028385280000000003;0.002029568;0.0049479680000000005;0.007999488;0.007386112;0.00514048;0.0038502399999999996;0.001872896;0.000917504;0.0008069119999999999;0.0005683200000000001;0.00043110399999999997;0.000388096;0.00048127999999999995;0.000550912;0.000289792;0.00027033600000000004;0.00047820800000000004;0.00046489599999999996;0.000335872;0.00019865600000000002;0.00018534400000000002;0.000190464;0.000376832;0.000256;0.00025088;0.000734208;0.000565248;0.00026521600000000003;0.000216064;0.00011776000000000001;0.000100352;0.00010649599999999999;0.000132096;8.9088e-05;0.00010752000000000001;0.00012185600000000001;0.000103424;0.000110592;0.00016691200000000002;0.000175104;0.000277504;0.00027033600000000004;0.000251904;0.000323584;0.000468992;0.000606208;0.0005857280000000001;0.00067072;0.00075264
1791526500,hdr,0.0293;0.03906;0.04883;0.05859;0.06836;0.07813;0.08789;0.09766;0.10742;0.11719;0.12695;0.13672;0.14648;0.15625;0.16602;0.17578;0.18555;0.19531;0.20508;0.21484;0.22461;0.23438;0.24414;0.25391;0.26367;0.27344;0.2832;0.29297;0.30273;0.3125;0.32227;0.33203;0.3418;0.35156;0.36133;0.37109;0.38086;0.39063;0.40039;0.41016;0.41992;0.42969;0.43945;0.44922;0.45898;0.46875;0.47852;0.48828;0.49805;0.50781;0.51758;0.52734;0.53711;0.54688;0.55664;0.56641;0.57617;0.58594;0.5957;0.60547;0.61523;0.625;0.63477;0.64453;0.6543;0.66406;0.67383;0.68359;0.69336;0.70313;0.71289;0.72266;0.73242;0.74219;0.75195;0.76172;0.77148;0.78125;0.79102,0.008943616;0.008923135999999998;0.008132608;0.005156864;0.00720896;0.00379392;0.002837504;0.006515712;0.005255168;0.002646016;0.0038860800000000005;0.006168576;0.010713088;0.014040063999999998;0.015251456;0.00784384;0.005766143999999999;0.005803008;0.005556224;0.0049602560000000006;0.0046868479999999995;0.004025343999999999;0.003241984;0.0025139200000000002;0.003695616;0.0031569919999999995;0.00277504;0.001634304;0.0009564160000000001;0.000796672;0.0006778880000000001;0.00047001599999999997;0.000351232;0.00036864000000000005;0.00043724800000000005;0.00034201599999999995;0.000283648;0.000339968;0.000314368;0.000249856;0.000191488;0.000226304;0.000288768;0.000251904;0.000175104;0.00011980799999999999;0.00013516800000000002;0.000183296;0.00013311999999999997;0.000151552;0.000164864;0.0001536;0.00018534400000000002;0.00020480000000000002;0.00015564799999999998;6.9632e-05;5.9392e-05;7.167999999999999e-05;7.782399999999999e-05;9.932800000000001e-05;0.000100352;9.113599999999999e-05;0.000132096;0.00014540800000000003;9.6256e-05;5.7344e-05;5.222399999999999e-05;8.4992e-05;0.00011161600000000001;0.000114688;0.00011776000000000001;9.728e-05;7.68e-05;9.6256e-05;0.000114688;9.3184e-05;0.000113664;0.000152576;0.000120832
1791527400,hdr,0.0293;0.03906;0.04883;0.05859;0.06836;0.07813;0.08789;0.09766;0.10742;0.11719;0.12695;0.13672;0.14648;0.15625;0.16602;0.17578;0.18555;0.19531;0.20508;0.21484;0.22461;0.23438;0.24414;0.25391;0.26367;0.27344;0.2832;0.29297;0.30273;0.3125;0.32227;0.33203;0.3418;0.35156;0.36133;0.37109;0.38086;0.39063;0.40039;0.41016;0.41992;0.42969;0.43945;0.44922;0.45898;0.46875;0.47852;0.48828;0.49805;0.50781;0.51758;0.52734;0.53711;0.54688;0.55664;0.56641;0.57617;0.58594;0.5957;0.60547;0.61523;0.625;0.63477;0.64453;0.6543;0.66406;0.67383;0.68359;0.69336;0.70313;0.71289;0.72266;0.73242;0.74219;0.75195;0.76172;0.77148;0.78125;0.79102,0.002291712;0.004595711999999999;0.0051302399999999995;0.003324928;0.007646208;0.006842368;0.003239936;0.004447232;0.0056002560000000005;0.00292864;0.0023408640000000002;0.005101568;0.009846783999999999;0.012797952000000001;0.008977408000000001;0.00830976;0.006331392;0.00597504;0.005450752;0.004334592;0.003134464;0.0021606399999999997;0.001338368;0.0025753599999999996;0.003305472;0.001503232;0.000800768;0.00101376;0.0010608640000000001;0.00073216;0.00037376;0.00044646400000000004;0.0005621760000000001;0.000457728;0.00036864000000000005;0.00029491200000000004;0.000382976;0.00021913599999999998;0.000205824;0.00022323200000000002;0.000200704;0.000128;0.000197632;0.000256;0.000108544;0.000134144;0.000141312;0.000114688;8.704000000000001e-05;0.000105472;7.782399999999999e-05;0.000129024;0.00014540800000000003;0.00013824;9.216000000000001e-05;7.372800000000001e-05;8.4992e-05;4.8128e-05;5.0176e-05;6.144000000000001e-05;7.270400000000001e-05;5.4272e-05;4.8128e-05;7.9872e-05;7.782399999999999e-05;6.9632e-05;6.3488e-05;5.3247999999999996e-05;5.1200000000000004e-05;4.6080000000000006e-05;6.2464e-05;5.8368e-05;3.4816e-05;4.4032e-05;5.1200000000000004e-05;3.6864000000000005e-05;6.655999999999999e-05;6.3488e-05;3.9936e-05
1791528300,hdr,0.0293;0.03906;0.04883;0.05859;0.06836;0.07813;0.08789;0.09766;0.10742;0.11719;0.12695;0.13672;0.14648;0.15625;0.16602;0.17578;0.18555;0.19531;0.20508;0.21484;0.22461;0.23438;0.24414;0.25391;0.26367;0.27344;0.2832;0.29297;0.30273;0.3125;0.32227;0.33203;0.3418;0.35156;0.36133;0.37109;0.38086;0.39063;0.40039;0.41016;0.41992;0.42969;0.43945;0.44922;0.45898;0.46875;0.47852;0.48828;0.49805;0.50781;0.51758;0.52734;0.53711;0.54688;0.55664;0.56641;0.57617;0.58594;0.5957;0.60547;0.61523;0.625;0.63477;0.64453;0.6543;0.66406;0.67383;0.68359;0.69336;0.70313;0.71289;0.72266;0.73242;0.74219;0.75195;0.76172;0.77148;0.78125;0.79102,0.0048363519999999995;0.005784576;0.007417856;0.0028692479999999996;0.003938304;0.00273408;0.0016097280000000002;0.0036505599999999997;0.004744192;0.005264384;0.005311488;0.004279296;0.008642559999999999;0.011141120000000001;0.012108800000000001;0.008651776;0.00485888;0.0028057599999999996;0.005269504000000001;0.004027391999999999;0.00230912;0.00182272;0.0016138239999999998;0.001579008;0.001659904;0.00137216;0.00176128;0.0013793280000000002;0.0008837120000000001;0.0006123519999999999;0.000955392;0.000623616;0.00037376;0.00028774400000000004;0.000224256;0.000218112;0.000284672;0.000278528;0.00024371200000000001;0.000259072;0.000278528;0.000218112;0.00016896;0.000190464;0.000172032;0.00014848;0.000176128;0.000165888;0.000172032;0.000116736;9.3184e-05;0.000103424;5.8368e-05;7.9872e-05;0.00011571199999999999;0.000105472;9.216000000000001e-05;6.758400000000001e-05;4.1984e-05;4.7104e-05;5.7344e-05;5.3247999999999996e-05;5.7344e-05;5.4272e-05;4.9152e-05;4.5056e-05;3.4816e-05;3.7888e-05;3.1744e-05;2.3552e-05;3.5839999999999996e-05;4.4032e-05;3.3792000000000004e-05;2.1504e-05;4.096e-05;4.6080000000000006e-05;2.8672e-05;4.4032e-05;5.9392e-05
1791529200,hdr,0.0293;0.03906;0.04883;0.05859;0.06836;0.07813;0.08789;0.09766;0.10742;0.11719;0.12695;0.13672;0.14648;0.15625;0.16602;0.17578;0.18555;0.19531;0.20508;0.21484;0.22461;0.23438;0.24414;0.25391;0.26367;0.27344;0.2832;0.29297;0.30273;0.3125;0.32227;0.33203;0.3418;0.35156;0.36133;0.37109;0.38086;0.39063;0.40039;0.41016;0.41992;0.42969;0.43945;0.44922;0.45898;0.46875;0.47852;0.48828;0.49805;0.50781;0.51758;0.52734;0.53711;0.54688;0.55664;0.56641;0.57617;0.58594;0.5957;0.60547;0.61523;0.625;0.63477;0.64453;0.6543;0.66406;0.67383;0.68359;0.69336;0.70313;0.71289;0.72266;0.73242;0.74219;0.75195;0.76172;0.77148;0.78125;0.79102,0.001376256;0.0047790079999999995;0.005538816;0.006160384;0.010046464;0.006032384;0.0023336960000000006;0.003279872;0.004007936;0.004692992;0.00441856;0.0045312;0.007028736;0.014688256000000002;0.010416128;0.006340607999999999;0.009970688;0.00681984;0.00522752;0.00549376;0.003485696;0.002655232;0.002577408;0.00203264;0.001603584;0.001504256;0.0014438399999999998;0.0009349119999999999;0.0008837120000000001;0.00109056;0.0008744960000000001;0.00047308800000000003;0.000459776;0.0005478400000000001;0.00048127999999999995;0.000529408;0.000535552;0.00034201599999999995;0.00032870400000000003;0.000288768;0.00019865600000000002;0.00022323200000000002;0.00021913599999999998;0.000222208;0.00015872;9.216000000000001e-05;0.000128;0.000130048;9.5232e-05;9.5232e-05;6.0416e-05;7.8848e-05;0.00010240000000000001;8.8064e-05;7.782399999999999e-05;0.000108544;9.8304e-05;7.0656e-05;4.8128e-05;6.4512e-05;5.4272e-05;5.5296e-05;7.8848e-05;8.4992e-05;6.4512e-05;6.144000000000001e-05;6.0416e-05;7.270400000000001e-05;7.372800000000001e-05;4.8128e-05;3.7888e-05;3.6864000000000005e-05;4.8128e-05;5.222399999999999e-05;5.222399999999999e-05;4.9152e-05;5.3247999999999996e-05;5.8368e-05;5.222399999999999e-05
1791530100,hdr,0.0293;0.03906;0.04883;0.05859;0.06836;0.07813;0.08789;0.09766;0.10742;0.11719;0.12695;0.13672;0.14648;0.15625;0.16602;0.17578;0.18555;0.19531;0.20508;0.21484;0.22461;0.23438;0.24414;0.25391;0.26367;0.27344;0.2832;0.29297;0.30273;0.3125;0.32227;0.33203;0.3418;0.35156;0.36133;0.37109;0.38086;0.39063;0.40039;0.41016;0.41992;0.42969;0.43945;0.44922;0.45898;0.46875;0.47852;0.48828;0.49805;0.50781;0.51758;0.52734;0.53711;0.54688;0.55664;0.56641;0.57617;0.58594;0.5957;0.60547;0.61523;0.625;0.63477;0.64453;0.6543;0.66406;0.67383;0.68359;0.69336;0.70313;0.71289;0.72266;0.73242;0.74219;0.75195;0.76172;0.77148;0.78125;0.79102,0.0030832639999999996;0.006057984000000001;0.007894016;0.001586176;0.002107392;0.0014336;0.0014192640000000002;0.00273408;0.0037836799999999998;0.003313664;0.0028692479999999996;0.003812352;0.008451072;0.011502592;0.010527744;0.008370176000000002;0.005497856;0.00516608;0.003917824;0.004931584;0.0036095999999999997;0.003666944;0.0018718720000000001;0.00165888;0.00200704;0.001989632;0.001333248;0.001344512;0.000995328;0.0012308479999999999;0.000937984;0.000606208;0.00042803200000000007;0.00036249599999999997;0.00039936;0.000401408;0.000339968;0.00025088;0.00020172799999999998;0.00020172799999999998;0.000216064;0.000258048;0.000192512;0.000224256;0.000210944;0.000132096;0.000162816;0.00019968;0.000206848;0.000173056;0.00014335999999999998;0.000105472;0.00011264;9.0112e-05;0.000113664;0.00011571199999999999;9.6256e-05;0.000132096;0.000142336;0.00010956799999999999;7.372800000000001e-05;4.4032e-05;7.167999999999999e-05;5.4272e-05;5.1200000000000004e-05;7.782399999999999e-05;6.9632e-05;5.7344e-05;5.4272e-05;5.3247999999999996e-05;7.0656e-05;6.9632e-05;4.9152e-05;4.7104e-05;5.632e-05;7.9872e-05;5.632e-05;9.216000000000001e-05;0.000110592
1791531000,hdr,0.0293;0.03906;0.04883;0.05859;0.06836;0.07813;0.08789;0.09766;0.10742;0.11719;0.12695;0.13672;0.14648;0.15625;0.16602;0.17578;0.18555;0.19531;0.20508;0.21484;0.22461;0.23438;0.24414;0.25391;0.26367;0.27344;0.2832;0.29297;0.30273;0.3125;0.32227;0.33203;0.3418;0.35156;0.36133;0.37109;0.38086;0.39063;0.40039;0.41016;0.41992;0.42969;0.43945;0.44922;0.45898;0.46875;0.47852;0.48828;0.49805;0.50781;0.51758;0.52734;0.53711;0.54688;0.55664;0.56641;0.57617;0.58594;0.5957;0.60547;0.61523;0.625;0.63477;0.64453;0.6543;0.66406;0.67383;0.68359;0.69336;0.70313;0.71289;0.72266;0.73242;0.74219;0.75195;0.76172;0.77148;0.78125;0.79102,0.002123776;0.001928192;0.002468864;0.005832703999999999;0.009395200000000001;0.000390144;3.1744e-05;0.002051072;0.0037693439999999996;0.005387264;0.00252416;0.003667968;0.0055930879999999995;0.006549504;0.0050749440000000005;0.0045772799999999995;0.005592063999999999;0.006656;0.005286912;0.005019648;0.00424448;0.004025343999999999;0.00272896;0.0012605440000000002;0.000636928;0.0010762240000000002;0.0013690880000000003;0.001176576;0.001055744;0.000648192;0.000626688;0.000520192;0.00042598399999999997;0.000524288;0.00048127999999999995;0.00047718399999999996;0.000458752;0.00034201599999999995;0.000385024;0.00036249599999999997;0.00019865600000000002;0.000190464;0.000207872;0.000228352;0.000330752;0.000210944;0.00020275199999999997;0.000251904;0.00020889599999999997;0.000151552;0.000161792;0.000124928;0.000140288;0.000151552;0.00014335999999999998;0.000169984;0.000227328;0.000200704;0.000100352;6.758400000000001e-05;0.000103424;0.00014335999999999998;7.475199999999999e-05;8.4992e-05;0.00014540800000000003;8.192e-05;8.8064e-05;7.270400000000001e-05;6.8608e-05;8.192e-05;9.113599999999999e-05;6.0416e-05;3.7888e-05;6.5536e-05;0.00013311999999999997;0.000152576;0.00012390399999999998;0.00017408000000000001;0.00014950399999999998
1791531900,hdr,0.0293;0.03906;0.04883;0.05859;0.06836;0.07813;0.08789;0.09766;0.10742;0.11719;0.12695;0.13672;0.14648;0.15625;0.16602;0.17578;0.18555;0.19531;0.20508;0.21484;0.22461;0.23438;0.24414;0.25391;0.26367;0.27344;0.2832;0.29297;0.30273;0.3125;0.32227;0.33203;0.3418;0.35156;0.36133;0.37109;0.38086;0.39063;0.40039;0.41016;0.41992;0.42969;0.43945;0.44922;0.45898;0.46875;0.47852;0.48828;0.49805;0.50781;0.51758;0.52734;0.53711;0.54688;0.55664;0.56641;0.57617;0.58594;0.5957;0.60547;0.61523;0.625;0.63477;0.64453;0.6543;0.66406;0.67383;0.68359;0.69336;0.70313;0.71289;0.72266;0.73242;0.74219;0.75195;0.76172;0.77148;0.78125;0.79102,0.0027381760000000006;0.004738048;0.0025384959999999995;0.003670016;0.00557568;0.003629056;0.00167424;0.003152896;0.00872448;0.006018048000000001;0.003460096;0.004048896000000001;0.008070144000000001;0.011941888000000001;0.009967616;0.007170048000000001;0.005932032;0.006412288;0.005158912;0.003620864;0.002919424;0.003145728;0.00242176;0.0017889280000000002;0.00133632;0.000891904;0.001384448;0.001605632;0.000714752;0.000626688;0.00077824;0.000652288;0.000526336;0.000513024;0.00048639999999999995;0.00046489599999999996;0.000421888;0.000384;0.00030617599999999996;0.000216064;0.00020889599999999997;0.00025497599999999997;0.000241664;0.000159744;0.0001792;0.00018739199999999998;0.000114688;0.000159744;0.00010752000000000001;7.68e-05;0.00012390399999999998;0.000169984;0.00015462400000000002;0.000157696;0.00020889599999999997;0.00018944;0.00013824;0.000161792;0.000120832;0.000116736;0.000116736;0.00013311999999999997;0.000139264;0.000128;9.113599999999999e-05;0.00012185600000000001;0.00011161600000000001;9.3184e-05;6.0416e-05;0.00013311999999999997;0.00023142399999999999;0.00030105599999999996;0.000207872;0.00015052799999999998;0.00015564799999999998;0.00019456;0.000315392;0.000263168;0.00028569600000000005
1791532800,hdr,0.0293;0.03906;0.04883;0.05859;0.06836;0.07813;0.08789;0.09766;0.10742;0.11719;0.12695;0.13672;0.14648;0.15625;0.16602;0.17578;0.18555;0.19531;0.20508;0.21484;0.22461;0.23438;0.24414;0.25391;0.26367;0.27344;0.2832;0.29297;0.30273;0.3125;0.32227;0.33203;0.3418;0.35156;0.36133;0.37109;0.38086;0.39063;0.40039;0.41016;0.41992;0.42969;0.43945;0.44922;0.45898;0.46875;0.47852;0.48828;0.49805;0.50781;0.51758;0.52734;0.53711;0.54688;0.55664;0.56641;0.57617;0.58594;0.5957;0.60547;0.61523;0.625;0.63477;0.64453;0.6543;0.66406;0.67383;0.68359;0.69336;0.70313;0.71289;0.72266;0.73242;0.74219;0.75195;0.76172;0.77148;0.78125;0.79102,0.0034908160000000003;0.00576512;0.0025139200000000002;0.002484224;0.003729408;0.002761728;0.001741824;0.003785728;0.005644288000000001;0.003562496;0.00323072;0.0024422399999999996;0.004551680000000001;0.00441856;0.0030914560000000002;0.007224319999999999;0.005221376;0.005481471999999999;0.00513536;0.006319104;0.004182015999999999;0.00214016;0.00203264;0.001752064;0.001717248;0.001107968;0.001292288;0.001537024;0.00131072;0.0009584639999999999;0.000648192;0.0010455039999999998;0.0009594880000000001;0.000434176;0.000439296;0.0005601279999999999;0.0006737919999999999;0.00039731200000000003;0.00019456;0.000256;0.00039936;0.00035942400000000006;0.00023244799999999998;0.000192512;0.000157696;0.00021299199999999998;0.000210944;0.00010956799999999999;0.00015462400000000002;0.000246784;0.000165888;0.000130048;9.728e-05;0.00011571199999999999;0.000126976;0.00014643200000000002;0.000136192;0.000139264;0.000108544;6.3488e-05;7.8848e-05;0.00010137599999999999;9.932800000000001e-05;5.9392e-05;8.0896e-05;7.475199999999999e-05;8.3968e-05;0.000100352;0.000108544;0.00013516800000000002;0.000124928;0.00018534400000000002;0.00021913599999999998;0.00034201599999999995;0.00050688;0.00036966399999999996;0.00040960000000000004;0.00046284799999999997;0.000453632
1791533700,hdr,0.0293;0.03906;0.04883;0.05859;0.06836;0.07813;0.08789;0.09766;0.10742;0.11719;0.12695;0.13672;0.14648;0.15625;0.16602;0.17578;0.18555;0.19531;0.20508;0.21484;0.22461;0.23438;0.24414;0.25391;0.26367;0.27344;0.2832;0.29297;0.30273;0.3125;0.32227;0.33203;0.3418;0.35156;0.36133;0.37109;0.38086;0.39063;0.40039;0.41016;0.41992;0.42969;0.43945;0.44922;0.45898;0.46875;0.47852;0.48828;0.49805;0.50781;0.51758;0.52734;0.53711;0.54688;0.55664;0.56641;0.57617;0.58594;0.5957;0.60547;0.61523;0.625;0.63477;0.64453;0.6543;0.66406;0.67383;0.68359;0.69336;0.70313;0.71289;0.72266;0.73242;0.74219;0.75195;0.76172;0.77148;0.78125;0.79102,0.008585216;0.00687616;0.006167552;0.007144447999999999;0.0034795520000000003;0.0031016959999999997;0.005237759999999999;0.006258688;0.009598976;0.010438656;0.0056176640000000005;0.0045312;0.0075448320000000004;0.006920192;0.00599552;0.00793088;0.011958271999999999;0.008440832;0.003546112;0.003744768;0.0028672;0.001854464;0.001524736;0.001700864;0.001839104;0.00128;0.000908288;0.001028096;0.0012113920000000002;0.0010373119999999999;0.0005980159999999999;0.0006819840000000001;0.00041062399999999995;0.0005089280000000001;0.000401408;0.00036966399999999996;0.000415744;0.0004986880000000001;0.000559104;0.00039628799999999996;0.00039936;0.000549888;0.00047718399999999996;0.00025497599999999997;0.00029081600000000006;0.00015462400000000002;0.00011980799999999999;0.000191488;0.00026521600000000003;0.000137216;0.000152576;0.00020377600000000002;0.00018124799999999998;0.000126976;7.8848e-05;0.00014950399999999998;0.00014848;0.000137216;0.00013516800000000002;0.00014643200000000002;0.00014848;0.000164864;0.000116736;0.00015564799999999998;0.000130048;0.00015462400000000002;0.000152576;0.000140288;0.00020992;0.000237568;0.000227328;0.00039731200000000003;0.000454656;0.00040550399999999994;0.000289792;0.00039731200000000003;0.0006021119999999999;0.000644096;0.000482304
1791534600,hdr,0.0293;0.03906;0.04883;0.05859;0.06836;0.07813;0.08789;0.09766;0.10742;0.11719;0.12695;0.13672;0.14648;0.15625;0.16602;0.17578;0.18555;0.19531;0.20508;0.21484;0.22461;0.23438;0.24414;0.25391;0.26367;0.27344;0.2832;0.29297;0.30273;0.3125;0.32227;0.33203;0.3418;0.35156;0.36133;0.37109;0.38086;0.39063;0.40039;0.41016;0.41992;0.42969;0.43945;0.44922;0.45898;0.46875;0.47852;0.48828;0.49805;0.50781;0.51758;0.52734;0.53711;0.54688;0.55664;0.56641;0.57617;0.58594;0.5957;0.60547;0.61523;0.625;0.63477;0.64453;0.6543;0.66406;0.67383;0.68359;0.69336;0.70313;0.71289;0.72266;0.73242;0.74219;0.75195;0.76172;0.77148;0.78125;0.79102,0.002850816;0.005347328;0.003272704;0.0038492160000000004;0.007696384;0.004282368000000001;0.001944576;0.004389888;0.00867328;0.009572352000000001;0.005310464;0.004573184;0.006774784000000001;0.006685696;0.004562943999999999;0.007824384;0.0067205120000000005;0.006585344;0.0031856640000000004;0.003411968;0.0037836799999999998;0.002528256;0.0014632959999999998;0.000812032;0.0012113920000000002;0.00118784;0.000672768;0.000881664;0.000714752;0.000649216;0.00034201599999999995;0.000323584;0.000326656;0.000400384;0.00040243200000000004;0.000672768;0.000643072;0.000283648;0.00019456;0.00027033600000000004;0.00028671999999999997;0.00023040000000000002;0.000256;0.000253952;0.00034201599999999995;0.00039423999999999997;0.000241664;0.000186368;0.00014848;0.000229376;0.000210944;0.00022016;0.00015872;0.00010240000000000001;0.000108544;0.00012390399999999998;0.00011980799999999999;0.0001536;0.000172032;0.00014848;7.372800000000001e-05;0.00010137599999999999;0.00014745600000000002;0.00015564799999999998;0.000137216;9.113599999999999e-05;0.000142336;0.000192512;0.000161792;0.00015872;0.000257024;0.000278528;0.00029286400000000005;0.00040550399999999994;0.00033689599999999994;0.000719872;0.000913408;0.000652288;0.000986112
1791535500,hdr,0.0293;0.03906;0.04883;0.05859;0.06836;0.07813;0.08789;0.09766;0.10742;0.11719;0.12695;0.13672;0.14648;0.15625;0.16602;0.17578;0.18555;0.19531;0.20508;0.21484;0.22461;0.23438;0.24414;0.25391;0.26367;0.27344;0.2832;0.29297;0.30273;0.3125;0.32227;0.33203;0.3418;0.35156;0.36133;0.37109;0.38086;0.39063;0.40039;0.41016;0.41992;0.42969;0.43945;0.44922;0.45898;0.46875;0.47852;0.48828;0.49805;0.50781;0.51758;0.52734;0.53711;0.54688;0.55664;0.56641;0.57617;0.58594;0.5957;0.60547;0.61523;0.625;0.63477;0.64453;0.6543;0.66406;0.67383;0.68359;0.69336;0.70313;0.71289;0.72266;0.73242;0.74219;0.75195;0.76172;0.77148;0.78125;0.79102,0.0020756480000000002;0.0012523519999999998;0.000224256;0.0023807999999999998;0.00676864;0.002902016;0.002373632;0.0035471359999999998;0.004914176;0.0057088;0.002905088;0.002276352;0.0042035200000000005;0.007218176;0.008873984;0.0044922880000000005;0.002997248;0.005584896;0.004558848;0.0023511039999999997;0.0015984640000000002;0.001088512;0.0017152;0.001902592;0.00141312;0.00098816;0.001061888;0.000633856;0.000499712;0.000841728;0.00097792;0.00067072;0.000352256;0.000313344;0.00033689599999999994;0.000384;0.00029491200000000004;0.00028671999999999997;0.00032256;0.00029388799999999996;0.00034201599999999995;0.00019865600000000002;0.00018534400000000002;0.00021299199999999998;0.00017408000000000001;0.000195584;0.00016896;0.000125952;0.000180224;0.000156672;0.00011161600000000001;7.9872e-05;9.5232e-05;0.000206848;0.000159744;8.704000000000001e-05;0.000161792;0.0001536;0.00018534400000000002;0.000120832;8.8064e-05;8.6016e-05;0.000124928;0.00015872;0.000164864;0.00014643200000000002;0.000144384;0.000288768;0.00029388799999999996;0.00046080000000000003;0.000519168;0.000518144;0.000638976;0.0007219199999999999;0.0010199039999999999;0.0010014719999999998;0.000512;0.000873472;0.001927168
1791536400,hdr,0.0293;0.03906;0.04883;0.05859;0.06836;0.07813;0.08789;0.09766;0.10742;0.11719;0.12695;0.13672;0.14648;0.15625;0.16602;0.17578;0.18555;0.19531;0.20508;0.21484;0.22461;0.23438;0.24414;0.25391;0.26367;0.27344;0.2832;0.29297;0.30273;0.3125;0.32227;0.33203;0.3418;0.35156;0.36133;0.37109;0.38086;0.39063;0.40039;0.41016;0.41992;0.42969;0.43945;0.44922;0.45898;0.46875;0.47852;0.48828;0.49805;0.50781;0.51758;0.52734;0.53711;0.54688;0.55664;0.56641;0.57617;0.58594;0.5957;0.60547;0.61523;0.625;0.63477;0.64453;0.6543;0.66406;0.67383;0.68359;0.69336;0.70313;0.71289;0.72266;0.73242;0.74219;0.75195;0.76172;0.77148;0.78125;0.79102,0.0030453760000000002;0.004890624;0.00627712;0.005721088;0.004317184;0.004287487999999999;0.003603456;0.004816895999999999;0.006091776000000001;0.00717312;0.004765696;0.00312832;0.004948991999999999;0.006176768;0.010236928;0.008341504000000001;0.00643072;0.005380095999999999;0.003195904;0.00239616;0.0016424959999999998;0.001273856;0.000857088;0.0009738240000000001;0.000868352;0.000964608;0.000529408;0.00043315199999999996;0.00044544;0.000504832;0.000525312;0.000561152;0.0006656;0.00055296;0.00036352;0.00032870400000000003;0.00046284799999999997;0.00043724800000000005;0.000400384;0.00025497599999999997;0.00025088;0.00023552000000000002;0.000211968;0.00013824;0.00016896;0.00012185600000000001;0.000105472;0.000142336;0.000160768;0.00010649599999999999;0.000124928;0.00010649599999999999;0.000124928;9.8304e-05;0.000140288;0.000191488;0.000110592;0.00010240000000000001;0.000160768;0.00014950399999999998;0.000131072;0.00014335999999999998;0.000195584;0.00020172799999999998;0.000252928;0.000360448;0.00026623999999999994;0.00036966399999999996;0.00050688;0.000452608;0.000441344;0.000662528;0.00088064;0.001248256;0.001271808;0.001030144;0.0014213119999999999;0.00145408;0.0017561599999999999
1791537300,hdr,0.0293;0.03906;0.04883;0.05859;0.06836;0.07813;0.08789;0.09766;0.10742;0.11719;0.12695;0.13672;0.14648;0.15625;0.16602;0.17578;0.18555;0.19531;0.20508;0.21484;0.22461;0.23438;0.24414;0.25391;0.26367;0.27344;0.2832;0.29297;0.30273;0.3125;0.32227;0.33203;0.3418;0.35156;0.36133;0.37109;0.38086;0.39063;0.40039;0.41016;0.41992;0.42969;0.43945;0.44922;0.45898;0.46875;0.47852;0.48828;0.49805;0.50781;0.51758;0.52734;0.53711;0.54688;0.55664;0.56641;0.57617;0.58594;0.5957;0.60547;0.61523;0.625;0.63477;0.64453;0.6543;0.66406;0.67383;0.68359;0.69336;0.70313;0.71289;0.72266;0.73242;0.74219;0.75195;0.76172;0.77148;0.78125;0.79102,0.00482816;0.005733376;0.004500479999999999;0.004026368;0.004931584;0.004682751999999999;0.002502656;0.004384768;0.010237952;0.014086144;0.005946368;0.0041512960000000005;0.006100992;0.0067532799999999995;0.006515712;0.008206336000000002;0.009837568;0.0053248;0.003549184;0.0022937599999999997;0.0023572479999999997;0.0020101119999999997;0.0011427840000000002;0.000771072;0.001297408;0.001293312;0.001186816;0.000881664;0.000651264;0.000636928;0.000534528;0.0004915200000000001;0.00044032;0.00041676800000000003;0.00057856;0.000386048;0.00037785600000000004;0.00040755200000000004;0.00024371200000000001;0.000323584;0.00029900799999999997;0.00025497599999999997;0.00020377600000000002;0.000172032;0.000131072;0.000162816;0.00016896;0.00015872;0.00014950399999999998;0.000130048;0.00012288000000000002;8.0896e-05;8.4992e-05;9.932800000000001e-05;0.000160768;8.6016e-05;0.000130048;0.00021913599999999998;0.00024371200000000001;0.000161792;0.00016691200000000002;0.000162816;0.00023244799999999998;0.000345088;0.00018227199999999998;0.00030924800000000003;0.000357376;0.000411648;0.00043724800000000005;0.0005847039999999999;0.0009256959999999999;0.001513472;0.002125824;0.0017192959999999997;0.001876992;0.001929216;0.0014376960000000002;0.002386944;0.00255488
1791538200,hdr,0.0293;0.03906;0.04883;0.05859;0.06836;0.07813;0.08789;0.09766;0.10742;0.11719;0.12695;0.13672;0.14648;0.15625;0.16602;0.17578;0.18555;0.19531;0.20508;0.21484;0.22461;0.23438;0.24414;0.25391;0.26367;0.27344;0.2832;0.29297;0.30273;0.3125;0.32227;0.33203;0.3418;0.35156;0.36133;0.37109;0.38086;0.39063;0.40039;0.41016;0.41992;0.42969;0.43945;0.44922;0.45898;0.46875;0.47852;0.48828;0.49805;0.50781;0.51758;0.52734;0.53711;0.54688;0.55664;0.56641;0.57617;0.58594;0.5957;0.60547;0.61523;0.625;0.63477;0.64453;0.6543;0.66406;0.67383;0.68359;0.69336;0.70313;0.71289;0.72266;0.73242;0.74219;0.75195;0.76172;0.77148;0.78125;0.79102,0.004633600000000001;0.006497279999999999;0.004913152;0.003948544;0.002927616;0.0019824639999999998;0.003293184;0.005071872000000001;0.0044974080000000005;0.006646784;0.007085055999999999;0.003024896;0.006992895999999999;0.0068976639999999995;0.005848064;0.005139456;0.004620288;0.005305344;0.003493888;0.003484672;0.002458624;0.001557504;0.0012042239999999998;0.0007925759999999999;0.00082944;0.000569344;0.0006082559999999999;0.000932864;0.00072704;0.00046796800000000003;0.000351232;0.000671744;0.0006225919999999999;0.000305152;0.00020992;0.00029081600000000006;0.000227328;0.000228352;0.000234496;0.00037888;0.00025088;0.0001536;0.00012288000000000002;0.000175104;0.000130048;0.00014848;0.00018944;0.000335872;0.000228352;0.00015052799999999998;0.00017100799999999997;0.000137216;0.00010956799999999999;0.00010137599999999999;0.00013311999999999997;0.000164864;0.000110592;0.000137216;0.000183296;0.00013516800000000002;0.000139264;0.00024371200000000001;0.000289792;0.000277504;0.000303104;0.00041062399999999995;0.00052224;0.000671744;0.000637952;0.00108544;0.001184768;0.00104448;0.0013209599999999997;0.002056192;0.002961408;0.003008512;0.003279872;0.002312192;0.0025497600000000003
1791539100,hdr,0.0293;0.03906;0.04883;0.05859;0.06836;0.07813;0.08789;0.09766;0.10742;0.11719;0.12695;0.13672;0.14648;0.15625;0.16602;0.17578;0.18555;0.19531;0.20508;0.21484;0.22461;0.23438;0.24414;0.25391;0.26367;0.27344;0.2832;0.29297;0.30273;0.3125;0.32227;0.33203;0.3418;0.35156;0.36133;0.37109;0.38086;0.39063;0.40039;0.41016;0.41992;0.42969;0.43945;0.44922;0.45898;0.46875;0.47852;0.48828;0.49805;0.50781;0.51758;0.52734;0.53711;0.54688;0.55664;0.56641;0.57617;0.58594;0.5957;0.60547;0.61523;0.625;0.63477;0.64453;0.6543;0.66406;0.67383;0.68359;0.69336;0.70313;0.71289;0.72266;0.73242;0.74219;0.75195;0.76172;0.77148;0.78125;0.79102,0.002159616;0.003004416;0.004354048;0.006780928;0.011845632;0.003237888;0.001659904;0.0036403200000000003;0.007246848;0.011571199999999999;0.008881152;0.00503296;0.004337664;0.00498176;0.005559295999999999;0.005131264;0.0057477119999999994;0.008694783999999999;0.004707328;0.003038208;0.0019527680000000001;0.001221632;0.001313792;0.001009664;0.000894976;0.000827392;0.000785408;0.0009625599999999999;0.00062976;0.00042496;0.00050176;0.000458752;0.000770048;0.000694272;0.0004352;0.000413696;0.00030617599999999996;0.000257024;0.00023654400000000002;0.00020172799999999998;0.00022016;0.000345088;0.000272384;0.000167936;0.00014643200000000002;0.00015462400000000002;0.000210944;0.000125952;0.00011161600000000001;0.00013824;0.000151552;0.000142336;0.000161792;0.0001536;0.000137216;0.000118784;0.000141312;0.0001536;0.000173056;0.000113664;0.00010649599999999999;0.00019968;0.000228352;0.00020480000000000002;0.000205824;0.000253952;0.000489472;0.000649216;0.000712704;0.0009472;0.0012247039999999999;0.001683456;0.001652736;0.001978368;0.0016384000000000001;0.002407424;0.004393983999999999;0.004281344;0.0028385280000000003
1791540000,hdr,0.0293;0.03906;0.04883;0.05859;0.06836;0.07813;0.08789;0.09766;0.10742;0.11719;0.12695;0.13672;0.14648;0.15625;0.16602;0.17578;0.18555;0.19531;0.20508;0.21484;0.22461;0.23438;0.24414;0.25391;0.26367;0.27344;0.2832;0.29297;0.30273;0.3125;0.32227;0.33203;0.3418;0.35156;0.36133;0.37109;0.38086;0.39063;0.40039;0.41016;0.41992;0.42969;0.43945;0.44922;0.45898;0.46875;0.47852;0.48828;0.49805;0.50781;0.51758;0.52734;0.53711;0.54688;0.55664;0.56641;0.57617;0.58594;0.5957;0.60547;0.61523;0.625;0.63477;0.64453;0.6543;0.66406;0.67383;0.68359;0.69336;0.70313;0.71289;0.72266;0.73242;0.74219;0.75195;0.76172;0.77148;0.78125;0.79102,0.0056801279999999996;0.011347967999999998;0.011227136;0.007112704;0.004783103999999999;0.004304896000000001;0.004662272;0.007166975999999999;0.008377344;0.009594879999999998;0.006102016;0.00377344;0.006181888;0.0060385280000000005;0.0052541440000000005;0.00530944;0.00360448;0.0040192;0.00246272;0.001490944;0.001373184;0.001805312;0.001352704;0.0009318400000000001;0.000898048;0.0009758719999999999;0.0009216000000000001;0.0008704;0.0006277120000000001;0.0006789119999999999;0.0005898240000000001;0.000557056;0.0006184960000000001;0.0006041600000000001;0.000601088;0.000625664;0.000461824;0.00030924800000000003;0.000386048;0.000376832;0.00036864000000000005;0.000313344;0.000169984;0.00018432000000000002;0.000217088;0.000173056;0.00020275199999999997;0.000193536;0.000156672;0.000130048;0.00020480000000000002;0.000200704;0.000132096;8.192e-05;0.000120832;0.00010137599999999999;0.000134144;0.000217088;0.000183296;0.00013311999999999997;0.000164864;0.00020377600000000002;0.00023142399999999999;0.000313344;0.000314368;0.00034099200000000003;0.000449536;0.0005857280000000001;0.000516096;0.0007219199999999999;0.0013660159999999998;0.0009738240000000001;0.001466368;0.0017336320000000001;0.001969152;0.0027975680000000003;0.00239616;0.00230912;0.00274944
1791540900,hdr,0.0293;0.03906;0.04883;0.05859;0.06836;0.07813;0.08789;0.09766;0.10742;0.11719;0.12695;0.13672;0.14648;0.15625;0.16602;0.17578;0.18555;0.19531;0.20508;0.21484;0.22461;0.23438;0.24414;0.25391;0.26367;0.27344;0.2832;0.29297;0.30273;0.3125;0.32227;0.33203;0.3418;0.35156;0.36133;0.37109;0.38086;0.39063;0.40039;0.41016;0.41992;0.42969;0.43945;0.44922;0.45898;0.46875;0.47852;0.48828;0.49805;0.50781;0.51758;0.52734;0.53711;0.54688;0.55664;0.56641;0.57617;0.58594;0.5957;0.60547;0.61523;0.625;0.63477;0.64453;0.6543;0.66406;0.67383;0.68359;0.69336;0.70313;0.71289;0.72266;0.73242;0.74219;0.75195;0.76172;0.77148;0.78125;0.79102,0.004489216;0.006519808;0.008477696;0.008022016;0.011133952;0.00334848;0.0019087359999999999;0.0035205120000000004;0.006147071999999999;0.010322943999999999;0.008650752000000001;0.006380544000000001;0.004516864;0.00473088;0.004979712000000001;0.005026816;0.005239808;0.003827712;0.003591168;0.0024709120000000005;0.001645568;0.001009664;0.0009768959999999999;0.0008366080000000001;0.0009431040000000001;0.0010086399999999999;0.0010752000000000001;0.000978944;0.0008048640000000001;0.00064512;0.00041984;0.00036454399999999996;0.00039219200000000003;0.000376832;0.000365568;0.000408576;0.000267264;0.00026623999999999994;0.000272384;0.00018534400000000002;0.000141312;0.000114688;0.000180224;0.000210944;0.00019968;0.000229376;0.00022528;0.0001792;0.00029798400000000005;0.000284672;0.000191488;0.000188416;0.00018124799999999998;0.000176128;0.000156672;0.000161792;0.000165888;0.00025088;0.000329728;0.000221184;0.000205824;0.000319488;0.000565248;0.0007946240000000001;0.000692224;0.000715776;0.00195584;0.002172928;0.0024381439999999997;0.0017131520000000001;0.0024391680000000002;0.00339968;0.0024883199999999996;0.0042956800000000005;0.00366592;0.003456;0.002847744;0.0026327039999999996;0.002307072
1791541800,hdr,0.0293;0.03906;0.04883;0.05859;0.06836;0.07813;0.08789;0.09766;0.10742;0.11719;0.12695;0.13672;0.14648;0.15625;0.16602;0.17578;0.18555;0.19531;0.20508;0.21484;0.22461;0.23438;0.24414;0.25391;0.26367;0.27344;0.2832;0.29297;0.30273;0.3125;0.32227;0.33203;0.3418;0.35156;0.36133;0.37109;0.38086;0.39063;0.40039;0.41016;0.41992;0.42969;0.43945;0.44922;0.45898;0.46875;0.47852;0.48828;0.49805;0.50781;0.51758;0.52734;0.53711;0.54688;0.55664;0.56641;0.57617;0.58594;0.5957;0.60547;0.61523;0.625;0.63477;0.64453;0.6543;0.66406;0.67383;0.68359;0.69336;0.70313;0.71289;0.72266;0.73242;0.74219;0.75195;0.76172;0.77148;0.78125;0.79102,0.003961856000000001;0.010735616;0.008415232;0.005968896;0.006232064000000001;0.005033984;0.003290112;0.003538944;0.004279296;0.006586368;0.007059456;0.004376576;0.0036608;0.00400896;0.005566464;0.006798336;0.005308416;0.003286016;0.003889152;0.002952192;0.0015267839999999998;0.001615872;0.0012247039999999999;0.000896;0.000888832;0.000978944;0.000596992;0.00070656;0.000596992;0.000330752;0.00035942400000000006;0.000526336;0.000461824;0.000466944;0.00035328;0.000418816;0.000503808;0.000447488;0.00024371200000000001;0.00036147200000000005;0.00031129599999999997;0.000264192;0.00023859199999999998;0.00022016;0.000211968;0.00017100799999999997;0.000224256;0.000283648;0.00022016;0.000196608;0.000222208;0.000211968;0.00023552000000000002;0.000228352;0.0003584;0.000447488;0.000241664;0.000444416;0.000605184;0.000769024;0.000986112;0.0012871680000000002;0.0010813440000000001;0.001015808;0.0011243520000000001;0.0017530879999999999;0.0028088320000000003;0.0037888;0.0036474880000000004;0.003662848;0.003070976;0.003478528;0.003798016;0.002929664;0.00396288;0.003386368;0.002111488;0.001284096;0.0013148160000000001
1791542700,hdr,0.0293;0.03906;0.04883;0.05859;0.06836;0.07813;0.08789;0.09766;0.10742;0.11719;0.12695;0.13672;0.14648;0.15625;0.16602;0.17578;0.18555;0.19531;0.20508;0.21484;0.22461;0.23438;0.24414;0.25391;0.26367;0.27344;0.2832;0.29297;0.30273;0.3125;0.32227;0.33203;0.3418;0.35156;0.36133;0.37109;0.38086;0.39063;0.40039;0.41016;0.41992;0.42969;0.43945;0.44922;0.45898;0.46875;0.47852;0.48828;0.49805;0.50781;0.51758;0.52734;0.53711;0.54688;0.55664;0.56641;0.57617;0.58594;0.5957;0.60547;0.61523;0.625;0.63477;0.64453;0.6543;0.66406;0.67383;0.68359;0.69336;0.70313;0.71289;0.72266;0.73242;0.74219;0.75195;0.76172;0.77148;0.78125;0.79102,0.00231936;0.006460416;0.007491584;0.005307392;0.002955264;0.0015063040000000002;0.002154496;0.0044052480000000005;0.004384768;0.005983232;0.003629056;0.003390464;0.004088832;0.002844672;0.0035368960000000003;0.005737472;0.009161728000000001;0.004905984;0.00209408;0.00266752;0.0018042879999999998;0.0015063040000000002;0.001472512;0.0014028799999999998;0.0013148160000000001;0.000985088;0.000569344;0.0005724160000000001;0.000636928;0.0005560319999999999;0.000492544;0.000499712;0.00043827199999999997;0.000192512;0.00023142399999999999;0.00035942400000000006;0.00022528;0.00035328;0.00030003200000000004;0.000248832;0.000288768;0.000308224;0.000192512;0.000226304;0.00024371200000000001;0.000196608;0.00029388799999999996;0.00026521600000000003;0.000205824;0.00028569600000000005;0.000186368;0.00023859199999999998;0.00027648;0.0001792;0.000229376;0.000447488;0.0007495679999999999;0.000561152;0.0005632;0.0005980159999999999;0.001256448;0.0015411200000000002;0.0013793280000000002;0.0024811519999999995;0.003329024;0.0024381439999999997;0.003332096;0.004762624;0.0055060479999999995;0.0031406079999999996;0.003510272;0.004961280000000001;0.0034959360000000003;0.0031477759999999997;0.0032133120000000003;0.0027402240000000003;0.0016138239999999998;0.001480704;0.0010086399999999999
1791543600,hdr,0.0293;0.03906;0.04883;0.05859;0.06836;0.07813;0.08789;0.09766;0.10742;0.11719;0.12695;0.13672;0.14648;0.15625;0.16602;0.17578;0.18555;0.19531;0.20508;0.21484;0.22461;0.23438;0.24414;0.25391;0.26367;0.27344;0.2832;0.29297;0.30273;0.3125;0.32227;0.33203;0.3418;0.35156;0.36133;0.37109;0.38086;0.39063;0.40039;0.41016;0.41992;0.42969;0.43945;0.44922;0.45898;0.46875;0.47852;0.48828;0.49805;0.50781;0.51758;0.52734;0.53711;0.54688;0.55664;0.56641;0.57617;0.58594;0.5957;0.60547;0.61523;0.625;0.63477;0.64453;0.6543;0.66406;0.67383;0.68359;0.69336;0.70313;0.71289;0.72266;0.73242;0.74219;0.75195;0.76172;0.77148;0.78125;0.79102,0.0014919679999999998;0.0026849280000000005;0.007088128000000001;0.007668736;0.003950592;0.0036505599999999997;0.002967552;0.003398656;0.0067358719999999995;0.007380992;0.010484736;0.006012928;0.004633600000000001;0.005805056;0.0039700479999999995;0.00331264;0.008387584;0.0049704960000000005;0.0022323200000000003;0.002147328;0.001887232;0.0010598399999999998;0.0009584639999999999;0.000750592;0.000654336;0.000674816;0.0005007359999999999;0.00036864000000000005;0.000325632;0.000442368;0.000492544;0.00051712;0.000388096;0.00026623999999999994;0.000268288;0.000320512;0.00030617599999999996;0.000253952;0.00047411199999999995;0.000468992;0.00039628799999999996;0.00037068800000000004;0.00046284799999999997;0.0005232639999999998;0.000385024;0.00018944;0.00020992;0.000256;0.00020377600000000002;0.000234496;0.000371712;0.00023859199999999998;0.00043008000000000006;0.000278528;0.000482304;0.000750592;0.00082432;0.001108992;0.001412096;0.001238016;0.0017623040000000001;0.002176;0.002835456;0.0029952000000000004;0.004578304;0.003040256;0.002566144;0.0034334720000000003;0.0034949119999999998;0.003319808;0.00485888;0.0056176640000000005;0.003969024;0.0036648960000000004;0.001282048;0.0014929920000000003;0.001711104;0.00125952;0.0014172160000000002
1791544500,hdr,0.0293;0.03906;0.04883;0.05859;0.06836;0.07813;0.08789;0.09766;0.10742;0.11719;0.12695;0.13672;0.14648;0.15625;0.16602;0.17578;0.18555;0.19531;0.20508;0.21484;0.22461;0.23438;0.24414;0.25391;0.26367;0.27344;0.2832;0.29297;0.30273;0.3125;0.32227;0.33203;0.3418;0.35156;0.36133;0.37109;0.38086;0.39063;0.40039;0.41016;0.41992;0.42969;0.43945;0.44922;0.45898;0.46875;0.47852;0.48828;0.49805;0.50781;0.51758;0.52734;0.53711;0.54688;0.55664;0.56641;0.57617;0.58594;0.5957;0.60547;0.61523;0.625;0.63477;0.64453;0.6543;0.66406;0.67383;0.68359;0.69336;0.70313;0.71289;0.72266;0.73242;0.74219;0.75195;0.76172;0.77148;0.78125;0.79102,0.005665791999999999;0.010745856;0.0070522879999999994;0.004810752;0.006413312;0.00252416;0.002440192;0.0024924160000000003;0.008689664000000001;0.011621376000000001;0.013144064;0.006972416;0.005561344;0.0069888;0.007384064;0.0078592;0.008684544;0.007177215999999999;0.004718592000000001;0.002803712;0.001348608;0.00100352;0.000674816;0.000823296;0.0008591359999999999;0.000927744;0.0007249919999999999;0.000550912;0.000553984;0.00062464;0.00047411199999999995;0.000531456;0.0006144;0.0007106559999999999;0.000605184;0.00042803200000000007;0.00047104000000000004;0.000447488;0.00047104000000000004;0.000611328;0.000536576;0.0004986880000000001;0.0005324799999999999;0.0006850560000000001;0.000671744;0.000441344;0.000388096;0.00031232;0.00029286400000000005;0.0004956159999999999;0.000277504;0.00021299199999999998;0.00018739199999999998;0.00029183999999999997;0.000538624;0.00039423999999999997;0.0005468159999999999;0.000535552;0.001442816;0.002651136;0.002412544;0.002033664;0.001662976;0.001790976;0.003026944;0.0040519679999999995;0.0033310719999999996;0.0043806719999999995;0.0036474880000000004;0.004321279999999999;0.004482048;0.004473856;0.00443392;0.004494335999999999;0.002131968;0.002282496;0.002031616;0.002070528;0.001108992
1791545400,hdr,0.0293;0.03906;0.04883;0.05859;0.06836;0.07813;0.08789;0.09766;0.10742;0.11719;0.12695;0.13672;0.14648;0.15625;0.16602;0.17578;0.18555;0.19531;0.20508;0.21484;0.22461;0.23438;0.24414;0.25391;0.26367;0.27344;0.2832;0.29297;0.30273;0.3125;0.32227;0.33203;0.3418;0.35156;0.36133;0.37109;0.38086;0.39063;0.40039;0.41016;0.41992;0.42969;0.43945;0.44922;0.45898;0.46875;0.47852;0.48828;0.49805;0.50781;0.51758;0.52734;0.53711;0.54688;0.55664;0.56641;0.57617;0.58594;0.5957;0.60547;0.61523;0.625;0.63477;0.64453;0.6543;0.66406;0.67383;0.68359;0.69336;0.70313;0.71289;0.72266;0.73242;0.74219;0.75195;0.76172;0.77148;0.78125;0.79102,0.00395264;0.010212352;0.011582464;0.005380095999999999;0.012878848;0.009450496;0.0048660479999999996;0.0042434560000000005;0.007358464;0.011129856;0.012243968000000001;0.007350272;0.010559487999999999;0.010260479999999999;0.010608639999999999;0.008607744;0.005256192;0.004089856;0.0037437440000000002;0.002566144;0.002291712;0.002009088;0.0013506560000000002;0.0011970559999999997;0.00141312;0.00133632;0.001145856;0.0007464960000000001;0.0008192000000000001;0.0007096320000000001;0.00054272;0.001042432;0.000520192;0.000512;0.000549888;0.000386048;0.000385024;0.000275456;0.00028569600000000005;0.00033382400000000003;0.000526336;0.00044646400000000004;0.00047718399999999996;0.000379904;0.000216064;0.000169984;0.000173056;0.000120832;0.000142336;0.00017100799999999997;0.000210944;0.000224256;0.000160768;0.00015872;0.000210944;0.000258048;0.000335872;0.00037785600000000004;0.000515072;0.0005416959999999999;0.000759808;0.00110592;0.00131072;0.001180672;0.001432576;0.0020592640000000003;0.0034795520000000003;0.002981888;0.0020633599999999998;0.002972672;0.00310784;0.0023408640000000002;0.003708928;0.003298304;0.002811904;0.002156544;0.0021913600000000003;0.0017561599999999999;0.001401856
1791546300,hdr,0.0293;0.03906;0.04883;0.05859;0.06836;0.07813;0.08789;0.09766;0.10742;0.11719;0.12695;0.13672;0.14648;0.15625;0.16602;0.17578;0.18555;0.19531;0.20508;0.21484;0.22461;0.23438;0.24414;0.25391;0.26367;0.27344;0.2832;0.29297;0.30273;0.3125;0.32227;0.33203;0.3418;0.35156;0.36133;0.37109;0.38086;0.39063;0.40039;0.41016;0.41992;0.42969;0.43945;0.44922;0.45898;0.46875;0.47852;0.48828;0.49805;0.50781;0.51758;0.52734;0.53711;0.54688;0.55664;0.56641;0.57617;0.58594;0.5957;0.60547;0.61523;0.625;0.63477;0.64453;0.6543;0.66406;0.67383;0.68359;0.69336;0.70313;0.71289;0.72266;0.73242;0.74219;0.75195;0.76172;0.77148;0.78125;0.79102,0.00187904;0.0046469120000000004;0.005578751999999999;0.0032194560000000003;0.004214784;0.0034744320000000004;0.0030781439999999997;0.006224896000000001;0.007735296;0.015890432;0.019620864000000002;0.010117119999999999;0.009434112000000001;0.009856;0.006159360000000001;0.004087808;0.003810304;0.00553984;0.0040642560000000005;0.0021667839999999997;0.0016220159999999998;0.0019937279999999997;0.002164736;0.0013752319999999999;0.0008663039999999999;0.0007229440000000001;0.00067072;0.0006850560000000001;0.000633856;0.000493568;0.00021913599999999998;0.000319488;0.00047308800000000003;0.000596992;0.000607232;0.000605184;0.0005918719999999999;0.000576512;0.00037376;0.000346112;0.00032256;0.000321536;0.000457728;0.000211968;0.00030208000000000004;0.000413696;0.00030003200000000004;0.000256;0.00019865600000000002;0.00027033600000000004;0.00021913599999999998;0.000165888;0.00024063999999999997;0.000227328;0.000157696;0.00015052799999999998;0.000275456;0.000326656;0.000347136;0.000346112;0.00033382400000000003;0.00032768;0.00047820800000000004;0.00082944;0.000908288;0.000843776;0.001132544;0.0015114240000000001;0.00274432;0.004047872;0.0027740160000000002;0.0031488;0.002692096;0.0032430080000000003;0.00410624;0.002868224;0.0020910079999999997;0.001944576;0.001232896
1791547200,hdr,0.0293;0.03906;0.04883;0.05859;0.06836;0.07813;0.08789;0.09766;0.10742;0.11719;0.12695;0.13672;0.14648;0.15625;0.16602;0.17578;0.18555;0.19531;0.20508;0.21484;0.22461;0.23438;0.24414;0.25391;0.26367;0.27344;0.2832;0.29297;0.30273;0.3125;0.32227;0.33203;0.3418;0.35156;0.36133;0.37109;0.38086;0.39063;0.40039;0.41016;0.41992;0.42969;0.43945;0.44922;0.45898;0.46875;0.47852;0.48828;0.49805;0.50781;0.51758;0.52734;0.53711;0.54688;0.55664;0.56641;0.57617;0.58594;0.5957;0.60547;0.61523;0.625;0.63477;0.64453;0.6543;0.66406;0.67383;0.68359;0.69336;0.70313;0.71289;0.72266;0.73242;0.74219;0.75195;0.76172;0.77148;0.78125;0.79102,0.00323072;0.0059269119999999995;0.006034432;0.003270656;0.004950016;0.005283839999999999;0.0025036800000000003;0.0071045119999999995;0.006622207999999999;0.007965696;0.009455616;0.007200768;0.009663488;0.011564031999999998;0.009761792;0.006167552;0.003212288;0.003922944;0.0044851199999999996;0.0025384959999999995;0.001396736;0.000900096;0.001077248;0.00129024;0.000878592;0.000641024;0.001077248;0.00119296;0.000823296;0.000831488;0.0005304320000000001;0.000360448;0.0004915200000000001;0.000671744;0.000641024;0.000390144;0.00034099200000000003;0.000432128;0.000515072;0.000754688;0.0009021439999999999;0.0009461760000000001;0.00044032;0.00031744;0.000448512;0.000388096;0.000303104;0.00021401600000000003;0.000259072;0.000237568;0.000216064;0.000233472;0.00027136;0.000376832;0.000313344;0.00030412799999999997;0.000303104;0.000289792;0.000335872;0.0005007359999999999;0.0007352319999999999;0.0012185600000000003;0.001426432;0.001302528;0.001441792;0.001990656;0.00231424;0.002614272;0.003054592;0.0022661120000000002;0.0019189760000000002;0.0026859519999999997;0.00291328;0.003521536;0.002562048;0.003365888;0.004802559999999999;0.003421184;0.00198144
1791548100,hdr,0.0293;0.03906;0.04883;0.05859;0.06836;0.07813;0.08789;0.09766;0.10742;0.11719;0.12695;0.13672;0.14648;0.15625;0.16602;0.17578;0.18555;0.19531;0.20508;0.21484;0.22461;0.23438;0.24414;0.25391;0.26367;0.27344;0.2832;0.29297;0.30273;0.3125;0.32227;0.33203;0.3418;0.35156;0.36133;0.37109;0.38086;0.39063;0.40039;0.41016;0.41992;0.42969;0.43945;0.44922;0.45898;0.46875;0.47852;0.48828;0.49805;0.50781;0.51758;0.52734;0.53711;0.54688;0.55664;0.56641;0.57617;0.58594;0.5957;0.60547;0.61523;0.625;0.63477;0.64453;0.6543;0.66406;0.67383;0.68359;0.69336;0.70313;0.71289;0.72266;0.73242;0.74219;0.75195;0.76172;0.77148;0.78125;0.79102,0.00257024;0.006413312;0.006970367999999999;0.005953536;0.003889152;0.002622464;0.00165376;0.00529408;0.010466303999999997;0.019060735999999998;0.016430080000000003;0.011506688;0.010952704000000002;0.012309504;0.011283456;0.010740736;0.010136576;0.004755456;0.00433664;0.0067583999999999995;0.004356095999999999;0.001405952;0.0012154879999999998;0.0012625919999999999;0.0009441279999999999;0.0006184960000000001;0.001307648;0.001227776;0.000879616;0.000878592;0.000668672;0.00034304;0.000536576;0.00036761599999999997;0.000538624;0.00046592000000000004;0.00036761599999999997;0.00022528;0.000284672;0.000351232;0.000284672;0.000195584;0.000210944;0.000335872;0.00025497599999999997;0.000275456;0.00029388799999999996;0.000242688;0.000218112;0.000316416;0.000320512;0.00031232;0.000259072;0.000190464;0.000210944;0.00025088;0.000315392;0.00028569600000000005;0.000256;0.00034304;0.000524288;0.001189888;0.00146432;0.002269184;0.00221184;0.0017397760000000002;0.0032133120000000003;0.003350528;0.004642816;0.0069027839999999995;0.0062627839999999995;0.004159487999999999;0.003874816;0.004327424;0.003979264;0.00319488;0.0045322240000000005;0.003813376;0.0030986240000000003
1791549000,hdr,0.0293;0.03906;0.04883;0.05859;0.06836;0.07813;0.08789;0.09766;0.10742;0.11719;0.12695;0.13672;0.14648;0.15625;0.16602;0.17578;0.18555;0.19531;0.20508;0.21484;0.22461;0.23438;0.24414;0.25391;0.26367;0.27344;0.2832;0.29297;0.30273;0.3125;0.32227;0.33203;0.3418;0.35156;0.36133;0.37109;0.38086;0.39063;0.40039;0.41016;0.41992;0.42969;0.43945;0.44922;0.45898;0.46875;0.47852;0.48828;0.49805;0.50781;0.51758;0.52734;0.53711;0.54688;0.55664;0.56641;0.57617;0.58594;0.5957;0.60547;0.61523;0.625;0.63477;0.64453;0.6543;0.66406;0.67383;0.68359;0.69336;0.70313;0.71289;0.72266;0.73242;0.74219;0.75195;0.76172;0.77148;0.78125;0.79102,0.0050155519999999995;0.0035952639999999995;0.007841792;0.006549504;0.004161536;0.001631232;0.002868224;0.005636096;0.005612544;0.008301567999999999;0.009314304;0.006859776;0.007866368;0.014667776;0.010846208000000001;0.006248447999999999;0.004471808;0.0040294400000000005;0.0026060799999999998;0.0030300159999999995;0.003549184;0.004919296;0.002161664;0.000826368;0.000579584;0.000720896;0.0011489279999999998;0.0014438399999999998;0.001056768;0.000621568;0.0008509440000000001;0.000714752;0.000625664;0.000536576;0.000303104;0.000229376;0.000323584;0.00034304;0.000191488;0.000217088;0.00027340799999999994;0.00024576000000000003;0.000259072;0.000180224;0.000169984;0.000167936;0.000246784;0.000244736;0.00020480000000000002;0.000329728;0.00032870400000000003;0.00033792;0.00033792;0.000350208;0.000421888;0.000594944;0.0006184960000000001;0.00029081600000000006;0.000769024;0.0014899199999999998;0.002030592;0.002825216;0.002673664;0.003345408;0.004548608;0.002962432;0.0043878400000000005;0.0048015359999999995;0.005562368000000001;0.007499776;0.005965824;0.004100095999999999;0.003162112;0.004167679999999999;0.0037427199999999997;0.002055168;0.0017643519999999998;0.002219008;0.0030822400000000004
1791549900,hdr,0.0293;0.03906;0.04883;0.05859;0.06836;0.07813;0.08789;0.09766;0.10742;0.11719;0.12695;0.13672;0.14648;0.15625;0.16602;0.17578;0.18555;0.19531;0.20508;0.21484;0.22461;0.23438;0.24414;0.25391;0.26367;0.27344;0.2832;0.29297;0.30273;0.3125;0.32227;0.33203;0.3418;0.35156;0.36133;0.37109;0.38086;0.39063;0.40039;0.41016;0.41992;0.42969;0.43945;0.44922;0.45898;0.46875;0.47852;0.48828;0.49805;0.50781;0.51758;0.52734;0.53711;0.54688;0.55664;0.56641;0.57617;0.58594;0.5957;0.60547;0.61523;0.625;0.63477;0.64453;0.6543;0.66406;0.67383;0.68359;0.69336;0.70313;0.71289;0.72266;0.73242;0.74219;0.75195;0.76172;0.77148;0.78125;0.79102,0.0020981759999999998;0.006614016;0.00961536;0.00606208;0.0066713599999999994;0.003478528;0.0039936;0.004322304;0.005449728;0.011760640000000001;0.019361792000000003;0.018670592;0.011400192000000002;0.007235584;0.008964096;0.01004032;0.005724160000000001;0.0045199360000000004;0.006411264;0.004451328;0.00311296;0.0017674240000000003;0.002040832;0.00205312;0.001359872;0.00123904;0.000843776;0.0007976959999999999;0.0009287680000000001;0.000714752;0.0006819840000000001;0.000610304;0.0006184960000000001;0.000644096;0.000468992;0.000580608;0.000529408;0.0005621760000000001;0.0005580800000000001;0.000324608;0.00027340799999999994;0.00024576000000000003;0.00031232;0.00039628799999999996;0.000447488;0.000346112;0.00026623999999999994;0.000357376;0.00033689599999999994;0.00030617599999999996;0.000387072;0.000452608;0.000401408;0.000475136;0.0007280640000000001;0.000646144;0.000827392;0.001447936;0.0015687680000000001;0.0013352960000000001;0.002046976;0.003703808;0.003868672;0.00516608;0.003279872;0.003325952;0.003920896;0.004456448;0.0038911999999999996;0.005625855999999999;0.003047424;0.003753984;0.004291584000000001;0.0025374720000000003;0.002168832;0.00283136;0.002592768;0.00217088;0.0017305600000000001
1791550800,hdr,0.0293;0.03906;0.04883;0.05859;0.06836;0.07813;0.08789;0.09766;0.10742;0.11719;0.12695;0.13672;0.14648;0.15625;0.16602;0.17578;0.18555;0.19531;0.20508;0.21484;0.22461;0.23438;0.24414;0.25391;0.26367;0.27344;0.2832;0.29297;0.30273;0.3125;0.32227;0.33203;0.3418;0.35156;0.36133;0.37109;0.38086;0.39063;0.40039;0.41016;0.41992;0.42969;0.43945;0.44922;0.45898;0.46875;0.47852;0.48828;0.49805;0.50781;0.51758;0.52734;0.53711;0.54688;0.55664;0.56641;0.57617;0.58594;0.5957;0.60547;0.61523;0.625;0.63477;0.64453;0.6543;0.66406;0.67383;0.68359;0.69336;0.70313;0.71289;0.72266;0.73242;0.74219;0.75195;0.76172;0.77148;0.78125;0.79102,0.003538944;0.006497279999999999;0.005141504;0.0030976;0.004224;0.00237568;0.001385472;0.00579584;0.011011072;0.013267968;0.011865088;0.01450496;0.014188543999999999;0.013252608;0.025857024;0.017798144000000002;0.006052864;0.003750912;0.00307712;0.002139136;0.001905664;0.002163712;0.001929216;0.00202752;0.0013199359999999999;0.000785408;0.000748544;0.0012871680000000002;0.0010803199999999998;0.000932864;0.0012369920000000001;0.0008519679999999999;0.000516096;0.00030412799999999997;0.0001792;0.000216064;0.00033689599999999994;0.00042803200000000007;0.00031129599999999997;0.000482304;0.000507904;0.000391168;0.000248832;0.000282624;0.000387072;0.00040550399999999994;0.000528384;0.000567296;0.00034816000000000003;0.000325632;0.000303104;0.00024576000000000003;0.000257024;0.000279552;0.00036864000000000005;0.000596992;0.000603136;0.000674816;0.0006123519999999999;0.000782336;0.00144896;0.0015892480000000001;0.0013148160000000001;0.0031354879999999996;0.005282816000000001;0.003918848;0.003678208;0.003269632;0.0031784960000000003;0.005301248000000001;0.006447104;0.0021862400000000003;0.002021376;0.003873792;0.0032266240000000004;0.0028620800000000004;0.00234496;0.00221184;0.002304
1791551700,hdr,0.0293;0.03906;0.04883;0.05859;0.06836;0.07813;0.08789;0.09766;0.10742;0.11719;0.12695;0.13672;0.14648;0.15625;0.16602;0.17578;0.18555;0.19531;0.20508;0.21484;0.22461;0.23438;0.24414;0.25391;0.26367;0.27344;0.2832;0.29297;0.30273;0.3125;0.32227;0.33203;0.3418;0.35156;0.36133;0.37109;0.38086;0.39063;0.40039;0.41016;0.41992;0.42969;0.43945;0.44922;0.45898;0.46875;0.47852;0.48828;0.49805;0.50781;0.51758;0.52734;0.53711;0.54688;0.55664;0.56641;0.57617;0.58594;0.5957;0.60547;0.61523;0.625;0.63477;0.64453;0.6543;0.66406;0.67383;0.68359;0.69336;0.70313;0.71289;0.72266;0.73242;0.74219;0.75195;0.76172;0.77148;0.78125;0.79102,0.0017182719999999999;0.0026480640000000003;0.002787328;0.005648384;0.007083008000000001;0.002550784;0.002076672;0.006131712;0.008556544;0.01564672;0.009342976000000001;0.013441024000000001;0.01220096;0.016178176000000002;0.015748096;0.013756415999999999;0.005433344;0.0028385280000000003;0.002717696;0.0019169279999999998;0.00159232;0.001096704;0.0011417600000000001;0.00232448;0.0026245120000000003;0.00204288;0.00124928;0.001101824;0.00096768;0.000989184;0.000910336;0.000436224;0.000411648;0.00036864000000000005;0.00047820800000000004;0.000550912;0.00072704;0.0005980159999999999;0.0006737919999999999;0.000553984;0.00051712;0.00039628799999999996;0.000605184;0.0005857280000000001;0.00037068800000000004;0.000349184;0.000237568;0.000234496;0.00036454399999999996;0.00034304;0.000222208;0.000252928;0.000344064;0.00037785600000000004;0.000427008;0.000580608;0.00040960000000000004;0.000791552;0.001308672;0.001343488;0.0013578239999999999;0.0017121280000000003;0.002149376;0.0035287039999999997;0.00492544;0.0046069760000000005;0.003605504;0.003291136;0.003273728;0.003678208;0.004800512000000001;0.004601856;0.005991424;0.003603456;0.0036976640000000002;0.005019648;0.004211712;0.0019527680000000001;0.001281024
1791552600,hdr,0.0293;0.03906;0.04883;0.05859;0.06836;0.07813;0.08789;0.09766;0.10742;0.11719;0.12695;0.13672;0.14648;0.15625;0.16602;0.17578;0.18555;0.19531;0.20508;0.21484;0.22461;0.23438;0.24414;0.25391;0.26367;0.27344;0.2832;0.29297;0.30273;0.3125;0.32227;0.33203;0.3418;0.35156;0.36133;0.37109;0.38086;0.39063;0.40039;0.41016;0.41992;0.42969;0.43945;0.44922;0.45898;0.46875;0.47852;0.48828;0.49805;0.50781;0.51758;0.52734;0.53711;0.54688;0.55664;0.56641;0.57617;0.58594;0.5957;0.60547;0.61523;0.625;0.63477;0.64453;0.6543;0.66406;0.67383;0.68359;0.69336;0.70313;0.71289;0.72266;0.73242;0.74219;0.75195;0.76172;0.77148;0.78125;0.79102,0.000826368;0.0021964800000000002;0.0028467199999999996;0.004797439999999999;0.008507391999999999;0.005768192;0.0037222400000000004;0.005466112;0.011326464;0.012867584000000001;0.011901951999999999;0.010622976;0.016449536;0.014725120000000001;0.0067205120000000005;0.004052992;0.00469504;0.004470783999999999;0.0027279360000000002;0.00172544;0.001318912;0.001659904;0.0012072959999999998;0.001420288;0.001058816;0.0009758719999999999;0.00272384;0.004560896;0.0037058559999999996;0.001490944;0.0009717759999999999;0.000867328;0.000439296;0.000310272;0.00023552000000000002;0.00036352;0.000456704;0.00046080000000000003;0.000401408;0.00027033600000000004;0.000263168;0.0003328;0.00030105599999999996;0.000242688;0.000228352;0.000279552;0.00030105599999999996;0.000330752;0.00023244799999999998;0.00027648;0.00032768;0.000371712;0.000503808;0.000918528;0.0013117439999999999;0.001765376;0.00211456;0.0029378560000000004;0.00289792;0.0028416;0.003661824;0.005495808;0.006601727999999999;0.0054538239999999995;0.006473728;0.007977984;0.007053312;0.005861376000000001;0.006119424;0.004805632000000001;0.004543488;0.003351552;0.00236032;0.0031334399999999995;0.004174848;0.003047424;0.0023500800000000005;0.0020398079999999997;0.0014172160000000002
1791553500,hdr,0.0293;0.03906;0.04883;0.05859;0.06836;0.07813;0.08789;0.09766;0.10742;0.11719;0.12695;0.13672;0.14648;0.15625;0.16602;0.17578;0.18555;0.19531;0.20508;0.21484;0.22461;0.23438;0.24414;0.25391;0.26367;0.27344;0.2832;0.29297;0.30273;0.3125;0.32227;0.33203;0.3418;0.35156;0.36133;0.37109;0.38086;0.39063;0.40039;0.41016;0.41992;0.42969;0.43945;0.44922;0.45898;0.46875;0.47852;0.48828;0.49805;0.50781;0.51758;0.52734;0.53711;0.54688;0.55664;0.56641;0.57617;0.58594;0.5957;0.60547;0.61523;0.625;0.63477;0.64453;0.6543;0.66406;0.67383;0.68359;0.69336;0.70313;0.71289;0.72266;0.73242;0.74219;0.75195;0.76172;0.77148;0.78125;0.79102,0.0047216639999999995;0.0030207999999999997;0.0030535679999999996;0.006409216;0.0042014719999999995;0.005367808;0.00316928;0.0029911039999999996;0.004164608;0.014394368000000001;0.014732288;0.009473024000000002;0.008059904;0.007945216;0.008974336;0.009004032;0.005378048;0.003350528;0.0027453439999999994;0.002226176;0.0017725439999999998;0.001225728;0.000776192;0.000937984;0.000795648;0.000719872;0.00099328;0.000900096;0.001395712;0.001071104;0.000922624;0.0007884799999999999;0.000613376;0.000387072;0.000218112;0.00022323200000000002;0.000347136;0.000423936;0.000393216;0.00047616000000000005;0.000526336;0.0005621760000000001;0.00034099200000000003;0.000263168;0.000366592;0.000400384;0.00037478399999999997;0.00043008000000000006;0.000559104;0.000656384;0.000743424;0.000992256;0.001217536;0.0014376960000000002;0.001529856;0.001792;0.0018411519999999998;0.002514944;0.004647936;0.00576512;0.006032384;0.005830656;0.008932352;0.007911424;0.0067553280000000005;0.006844416;0.006220799999999999;0.004122624;0.005803008;0.0037386240000000003;0.001876992;0.001641472;0.001861632;0.002269184;0.0024709120000000005;0.002318336;0.00193024;0.001927168;0.0022978559999999996
1791554400,hdr,0.0293;0.03906;0.04883;0.05859;0.06836;0.07813;0.08789;0.09766;0.10742;0.11719;0.12695;0.13672;0.14648;0.15625;0.16602;0.17578;0.18555;0.19531;0.20508;0.21484;0.22461;0.23438;0.24414;0.25391;0.26367;0.27344;0.2832;0.29297;0.30273;0.3125;0.32227;0.33203;0.3418;0.35156;0.36133;0.37109;0.38086;0.39063;0.40039;0.41016;0.41992;0.42969;0.43945;0.44922;0.45898;0.46875;0.47852;0.48828;0.49805;0.50781;0.51758;0.52734;0.53711;0.54688;0.55664;0.56641;0.57617;0.58594;0.5957;0.60547;0.61523;0.625;0.63477;0.64453;0.6543;0.66406;0.67383;0.68359;0.69336;0.70313;0.71289;0.72266;0.73242;0.74219;0.75195;0.76172;0.77148;0.78125;0.79102,0.009038848;0.027953152;0.017985536;0.007525375999999999;0.006836223999999999;0.002207744;0.001488896;0.0046049279999999995;0.005527552;0.011999232;0.013841408;0.016497664000000002;0.013529088;0.007448576;0.008102912;0.0055951360000000006;0.004556800000000001;0.004441088;0.004353024;0.004882432;0.002733056;0.0015779840000000002;0.00164864;0.0009584639999999999;0.000590848;0.0007423999999999999;0.001634304;0.001731584;0.001222656;0.00081408;0.000966656;0.001000448;0.0007137280000000001;0.0004884479999999999;0.00042496;0.00046592000000000004;0.0005836799999999999;0.000423936;0.00040960000000000004;0.00029183999999999997;0.000398336;0.000515072;0.000310272;0.00032256;0.000256;0.000284672;0.000320512;0.000303104;0.000279552;0.00033484799999999995;0.000308224;0.00033382400000000003;0.000387072;0.000346112;0.000385024;0.000468992;0.000305152;0.00029491200000000004;0.000439296;0.000714752;0.0010813440000000001;0.0009523200000000001;0.001306624;0.001746944;0.001588224;0.0020930559999999994;0.0022835200000000003;0.003391488;0.004171776000000001;0.00338432;0.0035246080000000003;0.0037632;0.0045875199999999994;0.004929536;0.003835904;0.0044851199999999996;0.003516416;0.001680384;0.001441792
1791555300,hdr,0.0293;0.03906;0.04883;0.05859;0.06836;0.07813;0.08789;0.09766;0.10742;0.11719;0.12695;0.13672;0.14648;0.15625;0.16602;0.17578;0.18555;0.19531;0.20508;0.21484;0.22461;0.23438;0.24414;0.25391;0.26367;0.27344;0.2832;0.29297;0.30273;0.3125;0.32227;0.33203;0.3418;0.35156;0.36133;0.37109;0.38086;0.39063;0.40039;0.41016;0.41992;0.42969;0.43945;0.44922;0.45898;0.46875;0.47852;0.48828;0.49805;0.50781;0.51758;0.52734;0.53711;0.54688;0.55664;0.56641;0.57617;0.58594;0.5957;0.60547;0.61523;0.625;0.63477;0.64453;0.6543;0.66406;0.67383;0.68359;0.69336;0.70313;0.71289;0.72266;0.73242;0.74219;0.75195;0.76172;0.77148;0.78125;0.79102,0.006946816;0.013355008;0.018251775999999997;0.01048064;0.006436864;0.005025792;0.002280448;0.005592063999999999;0.007618560000000001;0.013973504000000001;0.018310144;0.011628544;0.009783296;0.00763904;0.006361088;0.005318656;0.004494335999999999;0.0027893759999999997;0.002402304;0.001308672;0.001502208;0.001580032;0.0007393279999999999;0.001362944;0.00118272;0.0009748480000000001;0.00063488;0.00103936;0.000791552;0.0006912;0.000451584;0.00047206399999999996;0.000371712;0.00047206399999999996;0.0003328;0.00048742400000000003;0.000534528;0.000449536;0.0005560319999999999;0.00041472;0.000411648;0.000484352;0.000372736;0.00032768;0.000398336;0.00030105599999999996;0.00025497599999999997;0.00021913599999999998;0.000180224;0.00021401600000000003;0.00031744;0.00023552000000000002;0.0001792;0.00019968;0.00035942400000000006;0.00031129599999999997;0.00044032;0.000448512;0.00022528;0.0005734399999999999;0.001114112;0.001168384;0.001632256;0.001964032;0.001830912;0.0014581759999999998;0.00213504;0.003460096;0.003868672;0.004957184;0.006477823999999999;0.006303744;0.004897792000000001;0.004310016;0.005170175999999999;0.003303424;0.002907136;0.002630656;0.002115584
1791556200,hdr,0.0293;0.03906;0.04883;0.05859;0.06836;0.07813;0.08789;0.09766;0.10742;0.11719;0.12695;0.13672;0.14648;0.15625;0.16602;0.17578;0.18555;0.19531;0.20508;0.21484;0.22461;0.23438;0.24414;0.25391;0.26367;0.27344;0.2832;0.29297;0.30273;0.3125;0.32227;0.33203;0.3418;0.35156;0.36133;0.37109;0.38086;0.39063;0.40039;0.41016;0.41992;0.42969;0.43945;0.44922;0.45898;0.46875;0.47852;0.48828;0.49805;0.50781;0.51758;0.52734;0.53711;0.54688;0.55664;0.56641;0.57617;0.58594;0.5957;0.60547;0.61523;0.625;0.63477;0.64453;0.6543;0.66406;0.67383;0.68359;0.69336;0.70313;0.71289;0.72266;0.73242;0.74219;0.75195;0.76172;0.77148;0.78125;0.79102,0.002546688;0.005576704000000001;0.0069027839999999995;0.005582848;0.00724992;0.002665472;0.001599488;0.003172352;0.010529792000000001;0.016457727999999998;0.028008448000000002;0.01568256;0.00965632;0.012371968;0.012130304;0.0040448;0.002337792;0.0031395840000000004;0.0016291839999999999;0.002076672;0.0014448640000000001;0.001486848;0.002458624;0.0017674240000000003;0.001796096;0.001738752;0.001271808;0.0011007999999999999;0.000702464;0.000520192;0.00043315199999999996;0.00040243200000000004;0.00032256;0.000205824;0.00015462400000000002;0.000279552;0.00047820800000000004;0.000303104;0.000251904;0.000319488;0.000316416;0.00023142399999999999;0.00022323200000000002;0.000192512;0.00030617599999999996;0.00029798400000000005;0.000258048;0.000216064;0.000393216;0.000453632;0.000398336;0.00031744;0.00039936;0.00048742400000000003;0.000582656;0.0005324799999999999;0.000674816;0.0011120639999999998;0.001744896;0.001309696;0.0024084479999999997;0.003396608;0.00600064;0.00713216;0.0036577280000000003;0.006159360000000001;0.0058839040000000006;0.006199296;0.004734975999999999;0.0038860800000000005;0.002369536;0.0027136;0.003414016;0.0033331199999999997;0.001810432;0.001414144;0.002034688;0.002250752;0.0014991359999999999
1791557100,hdr,0.0293;0.03906;0.04883;0.05859;0.06836;0.07813;0.08789;0.09766;0.10742;0.11719;0.12695;0.13672;0.14648;0.15625;0.16602;0.17578;0.18555;0.19531;0.20508;0.21484;0.22461;0.23438;0.24414;0.25391;0.26367;0.27344;0.2832;0.29297;0.30273;0.3125;0.32227;0.33203;0.3418;0.35156;0.36133;0.37109;0.38086;0.39063;0.40039;0.41016;0.41992;0.42969;0.43945;0.44922;0.45898;0.46875;0.47852;0.48828;0.49805;0.50781;0.51758;0.52734;0.53711;0.54688;0.55664;0.56641;0.57617;0.58594;0.5957;0.60547;0.61523;0.625;0.63477;0.64453;0.6543;0.66406;0.67383;0.68359;0.69336;0.70313;0.71289;0.72266;0.73242;0.74219;0.75195;0.76172;0.77148;0.78125;0.79102,0.0109056;0.013180928;0.011344896;0.011428864000000002;0.010379264;0.005863424;0.006172672000000001;0.011570176;0.009298944000000002;0.013985791999999999;0.023688192;0.013861888000000001;0.00968192;0.010849280000000001;0.010718208;0.005203968;0.002432;0.002021376;0.002477056;0.00277504;0.00185344;0.002799616;0.0018360320000000002;0.000907264;0.001138688;0.001052672;0.0006952960000000001;0.001069056;0.000945152;0.0017326079999999998;0.00279552;0.00267264;0.001294336;0.0010127360000000002;0.0009758719999999999;0.0013475839999999998;0.0016404479999999999;0.0013946879999999998;0.000887808;0.000666624;0.000521216;0.000694272;0.00037888;0.000288768;0.000269312;0.00022016;0.00034816000000000003;0.000347136;0.00037478399999999997;0.000400384;0.000329728;0.000279552;0.000280576;0.00040960000000000004;0.00061952;0.0010475520000000002;0.00185856;0.0027361279999999996;0.0014233599999999998;0.001189888;0.002019328;0.00380416;0.003393536;0.003565568;0.0033884159999999996;0.0037847040000000003;0.007219199999999999;0.00918016;0.009949184000000002;0.0066959359999999996;0.0046049279999999995;0.004662272;0.004132864;0.0038266879999999995;0.00298496;0.002008064;0.0030904319999999997;0.002219008;0.00168448
1791558000,hdr,0.0293;0.03906;0.04883;0.05859;0.06836;0.07813;0.08789;0.09766;0.10742;0.11719;0.12695;0.13672;0.14648;0.15625;0.16602;0.17578;0.18555;0.19531;0.20508;0.21484;0.22461;0.23438;0.24414;0.25391;0.26367;0.27344;0.2832;0.29297;0.30273;0.3125;0.32227;0.33203;0.3418;0.35156;0.36133;0.37109;0.38086;0.39063;0.40039;0.41016;0.41992;0.42969;0.43945;0.44922;0.45898;0.46875;0.47852;0.48828;0.49805;0.50781;0.51758;0.52734;0.53711;0.54688;0.55664;0.56641;0.57617;0.58594;0.5957;0.60547;0.61523;0.625;0.63477;0.64453;0.6543;0.66406;0.67383;0.68359;0.69336;0.70313;0.71289;0.72266;0.73242;0.74219;0.75195;0.76172;0.77148;0.78125;0.79102,0.004922368;0.018842624;0.017125376;0.0059115520000000005;0.011262976000000001;0.007750656;0.003347456;0.004440064;0.007254015999999999;0.01816576;0.016622592000000002;0.007288832;0.009332736000000001;0.010279936;0.010381312;0.006955008;0.005075968;0.002761728;0.002514944;0.0022302719999999997;0.001440768;0.00208896;0.001779712;0.0021667839999999997;0.001866752;0.00067072;0.0007976959999999999;0.001181696;0.000761856;0.0012554240000000002;0.002173952;0.00123392;0.000987136;0.001058816;0.001084416;0.001992704;0.002398208;0.0016609279999999999;0.0013793280000000002;0.001524736;0.0009297919999999999;0.000529408;0.0006604799999999999;0.00052224;0.000529408;0.000453632;0.000628736;0.000626688;0.000483328;0.000439296;0.000623616;0.000768;0.000687104;0.0007219199999999999;0.000676864;0.001103872;0.002125824;0.002688;0.001958912;0.00331264;0.004464640000000001;0.005929984;0.005296128000000001;0.005293056;0.00906752;0.00789504;0.0075673599999999995;0.007258112;0.007032832;0.007224319999999999;0.00472064;0.004307968;0.003525632;0.0032460799999999997;0.0034826239999999997;0.002568192;0.0018964479999999998;0.002215936;0.001898496
1791558900,hdr,0.0293;0.03906;0.04883;0.05859;0.06836;0.07813;0.08789;0.09766;0.10742;0.11719;0.12695;0.13672;0.14648;0.15625;0.16602;0.17578;0.18555;0.19531;0.20508;0.21484;0.22461;0.23438;0.24414;0.25391;0.26367;0.27344;0.2832;0.29297;0.30273;0.3125;0.32227;0.33203;0.3418;0.35156;0.36133;0.37109;0.38086;0.39063;0.40039;0.41016;0.41992;0.42969;0.43945;0.44922;0.45898;0.46875;0.47852;0.48828;0.49805;0.50781;0.51758;0.52734;0.53711;0.54688;0.55664;0.56641;0.57617;0.58594;0.5957;0.60547;0.61523;0.625;0.63477;0.64453;0.6543;0.66406;0.67383;0.68359;0.69336;0.70313;0.71289;0.72266;0.73242;0.74219;0.75195;0.76172;0.77148;0.78125;0.79102,0.009528320000000002;0.009594879999999998;0.009784319999999999;0.011471872;0.007501824;0.008088576;0.008182784;0.009412608;0.01056256;0.00747008;0.01302528;0.01100288;0.009182207999999999;0.003617792;0.006793216;0.009106432000000001;0.009092096;0.003933184;0.002952192;0.0033791999999999997;0.002828288;0.002960384;0.002084864;0.001738752;0.001504256;0.001107968;0.00087552;0.0010455039999999998;0.0013199359999999999;0.0024391680000000002;0.0048486399999999995;0.005395456;0.00153088;0.000733184;0.0007925759999999999;0.0005560319999999999;0.00039423999999999997;0.00038912;0.00034099200000000003;0.000423936;0.00052224;0.001032192;0.00129024;0.0009216000000000001;0.0011427840000000002;0.000949248;0.000720896;0.000567296;0.00073216;0.00088064;0.0013148160000000001;0.0013004800000000001;0.000769024;0.000580608;0.0010803199999999998;0.001009664;0.001006592;0.001775616;0.002613248;0.0038430719999999995;0.00300544;0.0027105280000000002;0.003703808;0.005012480000000001;0.006913024;0.008057855999999999;0.007484416;0.007017471999999999;0.005910528;0.005665791999999999;0.0047810560000000005;0.004322304;0.005332992;0.0023470080000000003;0.0016906239999999997;0.002817024;0.002117632;0.0016220159999999998;0.001615872
1791559800,hdr,0.0293;0.03906;0.04883;0.05859;0.06836;0.07813;0.08789;0.09766;0.10742;0.11719;0.12695;0.13672;0.14648;0.15625;0.16602;0.17578;0.18555;0.19531;0.20508;0.21484;0.22461;0.23438;0.24414;0.25391;0.26367;0.27344;0.2832;0.29297;0.30273;0.3125;0.32227;0.33203;0.3418;0.35156;0.36133;0.37109;0.38086;0.39063;0.40039;0.41016;0.41992;0.42969;0.43945;0.44922;0.45898;0.46875;0.47852;0.48828;0.49805;0.50781;0.51758;0.52734;0.53711;0.54688;0.55664;0.56641;0.57617;0.58594;0.5957;0.60547;0.61523;0.625;0.63477;0.64453;0.6543;0.66406;0.67383;0.68359;0.69336;0.70313;0.71289;0.72266;0.73242;0.74219;0.75195;0.76172;0.77148;0.78125;0.79102,0.011971584;0.019625984;0.020516864000000003;0.006303744;0.010875904;0.009757696;0.007660544;0.010366975999999998;0.009782272000000002;0.008470528;0.011158528000000001;0.011375616;0.011241472;0.012755968;0.011307008;0.006576128;0.003311616;0.0028897280000000003;0.003212288;0.002676736;0.002033664;0.0014243840000000001;0.001676288;0.0021985280000000004;0.001176576;0.00072704;0.000807936;0.0008509440000000001;0.0008519679999999999;0.0005560319999999999;0.0005734399999999999;0.000613376;0.000635904;0.000898048;0.000700416;0.00101376;0.000736256;0.0007116799999999999;0.000453632;0.00033894400000000004;0.00045568;0.0005232639999999998;0.000884736;0.000406528;0.00037068800000000004;0.000447488;0.000536576;0.000371712;0.00034816000000000003;0.000490496;0.0005898240000000001;0.000633856;0.0006604799999999999;0.00068096;0.0009605120000000001;0.001507328;0.001153024;0.000968704;0.0021227520000000003;0.0020244480000000003;0.002807808;0.0037632;0.0053391359999999995;0.0075171840000000005;0.009504768;0.008634368;0.0073062399999999994;0.00468992;0.00562688;0.00512;0.004959232;0.006688768;0.005424127999999999;0.0037048320000000004;0.0033372160000000005;0.002879488;0.0017643519999999998;0.0021452800000000003;0.002386944
1791560700,hdr,0.0293;0.03906;0.04883;0.05859;0.06836;0.07813;0.08789;0.09766;0.10742;0.11719;0.12695;0.13672;0.14648;0.15625;0.16602;0.17578;0.18555;0.19531;0.20508;0.21484;0.22461;0.23438;0.24414;0.25391;0.26367;0.27344;0.2832;0.29297;0.30273;0.3125;0.32227;0.33203;0.3418;0.35156;0.36133;0.37109;0.38086;0.39063;0.40039;0.41016;0.41992;0.42969;0.43945;0.44922;0.45898;0.46875;0.47852;0.48828;0.49805;0.50781;0.51758;0.52734;0.53711;0.54688;0.55664;0.56641;0.57617;0.58594;0.5957;0.60547;0.61523;0.625;0.63477;0.64453;0.6543;0.66406;0.67383;0.68359;0.69336;0.70313;0.71289;0.72266;0.73242;0.74219;0.75195;0.76172;0.77148;0.78125;0.79102,0.007737344;0.007892992;0.0072560640000000004;0.006767616;0.005935104;0.0057047040000000005;0.005682176000000001;0.006043648;0.0061808639999999995;0.007672831999999999;0.014185472000000001;0.01417216;0.013688832;0.009404415999999999;0.006358016;0.007473152;0.004263936;0.002883584;0.0026449919999999997;0.002515968;0.00232448;0.0021329920000000002;0.002720768;0.002249728;0.00138752;0.00091136;0.0008867839999999999;0.001042432;0.000800768;0.000666624;0.00036147200000000005;0.000717824;0.0008519679999999999;0.0008929280000000001;0.00077312;0.000319488;0.00029388799999999996;0.00028774400000000004;0.00039936;0.000303104;0.00023961599999999998;0.000282624;0.00044032;0.000384;0.00029593599999999995;0.00027033600000000004;0.00032256;0.000579584;0.00059392;0.000432128;0.00029081600000000006;0.0005621760000000001;0.000884736;0.000932864;0.0013424640000000002;0.0016936960000000002;0.0023019520000000003;0.0029859840000000006;0.003375104;0.0033228800000000003;0.005906432;0.006725632;0.006665216000000001;0.005139456;0.00553472;0.007960576;0.008196096000000002;0.006432768;0.0071464960000000004;0.008342528;0.007735296;0.0061532159999999995;0.004062208;0.002527232;0.002147328;0.0024811519999999995;0.003323904;0.002197504;0.001779712
1791561600,hdr,0.0293;0.03906;0.04883;0.05859;0.06836;0.07813;0.08789;0.09766;0.10742;0.11719;0.12695;0.13672;0.14648;0.15625;0.16602;0.17578;0.18555;0.19531;0.20508;0.21484;0.22461;0.23438;0.24414;0.25391;0.26367;0.27344;0.2832;0.29297;0.30273;0.3125;0.32227;0.33203;0.3418;0.35156;0.36133;0.37109;0.38086;0.39063;0.40039;0.41016;0.41992;0.42969;0.43945;0.44922;0.45898;0.46875;0.47852;0.48828;0.49805;0.50781;0.51758;0.52734;0.53711;0.54688;0.55664;0.56641;0.57617;0.58594;0.5957;0.60547;0.61523;0.625;0.63477;0.64453;0.6543;0.66406;0.67383;0.68359;0.69336;0.70313;0.71289;0.72266;0.73242;0.74219;0.75195;0.76172;0.77148;0.78125;0.79102,0.012516352;0.021369856;0.013438976;0.009194496;0.012105728;0.011425791999999999;0.005755904;0.007703552000000001;0.005390335999999999;0.008899584;0.01298944;0.015763456;0.011583488;0.013321216;0.010192895999999998;0.004178944;0.00467968;0.003350528;0.00262656;0.0017561599999999999;0.0009912319999999999;0.001477632;0.001119232;0.001040384;0.0007188480000000001;0.000896;0.001440768;0.001114112;0.00067072;0.00054272;0.000582656;0.00093696;0.0007495679999999999;0.0005478400000000001;0.00072704;0.000616448;0.000518144;0.000528384;0.000263168;0.00036966399999999996;0.000346112;0.000413696;0.00033484799999999995;0.00021504000000000003;0.00017715200000000003;0.00019456;0.000229376;0.0004352;0.000275456;0.000345088;0.000366592;0.000539648;0.000688128;0.000507904;0.000702464;0.00116224;0.00159744;0.0023050239999999997;0.0021524480000000004;0.002939904;0.003771392;0.005884928000000001;0.007647232;0.006843392;0.006087679999999999;0.009610239999999999;0.007108608;0.007816192;0.00621056;0.0052172799999999995;0.005482496;0.0041164800000000005;0.0036311040000000004;0.003960832;0.0038307840000000003;0.00502272;0.004636672;0.003984384;0.003872768
