Epoch Time,Processing Source,f,varianceDensity
1789171200,hdr,0.0293;0.03906;0.04883;0.05859;0.06836;0.07813;0.08789;0.09766;0.10742;0.11719;0.12695;0.13672;0.14648;0.15625;0.16602;0.17578;0.18555;0.19531;0.20508;0.21484;0.22461;0.23438;0.24414;0.25391;0.26367;0.27344;0.2832;0.29297;0.30273;0.3125;0.32227;0.33203;0.3418;0.35156;0.36133;0.37109;0.38086;0.39063;0.40039;0.41016;0.41992;0.42969;0.43945;0.44922;0.45898;0.46875;0.47852;0.48828;0.49805;0.50781;0.51758;0.52734;0.53711;0.54688;0.55664;0.56641;0.57617;0.58594;0.5957;0.60547;0.61523;0.625;0.63477;0.64453;0.6543;0.66406;0.67383;0.68359;0.69336;0.70313;0.71289;0.72266;0.73242;0.74219;0.75195;0.76172;0.77148;0.78125;0.79102,0.006462464;0.007789568;0.007275520000000001;0.00410624;0.002531328;0.0038410239999999997;0.007866368;0.012494848;0.00927744;0.007174144;0.00801792;0.00991232;0.0069847039999999996;0.003955712;0.004637696;0.004874240000000001;0.006258688;0.005225472;0.003464192;0.002948096;0.0014796800000000001;0.00118784;0.00187904;0.002071552;0.0012288;0.00089088;0.0009441279999999999;0.0011366400000000002;0.000873472;0.00074752;0.000398336;0.00036761599999999997;0.000258048;0.00018124799999999998;0.000263168;0.00037376;0.000356352;0.00033792;0.000382976;0.00033894400000000004;0.000316416;0.000257024;0.000197632;0.00019456;0.000165888;0.00010444799999999999;0.000124928;0.000120832;8.6016e-05;8.2944e-05;8.9088e-05;8.192e-05;5.0176e-05;0.000110592;0.00010956799999999999;9.8304e-05;0.000130048;0.00013516800000000002;9.4208e-05;0.000105472;0.000132096;0.00013516800000000002;0.000114688;8.0896e-05;6.8608e-05;5.0176e-05;6.2464e-05;8.6016e-05;0.00010752000000000001;0.000130048;7.782399999999999e-05;0.00010752000000000001;0.000132096;0.000169984;0.000172032;0.00015462400000000002;0.00012390399999999998;0.00018739199999999998;0.000323584
1789172100,hdr,0.0293;0.03906;0.04883;0.05859;0.06836;0.07813;0.08789;0.09766;0.10742;0.11719;0.12695;0.13672;0.14648;0.15625;0.16602;0.17578;0.18555;0.19531;0.20508;0.21484;0.22461;0.23438;0.24414;0.25391;0.26367;0.27344;0.2832;0.29297;0.30273;0.3125;0.32227;0.33203;0.3418;0.35156;0.36133;0.37109;0.38086;0.39063;0.40039;0.41016;0.41992;0.42969;0.43945;0.44922;0.45898;0.46875;0.47852;0.48828;0.49805;0.50781;0.51758;0.52734;0.53711;0.54688;0.55664;0.56641;0.57617;0.58594;0.5957;0.60547;0.61523;0.625;0.63477;0.64453;0.6543;0.66406;0.67383;0.68359;0.69336;0.70313;0.71289;0.72266;0.73242;0.74219;0.75195;0.76172;0.77148;0.78125;0.79102,0.002915328;0.005044224;0.003400704;0.002618368;0.004599808;0.006851584;0.01123328;0.016371712;0.012957696;0.009310207999999999;0.012370944;0.010886144;0.009126912000000001;0.006870016;0.009334784000000002;0.00760832;0.003011584;0.0032573439999999997;0.003596288;0.00316928;0.00342016;0.002168832;0.00165376;0.000966656;0.00076288;0.00057856;0.0005560319999999999;0.000628736;0.000592896;0.00049664;0.00036147200000000005;0.00040960000000000004;0.00048127999999999995;0.000274432;0.00027033600000000004;0.000493568;0.000400384;0.000257024;0.000229376;0.000206848;0.00028671999999999997;0.000365568;0.000289792;0.000227328;0.000178176;0.00014643200000000002;0.000173056;0.000131072;0.00014745600000000002;0.00010956799999999999;7.9872e-05;7.372800000000001e-05;6.9632e-05;9.6256e-05;9.6256e-05;7.372800000000001e-05;8.704000000000001e-05;0.00012288000000000002;9.113599999999999e-05;4.4032e-05;6.2464e-05;8.8064e-05;0.000103424;0.000128;0.000118784;9.932800000000001e-05;7.270400000000001e-05;8.0896e-05;0.000116736;0.00011161600000000001;0.000157696;0.000253952;0.00018432000000000002;0.000188416;0.000339968;0.00030105599999999996;0.000314368;0.00052224;0.000772096
1789173000,hdr,0.0293;0.03906;0.04883;0.05859;0.06836;0.07813;0.08789;0.09766;0.10742;0.11719;0.12695;0.13672;0.14648;0.15625;0.16602;0.17578;0.18555;0.19531;0.20508;0.21484;0.22461;0.23438;0.24414;0.25391;0.26367;0.27344;0.2832;0.29297;0.30273;0.3125;0.32227;0.33203;0.3418;0.35156;0.36133;0.37109;0.38086;0.39063;0.40039;0.41016;0.41992;0.42969;0.43945;0.44922;0.45898;0.46875;0.47852;0.48828;0.49805;0.50781;0.51758;0.52734;0.53711;0.54688;0.55664;0.56641;0.57617;0.58594;0.5957;0.60547;0.61523;0.625;0.63477;0.64453;0.6543;0.66406;0.67383;0.68359;0.69336;0.70313;0.71289;0.72266;0.73242;0.74219;0.75195;0.76172;0.77148;0.78125;0.79102,0.002420736;0.00421888;0.0036392959999999998;0.001579008;0.002225152;0.004539392000000001;0.006080512;0.0090368;0.008952832;0.010586112;0.012306431999999999;0.013827072;0.008543232;0.008364031999999999;0.004723712;0.004286464;0.005811200000000001;0.005202943999999999;0.005721088;0.0029695999999999998;0.001867776;0.002260992;0.0008509440000000001;0.0010833919999999999;0.0012625919999999999;0.0007290879999999999;0.0006912;0.000453632;0.00035942400000000006;0.000387072;0.000324608;0.00026623999999999994;0.000278528;0.000253952;0.000314368;0.000550912;0.000308224;0.000160768;0.000159744;0.0001536;0.000157696;0.000269312;0.000191488;0.000164864;0.00021299199999999998;0.000280576;0.00014745600000000002;0.000132096;0.000129024;0.000161792;0.00026112;0.000289792;0.00029491200000000004;0.000151552;0.00012185600000000001;0.000129024;0.00014745600000000002;0.00015564799999999998;0.000159744;0.000130048;0.000139264;8.0896e-05;4.8128e-05;4.6080000000000006e-05;4.1984e-05;5.632e-05;6.2464e-05;5.632e-05;5.1200000000000004e-05;5.3247999999999996e-05;6.758400000000001e-05;8.6016e-05;0.00011264;0.000156672;0.00013516800000000002;0.000207872;0.00023961599999999998;0.000226304;0.000160768
1789173900,hdr,0.0293;0.03906;0.04883;0.05859;0.06836;0.07813;0.08789;0.09766;0.10742;0.11719;0.12695;0.13672;0.14648;0.15625;0.16602;0.17578;0.18555;0.19531;0.20508;0.21484;0.22461;0.23438;0.24414;0.25391;0.26367;0.27344;0.2832;0.29297;0.30273;0.3125;0.32227;0.33203;0.3418;0.35156;0.36133;0.37109;0.38086;0.39063;0.40039;0.41016;0.41992;0.42969;0.43945;0.44922;0.45898;0.46875;0.47852;0.48828;0.49805;0.50781;0.51758;0.52734;0.53711;0.54688;0.55664;0.56641;0.57617;0.58594;0.5957;0.60547;0.61523;0.625;0.63477;0.64453;0.6543;0.66406;0.67383;0.68359;0.69336;0.70313;0.71289;0.72266;0.73242;0.74219;0.75195;0.76172;0.77148;0.78125;0.79102,0.00165376;0.002845696;0.002300928;0.002352128;0.001374208;0.0022476799999999997;0.011874304;0.015387648;0.011339776;0.009684992;0.010281984000000001;0.010637312;0.010534912;0.0089088;0.007945216;0.007356416;0.004840448000000001;0.0043980799999999995;0.0041216000000000004;0.0032389119999999996;0.001936384;0.0016424959999999998;0.0015892480000000001;0.001043456;0.000869376;0.00085504;0.0006604799999999999;0.000510976;0.00039628799999999996;0.000381952;0.000356352;0.00029183999999999997;0.000217088;0.000257024;0.000229376;0.00021299199999999998;0.000344064;0.000411648;0.000256;0.00023244799999999998;0.00018124799999999998;0.000165888;0.000160768;0.000165888;0.00011571199999999999;0.000120832;0.000191488;0.000169984;0.000100352;0.000105472;0.000113664;9.932800000000001e-05;7.782399999999999e-05;9.5232e-05;0.00010752000000000001;8.3968e-05;9.6256e-05;5.632e-05;6.9632e-05;8.4992e-05;7.5776e-05;8.192e-05;7.270400000000001e-05;0.000118784;6.758400000000001e-05;5.5296e-05;6.9632e-05;9.8304e-05;7.9872e-05;8.4992e-05;6.5536e-05;5.5296e-05;4.7104e-05;6.5536e-05;4.096e-05;6.2464e-05;6.0416e-05;4.1984e-05;2.9696e-05
1789175700,hdr,0.0293;0.03906;0.04883;0.05859;0.06836;0.07813;0.08789;0.09766;0.10742;0.11719;0.12695;0.13672;0.14648;0.15625;0.16602;0.17578;0.18555;0.19531;0.20508;0.21484;0.22461;0.23438;0.24414;0.25391;0.26367;0.27344;0.2832;0.29297;0.30273;0.3125;0.32227;0.33203;0.3418;0.35156;0.36133;0.37109;0.38086;0.39063;0.40039;0.41016;0.41992;0.42969;0.43945;0.44922;0.45898;0.46875;0.47852;0.48828;0.49805;0.50781;0.51758;0.52734;0.53711;0.54688;0.55664;0.56641;0.57617;0.58594;0.5957;0.60547;0.61523;0.625;0.63477;0.64453;0.6543;0.66406;0.67383;0.68359;0.69336;0.70313;0.71289;0.72266;0.73242;0.74219;0.75195;0.76172;0.77148;0.78125;0.79102,1.024e-06;0.000664576;0.0007106559999999999;0.000188416;0.00035942400000000006;0.0027453439999999994;0.009046016;0.011206656;0.010852352;0.017183744;0.013505536;0.013656064;0.017760256;0.015312896000000001;0.015785984;0.0093696;0.006685696;0.006161407999999999;0.0035829760000000003;0.0028600319999999998;0.002337792;0.003204096;0.0022814719999999997;0.0012195840000000001;0.0010178560000000001;0.000858112;0.0005376000000000001;0.0006041600000000001;0.0005683200000000001;0.00048639999999999995;0.000448512;0.00036761599999999997;0.000284672;0.00027136;0.000289792;0.000193536;0.00028569600000000005;0.00029491200000000004;0.000258048;0.00012390399999999998;0.000252928;0.00030003200000000004;0.00018432000000000002;0.00023859199999999998;0.00019456;0.00014950399999999998;0.000162816;0.00011776000000000001;0.000136192;0.000124928;9.8304e-05;0.000137216;0.0001536;0.000175104;0.00014643200000000002;0.00011571199999999999;0.00012185600000000001;0.000105472;0.000116736;8.6016e-05;7.167999999999999e-05;7.9872e-05;0.000113664;0.000131072;0.00010240000000000001;9.932800000000001e-05;0.000105472;0.00012288000000000002;6.9632e-05;8.192e-05;5.3247999999999996e-05;4.7104e-05;4.7104e-05;3.6864000000000005e-05;3.2768e-05;4.8128e-05;5.7344e-05;7.475199999999999e-05;8.704000000000001e-05
1789176600,hdr,0.0293;0.03906;0.04883;0.05859;0.06836;0.07813;0.08789;0.09766;0.10742;0.11719;0.12695;0.13672;0.14648;0.15625;0.16602;0.17578;0.18555;0.19531;0.20508;0.21484;0.22461;0.23438;0.24414;0.25391;0.26367;0.27344;0.2832;0.29297;0.30273;0.3125;0.32227;0.33203;0.3418;0.35156;0.36133;0.37109;0.38086;0.39063;0.40039;0.41016;0.41992;0.42969;0.43945;0.44922;0.45898;0.46875;0.47852;0.48828;0.49805;0.50781;0.51758;0.52734;0.53711;0.54688;0.55664;0.56641;0.57617;0.58594;0.5957;0.60547;0.61523;0.625;0.63477;0.64453;0.6543;0.66406;0.67383;0.68359;0.69336;0.70313;0.71289;0.72266;0.73242;0.74219;0.75195;0.76172;0.77148;0.78125;0.79102,0.0024719359999999997;0.0023275519999999997;0.0025118719999999996;0.002919424;0.0017397760000000002;0.0017848319999999999;0.006076416;0.006757376;0.008572928;0.014416895999999998;0.018752512;0.012097536;0.009454592000000001;0.011849728;0.012002304;0.008049664;0.007698432000000001;0.005243904;0.004335616;0.0036382720000000006;0.003293184;0.0027156479999999998;0.001757184;0.001639424;0.0015544320000000001;0.0010291200000000001;0.0009287680000000001;0.00090112;0.000770048;0.000743424;0.000635904;0.000330752;0.000371712;0.000412672;0.000308224;0.00025088;0.000390144;0.000449536;0.000210944;0.00011776000000000001;0.000186368;0.00020172799999999998;0.000175104;0.00017715200000000003;0.00022528;0.000305152;0.00020889599999999997;0.00012390399999999998;8.6016e-05;0.000192512;0.000216064;0.000139264;0.00011980799999999999;9.8304e-05;9.5232e-05;0.000124928;7.475199999999999e-05;6.655999999999999e-05;9.113599999999999e-05;8.6016e-05;8.0896e-05;8.2944e-05;8.0896e-05;9.3184e-05;9.113599999999999e-05;8.8064e-05;8.4992e-05;7.68e-05;6.4512e-05;5.632e-05;7.0656e-05;7.5776e-05;5.0176e-05;4.7104e-05;4.7104e-05;4.9152e-05;5.222399999999999e-05;4.6080000000000006e-05;3.8911999999999996e-05
1789177500,hdr,0.0293;0.03906;0.04883;0.05859;0.06836;0.07813;0.08789;0.09766;0.10742;0.11719;0.12695;0.13672;0.14648;0.15625;0.16602;0.17578;0.18555;0.19531;0.20508;0.21484;0.22461;0.23438;0.24414;0.25391;0.26367;0.27344;0.2832;0.29297;0.30273;0.3125;0.32227;0.33203;0.3418;0.35156;0.36133;0.37109;0.38086;0.39063;0.40039;0.41016;0.41992;0.42969;0.43945;0.44922;0.45898;0.46875;0.47852;0.48828;0.49805;0.50781;0.51758;0.52734;0.53711;0.54688;0.55664;0.56641;0.57617;0.58594;0.5957;0.60547;0.61523;0.625;0.63477;0.64453;0.6543;0.66406;0.67383;0.68359;0.69336;0.70313;0.71289;0.72266;0.73242;0.74219;0.75195;0.76172;0.77148;0.78125;0.79102,0.000582656;0.00187904;0.00144896;0.001053696;0.0022374400000000003;0.007236608;0.010246143999999999;0.011730944;0.014190592;0.024509440000000004;0.02160128;0.012167167999999999;0.009124864000000002;0.010638336000000002;0.008520704;0.007903232;0.007641088;0.006796287999999999;0.00582144;0.005735424;0.003908608;0.002777088;0.00150016;0.0014151679999999999;0.0010127360000000002;0.000494592;0.00046080000000000003;0.00039936;0.000463872;0.0005816320000000001;0.00050176;0.00033484799999999995;0.00029286400000000005;0.000288768;0.000319488;0.00032768;0.000217088;0.00014745600000000002;0.00020480000000000002;0.000237568;0.00018432000000000002;0.00010137599999999999;0.00011776000000000001;0.00014643200000000002;0.000141312;0.000130048;0.00011264;8.192e-05;0.00015052799999999998;0.000118784;9.932800000000001e-05;5.5296e-05;0.000100352;9.0112e-05;7.0656e-05;8.4992e-05;9.728e-05;7.475199999999999e-05;5.8368e-05;6.8608e-05;7.9872e-05;6.758400000000001e-05;5.632e-05;5.8368e-05;5.1200000000000004e-05;5.3247999999999996e-05;5.222399999999999e-05;5.0176e-05;5.632e-05;4.4032e-05;3.7888e-05;4.096e-05;6.655999999999999e-05;5.7344e-05;4.6080000000000006e-05;5.4272e-05;4.096e-05;2.1504e-05;2.8672e-05
1789178400,hdr,0.0293;0.03906;0.04883;0.05859;0.06836;0.07813;0.08789;0.09766;0.10742;0.11719;0.12695;0.13672;0.14648;0.15625;0.16602;0.17578;0.18555;0.19531;0.20508;0.21484;0.22461;0.23438;0.24414;0.25391;0.26367;0.27344;0.2832;0.29297;0.30273;0.3125;0.32227;0.33203;0.3418;0.35156;0.36133;0.37109;0.38086;0.39063;0.40039;0.41016;0.41992;0.42969;0.43945;0.44922;0.45898;0.46875;0.47852;0.48828;0.49805;0.50781;0.51758;0.52734;0.53711;0.54688;0.55664;0.56641;0.57617;0.58594;0.5957;0.60547;0.61523;0.625;0.63477;0.64453;0.6543;0.66406;0.67383;0.68359;0.69336;0.70313;0.71289;0.72266;0.73242;0.74219;0.75195;0.76172;0.77148;0.78125;0.79102,0.002546688;0.0076032;0.008305664;0.0019527680000000001;0.0009594880000000001;0.0017930239999999998;0.0039301119999999995;0.006508544;0.012083199999999999;0.013825024000000002;0.016537600000000003;0.023190528000000002;0.016647168;0.014521343999999999;0.013599743999999999;0.008317952;0.0039700479999999995;0.00288256;0.002579456;0.0030371839999999996;0.0040519679999999995;0.003838976;0.0025528319999999997;0.00142848;0.001002496;0.0007188480000000001;0.000676864;0.000651264;0.00068096;0.000515072;0.00026623999999999994;0.000326656;0.000325632;0.000452608;0.0003584;0.00032870400000000003;0.000211968;0.000144384;0.00021913599999999998;0.000242688;0.000242688;0.00023859199999999998;0.000206848;0.000197632;0.00015052799999999998;0.00014540800000000003;0.000173056;0.00016896;0.00014335999999999998;0.000164864;0.00014848;9.3184e-05;8.704000000000001e-05;8.3968e-05;0.000108544;9.932800000000001e-05;6.3488e-05;0.00011980799999999999;0.00013516800000000002;9.8304e-05;9.932800000000001e-05;6.3488e-05;4.9152e-05;5.4272e-05;9.0112e-05;6.758400000000001e-05;5.4272e-05;5.8368e-05;5.0176e-05;5.8368e-05;6.9632e-05;5.5296e-05;5.632e-05;3.1744e-05;4.8128e-05;6.2464e-05;6.144000000000001e-05;9.216000000000001e-05;8.704000000000001e-05
1789179300,hdr,0.0293;0.03906;0.04883;0.05859;0.06836;0.07813;0.08789;0.09766;0.10742;0.11719;0.12695;0.13672;0.14648;0.15625;0.16602;0.17578;0.18555;0.19531;0.20508;0.21484;0.22461;0.23438;0.24414;0.25391;0.26367;0.27344;0.2832;0.29297;0.30273;0.3125;0.32227;0.33203;0.3418;0.35156;0.36133;0.37109;0.38086;0.39063;0.40039;0.41016;0.41992;0.42969;0.43945;0.44922;0.45898;0.46875;0.47852;0.48828;0.49805;0.50781;0.51758;0.52734;0.53711;0.54688;0.55664;0.56641;0.57617;0.58594;0.5957;0.60547;0.61523;0.625;0.63477;0.64453;0.6543;0.66406;0.67383;0.68359;0.69336;0.70313;0.71289;0.72266;0.73242;0.74219;0.75195;0.76172;0.77148;0.78125;0.79102,0.001540096;0.0009912319999999999;0.000159744;0.000197632;0.00018739199999999998;0.0033679359999999998;0.010472448;0.009465856;0.0075264;0.012567552;0.012250111999999999;0.019781631999999997;0.016375808;0.018939903999999997;0.015464448;0.01176576;0.008131583999999999;0.005940224;0.003120128;0.0030863360000000003;0.0016148479999999999;0.001092608;0.0016384000000000001;0.0013148160000000001;0.0009543679999999999;0.000490496;0.000526336;0.0005836799999999999;0.00047104000000000004;0.000319488;0.0003328;0.000288768;0.00019865600000000002;0.000180224;0.000207872;0.00029491200000000004;0.000262144;0.000246784;0.00013516800000000002;0.00010240000000000001;0.000105472;0.00014540800000000003;0.00014745600000000002;0.000180224;0.00021504000000000003;0.000178176;0.000160768;0.00024063999999999997;0.000162816;0.000167936;0.000218112;0.0001536;7.372800000000001e-05;6.144000000000001e-05;0.00012390399999999998;0.00014848;0.00010444799999999999;9.3184e-05;7.5776e-05;7.475199999999999e-05;6.9632e-05;7.372800000000001e-05;0.000110592;8.704000000000001e-05;6.655999999999999e-05;4.8128e-05;5.9392e-05;5.9392e-05;5.632e-05;5.0176e-05;5.0176e-05;4.3008e-05;3.5839999999999996e-05;3.5839999999999996e-05;6.758400000000001e-05;6.0416e-05;4.5056e-05;5.9392e-05;0.000113664
1789180200,hdr,0.0293;0.03906;0.04883;0.05859;0.06836;0.07813;0.08789;0.09766;0.10742;0.11719;0.12695;0.13672;0.14648;0.15625;0.16602;0.17578;0.18555;0.19531;0.20508;0.21484;0.22461;0.23438;0.24414;0.25391;0.26367;0.27344;0.2832;0.29297;0.30273;0.3125;0.32227;0.33203;0.3418;0.35156;0.36133;0.37109;0.38086;0.39063;0.40039;0.41016;0.41992;0.42969;0.43945;0.44922;0.45898;0.46875;0.47852;0.48828;0.49805;0.50781;0.51758;0.52734;0.53711;0.54688;0.55664;0.56641;0.57617;0.58594;0.5957;0.60547;0.61523;0.625;0.63477;0.64453;0.6543;0.66406;0.67383;0.68359;0.69336;0.70313;0.71289;0.72266;0.73242;0.74219;0.75195;0.76172;0.77148;0.78125;0.79102,0.004303872;0.005482496;0.0032501760000000005;0.004301823999999999;0.002399232;0.00121344;0.004891648;0.007583744000000001;0.007694336;0.01120256;0.017281024;0.01823232;0.018064384000000003;0.016453632;0.008728576000000002;0.007261184;0.005677056000000001;0.00626176;0.0049152;0.0035850240000000005;0.001829888;0.001961984;0.0021411840000000004;0.001344512;0.0013260799999999999;0.0010475520000000002;0.0005959680000000001;0.0005836799999999999;0.0005857280000000001;0.000413696;0.00029491200000000004;0.000393216;0.000323584;0.00028774400000000004;0.000272384;0.00021299199999999998;0.000207872;0.00022528;0.00031129599999999997;0.00024371200000000001;0.000222208;0.000263168;0.00015052799999999998;0.000173056;0.00015462400000000002;0.00011161600000000001;0.000120832;0.000144384;0.000130048;0.00012185600000000001;0.00010137599999999999;0.000157696;9.932800000000001e-05;9.216000000000001e-05;0.00014745600000000002;0.000131072;0.000103424;0.00011161600000000001;0.00011161600000000001;6.758400000000001e-05;8.9088e-05;9.5232e-05;8.2944e-05;7.372800000000001e-05;5.632e-05;5.222399999999999e-05;3.4816e-05;5.222399999999999e-05;5.0176e-05;6.5536e-05;6.0416e-05;8.2944e-05;6.9632e-05;6.2464e-05;7.270400000000001e-05;5.3247999999999996e-05;6.8608e-05;6.758400000000001e-05;7.270400000000001e-05
1789181100,hdr,0.0293;0.03906;0.04883;0.05859;0.06836;0.07813;0.08789;0.09766;0.10742;0.11719;0.12695;0.13672;0.14648;0.15625;0.16602;0.17578;0.18555;0.19531;0.20508;0.21484;0.22461;0.23438;0.24414;0.25391;0.26367;0.27344;0.2832;0.29297;0.30273;0.3125;0.32227;0.33203;0.3418;0.35156;0.36133;0.37109;0.38086;0.39063;0.40039;0.41016;0.41992;0.42969;0.43945;0.44922;0.45898;0.46875;0.47852;0.48828;0.49805;0.50781;0.51758;0.52734;0.53711;0.54688;0.55664;0.56641;0.57617;0.58594;0.5957;0.60547;0.61523;0.625;0.63477;0.64453;0.6543;0.66406;0.67383;0.68359;0.69336;0.70313;0.71289;0.72266;0.73242;0.74219;0.75195;0.76172;0.77148;0.78125;0.79102,0.003313664;0.006738944;0.005985280000000001;0.002733056;0.0025978880000000005;0.0024391680000000002;0.005280768;0.006428672;0.014784512;0.015281152;0.018382847999999997;0.018688;0.016749568;0.018194432;0.012274688;0.007822336000000001;0.005805056;0.0037611520000000002;0.00414208;0.002724864;0.002214912;0.00177152;0.0012247039999999999;0.001472512;0.0013322240000000001;0.0006830079999999999;0.00045056;0.000668672;0.0007946240000000001;0.00059904;0.000503808;0.00051712;0.00036454399999999996;0.000259072;0.000357376;0.000305152;0.00020480000000000002;0.000224256;0.000190464;0.00018227199999999998;0.00018124799999999998;0.0001792;0.00023142399999999999;0.000249856;0.00024780799999999997;0.00013824;0.000132096;0.000139264;9.0112e-05;0.000157696;0.00013516800000000002;0.000113664;0.000136192;7.782399999999999e-05;6.5536e-05;8.0896e-05;0.00011161600000000001;0.000126976;0.00010240000000000001;0.00014745600000000002;8.0896e-05;8.8064e-05;0.000114688;8.4992e-05;5.3247999999999996e-05;6.3488e-05;7.0656e-05;4.7104e-05;5.632e-05;5.7344e-05;5.7344e-05;6.0416e-05;5.4272e-05;6.758400000000001e-05;5.222399999999999e-05;3.6864000000000005e-05;6.5536e-05;9.4208e-05;7.475199999999999e-05
1789182000,hdr,0.0293;0.03906;0.04883;0.05859;0.06836;0.07813;0.08789;0.09766;0.10742;0.11719;0.12695;0.13672;0.14648;0.15625;0.16602;0.17578;0.18555;0.19531;0.20508;0.21484;0.22461;0.23438;0.24414;0.25391;0.26367;0.27344;0.2832;0.29297;0.30273;0.3125;0.32227;0.33203;0.3418;0.35156;0.36133;0.37109;0.38086;0.39063;0.40039;0.41016;0.41992;0.42969;0.43945;0.44922;0.45898;0.46875;0.47852;0.48828;0.49805;0.50781;0.51758;0.52734;0.53711;0.54688;0.55664;0.56641;0.57617;0.58594;0.5957;0.60547;0.61523;0.625;0.63477;0.64453;0.6543;0.66406;0.67383;0.68359;0.69336;0.70313;0.71289;0.72266;0.73242;0.74219;0.75195;0.76172;0.77148;0.78125;0.79102,0.00813056;0.008224768;0.005929984;0.002362368;0.0009943039999999999;0.001004544;0.00300032;0.004135936;0.009537536;0.025641984;0.033853440000000005;0.025050111999999996;0.016495615999999998;0.01056256;0.008899584;0.006470656;0.006439936;0.004032511999999999;0.001385472;0.0021862400000000003;0.0017889280000000002;0.0013148160000000001;0.00101376;0.000730112;0.0009717759999999999;0.000818176;0.000642048;0.00062976;0.0006819840000000001;0.0005468159999999999;0.00040345599999999995;0.000493568;0.000441344;0.00029900799999999997;0.000221184;0.00024576000000000003;0.000183296;0.000118784;0.000152576;0.00021913599999999998;0.000269312;0.000259072;0.000136192;0.00015872;0.000226304;0.000260096;0.00033792;0.00025088;0.000136192;0.000136192;0.00020992;0.00021504000000000003;0.00018739199999999998;0.00014745600000000002;9.5232e-05;6.3488e-05;9.5232e-05;8.8064e-05;0.000118784;0.000120832;9.6256e-05;9.3184e-05;0.000105472;7.372800000000001e-05;6.3488e-05;5.7344e-05;4.8128e-05;5.7344e-05;6.5536e-05;4.8128e-05;4.9152e-05;4.3008e-05;5.7344e-05;5.3247999999999996e-05;6.144000000000001e-05;5.4272e-05;6.758400000000001e-05;5.632e-05;7.782399999999999e-05
1789182900,hdr,0.0293;0.03906;0.04883;0.05859;0.06836;0.07813;0.08789;0.09766;0.10742;0.11719;0.12695;0.13672;0.14648;0.15625;0.16602;0.17578;0.18555;0.19531;0.20508;0.21484;0.22461;0.23438;0.24414;0.25391;0.26367;0.27344;0.2832;0.29297;0.30273;0.3125;0.32227;0.33203;0.3418;0.35156;0.36133;0.37109;0.38086;0.39063;0.40039;0.41016;0.41992;0.42969;0.43945;0.44922;0.45898;0.46875;0.47852;0.48828;0.49805;0.50781;0.51758;0.52734;0.53711;0.54688;0.55664;0.56641;0.57617;0.58594;0.5957;0.60547;0.61523;0.625;0.63477;0.64453;0.6543;0.66406;0.67383;0.68359;0.69336;0.70313;0.71289;0.72266;0.73242;0.74219;0.75195;0.76172;0.77148;0.78125;0.79102,0.003904512;0.013360127999999999;0.007573504;0.00195072;0.000444416;0.002776064;0.007424;0.011757568;0.011845632;0.02162688;0.02768384;0.021344256000000002;0.017821696;0.010058752;0.012439552000000001;0.007196672;0.006288384;0.0030668799999999997;0.00237568;0.002407424;0.0022784000000000003;0.001922048;0.001447936;0.001798144;0.001447936;0.0009748480000000001;0.000841728;0.000899072;0.000786432;0.000623616;0.000758784;0.000738304;0.000632832;0.00041676800000000003;0.00030412799999999997;0.00030208000000000004;0.00021504000000000003;0.00017408000000000001;0.00029081600000000006;0.000244736;0.00018124799999999998;0.00014950399999999998;0.000157696;0.000193536;0.00018534400000000002;0.00023040000000000002;0.0003072;0.00023961599999999998;0.000134144;0.00018227199999999998;0.00015872;0.00016384;0.000157696;0.00014643200000000002;0.00013516800000000002;0.000131072;0.000120832;0.000103424;8.8064e-05;0.00010137599999999999;0.000114688;8.192e-05;7.5776e-05;8.9088e-05;9.216000000000001e-05;9.6256e-05;8.3968e-05;7.475199999999999e-05;6.5536e-05;6.144000000000001e-05;7.68e-05;9.728e-05;8.0896e-05;0.000120832;0.000162816;0.000161792;0.000172032;0.00015052799999999998;0.00020172799999999998
1789183800,hdr,0.0293;0.03906;0.04883;0.05859;0.06836;0.07813;0.08789;0.09766;0.10742;0.11719;0.12695;0.13672;0.14648;0.15625;0.16602;0.17578;0.18555;0.19531;0.20508;0.21484;0.22461;0.23438;0.24414;0.25391;0.26367;0.27344;0.2832;0.29297;0.30273;0.3125;0.32227;0.33203;0.3418;0.35156;0.36133;0.37109;0.38086;0.39063;0.40039;0.41016;0.41992;0.42969;0.43945;0.44922;0.45898;0.46875;0.47852;0.48828;0.49805;0.50781;0.51758;0.52734;0.53711;0.54688;0.55664;0.56641;0.57617;0.58594;0.5957;0.60547;0.61523;0.625;0.63477;0.64453;0.6543;0.66406;0.67383;0.68359;0.69336;0.70313;0.71289;0.72266;0.73242;0.74219;0.75195;0.76172;0.77148;0.78125;0.79102,0.0009943039999999999;0.002627584;0.00263168;0.001550336;0.002587648;0.00136704;0.002776064;0.006749183999999999;0.011691008;0.017870847999999998;0.016638976;0.016750592;0.018384896;0.015053824;0.01367552;0.008045568;0.007007232;0.004644864;0.004783103999999999;0.002820096;0.0025415679999999997;0.0020572159999999997;0.0013404159999999999;0.0011796480000000002;0.0009574399999999999;0.001304576;0.0010649599999999998;0.0006696959999999999;0.000613376;0.0008447999999999999;0.000893952;0.000494592;0.00046080000000000003;0.000690176;0.000549888;0.000316416;0.000246784;0.00025497599999999997;0.00021299199999999998;0.00036454399999999996;0.000357376;0.00031129599999999997;0.0002816;0.000226304;0.00024576000000000003;0.00018227199999999998;0.000222208;0.000267264;0.000269312;0.00017715200000000003;0.000151552;0.000131072;0.00018124799999999998;0.00018944;9.6256e-05;0.000128;0.000162816;0.000190464;0.00016691200000000002;0.000132096;0.000140288;0.000152576;0.00012288000000000002;0.000130048;0.00010444799999999999;9.932800000000001e-05;0.000108544;0.000126976;7.9872e-05;7.782399999999999e-05;0.000105472;0.000118784;8.9088e-05;0.00013516800000000002;0.00011776000000000001;0.000176128;0.00015462400000000002;0.00012185600000000001;0.00017100799999999997
1789184700,hdr,0.0293;0.03906;0.04883;0.05859;0.06836;0.07813;0.08789;0.09766;0.10742;0.11719;0.12695;0.13672;0.14648;0.15625;0.16602;0.17578;0.18555;0.19531;0.20508;0.21484;0.22461;0.23438;0.24414;0.25391;0.26367;0.27344;0.2832;0.29297;0.30273;0.3125;0.32227;0.33203;0.3418;0.35156;0.36133;0.37109;0.38086;0.39063;0.40039;0.41016;0.41992;0.42969;0.43945;0.44922;0.45898;0.46875;0.47852;0.48828;0.49805;0.50781;0.51758;0.52734;0.53711;0.54688;0.55664;0.56641;0.57617;0.58594;0.5957;0.60547;0.61523;0.625;0.63477;0.64453;0.6543;0.66406;0.67383;0.68359;0.69336;0.70313;0.71289;0.72266;0.73242;0.74219;0.75195;0.76172;0.77148;0.78125;0.79102,0.0031426559999999997;0.0087808;0.010868736;0.006183936;0.005736448;0.007293952;0.009059328000000002;0.008640512;0.014964736000000001;0.023356416;0.017342464;0.015910912;0.011404287999999999;0.011085824000000001;0.009613312;0.012356608;0.012070912;0.005153792000000001;0.0031375360000000002;0.002501632;0.0019947520000000002;0.002300928;0.0016138239999999998;0.001238016;0.0014929920000000003;0.001446912;0.0010014719999999998;0.0006912;0.0005724160000000001;0.0005744639999999999;0.000418816;0.00047820800000000004;0.000418816;0.00030412799999999997;0.000427008;0.000451584;0.00023654400000000002;0.00014745600000000002;0.000242688;0.000264192;0.00015564799999999998;0.00025497599999999997;0.00023654400000000002;0.000226304;0.00018124799999999998;0.000167936;0.000211968;0.00032768;0.000196608;0.00012390399999999998;0.000134144;0.00010137599999999999;0.000206848;0.0001792;0.000140288;0.00014335999999999998;0.000175104;0.00019456;0.00011571199999999999;0.000176128;0.000196608;0.000120832;0.000116736;0.00016384;0.00011571199999999999;0.000105472;0.000139264;0.00010137599999999999;0.000217088;0.000173056;0.000156672;0.00023040000000000002;0.00019968;0.000277504;0.00029081600000000006;0.00030105599999999996;0.000412672;0.000413696;0.000385024
1789185600,hdr,0.0293;0.03906;0.04883;0.05859;0.06836;0.07813;0.08789;0.09766;0.10742;0.11719;0.12695;0.13672;0.14648;0.15625;0.16602;0.17578;0.18555;0.19531;0.20508;0.21484;0.22461;0.23438;0.24414;0.25391;0.26367;0.27344;0.2832;0.29297;0.30273;0.3125;0.32227;0.33203;0.3418;0.35156;0.36133;0.37109;0.38086;0.39063;0.40039;0.41016;0.41992;0.42969;0.43945;0.44922;0.45898;0.46875;0.47852;0.48828;0.49805;0.50781;0.51758;0.52734;0.53711;0.54688;0.55664;0.56641;0.57617;0.58594;0.5957;0.60547;0.61523;0.625;0.63477;0.64453;0.6543;0.66406;0.67383;0.68359;0.69336;0.70313;0.71289;0.72266;0.73242;0.74219;0.75195;0.76172;0.77148;0.78125;0.79102,0.0038840320000000004;0.004374527999999999;0.00477696;0.007171072;0.00454144;0.00470528;0.006005760000000001;0.004173824;0.010048512;0.018960384;0.016252928;0.013334528;0.013064192;0.014622719999999999;0.012928;0.00876032;0.007817216;0.008014848000000001;0.0046295039999999996;0.003396608;0.002369536;0.00195584;0.001942528;0.0015892480000000001;0.001077248;0.00122368;0.001195008;0.000644096;0.000519168;0.000406528;0.000288768;0.00024371200000000001;0.000288768;0.000630784;0.000468992;0.000331776;0.00037478399999999997;0.000400384;0.000268288;0.00025088;0.000384;0.000282624;0.00026112;0.000248832;0.000224256;0.00016384;0.000263168;0.00036864000000000005;0.00032256;0.000221184;0.000237568;0.00032768;0.000244736;0.00024576000000000003;0.00019968;0.0001792;0.000183296;0.000195584;0.00022016;0.000134144;0.0001792;0.000228352;0.000251904;0.000263168;0.000210944;0.00036352;0.00034099200000000003;0.00042291200000000006;0.000436224;0.000503808;0.000603136;0.001125376;0.00131072;0.001086464;0.0014653440000000002;0.0020029439999999996;0.00151552;0.000899072;0.0009605120000000001
1789186500,hdr,0.0293;0.03906;0.04883;0.05859;0.06836;0.07813;0.08789;0.09766;0.10742;0.11719;0.12695;0.13672;0.14648;0.15625;0.16602;0.17578;0.18555;0.19531;0.20508;0.21484;0.22461;0.23438;0.24414;0.25391;0.26367;0.27344;0.2832;0.29297;0.30273;0.3125;0.32227;0.33203;0.3418;0.35156;0.36133;0.37109;0.38086;0.39063;0.40039;0.41016;0.41992;0.42969;0.43945;0.44922;0.45898;0.46875;0.47852;0.48828;0.49805;0.50781;0.51758;0.52734;0.53711;0.54688;0.55664;0.56641;0.57617;0.58594;0.5957;0.60547;0.61523;0.625;0.63477;0.64453;0.6543;0.66406;0.67383;0.68359;0.69336;0.70313;0.71289;0.72266;0.73242;0.74219;0.75195;0.76172;0.77148;0.78125;0.79102,0.010718208;0.013591552;0.011713536;0.006663168;0.005577727999999999;0.0052172799999999995;0.00553984;0.004257792000000001;0.008425472;0.020068352;0.01824256;0.016308224;0.020687872;0.019316735999999998;0.011265024000000002;0.011659264;0.008112128000000001;0.004975616;0.003182592;0.002026496;0.00208896;0.001826816;0.00168448;0.0015144960000000002;0.001408;0.000968704;0.000903168;0.001158144;0.000758784;0.000659456;0.000772096;0.0006184960000000001;0.0005478400000000001;0.000329728;0.00036249599999999997;0.000379904;0.00043724800000000005;0.000499712;0.00052736;0.000316416;0.000339968;0.00040243200000000004;0.000393216;0.000284672;0.0001536;0.000124928;0.000325632;0.00035942400000000006;0.00036249599999999997;0.00040755200000000004;0.000222208;0.000197632;0.000221184;0.000217088;0.00029183999999999997;0.000257024;0.000176128;0.00015872;0.000136192;0.00027136;0.00024371200000000001;0.0001792;0.00020377600000000002;0.000176128;0.00023961599999999998;0.00031744;0.000242688;0.00020172799999999998;0.00037888;0.000351232;0.00043827199999999997;0.000415744;0.000398336;0.000662528;0.001129472;0.0011796480000000002;0.001006592;0.0012052480000000001;0.000631808
1789187400,hdr,0.0293;0.03906;0.04883;0.05859;0.06836;0.07813;0.08789;0.09766;0.10742;0.11719;0.12695;0.13672;0.14648;0.15625;0.16602;0.17578;0.18555;0.19531;0.20508;0.21484;0.22461;0.23438;0.24414;0.25391;0.26367;0.27344;0.2832;0.29297;0.30273;0.3125;0.32227;0.33203;0.3418;0.35156;0.36133;0.37109;0.38086;0.39063;0.40039;0.41016;0.41992;0.42969;0.43945;0.44922;0.45898;0.46875;0.47852;0.48828;0.49805;0.50781;0.51758;0.52734;0.53711;0.54688;0.55664;0.56641;0.57617;0.58594;0.5957;0.60547;0.61523;0.625;0.63477;0.64453;0.6543;0.66406;0.67383;0.68359;0.69336;0.70313;0.71289;0.72266;0.73242;0.74219;0.75195;0.76172;0.77148;0.78125;0.79102,0.010258432000000001;0.017399808;0.0074823680000000005;0.0063549439999999995;0.007804928;0.004168704;0.006632448;0.00756224;0.010118143999999999;0.015889408;0.018215936;0.014357504;0.01564672;0.01256448;0.009269247999999999;0.007942144;0.003822592;0.005070848;0.004907008;0.0038799359999999996;0.0031016959999999997;0.001655808;0.00135168;0.001528832;0.001404928;0.0014858240000000002;0.000979968;0.000868352;0.000723968;0.000723968;0.001022976;0.000964608;0.000922624;0.000790528;0.0006041600000000001;0.000439296;0.000631808;0.000625664;0.00035942400000000006;0.000503808;0.0005703679999999999;0.00041472;0.000351232;0.00033894400000000004;0.000366592;0.00040345599999999995;0.000246784;0.00023040000000000002;0.00020377600000000002;0.00026112;0.00037376;0.00023961599999999998;0.000234496;0.000268288;0.000326656;0.000188416;0.00017408000000000001;0.00019968;0.000141312;0.000172032;0.00020992;0.000188416;0.000169984;0.000207872;0.000226304;0.00023552000000000002;0.0003584;0.00020377600000000002;0.000228352;0.000248832;0.0002816;0.00023961599999999998;0.0003072;0.000318464;0.000513024;0.0005980159999999999;0.000484352;0.000580608;0.0005959680000000001
1789188300,hdr,0.0293;0.03906;0.04883;0.05859;0.06836;0.07813;0.08789;0.09766;0.10742;0.11719;0.12695;0.13672;0.14648;0.15625;0.16602;0.17578;0.18555;0.19531;0.20508;0.21484;0.22461;0.23438;0.24414;0.25391;0.26367;0.27344;0.2832;0.29297;0.30273;0.3125;0.32227;0.33203;0.3418;0.35156;0.36133;0.37109;0.38086;0.39063;0.40039;0.41016;0.41992;0.42969;0.43945;0.44922;0.45898;0.46875;0.47852;0.48828;0.49805;0.50781;0.51758;0.52734;0.53711;0.54688;0.55664;0.56641;0.57617;0.58594;0.5957;0.60547;0.61523;0.625;0.63477;0.64453;0.6543;0.66406;0.67383;0.68359;0.69336;0.70313;0.71289;0.72266;0.73242;0.74219;0.75195;0.76172;0.77148;0.78125;0.79102,0.00103424;0.0018964479999999998;0.006044672;0.0053913599999999996;0.00525824;0.00750592;0.008172544;0.011922432;0.011874304;0.016212992;0.01792512;0.018763776000000003;0.012235776;0.012490752;0.009324544;0.00776704;0.008304639999999999;0.004946944;0.004082688;0.004031488000000001;0.0018595839999999998;0.001746944;0.001432576;0.000897024;0.000662528;0.000780288;0.000605184;0.000867328;0.001110016;0.0008222720000000001;0.0007106559999999999;0.000790528;0.000744448;0.0005918719999999999;0.000453632;0.0005877759999999999;0.000484352;0.000387072;0.000466944;0.000551936;0.000525312;0.00035942400000000006;0.000344064;0.00019456;0.00020480000000000002;0.000288768;0.000257024;0.0003072;0.000316416;0.000308224;0.000347136;0.00030617599999999996;0.00026112;0.00024576000000000003;0.000207872;0.000284672;0.000233472;0.000272384;0.000264192;0.000175104;0.000190464;0.00020889599999999997;0.00015564799999999998;0.00012185600000000001;6.655999999999999e-05;0.000195584;0.000241664;0.00022528;0.00018432000000000002;0.000162816;0.00018944;0.00023142399999999999;0.000144384;0.000191488;0.000269312;0.000319488;0.00035328;0.00037376;0.00029183999999999997
1789189200,hdr,0.0293;0.03906;0.04883;0.05859;0.06836;0.07813;0.08789;0.09766;0.10742;0.11719;0.12695;0.13672;0.14648;0.15625;0.16602;0.17578;0.18555;0.19531;0.20508;0.21484;0.22461;0.23438;0.24414;0.25391;0.26367;0.27344;0.2832;0.29297;0.30273;0.3125;0.32227;0.33203;0.3418;0.35156;0.36133;0.37109;0.38086;0.39063;0.40039;0.41016;0.41992;0.42969;0.43945;0.44922;0.45898;0.46875;0.47852;0.48828;0.49805;0.50781;0.51758;0.52734;0.53711;0.54688;0.55664;0.56641;0.57617;0.58594;0.5957;0.60547;0.61523;0.625;0.63477;0.64453;0.6543;0.66406;0.67383;0.68359;0.69336;0.70313;0.71289;0.72266;0.73242;0.74219;0.75195;0.76172;0.77148;0.78125;0.79102,0.002419712;0.002778112;0.0017182719999999999;0.002907136;0.001574912;0.001634304;0.006477823999999999;0.010025983999999998;0.007943168;0.012880896000000001;0.014785536;0.014782464;0.019352576;0.017247232;0.015228928;0.008107008;0.0060262399999999995;0.003605504;0.0036392959999999998;0.003835904;0.0024616959999999998;0.001777664;0.0023674879999999996;0.002125824;0.0013895679999999999;0.0009205759999999999;0.000700416;0.000642048;0.000753664;0.000826368;0.00064;0.000625664;0.0008355839999999999;0.00049664;0.000330752;0.00038912;0.00030208000000000004;0.00027033600000000004;0.00025088;0.000326656;0.00034201599999999995;0.00029491200000000004;0.000251904;0.00028671999999999997;0.000289792;0.000284672;0.000241664;0.000157696;0.000263168;0.00020275199999999997;0.000249856;0.00029183999999999997;0.00022528;0.00019865600000000002;0.00018944;0.00015052799999999998;0.000114688;0.000173056;0.000207872;0.000175104;0.000113664;0.000161792;0.00016384;0.000180224;0.000196608;0.000234496;0.00036147200000000005;0.000324608;0.00024780799999999997;0.00022323200000000002;0.000303104;0.00026623999999999994;0.00039731200000000003;0.00037785600000000004;0.00039628799999999996;0.0006154239999999999;0.0006502400000000001;0.0005621760000000001;0.000756736
1789190100,hdr,0.0293;0.03906;0.04883;0.05859;0.06836;0.07813;0.08789;0.09766;0.10742;0.11719;0.12695;0.13672;0.14648;0.15625;0.16602;0.17578;0.18555;0.19531;0.20508;0.21484;0.22461;0.23438;0.24414;0.25391;0.26367;0.27344;0.2832;0.29297;0.30273;0.3125;0.32227;0.33203;0.3418;0.35156;0.36133;0.37109;0.38086;0.39063;0.40039;0.41016;0.41992;0.42969;0.43945;0.44922;0.45898;0.46875;0.47852;0.48828;0.49805;0.50781;0.51758;0.52734;0.53711;0.54688;0.55664;0.56641;0.57617;0.58594;0.5957;0.60547;0.61523;0.625;0.63477;0.64453;0.6543;0.66406;0.67383;0.68359;0.69336;0.70313;0.71289;0.72266;0.73242;0.74219;0.75195;0.76172;0.77148;0.78125;0.79102,0.001156096;0.002777088;0.002149376;0.001328128;0.001850368;0.002276352;0.0036474880000000004;0.004486144;0.00774144;0.013835264000000002;0.014485504000000001;0.010121216;0.013075456000000001;0.019027968;0.016603135999999998;0.011128831999999998;0.006591488;0.0023818240000000003;0.0037304319999999997;0.0028927999999999996;0.0023838720000000004;0.00218112;0.0013608960000000001;0.0009738240000000001;0.000795648;0.000894976;0.001107968;0.000982016;0.000671744;0.000531456;0.000388096;0.000395264;0.000421888;0.000423936;0.000524288;0.000395264;0.00029081600000000006;0.000167936;0.00014950399999999998;0.00037888;0.000253952;0.000188416;0.00012390399999999998;0.000205824;0.00020275199999999997;0.000161792;0.000222208;0.000197632;0.00014643200000000002;0.000131072;0.00013311999999999997;0.000173056;0.00013311999999999997;0.000159744;0.00023552000000000002;0.000192512;0.000169984;0.000175104;0.000131072;0.00018432000000000002;0.00013824;9.113599999999999e-05;0.000136192;0.000186368;0.00017100799999999997;0.00014745600000000002;0.00020992;0.00023040000000000002;0.000222208;0.00021913599999999998;0.00024780799999999997;0.000227328;0.000282624;0.00029798400000000005;0.000259072;0.00039731200000000003;0.00039423999999999997;0.000351232;0.00044339199999999997
1789191000,hdr,0.0293;0.03906;0.04883;0.05859;0.06836;0.07813;0.08789;0.09766;0.10742;0.11719;0.12695;0.13672;0.14648;0.15625;0.16602;0.17578;0.18555;0.19531;0.20508;0.21484;0.22461;0.23438;0.24414;0.25391;0.26367;0.27344;0.2832;0.29297;0.30273;0.3125;0.32227;0.33203;0.3418;0.35156;0.36133;0.37109;0.38086;0.39063;0.40039;0.41016;0.41992;0.42969;0.43945;0.44922;0.45898;0.46875;0.47852;0.48828;0.49805;0.50781;0.51758;0.52734;0.53711;0.54688;0.55664;0.56641;0.57617;0.58594;0.5957;0.60547;0.61523;0.625;0.63477;0.64453;0.6543;0.66406;0.67383;0.68359;0.69336;0.70313;0.71289;0.72266;0.73242;0.74219;0.75195;0.76172;0.77148;0.78125;0.79102,0.002097152;0.006873087999999999;0.005019648;0.0037048320000000004;0.0042536959999999995;0.0065218559999999995;0.007177215999999999;0.010057727999999998;0.014880768;0.01683968;0.014091264000000001;0.013010944;0.011382784;0.010243072;0.008528896;0.00843264;0.008041472000000001;0.003649536;0.0021821440000000004;0.002532352;0.0027381760000000006;0.0022394880000000004;0.001870848;0.000826368;0.0008069119999999999;0.0006789119999999999;0.000918528;0.000905216;0.000897024;0.0005980159999999999;0.00064512;0.00068096;0.000646144;0.0005324799999999999;0.00046592000000000004;0.000534528;0.000550912;0.00034099200000000003;0.000180224;0.000130048;0.000173056;0.000210944;0.000233472;0.000259072;0.00029491200000000004;0.00024780799999999997;0.000252928;0.000200704;0.000224256;0.0001792;0.000216064;0.000197632;0.000178176;9.932800000000001e-05;0.000103424;0.000165888;9.113599999999999e-05;8.9088e-05;0.000118784;9.932800000000001e-05;7.5776e-05;0.00010137599999999999;0.000113664;0.00014335999999999998;0.000165888;0.00012185600000000001;9.4208e-05;0.00012288000000000002;0.000157696;0.000264192;0.000224256;0.00015462400000000002;0.000110592;0.00010137599999999999;0.00018227199999999998;0.000169984;0.00017715200000000003;0.00022016;0.000224256
1789191900,hdr,0.0293;0.03906;0.04883;0.05859;0.06836;0.07813;0.08789;0.09766;0.10742;0.11719;0.12695;0.13672;0.14648;0.15625;0.16602;0.17578;0.18555;0.19531;0.20508;0.21484;0.22461;0.23438;0.24414;0.25391;0.26367;0.27344;0.2832;0.29297;0.30273;0.3125;0.32227;0.33203;0.3418;0.35156;0.36133;0.37109;0.38086;0.39063;0.40039;0.41016;0.41992;0.42969;0.43945;0.44922;0.45898;0.46875;0.47852;0.48828;0.49805;0.50781;0.51758;0.52734;0.53711;0.54688;0.55664;0.56641;0.57617;0.58594;0.5957;0.60547;0.61523;0.625;0.63477;0.64453;0.6543;0.66406;0.67383;0.68359;0.69336;0.70313;0.71289;0.72266;0.73242;0.74219;0.75195;0.76172;0.77148;0.78125;0.79102,0.006388736;0.008506368;0.007456768;0.00671232;0.003712;0.0021043200000000002;0.007072768;0.007499776;0.005578751999999999;0.020716543999999996;0.01517568;0.012731392;0.014482431999999998;0.018436096;0.010529792000000001;0.008394752;0.006967296;0.004473856;0.0027381760000000006;0.002555904;0.0025333760000000004;0.0021452800000000003;0.001603584;0.0013690880000000003;0.0008704;0.0007833599999999999;0.0008110079999999999;0.000606208;0.000449536;0.0006123519999999999;0.00062464;0.0005898240000000001;0.000534528;0.00042803200000000007;0.000352256;0.000458752;0.00039423999999999997;0.000288768;0.000207872;0.00025497599999999997;0.000249856;0.000172032;0.00020992;0.000218112;0.000169984;0.000282624;0.00020992;0.000172032;0.00020377600000000002;0.000175104;0.00018739199999999998;0.000196608;0.000141312;0.00011776000000000001;0.0001536;0.000137216;0.00019968;0.00017408000000000001;0.00011161600000000001;7.782399999999999e-05;0.000118784;7.167999999999999e-05;8.0896e-05;0.00012185600000000001;0.000126976;0.000110592;6.655999999999999e-05;9.0112e-05;9.6256e-05;6.0416e-05;7.372800000000001e-05;9.113599999999999e-05;0.00010649599999999999;0.000100352;0.00011776000000000001;0.000132096;0.00013824;0.000125952;0.00012185600000000001
1789192800,hdr,0.0293;0.03906;0.04883;0.05859;0.06836;0.07813;0.08789;0.09766;0.10742;0.11719;0.12695;0.13672;0.14648;0.15625;0.16602;0.17578;0.18555;0.19531;0.20508;0.21484;0.22461;0.23438;0.24414;0.25391;0.26367;0.27344;0.2832;0.29297;0.30273;0.3125;0.32227;0.33203;0.3418;0.35156;0.36133;0.37109;0.38086;0.39063;0.40039;0.41016;0.41992;0.42969;0.43945;0.44922;0.45898;0.46875;0.47852;0.48828;0.49805;0.50781;0.51758;0.52734;0.53711;0.54688;0.55664;0.56641;0.57617;0.58594;0.5957;0.60547;0.61523;0.625;0.63477;0.64453;0.6543;0.66406;0.67383;0.68359;0.69336;0.70313;0.71289;0.72266;0.73242;0.74219;0.75195;0.76172;0.77148;0.78125;0.79102,0.0029378560000000004;0.008686591999999998;0.010431488;0.006197248000000001;0.0036556799999999997;0.004020223999999999;0.005331967999999999;0.00510976;0.007420928;0.023283711999999998;0.018782208;0.014959616;0.01575936;0.010005504;0.005481471999999999;0.00566272;0.005538816;0.007176192;0.004441088;0.002618368;0.0020930559999999994;0.0015687680000000001;0.00077312;0.000857088;0.000592896;0.000529408;0.0005601279999999999;0.000898048;0.000965632;0.0007413760000000001;0.00054272;0.000557056;0.000458752;0.000323584;0.00045568;0.000421888;0.00031232;0.000379904;0.00031744;0.000275456;0.000156672;0.000157696;0.000224256;0.00019865600000000002;0.00014745600000000002;0.00021913599999999998;0.00018534400000000002;0.00015052799999999998;0.00020992;0.000321536;0.000186368;0.000165888;0.000161792;0.000159744;0.000193536;0.000228352;0.00019865600000000002;0.000190464;0.000192512;0.000151552;0.000139264;0.00013516800000000002;0.000105472;0.00015052799999999998;0.000157696;0.00014950399999999998;0.000188416;0.00018534400000000002;0.00018227199999999998;0.000130048;0.00012390399999999998;0.00011264;0.00010444799999999999;0.00011264;0.00011571199999999999;0.000105472;7.475199999999999e-05;7.372800000000001e-05;8.704000000000001e-05
1789193700,hdr,0.0293;0.03906;0.04883;0.05859;0.06836;0.07813;0.08789;0.09766;0.10742;0.11719;0.12695;0.13672;0.14648;0.15625;0.16602;0.17578;0.18555;0.19531;0.20508;0.21484;0.22461;0.23438;0.24414;0.25391;0.26367;0.27344;0.2832;0.29297;0.30273;0.3125;0.32227;0.33203;0.3418;0.35156;0.36133;0.37109;0.38086;0.39063;0.40039;0.41016;0.41992;0.42969;0.43945;0.44922;0.45898;0.46875;0.47852;0.48828;0.49805;0.50781;0.51758;0.52734;0.53711;0.54688;0.55664;0.56641;0.57617;0.58594;0.5957;0.60547;0.61523;0.625;0.63477;0.64453;0.6543;0.66406;0.67383;0.68359;0.69336;0.70313;0.71289;0.72266;0.73242;0.74219;0.75195;0.76172;0.77148;0.78125;0.79102,0.003306496;0.005210112;0.006793216;0.0034048;0.001765376;0.00193024;0.002932736;0.004670464;0.007651328000000001;0.008372223999999998;0.007827456;0.010933248000000001;0.012327936;0.01545216;0.009496576;0.009142272000000002;0.006513664000000001;0.005665791999999999;0.0029306880000000003;0.002082816;0.00196096;0.00141824;0.001097728;0.0011970559999999997;0.001108992;0.0009400319999999999;0.000566272;0.00052736;0.000636928;0.0005713920000000001;0.000418816;0.00067584;0.000550912;0.00028671999999999997;0.00034816000000000003;0.000452608;0.000310272;0.000315392;0.000594944;0.000371712;0.00034099200000000003;0.000278528;0.000313344;0.000227328;0.00034304;0.00029081600000000006;0.000142336;0.00020377600000000002;0.000195584;0.000156672;0.000164864;0.00016384;0.000221184;0.000165888;0.000118784;0.00014540800000000003;0.000190464;0.00014540800000000003;7.782399999999999e-05;0.000137216;0.000156672;0.00015462400000000002;0.00013311999999999997;0.000156672;0.000114688;0.000126976;0.000124928;0.000110592;7.167999999999999e-05;8.2944e-05;7.270400000000001e-05;0.000103424;0.000132096;0.000144384;9.3184e-05;9.113599999999999e-05;9.728e-05;8.2944e-05;5.8368e-05
1789194600,hdr,0.0293;0.03906;0.04883;0.05859;0.06836;0.07813;0.08789;0.09766;0.10742;0.11719;0.12695;0.13672;0.14648;0.15625;0.16602;0.17578;0.18555;0.19531;0.20508;0.21484;0.22461;0.23438;0.24414;0.25391;0.26367;0.27344;0.2832;0.29297;0.30273;0.3125;0.32227;0.33203;0.3418;0.35156;0.36133;0.37109;0.38086;0.39063;0.40039;0.41016;0.41992;0.42969;0.43945;0.44922;0.45898;0.46875;0.47852;0.48828;0.49805;0.50781;0.51758;0.52734;0.53711;0.54688;0.55664;0.56641;0.57617;0.58594;0.5957;0.60547;0.61523;0.625;0.63477;0.64453;0.6543;0.66406;0.67383;0.68359;0.69336;0.70313;0.71289;0.72266;0.73242;0.74219;0.75195;0.76172;0.77148;0.78125;0.79102,0.0022784000000000003;0.005164032;0.0038819839999999998;0.003069952;0.004057088;0.004178944;0.003857408;0.007368703999999999;0.005723136;0.011528192000000001;0.015886336;0.016818176;0.012613632000000001;0.013422592;0.011441152;0.006665216000000001;0.006575103999999999;0.007083008000000001;0.004524032;0.001992704;0.000951296;0.001036288;0.001010688;0.000770048;0.000688128;0.000638976;0.000770048;0.0005099519999999999;0.000347136;0.000494592;0.000526336;0.00037785600000000004;0.000323584;0.00032768;0.00028671999999999997;0.000350208;0.00030105599999999996;0.00030003200000000004;0.00026112;0.000447488;0.00033689599999999994;0.000178176;0.00016691200000000002;0.000249856;0.000197632;0.0001792;0.000157696;0.00010649599999999999;0.00013516800000000002;0.00012390399999999998;0.00017408000000000001;0.000164864;0.00017715200000000003;0.00016384;0.00012185600000000001;0.00014950399999999998;0.000125952;0.00011980799999999999;0.00010649599999999999;0.00011776000000000001;0.0001792;0.00013311999999999997;0.000132096;0.00013311999999999997;0.000120832;0.00017100799999999997;0.000188416;0.00015564799999999998;0.00011980799999999999;6.4512e-05;8.6016e-05;0.00010752000000000001;8.0896e-05;6.2464e-05;4.6080000000000006e-05;6.3488e-05;7.9872e-05;7.8848e-05;8.192e-05
1789195500,hdr,0.0293;0.03906;0.04883;0.05859;0.06836;0.07813;0.08789;0.09766;0.10742;0.11719;0.12695;0.13672;0.14648;0.15625;0.16602;0.17578;0.18555;0.19531;0.20508;0.21484;0.22461;0.23438;0.24414;0.25391;0.26367;0.27344;0.2832;0.29297;0.30273;0.3125;0.32227;0.33203;0.3418;0.35156;0.36133;0.37109;0.38086;0.39063;0.40039;0.41016;0.41992;0.42969;0.43945;0.44922;0.45898;0.46875;0.47852;0.48828;0.49805;0.50781;0.51758;0.52734;0.53711;0.54688;0.55664;0.56641;0.57617;0.58594;0.5957;0.60547;0.61523;0.625;0.63477;0.64453;0.6543;0.66406;0.67383;0.68359;0.69336;0.70313;0.71289;0.72266;0.73242;0.74219;0.75195;0.76172;0.77148;0.78125;0.79102,0.005605376;0.009581568;0.012773376;0.010912768;0.008311807999999999;0.00551424;0.00854528;0.006872064000000001;0.011850752;0.013533184000000002;0.009160704000000002;0.01004544;0.0155136;0.012752896000000001;0.014416895999999998;0.009540608;0.005673983999999999;0.0066304;0.004165632;0.0032890880000000003;0.0023848959999999996;0.001958912;0.001878016;0.002108416;0.001755136;0.000782336;0.0005642239999999999;0.000452608;0.000454656;0.00042598399999999997;0.000452608;0.000646144;0.0005836799999999999;0.000514048;0.00044544;0.000456704;0.000421888;0.00032768;0.000320512;0.000229376;0.000274432;0.000217088;0.000329728;0.000303104;0.000263168;0.000222208;0.000160768;0.000152576;0.00024576000000000003;0.000200704;0.00012288000000000002;0.00012390399999999998;0.00016384;0.000132096;0.00015052799999999998;0.000137216;0.00014540800000000003;0.000161792;0.000196608;0.000151552;0.00013516800000000002;8.0896e-05;7.5776e-05;8.3968e-05;0.000126976;0.000114688;0.000132096;0.000126976;5.632e-05;0.00010752000000000001;0.000124928;0.00010137599999999999;9.216000000000001e-05;7.68e-05;9.728e-05;8.9088e-05;7.9872e-05;9.4208e-05;0.000136192
1789196400,hdr,0.0293;0.03906;0.04883;0.05859;0.06836;0.07813;0.08789;0.09766;0.10742;0.11719;0.12695;0.13672;0.14648;0.15625;0.16602;0.17578;0.18555;0.19531;0.20508;0.21484;0.22461;0.23438;0.24414;0.25391;0.26367;0.27344;0.2832;0.29297;0.30273;0.3125;0.32227;0.33203;0.3418;0.35156;0.36133;0.37109;0.38086;0.39063;0.40039;0.41016;0.41992;0.42969;0.43945;0.44922;0.45898;0.46875;0.47852;0.48828;0.49805;0.50781;0.51758;0.52734;0.53711;0.54688;0.55664;0.56641;0.57617;0.58594;0.5957;0.60547;0.61523;0.625;0.63477;0.64453;0.6543;0.66406;0.67383;0.68359;0.69336;0.70313;0.71289;0.72266;0.73242;0.74219;0.75195;0.76172;0.77148;0.78125;0.79102,0.005342208;0.009275392;0.008050687999999999;0.007534592;0.0076615680000000005;0.006816768;0.011643903999999998;0.011870208;0.011674624;0.011291648000000001;0.0078848;0.010403840000000001;0.019030016;0.018753536;0.008675328;0.007675904000000001;0.007701504;0.00776192;0.00471552;0.001978368;0.002036736;0.0018432000000000001;0.0011960319999999999;0.001429504;0.0012646399999999998;0.000970752;0.0008744960000000001;0.0005980159999999999;0.0005683200000000001;0.0005406720000000001;0.000380928;0.00031744;0.00046080000000000003;0.00047923199999999995;0.000351232;0.000439296;0.00037888;0.000326656;0.000347136;0.000423936;0.000375808;0.00041062399999999995;0.00039936;0.000331776;0.000257024;0.000256;0.000176128;0.000125952;0.000216064;0.000211968;0.00018124799999999998;0.000173056;0.00014745600000000002;0.000132096;0.00015462400000000002;0.000164864;0.000183296;0.00016691200000000002;0.000151552;0.000110592;0.000128;0.000156672;0.000160768;0.00014950399999999998;0.00013516800000000002;9.5232e-05;8.2944e-05;8.704000000000001e-05;0.00012288000000000002;0.00013311999999999997;0.00011161600000000001;7.372800000000001e-05;0.000129024;0.000175104;0.000120832;0.00011161600000000001;8.3968e-05;0.00010956799999999999;0.000100352
1789197300,hdr,0.0293;0.03906;0.04883;0.05859;0.06836;0.07813;0.08789;0.09766;0.10742;0.11719;0.12695;0.13672;0.14648;0.15625;0.16602;0.17578;0.18555;0.19531;0.20508;0.21484;0.22461;0.23438;0.24414;0.25391;0.26367;0.27344;0.2832;0.29297;0.30273;0.3125;0.32227;0.33203;0.3418;0.35156;0.36133;0.37109;0.38086;0.39063;0.40039;0.41016;0.41992;0.42969;0.43945;0.44922;0.45898;0.46875;0.47852;0.48828;0.49805;0.50781;0.51758;0.52734;0.53711;0.54688;0.55664;0.56641;0.57617;0.58594;0.5957;0.60547;0.61523;0.625;0.63477;0.64453;0.6543;0.66406;0.67383;0.68359;0.69336;0.70313;0.71289;0.72266;0.73242;0.74219;0.75195;0.76172;0.77148;0.78125;0.79102,0.007590912;0.004104192;0.004897792000000001;0.006653952;0.00890368;0.004568063999999999;0.004006912;0.007821312;0.010790912;0.011567104000000002;0.007907328;0.007266304;0.011556864;0.010556416;0.016490496;0.014168064;0.009003008;0.007324672;0.00632832;0.00343552;0.002212864;0.001462272;0.00154624;0.0010291200000000001;0.000932864;0.000915456;0.00068608;0.000733184;0.0008765439999999999;0.0007116799999999999;0.0007188480000000001;0.00062976;0.000497664;0.000347136;0.000356352;0.00042803200000000007;0.000423936;0.000226304;0.000346112;0.00041984;0.000415744;0.000326656;0.000352256;0.000282624;0.00019865600000000002;0.000175104;0.000260096;0.00030105599999999996;0.000262144;0.00028774400000000004;0.00023654400000000002;0.000234496;0.000233472;0.00020889599999999997;0.00020172799999999998;0.000237568;0.00018534400000000002;0.0001536;0.000116736;0.000162816;0.00014848;0.00010752000000000001;0.000114688;0.00010137599999999999;0.000159744;0.000139264;0.000116736;7.475199999999999e-05;7.9872e-05;7.270400000000001e-05;0.000125952;0.000118784;0.000124928;8.704000000000001e-05;5.4272e-05;6.5536e-05;0.00011161600000000001;0.000105472;0.000113664
1789198200,hdr,0.0293;0.03906;0.04883;0.05859;0.06836;0.07813;0.08789;0.09766;0.10742;0.11719;0.12695;0.13672;0.14648;0.15625;0.16602;0.17578;0.18555;0.19531;0.20508;0.21484;0.22461;0.23438;0.24414;0.25391;0.26367;0.27344;0.2832;0.29297;0.30273;0.3125;0.32227;0.33203;0.3418;0.35156;0.36133;0.37109;0.38086;0.39063;0.40039;0.41016;0.41992;0.42969;0.43945;0.44922;0.45898;0.46875;0.47852;0.48828;0.49805;0.50781;0.51758;0.52734;0.53711;0.54688;0.55664;0.56641;0.57617;0.58594;0.5957;0.60547;0.61523;0.625;0.63477;0.64453;0.6543;0.66406;0.67383;0.68359;0.69336;0.70313;0.71289;0.72266;0.73242;0.74219;0.75195;0.76172;0.77148;0.78125;0.79102,0.001741824;0.0018698239999999997;0.0015534079999999998;0.0025344;0.00242176;0.0015779840000000002;0.005118976;0.011877376;0.006762495999999999;0.008018944;0.010276864;0.008743935999999999;0.006839296;0.006948864000000001;0.005204992;0.00363008;0.0053248;0.0053340160000000005;0.005466112;0.0034611200000000003;0.002448384;0.0018595839999999998;0.001824768;0.001483776;0.000779264;0.001273856;0.0008355839999999999;0.0011417600000000001;0.0011007999999999999;0.000694272;0.0007229440000000001;0.0008222720000000001;0.000679936;0.00043724800000000005;0.00050688;0.00037888;0.00040243200000000004;0.00043315199999999996;0.000351232;0.000329728;0.00024063999999999997;0.00020172799999999998;0.00037068800000000004;0.000521216;0.000504832;0.00039219200000000003;0.0005744639999999999;0.000535552;0.000313344;0.000180224;0.00021504000000000003;0.000195584;0.00020377600000000002;0.000196608;0.00014335999999999998;0.000126976;0.00016896;0.00018739199999999998;0.00022323200000000002;0.000151552;0.000120832;0.00010444799999999999;9.3184e-05;9.8304e-05;0.00011571199999999999;0.00011264;0.00014745600000000002;0.00015052799999999998;0.00014540800000000003;0.000125952;0.00011980799999999999;0.000110592;0.000131072;0.00011571199999999999;9.0112e-05;0.000129024;0.00010649599999999999;9.113599999999999e-05;0.000134144
1789199100,hdr,0.0293;0.03906;0.04883;0.05859;0.06836;0.07813;0.08789;0.09766;0.10742;0.11719;0.12695;0.13672;0.14648;0.15625;0.16602;0.17578;0.18555;0.19531;0.20508;0.21484;0.22461;0.23438;0.24414;0.25391;0.26367;0.27344;0.2832;0.29297;0.30273;0.3125;0.32227;0.33203;0.3418;0.35156;0.36133;0.37109;0.38086;0.39063;0.40039;0.41016;0.41992;0.42969;0.43945;0.44922;0.45898;0.46875;0.47852;0.48828;0.49805;0.50781;0.51758;0.52734;0.53711;0.54688;0.55664;0.56641;0.57617;0.58594;0.5957;0.60547;0.61523;0.625;0.63477;0.64453;0.6543;0.66406;0.67383;0.68359;0.69336;0.70313;0.71289;0.72266;0.73242;0.74219;0.75195;0.76172;0.77148;0.78125;0.79102,0.00500224;0.007911424;0.003644416;0.00410624;0.005356544;0.004548608;0.003538944;0.006618112;0.010055680000000001;0.014516224;0.016996352000000003;0.019295232;0.012750848;0.010079232;0.00538624;0.004425728;0.003777536;0.004153344;0.003822592;0.0023296;0.0019435519999999999;0.000953344;0.001011712;0.001031168;0.001091584;0.001125376;0.001110016;0.001005568;0.0009830400000000001;0.000897024;0.000544768;0.0007229440000000001;0.000625664;0.000768;0.000631808;0.00039936;0.0003584;0.000391168;0.000224256;0.00020377600000000002;0.00019865600000000002;0.00013311999999999997;0.000227328;0.00029081600000000006;0.0002816;0.000345088;0.000442368;0.00027033600000000004;0.000279552;0.000165888;0.00022016;0.00015872;0.000217088;0.000226304;0.00016384;0.000139264;0.0001792;0.000210944;0.000152576;0.000141312;0.000136192;7.5776e-05;8.9088e-05;5.5296e-05;4.8128e-05;6.9632e-05;7.9872e-05;0.000116736;0.000126976;0.000128;0.00012288000000000002;5.9392e-05;5.1200000000000004e-05;8.4992e-05;7.68e-05;4.8128e-05;7.167999999999999e-05;0.00010649599999999999;0.000103424
1789200000,hdr,0.0293;0.03906;0.04883;0.05859;0.06836;0.07813;0.08789;0.09766;0.10742;0.11719;0.12695;0.13672;0.14648;0.15625;0.16602;0.17578;0.18555;0.19531;0.20508;0.21484;0.22461;0.23438;0.24414;0.25391;0.26367;0.27344;0.2832;0.29297;0.30273;0.3125;0.32227;0.33203;0.3418;0.35156;0.36133;0.37109;0.38086;0.39063;0.40039;0.41016;0.41992;0.42969;0.43945;0.44922;0.45898;0.46875;0.47852;0.48828;0.49805;0.50781;0.51758;0.52734;0.53711;0.54688;0.55664;0.56641;0.57617;0.58594;0.5957;0.60547;0.61523;0.625;0.63477;0.64453;0.6543;0.66406;0.67383;0.68359;0.69336;0.70313;0.71289;0.72266;0.73242;0.74219;0.75195;0.76172;0.77148;0.78125;0.79102,0.009726976;0.012234752;0.009598976;0.01082368;0.005671936;0.001611776;0.005271552;0.009607168;0.008870912;0.011499520000000001;0.009908224;0.005103616;0.007440384;0.007824384;0.006045696000000001;0.00750592;0.007096320000000001;0.006233088;0.003224576;0.0024064;0.002642944;0.002180096;0.001403904;0.0012113920000000002;0.0012288;0.000786432;0.000761856;0.000842752;0.000769024;0.0006604799999999999;0.000512;0.000434176;0.0005867520000000001;0.00041472;0.000347136;0.0003584;0.00033792;0.00042291200000000006;0.000308224;0.000218112;0.000126976;0.000216064;0.000382976;0.00036249599999999997;0.00051712;0.000366592;0.0005416959999999999;0.00047616000000000005;0.000280576;0.00023552000000000002;0.00019456;0.000176128;0.000165888;0.000136192;0.00018944;0.000191488;0.00016384;0.00017408000000000001;0.000137216;0.00014335999999999998;0.000173056;0.000152576;9.728e-05;9.8304e-05;9.3184e-05;8.2944e-05;0.00010649599999999999;7.372800000000001e-05;0.00011571199999999999;0.000140288;8.704000000000001e-05;0.000114688;0.00011980799999999999;0.000132096;0.000205824;0.0003072;0.000357376;0.00027136;0.00031232
1789200900,hdr,0.0293;0.03906;0.04883;0.05859;0.06836;0.07813;0.08789;0.09766;0.10742;0.11719;0.12695;0.13672;0.14648;0.15625;0.16602;0.17578;0.18555;0.19531;0.20508;0.21484;0.22461;0.23438;0.24414;0.25391;0.26367;0.27344;0.2832;0.29297;0.30273;0.3125;0.32227;0.33203;0.3418;0.35156;0.36133;0.37109;0.38086;0.39063;0.40039;0.41016;0.41992;0.42969;0.43945;0.44922;0.45898;0.46875;0.47852;0.48828;0.49805;0.50781;0.51758;0.52734;0.53711;0.54688;0.55664;0.56641;0.57617;0.58594;0.5957;0.60547;0.61523;0.625;0.63477;0.64453;0.6543;0.66406;0.67383;0.68359;0.69336;0.70313;0.71289;0.72266;0.73242;0.74219;0.75195;0.76172;0.77148;0.78125;0.79102,0.002960384;0.00282624;0.0051599359999999995;0.00418816;0.0025405440000000005;0.0027351040000000004;0.005788672000000001;0.006834176;0.007284736;0.009491456;0.008557568;0.005554176;0.004825088;0.0073082880000000005;0.009143296;0.005435392;0.0046714880000000005;0.004230144;0.003070976;0.001251328;0.0015165439999999999;0.0016250880000000002;0.001538048;0.0009727999999999999;0.000668672;0.000482304;0.0006021119999999999;0.0005754880000000001;0.00054272;0.0007464960000000001;0.0007936;0.000550912;0.000421888;0.000256;0.000458752;0.000366592;0.00030617599999999996;0.000411648;0.00039423999999999997;0.000448512;0.00036761599999999997;0.00035328;0.000319488;0.00029286400000000005;0.000263168;0.00023859199999999998;0.000257024;0.000371712;0.00048025600000000003;0.00040960000000000004;0.0003072;0.00023552000000000002;0.00030617599999999996;0.000323584;0.000218112;0.00019865600000000002;0.000206848;0.00019968;0.00014848;0.00014950399999999998;0.00014950399999999998;0.000126976;0.000142336;0.000100352;0.000118784;0.000134144;0.00010649599999999999;0.000116736;0.00016691200000000002;8.9088e-05;0.00010240000000000001;0.000108544;0.000100352;6.758400000000001e-05;0.00011571199999999999;0.00019968;0.000277504;0.000249856;0.000366592
1789201800,hdr,0.0293;0.03906;0.04883;0.05859;0.06836;0.07813;0.08789;0.09766;0.10742;0.11719;0.12695;0.13672;0.14648;0.15625;0.16602;0.17578;0.18555;0.19531;0.20508;0.21484;0.22461;0.23438;0.24414;0.25391;0.26367;0.27344;0.2832;0.29297;0.30273;0.3125;0.32227;0.33203;0.3418;0.35156;0.36133;0.37109;0.38086;0.39063;0.40039;0.41016;0.41992;0.42969;0.43945;0.44922;0.45898;0.46875;0.47852;0.48828;0.49805;0.50781;0.51758;0.52734;0.53711;0.54688;0.55664;0.56641;0.57617;0.58594;0.5957;0.60547;0.61523;0.625;0.63477;0.64453;0.6543;0.66406;0.67383;0.68359;0.69336;0.70313;0.71289;0.72266;0.73242;0.74219;0.75195;0.76172;0.77148;0.78125;0.79102,0.00290816;0.006571008;0.00485888;0.003861504;0.0037386240000000003;0.0015697920000000002;0.003239936;0.006376448000000001;0.004729856;0.006618112;0.006764544;0.005293056;0.0063846400000000005;0.005952512;0.006268928;0.003735552;0.001969152;0.002588672;0.001926144;0.0018687999999999999;0.00216576;0.001031168;0.000980992;0.0009973760000000001;0.000656384;0.000625664;0.000858112;0.000964608;0.000659456;0.000441344;0.00048742400000000003;0.00036249599999999997;0.00030617599999999996;0.00037478399999999997;0.0003072;0.000242688;0.00029183999999999997;0.00036761599999999997;0.00037785600000000004;0.00027648;0.000303104;0.00042803200000000007;0.000434176;0.00029696;0.000224256;0.00027648;0.000259072;0.00018739199999999998;0.00023244799999999998;0.000173056;0.00021913599999999998;0.000272384;0.00029798400000000005;0.000349184;0.00029491200000000004;0.00022016;0.00025497599999999997;0.00015872;0.000144384;0.00011264;0.00010649599999999999;9.8304e-05;8.8064e-05;0.000156672;0.00014848;7.372800000000001e-05;6.8608e-05;6.4512e-05;0.000113664;0.00013516800000000002;6.655999999999999e-05;6.655999999999999e-05;9.3184e-05;0.000110592;8.2944e-05;8.8064e-05;0.00010752000000000001;0.00010444799999999999;0.000136192
1789202700,hdr,0.0293;0.03906;0.04883;0.05859;0.06836;0.07813;0.08789;0.09766;0.10742;0.11719;0.12695;0.13672;0.14648;0.15625;0.16602;0.17578;0.18555;0.19531;0.20508;0.21484;0.22461;0.23438;0.24414;0.25391;0.26367;0.27344;0.2832;0.29297;0.30273;0.3125;0.32227;0.33203;0.3418;0.35156;0.36133;0.37109;0.38086;0.39063;0.40039;0.41016;0.41992;0.42969;0.43945;0.44922;0.45898;0.46875;0.47852;0.48828;0.49805;0.50781;0.51758;0.52734;0.53711;0.54688;0.55664;0.56641;0.57617;0.58594;0.5957;0.60547;0.61523;0.625;0.63477;0.64453;0.6543;0.66406;0.67383;0.68359;0.69336;0.70313;0.71289;0.72266;0.73242;0.74219;0.75195;0.76172;0.77148;0.78125;0.79102,0.0019189760000000002;0.0012994559999999998;0.0018513919999999999;0.001189888;0.00070656;0.00249344;0.00342016;0.005971968000000001;0.00833024;0.008911872000000001;0.009594879999999998;0.005307392;0.0036823039999999995;0.0035942400000000003;0.004429824;0.005557248000000001;0.0031098880000000003;0.0032020480000000003;0.0036843519999999997;0.0029173759999999997;0.002791424;0.00134144;0.0006676480000000001;0.000623616;0.00091648;0.000807936;0.000623616;0.000561152;0.0006502400000000001;0.0009564160000000001;0.00091136;0.000843776;0.0005847039999999999;0.000524288;0.000282624;0.000244736;0.00041472;0.000423936;0.000406528;0.000308224;0.000326656;0.0005734399999999999;0.00044339199999999997;0.00031129599999999997;0.000321536;0.00030617599999999996;0.000257024;0.00018124799999999998;0.00031232;0.00034816000000000003;0.000323584;0.000222208;0.000233472;0.00028569600000000005;0.00024371200000000001;0.000188416;0.00021504000000000003;0.000125952;0.000165888;0.000251904;0.000162816;0.000131072;0.000157696;0.000173056;0.000131072;0.000129024;0.00013824;8.2944e-05;7.270400000000001e-05;7.782399999999999e-05;5.632e-05;8.704000000000001e-05;0.00010444799999999999;0.00010240000000000001;8.3968e-05;6.8608e-05;7.9872e-05;5.4272e-05;8.6016e-05
1789203600,hdr,0.0293;0.03906;0.04883;0.05859;0.06836;0.07813;0.08789;0.09766;0.10742;0.11719;0.12695;0.13672;0.14648;0.15625;0.16602;0.17578;0.18555;0.19531;0.20508;0.21484;0.22461;0.23438;0.24414;0.25391;0.26367;0.27344;0.2832;0.29297;0.30273;0.3125;0.32227;0.33203;0.3418;0.35156;0.36133;0.37109;0.38086;0.39063;0.40039;0.41016;0.41992;0.42969;0.43945;0.44922;0.45898;0.46875;0.47852;0.48828;0.49805;0.50781;0.51758;0.52734;0.53711;0.54688;0.55664;0.56641;0.57617;0.58594;0.5957;0.60547;0.61523;0.625;0.63477;0.64453;0.6543;0.66406;0.67383;0.68359;0.69336;0.70313;0.71289;0.72266;0.73242;0.74219;0.75195;0.76172;0.77148;0.78125;0.79102,0.001333248;0.004774911999999999;0.0060907520000000005;0.0020633599999999998;0.001959936;0.001555456;0.00118784;0.004285440000000001;0.006940672;0.012304384;0.010463232;0.006366208000000001;0.004225024;0.004511744000000001;0.005248;0.0050728959999999995;0.0038789120000000004;0.0031139839999999998;0.0018882559999999998;0.0014878720000000001;0.0019455999999999998;0.001575936;0.0014592000000000001;0.001209344;0.000642048;0.000561152;0.0006123519999999999;0.000759808;0.000795648;0.0005877759999999999;0.00044339199999999997;0.00034304;0.0006021119999999999;0.000395264;0.00034816000000000003;0.00041779199999999995;0.000452608;0.000515072;0.000400384;0.000493568;0.00043827199999999997;0.000316416;0.000211968;0.00039423999999999997;0.00044646400000000004;0.00027136;0.00018739199999999998;0.000267264;0.00029081600000000006;0.0002816;0.000259072;0.000188416;0.00020275199999999997;0.000263168;0.000313344;0.00022016;0.000162816;0.000167936;0.000197632;0.00013516800000000002;0.00014745600000000002;0.00020480000000000002;0.00010240000000000001;0.00010137599999999999;0.000178176;0.000137216;0.00014950399999999998;0.00013824;0.000110592;0.000151552;0.000137216;0.000100352;8.8064e-05;7.475199999999999e-05;7.782399999999999e-05;7.0656e-05;9.6256e-05;0.00015564799999999998;0.000167936
1789204500,hdr,0.0293;0.03906;0.04883;0.05859;0.06836;0.07813;0.08789;0.09766;0.10742;0.11719;0.12695;0.13672;0.14648;0.15625;0.16602;0.17578;0.18555;0.19531;0.20508;0.21484;0.22461;0.23438;0.24414;0.25391;0.26367;0.27344;0.2832;0.29297;0.30273;0.3125;0.32227;0.33203;0.3418;0.35156;0.36133;0.37109;0.38086;0.39063;0.40039;0.41016;0.41992;0.42969;0.43945;0.44922;0.45898;0.46875;0.47852;0.48828;0.49805;0.50781;0.51758;0.52734;0.53711;0.54688;0.55664;0.56641;0.57617;0.58594;0.5957;0.60547;0.61523;0.625;0.63477;0.64453;0.6543;0.66406;0.67383;0.68359;0.69336;0.70313;0.71289;0.72266;0.73242;0.74219;0.75195;0.76172;0.77148;0.78125;0.79102,0.003208192;0.008080384;0.009689088;0.003613696;0.0025937919999999997;0.001297408;0.000387072;0.005543936;0.007958528;0.004768768;0.0027217920000000002;0.004478976000000001;0.005402624000000001;0.004174848;0.003731456;0.00461824;0.003365888;0.00408064;0.00474112;0.004261888;0.0024576;0.0014817279999999999;0.0012369920000000001;0.0011212799999999999;0.000927744;0.000632832;0.000539648;0.00052736;0.000800768;0.0005703679999999999;0.000626688;0.00052736;0.0005642239999999999;0.0005877759999999999;0.00040960000000000004;0.000375808;0.0002816;0.00034201599999999995;0.00032768;0.000211968;0.000263168;0.00035942400000000006;0.00031232;0.000257024;0.000272384;0.000375808;0.000390144;0.00026112;0.00025088;0.000335872;0.000385024;0.00032768;0.00030105599999999996;0.00026521600000000003;0.00020377600000000002;0.000224256;0.00022323200000000002;0.000233472;0.000272384;0.00024063999999999997;0.000180224;0.000217088;0.000183296;0.000137216;0.000129024;0.000125952;0.00013311999999999997;0.00011264;9.3184e-05;9.113599999999999e-05;7.167999999999999e-05;5.1200000000000004e-05;5.7344e-05;0.00011264;9.728e-05;5.9392e-05;4.1984e-05;4.4032e-05;8.704000000000001e-05
1789205400,hdr,0.0293;0.03906;0.04883;0.05859;0.06836;0.07813;0.08789;0.09766;0.10742;0.11719;0.12695;0.13672;0.14648;0.15625;0.16602;0.17578;0.18555;0.19531;0.20508;0.21484;0.22461;0.23438;0.24414;0.25391;0.26367;0.27344;0.2832;0.29297;0.30273;0.3125;0.32227;0.33203;0.3418;0.35156;0.36133;0.37109;0.38086;0.39063;0.40039;0.41016;0.41992;0.42969;0.43945;0.44922;0.45898;0.46875;0.47852;0.48828;0.49805;0.50781;0.51758;0.52734;0.53711;0.54688;0.55664;0.56641;0.57617;0.58594;0.5957;0.60547;0.61523;0.625;0.63477;0.64453;0.6543;0.66406;0.67383;0.68359;0.69336;0.70313;0.71289;0.72266;0.73242;0.74219;0.75195;0.76172;0.77148;0.78125;0.79102,0.000601088;0.000635904;0.0016916480000000002;0.0012042239999999998;0.002173952;0.001028096;0.000461824;0.007605247999999999;0.005308416;0.007678976;0.011853823999999999;0.006823936;0.005184512;0.004102144;0.0042956800000000005;0.0038932479999999998;0.0032511999999999997;0.002594816;0.0035327999999999996;0.002312192;0.0017305600000000001;0.001790976;0.0013946879999999998;0.001156096;0.000990208;0.000754688;0.00068096;0.0008488959999999999;0.0006737919999999999;0.00039628799999999996;0.0004915200000000001;0.00040345599999999995;0.000626688;0.000351232;0.00023142399999999999;0.000390144;0.00044544;0.000331776;0.000444416;0.000447488;0.0005847039999999999;0.00034816000000000003;0.00032768;0.00030003200000000004;0.00028671999999999997;0.00028569600000000005;0.000325632;0.00028774400000000004;0.00033484799999999995;0.000269312;0.000210944;0.00024576000000000003;0.000218112;0.000280576;0.000264192;0.000248832;0.00029491200000000004;0.000303104;0.00019865600000000002;0.000207872;0.000188416;0.000165888;0.000196608;0.00015872;0.000218112;0.00027033600000000004;0.00016896;0.00016384;0.00013824;7.5776e-05;9.216000000000001e-05;0.000100352;9.216000000000001e-05;8.3968e-05;0.000116736;8.3968e-05;5.8368e-05;6.4512e-05;6.655999999999999e-05
1789206300,hdr,0.0293;0.03906;0.04883;0.05859;0.06836;0.07813;0.08789;0.09766;0.10742;0.11719;0.12695;0.13672;0.14648;0.15625;0.16602;0.17578;0.18555;0.19531;0.20508;0.21484;0.22461;0.23438;0.24414;0.25391;0.26367;0.27344;0.2832;0.29297;0.30273;0.3125;0.32227;0.33203;0.3418;0.35156;0.36133;0.37109;0.38086;0.39063;0.40039;0.41016;0.41992;0.42969;0.43945;0.44922;0.45898;0.46875;0.47852;0.48828;0.49805;0.50781;0.51758;0.52734;0.53711;0.54688;0.55664;0.56641;0.57617;0.58594;0.5957;0.60547;0.61523;0.625;0.63477;0.64453;0.6543;0.66406;0.67383;0.68359;0.69336;0.70313;0.71289;0.72266;0.73242;0.74219;0.75195;0.76172;0.77148;0.78125;0.79102,0.002476032;0.003991552;0.001861632;0.002794496;0.00269824;0.00204288;0.001687552;0.003744768;0.007259135999999999;0.013428736;0.009290752;0.006683648;0.005177344;0.004553728;0.0061777920000000005;0.0060037120000000005;0.003720192;0.00400384;0.0032501760000000005;0.00165888;0.0013752319999999999;0.0014028799999999998;0.000818176;0.0009482239999999999;0.000825344;0.000768;0.000781312;0.000631808;0.00042496;0.000316416;0.00050688;0.000551936;0.000395264;0.00047820800000000004;0.0005406720000000001;0.0005089280000000001;0.000503808;0.00036352;0.00037888;0.00023654400000000002;0.00031232;0.00029900799999999997;0.000272384;0.000234496;0.000162816;0.000211968;0.000200704;0.00020275199999999997;0.000316416;0.00028569600000000005;0.00029593599999999995;0.00028774400000000004;0.000398336;0.00042496;0.00033382400000000003;0.000384;0.0003328;0.000206848;0.000226304;0.000314368;0.000221184;0.000128;0.00011161600000000001;0.00012390399999999998;0.00014335999999999998;0.000205824;0.00015462400000000002;0.00011264;0.00011980799999999999;0.00017408000000000001;0.00011571199999999999;9.8304e-05;0.000157696;0.000139264;0.000242688;0.000260096;0.00015052799999999998;0.000172032;0.000169984
1789207200,hdr,0.0293;0.03906;0.04883;0.05859;0.06836;0.07813;0.08789;0.09766;0.10742;0.11719;0.12695;0.13672;0.14648;0.15625;0.16602;0.17578;0.18555;0.19531;0.20508;0.21484;0.22461;0.23438;0.24414;0.25391;0.26367;0.27344;0.2832;0.29297;0.30273;0.3125;0.32227;0.33203;0.3418;0.35156;0.36133;0.37109;0.38086;0.39063;0.40039;0.41016;0.41992;0.42969;0.43945;0.44922;0.45898;0.46875;0.47852;0.48828;0.49805;0.50781;0.51758;0.52734;0.53711;0.54688;0.55664;0.56641;0.57617;0.58594;0.5957;0.60547;0.61523;0.625;0.63477;0.64453;0.6543;0.66406;0.67383;0.68359;0.69336;0.70313;0.71289;0.72266;0.73242;0.74219;0.75195;0.76172;0.77148;0.78125;0.79102,0.0042086400000000005;0.0066457600000000006;0.0031139839999999998;0.003439616;0.006829056;0.002180096;0.0022732800000000004;0.005471232;0.005462016000000001;0.007359487999999999;0.013627392;0.009563136;0.004809728;0.0044953599999999995;0.004128768;0.005066752000000001;0.004224;0.003039232;0.002475008;0.0029716480000000003;0.002300928;0.001746944;0.0016670720000000001;0.0018042879999999998;0.001165312;0.000671744;0.0007843840000000001;0.00055296;0.0006574080000000001;0.00052736;0.000411648;0.000489472;0.000647168;0.000648192;0.00062464;0.00041779199999999995;0.00040550399999999994;0.000372736;0.00033484799999999995;0.000344064;0.000305152;0.00030003200000000004;0.00029491200000000004;0.000226304;0.000188416;0.000251904;0.000262144;0.000324608;0.000388096;0.000242688;0.000242688;0.00032256;0.000318464;0.000274432;0.000192512;0.00018227199999999998;0.00021913599999999998;0.00034816000000000003;0.000164864;0.00027033600000000004;0.00033382400000000003;0.000228352;0.000262144;0.000188416;0.000126976;0.000108544;0.00010137599999999999;0.000108544;0.000139264;0.00010444799999999999;0.00011980799999999999;9.113599999999999e-05;0.000118784;7.475199999999999e-05;0.000139264;0.00012288000000000002;6.4512e-05;8.2944e-05;0.00010444799999999999
1789208100,hdr,0.0293;0.03906;0.04883;0.05859;0.06836;0.07813;0.08789;0.09766;0.10742;0.11719;0.12695;0.13672;0.14648;0.15625;0.16602;0.17578;0.18555;0.19531;0.20508;0.21484;0.22461;0.23438;0.24414;0.25391;0.26367;0.27344;0.2832;0.29297;0.30273;0.3125;0.32227;0.33203;0.3418;0.35156;0.36133;0.37109;0.38086;0.39063;0.40039;0.41016;0.41992;0.42969;0.43945;0.44922;0.45898;0.46875;0.47852;0.48828;0.49805;0.50781;0.51758;0.52734;0.53711;0.54688;0.55664;0.56641;0.57617;0.58594;0.5957;0.60547;0.61523;0.625;0.63477;0.64453;0.6543;0.66406;0.67383;0.68359;0.69336;0.70313;0.71289;0.72266;0.73242;0.74219;0.75195;0.76172;0.77148;0.78125;0.79102,0.003328;0.00567296;0.005390335999999999;0.002418688;0.002356224;0.00362496;0.0017530879999999999;0.0042496;0.010059776;0.01503232;0.016135168;0.00896;0.004326399999999999;0.004739072;0.005318656;0.004352;0.0035809279999999997;0.002868224;0.001649664;0.002697216;0.003065856;0.001944576;0.001726464;0.000999424;0.0005836799999999999;0.000630784;0.0005836799999999999;0.000692224;0.00041676800000000003;0.00041676800000000003;0.00034816000000000003;0.00044032;0.0005007359999999999;0.000376832;0.00038912;0.000448512;0.000412672;0.000318464;0.00029798400000000005;0.000279552;0.000169984;0.00010956799999999999;0.000229376;0.000234496;0.000169984;0.000191488;0.00017100799999999997;0.000211968;0.000237568;0.000206848;0.000193536;0.00017100799999999997;0.00016691200000000002;0.00029183999999999997;0.000316416;0.000221184;0.00028569600000000005;0.000237568;0.0001536;0.000227328;0.000303104;0.00014950399999999998;0.000114688;8.8064e-05;8.9088e-05;0.00010137599999999999;8.0896e-05;5.7344e-05;8.3968e-05;9.8304e-05;0.00010137599999999999;8.9088e-05;6.758400000000001e-05;8.0896e-05;6.655999999999999e-05;5.632e-05;6.655999999999999e-05;8.2944e-05;7.270400000000001e-05
1789209000,hdr,0.0293;0.03906;0.04883;0.05859;0.06836;0.07813;0.08789;0.09766;0.10742;0.11719;0.12695;0.13672;0.14648;0.15625;0.16602;0.17578;0.18555;0.19531;0.20508;0.21484;0.22461;0.23438;0.24414;0.25391;0.26367;0.27344;0.2832;0.29297;0.30273;0.3125;0.32227;0.33203;0.3418;0.35156;0.36133;0.37109;0.38086;0.39063;0.40039;0.41016;0.41992;0.42969;0.43945;0.44922;0.45898;0.46875;0.47852;0.48828;0.49805;0.50781;0.51758;0.52734;0.53711;0.54688;0.55664;0.56641;0.57617;0.58594;0.5957;0.60547;0.61523;0.625;0.63477;0.64453;0.6543;0.66406;0.67383;0.68359;0.69336;0.70313;0.71289;0.72266;0.73242;0.74219;0.75195;0.76172;0.77148;0.78125;0.79102,0.003024896;0.004943871999999999;0.007063552;0.005551103999999999;0.0036270079999999997;0.0015226880000000001;0.000656384;0.0026009600000000003;0.008180736;0.01483776;0.023497728;0.015451136;0.007317504;0.0034416639999999997;0.0034304;0.003315712;0.00208896;0.002798592;0.00254464;0.001948672;0.0018442240000000002;0.0017326079999999998;0.000937984;0.0013056;0.001043456;0.0006830079999999999;0.00054272;0.0005580800000000001;0.000544768;0.000485376;0.00048127999999999995;0.000529408;0.000413696;0.00035942400000000006;0.000345088;0.000411648;0.00047820800000000004;0.000519168;0.00029696;0.000200704;0.000144384;0.000196608;0.000226304;0.000288768;0.00022016;0.00020992;0.000256;0.000260096;0.000248832;0.000210944;0.00031129599999999997;0.000180224;0.000200704;0.000268288;0.00017100799999999997;0.00033382400000000003;0.000360448;0.000173056;0.000162816;0.000124928;0.000114688;0.000157696;0.000129024;0.00012288000000000002;0.00014335999999999998;0.000113664;0.000131072;5.9392e-05;7.68e-05;8.4992e-05;7.68e-05;5.9392e-05;5.9392e-05;7.372800000000001e-05;6.0416e-05;5.1200000000000004e-05;4.5056e-05;4.096e-05;4.8128e-05
1789209900,hdr,0.0293;0.03906;0.04883;0.05859;0.06836;0.07813;0.08789;0.09766;0.10742;0.11719;0.12695;0.13672;0.14648;0.15625;0.16602;0.17578;0.18555;0.19531;0.20508;0.21484;0.22461;0.23438;0.24414;0.25391;0.26367;0.27344;0.2832;0.29297;0.30273;0.3125;0.32227;0.33203;0.3418;0.35156;0.36133;0.37109;0.38086;0.39063;0.40039;0.41016;0.41992;0.42969;0.43945;0.44922;0.45898;0.46875;0.47852;0.48828;0.49805;0.50781;0.51758;0.52734;0.53711;0.54688;0.55664;0.56641;0.57617;0.58594;0.5957;0.60547;0.61523;0.625;0.63477;0.64453;0.6543;0.66406;0.67383;0.68359;0.69336;0.70313;0.71289;0.72266;0.73242;0.74219;0.75195;0.76172;0.77148;0.78125;0.79102,0.0005744639999999999;0.000898048;0.001098752;0.001581056;0.001000448;0.00039423999999999997;0.0018083840000000001;0.008511488;0.00858624;0.005384192;0.007042048;0.005903360000000001;0.004717568;0.0042752;0.003224576;0.0016977919999999998;0.002180096;0.0020101119999999997;0.0024104960000000003;0.002060288;0.001345536;0.00131584;0.0007106559999999999;0.000658432;0.0007219199999999999;0.0006041600000000001;0.00047411199999999995;0.00052224;0.0003072;0.000447488;0.000192512;0.00026112;0.00036352;0.000258048;0.000224256;0.00019968;0.000226304;0.000400384;0.000242688;0.00029696;0.00046796800000000003;0.000289792;0.000256;0.000384;0.000173056;0.00018432000000000002;0.000141312;0.000167936;0.00020992;0.00010444799999999999;0.00015462400000000002;0.000289792;0.000257024;0.000196608;0.000178176;0.00013516800000000002;0.000140288;0.000167936;0.00014950399999999998;0.000126976;0.00010240000000000001;0.000134144;7.475199999999999e-05;7.475199999999999e-05;0.000113664;9.728e-05;9.4208e-05;7.782399999999999e-05;4.096e-05;6.5536e-05;7.0656e-05;5.632e-05;4.4032e-05;3.4816e-05;4.9152e-05;3.1744e-05;3.6864000000000005e-05;6.655999999999999e-05;7.372800000000001e-05
1789210800,hdr,0.0293;0.03906;0.04883;0.05859;0.06836;0.07813;0.08789;0.09766;0.10742;0.11719;0.12695;0.13672;0.14648;0.15625;0.16602;0.17578;0.18555;0.19531;0.20508;0.21484;0.22461;0.23438;0.24414;0.25391;0.26367;0.27344;0.2832;0.29297;0.30273;0.3125;0.32227;0.33203;0.3418;0.35156;0.36133;0.37109;0.38086;0.39063;0.40039;0.41016;0.41992;0.42969;0.43945;0.44922;0.45898;0.46875;0.47852;0.48828;0.49805;0.50781;0.51758;0.52734;0.53711;0.54688;0.55664;0.56641;0.57617;0.58594;0.5957;0.60547;0.61523;0.625;0.63477;0.64453;0.6543;0.66406;0.67383;0.68359;0.69336;0.70313;0.71289;0.72266;0.73242;0.74219;0.75195;0.76172;0.77148;0.78125;0.79102,0.0019537919999999998;0.0024852480000000002;0.0031426559999999997;0.0041093119999999995;0.0019650559999999997;0.0009400319999999999;0.001729536;0.007804928;0.009306112000000002;0.011808768;0.022751232;0.020103168;0.004469760000000001;0.002468864;0.00245248;0.0025262080000000003;0.0022732800000000004;0.002712576;0.002512896;0.0020172799999999998;0.001746944;0.001091584;0.001119232;0.0012462080000000002;0.000823296;0.000386048;0.00029696;0.000605184;0.0005888;0.00039219200000000003;0.000216064;0.00025497599999999997;0.000256;0.00034099200000000003;0.00041062399999999995;0.000282624;0.000242688;0.00035430400000000006;0.00036454399999999996;0.000244736;0.000259072;0.00028569600000000005;0.000308224;0.00029286400000000005;0.00028569600000000005;0.000226304;0.000183296;0.000128;9.728e-05;0.000192512;0.000218112;0.000190464;0.000134144;0.000108544;0.00014335999999999998;0.000142336;0.00026623999999999994;0.00028774400000000004;0.00014848;5.632e-05;7.475199999999999e-05;7.270400000000001e-05;9.932800000000001e-05;8.2944e-05;8.704000000000001e-05;8.6016e-05;8.192e-05;5.7344e-05;5.632e-05;8.4992e-05;6.5536e-05;3.4816e-05;3.0720000000000004e-05;3.5839999999999996e-05;4.6080000000000006e-05;3.0720000000000004e-05;4.096e-05;3.1744e-05;2.3552e-05
1789211700,hdr,0.0293;0.03906;0.04883;0.05859;0.06836;0.07813;0.08789;0.09766;0.10742;0.11719;0.12695;0.13672;0.14648;0.15625;0.16602;0.17578;0.18555;0.19531;0.20508;0.21484;0.22461;0.23438;0.24414;0.25391;0.26367;0.27344;0.2832;0.29297;0.30273;0.3125;0.32227;0.33203;0.3418;0.35156;0.36133;0.37109;0.38086;0.39063;0.40039;0.41016;0.41992;0.42969;0.43945;0.44922;0.45898;0.46875;0.47852;0.48828;0.49805;0.50781;0.51758;0.52734;0.53711;0.54688;0.55664;0.56641;0.57617;0.58594;0.5957;0.60547;0.61523;0.625;0.63477;0.64453;0.6543;0.66406;0.67383;0.68359;0.69336;0.70313;0.71289;0.72266;0.73242;0.74219;0.75195;0.76172;0.77148;0.78125;0.79102,0.00325632;0.007994368;0.006185984;0.004139008;0.0040294400000000005;0.0036403200000000003;0.003382272;0.005301248000000001;0.012443648;0.020662272000000002;0.011704319999999999;0.009545728000000002;0.005535744;0.004298752;0.002752512;0.001972224;0.002966528;0.0030033919999999997;0.00198656;0.001975296;0.00197632;0.0011796480000000002;0.0007290879999999999;0.0007249919999999999;0.0007352319999999999;0.000687104;0.0006912;0.000633856;0.000744448;0.0005724160000000001;0.000694272;0.0006277120000000001;0.00033894400000000004;0.000260096;0.000252928;0.000316416;0.0003584;0.000321536;0.000227328;0.00024371200000000001;0.000120832;0.000114688;0.00024371200000000001;0.000222208;0.000216064;0.000197632;0.000216064;0.000314368;0.00037068800000000004;0.000234496;0.000128;0.00018124799999999998;0.000278528;0.00027033600000000004;0.000503808;0.000282624;0.00018739199999999998;0.00018227199999999998;0.000226304;0.00023552000000000002;0.000226304;0.00023040000000000002;0.000164864;0.000173056;0.000167936;0.000110592;7.5776e-05;5.222399999999999e-05;7.372800000000001e-05;7.167999999999999e-05;5.8368e-05;7.167999999999999e-05;6.2464e-05;5.5296e-05;5.5296e-05;7.0656e-05;4.4032e-05;4.3008e-05;7.8848e-05
1789212600,hdr,0.0293;0.03906;0.04883;0.05859;0.06836;0.07813;0.08789;0.09766;0.10742;0.11719;0.12695;0.13672;0.14648;0.15625;0.16602;0.17578;0.18555;0.19531;0.20508;0.21484;0.22461;0.23438;0.24414;0.25391;0.26367;0.27344;0.2832;0.29297;0.30273;0.3125;0.32227;0.33203;0.3418;0.35156;0.36133;0.37109;0.38086;0.39063;0.40039;0.41016;0.41992;0.42969;0.43945;0.44922;0.45898;0.46875;0.47852;0.48828;0.49805;0.50781;0.51758;0.52734;0.53711;0.54688;0.55664;0.56641;0.57617;0.58594;0.5957;0.60547;0.61523;0.625;0.63477;0.64453;0.6543;0.66406;0.67383;0.68359;0.69336;0.70313;0.71289;0.72266;0.73242;0.74219;0.75195;0.76172;0.77148;0.78125;0.79102,0.00354304;0.00721408;0.003006464;0.002354176;0.0027402240000000003;0.0014581759999999998;0.004969472;0.009117696;0.0102912;0.00932352;0.017480703999999996;0.020554752;0.0075970560000000005;0.0028272640000000003;0.003072;0.002587648;0.004128768;0.003795968;0.002188288;0.001298432;0.0010813440000000001;0.0006144;0.000463872;0.00057856;0.000785408;0.000776192;0.00052736;0.0004986880000000001;0.000505856;0.000654336;0.000674816;0.000635904;0.00076288;0.000887808;0.001302528;0.000789504;0.00036761599999999997;0.000274432;0.00027648;0.00029593599999999995;0.000339968;0.00029798400000000005;0.00049664;0.00041984;0.00028774400000000004;0.00029696;0.00018227199999999998;0.000176128;0.00020889599999999997;0.000140288;0.000253952;0.000173056;0.00018534400000000002;0.00028671999999999997;0.000237568;0.0001792;0.000180224;0.00018227199999999998;0.000196608;0.00027136;0.000257024;0.00021504000000000003;0.000180224;0.00012288000000000002;0.000259072;0.000197632;0.000172032;0.00024780799999999997;0.000217088;0.00027033600000000004;0.00013516800000000002;0.000159744;0.00022323200000000002;0.000249856;0.00012390399999999998;0.000262144;0.000172032;0.00026112;0.00036249599999999997
1789213500,hdr,0.0293;0.03906;0.04883;0.05859;0.06836;0.07813;0.08789;0.09766;0.10742;0.11719;0.12695;0.13672;0.14648;0.15625;0.16602;0.17578;0.18555;0.19531;0.20508;0.21484;0.22461;0.23438;0.24414;0.25391;0.26367;0.27344;0.2832;0.29297;0.30273;0.3125;0.32227;0.33203;0.3418;0.35156;0.36133;0.37109;0.38086;0.39063;0.40039;0.41016;0.41992;0.42969;0.43945;0.44922;0.45898;0.46875;0.47852;0.48828;0.49805;0.50781;0.51758;0.52734;0.53711;0.54688;0.55664;0.56641;0.57617;0.58594;0.5957;0.60547;0.61523;0.625;0.63477;0.64453;0.6543;0.66406;0.67383;0.68359;0.69336;0.70313;0.71289;0.72266;0.73242;0.74219;0.75195;0.76172;0.77148;0.78125;0.79102,0.0014847999999999999;0.010667008;0.01020928;0.0034754559999999996;0.003364864;0.002936832;0.0026009600000000003;0.006055936;0.011138048;0.012545024;0.013663231999999999;0.014061568;0.008481792000000002;0.00656896;0.005070848;0.00241152;0.003551232;0.002382848;0.003013632;0.002453504;0.001519616;0.0014438399999999998;0.001406976;0.000764928;0.000712704;0.0007116799999999999;0.000549888;0.000350208;0.000356352;0.000331776;0.00034099200000000003;0.00048127999999999995;0.0006082559999999999;0.00041676800000000003;0.000516096;0.000623616;0.001002496;0.00194048;0.001604608;0.001165312;0.000825344;0.000441344;0.000324608;0.000331776;0.00020480000000000002;0.00016384;0.000274432;0.00026112;0.000191488;0.000157696;0.000207872;0.000325632;0.00031744;0.00029798400000000005;0.00029798400000000005;0.0003584;0.000229376;0.00020992;0.000165888;0.0001536;0.000196608;0.00023142399999999999;0.00024576000000000003;0.00028671999999999997;0.00030003200000000004;0.000152576;0.00016896;0.000256;0.000152576;0.00016691200000000002;0.00013824;0.000195584;0.00015462400000000002;0.000210944;0.00018227199999999998;0.00021504000000000003;0.00029286400000000005;0.00046592000000000004;0.000324608
1789214400,hdr,0.0293;0.03906;0.04883;0.05859;0.06836;0.07813;0.08789;0.09766;0.10742;0.11719;0.12695;0.13672;0.14648;0.15625;0.16602;0.17578;0.18555;0.19531;0.20508;0.21484;0.22461;0.23438;0.24414;0.25391;0.26367;0.27344;0.2832;0.29297;0.30273;0.3125;0.32227;0.33203;0.3418;0.35156;0.36133;0.37109;0.38086;0.39063;0.40039;0.41016;0.41992;0.42969;0.43945;0.44922;0.45898;0.46875;0.47852;0.48828;0.49805;0.50781;0.51758;0.52734;0.53711;0.54688;0.55664;0.56641;0.57617;0.58594;0.5957;0.60547;0.61523;0.625;0.63477;0.64453;0.6543;0.66406;0.67383;0.68359;0.69336;0.70313;0.71289;0.72266;0.73242;0.74219;0.75195;0.76172;0.77148;0.78125;0.79102,0.011057152;0.01068032;0.00480768;0.004670464;0.003167232;0.0023296;0.00375296;0.007498751999999999;0.008619008;0.010569727999999999;0.0075970560000000005;0.01291264;0.00828416;0.0033955839999999997;0.003421184;0.0020981759999999998;0.002204672;0.001476608;0.002458624;0.0016895999999999999;0.001666048;0.001460224;0.0011120639999999998;0.0009523200000000001;0.000923648;0.0005478400000000001;0.000775168;0.000666624;0.000566272;0.0005980159999999999;0.000408576;0.000380928;0.0004352;0.00029491200000000004;0.00030412799999999997;0.00020889599999999997;0.00026112;0.00036864000000000005;0.000315392;0.00026521600000000003;0.000347136;0.000412672;0.000521216;0.000534528;0.000401408;0.000193536;0.000248832;0.00033382400000000003;0.000221184;0.000237568;0.00018124799999999998;0.000165888;0.000152576;0.000159744;0.000178176;0.000180224;0.00011571199999999999;0.000192512;0.00033382400000000003;0.00035328;0.000210944;0.00014848;0.000162816;0.000167936;0.000137216;0.00014950399999999998;0.000195584;0.00010752000000000001;9.5232e-05;0.000113664;0.000129024;0.000137216;0.00013824;0.00029183999999999997;0.000324608;0.000313344;0.00032870400000000003;0.00042803200000000007;0.000565248
1789215300,hdr,0.0293;0.03906;0.04883;0.05859;0.06836;0.07813;0.08789;0.09766;0.10742;0.11719;0.12695;0.13672;0.14648;0.15625;0.16602;0.17578;0.18555;0.19531;0.20508;0.21484;0.22461;0.23438;0.24414;0.25391;0.26367;0.27344;0.2832;0.29297;0.30273;0.3125;0.32227;0.33203;0.3418;0.35156;0.36133;0.37109;0.38086;0.39063;0.40039;0.41016;0.41992;0.42969;0.43945;0.44922;0.45898;0.46875;0.47852;0.48828;0.49805;0.50781;0.51758;0.52734;0.53711;0.54688;0.55664;0.56641;0.57617;0.58594;0.5957;0.60547;0.61523;0.625;0.63477;0.64453;0.6543;0.66406;0.67383;0.68359;0.69336;0.70313;0.71289;0.72266;0.73242;0.74219;0.75195;0.76172;0.77148;0.78125;0.79102,0.0027658239999999996;0.006836223999999999;0.003592192;0.00098816;0.0032204799999999995;0.003400704;0.004822015999999999;0.003610624;0.010893312;0.015084544;0.013522944000000002;0.013170688;0.009715712;0.005326848;0.003236864;0.00165376;0.001958912;0.001906688;0.0022323200000000003;0.002445312;0.0015165439999999999;0.001119232;0.0008488959999999999;0.000751616;0.0011735040000000001;0.00103424;0.00131072;0.0012646399999999998;0.0005754880000000001;0.000423936;0.000520192;0.00040960000000000004;0.00029081600000000006;0.00044032;0.00045056;0.000308224;0.000314368;0.00038912;0.000421888;0.000421888;0.000308224;0.000360448;0.00047923199999999995;0.00051712;0.000663552;0.000524288;0.000528384;0.000504832;0.000313344;0.00020172799999999998;0.0001792;0.0003072;0.00031232;0.00030617599999999996;0.000324608;0.00023961599999999998;0.000253952;0.00023859199999999998;0.000248832;0.00028671999999999997;0.00037376;0.000329728;0.00032256;0.000313344;0.000282624;0.000268288;0.00022528;0.0001792;0.000192512;0.000241664;0.00028671999999999997;0.000195584;0.00014643200000000002;0.000169984;0.00019865600000000002;0.00018227199999999998;0.00017715200000000003;0.00018739199999999998;0.00018124799999999998
1789216200,hdr,0.0293;0.03906;0.04883;0.05859;0.06836;0.07813;0.08789;0.09766;0.10742;0.11719;0.12695;0.13672;0.14648;0.15625;0.16602;0.17578;0.18555;0.19531;0.20508;0.21484;0.22461;0.23438;0.24414;0.25391;0.26367;0.27344;0.2832;0.29297;0.30273;0.3125;0.32227;0.33203;0.3418;0.35156;0.36133;0.37109;0.38086;0.39063;0.40039;0.41016;0.41992;0.42969;0.43945;0.44922;0.45898;0.46875;0.47852;0.48828;0.49805;0.50781;0.51758;0.52734;0.53711;0.54688;0.55664;0.56641;0.57617;0.58594;0.5957;0.60547;0.61523;0.625;0.63477;0.64453;0.6543;0.66406;0.67383;0.68359;0.69336;0.70313;0.71289;0.72266;0.73242;0.74219;0.75195;0.76172;0.77148;0.78125;0.79102,0.0012462080000000002;0.003264512;0.002491392;0.00092672;0.0013117439999999999;0.002154496;0.0026490879999999995;0.005398528;0.007102464;0.008946688;0.010501120000000001;0.01224192;0.005990400000000001;0.004234239999999999;0.004161536;0.004043776000000001;0.00277504;0.002151424;0.002547712;0.001441792;0.00115712;0.001165312;0.0014735360000000001;0.000990208;0.000905216;0.000617472;0.000871424;0.000922624;0.00079872;0.000723968;0.0007229440000000001;0.000837632;0.0008704;0.000802816;0.0008212479999999999;0.0011694079999999998;0.0007188480000000001;0.0008366080000000001;0.00076288;0.0005754880000000001;0.000738304;0.000734208;0.000698368;0.000666624;0.000372736;0.00047820800000000004;0.0005713920000000001;0.0004986880000000001;0.00047718399999999996;0.00064;0.0005089280000000001;0.000387072;0.00049664;0.000842752;0.00107008;0.0007055360000000001;0.00097792;0.0009697280000000001;0.0009768959999999999;0.000499712;0.0008601600000000001;0.0005847039999999999;0.00046489599999999996;0.00028671999999999997;0.00035532799999999997;0.00029900799999999997;0.000205824;0.00020889599999999997;0.00026112;0.000156672;0.000134144;0.000162816;0.000128;9.5232e-05;8.4992e-05;0.00010649599999999999;0.00020172799999999998;0.000139264;0.000137216
1789217100,hdr,0.0293;0.03906;0.04883;0.05859;0.06836;0.07813;0.08789;0.09766;0.10742;0.11719;0.12695;0.13672;0.14648;0.15625;0.16602;0.17578;0.18555;0.19531;0.20508;0.21484;0.22461;0.23438;0.24414;0.25391;0.26367;0.27344;0.2832;0.29297;0.30273;0.3125;0.32227;0.33203;0.3418;0.35156;0.36133;0.37109;0.38086;0.39063;0.40039;0.41016;0.41992;0.42969;0.43945;0.44922;0.45898;0.46875;0.47852;0.48828;0.49805;0.50781;0.51758;0.52734;0.53711;0.54688;0.55664;0.56641;0.57617;0.58594;0.5957;0.60547;0.61523;0.625;0.63477;0.64453;0.6543;0.66406;0.67383;0.68359;0.69336;0.70313;0.71289;0.72266;0.73242;0.74219;0.75195;0.76172;0.77148;0.78125;0.79102,0.000108544;0.0006993920000000001;0.001078272;0.000434176;0.00079872;0.001308672;0.005122048000000001;0.011452416;0.011791359999999999;0.011395072000000001;0.015294464;0.017451008;0.010159103999999999;0.004134912;0.0036311040000000004;0.002466816;0.002402304;0.0021299199999999996;0.001845248;0.001961984;0.0018196479999999999;0.0011448320000000001;0.001073152;0.000731136;0.000674816;0.000642048;0.000499712;0.00037376;0.000459776;0.00036352;0.00040448000000000003;0.000393216;0.000548864;0.000653312;0.000534528;0.000319488;0.000372736;0.000439296;0.000545792;0.00042496;0.000475136;0.000387072;0.000310272;0.0004352;0.00054272;0.000760832;0.00100352;0.0008151040000000001;0.000987136;0.000468992;0.0009431040000000001;0.001048576;0.000502784;0.00068096;0.001333248;0.001787904;0.0019394560000000002;0.0018135039999999999;0.001702912;0.001645568;0.001348608;0.0014172160000000002;0.001071104;0.0011151359999999999;0.000692224;0.0006891520000000001;0.000611328;0.000504832;0.000555008;0.0004915200000000001;0.0005304320000000001;0.00034201599999999995;0.000196608;0.00022016;0.000210944;0.00018739199999999998;0.00017100799999999997;0.000120832;0.000136192
1789218900,hdr,0.0293;0.03906;0.04883;0.05859;0.06836;0.07813;0.08789;0.09766;0.10742;0.11719;0.12695;0.13672;0.14648;0.15625;0.16602;0.17578;0.18555;0.19531;0.20508;0.21484;0.22461;0.23438;0.24414;0.25391;0.26367;0.27344;0.2832;0.29297;0.30273;0.3125;0.32227;0.33203;0.3418;0.35156;0.36133;0.37109;0.38086;0.39063;0.40039;0.41016;0.41992;0.42969;0.43945;0.44922;0.45898;0.46875;0.47852;0.48828;0.49805;0.50781;0.51758;0.52734;0.53711;0.54688;0.55664;0.56641;0.57617;0.58594;0.5957;0.60547;0.61523;0.625;0.63477;0.64453;0.6543;0.66406;0.67383;0.68359;0.69336;0.70313;0.71289;0.72266;0.73242;0.74219;0.75195;0.76172;0.77148;0.78125;0.79102,0.00153088;0.002945024;0.0013793280000000002;0.000371712;0.002236416;0.000999424;0.002844672;0.007157759999999999;0.010276864;0.014491648;0.012503040000000002;0.016569344;0.012955647999999998;0.0051968;0.004050944000000001;0.002737152;0.002332672;0.002149376;0.00194048;0.001774592;0.0016128;0.001253376;0.0008212479999999999;0.000646144;0.000748544;0.000694272;0.0009584639999999999;0.000515072;0.0005468159999999999;0.000582656;0.000316416;0.000620544;0.00052736;0.00035942400000000006;0.00043724800000000005;0.000454656;0.000576512;0.000703488;0.000768;0.000577536;0.0003584;0.000263168;0.000258048;0.000195584;0.000229376;0.00028671999999999997;0.000131072;0.000129024;0.000190464;0.00024576000000000003;0.000206848;0.000139264;0.00010752000000000001;0.000172032;0.000206848;0.000169984;0.000191488;0.000253952;0.00040448000000000003;0.000326656;0.00032256;0.000222208;0.000252928;0.0002816;0.000351232;0.0006912;0.001007616;0.000738304;0.000253952;0.000226304;0.00032768;0.000308224;0.00029286400000000005;0.000393216;0.000310272;0.00018432000000000002;0.00014540800000000003;0.00016691200000000002;0.00017408000000000001
1789219800,hdr,0.0293;0.03906;0.04883;0.05859;0.06836;0.07813;0.08789;0.09766;0.10742;0.11719;0.12695;0.13672;0.14648;0.15625;0.16602;0.17578;0.18555;0.19531;0.20508;0.21484;0.22461;0.23438;0.24414;0.25391;0.26367;0.27344;0.2832;0.29297;0.30273;0.3125;0.32227;0.33203;0.3418;0.35156;0.36133;0.37109;0.38086;0.39063;0.40039;0.41016;0.41992;0.42969;0.43945;0.44922;0.45898;0.46875;0.47852;0.48828;0.49805;0.50781;0.51758;0.52734;0.53711;0.54688;0.55664;0.56641;0.57617;0.58594;0.5957;0.60547;0.61523;0.625;0.63477;0.64453;0.6543;0.66406;0.67383;0.68359;0.69336;0.70313;0.71289;0.72266;0.73242;0.74219;0.75195;0.76172;0.77148;0.78125;0.79102,7.168e-06;1.024e-06;0.000387072;0.000987136;0.0009564160000000001;0.000386048;0.0015769599999999999;0.006796287999999999;0.009999359999999999;0.011206656;0.011313152;0.018136064000000004;0.018976768;0.012556288;0.00719872;0.002832384;0.0010014719999999998;0.0013568;0.002633728;0.0019087359999999999;0.001490944;0.00155648;0.0007096320000000001;0.00040243200000000004;0.0005099519999999999;0.000551936;0.000632832;0.000768;0.000923648;0.0016916480000000002;0.0021903359999999998;0.0030371839999999996;0.002847744;0.001580032;0.001655808;0.001188864;0.001273856;0.001242112;0.001119232;0.000744448;0.000386048;0.000401408;0.00041472;0.000371712;0.00036864000000000005;0.00031744;0.000323584;0.00029696;0.000256;0.000206848;0.00036761599999999997;0.000442368;0.000191488;9.5232e-05;0.000159744;0.00018944;0.000161792;0.000176128;0.00020480000000000002;0.00029696;0.00027340799999999994;0.000126976;6.8608e-05;0.00015564799999999998;0.00013311999999999997;0.00012288000000000002;8.4992e-05;5.8368e-05;6.144000000000001e-05;7.8848e-05;0.00011161600000000001;9.0112e-05;6.9632e-05;8.4992e-05;9.216000000000001e-05;6.758400000000001e-05;4.3008e-05;4.3008e-05;4.3008e-05
1789220700,hdr,0.0293;0.03906;0.04883;0.05859;0.06836;0.07813;0.08789;0.09766;0.10742;0.11719;0.12695;0.13672;0.14648;0.15625;0.16602;0.17578;0.18555;0.19531;0.20508;0.21484;0.22461;0.23438;0.24414;0.25391;0.26367;0.27344;0.2832;0.29297;0.30273;0.3125;0.32227;0.33203;0.3418;0.35156;0.36133;0.37109;0.38086;0.39063;0.40039;0.41016;0.41992;0.42969;0.43945;0.44922;0.45898;0.46875;0.47852;0.48828;0.49805;0.50781;0.51758;0.52734;0.53711;0.54688;0.55664;0.56641;0.57617;0.58594;0.5957;0.60547;0.61523;0.625;0.63477;0.64453;0.6543;0.66406;0.67383;0.68359;0.69336;0.70313;0.71289;0.72266;0.73242;0.74219;0.75195;0.76172;0.77148;0.78125;0.79102,0.00052224;0.00034304;0.001227776;0.000843776;0.000401408;0.001902592;0.00456192;0.013581312;0.012052479999999999;0.016374783999999996;0.01865728;0.014393344;0.009966592;0.012518399999999999;0.007083008000000001;0.0031938559999999997;0.001929216;0.0015616000000000002;0.001656832;0.0019650559999999997;0.0017489920000000002;0.001563648;0.0011212799999999999;0.0012687360000000001;0.00188928;0.000932864;0.0012165119999999999;0.0014878720000000001;0.001729536;0.001227776;0.0006830079999999999;0.000544768;0.0015964160000000002;0.0022476799999999997;0.0021442559999999998;0.00293888;0.00287744;0.001662976;0.001232896;0.001581056;0.0015687680000000001;0.001746944;0.001122304;0.00110592;0.000937984;0.000536576;0.000837632;0.000996352;0.000401408;0.00042291200000000006;0.000365568;0.000210944;0.000226304;0.000246784;0.00020172799999999998;0.00027136;0.000329728;0.00020275199999999997;0.00021913599999999998;0.0003584;0.00036864000000000005;0.00029593599999999995;0.000211968;0.000160768;0.00013311999999999997;9.216000000000001e-05;8.6016e-05;9.3184e-05;0.000105472;0.00010240000000000001;0.00011571199999999999;8.2944e-05;7.372800000000001e-05;6.144000000000001e-05;5.0176e-05;2.9696e-05;3.5839999999999996e-05;4.5056e-05;4.1984e-05
1789221600,hdr,0.0293;0.03906;0.04883;0.05859;0.06836;0.07813;0.08789;0.09766;0.10742;0.11719;0.12695;0.13672;0.14648;0.15625;0.16602;0.17578;0.18555;0.19531;0.20508;0.21484;0.22461;0.23438;0.24414;0.25391;0.26367;0.27344;0.2832;0.29297;0.30273;0.3125;0.32227;0.33203;0.3418;0.35156;0.36133;0.37109;0.38086;0.39063;0.40039;0.41016;0.41992;0.42969;0.43945;0.44922;0.45898;0.46875;0.47852;0.48828;0.49805;0.50781;0.51758;0.52734;0.53711;0.54688;0.55664;0.56641;0.57617;0.58594;0.5957;0.60547;0.61523;0.625;0.63477;0.64453;0.6543;0.66406;0.67383;0.68359;0.69336;0.70313;0.71289;0.72266;0.73242;0.74219;0.75195;0.76172;0.77148;0.78125;0.79102,0.000136192;6.3488e-05;0.00017715200000000003;0.00023244799999999998;0.000625664;0.0011632640000000002;0.00472064;0.008138752;0.01212416;0.013507584;0.01588224;0.026685439999999998;0.031389696;0.019801088;0.009279488;0.004768768;0.0035287039999999997;0.002084864;0.00152576;0.001420288;0.001048576;0.000776192;0.0006830079999999999;0.0006092800000000001;0.0006993920000000001;0.000789504;0.001015808;0.001579008;0.0018483199999999999;0.00257024;0.0037662719999999998;0.0020746239999999997;0.00100352;0.00044544;0.000719872;0.0011735040000000001;0.000898048;0.000847872;0.001396736;0.000714752;0.0006574080000000001;0.001074176;0.00085504;0.0008355839999999999;0.001243136;0.0012748800000000002;0.00155648;0.001388544;0.001811456;0.001882112;0.0015431680000000001;0.0012247039999999999;0.001220608;0.0015534079999999998;0.0019660800000000003;0.0012544;0.000996352;0.001071104;0.0006973439999999999;0.000579584;0.000719872;0.00047206399999999996;0.000376832;0.00036454399999999996;0.000447488;0.000222208;0.000164864;0.00015052799999999998;0.00022528;0.00017100799999999997;0.00017715200000000003;0.000195584;0.000105472;6.4512e-05;0.00010444799999999999;0.000108544;8.192e-05;4.5056e-05;5.8368e-05
1789222500,hdr,0.0293;0.03906;0.04883;0.05859;0.06836;0.07813;0.08789;0.09766;0.10742;0.11719;0.12695;0.13672;0.14648;0.15625;0.16602;0.17578;0.18555;0.19531;0.20508;0.21484;0.22461;0.23438;0.24414;0.25391;0.26367;0.27344;0.2832;0.29297;0.30273;0.3125;0.32227;0.33203;0.3418;0.35156;0.36133;0.37109;0.38086;0.39063;0.40039;0.41016;0.41992;0.42969;0.43945;0.44922;0.45898;0.46875;0.47852;0.48828;0.49805;0.50781;0.51758;0.52734;0.53711;0.54688;0.55664;0.56641;0.57617;0.58594;0.5957;0.60547;0.61523;0.625;0.63477;0.64453;0.6543;0.66406;0.67383;0.68359;0.69336;0.70313;0.71289;0.72266;0.73242;0.74219;0.75195;0.76172;0.77148;0.78125;0.79102,0.000193536;0.000965632;0.0012646399999999998;0.0007976959999999999;0.0025743360000000004;0.002828288;0.004630528;0.00526336;0.012739584;0.01220096;0.013448192000000001;0.027768832;0.027697152;0.014424064;0.005993472;0.0033310719999999996;0.0033546239999999996;0.0033218559999999998;0.002226176;0.001359872;0.00109056;0.001337344;0.00105472;0.000909312;0.000630784;0.000933888;0.000905216;0.00080384;0.000891904;0.0017018880000000001;0.003295232;0.004122624;0.00344576;0.002768896;0.00170496;0.001065984;0.000776192;0.0008509440000000001;0.0012369920000000001;0.001647616;0.001086464;0.0008048640000000001;0.0005304320000000001;0.000324608;0.00027648;0.000349184;0.000503808;0.000661504;0.0005836799999999999;0.000420864;0.000761856;0.000672768;0.000687104;0.000779264;0.000780288;0.000922624;0.000400384;0.0004884479999999999;0.000714752;0.0008929280000000001;0.000483328;0.00061952;0.000371712;0.000272384;0.000485376;0.000507904;0.00042496;0.000457728;0.00041676800000000003;0.000280576;0.000244736;0.00034304;0.000221184;0.00020480000000000002;0.000192512;8.0896e-05;0.000142336;0.000229376;0.00010444799999999999
1789223400,hdr,0.0293;0.03906;0.04883;0.05859;0.06836;0.07813;0.08789;0.09766;0.10742;0.11719;0.12695;0.13672;0.14648;0.15625;0.16602;0.17578;0.18555;0.19531;0.20508;0.21484;0.22461;0.23438;0.24414;0.25391;0.26367;0.27344;0.2832;0.29297;0.30273;0.3125;0.32227;0.33203;0.3418;0.35156;0.36133;0.37109;0.38086;0.39063;0.40039;0.41016;0.41992;0.42969;0.43945;0.44922;0.45898;0.46875;0.47852;0.48828;0.49805;0.50781;0.51758;0.52734;0.53711;0.54688;0.55664;0.56641;0.57617;0.58594;0.5957;0.60547;0.61523;0.625;0.63477;0.64453;0.6543;0.66406;0.67383;0.68359;0.69336;0.70313;0.71289;0.72266;0.73242;0.74219;0.75195;0.76172;0.77148;0.78125;0.79102,3.072e-06;0.000545792;0.0013219840000000002;0.000275456;0.001227776;0.002484224;0.005985280000000001;0.01032192;0.01495552;0.014963711999999999;0.018789376;0.02101248;0.024308736;0.019910656;0.009184256;0.006135808;0.0021913600000000003;0.0017807360000000002;0.001181696;0.001189888;0.000910336;0.00091648;0.0011448320000000001;0.00090624;0.001036288;0.001166336;0.0015953919999999997;0.002156544;0.0015114240000000001;0.001352704;0.000950272;0.000980992;0.0011489279999999998;0.0014448640000000001;0.0020101119999999997;0.0032348159999999997;0.004023296;0.002564096;0.002020352;0.00135168;0.00089088;0.0012072959999999998;0.000877568;0.000452608;0.000919552;0.000654336;0.000387072;0.000441344;0.00046080000000000003;0.00035328;0.00046284799999999997;0.00049664;0.000379904;0.000349184;0.000549888;0.00048742400000000003;0.00041062399999999995;0.0009216000000000001;0.000884736;0.000516096;0.001016832;0.0009441279999999999;0.00046489599999999996;0.00030412799999999997;0.000289792;0.00020480000000000002;0.00012185600000000001;0.000128;0.000162816;9.0112e-05;0.000134144;0.00018534400000000002;0.00012390399999999998;8.8064e-05;0.00011571199999999999;0.000105472;6.3488e-05;7.0656e-05;6.2464e-05
1789224300,hdr,0.0293;0.03906;0.04883;0.05859;0.06836;0.07813;0.08789;0.09766;0.10742;0.11719;0.12695;0.13672;0.14648;0.15625;0.16602;0.17578;0.18555;0.19531;0.20508;0.21484;0.22461;0.23438;0.24414;0.25391;0.26367;0.27344;0.2832;0.29297;0.30273;0.3125;0.32227;0.33203;0.3418;0.35156;0.36133;0.37109;0.38086;0.39063;0.40039;0.41016;0.41992;0.42969;0.43945;0.44922;0.45898;0.46875;0.47852;0.48828;0.49805;0.50781;0.51758;0.52734;0.53711;0.54688;0.55664;0.56641;0.57617;0.58594;0.5957;0.60547;0.61523;0.625;0.63477;0.64453;0.6543;0.66406;0.67383;0.68359;0.69336;0.70313;0.71289;0.72266;0.73242;0.74219;0.75195;0.76172;0.77148;0.78125;0.79102,0.0006963200000000001;0.00065536;0.000162816;0.00023244799999999998;0.001542144;0.002885632;0.005177344;0.007939072;0.009114624;0.012090368;0.022050816;0.026681344000000003;0.023481344;0.025160704;0.015669248;0.005390335999999999;0.0025405440000000005;0.0017725439999999998;0.00192;0.001362944;0.00063488;0.000809984;0.000766976;0.00044544;0.000499712;0.000607232;0.00046080000000000003;0.000543744;0.000779264;0.000982016;0.001345536;0.00146432;0.001273856;0.001574912;0.001371136;0.00119808;0.0010516479999999999;0.0008929280000000001;0.0013608960000000001;0.00119296;0.0007393279999999999;0.0007925759999999999;0.00090112;0.0011264;0.0012288;0.00178176;0.001152;0.000676864;0.000949248;0.0007137280000000001;0.000648192;0.000454656;0.00041062399999999995;0.000643072;0.00050176;0.00031129599999999997;0.000630784;0.001312768;0.001451008;0.000951296;0.0006830079999999999;0.0005580800000000001;0.000447488;0.000390144;0.000313344;0.000262144;0.000217088;0.000279552;0.00020992;0.000193536;0.00017100799999999997;0.00010444799999999999;6.3488e-05;9.728e-05;7.5776e-05;8.704000000000001e-05;0.000125952;0.00011161600000000001;7.270400000000001e-05
1789225200,hdr,0.0293;0.03906;0.04883;0.05859;0.06836;0.07813;0.08789;0.09766;0.10742;0.11719;0.12695;0.13672;0.14648;0.15625;0.16602;0.17578;0.18555;0.19531;0.20508;0.21484;0.22461;0.23438;0.24414;0.25391;0.26367;0.27344;0.2832;0.29297;0.30273;0.3125;0.32227;0.33203;0.3418;0.35156;0.36133;0.37109;0.38086;0.39063;0.40039;0.41016;0.41992;0.42969;0.43945;0.44922;0.45898;0.46875;0.47852;0.48828;0.49805;0.50781;0.51758;0.52734;0.53711;0.54688;0.55664;0.56641;0.57617;0.58594;0.5957;0.60547;0.61523;0.625;0.63477;0.64453;0.6543;0.66406;0.67383;0.68359;0.69336;0.70313;0.71289;0.72266;0.73242;0.74219;0.75195;0.76172;0.77148;0.78125;0.79102,0.0007106559999999999;0.001220608;0.000444416;0.001374208;0.002627584;0.0016609279999999999;0.003456;0.009152512;0.008426496;0.014014464;0.013851648000000001;0.024530944000000002;0.031029248;0.018967552;0.012350464;0.005096447999999999;0.002531328;0.001696768;0.0016404479999999999;0.001544192;0.0008202239999999999;0.0005816320000000001;0.00042291200000000006;0.000529408;0.000521216;0.000468992;0.000863232;0.000779264;0.000663552;0.000505856;0.000580608;0.00033382400000000003;0.00025497599999999997;0.00029798400000000005;0.000525312;0.000395264;0.0007188480000000001;0.000999424;0.0008601600000000001;0.0011356159999999999;0.0009420800000000001;0.0006277120000000001;0.000490496;0.000449536;0.000964608;0.000898048;0.0007423999999999999;0.001769472;0.001974272;0.001860608;0.00200192;0.0015206400000000002;0.000915456;0.0007075839999999999;0.00067584;0.000582656;0.00040243200000000004;0.000447488;0.000442368;0.00032768;0.000251904;0.000351232;0.00029183999999999997;0.00023552000000000002;0.00040448000000000003;0.000260096;0.000249856;0.00024063999999999997;0.00023859199999999998;0.00014745600000000002;8.6016e-05;0.000134144;0.000128;0.00010956799999999999;8.192e-05;7.68e-05;3.1744e-05;4.6080000000000006e-05;7.167999999999999e-05
1789226100,hdr,0.0293;0.03906;0.04883;0.05859;0.06836;0.07813;0.08789;0.09766;0.10742;0.11719;0.12695;0.13672;0.14648;0.15625;0.16602;0.17578;0.18555;0.19531;0.20508;0.21484;0.22461;0.23438;0.24414;0.25391;0.26367;0.27344;0.2832;0.29297;0.30273;0.3125;0.32227;0.33203;0.3418;0.35156;0.36133;0.37109;0.38086;0.39063;0.40039;0.41016;0.41992;0.42969;0.43945;0.44922;0.45898;0.46875;0.47852;0.48828;0.49805;0.50781;0.51758;0.52734;0.53711;0.54688;0.55664;0.56641;0.57617;0.58594;0.5957;0.60547;0.61523;0.625;0.63477;0.64453;0.6543;0.66406;0.67383;0.68359;0.69336;0.70313;0.71289;0.72266;0.73242;0.74219;0.75195;0.76172;0.77148;0.78125;0.79102,0.0033003520000000003;0.002601984;0.001074176;0.001931264;0.002509824;0.002496512;0.0045056;0.006624256;0.009001984000000001;0.028825600000000003;0.027401216;0.017608704;0.012720128;0.020205568;0.017458176000000002;0.00887808;0.004012032;0.001887232;0.00137728;0.0020981759999999998;0.001866752;0.001302528;0.001425408;0.0013608960000000001;0.001243136;0.0008622079999999999;0.000760832;0.00073216;0.000772096;0.001005568;0.000761856;0.0008151040000000001;0.0005478400000000001;0.000393216;0.000398336;0.000776192;0.000789504;0.0008663039999999999;0.0008366080000000001;0.0007249919999999999;0.00047616000000000005;0.00076288;0.0005836799999999999;0.000412672;0.00041676800000000003;0.000569344;0.000625664;0.000606208;0.0005324799999999999;0.0007976959999999999;0.0005724160000000001;0.000840704;0.001137664;0.001289216;0.000966656;0.00043827199999999997;0.00035328;0.00032870400000000003;0.000246784;0.000393216;0.000429056;0.00040243200000000004;0.000246784;0.00031744;0.00044032;0.000400384;0.00039423999999999997;0.0004352;0.000319488;0.000258048;0.00010137599999999999;0.000195584;0.00011776000000000001;0.000130048;0.000124928;0.00014540800000000003;8.2944e-05;7.475199999999999e-05;5.8368e-05
1789227000,hdr,0.0293;0.03906;0.04883;0.05859;0.06836;0.07813;0.08789;0.09766;0.10742;0.11719;0.12695;0.13672;0.14648;0.15625;0.16602;0.17578;0.18555;0.19531;0.20508;0.21484;0.22461;0.23438;0.24414;0.25391;0.26367;0.27344;0.2832;0.29297;0.30273;0.3125;0.32227;0.33203;0.3418;0.35156;0.36133;0.37109;0.38086;0.39063;0.40039;0.41016;0.41992;0.42969;0.43945;0.44922;0.45898;0.46875;0.47852;0.48828;0.49805;0.50781;0.51758;0.52734;0.53711;0.54688;0.55664;0.56641;0.57617;0.58594;0.5957;0.60547;0.61523;0.625;0.63477;0.64453;0.6543;0.66406;0.67383;0.68359;0.69336;0.70313;0.71289;0.72266;0.73242;0.74219;0.75195;0.76172;0.77148;0.78125;0.79102,0.000800768;0.001847296;0.002228224;0.003160064;0.0028303359999999997;0.001004544;0.0018196479999999999;0.007688192;0.012923904;0.021780479999999998;0.030147583999999998;0.021277696;0.02243072;0.020837376;0.013997056;0.009864191999999999;0.003966976;0.002683904;0.00153088;0.0017039359999999999;0.0015769599999999999;0.001472512;0.0017408;0.001431552;0.0010680320000000002;0.000791552;0.000985088;0.001504256;0.001158144;0.00063488;0.0006000640000000001;0.000796672;0.001027072;0.000927744;0.001159168;0.0011468799999999999;0.0008447999999999999;0.000690176;0.000553984;0.000715776;0.000780288;0.000900096;0.0010833919999999999;0.00137728;0.0015493120000000002;0.001156096;0.002054144;0.0015431680000000001;0.00088576;0.000630784;0.000653312;0.0010014719999999998;0.001000448;0.000734208;0.000995328;0.001217536;0.001036288;0.001199104;0.001125376;0.000978944;0.0010496000000000001;0.00128;0.001636352;0.0014858240000000002;0.0009748480000000001;0.0008325120000000001;0.0008335360000000001;0.00075264;0.0006144;0.000483328;0.000382976;0.000283648;0.00018227199999999998;0.000206848;0.00017408000000000001;0.00029696;0.000267264;0.000222208;0.00014848
1789227900,hdr,0.0293;0.03906;0.04883;0.05859;0.06836;0.07813;0.08789;0.09766;0.10742;0.11719;0.12695;0.13672;0.14648;0.15625;0.16602;0.17578;0.18555;0.19531;0.20508;0.21484;0.22461;0.23438;0.24414;0.25391;0.26367;0.27344;0.2832;0.29297;0.30273;0.3125;0.32227;0.33203;0.3418;0.35156;0.36133;0.37109;0.38086;0.39063;0.40039;0.41016;0.41992;0.42969;0.43945;0.44922;0.45898;0.46875;0.47852;0.48828;0.49805;0.50781;0.51758;0.52734;0.53711;0.54688;0.55664;0.56641;0.57617;0.58594;0.5957;0.60547;0.61523;0.625;0.63477;0.64453;0.6543;0.66406;0.67383;0.68359;0.69336;0.70313;0.71289;0.72266;0.73242;0.74219;0.75195;0.76172;0.77148;0.78125;0.79102,0.011143168;0.022746112000000002;0.013612032;0.008976384;0.011400192000000002;0.012893183999999999;0.012138495999999999;0.01300992;0.016809984;0.019746816;0.012082176000000002;0.02459648;0.028238848;0.015491072;0.010459136;0.008923135999999998;0.0055982079999999995;0.004388863999999999;0.0031887359999999997;0.0017530879999999999;0.002108416;0.002760704;0.001650688;0.000879616;0.001220608;0.001009664;0.001395712;0.001092608;0.000740352;0.000864256;0.000745472;0.0011448320000000001;0.00088576;0.00129024;0.001787904;0.000903168;0.000900096;0.0008089600000000001;0.000816128;0.0007249919999999999;0.00097792;0.001154048;0.000628736;0.000625664;0.001174528;0.0010649599999999998;0.0011970559999999997;0.001348608;0.001467392;0.001662976;0.002112512;0.0012666880000000002;0.001058816;0.0008345599999999999;0.000601088;0.0008509440000000001;0.000632832;0.000308224;0.00033894400000000004;0.0004884479999999999;0.0005376000000000001;0.000580608;0.000982016;0.001027072;0.000933888;0.000633856;0.000282624;0.00020992;0.00023040000000000002;0.00032768;0.00027136;0.000228352;0.000284672;0.00020172799999999998;0.00013824;0.00020275199999999997;0.000139264;0.000128;0.00013824
1789228800,hdr,0.0293;0.03906;0.04883;0.05859;0.06836;0.07813;0.08789;0.09766;0.10742;0.11719;0.12695;0.13672;0.14648;0.15625;0.16602;0.17578;0.18555;0.19531;0.20508;0.21484;0.22461;0.23438;0.24414;0.25391;0.26367;0.27344;0.2832;0.29297;0.30273;0.3125;0.32227;0.33203;0.3418;0.35156;0.36133;0.37109;0.38086;0.39063;0.40039;0.41016;0.41992;0.42969;0.43945;0.44922;0.45898;0.46875;0.47852;0.48828;0.49805;0.50781;0.51758;0.52734;0.53711;0.54688;0.55664;0.56641;0.57617;0.58594;0.5957;0.60547;0.61523;0.625;0.63477;0.64453;0.6543;0.66406;0.67383;0.68359;0.69336;0.70313;0.71289;0.72266;0.73242;0.74219;0.75195;0.76172;0.77148;0.78125;0.79102,0.006862848;0.010533887999999998;0.011537407999999999;0.011882496;0.010790912;0.008597504;0.006457344;0.007011328;0.010630144000000001;0.018129919999999997;0.021281791999999997;0.017316863999999998;0.03971174400000001;0.045824;0.021178368;0.00866816;0.00726528;0.004486144;0.002386944;0.0021985280000000004;0.0015411200000000002;0.0012544;0.0022886399999999998;0.001882112;0.002008064;0.0010803199999999998;0.001195008;0.0016435199999999999;0.001507328;0.0016128;0.00153088;0.001134592;0.000651264;0.0008591359999999999;0.001222656;0.002052096;0.0015534079999999998;0.0010373119999999999;0.001225728;0.000930816;0.001004544;0.000633856;0.001002496;0.000923648;0.00061952;0.00079872;0.0006184960000000001;0.000664576;0.000995328;0.000635904;0.000357376;0.000453632;0.0006144;0.00038912;0.00045056;0.000525312;0.000449536;0.00044339199999999997;0.0005232639999999998;0.00047820800000000004;0.0003584;0.00040448000000000003;0.000457728;0.000536576;0.000579584;0.000638976;0.000899072;0.000372736;0.000475136;0.00046592000000000004;0.0003072;0.000324608;0.000241664;0.00030617599999999996;0.000316416;0.000228352;0.00030924800000000003;0.00033382400000000003;0.000162816
1789229700,hdr,0.0293;0.03906;0.04883;0.05859;0.06836;0.07813;0.08789;0.09766;0.10742;0.11719;0.12695;0.13672;0.14648;0.15625;0.16602;0.17578;0.18555;0.19531;0.20508;0.21484;0.22461;0.23438;0.24414;0.25391;0.26367;0.27344;0.2832;0.29297;0.30273;0.3125;0.32227;0.33203;0.3418;0.35156;0.36133;0.37109;0.38086;0.39063;0.40039;0.41016;0.41992;0.42969;0.43945;0.44922;0.45898;0.46875;0.47852;0.48828;0.49805;0.50781;0.51758;0.52734;0.53711;0.54688;0.55664;0.56641;0.57617;0.58594;0.5957;0.60547;0.61523;0.625;0.63477;0.64453;0.6543;0.66406;0.67383;0.68359;0.69336;0.70313;0.71289;0.72266;0.73242;0.74219;0.75195;0.76172;0.77148;0.78125;0.79102,0.00660992;0.01275392;0.01924096;0.005271552;0.007017471999999999;0.007497728;0.0060682240000000005;0.006818816;0.009327616;0.020416512;0.01814528;0.022493184;0.026297343999999997;0.02375168;0.018331648000000002;0.008681471999999999;0.006770688;0.0048609280000000005;0.003115008;0.0021985280000000004;0.00170496;0.001461248;0.001318912;0.00116224;0.001212416;0.00171008;0.000945152;0.001086464;0.00151552;0.0011161600000000002;0.001414144;0.0011407359999999998;0.000692224;0.0007116799999999999;0.000726016;0.00077312;0.000715776;0.00093696;0.001067008;0.000610304;0.0006041600000000001;0.001096704;0.001343488;0.001154048;0.000907264;0.0006000640000000001;0.000607232;0.000494592;0.00023040000000000002;0.0006082559999999999;0.0006144;0.000384;0.000518144;0.00029696;0.000242688;0.000269312;0.00036761599999999997;0.00040448000000000003;0.000592896;0.00044646400000000004;0.00023244799999999998;0.000275456;0.000441344;0.000510976;0.000401408;0.000390144;0.00033382400000000003;0.00029183999999999997;0.000157696;0.000248832;0.000253952;0.00028774400000000004;0.0005007359999999999;0.0004986880000000001;0.00047923199999999995;0.0007055360000000001;0.000631808;0.0006154239999999999;0.000632832
1789230600,hdr,0.0293;0.03906;0.04883;0.05859;0.06836;0.07813;0.08789;0.09766;0.10742;0.11719;0.12695;0.13672;0.14648;0.15625;0.16602;0.17578;0.18555;0.19531;0.20508;0.21484;0.22461;0.23438;0.24414;0.25391;0.26367;0.27344;0.2832;0.29297;0.30273;0.3125;0.32227;0.33203;0.3418;0.35156;0.36133;0.37109;0.38086;0.39063;0.40039;0.41016;0.41992;0.42969;0.43945;0.44922;0.45898;0.46875;0.47852;0.48828;0.49805;0.50781;0.51758;0.52734;0.53711;0.54688;0.55664;0.56641;0.57617;0.58594;0.5957;0.60547;0.61523;0.625;0.63477;0.64453;0.6543;0.66406;0.67383;0.68359;0.69336;0.70313;0.71289;0.72266;0.73242;0.74219;0.75195;0.76172;0.77148;0.78125;0.79102,0.0073062399999999994;0.010774528;0.006324224;0.00242688;0.008271872;0.004228096;0.008860671999999998;0.009815039999999999;0.011892736;0.020284416;0.022192128000000002;0.028343295999999997;0.03856896;0.035232768000000005;0.0210176;0.009678848;0.00643072;0.0042035200000000005;0.002123776;0.001548288;0.0013946879999999998;0.001806336;0.0012871680000000002;0.001161216;0.0013824;0.0012462080000000002;0.0012441599999999998;0.000791552;0.000905216;0.001021952;0.001107968;0.00090112;0.001040384;0.001195008;0.001188864;0.001143808;0.0013547519999999999;0.001273856;0.001149952;0.001088512;0.001089536;0.0009523200000000001;0.001089536;0.0013905920000000002;0.001575936;0.0014561280000000001;0.001572864;0.00149504;0.001534976;0.0017336320000000001;0.001087488;0.001967104;0.00188928;0.001646592;0.001775616;0.003991552;0.004429824;0.0025937919999999997;0.001138688;0.000871424;0.0008652800000000001;0.001195008;0.0008519679999999999;0.0008447999999999999;0.000765952;0.0005703679999999999;0.0007976959999999999;0.0007393279999999999;0.0007843840000000001;0.000775168;0.000897024;0.000764928;0.001371136;0.00128512;0.0014745600000000002;0.001107968;0.0013148160000000001;0.00146432;0.001509376
1789231500,hdr,0.0293;0.03906;0.04883;0.05859;0.06836;0.07813;0.08789;0.09766;0.10742;0.11719;0.12695;0.13672;0.14648;0.15625;0.16602;0.17578;0.18555;0.19531;0.20508;0.21484;0.22461;0.23438;0.24414;0.25391;0.26367;0.27344;0.2832;0.29297;0.30273;0.3125;0.32227;0.33203;0.3418;0.35156;0.36133;0.37109;0.38086;0.39063;0.40039;0.41016;0.41992;0.42969;0.43945;0.44922;0.45898;0.46875;0.47852;0.48828;0.49805;0.50781;0.51758;0.52734;0.53711;0.54688;0.55664;0.56641;0.57617;0.58594;0.5957;0.60547;0.61523;0.625;0.63477;0.64453;0.6543;0.66406;0.67383;0.68359;0.69336;0.70313;0.71289;0.72266;0.73242;0.74219;0.75195;0.76172;0.77148;0.78125;0.79102,0.007245824;0.017844224000000002;0.016663551999999998;0.006929408;0.006055936;0.00347648;0.002658304;0.00433152;0.007508992;0.018111488000000002;0.019124224000000002;0.02533376;0.047277056000000005;0.040927231999999994;0.019241984;0.012013567999999999;0.007963648;0.005658624;0.004261888;0.002111488;0.00116224;0.0015872;0.001911808;0.0014151679999999999;0.001087488;0.001143808;0.001574912;0.0012646399999999998;0.0011264;0.001188864;0.0009400319999999999;0.00054272;0.001552384;0.00146944;0.000970752;0.0010014719999999998;0.00098816;0.0008202239999999999;0.0007229440000000001;0.000968704;0.0011837439999999998;0.001022976;0.0008202239999999999;0.0007976959999999999;0.0011909120000000001;0.000968704;0.0005304320000000001;0.000592896;0.000553984;0.000864256;0.0008447999999999999;0.0008929280000000001;0.001134592;0.001147904;0.0009738240000000001;0.0013608960000000001;0.001477632;0.001030144;0.0011909120000000001;0.001158144;0.001158144;0.001074176;0.0010086399999999999;0.0009205759999999999;0.001544192;0.001403904;0.0009318400000000001;0.000676864;0.000766976;0.0007925759999999999;0.0008325120000000001;0.000807936;0.00082432;0.001174528;0.001082368;0.0010127360000000002;0.001655808;0.0025333760000000004;0.0023336960000000006
1789232400,hdr,0.0293;0.03906;0.04883;0.05859;0.06836;0.07813;0.08789;0.09766;0.10742;0.11719;0.12695;0.13672;0.14648;0.15625;0.16602;0.17578;0.18555;0.19531;0.20508;0.21484;0.22461;0.23438;0.24414;0.25391;0.26367;0.27344;0.2832;0.29297;0.30273;0.3125;0.32227;0.33203;0.3418;0.35156;0.36133;0.37109;0.38086;0.39063;0.40039;0.41016;0.41992;0.42969;0.43945;0.44922;0.45898;0.46875;0.47852;0.48828;0.49805;0.50781;0.51758;0.52734;0.53711;0.54688;0.55664;0.56641;0.57617;0.58594;0.5957;0.60547;0.61523;0.625;0.63477;0.64453;0.6543;0.66406;0.67383;0.68359;0.69336;0.70313;0.71289;0.72266;0.73242;0.74219;0.75195;0.76172;0.77148;0.78125;0.79102,0.008000512000000001;0.011993087999999999;0.010896384;0.006504448;0.010473472;0.0127744;0.013937664;0.015261696;0.011884544;0.011543552;0.018161663999999998;0.019895296;0.020806656;0.024367104000000004;0.028587008;0.01450496;0.004007936;0.003222528;0.002279424;0.0027566080000000002;0.0019937279999999997;0.001043456;0.00101376;0.0014499839999999999;0.0019251199999999998;0.001746944;0.0014858240000000002;0.002045952;0.001480704;0.000887808;0.000812032;0.000714752;0.000700416;0.0007290879999999999;0.000748544;0.0010813440000000001;0.001058816;0.0012953600000000002;0.001176576;0.001396736;0.0017489920000000002;0.001959936;0.001534976;0.001855488;0.001102848;0.001466368;0.001210368;0.0010721279999999999;0.0010598399999999998;0.000756736;0.0009584639999999999;0.000868352;0.001210368;0.001557504;0.001033216;0.0009615359999999999;0.0007557120000000001;0.0006963200000000001;0.000751616;0.0007772160000000001;0.000668672;0.000879616;0.0012113920000000002;0.001199104;0.0008345599999999999;0.001021952;0.00146944;0.001746944;0.001304576;0.000905216;0.00121344;0.001872896;0.001560576;0.001686528;0.001927168;0.001222656;0.001202176;0.001206272;0.001461248
1789233300,hdr,0.0293;0.03906;0.04883;0.05859;0.06836;0.07813;0.08789;0.09766;0.10742;0.11719;0.12695;0.13672;0.14648;0.15625;0.16602;0.17578;0.18555;0.19531;0.20508;0.21484;0.22461;0.23438;0.24414;0.25391;0.26367;0.27344;0.2832;0.29297;0.30273;0.3125;0.32227;0.33203;0.3418;0.35156;0.36133;0.37109;0.38086;0.39063;0.40039;0.41016;0.41992;0.42969;0.43945;0.44922;0.45898;0.46875;0.47852;0.48828;0.49805;0.50781;0.51758;0.52734;0.53711;0.54688;0.55664;0.56641;0.57617;0.58594;0.5957;0.60547;0.61523;0.625;0.63477;0.64453;0.6543;0.66406;0.67383;0.68359;0.69336;0.70313;0.71289;0.72266;0.73242;0.74219;0.75195;0.76172;0.77148;0.78125;0.79102,0.009404415999999999;0.028681216;0.017967103999999998;0.009678848;0.012126208000000001;0.004284416;0.004655103999999999;0.009263104;0.008941567999999999;0.013259776;0.019047424;0.016460799999999998;0.028754944;0.027397120000000004;0.02269184;0.013210623999999999;0.007832576;0.0045056;0.003117056;0.0020592640000000003;0.001106944;0.0011048960000000002;0.001512448;0.000990208;0.000789504;0.0015411200000000002;0.00236544;0.00225792;0.0016711679999999998;0.001490944;0.00128512;0.0009431040000000001;0.00128512;0.001726464;0.000891904;0.000601088;0.00065536;0.000690176;0.000782336;0.001253376;0.0017459199999999998;0.001275904;0.000863232;0.000674816;0.00087552;0.0010936319999999998;0.0008560640000000001;0.0006082559999999999;0.000659456;0.0012687360000000001;0.001384448;0.001010688;0.001119232;0.00150528;0.0006502400000000001;0.0006676480000000001;0.000616448;0.0009768959999999999;0.00104448;0.000951296;0.000766976;0.0009523200000000001;0.001523712;0.00157184;0.001010688;0.0010373119999999999;0.001343488;0.00090112;0.001065984;0.0011243520000000001;0.0012400640000000001;0.0010465279999999997;0.0010649599999999998;0.001915904;0.0017725439999999998;0.00160768;0.001800192;0.0022906879999999995;0.0022487040000000002
1789234200,hdr,0.0293;0.03906;0.04883;0.05859;0.06836;0.07813;0.08789;0.09766;0.10742;0.11719;0.12695;0.13672;0.14648;0.15625;0.16602;0.17578;0.18555;0.19531;0.20508;0.21484;0.22461;0.23438;0.24414;0.25391;0.26367;0.27344;0.2832;0.29297;0.30273;0.3125;0.32227;0.33203;0.3418;0.35156;0.36133;0.37109;0.38086;0.39063;0.40039;0.41016;0.41992;0.42969;0.43945;0.44922;0.45898;0.46875;0.47852;0.48828;0.49805;0.50781;0.51758;0.52734;0.53711;0.54688;0.55664;0.56641;0.57617;0.58594;0.5957;0.60547;0.61523;0.625;0.63477;0.64453;0.6543;0.66406;0.67383;0.68359;0.69336;0.70313;0.71289;0.72266;0.73242;0.74219;0.75195;0.76172;0.77148;0.78125;0.79102,0.014245888000000002;0.014698496000000002;0.012951552;0.011920384;0.010032128000000001;0.009233408000000002;0.007097344;0.010617856;0.009576447999999998;0.011393024000000002;0.016825344000000002;0.013095935999999999;0.027491328;0.030611456000000002;0.01686016;0.008435712000000001;0.0050104319999999996;0.0037724160000000002;0.003007488;0.001656832;0.00261632;0.001809408;0.0012451839999999999;0.001306624;0.001127424;0.0009594880000000001;0.0009144320000000001;0.001000448;0.0015165439999999999;0.001057792;0.001225728;0.0013424640000000002;0.001349632;0.00131584;0.000912384;0.0008335360000000001;0.0010516479999999999;0.001306624;0.0015103999999999999;0.001647616;0.0016066560000000001;0.001501184;0.002233344;0.00181248;0.0012288;0.000982016;0.0010516479999999999;0.0010475520000000002;0.001579008;0.0014745600000000002;0.001152;0.0008458240000000001;0.0009431040000000001;0.000782336;0.000897024;0.00121344;0.001337344;0.0008192000000000001;0.000989184;0.001304576;0.0016424959999999998;0.0014028799999999998;0.00144896;0.001422336;0.001209344;0.000690176;0.0008048640000000001;0.0007372800000000001;0.0008325120000000001;0.001210368;0.000951296;0.001352704;0.001738752;0.00176128;0.001779712;0.001752064;0.002101248;0.0019435519999999999;0.0018800639999999999
1789235100,hdr,0.0293;0.03906;0.04883;0.05859;0.06836;0.07813;0.08789;0.09766;0.10742;0.11719;0.12695;0.13672;0.14648;0.15625;0.16602;0.17578;0.18555;0.19531;0.20508;0.21484;0.22461;0.23438;0.24414;0.25391;0.26367;0.27344;0.2832;0.29297;0.30273;0.3125;0.32227;0.33203;0.3418;0.35156;0.36133;0.37109;0.38086;0.39063;0.40039;0.41016;0.41992;0.42969;0.43945;0.44922;0.45898;0.46875;0.47852;0.48828;0.49805;0.50781;0.51758;0.52734;0.53711;0.54688;0.55664;0.56641;0.57617;0.58594;0.5957;0.60547;0.61523;0.625;0.63477;0.64453;0.6543;0.66406;0.67383;0.68359;0.69336;0.70313;0.71289;0.72266;0.73242;0.74219;0.75195;0.76172;0.77148;0.78125;0.79102,0.015512575999999998;0.017775615999999998;0.013682688;0.01177088;0.013109248;0.011494400000000002;0.006039551999999999;0.008782848;0.008679424;0.00918528;0.016665600000000003;0.028806144;0.038991872000000004;0.02607616;0.022893568;0.017820672;0.008603647999999998;0.004294656;0.002562048;0.0013926400000000001;0.001217536;0.000831488;0.0007168;0.001110016;0.002069504;0.0024463360000000003;0.001890304;0.001874944;0.0018012159999999998;0.0013312;0.001480704;0.0016179200000000001;0.001078272;0.0008652800000000001;0.0009349119999999999;0.0009431040000000001;0.0007925759999999999;0.00047411199999999995;0.00044032;0.0005632;0.0009472;0.000854016;0.00051712;0.00052224;0.00047820800000000004;0.00047616000000000005;0.00073216;0.001028096;0.000937984;0.000350208;0.0007423999999999999;0.000772096;0.0007280640000000001;0.000789504;0.0007280640000000001;0.000692224;0.000671744;0.000816128;0.0012441599999999998;0.001009664;0.001117184;0.001174528;0.0009615359999999999;0.000995328;0.0007884799999999999;0.0006830079999999999;0.000601088;0.000817152;0.000818176;0.0007352319999999999;0.00097792;0.001304576;0.0012369920000000001;0.0009748480000000001;0.0010291200000000001;0.001893376;0.002379776;0.0025088;0.00246272
1789236000,hdr,0.0293;0.03906;0.04883;0.05859;0.06836;0.07813;0.08789;0.09766;0.10742;0.11719;0.12695;0.13672;0.14648;0.15625;0.16602;0.17578;0.18555;0.19531;0.20508;0.21484;0.22461;0.23438;0.24414;0.25391;0.26367;0.27344;0.2832;0.29297;0.30273;0.3125;0.32227;0.33203;0.3418;0.35156;0.36133;0.37109;0.38086;0.39063;0.40039;0.41016;0.41992;0.42969;0.43945;0.44922;0.45898;0.46875;0.47852;0.48828;0.49805;0.50781;0.51758;0.52734;0.53711;0.54688;0.55664;0.56641;0.57617;0.58594;0.5957;0.60547;0.61523;0.625;0.63477;0.64453;0.6543;0.66406;0.67383;0.68359;0.69336;0.70313;0.71289;0.72266;0.73242;0.74219;0.75195;0.76172;0.77148;0.78125;0.79102,0.014957568;0.019760128000000002;0.021024768;0.013471743999999999;0.0068679679999999995;0.00836096;0.00829952;0.009204736000000002;0.008411136;0.013917184;0.018024448000000002;0.012479487999999999;0.016303104000000002;0.017994751999999996;0.015295488000000001;0.012493824;0.011531264000000001;0.008828928;0.004708352;0.0031068159999999997;0.001726464;0.0012994559999999998;0.001263616;0.0011161600000000002;0.0016895999999999999;0.001436672;0.001711104;0.001243136;0.0008335360000000001;0.001154048;0.000868352;0.0006604799999999999;0.000869376;0.001227776;0.0017489920000000002;0.0010178560000000001;0.0007843840000000001;0.001143808;0.000939008;0.001057792;0.000779264;0.0007884799999999999;0.0008151040000000001;0.000654336;0.0005744639999999999;0.000664576;0.0008212479999999999;0.0008345599999999999;0.00068608;0.000751616;0.000893952;0.000842752;0.001055744;0.000656384;0.0006184960000000001;0.000649216;0.000518144;0.000539648;0.0004986880000000001;0.00085504;0.000927744;0.0006789119999999999;0.00042496;0.00110592;0.00125952;0.0008202239999999999;0.000893952;0.000932864;0.000750592;0.000607232;0.00057856;0.0015667199999999997;0.0013568;0.000879616;0.0006819840000000001;0.0016895999999999999;0.001969152;0.001538048;0.00125952
1789236900,hdr,0.0293;0.03906;0.04883;0.05859;0.06836;0.07813;0.08789;0.09766;0.10742;0.11719;0.12695;0.13672;0.14648;0.15625;0.16602;0.17578;0.18555;0.19531;0.20508;0.21484;0.22461;0.23438;0.24414;0.25391;0.26367;0.27344;0.2832;0.29297;0.30273;0.3125;0.32227;0.33203;0.3418;0.35156;0.36133;0.37109;0.38086;0.39063;0.40039;0.41016;0.41992;0.42969;0.43945;0.44922;0.45898;0.46875;0.47852;0.48828;0.49805;0.50781;0.51758;0.52734;0.53711;0.54688;0.55664;0.56641;0.57617;0.58594;0.5957;0.60547;0.61523;0.625;0.63477;0.64453;0.6543;0.66406;0.67383;0.68359;0.69336;0.70313;0.71289;0.72266;0.73242;0.74219;0.75195;0.76172;0.77148;0.78125;0.79102,0.023618559999999997;0.023947264;0.01631744;0.014263296;0.009621504;0.006301696;0.0050155519999999995;0.0063846400000000005;0.009988096000000002;0.01037824;0.011026432000000001;0.018117632;0.012466176;0.020228096;0.021843968000000002;0.014521343999999999;0.008786944;0.006555648;0.00351744;0.0019128320000000002;0.002117632;0.0015165439999999999;0.001695744;0.001133568;0.001053696;0.0013864959999999999;0.001359872;0.000924672;0.000858112;0.000919552;0.000704512;0.00089088;0.001153024;0.00061952;0.000459776;0.000771072;0.0009697280000000001;0.0006502400000000001;0.000812032;0.000760832;0.00055296;0.0005888;0.0006144;0.00041472;0.0006574080000000001;0.000888832;0.0007096320000000001;0.000756736;0.0005734399999999999;0.0004915200000000001;0.000567296;0.000529408;0.00047206399999999996;0.0007464960000000001;0.000499712;0.000704512;0.000918528;0.0011489279999999998;0.001108992;0.001101824;0.0008151040000000001;0.0006656;0.000577536;0.000854016;0.002123776;0.001645568;0.0014786559999999999;0.001283072;0.002219008;0.0021370879999999997;0.0014847999999999999;0.000879616;0.000802816;0.0010496000000000001;0.0012113920000000002;0.0013209599999999997;0.001065984;0.00103424;0.0027729919999999997
1789237800,hdr,0.0293;0.03906;0.04883;0.05859;0.06836;0.07813;0.08789;0.09766;0.10742;0.11719;0.12695;0.13672;0.14648;0.15625;0.16602;0.17578;0.18555;0.19531;0.20508;0.21484;0.22461;0.23438;0.24414;0.25391;0.26367;0.27344;0.2832;0.29297;0.30273;0.3125;0.32227;0.33203;0.3418;0.35156;0.36133;0.37109;0.38086;0.39063;0.40039;0.41016;0.41992;0.42969;0.43945;0.44922;0.45898;0.46875;0.47852;0.48828;0.49805;0.50781;0.51758;0.52734;0.53711;0.54688;0.55664;0.56641;0.57617;0.58594;0.5957;0.60547;0.61523;0.625;0.63477;0.64453;0.6543;0.66406;0.67383;0.68359;0.69336;0.70313;0.71289;0.72266;0.73242;0.74219;0.75195;0.76172;0.77148;0.78125;0.79102,0.008380416000000002;0.010955776;0.00968192;0.007906304;0.00477184;0.003551232;0.007924736;0.0074455039999999995;0.006986752000000001;0.011803648000000002;0.017335296;0.018341888000000004;0.018220032;0.018674688;0.017345536;0.010677248000000002;0.007385088;0.004877312;0.003508224;0.002440192;0.001937408;0.001472512;0.001176576;0.000754688;0.001503232;0.002200576;0.001466368;0.000827392;0.0010086399999999999;0.0011284479999999998;0.0006789119999999999;0.000745472;0.0009973760000000001;0.0013209599999999997;0.0006952960000000001;0.00064512;0.001011712;0.0008458240000000001;0.000521216;0.000551936;0.00064512;0.0009205759999999999;0.0010373119999999999;0.0006574080000000001;0.00047923199999999995;0.000745472;0.000780288;0.0009523200000000001;0.000694272;0.0006502400000000001;0.00075776;0.000456704;0.00033689599999999994;0.0005918719999999999;0.0008468480000000001;0.000898048;0.000694272;0.00041472;0.000867328;0.000787456;0.000915456;0.0007833599999999999;0.0007352319999999999;0.001201152;0.00126976;0.000801792;0.0005959680000000001;0.000894976;0.001501184;0.001329152;0.0013035520000000001;0.00182272;0.002258944;0.002456576;0.002245632;0.0025118719999999996;0.0027822079999999996;0.002142208;0.0023265280000000004
1789238700,hdr,0.0293;0.03906;0.04883;0.05859;0.06836;0.07813;0.08789;0.09766;0.10742;0.11719;0.12695;0.13672;0.14648;0.15625;0.16602;0.17578;0.18555;0.19531;0.20508;0.21484;0.22461;0.23438;0.24414;0.25391;0.26367;0.27344;0.2832;0.29297;0.30273;0.3125;0.32227;0.33203;0.3418;0.35156;0.36133;0.37109;0.38086;0.39063;0.40039;0.41016;0.41992;0.42969;0.43945;0.44922;0.45898;0.46875;0.47852;0.48828;0.49805;0.50781;0.51758;0.52734;0.53711;0.54688;0.55664;0.56641;0.57617;0.58594;0.5957;0.60547;0.61523;0.625;0.63477;0.64453;0.6543;0.66406;0.67383;0.68359;0.69336;0.70313;0.71289;0.72266;0.73242;0.74219;0.75195;0.76172;0.77148;0.78125;0.79102,0.003753984;0.007789568;0.007927808;0.007493631999999999;0.008095744;0.0099328;0.01028096;0.00556032;0.007963648;0.01272832;0.012119040000000001;0.01141248;0.0177152;0.021203968;0.020928512000000003;0.010218495999999999;0.005705728;0.003749888;0.002967552;0.00231936;0.0015964160000000002;0.0010455039999999998;0.0010956800000000001;0.001077248;0.001097728;0.00092672;0.001195008;0.001048576;0.000872448;0.000879616;0.000610304;0.00065536;0.000635904;0.0006737919999999999;0.000662528;0.0006819840000000001;0.00059904;0.0005683200000000001;0.0008663039999999999;0.00080384;0.000780288;0.00133632;0.001288192;0.0009625599999999999;0.0008652800000000001;0.0008601600000000001;0.00070656;0.000676864;0.00084992;0.00077824;0.000690176;0.000937984;0.000863232;0.0007014399999999999;0.0008837120000000001;0.001010688;0.00134656;0.001082368;0.000795648;0.001229824;0.0006952960000000001;0.000656384;0.000781312;0.001119232;0.00137216;0.001318912;0.001521664;0.0012523519999999998;0.0011735040000000001;0.0014499839999999999;0.001798144;0.0019455999999999998;0.0008867839999999999;0.000633856;0.001130496;0.001404928;0.002125824;0.0018974719999999999;0.001727488
1789239600,hdr,0.0293;0.03906;0.04883;0.05859;0.06836;0.07813;0.08789;0.09766;0.10742;0.11719;0.12695;0.13672;0.14648;0.15625;0.16602;0.17578;0.18555;0.19531;0.20508;0.21484;0.22461;0.23438;0.24414;0.25391;0.26367;0.27344;0.2832;0.29297;0.30273;0.3125;0.32227;0.33203;0.3418;0.35156;0.36133;0.37109;0.38086;0.39063;0.40039;0.41016;0.41992;0.42969;0.43945;0.44922;0.45898;0.46875;0.47852;0.48828;0.49805;0.50781;0.51758;0.52734;0.53711;0.54688;0.55664;0.56641;0.57617;0.58594;0.5957;0.60547;0.61523;0.625;0.63477;0.64453;0.6543;0.66406;0.67383;0.68359;0.69336;0.70313;0.71289;0.72266;0.73242;0.74219;0.75195;0.76172;0.77148;0.78125;0.79102,0.006144;0.009122816;0.006331392;0.005464063999999999;0.008170496;0.0053463040000000005;0.005116928;0.004310016;0.004005887999999999;0.005914623999999999;0.007796736;0.011006976;0.0206848;0.025011199999999997;0.013565952;0.006087679999999999;0.00503296;0.004404224;0.0027822079999999996;0.0018995200000000002;0.002304;0.000950272;0.0013578239999999999;0.0012113920000000002;0.0012953600000000002;0.000990208;0.000565248;0.000937984;0.0007423999999999999;0.000780288;0.000687104;0.000704512;0.00064512;0.00062976;0.0008519679999999999;0.000516096;0.000662528;0.000818176;0.000872448;0.000987136;0.0008509440000000001;0.001286144;0.001005568;0.001184768;0.001878016;0.001102848;0.000768;0.0009594880000000001;0.0010014719999999998;0.000984064;0.000596992;0.000800768;0.001359872;0.001024;0.001097728;0.0011776;0.0007423999999999999;0.000420864;0.00057856;0.000549888;0.0008519679999999999;0.001031168;0.0009574399999999999;0.0009359360000000001;0.0008110079999999999;0.0005007359999999999;0.0008560640000000001;0.001615872;0.002011136;0.002395136;0.001770496;0.0012001280000000002;0.0012441599999999998;0.002364416;0.00253952;0.002444288;0.001975296;0.0014929920000000003;0.001611776
1789240500,hdr,0.0293;0.03906;0.04883;0.05859;0.06836;0.07813;0.08789;0.09766;0.10742;0.11719;0.12695;0.13672;0.14648;0.15625;0.16602;0.17578;0.18555;0.19531;0.20508;0.21484;0.22461;0.23438;0.24414;0.25391;0.26367;0.27344;0.2832;0.29297;0.30273;0.3125;0.32227;0.33203;0.3418;0.35156;0.36133;0.37109;0.38086;0.39063;0.40039;0.41016;0.41992;0.42969;0.43945;0.44922;0.45898;0.46875;0.47852;0.48828;0.49805;0.50781;0.51758;0.52734;0.53711;0.54688;0.55664;0.56641;0.57617;0.58594;0.5957;0.60547;0.61523;0.625;0.63477;0.64453;0.6543;0.66406;0.67383;0.68359;0.69336;0.70313;0.71289;0.72266;0.73242;0.74219;0.75195;0.76172;0.77148;0.78125;0.79102,0.008018944;0.010919936;0.0069632;0.007529472;0.006715392;0.007903232;0.0052418560000000005;0.006041599999999999;0.008574975999999998;0.009485312;0.010082304;0.007134208;0.008410111999999999;0.012317696;0.018144255999999997;0.013059072;0.009691136000000001;0.004818944;0.00262656;0.001532928;0.000649216;0.000937984;0.0009359360000000001;0.000528384;0.000429056;0.00046796800000000003;0.000864256;0.000738304;0.0009615359999999999;0.001637376;0.001647616;0.001229824;0.00099328;0.0008560640000000001;0.0005376000000000001;0.0008663039999999999;0.00119296;0.000649216;0.000536576;0.000351232;0.000548864;0.00059392;0.000623616;0.000987136;0.0012544;0.001155072;0.00125952;0.00137216;0.000970752;0.001057792;0.0011776;0.001302528;0.001073152;0.0018135039999999999;0.00213504;0.001461248;0.000877568;0.000674816;0.000654336;0.0007168;0.000825344;0.0007116799999999999;0.0011970559999999997;0.001145856;0.00103936;0.0013475839999999998;0.00100352;0.001212416;0.001156096;0.00090624;0.000770048;0.000648192;0.001611776;0.0015103999999999999;0.00141312;0.001765376;0.0020951040000000004;0.0023848959999999996;0.0019968
1789241400,hdr,0.0293;0.03906;0.04883;0.05859;0.06836;0.07813;0.08789;0.09766;0.10742;0.11719;0.12695;0.13672;0.14648;0.15625;0.16602;0.17578;0.18555;0.19531;0.20508;0.21484;0.22461;0.23438;0.24414;0.25391;0.26367;0.27344;0.2832;0.29297;0.30273;0.3125;0.32227;0.33203;0.3418;0.35156;0.36133;0.37109;0.38086;0.39063;0.40039;0.41016;0.41992;0.42969;0.43945;0.44922;0.45898;0.46875;0.47852;0.48828;0.49805;0.50781;0.51758;0.52734;0.53711;0.54688;0.55664;0.56641;0.57617;0.58594;0.5957;0.60547;0.61523;0.625;0.63477;0.64453;0.6543;0.66406;0.67383;0.68359;0.69336;0.70313;0.71289;0.72266;0.73242;0.74219;0.75195;0.76172;0.77148;0.78125;0.79102,0.005764096000000001;0.008024064;0.007467008;0.009317376;0.006535168;0.006218752;0.006950911999999999;0.011491328;0.008890368000000001;0.009145344;0.012603392;0.009731072;0.00990208;0.012775423999999999;0.011768832;0.009790464;0.007098368;0.004753408000000001;0.00367616;0.0021268479999999998;0.000992256;0.0013680639999999998;0.00154624;0.000679936;0.00052224;0.000891904;0.0011202559999999998;0.000953344;0.000854016;0.000987136;0.000664576;0.001345536;0.001645568;0.001579008;0.001399808;0.000924672;0.0017858560000000002;0.001906688;0.0015687680000000001;0.0009400319999999999;0.00085504;0.0008386559999999999;0.0010649599999999998;0.0015872;0.001664;0.0014458880000000002;0.0014714879999999997;0.0013701120000000002;0.0015390719999999998;0.001406976;0.0011233280000000003;0.00137216;0.0021370879999999997;0.003894272;0.002614272;0.0019394560000000002;0.002420736;0.00377344;0.003206144;0.0015411200000000002;0.001406976;0.001462272;0.0016906239999999997;0.00134656;0.0014172160000000002;0.002019328;0.002374656;0.001435648;0.001544192;0.0011468799999999999;0.0015165439999999999;0.001632256;0.001870848;0.002506752;0.003201024;0.0017530879999999999;0.001316864;0.001477632;0.001503232
1789242300,hdr,0.0293;0.03906;0.04883;0.05859;0.06836;0.07813;0.08789;0.09766;0.10742;0.11719;0.12695;0.13672;0.14648;0.15625;0.16602;0.17578;0.18555;0.19531;0.20508;0.21484;0.22461;0.23438;0.24414;0.25391;0.26367;0.27344;0.2832;0.29297;0.30273;0.3125;0.32227;0.33203;0.3418;0.35156;0.36133;0.37109;0.38086;0.39063;0.40039;0.41016;0.41992;0.42969;0.43945;0.44922;0.45898;0.46875;0.47852;0.48828;0.49805;0.50781;0.51758;0.52734;0.53711;0.54688;0.55664;0.56641;0.57617;0.58594;0.5957;0.60547;0.61523;0.625;0.63477;0.64453;0.6543;0.66406;0.67383;0.68359;0.69336;0.70313;0.71289;0.72266;0.73242;0.74219;0.75195;0.76172;0.77148;0.78125;0.79102,0.004692992;0.010407936;0.007123968;0.004464640000000001;0.0067082240000000005;0.007175168000000001;0.006919168;0.004896768;0.004389888;0.008902656;0.005843968;0.005296128000000001;0.009252864000000001;0.014141439999999998;0.011978752;0.011160576;0.010857472;0.0075898879999999995;0.003692544;0.0022026240000000002;0.002011136;0.0012032;0.001122304;0.0008386559999999999;0.000662528;0.0007106559999999999;0.000672768;0.0005754880000000001;0.00067072;0.0007884799999999999;0.0006912;0.0007772160000000001;0.000637952;0.000769024;0.000951296;0.000769024;0.0008591359999999999;0.001055744;0.0013793280000000002;0.0022241279999999997;0.001957888;0.001685504;0.00142848;0.001558528;0.0015114240000000001;0.0011284479999999998;0.001217536;0.00079872;0.000774144;0.001222656;0.001130496;0.002040832;0.002036736;0.0020930559999999994;0.0014172160000000002;0.001002496;0.0015226880000000001;0.00210944;0.001746944;0.0018995200000000002;0.001619968;0.001820672;0.001403904;0.001721344;0.0015544320000000001;0.002172928;0.001989632;0.0021944319999999996;0.002306048;0.0022937599999999997;0.002395136;0.0022906879999999995;0.001391616;0.0013752319999999999;0.001583104;0.0019537919999999998;0.001910784;0.0016773119999999998;0.00249856
1789243200,hdr,0.0293;0.03906;0.04883;0.05859;0.06836;0.07813;0.08789;0.09766;0.10742;0.11719;0.12695;0.13672;0.14648;0.15625;0.16602;0.17578;0.18555;0.19531;0.20508;0.21484;0.22461;0.23438;0.24414;0.25391;0.26367;0.27344;0.2832;0.29297;0.30273;0.3125;0.32227;0.33203;0.3418;0.35156;0.36133;0.37109;0.38086;0.39063;0.40039;0.41016;0.41992;0.42969;0.43945;0.44922;0.45898;0.46875;0.47852;0.48828;0.49805;0.50781;0.51758;0.52734;0.53711;0.54688;0.55664;0.56641;0.57617;0.58594;0.5957;0.60547;0.61523;0.625;0.63477;0.64453;0.6543;0.66406;0.67383;0.68359;0.69336;0.70313;0.71289;0.72266;0.73242;0.74219;0.75195;0.76172;0.77148;0.78125;0.79102,0.003836928;0.01143808;0.012692479999999999;0.008363008;0.006161407999999999;0.008537088000000002;0.009636864;0.010267647999999999;0.00550912;0.0051374079999999996;0.007409664000000001;0.010483712000000001;0.009341951999999999;0.010186752;0.012339200000000002;0.009186304;0.007743488000000001;0.004819968;0.004027391999999999;0.0037591039999999997;0.002086912;0.001782784;0.001483776;0.001092608;0.0009297919999999999;0.000607232;0.000990208;0.0008325120000000001;0.0007936;0.000536576;0.000539648;0.00040448000000000003;0.000694272;0.001134592;0.0011776;0.001220608;0.00067584;0.0013824;0.0020797439999999997;0.002260992;0.002379776;0.001325056;0.0007936;0.0007219199999999999;0.001007616;0.000986112;0.0014274560000000001;0.001927168;0.0009564160000000001;0.00077824;0.001158144;0.001232896;0.0015687680000000001;0.001091584;0.0010178560000000001;0.001263616;0.000745472;0.0011264;0.001400832;0.001497088;0.001562624;0.0011120639999999998;0.002139136;0.002512896;0.001967104;0.002205696;0.00283136;0.002156544;0.0021913600000000003;0.001999872;0.001769472;0.0019886079999999998;0.00281088;0.002353152;0.002064384;0.002752512;0.001681408;0.001809408;0.001995776
1789244100,hdr,0.0293;0.03906;0.04883;0.05859;0.06836;0.07813;0.08789;0.09766;0.10742;0.11719;0.12695;0.13672;0.14648;0.15625;0.16602;0.17578;0.18555;0.19531;0.20508;0.21484;0.22461;0.23438;0.24414;0.25391;0.26367;0.27344;0.2832;0.29297;0.30273;0.3125;0.32227;0.33203;0.3418;0.35156;0.36133;0.37109;0.38086;0.39063;0.40039;0.41016;0.41992;0.42969;0.43945;0.44922;0.45898;0.46875;0.47852;0.48828;0.49805;0.50781;0.51758;0.52734;0.53711;0.54688;0.55664;0.56641;0.57617;0.58594;0.5957;0.60547;0.61523;0.625;0.63477;0.64453;0.6543;0.66406;0.67383;0.68359;0.69336;0.70313;0.71289;0.72266;0.73242;0.74219;0.75195;0.76172;0.77148;0.78125;0.79102,0.005867519999999999;0.007627776;0.011029503999999999;0.007927808;0.008650752000000001;0.009694208000000001;0.008677376;0.009554944000000001;0.0048762879999999995;0.0067583999999999995;0.011078656000000001;0.009597952;0.013579264;0.016806912;0.014030848;0.00925184;0.007209984;0.0038819839999999998;0.00242176;0.00237056;0.002655232;0.001711104;0.001250304;0.000979968;0.0007843840000000001;0.00050688;0.00047923199999999995;0.000659456;0.000635904;0.000444416;0.0011796480000000002;0.0012052480000000001;0.0006963200000000001;0.000653312;0.000813056;0.000949248;0.0008509440000000001;0.000647168;0.0007249919999999999;0.0007188480000000001;0.000690176;0.000679936;0.000932864;0.0007372800000000001;0.0007393279999999999;0.001680384;0.0015513600000000001;0.001210368;0.000965632;0.00083968;0.001050624;0.001425408;0.0014581759999999998;0.0005632;0.00044544;0.000968704;0.0013701120000000002;0.0015063040000000002;0.00203264;0.001575936;0.0017623040000000001;0.001611776;0.0009584639999999999;0.000909312;0.001251328;0.001328128;0.0012605440000000002;0.001714176;0.00128512;0.00128512;0.001562624;0.002225152;0.001820672;0.002113536;0.001770496;0.001248256;0.001574912;0.0019650559999999997;0.002418688
1789245000,hdr,0.0293;0.03906;0.04883;0.05859;0.06836;0.07813;0.08789;0.09766;0.10742;0.11719;0.12695;0.13672;0.14648;0.15625;0.16602;0.17578;0.18555;0.19531;0.20508;0.21484;0.22461;0.23438;0.24414;0.25391;0.26367;0.27344;0.2832;0.29297;0.30273;0.3125;0.32227;0.33203;0.3418;0.35156;0.36133;0.37109;0.38086;0.39063;0.40039;0.41016;0.41992;0.42969;0.43945;0.44922;0.45898;0.46875;0.47852;0.48828;0.49805;0.50781;0.51758;0.52734;0.53711;0.54688;0.55664;0.56641;0.57617;0.58594;0.5957;0.60547;0.61523;0.625;0.63477;0.64453;0.6543;0.66406;0.67383;0.68359;0.69336;0.70313;0.71289;0.72266;0.73242;0.74219;0.75195;0.76172;0.77148;0.78125;0.79102,0.005624832;0.007221248;0.005711872;0.006861824000000001;0.007324672;0.008327168;0.007302144;0.00859648;0.005101568;0.004174848;0.006888448;0.00793088;0.0043806719999999995;0.008201216;0.0129024;0.010717184;0.006610944;0.00418304;0.003748864;0.002532352;0.0011786239999999999;0.0011694079999999998;0.001790976;0.0014028799999999998;0.0011233280000000003;0.000989184;0.0007976959999999999;0.0010956800000000001;0.0008151040000000001;0.00048742400000000003;0.0007249919999999999;0.000734208;0.0007884799999999999;0.000887808;0.000786432;0.000987136;0.0012687360000000001;0.0009420800000000001;0.000633856;0.00100352;0.000966656;0.000823296;0.000966656;0.0008212479999999999;0.00115712;0.0009717759999999999;0.000807936;0.00079872;0.000606208;0.0005642239999999999;0.000852992;0.001388544;0.001021952;0.000620544;0.00093696;0.001155072;0.0011427840000000002;0.0009912319999999999;0.0013905920000000002;0.001221632;0.001053696;0.000719872;0.0005683200000000001;0.0009205759999999999;0.0012247039999999999;0.00134656;0.0015472639999999998;0.001985536;0.00230912;0.002276352;0.0018718720000000001;0.002403328;0.002871296;0.002164736;0.0013117439999999999;0.00103936;0.0017848319999999999;0.001968128;0.001329152
1789245900,hdr,0.0293;0.03906;0.04883;0.05859;0.06836;0.07813;0.08789;0.09766;0.10742;0.11719;0.12695;0.13672;0.14648;0.15625;0.16602;0.17578;0.18555;0.19531;0.20508;0.21484;0.22461;0.23438;0.24414;0.25391;0.26367;0.27344;0.2832;0.29297;0.30273;0.3125;0.32227;0.33203;0.3418;0.35156;0.36133;0.37109;0.38086;0.39063;0.40039;0.41016;0.41992;0.42969;0.43945;0.44922;0.45898;0.46875;0.47852;0.48828;0.49805;0.50781;0.51758;0.52734;0.53711;0.54688;0.55664;0.56641;0.57617;0.58594;0.5957;0.60547;0.61523;0.625;0.63477;0.64453;0.6543;0.66406;0.67383;0.68359;0.69336;0.70313;0.71289;0.72266;0.73242;0.74219;0.75195;0.76172;0.77148;0.78125;0.79102,0.006495232;0.007803904;0.010099712;0.010022912;0.005502976000000001;0.003961856000000001;0.004996095999999999;0.010172416;0.009877504;0.00826368;0.010824704;0.008260608000000001;0.007973888;0.006109184;0.007201792;0.008941567999999999;0.005477375999999999;0.004344832000000001;0.003350528;0.002225152;0.0023347199999999998;0.00217088;0.0012462080000000002;0.0006952960000000001;0.000442368;0.00047308800000000003;0.0006696959999999999;0.000910336;0.0008765439999999999;0.000800768;0.0009297919999999999;0.00075264;0.000953344;0.001248256;0.001098752;0.000930816;0.001792;0.002192384;0.0023408640000000002;0.0018995200000000002;0.00135168;0.001031168;0.001038336;0.0014878720000000001;0.0013219840000000002;0.0009584639999999999;0.000887808;0.000644096;0.000754688;0.0007188480000000001;0.0006830079999999999;0.000761856;0.000949248;0.00099328;0.000842752;0.0013660159999999998;0.0011714560000000002;0.000674816;0.001048576;0.0013322240000000001;0.000995328;0.00123392;0.002465792;0.001826816;0.000736256;0.00144896;0.001867776;0.0015656959999999999;0.001865728;0.001527808;0.001258496;0.001225728;0.0009216000000000001;0.00165376;0.0017848319999999999;0.001854464;0.0016384000000000001;0.001374208;0.001098752
1789246800,hdr,0.0293;0.03906;0.04883;0.05859;0.06836;0.07813;0.08789;0.09766;0.10742;0.11719;0.12695;0.13672;0.14648;0.15625;0.16602;0.17578;0.18555;0.19531;0.20508;0.21484;0.22461;0.23438;0.24414;0.25391;0.26367;0.27344;0.2832;0.29297;0.30273;0.3125;0.32227;0.33203;0.3418;0.35156;0.36133;0.37109;0.38086;0.39063;0.40039;0.41016;0.41992;0.42969;0.43945;0.44922;0.45898;0.46875;0.47852;0.48828;0.49805;0.50781;0.51758;0.52734;0.53711;0.54688;0.55664;0.56641;0.57617;0.58594;0.5957;0.60547;0.61523;0.625;0.63477;0.64453;0.6543;0.66406;0.67383;0.68359;0.69336;0.70313;0.71289;0.72266;0.73242;0.74219;0.75195;0.76172;0.77148;0.78125;0.79102,0.013707264;0.028496896;0.035386367999999994;0.014212096000000002;0.011930623999999999;0.008179712;0.007871488000000001;0.011122688;0.005121024;0.005537792;0.007093248;0.006827008;0.00582144;0.012094464;0.010750975999999999;0.007719935999999999;0.006697984000000001;0.00393728;0.003315712;0.00275456;0.0024002560000000004;0.001476608;0.001467392;0.001542144;0.0011704320000000001;0.000842752;0.000770048;0.000893952;0.000688128;0.000717824;0.00075264;0.0010014719999999998;0.000769024;0.000632832;0.00103936;0.001258496;0.0013240320000000002;0.001032192;0.001127424;0.000941056;0.0006656;0.0011407359999999998;0.0016773119999999998;0.001610752;0.001743872;0.0011161600000000002;0.0009625599999999999;0.0013926400000000001;0.001062912;0.000842752;0.001983488;0.001910784;0.0013660159999999998;0.0013240320000000002;0.00111104;0.001084416;0.000842752;0.00088576;0.00146432;0.000828416;0.000420864;0.0006184960000000001;0.0011356159999999999;0.001074176;0.001077248;0.0009431040000000001;0.0012185600000000003;0.000807936;0.00091136;0.0009400319999999999;0.000816128;0.000984064;0.0007936;0.001009664;0.00136704;0.0011161600000000002;0.0007116799999999999;0.000987136;0.000917504
1789247700,hdr,0.0293;0.03906;0.04883;0.05859;0.06836;0.07813;0.08789;0.09766;0.10742;0.11719;0.12695;0.13672;0.14648;0.15625;0.16602;0.17578;0.18555;0.19531;0.20508;0.21484;0.22461;0.23438;0.24414;0.25391;0.26367;0.27344;0.2832;0.29297;0.30273;0.3125;0.32227;0.33203;0.3418;0.35156;0.36133;0.37109;0.38086;0.39063;0.40039;0.41016;0.41992;0.42969;0.43945;0.44922;0.45898;0.46875;0.47852;0.48828;0.49805;0.50781;0.51758;0.52734;0.53711;0.54688;0.55664;0.56641;0.57617;0.58594;0.5957;0.60547;0.61523;0.625;0.63477;0.64453;0.6543;0.66406;0.67383;0.68359;0.69336;0.70313;0.71289;0.72266;0.73242;0.74219;0.75195;0.76172;0.77148;0.78125;0.79102,0.010645504;0.018114560000000002;0.014217216;0.00756224;0.0073728000000000005;0.009582592000000001;0.006115328;0.0057077759999999995;0.008332288;0.010320896;0.006334464;0.005833728;0.006571008;0.007358464;0.00690176;0.004524032;0.003674112;0.002650112;0.0028129279999999997;0.002286592;0.001979392;0.001477632;0.0010373119999999999;0.00182272;0.0016906239999999997;0.00107008;0.000900096;0.0012113920000000002;0.0009984;0.0007219199999999999;0.0005703679999999999;0.001117184;0.001250304;0.0008304639999999999;0.000652288;0.00100352;0.000951296;0.0009594880000000001;0.0011601919999999998;0.0012052480000000001;0.0012451839999999999;0.0012554240000000002;0.001316864;0.0015063040000000002;0.001620992;0.001468416;0.00111104;0.0009615359999999999;0.001258496;0.00159744;0.002015232;0.001412096;0.001000448;0.0008386559999999999;0.00090624;0.0006789119999999999;0.000776192;0.000772096;0.000826368;0.000579584;0.00048127999999999995;0.000789504;0.001009664;0.000800768;0.000494592;0.00043008000000000006;0.000730112;0.0006144;0.0004915200000000001;0.0005877759999999999;0.000653312;0.000858112;0.0006154239999999999;0.00047308800000000003;0.0005734399999999999;0.000605184;0.0006952960000000001;0.0006092800000000001;0.0006184960000000001
1789248600,hdr,0.0293;0.03906;0.04883;0.05859;0.06836;0.07813;0.08789;0.09766;0.10742;0.11719;0.12695;0.13672;0.14648;0.15625;0.16602;0.17578;0.18555;0.19531;0.20508;0.21484;0.22461;0.23438;0.24414;0.25391;0.26367;0.27344;0.2832;0.29297;0.30273;0.3125;0.32227;0.33203;0.3418;0.35156;0.36133;0.37109;0.38086;0.39063;0.40039;0.41016;0.41992;0.42969;0.43945;0.44922;0.45898;0.46875;0.47852;0.48828;0.49805;0.50781;0.51758;0.52734;0.53711;0.54688;0.55664;0.56641;0.57617;0.58594;0.5957;0.60547;0.61523;0.625;0.63477;0.64453;0.6543;0.66406;0.67383;0.68359;0.69336;0.70313;0.71289;0.72266;0.73242;0.74219;0.75195;0.76172;0.77148;0.78125;0.79102,0.009186304;0.018716672;0.014016512;0.009306112000000002;0.009888768;0.010622976;0.010161152;0.007566335999999999;0.006296576;0.006340607999999999;0.0065187840000000006;0.008428544;0.006692864000000001;0.008113151999999998;0.005124096;0.005158912;0.006416384;0.00571904;0.00295424;0.0025333760000000004;0.0023019520000000003;0.0015452159999999999;0.001119232;0.0013608960000000001;0.0012308479999999999;0.001687552;0.001330176;0.0007229440000000001;0.0006737919999999999;0.000872448;0.0011243520000000001;0.0010721279999999999;0.00159744;0.001856512;0.001188864;0.001787904;0.001610752;0.0019189760000000002;0.0024064;0.0022968320000000004;0.002673664;0.0015738879999999998;0.0014745600000000002;0.0022702079999999997;0.001476608;0.000970752;0.0009758719999999999;0.000978944;0.001979392;0.002108416;0.001618944;0.001408;0.0008335360000000001;0.0005816320000000001;0.000605184;0.0006850560000000001;0.000879616;0.000907264;0.000908288;0.0008744960000000001;0.000813056;0.0010291200000000001;0.000521216;0.00029696;0.000387072;0.0008765439999999999;0.001043456;0.0008468480000000001;0.0005621760000000001;0.00041984;0.000760832;0.000687104;0.000656384;0.000596992;0.000733184;0.000733184;0.0004915200000000001;0.00029593599999999995;0.00039936
1789249500,hdr,0.0293;0.03906;0.04883;0.05859;0.06836;0.07813;0.08789;0.09766;0.10742;0.11719;0.12695;0.13672;0.14648;0.15625;0.16602;0.17578;0.18555;0.19531;0.20508;0.21484;0.22461;0.23438;0.24414;0.25391;0.26367;0.27344;0.2832;0.29297;0.30273;0.3125;0.32227;0.33203;0.3418;0.35156;0.36133;0.37109;0.38086;0.39063;0.40039;0.41016;0.41992;0.42969;0.43945;0.44922;0.45898;0.46875;0.47852;0.48828;0.49805;0.50781;0.51758;0.52734;0.53711;0.54688;0.55664;0.56641;0.57617;0.58594;0.5957;0.60547;0.61523;0.625;0.63477;0.64453;0.6543;0.66406;0.67383;0.68359;0.69336;0.70313;0.71289;0.72266;0.73242;0.74219;0.75195;0.76172;0.77148;0.78125;0.79102,0.002086912;0.003679232;0.006529024;0.009560064;0.0075264;0.007126016;0.002589696;0.00835072;0.009918464;0.006426624000000001;0.005001216;0.008022016;0.006139904;0.0037888;0.007831552;0.007501824;0.003877888;0.00399872;0.0056350720000000005;0.002642944;0.0011264;0.0010752000000000001;0.001358848;0.001393664;0.001110016;0.000868352;0.000945152;0.0009256959999999999;0.000915456;0.0009973760000000001;0.000754688;0.000951296;0.001381376;0.0012462080000000002;0.0010946560000000003;0.001472512;0.001488896;0.001467392;0.000805888;0.001062912;0.001161216;0.001501184;0.00178176;0.0019435519999999999;0.0017489920000000002;0.001317888;0.0007423999999999999;0.000909312;0.001447936;0.000893952;0.000557056;0.000723968;0.00065536;0.0007946240000000001;0.000968704;0.000864256;0.000515072;0.0006041600000000001;0.0005632;0.0005416959999999999;0.0006963200000000001;0.000434176;0.000536576;0.00048025600000000003;0.000454656;0.0005621760000000001;0.00036966399999999996;0.000492544;0.0007137280000000001;0.0011120639999999998;0.001138688;0.00067584;0.0005683200000000001;0.0006830079999999999;0.000538624;0.000717824;0.0005724160000000001;0.000371712;0.00045568
1789250400,hdr,0.0293;0.03906;0.04883;0.05859;0.06836;0.07813;0.08789;0.09766;0.10742;0.11719;0.12695;0.13672;0.14648;0.15625;0.16602;0.17578;0.18555;0.19531;0.20508;0.21484;0.22461;0.23438;0.24414;0.25391;0.26367;0.27344;0.2832;0.29297;0.30273;0.3125;0.32227;0.33203;0.3418;0.35156;0.36133;0.37109;0.38086;0.39063;0.40039;0.41016;0.41992;0.42969;0.43945;0.44922;0.45898;0.46875;0.47852;0.48828;0.49805;0.50781;0.51758;0.52734;0.53711;0.54688;0.55664;0.56641;0.57617;0.58594;0.5957;0.60547;0.61523;0.625;0.63477;0.64453;0.6543;0.66406;0.67383;0.68359;0.69336;0.70313;0.71289;0.72266;0.73242;0.74219;0.75195;0.76172;0.77148;0.78125;0.79102,0.01117696;0.021623808;0.014570496;0.0065167359999999995;0.007169024;0.004447232;0.00551424;0.010176512;0.007119872;0.00642048;0.007320576;0.009438207999999998;0.005525504;0.005475328000000001;0.006035456;0.0038881280000000002;0.003703808;0.004317184;0.002762752;0.002279424;0.001954816;0.0014632959999999998;0.002008064;0.0013035520000000001;0.000772096;0.000621568;0.0011837439999999998;0.000854016;0.0006656;0.00118272;0.0006502400000000001;0.00047206399999999996;0.000577536;0.0006574080000000001;0.000781312;0.001168384;0.000896;0.000996352;0.0009605120000000001;0.001114112;0.001380352;0.000922624;0.000676864;0.0007464960000000001;0.000569344;0.00063488;0.000953344;0.0007352319999999999;0.000869376;0.000894976;0.000687104;0.0005683200000000001;0.0007372800000000001;0.000432128;0.000401408;0.000536576;0.00076288;0.000611328;0.00042291200000000006;0.000366592;0.00037068800000000004;0.00035942400000000006;0.000393216;0.000557056;0.00033792;0.000390144;0.000413696;0.00037785600000000004;0.000268288;0.000442368;0.000372736;0.000453632;0.00040755200000000004;0.000347136;0.0005089280000000001;0.00039936;0.000352256;0.00021504000000000003;0.000157696
1789251300,hdr,0.0293;0.03906;0.04883;0.05859;0.06836;0.07813;0.08789;0.09766;0.10742;0.11719;0.12695;0.13672;0.14648;0.15625;0.16602;0.17578;0.18555;0.19531;0.20508;0.21484;0.22461;0.23438;0.24414;0.25391;0.26367;0.27344;0.2832;0.29297;0.30273;0.3125;0.32227;0.33203;0.3418;0.35156;0.36133;0.37109;0.38086;0.39063;0.40039;0.41016;0.41992;0.42969;0.43945;0.44922;0.45898;0.46875;0.47852;0.48828;0.49805;0.50781;0.51758;0.52734;0.53711;0.54688;0.55664;0.56641;0.57617;0.58594;0.5957;0.60547;0.61523;0.625;0.63477;0.64453;0.6543;0.66406;0.67383;0.68359;0.69336;0.70313;0.71289;0.72266;0.73242;0.74219;0.75195;0.76172;0.77148;0.78125;0.79102,0.0075171840000000005;0.013416448000000001;0.009876480000000002;0.006408192;0.0075448320000000004;0.009478144;0.004999168;0.008784896;0.007109632;0.00551424;0.009321471999999999;0.008213504000000002;0.006011904;0.005085184;0.007467008;0.00540672;0.003958784;0.004952064;0.0028876799999999997;0.001734656;0.0014899199999999998;0.001226752;0.0011755519999999998;0.0013660159999999998;0.001217536;0.000720896;0.0006676480000000001;0.000919552;0.000743424;0.000550912;0.0005980159999999999;0.0006840319999999999;0.0005713920000000001;0.00059392;0.001026048;0.001288192;0.001490944;0.0009912319999999999;0.000858112;0.001043456;0.0007557120000000001;0.0009349119999999999;0.0008744960000000001;0.000648192;0.000730112;0.0005560319999999999;0.000421888;0.000897024;0.000909312;0.000790528;0.000743424;0.0007290879999999999;0.0006021119999999999;0.000482304;0.00041062399999999995;0.00042496;0.00036966399999999996;0.000415744;0.000535552;0.000385024;0.00030208000000000004;0.000381952;0.000514048;0.00043110399999999997;0.000303104;0.00042496;0.000390144;0.000269312;0.000529408;0.00042291200000000006;0.00047001599999999997;0.000352256;0.00029798400000000005;0.000246784;0.000269312;0.000246784;0.000237568;0.000313344;0.000412672
1789252200,hdr,0.0293;0.03906;0.04883;0.05859;0.06836;0.07813;0.08789;0.09766;0.10742;0.11719;0.12695;0.13672;0.14648;0.15625;0.16602;0.17578;0.18555;0.19531;0.20508;0.21484;0.22461;0.23438;0.24414;0.25391;0.26367;0.27344;0.2832;0.29297;0.30273;0.3125;0.32227;0.33203;0.3418;0.35156;0.36133;0.37109;0.38086;0.39063;0.40039;0.41016;0.41992;0.42969;0.43945;0.44922;0.45898;0.46875;0.47852;0.48828;0.49805;0.50781;0.51758;0.52734;0.53711;0.54688;0.55664;0.56641;0.57617;0.58594;0.5957;0.60547;0.61523;0.625;0.63477;0.64453;0.6543;0.66406;0.67383;0.68359;0.69336;0.70313;0.71289;0.72266;0.73242;0.74219;0.75195;0.76172;0.77148;0.78125;0.79102,0.003557376;0.001809408;0.00169984;0.00398336;0.001915904;0.0018687999999999999;0.002067456;0.006825984;0.007161855999999999;0.004483072;0.009416704;0.008909824;0.00495616;0.004950016;0.003111936;0.002879488;0.0030945279999999996;0.0039772159999999996;0.0038881280000000002;0.002936832;0.001968128;0.00122368;0.000733184;0.0010209280000000002;0.001099776;0.000823296;0.000565248;0.0005560319999999999;0.000518144;0.000738304;0.000812032;0.00075264;0.000605184;0.000826368;0.001089536;0.0011970559999999997;0.0010649599999999998;0.001002496;0.001186816;0.0011007999999999999;0.000945152;0.0014346239999999998;0.001248256;0.0008202239999999999;0.000816128;0.001130496;0.000809984;0.000873472;0.0012369920000000001;0.0010373119999999999;0.00048025600000000003;0.000623616;0.000525312;0.0004884479999999999;0.00048742400000000003;0.000837632;0.00128512;0.0009287680000000001;0.000524288;0.00039936;0.000518144;0.000687104;0.00059904;0.000401408;0.000282624;0.00034201599999999995;0.00044032;0.000379904;0.0004915200000000001;0.000421888;0.000269312;0.000258048;0.00035942400000000006;0.000321536;0.000385024;0.00040550399999999994;0.000413696;0.000519168;0.000413696
1789253100,hdr,0.0293;0.03906;0.04883;0.05859;0.06836;0.07813;0.08789;0.09766;0.10742;0.11719;0.12695;0.13672;0.14648;0.15625;0.16602;0.17578;0.18555;0.19531;0.20508;0.21484;0.22461;0.23438;0.24414;0.25391;0.26367;0.27344;0.2832;0.29297;0.30273;0.3125;0.32227;0.33203;0.3418;0.35156;0.36133;0.37109;0.38086;0.39063;0.40039;0.41016;0.41992;0.42969;0.43945;0.44922;0.45898;0.46875;0.47852;0.48828;0.49805;0.50781;0.51758;0.52734;0.53711;0.54688;0.55664;0.56641;0.57617;0.58594;0.5957;0.60547;0.61523;0.625;0.63477;0.64453;0.6543;0.66406;0.67383;0.68359;0.69336;0.70313;0.71289;0.72266;0.73242;0.74219;0.75195;0.76172;0.77148;0.78125;0.79102,0.004443136;0.0056330239999999995;0.004633600000000001;0.0015892480000000001;0.003223552;0.006390784;0.00285696;0.006111232;0.010078208;0.005907456;0.004217856000000001;0.002638848;0.002157568;0.002564096;0.002123776;0.002379776;0.0024709120000000005;0.0030668799999999997;0.0020746239999999997;0.001792;0.0014704639999999999;0.0008519679999999999;0.0011417600000000001;0.0017244159999999999;0.001313792;0.0012554240000000002;0.001101824;0.000490496;0.000632832;0.000909312;0.0009318400000000001;0.0009461760000000001;0.000652288;0.000896;0.0009768959999999999;0.001099776;0.000881664;0.001440768;0.001856512;0.0014827520000000002;0.001229824;0.001132544;0.001168384;0.001067008;0.00103424;0.000879616;0.001053696;0.00096768;0.000524288;0.0005632;0.000644096;0.000858112;0.001006592;0.000769024;0.000774144;0.0006963200000000001;0.000536576;0.00052224;0.00037478399999999997;0.000625664;0.000698368;0.000531456;0.000432128;0.00043315199999999996;0.00062464;0.000555008;0.000463872;0.00048742400000000003;0.00044032;0.000499712;0.0006123519999999999;0.0004352;0.000277504;0.00023961599999999998;0.000229376;0.000339968;0.000381952;0.00036864000000000005;0.00030003200000000004
1789254000,hdr,0.0293;0.03906;0.04883;0.05859;0.06836;0.07813;0.08789;0.09766;0.10742;0.11719;0.12695;0.13672;0.14648;0.15625;0.16602;0.17578;0.18555;0.19531;0.20508;0.21484;0.22461;0.23438;0.24414;0.25391;0.26367;0.27344;0.2832;0.29297;0.30273;0.3125;0.32227;0.33203;0.3418;0.35156;0.36133;0.37109;0.38086;0.39063;0.40039;0.41016;0.41992;0.42969;0.43945;0.44922;0.45898;0.46875;0.47852;0.48828;0.49805;0.50781;0.51758;0.52734;0.53711;0.54688;0.55664;0.56641;0.57617;0.58594;0.5957;0.60547;0.61523;0.625;0.63477;0.64453;0.6543;0.66406;0.67383;0.68359;0.69336;0.70313;0.71289;0.72266;0.73242;0.74219;0.75195;0.76172;0.77148;0.78125;0.79102,0.0068679679999999995;0.009204736000000002;0.005198848;0.004855808;0.005249024000000001;0.0065638400000000005;0.003265536;0.006970367999999999;0.008805376;0.0070492160000000005;0.0072785919999999995;0.005959679999999999;0.003069952;0.00277504;0.0036270079999999997;0.00385536;0.0037877759999999996;0.003744768;0.0035686399999999997;0.002596864;0.0018155520000000002;0.00092672;0.000642048;0.001061888;0.0016128;0.00083968;0.0005857280000000001;0.0007229440000000001;0.000613376;0.00072704;0.001021952;0.000985088;0.001002496;0.001031168;0.000666624;0.000763904;0.001077248;0.000992256;0.001296384;0.001186816;0.0012052480000000001;0.000817152;0.000596992;0.000915456;0.001103872;0.001031168;0.001243136;0.001376256;0.000847872;0.0005754880000000001;0.0005007359999999999;0.0006082559999999999;0.000616448;0.000457728;0.0005468159999999999;0.0006041600000000001;0.000289792;0.00029696;0.0005898240000000001;0.00044032;0.00025497599999999997;0.00022528;0.000449536;0.000452608;0.00040550399999999994;0.00039628799999999996;0.000420864;0.00030208000000000004;0.00015462400000000002;0.00028569600000000005;0.000227328;0.00019456;0.0002816;0.00029081600000000006;0.000366592;0.00028671999999999997;0.000288768;0.000274432;0.000418816
1789254900,hdr,0.0293;0.03906;0.04883;0.05859;0.06836;0.07813;0.08789;0.09766;0.10742;0.11719;0.12695;0.13672;0.14648;0.15625;0.16602;0.17578;0.18555;0.19531;0.20508;0.21484;0.22461;0.23438;0.24414;0.25391;0.26367;0.27344;0.2832;0.29297;0.30273;0.3125;0.32227;0.33203;0.3418;0.35156;0.36133;0.37109;0.38086;0.39063;0.40039;0.41016;0.41992;0.42969;0.43945;0.44922;0.45898;0.46875;0.47852;0.48828;0.49805;0.50781;0.51758;0.52734;0.53711;0.54688;0.55664;0.56641;0.57617;0.58594;0.5957;0.60547;0.61523;0.625;0.63477;0.64453;0.6543;0.66406;0.67383;0.68359;0.69336;0.70313;0.71289;0.72266;0.73242;0.74219;0.75195;0.76172;0.77148;0.78125;0.79102,0.003731456;0.010333183999999999;0.0072560640000000004;0.004178944;0.0035246080000000003;0.00126976;0.001811456;0.006881280000000001;0.007299072;0.0062627839999999995;0.005317631999999999;0.005715968;0.0038993920000000002;0.004001792;0.004352;0.0038410239999999997;0.0052172799999999995;0.004611072;0.00482304;0.002824192;0.002217984;0.001517568;0.001181696;0.001540096;0.001028096;0.000703488;0.0007946240000000001;0.000828416;0.000812032;0.000744448;0.00091648;0.000871424;0.000813056;0.000999424;0.0010178560000000001;0.000970752;0.0009973760000000001;0.0011632640000000002;0.00165888;0.001959936;0.001380352;0.001328128;0.002123776;0.0024002560000000004;0.002234368;0.001680384;0.0010598399999999998;0.000775168;0.000754688;0.000601088;0.000434176;0.0004884479999999999;0.00068096;0.000888832;0.000692224;0.00046489599999999996;0.00041062399999999995;0.0005959680000000001;0.000536576;0.000561152;0.0005468159999999999;0.000452608;0.00027033600000000004;0.00047001599999999997;0.00047718399999999996;0.000365568;0.000200704;0.00020172799999999998;0.00011571199999999999;0.000216064;0.000289792;0.000139264;0.000366592;0.000350208;0.00026521600000000003;0.00034201599999999995;0.00039731200000000003;0.000308224;0.00030208000000000004
1789255800,hdr,0.0293;0.03906;0.04883;0.05859;0.06836;0.07813;0.08789;0.09766;0.10742;0.11719;0.12695;0.13672;0.14648;0.15625;0.16602;0.17578;0.18555;0.19531;0.20508;0.21484;0.22461;0.23438;0.24414;0.25391;0.26367;0.27344;0.2832;0.29297;0.30273;0.3125;0.32227;0.33203;0.3418;0.35156;0.36133;0.37109;0.38086;0.39063;0.40039;0.41016;0.41992;0.42969;0.43945;0.44922;0.45898;0.46875;0.47852;0.48828;0.49805;0.50781;0.51758;0.52734;0.53711;0.54688;0.55664;0.56641;0.57617;0.58594;0.5957;0.60547;0.61523;0.625;0.63477;0.64453;0.6543;0.66406;0.67383;0.68359;0.69336;0.70313;0.71289;0.72266;0.73242;0.74219;0.75195;0.76172;0.77148;0.78125;0.79102,0.008347648;0.014561280000000001;0.00671744;0.004417536;0.006139904;0.0033423359999999996;0.003068928;0.008300544;0.009723903999999998;0.005839871999999999;0.008592384;0.009113600000000001;0.006329344;0.003999744;0.003222528;0.002996224;0.0056852479999999995;0.004808704;0.002697216;0.00302592;0.003105792;0.002157568;0.0017489920000000002;0.000863232;0.0006021119999999999;0.000545792;0.00068608;0.000646144;0.0007106559999999999;0.0008151040000000001;0.001035264;0.0007946240000000001;0.0006123519999999999;0.0005754880000000001;0.001692672;0.001441792;0.00101888;0.00113152;0.0013690880000000003;0.000857088;0.001117184;0.0010516479999999999;0.001024;0.0011489279999999998;0.001432576;0.001002496;0.00077312;0.000607232;0.001065984;0.000861184;0.0008560640000000001;0.0007229440000000001;0.000386048;0.0009625599999999999;0.0007976959999999999;0.000502784;0.000507904;0.000536576;0.00048127999999999995;0.000545792;0.0005324799999999999;0.00034816000000000003;0.00040960000000000004;0.000310272;0.000191488;0.000217088;0.000308224;0.000211968;0.00022016;0.000258048;0.00025497599999999997;0.000305152;0.0002816;0.000217088;0.000210944;0.00015052799999999998;0.00018227199999999998;0.00018124799999999998;0.00013516800000000002
1789256700,hdr,0.0293;0.03906;0.04883;0.05859;0.06836;0.07813;0.08789;0.09766;0.10742;0.11719;0.12695;0.13672;0.14648;0.15625;0.16602;0.17578;0.18555;0.19531;0.20508;0.21484;0.22461;0.23438;0.24414;0.25391;0.26367;0.27344;0.2832;0.29297;0.30273;0.3125;0.32227;0.33203;0.3418;0.35156;0.36133;0.37109;0.38086;0.39063;0.40039;0.41016;0.41992;0.42969;0.43945;0.44922;0.45898;0.46875;0.47852;0.48828;0.49805;0.50781;0.51758;0.52734;0.53711;0.54688;0.55664;0.56641;0.57617;0.58594;0.5957;0.60547;0.61523;0.625;0.63477;0.64453;0.6543;0.66406;0.67383;0.68359;0.69336;0.70313;0.71289;0.72266;0.73242;0.74219;0.75195;0.76172;0.77148;0.78125;0.79102,0.01252352;0.023015424;0.012658688;0.006075392;0.004632576;0.0063488;0.006996992;0.006907904;0.0071167999999999995;0.006022144;0.005202943999999999;0.00387072;0.002229248;0.0015544320000000001;0.00233984;0.002180096;0.006920192;0.0069847039999999996;0.004348928;0.003431424;0.0024299520000000004;0.0015267839999999998;0.0012687360000000001;0.0012462080000000002;0.0014817279999999999;0.001318912;0.0008591359999999999;0.000795648;0.000720896;0.0008468480000000001;0.0012113920000000002;0.001099776;0.000864256;0.0008458240000000001;0.0007137280000000001;0.0006656;0.0013117439999999999;0.0011264;0.0011243520000000001;0.0012687360000000001;0.0010680320000000002;0.001161216;0.001087488;0.0009461760000000001;0.00104448;0.000607232;0.000380928;0.000351232;0.00036761599999999997;0.000582656;0.0004352;0.000447488;0.00047308800000000003;0.00047820800000000004;0.000528384;0.00028774400000000004;0.000346112;0.0006000640000000001;0.000548864;0.000485376;0.00033894400000000004;0.00031129599999999997;0.000274432;0.000279552;0.000216064;0.00021504000000000003;0.00021504000000000003;0.000242688;0.000319488;0.000324608;0.000221184;0.000183296;0.00014950399999999998;0.00014848;0.00015052799999999998;0.000151552;0.00018227199999999998;0.00010137599999999999;5.0176e-05
