Epoch Time,Processing Source,f,varianceDensity
1789862400,hdr,0.0293;0.03906;0.04883;0.05859;0.06836;0.07813;0.08789;0.09766;0.10742;0.11719;0.12695;0.13672;0.14648;0.15625;0.16602;0.17578;0.18555;0.19531;0.20508;0.21484;0.22461;0.23438;0.24414;0.25391;0.26367;0.27344;0.2832;0.29297;0.30273;0.3125;0.32227;0.33203;0.3418;0.35156;0.36133;0.37109;0.38086;0.39063;0.40039;0.41016;0.41992;0.42969;0.43945;0.44922;0.45898;0.46875;0.47852;0.48828;0.49805;0.50781;0.51758;0.52734;0.53711;0.54688;0.55664;0.56641;0.57617;0.58594;0.5957;0.60547;0.61523;0.625;0.63477;0.64453;0.6543;0.66406;0.67383;0.68359;0.69336;0.70313;0.71289;0.72266;0.73242;0.74219;0.75195;0.76172;0.77148;0.78125;0.79102,0.0057896959999999996;0.00935936;0.009245696;0.011390976;0.010493951999999999;0.01680384;0.021310464;0.012374016;0.0159232;0.019481599999999998;0.0273152;0.028311552;0.017944576;0.017905664;0.009719808000000002;0.00416256;0.0027310080000000005;0.002939904;0.002404352;0.002792448;0.0023818240000000003;0.0021299199999999996;0.002260992;0.002069504;0.001835008;0.001358848;0.0010608640000000001;0.001798144;0.001903616;0.0011632640000000002;0.0013506560000000002;0.001746944;0.0017090559999999998;0.000905216;0.00101888;0.00064512;0.000771072;0.0007137280000000001;0.0009472;0.0009420800000000001;0.000649216;0.000371712;0.00020377600000000002;0.000206848;0.00031744;0.00040448000000000003;0.000531456;0.0005898240000000001;0.000339968;0.000253952;0.000244736;0.000241664;0.00030003200000000004;0.000258048;0.000152576;0.000167936;0.000160768;0.00015052799999999998;0.000144384;0.000128;0.00018124799999999998;0.000173056;0.00014643200000000002;0.000160768;0.00014335999999999998;0.00010752000000000001;9.932800000000001e-05;0.00010649599999999999;8.704000000000001e-05;0.000137216;0.000190464;0.00016896;0.000167936;0.000251904;0.00021504000000000003;0.00024063999999999997;0.000262144;0.000444416;0.000483328
1789863300,hdr,0.0293;0.03906;0.04883;0.05859;0.06836;0.07813;0.08789;0.09766;0.10742;0.11719;0.12695;0.13672;0.14648;0.15625;0.16602;0.17578;0.18555;0.19531;0.20508;0.21484;0.22461;0.23438;0.24414;0.25391;0.26367;0.27344;0.2832;0.29297;0.30273;0.3125;0.32227;0.33203;0.3418;0.35156;0.36133;0.37109;0.38086;0.39063;0.40039;0.41016;0.41992;0.42969;0.43945;0.44922;0.45898;0.46875;0.47852;0.48828;0.49805;0.50781;0.51758;0.52734;0.53711;0.54688;0.55664;0.56641;0.57617;0.58594;0.5957;0.60547;0.61523;0.625;0.63477;0.64453;0.6543;0.66406;0.67383;0.68359;0.69336;0.70313;0.71289;0.72266;0.73242;0.74219;0.75195;0.76172;0.77148;0.78125;0.79102,0.004806656;0.00999424;0.005384192;0.007041024000000001;0.009531392;0.024804352;0.029417472;0.012888064000000001;0.011773951999999999;0.02093568;0.015599616;0.013613056;0.018470911999999996;0.013857791999999999;0.01063936;0.006387711999999999;0.0026245120000000003;0.0030945279999999996;0.0027136;0.001777664;0.00190976;0.0019650559999999997;0.001958912;0.0019886079999999998;0.002817024;0.0020244480000000003;0.0014530559999999999;0.0013056;0.001391616;0.00134144;0.001503232;0.00150016;0.0012523519999999998;0.0011212799999999999;0.0010516479999999999;0.0009605120000000001;0.0008089600000000001;0.000610304;0.000720896;0.000654336;0.000620544;0.00028774400000000004;0.00020992;0.000324608;0.000152576;0.00020889599999999997;0.000331776;0.00030412799999999997;0.000221184;0.0003328;0.000408576;0.00037888;0.000256;0.00018534400000000002;0.000192512;0.000183296;0.00013824;0.000114688;0.00015052799999999998;0.000262144;0.000264192;0.000178176;0.000129024;0.000142336;0.000137216;9.8304e-05;9.728e-05;0.000116736;0.000142336;0.00010956799999999999;0.000160768;0.00010137599999999999;0.000172032;0.00018124799999999998;0.00027033600000000004;0.00029286400000000005;0.00023552000000000002;0.000193536;0.000200704
1789864200,hdr,0.0293;0.03906;0.04883;0.05859;0.06836;0.07813;0.08789;0.09766;0.10742;0.11719;0.12695;0.13672;0.14648;0.15625;0.16602;0.17578;0.18555;0.19531;0.20508;0.21484;0.22461;0.23438;0.24414;0.25391;0.26367;0.27344;0.2832;0.29297;0.30273;0.3125;0.32227;0.33203;0.3418;0.35156;0.36133;0.37109;0.38086;0.39063;0.40039;0.41016;0.41992;0.42969;0.43945;0.44922;0.45898;0.46875;0.47852;0.48828;0.49805;0.50781;0.51758;0.52734;0.53711;0.54688;0.55664;0.56641;0.57617;0.58594;0.5957;0.60547;0.61523;0.625;0.63477;0.64453;0.6543;0.66406;0.67383;0.68359;0.69336;0.70313;0.71289;0.72266;0.73242;0.74219;0.75195;0.76172;0.77148;0.78125;0.79102,0.012481536;0.014131199999999998;0.008463360000000001;0.00772608;0.010883072;0.019592191999999998;0.031994879999999996;0.016342016;0.010920959999999999;0.011977728000000002;0.009188352;0.011584512;0.015606784;0.016274432000000002;0.010546176;0.006801408;0.003513344;0.002054144;0.003145728;0.002089984;0.0018042879999999998;0.001870848;0.0012165119999999999;0.001818624;0.001809408;0.001432576;0.0012748800000000002;0.001161216;0.00163328;0.0012288;0.00122368;0.00119808;0.0011233280000000003;0.00121344;0.000841728;0.000423936;0.000503808;0.00040755200000000004;0.00077824;0.000534528;0.00041676800000000003;0.000418816;0.000504832;0.000381952;0.00030617599999999996;0.00023859199999999998;0.000216064;0.00018739199999999998;0.000249856;0.000167936;0.000216064;0.000325632;0.00020889599999999997;0.000124928;0.000131072;0.000197632;0.00014745600000000002;9.3184e-05;0.00016384;0.000222208;0.00018944;0.000186368;0.000161792;0.000129024;8.8064e-05;6.758400000000001e-05;9.0112e-05;0.00010137599999999999;9.5232e-05;7.167999999999999e-05;6.2464e-05;7.167999999999999e-05;9.6256e-05;9.728e-05;0.000105472;0.000113664;8.192e-05;8.2944e-05;0.000131072
1789865100,hdr,0.0293;0.03906;0.04883;0.05859;0.06836;0.07813;0.08789;0.09766;0.10742;0.11719;0.12695;0.13672;0.14648;0.15625;0.16602;0.17578;0.18555;0.19531;0.20508;0.21484;0.22461;0.23438;0.24414;0.25391;0.26367;0.27344;0.2832;0.29297;0.30273;0.3125;0.32227;0.33203;0.3418;0.35156;0.36133;0.37109;0.38086;0.39063;0.40039;0.41016;0.41992;0.42969;0.43945;0.44922;0.45898;0.46875;0.47852;0.48828;0.49805;0.50781;0.51758;0.52734;0.53711;0.54688;0.55664;0.56641;0.57617;0.58594;0.5957;0.60547;0.61523;0.625;0.63477;0.64453;0.6543;0.66406;0.67383;0.68359;0.69336;0.70313;0.71289;0.72266;0.73242;0.74219;0.75195;0.76172;0.77148;0.78125;0.79102,0.006707200000000001;0.00967168;0.016971775999999997;0.012623872000000001;0.007540736;0.013546496;0.014924799999999998;0.010929152;0.011704319999999999;0.02370048;0.025034752;0.016978944;0.015186944;0.010115072;0.008894464;0.0057446400000000005;0.003542016;0.0048312319999999995;0.0034744320000000004;0.0034181119999999996;0.0029859840000000006;0.002116608;0.0027095039999999997;0.0028190719999999997;0.001681408;0.00119296;0.001273856;0.0013608960000000001;0.0020572159999999997;0.001256448;0.0011909120000000001;0.0012871680000000002;0.001650688;0.00178688;0.0012001280000000002;0.0007495679999999999;0.00062464;0.00054272;0.000679936;0.000949248;0.0007772160000000001;0.000429056;0.000241664;0.00026112;0.000279552;0.00023961599999999998;0.000248832;0.000432128;0.00030105599999999996;0.000227328;0.000331776;0.00029900799999999997;0.00022323200000000002;0.00020172799999999998;0.00016691200000000002;0.00019968;0.000210944;0.00026112;0.000218112;0.000152576;0.00012185600000000001;8.6016e-05;0.00013311999999999997;0.000128;7.167999999999999e-05;9.932800000000001e-05;0.000120832;0.000120832;9.5232e-05;6.2464e-05;8.8064e-05;6.3488e-05;6.4512e-05;7.475199999999999e-05;7.5776e-05;6.3488e-05;4.8128e-05;6.3488e-05;7.8848e-05
1789866900,hdr,0.0293;0.03906;0.04883;0.05859;0.06836;0.07813;0.08789;0.09766;0.10742;0.11719;0.12695;0.13672;0.14648;0.15625;0.16602;0.17578;0.18555;0.19531;0.20508;0.21484;0.22461;0.23438;0.24414;0.25391;0.26367;0.27344;0.2832;0.29297;0.30273;0.3125;0.32227;0.33203;0.3418;0.35156;0.36133;0.37109;0.38086;0.39063;0.40039;0.41016;0.41992;0.42969;0.43945;0.44922;0.45898;0.46875;0.47852;0.48828;0.49805;0.50781;0.51758;0.52734;0.53711;0.54688;0.55664;0.56641;0.57617;0.58594;0.5957;0.60547;0.61523;0.625;0.63477;0.64453;0.6543;0.66406;0.67383;0.68359;0.69336;0.70313;0.71289;0.72266;0.73242;0.74219;0.75195;0.76172;0.77148;0.78125;0.79102,0.011165696;0.016598016;0.014788608;0.0085504;0.011416576;0.024311808;0.024134655999999997;0.008717312;0.014731263999999999;0.0229376;0.027035648;0.018603007999999997;0.011047936;0.013522944000000002;0.00603648;0.003339264;0.005146624;0.004570112;0.0025139200000000002;0.00269312;0.002696192;0.002315264;0.002003968;0.001579008;0.0017336320000000001;0.0016435199999999999;0.0019435519999999999;0.001688576;0.001074176;0.00118784;0.001238016;0.0020183040000000003;0.0017131520000000001;0.0011007999999999999;0.00080384;0.000646144;0.000555008;0.0006123519999999999;0.000545792;0.0005877759999999999;0.0007495679999999999;0.00063488;0.000452608;0.000314368;0.000310272;0.000277504;0.00021299199999999998;0.000246784;0.000175104;0.00014745600000000002;0.000315392;0.0002816;0.000141312;8.192e-05;0.00012185600000000001;0.000105472;7.167999999999999e-05;7.68e-05;8.9088e-05;0.000159744;0.000128;6.8608e-05;6.0416e-05;8.6016e-05;7.68e-05;7.167999999999999e-05;7.8848e-05;0.00012185600000000001;9.216000000000001e-05;4.5056e-05;6.9632e-05;8.2944e-05;9.113599999999999e-05;8.0896e-05;6.2464e-05;5.4272e-05;7.167999999999999e-05;6.4512e-05;4.096e-05
1789867800,hdr,0.0293;0.03906;0.04883;0.05859;0.06836;0.07813;0.08789;0.09766;0.10742;0.11719;0.12695;0.13672;0.14648;0.15625;0.16602;0.17578;0.18555;0.19531;0.20508;0.21484;0.22461;0.23438;0.24414;0.25391;0.26367;0.27344;0.2832;0.29297;0.30273;0.3125;0.32227;0.33203;0.3418;0.35156;0.36133;0.37109;0.38086;0.39063;0.40039;0.41016;0.41992;0.42969;0.43945;0.44922;0.45898;0.46875;0.47852;0.48828;0.49805;0.50781;0.51758;0.52734;0.53711;0.54688;0.55664;0.56641;0.57617;0.58594;0.5957;0.60547;0.61523;0.625;0.63477;0.64453;0.6543;0.66406;0.67383;0.68359;0.69336;0.70313;0.71289;0.72266;0.73242;0.74219;0.75195;0.76172;0.77148;0.78125;0.79102,0.007668736;0.012379136;0.0066088959999999995;0.004425728;0.007607296;0.02399232;0.017309696;0.00964608;0.010797056;0.015378432000000001;0.019566592;0.025023488;0.012519424000000001;0.010372096;0.009103360000000001;0.003308544;0.003187712;0.003708928;0.005467136;0.00427008;0.003223552;0.002691072;0.002714624;0.002322432;0.00187392;0.001248256;0.001358848;0.0016302080000000002;0.001030144;0.000748544;0.001106944;0.001176576;0.001396736;0.0011909120000000001;0.0006082559999999999;0.0005867520000000001;0.000740352;0.00073216;0.000545792;0.0006123519999999999;0.000521216;0.000387072;0.0005703679999999999;0.000366592;0.000164864;0.000141312;0.000221184;0.000248832;0.000186368;0.000167936;0.000172032;0.000176128;0.000139264;8.6016e-05;0.00010752000000000001;0.00012288000000000002;0.00011980799999999999;8.9088e-05;8.4992e-05;8.6016e-05;7.9872e-05;8.6016e-05;6.4512e-05;6.655999999999999e-05;7.9872e-05;8.6016e-05;9.0112e-05;7.782399999999999e-05;8.192e-05;6.8608e-05;5.5296e-05;5.8368e-05;5.4272e-05;5.7344e-05;6.655999999999999e-05;2.9696e-05;4.4032e-05;4.1984e-05;4.6080000000000006e-05
1789868700,hdr,0.0293;0.03906;0.04883;0.05859;0.06836;0.07813;0.08789;0.09766;0.10742;0.11719;0.12695;0.13672;0.14648;0.15625;0.16602;0.17578;0.18555;0.19531;0.20508;0.21484;0.22461;0.23438;0.24414;0.25391;0.26367;0.27344;0.2832;0.29297;0.30273;0.3125;0.32227;0.33203;0.3418;0.35156;0.36133;0.37109;0.38086;0.39063;0.40039;0.41016;0.41992;0.42969;0.43945;0.44922;0.45898;0.46875;0.47852;0.48828;0.49805;0.50781;0.51758;0.52734;0.53711;0.54688;0.55664;0.56641;0.57617;0.58594;0.5957;0.60547;0.61523;0.625;0.63477;0.64453;0.6543;0.66406;0.67383;0.68359;0.69336;0.70313;0.71289;0.72266;0.73242;0.74219;0.75195;0.76172;0.77148;0.78125;0.79102,0.003017728;0.005128192;0.00387072;0.0031334399999999995;0.007581696;0.018492415999999998;0.016304127999999998;0.005900287999999999;0.007181312;0.007658496;0.011702272000000001;0.012645376;0.00886272;0.007645184;0.006704127999999999;0.004874240000000001;0.00309248;0.002077696;0.00271872;0.0023818240000000003;0.00281088;0.0022015999999999997;0.001932288;0.002279424;0.001707008;0.001446912;0.0013824;0.0011601919999999998;0.0012308479999999999;0.001043456;0.000879616;0.0009431040000000001;0.00067072;0.000519168;0.000863232;0.000840704;0.000406528;0.00030105599999999996;0.00048639999999999995;0.00033484799999999995;0.00027340799999999994;0.00034304;0.00032768;0.000331776;0.000442368;0.0003328;0.000268288;0.000259072;0.000114688;5.8368e-05;0.000110592;0.000191488;0.00010956799999999999;0.00010240000000000001;0.000131072;0.000131072;0.000130048;0.000113664;0.00011776000000000001;0.00010137599999999999;0.00010240000000000001;0.000120832;0.00010444799999999999;8.0896e-05;7.372800000000001e-05;7.0656e-05;4.5056e-05;6.758400000000001e-05;0.000103424;8.8064e-05;6.0416e-05;5.1200000000000004e-05;5.5296e-05;4.4032e-05;3.6864000000000005e-05;4.096e-05;4.6080000000000006e-05;4.4032e-05;2.9696e-05
1789869600,hdr,0.0293;0.03906;0.04883;0.05859;0.06836;0.07813;0.08789;0.09766;0.10742;0.11719;0.12695;0.13672;0.14648;0.15625;0.16602;0.17578;0.18555;0.19531;0.20508;0.21484;0.22461;0.23438;0.24414;0.25391;0.26367;0.27344;0.2832;0.29297;0.30273;0.3125;0.32227;0.33203;0.3418;0.35156;0.36133;0.37109;0.38086;0.39063;0.40039;0.41016;0.41992;0.42969;0.43945;0.44922;0.45898;0.46875;0.47852;0.48828;0.49805;0.50781;0.51758;0.52734;0.53711;0.54688;0.55664;0.56641;0.57617;0.58594;0.5957;0.60547;0.61523;0.625;0.63477;0.64453;0.6543;0.66406;0.67383;0.68359;0.69336;0.70313;0.71289;0.72266;0.73242;0.74219;0.75195;0.76172;0.77148;0.78125;0.79102,0.00036147200000000005;0.00014540800000000003;0.001327104;0.0043284479999999995;0.009842688;0.01622016;0.01232384;0.0060037120000000005;0.008671232;0.01099264;0.0094464;0.008241152;0.004304896000000001;0.005243904;0.005654528000000001;0.004511744000000001;0.004879360000000001;0.003936256;0.003453952;0.0018923520000000001;0.002530304;0.0024391680000000002;0.003018752;0.0022405119999999996;0.0017735679999999999;0.001560576;0.001312768;0.0013864959999999999;0.001559552;0.0010475520000000002;0.00074752;0.000826368;0.001089536;0.0010250239999999998;0.0007219199999999999;0.00063488;0.0005867520000000001;0.00044339199999999997;0.00029286400000000005;0.000234496;0.00046080000000000003;0.000453632;0.000267264;0.000251904;0.000211968;0.00020889599999999997;0.00031129599999999997;0.00029183999999999997;0.000256;0.000176128;0.00020992;0.000190464;0.000120832;9.113599999999999e-05;0.000134144;0.00013824;0.00010444799999999999;0.000139264;0.000114688;7.5776e-05;8.0896e-05;0.00010240000000000001;9.8304e-05;9.932800000000001e-05;6.655999999999999e-05;7.5776e-05;8.8064e-05;6.3488e-05;5.632e-05;4.5056e-05;4.6080000000000006e-05;5.5296e-05;5.9392e-05;5.222399999999999e-05;3.7888e-05;3.5839999999999996e-05;6.144000000000001e-05;5.5296e-05;3.8911999999999996e-05
1789870500,hdr,0.0293;0.03906;0.04883;0.05859;0.06836;0.07813;0.08789;0.09766;0.10742;0.11719;0.12695;0.13672;0.14648;0.15625;0.16602;0.17578;0.18555;0.19531;0.20508;0.21484;0.22461;0.23438;0.24414;0.25391;0.26367;0.27344;0.2832;0.29297;0.30273;0.3125;0.32227;0.33203;0.3418;0.35156;0.36133;0.37109;0.38086;0.39063;0.40039;0.41016;0.41992;0.42969;0.43945;0.44922;0.45898;0.46875;0.47852;0.48828;0.49805;0.50781;0.51758;0.52734;0.53711;0.54688;0.55664;0.56641;0.57617;0.58594;0.5957;0.60547;0.61523;0.625;0.63477;0.64453;0.6543;0.66406;0.67383;0.68359;0.69336;0.70313;0.71289;0.72266;0.73242;0.74219;0.75195;0.76172;0.77148;0.78125;0.79102,0.000449536;0.005099520000000001;0.005420032;0.001348608;0.0051650559999999995;0.015401984;0.018463743999999997;0.007194624;0.00760832;0.010726399999999999;0.012028928;0.013535232;0.008262655999999998;0.0055808;0.007144447999999999;0.007411711999999999;0.005193728;0.0037724160000000002;0.0023439359999999996;0.0016936960000000002;0.002108416;0.0013547519999999999;0.0016732160000000002;0.001557504;0.001153024;0.00137728;0.001400832;0.001513472;0.001048576;0.0007352319999999999;0.000780288;0.000809984;0.001155072;0.001009664;0.0009420800000000001;0.000731136;0.000596992;0.000668672;0.000717824;0.0005683200000000001;0.0005560319999999999;0.000376832;0.00029183999999999997;0.00020275199999999997;0.00022016;0.00023244799999999998;0.00033484799999999995;0.000289792;0.000132096;0.000156672;0.00014540800000000003;0.000114688;0.000136192;0.000159744;0.00010649599999999999;8.4992e-05;0.00011161600000000001;9.113599999999999e-05;9.216000000000001e-05;0.00012288000000000002;0.000100352;6.4512e-05;7.0656e-05;9.728e-05;0.000120832;9.932800000000001e-05;6.144000000000001e-05;5.7344e-05;6.3488e-05;4.6080000000000006e-05;5.222399999999999e-05;5.1200000000000004e-05;3.7888e-05;5.1200000000000004e-05;4.7104e-05;4.096e-05;3.8911999999999996e-05;3.3792000000000004e-05;2.8672e-05
1789871400,hdr,0.0293;0.03906;0.04883;0.05859;0.06836;0.07813;0.08789;0.09766;0.10742;0.11719;0.12695;0.13672;0.14648;0.15625;0.16602;0.17578;0.18555;0.19531;0.20508;0.21484;0.22461;0.23438;0.24414;0.25391;0.26367;0.27344;0.2832;0.29297;0.30273;0.3125;0.32227;0.33203;0.3418;0.35156;0.36133;0.37109;0.38086;0.39063;0.40039;0.41016;0.41992;0.42969;0.43945;0.44922;0.45898;0.46875;0.47852;0.48828;0.49805;0.50781;0.51758;0.52734;0.53711;0.54688;0.55664;0.56641;0.57617;0.58594;0.5957;0.60547;0.61523;0.625;0.63477;0.64453;0.6543;0.66406;0.67383;0.68359;0.69336;0.70313;0.71289;0.72266;0.73242;0.74219;0.75195;0.76172;0.77148;0.78125;0.79102,0.000463872;0.006580224;0.00787968;0.004250624;0.00554496;0.013499392;0.020737024;0.006923263999999999;0.006585344;0.00896512;0.008902656;0.0063774719999999995;0.006336512;0.005773312;0.004818944;0.008864768;0.0065218559999999995;0.00529408;0.0038082560000000003;0.002729984;0.0028303359999999997;0.0019189760000000002;0.00167424;0.0026859519999999997;0.002217984;0.001820672;0.001521664;0.00115712;0.001118208;0.000894976;0.0009021439999999999;0.000893952;0.001132544;0.001439744;0.0010475520000000002;0.00103936;0.00068096;0.00047718399999999996;0.0006041600000000001;0.00045568;0.000324608;0.00020172799999999998;0.00020172799999999998;0.000284672;0.000326656;0.000211968;0.00015052799999999998;0.000131072;0.000191488;0.00027136;0.00020377600000000002;0.000175104;0.00014745600000000002;0.00015462400000000002;0.000162816;0.00016896;0.00010137599999999999;0.000100352;0.00014848;0.000105472;0.00010444799999999999;0.000162816;0.00013311999999999997;8.192e-05;9.5232e-05;0.00011571199999999999;9.5232e-05;8.192e-05;6.4512e-05;6.5536e-05;8.4992e-05;6.9632e-05;7.0656e-05;5.7344e-05;3.2768e-05;6.8608e-05;7.5776e-05;5.1200000000000004e-05;4.4032e-05
1789872300,hdr,0.0293;0.03906;0.04883;0.05859;0.06836;0.07813;0.08789;0.09766;0.10742;0.11719;0.12695;0.13672;0.14648;0.15625;0.16602;0.17578;0.18555;0.19531;0.20508;0.21484;0.22461;0.23438;0.24414;0.25391;0.26367;0.27344;0.2832;0.29297;0.30273;0.3125;0.32227;0.33203;0.3418;0.35156;0.36133;0.37109;0.38086;0.39063;0.40039;0.41016;0.41992;0.42969;0.43945;0.44922;0.45898;0.46875;0.47852;0.48828;0.49805;0.50781;0.51758;0.52734;0.53711;0.54688;0.55664;0.56641;0.57617;0.58594;0.5957;0.60547;0.61523;0.625;0.63477;0.64453;0.6543;0.66406;0.67383;0.68359;0.69336;0.70313;0.71289;0.72266;0.73242;0.74219;0.75195;0.76172;0.77148;0.78125;0.79102,0.0044974080000000005;0.006480896000000001;0.006713344;0.006243328;0.008009728;0.0176896;0.02120704;0.009466879999999999;0.006909952;0.009192448;0.008383488;0.006246400000000001;0.006797312;0.0058818559999999995;0.007493631999999999;0.00599552;0.004189184;0.00312832;0.002476032;0.0022886399999999998;0.001731584;0.001866752;0.00283648;0.0024166400000000003;0.002225152;0.002896896;0.0019660800000000003;0.001309696;0.001026048;0.0007946240000000001;0.0009564160000000001;0.0011970559999999997;0.001202176;0.0008110079999999999;0.000796672;0.0009349119999999999;0.00091136;0.0009216000000000001;0.000800768;0.00044339199999999997;0.00047923199999999995;0.000607232;0.00037068800000000004;0.000350208;0.000347136;0.00034099200000000003;0.000316416;0.000195584;0.00036147200000000005;0.000390144;0.000241664;0.00020992;0.00017408000000000001;0.000162816;9.8304e-05;0.0001536;0.000169984;0.000125952;0.00010137599999999999;8.4992e-05;0.000139264;8.0896e-05;6.8608e-05;8.2944e-05;0.00011264;0.00016384;0.000136192;0.000130048;0.00010649599999999999;6.5536e-05;6.0416e-05;4.8128e-05;6.655999999999999e-05;0.00010137599999999999;9.8304e-05;5.632e-05;5.7344e-05;4.4032e-05;6.144000000000001e-05
1789873200,hdr,0.0293;0.03906;0.04883;0.05859;0.06836;0.07813;0.08789;0.09766;0.10742;0.11719;0.12695;0.13672;0.14648;0.15625;0.16602;0.17578;0.18555;0.19531;0.20508;0.21484;0.22461;0.23438;0.24414;0.25391;0.26367;0.27344;0.2832;0.29297;0.30273;0.3125;0.32227;0.33203;0.3418;0.35156;0.36133;0.37109;0.38086;0.39063;0.40039;0.41016;0.41992;0.42969;0.43945;0.44922;0.45898;0.46875;0.47852;0.48828;0.49805;0.50781;0.51758;0.52734;0.53711;0.54688;0.55664;0.56641;0.57617;0.58594;0.5957;0.60547;0.61523;0.625;0.63477;0.64453;0.6543;0.66406;0.67383;0.68359;0.69336;0.70313;0.71289;0.72266;0.73242;0.74219;0.75195;0.76172;0.77148;0.78125;0.79102,0.0060907520000000005;0.0133632;0.011977728000000002;0.011470848;0.008218623999999999;0.015400959999999998;0.020077568;0.0075724799999999995;0.0065617919999999995;0.012519424000000001;0.013253632;0.006239232;0.003777536;0.004200447999999999;0.007323648;0.00802304;0.006704127999999999;0.0042956800000000005;0.0032440319999999996;0.003245056;0.003398656;0.002272256;0.002469888;0.002092032;0.002671616;0.0021606399999999997;0.002269184;0.001972224;0.001293312;0.001289216;0.001436672;0.001202176;0.001399808;0.000789504;0.000536576;0.000642048;0.000759808;0.000825344;0.00084992;0.000782336;0.000544768;0.000510976;0.000350208;0.00042803200000000007;0.000492544;0.000207872;0.000256;0.000248832;0.000193536;0.000217088;0.000221184;0.00018124799999999998;0.000274432;0.00023961599999999998;0.00020480000000000002;0.000169984;0.00015462400000000002;0.00017100799999999997;0.00015052799999999998;0.00013824;9.216000000000001e-05;5.4272e-05;0.00011980799999999999;9.4208e-05;6.0416e-05;3.4816e-05;5.4272e-05;9.728e-05;0.00010956799999999999;0.000105472;8.8064e-05;7.782399999999999e-05;7.5776e-05;6.5536e-05;5.222399999999999e-05;6.9632e-05;0.000100352;9.113599999999999e-05;9.4208e-05
1789874100,hdr,0.0293;0.03906;0.04883;0.05859;0.06836;0.07813;0.08789;0.09766;0.10742;0.11719;0.12695;0.13672;0.14648;0.15625;0.16602;0.17578;0.18555;0.19531;0.20508;0.21484;0.22461;0.23438;0.24414;0.25391;0.26367;0.27344;0.2832;0.29297;0.30273;0.3125;0.32227;0.33203;0.3418;0.35156;0.36133;0.37109;0.38086;0.39063;0.40039;0.41016;0.41992;0.42969;0.43945;0.44922;0.45898;0.46875;0.47852;0.48828;0.49805;0.50781;0.51758;0.52734;0.53711;0.54688;0.55664;0.56641;0.57617;0.58594;0.5957;0.60547;0.61523;0.625;0.63477;0.64453;0.6543;0.66406;0.67383;0.68359;0.69336;0.70313;0.71289;0.72266;0.73242;0.74219;0.75195;0.76172;0.77148;0.78125;0.79102,0.005358592;0.011472896;0.012032;0.008968192000000002;0.00835584;0.014848;0.019611648;0.007815167999999999;0.007929855999999999;0.013930495999999999;0.008283136;0.004797439999999999;0.003996672;0.005405696;0.004344832000000001;0.00410112;0.002951168;0.002307072;0.003745792;0.003318784;0.001974272;0.002397184;0.00153088;0.003180544;0.003059712;0.001855488;0.0028426239999999998;0.001933312;0.0013568;0.001637376;0.001288192;0.00138752;0.001399808;0.000894976;0.0006041600000000001;0.0006789119999999999;0.000731136;0.0010199039999999999;0.0010721279999999999;0.00088576;0.0005857280000000001;0.000555008;0.0005560319999999999;0.00047616000000000005;0.000553984;0.00033792;0.00040960000000000004;0.000375808;0.00037376;0.00026623999999999994;0.0001792;0.000253952;0.00022528;0.000206848;0.000124928;0.00013516800000000002;0.00014848;0.00014335999999999998;0.000156672;0.000162816;9.5232e-05;0.00011161600000000001;0.00014848;0.000128;0.000159744;0.00015872;0.000141312;0.00015872;0.00012185600000000001;0.00015052799999999998;0.000160768;0.00010137599999999999;6.8608e-05;7.782399999999999e-05;6.9632e-05;5.7344e-05;0.000100352;0.00010752000000000001;8.8064e-05
1789875000,hdr,0.0293;0.03906;0.04883;0.05859;0.06836;0.07813;0.08789;0.09766;0.10742;0.11719;0.12695;0.13672;0.14648;0.15625;0.16602;0.17578;0.18555;0.19531;0.20508;0.21484;0.22461;0.23438;0.24414;0.25391;0.26367;0.27344;0.2832;0.29297;0.30273;0.3125;0.32227;0.33203;0.3418;0.35156;0.36133;0.37109;0.38086;0.39063;0.40039;0.41016;0.41992;0.42969;0.43945;0.44922;0.45898;0.46875;0.47852;0.48828;0.49805;0.50781;0.51758;0.52734;0.53711;0.54688;0.55664;0.56641;0.57617;0.58594;0.5957;0.60547;0.61523;0.625;0.63477;0.64453;0.6543;0.66406;0.67383;0.68359;0.69336;0.70313;0.71289;0.72266;0.73242;0.74219;0.75195;0.76172;0.77148;0.78125;0.79102,0.010846208000000001;0.008479744;0.010084352000000001;0.012745728;0.014915584;0.029028352000000004;0.03375616;0.010231807999999998;0.006336512;0.008840192;0.009580544;0.005609472000000001;0.0057200639999999995;0.007775232;0.005927936;0.0057047040000000005;0.004306943999999999;0.00425472;0.002878464;0.00274432;0.003918848;0.004355072;0.003526656;0.0027473920000000004;0.00315904;0.00316416;0.003110912;0.002014208;0.0013312;0.001028096;0.000795648;0.000782336;0.0008663039999999999;0.001087488;0.001052672;0.001396736;0.0007393279999999999;0.000525312;0.000986112;0.0007372800000000001;0.00033382400000000003;0.00051712;0.00064;0.00048025600000000003;0.000456704;0.00037068800000000004;0.000385024;0.000453632;0.000325632;0.00040345599999999995;0.000346112;0.00029183999999999997;0.00017100799999999997;0.000351232;0.00030924800000000003;0.00029593599999999995;0.000218112;0.000226304;0.00014848;0.000118784;0.000160768;0.00015872;0.000125952;0.00012288000000000002;0.00010649599999999999;0.00015052799999999998;0.00015872;0.000114688;7.372800000000001e-05;7.0656e-05;0.000100352;0.000125952;0.00010444799999999999;0.00010752000000000001;9.4208e-05;0.000108544;0.00010240000000000001;0.00010444799999999999;0.000137216
1789875900,hdr,0.0293;0.03906;0.04883;0.05859;0.06836;0.07813;0.08789;0.09766;0.10742;0.11719;0.12695;0.13672;0.14648;0.15625;0.16602;0.17578;0.18555;0.19531;0.20508;0.21484;0.22461;0.23438;0.24414;0.25391;0.26367;0.27344;0.2832;0.29297;0.30273;0.3125;0.32227;0.33203;0.3418;0.35156;0.36133;0.37109;0.38086;0.39063;0.40039;0.41016;0.41992;0.42969;0.43945;0.44922;0.45898;0.46875;0.47852;0.48828;0.49805;0.50781;0.51758;0.52734;0.53711;0.54688;0.55664;0.56641;0.57617;0.58594;0.5957;0.60547;0.61523;0.625;0.63477;0.64453;0.6543;0.66406;0.67383;0.68359;0.69336;0.70313;0.71289;0.72266;0.73242;0.74219;0.75195;0.76172;0.77148;0.78125;0.79102,0.005215232;0.010216448;0.010254336000000001;0.014304256000000001;0.013594624;0.012602368000000001;0.02090496;0.012987392;0.012144640000000002;0.020834304;0.012976127999999998;0.008590336;0.0072284160000000005;0.005014528;0.005661696;0.005282816000000001;0.00357376;0.0028764159999999997;0.00435712;0.0034375680000000002;0.0031098880000000003;0.002603008;0.0025180159999999997;0.002558976;0.0019087359999999999;0.000966656;0.001358848;0.001958912;0.0015063040000000002;0.001752064;0.001247232;0.0012912639999999999;0.001214464;0.0011837439999999998;0.0009472;0.0007423999999999999;0.000768;0.000452608;0.00042803200000000007;0.000582656;0.0006963200000000001;0.000521216;0.000601088;0.0005683200000000001;0.00061952;0.000305152;0.00030208000000000004;0.000429056;0.000371712;0.000268288;0.00036352;0.000387072;0.000288768;0.000269312;0.00027033600000000004;0.00026623999999999994;0.000210944;0.000164864;0.0001536;0.00018227199999999998;0.00010649599999999999;0.00010444799999999999;0.000118784;7.9872e-05;7.9872e-05;0.000134144;0.00011571199999999999;8.192e-05;0.00010137599999999999;9.8304e-05;6.758400000000001e-05;5.7344e-05;6.9632e-05;6.4512e-05;5.7344e-05;7.0656e-05;9.113599999999999e-05;6.3488e-05;6.655999999999999e-05
1789876800,hdr,0.0293;0.03906;0.04883;0.05859;0.06836;0.07813;0.08789;0.09766;0.10742;0.11719;0.12695;0.13672;0.14648;0.15625;0.16602;0.17578;0.18555;0.19531;0.20508;0.21484;0.22461;0.23438;0.24414;0.25391;0.26367;0.27344;0.2832;0.29297;0.30273;0.3125;0.32227;0.33203;0.3418;0.35156;0.36133;0.37109;0.38086;0.39063;0.40039;0.41016;0.41992;0.42969;0.43945;0.44922;0.45898;0.46875;0.47852;0.48828;0.49805;0.50781;0.51758;0.52734;0.53711;0.54688;0.55664;0.56641;0.57617;0.58594;0.5957;0.60547;0.61523;0.625;0.63477;0.64453;0.6543;0.66406;0.67383;0.68359;0.69336;0.70313;0.71289;0.72266;0.73242;0.74219;0.75195;0.76172;0.77148;0.78125;0.79102,0.0025978880000000005;0.008312832000000001;0.00852992;0.006169600000000001;0.012423168;0.025214976;0.026249216;0.010189824;0.006934528000000001;0.018469888000000004;0.014857215999999998;0.005784576;0.00282112;0.003938304;0.004885504;0.004815872;0.0031160320000000004;0.00274944;0.002777088;0.0033884159999999996;0.002696192;0.002249728;0.00305152;0.003969024;0.003876864;0.003017728;0.0033310719999999996;0.0028047360000000004;0.0028723200000000003;0.002584576;0.001646592;0.0013506560000000002;0.001964032;0.001447936;0.001221632;0.001476608;0.001289216;0.0007106559999999999;0.000463872;0.000630784;0.0005980159999999999;0.000580608;0.0005959680000000001;0.0005877759999999999;0.0006932479999999999;0.00040448000000000003;0.00034816000000000003;0.000579584;0.000408576;0.000310272;0.00040243200000000004;0.000280576;0.00021504000000000003;0.00018432000000000002;0.000178176;0.000151552;0.000136192;0.000188416;0.000186368;0.000131072;7.5776e-05;8.3968e-05;0.00014540800000000003;0.00010240000000000001;0.000110592;0.000130048;9.6256e-05;7.68e-05;5.9392e-05;6.3488e-05;6.9632e-05;9.8304e-05;9.6256e-05;8.9088e-05;7.372800000000001e-05;6.3488e-05;7.167999999999999e-05;6.3488e-05;5.632e-05
1789877700,hdr,0.0293;0.03906;0.04883;0.05859;0.06836;0.07813;0.08789;0.09766;0.10742;0.11719;0.12695;0.13672;0.14648;0.15625;0.16602;0.17578;0.18555;0.19531;0.20508;0.21484;0.22461;0.23438;0.24414;0.25391;0.26367;0.27344;0.2832;0.29297;0.30273;0.3125;0.32227;0.33203;0.3418;0.35156;0.36133;0.37109;0.38086;0.39063;0.40039;0.41016;0.41992;0.42969;0.43945;0.44922;0.45898;0.46875;0.47852;0.48828;0.49805;0.50781;0.51758;0.52734;0.53711;0.54688;0.55664;0.56641;0.57617;0.58594;0.5957;0.60547;0.61523;0.625;0.63477;0.64453;0.6543;0.66406;0.67383;0.68359;0.69336;0.70313;0.71289;0.72266;0.73242;0.74219;0.75195;0.76172;0.77148;0.78125;0.79102,0.002193408;0.005051392;0.00292352;0.003214336;0.011180032000000001;0.010184704;0.009622528;0.007604224000000001;0.005804032;0.01067008;0.0074854399999999995;0.004236288;0.005016576;0.0059648;0.0046223359999999995;0.005467136;0.006443008;0.00430592;0.002936832;0.003273728;0.0034816;0.002691072;0.0028723200000000003;0.0026624;0.002665472;0.002021376;0.001846272;0.002277376;0.0022784000000000003;0.00231424;0.001404928;0.001022976;0.000945152;0.001637376;0.0016424959999999998;0.00073216;0.0013578239999999999;0.000970752;0.000965632;0.0007495679999999999;0.000372736;0.00075776;0.0008325120000000001;0.000603136;0.000386048;0.00037888;0.000566272;0.0004986880000000001;0.000442368;0.00040243200000000004;0.000524288;0.0005683200000000001;0.000319488;0.000226304;0.00017100799999999997;0.00024371200000000001;0.000282624;0.000176128;0.000161792;0.00015052799999999998;0.000140288;0.000120832;0.00014335999999999998;0.00016384;0.00010956799999999999;8.0896e-05;0.00011161600000000001;8.2944e-05;7.0656e-05;8.9088e-05;7.8848e-05;5.1200000000000004e-05;6.2464e-05;5.9392e-05;8.0896e-05;6.3488e-05;6.0416e-05;5.1200000000000004e-05;5.1200000000000004e-05
1789878600,hdr,0.0293;0.03906;0.04883;0.05859;0.06836;0.07813;0.08789;0.09766;0.10742;0.11719;0.12695;0.13672;0.14648;0.15625;0.16602;0.17578;0.18555;0.19531;0.20508;0.21484;0.22461;0.23438;0.24414;0.25391;0.26367;0.27344;0.2832;0.29297;0.30273;0.3125;0.32227;0.33203;0.3418;0.35156;0.36133;0.37109;0.38086;0.39063;0.40039;0.41016;0.41992;0.42969;0.43945;0.44922;0.45898;0.46875;0.47852;0.48828;0.49805;0.50781;0.51758;0.52734;0.53711;0.54688;0.55664;0.56641;0.57617;0.58594;0.5957;0.60547;0.61523;0.625;0.63477;0.64453;0.6543;0.66406;0.67383;0.68359;0.69336;0.70313;0.71289;0.72266;0.73242;0.74219;0.75195;0.76172;0.77148;0.78125;0.79102,0.0023500800000000005;0.005590016000000001;0.006971392;0.005312512;0.007183360000000001;0.024214528000000003;0.029216768;0.009974784;0.008605696;0.010053632;0.010539008000000002;0.00463872;0.004431872;0.005326848;0.006329344;0.004795392;0.004675584;0.00357376;0.00374784;0.005325824;0.004640767999999999;0.00283648;0.003203072;0.00444416;0.00273408;0.001451008;0.001984512;0.0025374720000000003;0.00226304;0.0016916480000000002;0.0013035520000000001;0.0015943679999999999;0.0016128;0.000995328;0.000740352;0.000868352;0.00077312;0.000514048;0.0005232639999999998;0.000514048;0.000764928;0.000813056;0.000909312;0.000484352;0.0004915200000000001;0.0005703679999999999;0.00043827199999999997;0.000452608;0.000531456;0.000466944;0.000356352;0.000280576;0.00033792;0.00031232;0.000305152;0.00027136;0.000183296;0.00015564799999999998;0.00018227199999999998;0.000229376;0.000159744;0.000164864;0.000141312;0.00012185600000000001;9.932800000000001e-05;0.00011161600000000001;9.216000000000001e-05;8.8064e-05;7.0656e-05;5.632e-05;5.1200000000000004e-05;9.0112e-05;4.8128e-05;3.4816e-05;4.9152e-05;3.8911999999999996e-05;4.8128e-05;4.9152e-05;6.0416e-05
1789879500,hdr,0.0293;0.03906;0.04883;0.05859;0.06836;0.07813;0.08789;0.09766;0.10742;0.11719;0.12695;0.13672;0.14648;0.15625;0.16602;0.17578;0.18555;0.19531;0.20508;0.21484;0.22461;0.23438;0.24414;0.25391;0.26367;0.27344;0.2832;0.29297;0.30273;0.3125;0.32227;0.33203;0.3418;0.35156;0.36133;0.37109;0.38086;0.39063;0.40039;0.41016;0.41992;0.42969;0.43945;0.44922;0.45898;0.46875;0.47852;0.48828;0.49805;0.50781;0.51758;0.52734;0.53711;0.54688;0.55664;0.56641;0.57617;0.58594;0.5957;0.60547;0.61523;0.625;0.63477;0.64453;0.6543;0.66406;0.67383;0.68359;0.69336;0.70313;0.71289;0.72266;0.73242;0.74219;0.75195;0.76172;0.77148;0.78125;0.79102,0.004358144;0.010023936;0.00386048;0.004226048;0.010456064000000001;0.022068224;0.011486208;0.0052172799999999995;0.004361215999999999;0.00886784;0.010256384;0.005362688;0.0019128320000000002;0.0046069760000000005;0.004570112;0.004790272;0.003538944;0.0028129279999999997;0.0034918399999999995;0.002655232;0.003786752;0.00543232;0.003110912;0.002448384;0.0027904;0.002356224;0.002366464;0.002523136;0.001948672;0.001796096;0.0016291839999999999;0.001071104;0.0009431040000000001;0.001271808;0.000995328;0.000801792;0.000576512;0.00059392;0.0005376000000000001;0.000429056;0.000519168;0.00036454399999999996;0.0006225919999999999;0.000520192;0.000529408;0.000468992;0.00042496;0.00029081600000000006;0.00034816000000000003;0.00036147200000000005;0.000463872;0.000390144;0.00028569600000000005;0.00021401600000000003;0.000262144;0.000347136;0.000275456;0.000217088;0.00019456;0.00023040000000000002;0.000260096;0.000229376;0.000142336;9.0112e-05;0.000103424;0.000126976;0.000151552;0.00010444799999999999;6.655999999999999e-05;5.3247999999999996e-05;6.8608e-05;9.4208e-05;9.216000000000001e-05;5.8368e-05;6.3488e-05;7.5776e-05;8.9088e-05;5.4272e-05;4.9152e-05
1789880400,hdr,0.0293;0.03906;0.04883;0.05859;0.06836;0.07813;0.08789;0.09766;0.10742;0.11719;0.12695;0.13672;0.14648;0.15625;0.16602;0.17578;0.18555;0.19531;0.20508;0.21484;0.22461;0.23438;0.24414;0.25391;0.26367;0.27344;0.2832;0.29297;0.30273;0.3125;0.32227;0.33203;0.3418;0.35156;0.36133;0.37109;0.38086;0.39063;0.40039;0.41016;0.41992;0.42969;0.43945;0.44922;0.45898;0.46875;0.47852;0.48828;0.49805;0.50781;0.51758;0.52734;0.53711;0.54688;0.55664;0.56641;0.57617;0.58594;0.5957;0.60547;0.61523;0.625;0.63477;0.64453;0.6543;0.66406;0.67383;0.68359;0.69336;0.70313;0.71289;0.72266;0.73242;0.74219;0.75195;0.76172;0.77148;0.78125;0.79102,0.0046940160000000005;0.008836096;0.005025792;0.006751232;0.008854528;0.019185664;0.025679872;0.011867136;0.0063150079999999996;0.009746432000000001;0.009240576;0.006158336;0.003821568;0.0020992000000000003;0.0022558720000000003;0.002655232;0.0034990079999999996;0.003308544;0.001985536;0.0020172799999999998;0.004717568;0.003416064;0.001783808;0.001241088;0.001440768;0.0023019520000000003;0.002356224;0.0032808959999999997;0.0023838720000000004;0.001661952;0.0012308479999999999;0.0010946560000000003;0.001439744;0.001446912;0.00103424;0.00084992;0.001138688;0.001156096;0.0006993920000000001;0.000663552;0.000617472;0.000594944;0.00065536;0.000567296;0.000427008;0.00046796800000000003;0.00059392;0.000490496;0.000376832;0.000282624;0.00030617599999999996;0.000400384;0.000366592;0.000282624;0.00024371200000000001;0.000251904;0.00036352;0.00022323200000000002;0.000156672;0.00023654400000000002;0.00021299199999999998;0.000249856;0.000222208;0.000159744;0.000169984;0.000139264;9.8304e-05;9.8304e-05;0.000137216;0.000108544;7.167999999999999e-05;7.782399999999999e-05;0.00012390399999999998;0.000118784;0.00010649599999999999;9.5232e-05;9.0112e-05;8.2944e-05;9.3184e-05
1789881300,hdr,0.0293;0.03906;0.04883;0.05859;0.06836;0.07813;0.08789;0.09766;0.10742;0.11719;0.12695;0.13672;0.14648;0.15625;0.16602;0.17578;0.18555;0.19531;0.20508;0.21484;0.22461;0.23438;0.24414;0.25391;0.26367;0.27344;0.2832;0.29297;0.30273;0.3125;0.32227;0.33203;0.3418;0.35156;0.36133;0.37109;0.38086;0.39063;0.40039;0.41016;0.41992;0.42969;0.43945;0.44922;0.45898;0.46875;0.47852;0.48828;0.49805;0.50781;0.51758;0.52734;0.53711;0.54688;0.55664;0.56641;0.57617;0.58594;0.5957;0.60547;0.61523;0.625;0.63477;0.64453;0.6543;0.66406;0.67383;0.68359;0.69336;0.70313;0.71289;0.72266;0.73242;0.74219;0.75195;0.76172;0.77148;0.78125;0.79102,0.008163328;0.008192;0.006037504;0.003416064;0.010431488;0.028257280000000003;0.028879872;0.012680192;0.008532992;0.008537088000000002;0.010606591999999998;0.007891968000000001;0.004620288;0.0040765440000000005;0.003119104;0.003950592;0.004018176;0.005370879999999999;0.002801664;0.002105344;0.003265536;0.002130944;0.002013184;0.002371584;0.0025088;0.002515968;0.004600831999999999;0.003876864;0.001559552;0.001572864;0.002369536;0.0025384959999999995;0.0021504000000000002;0.001040384;0.000828416;0.000753664;0.0010936319999999998;0.00088064;0.00059392;0.0007280640000000001;0.000605184;0.00046080000000000003;0.00051712;0.0005304320000000001;0.00039219200000000003;0.00034099200000000003;0.00047820800000000004;0.0005734399999999999;0.00037888;0.000313344;0.00039936;0.00028774400000000004;0.00022528;0.000280576;0.00031129599999999997;0.000268288;0.00020992;0.000196608;0.00018227199999999998;0.00015052799999999998;0.00018227199999999998;0.00020275199999999997;0.00017408000000000001;0.00018534400000000002;0.000114688;7.475199999999999e-05;6.0416e-05;6.8608e-05;7.372800000000001e-05;6.2464e-05;7.270400000000001e-05;9.728e-05;9.728e-05;0.000105472;7.5776e-05;9.8304e-05;0.00012185600000000001;9.113599999999999e-05;0.000137216
1789882200,hdr,0.0293;0.03906;0.04883;0.05859;0.06836;0.07813;0.08789;0.09766;0.10742;0.11719;0.12695;0.13672;0.14648;0.15625;0.16602;0.17578;0.18555;0.19531;0.20508;0.21484;0.22461;0.23438;0.24414;0.25391;0.26367;0.27344;0.2832;0.29297;0.30273;0.3125;0.32227;0.33203;0.3418;0.35156;0.36133;0.37109;0.38086;0.39063;0.40039;0.41016;0.41992;0.42969;0.43945;0.44922;0.45898;0.46875;0.47852;0.48828;0.49805;0.50781;0.51758;0.52734;0.53711;0.54688;0.55664;0.56641;0.57617;0.58594;0.5957;0.60547;0.61523;0.625;0.63477;0.64453;0.6543;0.66406;0.67383;0.68359;0.69336;0.70313;0.71289;0.72266;0.73242;0.74219;0.75195;0.76172;0.77148;0.78125;0.79102,0.005202943999999999;0.011293696;0.013262848;0.009493504;0.009347072;0.024262656;0.021111808;0.010095616;0.008144895999999999;0.0069621760000000005;0.00695296;0.005866496;0.0045056;0.0029798399999999997;0.003915776;0.003662848;0.0033464320000000003;0.002609152;0.002015232;0.001961984;0.001574912;0.00237056;0.002502656;0.0024616959999999998;0.001849344;0.0029173759999999997;0.0026951679999999995;0.003255296;0.0025917439999999996;0.0021032959999999997;0.002115584;0.001534976;0.001130496;0.000884736;0.0008663039999999999;0.000668672;0.000569344;0.000779264;0.0009738240000000001;0.00046080000000000003;0.000734208;0.001119232;0.000712704;0.0005416959999999999;0.000529408;0.00040550399999999994;0.00032768;0.000262144;0.00021299199999999998;0.000207872;0.00014745600000000002;0.00020889599999999997;0.00028671999999999997;0.000252928;0.000242688;0.000206848;0.00025088;0.00020992;0.00020992;0.00015564799999999998;0.000130048;0.00013311999999999997;0.00012185600000000001;0.00013824;8.3968e-05;7.167999999999999e-05;0.000103424;8.4992e-05;5.632e-05;7.782399999999999e-05;9.3184e-05;8.4992e-05;9.216000000000001e-05;5.7344e-05;8.192e-05;7.8848e-05;5.1200000000000004e-05;5.5296e-05;5.7344e-05
1789883100,hdr,0.0293;0.03906;0.04883;0.05859;0.06836;0.07813;0.08789;0.09766;0.10742;0.11719;0.12695;0.13672;0.14648;0.15625;0.16602;0.17578;0.18555;0.19531;0.20508;0.21484;0.22461;0.23438;0.24414;0.25391;0.26367;0.27344;0.2832;0.29297;0.30273;0.3125;0.32227;0.33203;0.3418;0.35156;0.36133;0.37109;0.38086;0.39063;0.40039;0.41016;0.41992;0.42969;0.43945;0.44922;0.45898;0.46875;0.47852;0.48828;0.49805;0.50781;0.51758;0.52734;0.53711;0.54688;0.55664;0.56641;0.57617;0.58594;0.5957;0.60547;0.61523;0.625;0.63477;0.64453;0.6543;0.66406;0.67383;0.68359;0.69336;0.70313;0.71289;0.72266;0.73242;0.74219;0.75195;0.76172;0.77148;0.78125;0.79102,0.001138688;0.008464384;0.013012992000000001;0.007200768;0.007272447999999999;0.014231552000000001;0.020386816;0.010776576000000001;0.007768064000000001;0.01082368;0.00932352;0.0055951360000000006;0.003764224;0.0033791999999999997;0.0030330879999999998;0.0026439680000000004;0.004033536;0.003613696;0.005297152;0.004319232;0.0031160320000000004;0.0031703039999999997;0.0030197759999999996;0.0018442240000000002;0.002412544;0.002455552;0.00144896;0.0017039359999999999;0.0017561599999999999;0.00149504;0.0015534079999999998;0.001811456;0.00149504;0.0014592000000000001;0.0012441599999999998;0.001071104;0.001139712;0.000544768;0.0005847039999999999;0.00047411199999999995;0.000610304;0.00063488;0.00046080000000000003;0.00030412799999999997;0.00032256;0.00036352;0.00041779199999999995;0.00042291200000000006;0.00033382400000000003;0.00059392;0.00040345599999999995;0.00018739199999999998;0.000217088;0.000249856;0.000269312;0.000288768;0.000237568;0.00017715200000000003;0.000193536;0.000176128;0.000116736;0.000100352;0.000116736;0.000134144;0.00014950399999999998;0.000124928;9.4208e-05;6.2464e-05;7.5776e-05;9.5232e-05;9.8304e-05;0.000152576;0.000142336;0.00010240000000000001;0.000125952;0.00011776000000000001;9.113599999999999e-05;7.9872e-05;0.00010649599999999999
1789884000,hdr,0.0293;0.03906;0.04883;0.05859;0.06836;0.07813;0.08789;0.09766;0.10742;0.11719;0.12695;0.13672;0.14648;0.15625;0.16602;0.17578;0.18555;0.19531;0.20508;0.21484;0.22461;0.23438;0.24414;0.25391;0.26367;0.27344;0.2832;0.29297;0.30273;0.3125;0.32227;0.33203;0.3418;0.35156;0.36133;0.37109;0.38086;0.39063;0.40039;0.41016;0.41992;0.42969;0.43945;0.44922;0.45898;0.46875;0.47852;0.48828;0.49805;0.50781;0.51758;0.52734;0.53711;0.54688;0.55664;0.56641;0.57617;0.58594;0.5957;0.60547;0.61523;0.625;0.63477;0.64453;0.6543;0.66406;0.67383;0.68359;0.69336;0.70313;0.71289;0.72266;0.73242;0.74219;0.75195;0.76172;0.77148;0.78125;0.79102,0.0026777600000000004;0.009400320000000002;0.011548672000000001;0.010234880000000002;0.011332608000000001;0.019868671999999997;0.01839104;0.007013376;0.007945216;0.00547328;0.007729152;0.009070591999999999;0.0050176;0.0035246080000000003;0.0024012799999999996;0.00343552;0.004548608;0.0048261120000000005;0.0033341440000000003;0.003811328;0.002813952;0.00242176;0.002948096;0.003207168;0.0042485760000000004;0.0025907200000000003;0.0015114240000000001;0.0015390719999999998;0.001968128;0.0021913600000000003;0.001763328;0.0016128;0.001250304;0.001512448;0.001189888;0.0011909120000000001;0.00103936;0.0008591359999999999;0.000827392;0.0006021119999999999;0.000672768;0.000592896;0.000453632;0.000538624;0.0005642239999999999;0.00046080000000000003;0.000441344;0.000282624;0.000190464;0.00020889599999999997;0.000272384;0.000253952;0.00031744;0.00024576000000000003;0.00020992;0.000257024;0.000371712;0.00023961599999999998;0.000193536;0.000161792;0.00019865600000000002;0.00018534400000000002;0.000137216;0.00014335999999999998;0.00013516800000000002;0.000156672;0.000196608;0.000125952;0.000125952;0.00013311999999999997;0.00017100799999999997;0.0001536;0.00017715200000000003;0.000326656;0.000390144;0.00043315199999999996;0.0007137280000000001;0.000731136;0.000765952
1789884900,hdr,0.0293;0.03906;0.04883;0.05859;0.06836;0.07813;0.08789;0.09766;0.10742;0.11719;0.12695;0.13672;0.14648;0.15625;0.16602;0.17578;0.18555;0.19531;0.20508;0.21484;0.22461;0.23438;0.24414;0.25391;0.26367;0.27344;0.2832;0.29297;0.30273;0.3125;0.32227;0.33203;0.3418;0.35156;0.36133;0.37109;0.38086;0.39063;0.40039;0.41016;0.41992;0.42969;0.43945;0.44922;0.45898;0.46875;0.47852;0.48828;0.49805;0.50781;0.51758;0.52734;0.53711;0.54688;0.55664;0.56641;0.57617;0.58594;0.5957;0.60547;0.61523;0.625;0.63477;0.64453;0.6543;0.66406;0.67383;0.68359;0.69336;0.70313;0.71289;0.72266;0.73242;0.74219;0.75195;0.76172;0.77148;0.78125;0.79102,0.010060800000000002;0.01581568;0.010025983999999998;0.007705599999999999;0.006706176;0.019274752;0.016403455999999997;0.009443327999999999;0.010398720000000002;0.016338944;0.01061888;0.008721408;0.006082560000000001;0.0029061119999999998;0.0027904;0.002760704;0.004975616;0.003698688;0.0020582400000000002;0.0031334399999999995;0.0033740800000000002;0.003047424;0.003654656;0.003154944;0.0022784000000000003;0.002445312;0.003597312;0.002992128;0.002445312;0.0022896640000000003;0.001723392;0.00116224;0.000700416;0.00068096;0.000996352;0.0012544;0.0009830400000000001;0.0005959680000000001;0.000346112;0.0005406720000000001;0.000628736;0.00067584;0.000596992;0.000395264;0.00034304;0.00054272;0.0006932479999999999;0.000484352;0.000217088;0.000339968;0.00041676800000000003;0.000356352;0.000321536;0.000224256;0.00023654400000000002;0.000259072;0.000196608;0.00020377600000000002;0.000144384;0.00014848;0.000157696;0.000157696;0.000151552;0.000152576;0.00011571199999999999;0.000110592;0.00010649599999999999;7.372800000000001e-05;9.5232e-05;0.000124928;0.00013516800000000002;0.00015052799999999998;0.00017100799999999997;0.00014540800000000003;0.000151552;0.00028774400000000004;0.00027648;0.000195584;0.000257024
1789885800,hdr,0.0293;0.03906;0.04883;0.05859;0.06836;0.07813;0.08789;0.09766;0.10742;0.11719;0.12695;0.13672;0.14648;0.15625;0.16602;0.17578;0.18555;0.19531;0.20508;0.21484;0.22461;0.23438;0.24414;0.25391;0.26367;0.27344;0.2832;0.29297;0.30273;0.3125;0.32227;0.33203;0.3418;0.35156;0.36133;0.37109;0.38086;0.39063;0.40039;0.41016;0.41992;0.42969;0.43945;0.44922;0.45898;0.46875;0.47852;0.48828;0.49805;0.50781;0.51758;0.52734;0.53711;0.54688;0.55664;0.56641;0.57617;0.58594;0.5957;0.60547;0.61523;0.625;0.63477;0.64453;0.6543;0.66406;0.67383;0.68359;0.69336;0.70313;0.71289;0.72266;0.73242;0.74219;0.75195;0.76172;0.77148;0.78125;0.79102,0.011693056;0.01481728;0.009273344;0.005315584000000001;0.011157503999999999;0.014800896000000001;0.020261888;0.0107776;0.008160256000000001;0.010779648;0.014241792;0.008241152;0.0039424;0.003274752;0.004902912;0.005143552;0.00312832;0.002553856;0.00236544;0.0027432959999999997;0.002982912;0.003991552;0.002945024;0.003212288;0.0018442240000000002;0.00312832;0.003751936;0.002635776;0.0015616000000000002;0.001323008;0.001563648;0.001174528;0.00100352;0.000982016;0.001007616;0.0010762240000000002;0.0013342719999999998;0.001158144;0.00079872;0.000837632;0.000662528;0.0008366080000000001;0.0006656;0.00044032;0.000335872;0.00039731200000000003;0.000646144;0.000531456;0.00033792;0.00020275199999999997;0.00026623999999999994;0.000205824;0.000144384;0.000221184;0.000172032;0.000141312;0.00014540800000000003;0.000128;8.9088e-05;0.00010752000000000001;0.000113664;0.000141312;0.000132096;0.00010240000000000001;8.704000000000001e-05;7.167999999999999e-05;0.00010137599999999999;8.6016e-05;7.475199999999999e-05;7.475199999999999e-05;0.000100352;0.00010444799999999999;5.3247999999999996e-05;3.9936e-05;6.144000000000001e-05;9.5232e-05;0.000103424;6.758400000000001e-05;0.00014950399999999998
1789886700,hdr,0.0293;0.03906;0.04883;0.05859;0.06836;0.07813;0.08789;0.09766;0.10742;0.11719;0.12695;0.13672;0.14648;0.15625;0.16602;0.17578;0.18555;0.19531;0.20508;0.21484;0.22461;0.23438;0.24414;0.25391;0.26367;0.27344;0.2832;0.29297;0.30273;0.3125;0.32227;0.33203;0.3418;0.35156;0.36133;0.37109;0.38086;0.39063;0.40039;0.41016;0.41992;0.42969;0.43945;0.44922;0.45898;0.46875;0.47852;0.48828;0.49805;0.50781;0.51758;0.52734;0.53711;0.54688;0.55664;0.56641;0.57617;0.58594;0.5957;0.60547;0.61523;0.625;0.63477;0.64453;0.6543;0.66406;0.67383;0.68359;0.69336;0.70313;0.71289;0.72266;0.73242;0.74219;0.75195;0.76172;0.77148;0.78125;0.79102,0.003468288;0.014004224000000001;0.012406783999999999;0.006347775999999999;0.010735616;0.017831935999999996;0.016780288;0.009950208;0.009725952;0.006888448;0.0105728;0.011510784;0.005977087999999999;0.00377856;0.003720192;0.0028426239999999998;0.0037847040000000003;0.004411392;0.00364544;0.00379392;0.0033228800000000003;0.002951168;0.002586624;0.0025251839999999998;0.002364416;0.002589696;0.003009536;0.0020172799999999998;0.0015656959999999999;0.00113152;0.0012185600000000003;0.0011468799999999999;0.001010688;0.0014878720000000001;0.0012247039999999999;0.000772096;0.000723968;0.000769024;0.000937984;0.0007772160000000001;0.0010680320000000002;0.000831488;0.0005232639999999998;0.000502784;0.000502784;0.00043827199999999997;0.00047206399999999996;0.000549888;0.000326656;0.00040243200000000004;0.00042598399999999997;0.00037785600000000004;0.00048025600000000003;0.000512;0.000241664;0.000274432;0.000284672;0.000157696;0.00016691200000000002;0.000140288;0.00024780799999999997;0.000191488;0.00017100799999999997;0.00015872;0.000128;8.192e-05;0.000160768;0.00010956799999999999;8.192e-05;7.68e-05;0.00010240000000000001;0.00015564799999999998;0.00014745600000000002;0.000167936;0.00013311999999999997;9.3184e-05;9.4208e-05;9.3184e-05;0.00011980799999999999
1789887600,hdr,0.0293;0.03906;0.04883;0.05859;0.06836;0.07813;0.08789;0.09766;0.10742;0.11719;0.12695;0.13672;0.14648;0.15625;0.16602;0.17578;0.18555;0.19531;0.20508;0.21484;0.22461;0.23438;0.24414;0.25391;0.26367;0.27344;0.2832;0.29297;0.30273;0.3125;0.32227;0.33203;0.3418;0.35156;0.36133;0.37109;0.38086;0.39063;0.40039;0.41016;0.41992;0.42969;0.43945;0.44922;0.45898;0.46875;0.47852;0.48828;0.49805;0.50781;0.51758;0.52734;0.53711;0.54688;0.55664;0.56641;0.57617;0.58594;0.5957;0.60547;0.61523;0.625;0.63477;0.64453;0.6543;0.66406;0.67383;0.68359;0.69336;0.70313;0.71289;0.72266;0.73242;0.74219;0.75195;0.76172;0.77148;0.78125;0.79102,0.004884479999999999;0.0031354879999999996;0.001472512;0.006879232;0.013981696;0.036251648000000004;0.032991231999999995;0.010974208000000001;0.006107135999999999;0.008950784;0.012924928;0.011702272000000001;0.004837376;0.00377856;0.0036433919999999996;0.0023838720000000004;0.002625536;0.0027566080000000002;0.002413568;0.002799616;0.002428928;0.00229888;0.002354176;0.00185344;0.001847296;0.002046976;0.00317952;0.0033003520000000003;0.0025978880000000005;0.0022558720000000003;0.002125824;0.0020756480000000002;0.0013895679999999999;0.0008704;0.001618944;0.0013056;0.0009748480000000001;0.000613376;0.000679936;0.000605184;0.000352256;0.00040243200000000004;0.000580608;0.0005816320000000001;0.000867328;0.000594944;0.000398336;0.000601088;0.000577536;0.00029286400000000005;0.000289792;0.00034201599999999995;0.000349184;0.00026521600000000003;0.000371712;0.00037376;0.0002816;0.00022016;0.00023142399999999999;0.000260096;0.00018739199999999998;0.000192512;0.00018432000000000002;0.000205824;0.000183296;0.00018227199999999998;0.000167936;9.5232e-05;7.5776e-05;6.8608e-05;8.704000000000001e-05;8.2944e-05;8.2944e-05;9.728e-05;8.6016e-05;6.758400000000001e-05;5.7344e-05;0.00011571199999999999;0.000140288
1789888500,hdr,0.0293;0.03906;0.04883;0.05859;0.06836;0.07813;0.08789;0.09766;0.10742;0.11719;0.12695;0.13672;0.14648;0.15625;0.16602;0.17578;0.18555;0.19531;0.20508;0.21484;0.22461;0.23438;0.24414;0.25391;0.26367;0.27344;0.2832;0.29297;0.30273;0.3125;0.32227;0.33203;0.3418;0.35156;0.36133;0.37109;0.38086;0.39063;0.40039;0.41016;0.41992;0.42969;0.43945;0.44922;0.45898;0.46875;0.47852;0.48828;0.49805;0.50781;0.51758;0.52734;0.53711;0.54688;0.55664;0.56641;0.57617;0.58594;0.5957;0.60547;0.61523;0.625;0.63477;0.64453;0.6543;0.66406;0.67383;0.68359;0.69336;0.70313;0.71289;0.72266;0.73242;0.74219;0.75195;0.76172;0.77148;0.78125;0.79102,0.005496832;0.014275584000000001;0.010840064;0.010381312;0.017784832000000004;0.030252031999999998;0.035329024;0.010547200000000001;0.0052520959999999995;0.009818111999999999;0.018477056000000002;0.015187968;0.0071884800000000006;0.005092352;0.003336192;0.0028549120000000002;0.002236416;0.002369536;0.003172352;0.002696192;0.0033208319999999997;0.002823168;0.003443712;0.003050496;0.00364544;0.002981888;0.00270336;0.003180544;0.002768896;0.002031616;0.002199552;0.0025139200000000002;0.002299904;0.002067456;0.001580032;0.001041408;0.0007495679999999999;0.000712704;0.0007280640000000001;0.0006676480000000001;0.0006092800000000001;0.000674816;0.000740352;0.000565248;0.00068608;0.0004915200000000001;0.000539648;0.000528384;0.00040448000000000003;0.000385024;0.000423936;0.00038912;0.000227328;0.00024576000000000003;0.000280576;0.00030003200000000004;0.000320512;0.0001536;0.00018124799999999998;0.000224256;0.00017715200000000003;0.000116736;8.6016e-05;0.00011264;8.6016e-05;0.000142336;0.0001536;0.000126976;0.000116736;6.8608e-05;7.475199999999999e-05;5.632e-05;7.9872e-05;7.9872e-05;0.00011264;8.3968e-05;9.216000000000001e-05;9.728e-05;0.000139264
1789889400,hdr,0.0293;0.03906;0.04883;0.05859;0.06836;0.07813;0.08789;0.09766;0.10742;0.11719;0.12695;0.13672;0.14648;0.15625;0.16602;0.17578;0.18555;0.19531;0.20508;0.21484;0.22461;0.23438;0.24414;0.25391;0.26367;0.27344;0.2832;0.29297;0.30273;0.3125;0.32227;0.33203;0.3418;0.35156;0.36133;0.37109;0.38086;0.39063;0.40039;0.41016;0.41992;0.42969;0.43945;0.44922;0.45898;0.46875;0.47852;0.48828;0.49805;0.50781;0.51758;0.52734;0.53711;0.54688;0.55664;0.56641;0.57617;0.58594;0.5957;0.60547;0.61523;0.625;0.63477;0.64453;0.6543;0.66406;0.67383;0.68359;0.69336;0.70313;0.71289;0.72266;0.73242;0.74219;0.75195;0.76172;0.77148;0.78125;0.79102,0.003621888;0.008061952;0.007128064;0.008003584;0.008973312;0.013991936000000002;0.023013376;0.012568576000000001;0.005121024;0.008584192;0.014327808;0.013115392;0.00764928;0.004334592;0.0025989119999999997;0.002219008;0.0037601279999999997;0.0048711679999999995;0.002920448;0.002562048;0.0019517439999999998;0.001752064;0.0023674879999999996;0.004015104;0.0032511999999999997;0.001477632;0.001968128;0.001790976;0.001403904;0.001676288;0.001420288;0.001639424;0.0013004800000000001;0.0011202559999999998;0.001077248;0.000863232;0.000418816;0.001055744;0.001159168;0.0008458240000000001;0.0005683200000000001;0.000384;0.000420864;0.000663552;0.000565248;0.000366592;0.000497664;0.000567296;0.000382976;0.00037888;0.000611328;0.00028774400000000004;0.0003072;0.000260096;0.000284672;0.000284672;0.00017100799999999997;0.000157696;0.00021913599999999998;0.000260096;0.000242688;0.000210944;0.00015872;0.00014540800000000003;0.000136192;0.000103424;9.113599999999999e-05;7.782399999999999e-05;9.4208e-05;9.5232e-05;0.00011161600000000001;6.2464e-05;4.4032e-05;5.4272e-05;5.222399999999999e-05;6.5536e-05;6.758400000000001e-05;6.9632e-05;4.7104e-05
1789890300,hdr,0.0293;0.03906;0.04883;0.05859;0.06836;0.07813;0.08789;0.09766;0.10742;0.11719;0.12695;0.13672;0.14648;0.15625;0.16602;0.17578;0.18555;0.19531;0.20508;0.21484;0.22461;0.23438;0.24414;0.25391;0.26367;0.27344;0.2832;0.29297;0.30273;0.3125;0.32227;0.33203;0.3418;0.35156;0.36133;0.37109;0.38086;0.39063;0.40039;0.41016;0.41992;0.42969;0.43945;0.44922;0.45898;0.46875;0.47852;0.48828;0.49805;0.50781;0.51758;0.52734;0.53711;0.54688;0.55664;0.56641;0.57617;0.58594;0.5957;0.60547;0.61523;0.625;0.63477;0.64453;0.6543;0.66406;0.67383;0.68359;0.69336;0.70313;0.71289;0.72266;0.73242;0.74219;0.75195;0.76172;0.77148;0.78125;0.79102,0.00338432;0.007345152;0.00706048;0.002543616;0.005602304;0.012562431999999998;0.01244672;0.006104064;0.007621632;0.012302336;0.017903615999999997;0.014714880000000001;0.008306688;0.004435968;0.00230912;0.001122304;0.002563072;0.001927168;0.00285184;0.003079168;0.003913728;0.004227072;0.0035276800000000005;0.003735552;0.002977792;0.0020183040000000003;0.0015964160000000002;0.002362368;0.00236032;0.002594816;0.0022394880000000004;0.00104448;0.0015667199999999997;0.0017735679999999999;0.00131072;0.000941056;0.000647168;0.000688128;0.000671744;0.0007055360000000001;0.000543744;0.00043315199999999996;0.000452608;0.000515072;0.00072704;0.000485376;0.000351232;0.000357376;0.00048742400000000003;0.000387072;0.000371712;0.00027033600000000004;0.000345088;0.00022016;0.000164864;0.00019968;0.000259072;0.00020992;0.00022016;0.000226304;0.00022323200000000002;0.000246784;0.00017100799999999997;0.00012390399999999998;0.00012390399999999998;0.000128;9.3184e-05;8.2944e-05;0.00010649599999999999;0.00010649599999999999;6.2464e-05;9.5232e-05;0.00010444799999999999;8.704000000000001e-05;5.4272e-05;5.222399999999999e-05;6.655999999999999e-05;6.8608e-05;5.4272e-05
1789891200,hdr,0.0293;0.03906;0.04883;0.05859;0.06836;0.07813;0.08789;0.09766;0.10742;0.11719;0.12695;0.13672;0.14648;0.15625;0.16602;0.17578;0.18555;0.19531;0.20508;0.21484;0.22461;0.23438;0.24414;0.25391;0.26367;0.27344;0.2832;0.29297;0.30273;0.3125;0.32227;0.33203;0.3418;0.35156;0.36133;0.37109;0.38086;0.39063;0.40039;0.41016;0.41992;0.42969;0.43945;0.44922;0.45898;0.46875;0.47852;0.48828;0.49805;0.50781;0.51758;0.52734;0.53711;0.54688;0.55664;0.56641;0.57617;0.58594;0.5957;0.60547;0.61523;0.625;0.63477;0.64453;0.6543;0.66406;0.67383;0.68359;0.69336;0.70313;0.71289;0.72266;0.73242;0.74219;0.75195;0.76172;0.77148;0.78125;0.79102,0.000436224;0.001409024;0.0040642560000000005;0.003222528;0.009171967999999999;0.017620992000000002;0.020742144;0.012002304;0.007375872;0.011899904;0.016772096;0.010330111999999999;0.0058818559999999995;0.00498688;0.00236544;0.002299904;0.001708032;0.0021913600000000003;0.0032460799999999997;0.00474112;0.004221952;0.0036864000000000003;0.0035532800000000002;0.0028692479999999996;0.003274752;0.003282944;0.003262464;0.002234368;0.002147328;0.0021248;0.002245632;0.001929216;0.001234944;0.0009543679999999999;0.0012646399999999998;0.00134144;0.000854016;0.000879616;0.0006502400000000001;0.00035942400000000006;0.000385024;0.00037068800000000004;0.00039219200000000003;0.0006154239999999999;0.0006778880000000001;0.0006184960000000001;0.000502784;0.00048127999999999995;0.000427008;0.00031232;0.00021299199999999998;0.000305152;0.000210944;0.00029081600000000006;0.000331776;0.00028569600000000005;0.00017715200000000003;0.000132096;0.00029081600000000006;0.00027033600000000004;0.00018739199999999998;0.00018534400000000002;0.000118784;8.8064e-05;9.4208e-05;0.000129024;0.00010649599999999999;9.113599999999999e-05;9.4208e-05;7.5776e-05;8.192e-05;8.8064e-05;7.0656e-05;4.5056e-05;6.9632e-05;9.4208e-05;9.6256e-05;4.4032e-05;5.3247999999999996e-05
1789892100,hdr,0.0293;0.03906;0.04883;0.05859;0.06836;0.07813;0.08789;0.09766;0.10742;0.11719;0.12695;0.13672;0.14648;0.15625;0.16602;0.17578;0.18555;0.19531;0.20508;0.21484;0.22461;0.23438;0.24414;0.25391;0.26367;0.27344;0.2832;0.29297;0.30273;0.3125;0.32227;0.33203;0.3418;0.35156;0.36133;0.37109;0.38086;0.39063;0.40039;0.41016;0.41992;0.42969;0.43945;0.44922;0.45898;0.46875;0.47852;0.48828;0.49805;0.50781;0.51758;0.52734;0.53711;0.54688;0.55664;0.56641;0.57617;0.58594;0.5957;0.60547;0.61523;0.625;0.63477;0.64453;0.6543;0.66406;0.67383;0.68359;0.69336;0.70313;0.71289;0.72266;0.73242;0.74219;0.75195;0.76172;0.77148;0.78125;0.79102,0.0049602560000000006;0.006334464;0.005497856;0.002205696;0.004683776;0.026281984;0.03664281600000001;0.014921727999999999;0.007697408;0.00976384;0.015060992;0.008541183999999999;0.00377344;0.0026398719999999997;0.001778688;0.001700864;0.001990656;0.001906688;0.0031907839999999995;0.0030904319999999997;0.001805312;0.0018176000000000002;0.002356224;0.0013199359999999999;0.001961984;0.0024872960000000004;0.0014940160000000001;0.0016128;0.0020162559999999997;0.001872896;0.0023357440000000003;0.002054144;0.00126976;0.001119232;0.00064;0.001048576;0.0016650240000000002;0.001084416;0.000606208;0.000611328;0.0005324799999999999;0.000376832;0.000380928;0.00038912;0.00042496;0.00047104000000000004;0.000365568;0.00031744;0.000352256;0.00029388799999999996;0.00016691200000000002;0.00023040000000000002;0.000264192;0.000319488;0.00033689599999999994;0.000277504;0.00018432000000000002;0.000217088;0.000282624;0.000260096;0.000197632;0.000167936;0.000188416;0.000132096;0.00014540800000000003;0.00011571199999999999;0.000110592;0.00017100799999999997;9.6256e-05;7.9872e-05;7.5776e-05;0.000103424;8.4992e-05;7.0656e-05;9.932800000000001e-05;5.5296e-05;5.0176e-05;5.7344e-05;6.9632e-05
1789893000,hdr,0.0293;0.03906;0.04883;0.05859;0.06836;0.07813;0.08789;0.09766;0.10742;0.11719;0.12695;0.13672;0.14648;0.15625;0.16602;0.17578;0.18555;0.19531;0.20508;0.21484;0.22461;0.23438;0.24414;0.25391;0.26367;0.27344;0.2832;0.29297;0.30273;0.3125;0.32227;0.33203;0.3418;0.35156;0.36133;0.37109;0.38086;0.39063;0.40039;0.41016;0.41992;0.42969;0.43945;0.44922;0.45898;0.46875;0.47852;0.48828;0.49805;0.50781;0.51758;0.52734;0.53711;0.54688;0.55664;0.56641;0.57617;0.58594;0.5957;0.60547;0.61523;0.625;0.63477;0.64453;0.6543;0.66406;0.67383;0.68359;0.69336;0.70313;0.71289;0.72266;0.73242;0.74219;0.75195;0.76172;0.77148;0.78125;0.79102,0.000165888;0.001282048;0.002008064;0.0007464960000000001;0.003831808;0.009505791999999999;0.010435584000000001;0.006472704000000001;0.005878784;0.010973183999999999;0.013932544;0.011378688;0.007061504;0.005354496;0.003683328;0.002569216;0.0019466239999999999;0.002034688;0.0018687999999999999;0.002576384;0.004040704;0.003144704;0.002720768;0.00270848;0.002659328;0.0021667839999999997;0.0014704639999999999;0.001998848;0.002579456;0.002163712;0.0018196479999999999;0.0014632959999999998;0.00142848;0.0009256959999999999;0.000526336;0.00043724800000000005;0.000590848;0.000745472;0.000631808;0.000513024;0.0005836799999999999;0.00047206399999999996;0.000415744;0.000458752;0.00045056;0.00028671999999999997;0.000391168;0.00030924800000000003;0.00022528;0.000267264;0.00023244799999999998;0.000268288;0.000257024;0.000224256;0.000139264;0.000191488;0.00019456;0.000252928;0.00018432000000000002;0.00020172799999999998;0.00020172799999999998;9.216000000000001e-05;0.00018432000000000002;0.00016384;9.3184e-05;0.000136192;0.00013311999999999997;9.8304e-05;8.192e-05;5.9392e-05;0.00010956799999999999;0.000103424;6.8608e-05;5.5296e-05;4.4032e-05;6.655999999999999e-05;5.9392e-05;4.4032e-05;2.3552e-05
1789893900,hdr,0.0293;0.03906;0.04883;0.05859;0.06836;0.07813;0.08789;0.09766;0.10742;0.11719;0.12695;0.13672;0.14648;0.15625;0.16602;0.17578;0.18555;0.19531;0.20508;0.21484;0.22461;0.23438;0.24414;0.25391;0.26367;0.27344;0.2832;0.29297;0.30273;0.3125;0.32227;0.33203;0.3418;0.35156;0.36133;0.37109;0.38086;0.39063;0.40039;0.41016;0.41992;0.42969;0.43945;0.44922;0.45898;0.46875;0.47852;0.48828;0.49805;0.50781;0.51758;0.52734;0.53711;0.54688;0.55664;0.56641;0.57617;0.58594;0.5957;0.60547;0.61523;0.625;0.63477;0.64453;0.6543;0.66406;0.67383;0.68359;0.69336;0.70313;0.71289;0.72266;0.73242;0.74219;0.75195;0.76172;0.77148;0.78125;0.79102,1.8432000000000002e-05;0.000175104;0.001050624;0.000310272;0.00481792;0.010990591999999999;0.004426751999999999;0.002844672;0.004335616;0.007902207999999999;0.011493376;0.009726976;0.005612544;0.00380416;0.002497536;0.001927168;0.001583104;0.0012441599999999998;0.001783808;0.003154944;0.0032337920000000005;0.0025405440000000005;0.001872896;0.001601536;0.00142848;0.001416192;0.001498112;0.001560576;0.0018718720000000001;0.002361344;0.0016936960000000002;0.001429504;0.0018083840000000001;0.001810432;0.000955392;0.001010688;0.001056768;0.000775168;0.00062976;0.000638976;0.0006225919999999999;0.000485376;0.00037068800000000004;0.00028774400000000004;0.00032768;0.00029081600000000006;0.000260096;0.000141312;0.00027648;0.000314368;0.000279552;0.000272384;0.00014950399999999998;0.000195584;0.00026112;0.000257024;0.000216064;0.0001792;0.00010649599999999999;0.00011264;0.000229376;0.000366592;0.00021504000000000003;0.000129024;0.00013516800000000002;9.5232e-05;0.00014745600000000002;0.00011161600000000001;0.00010752000000000001;9.4208e-05;7.372800000000001e-05;8.8064e-05;7.167999999999999e-05;6.144000000000001e-05;5.4272e-05;5.7344e-05;4.7104e-05;3.7888e-05;3.7888e-05
1789894800,hdr,0.0293;0.03906;0.04883;0.05859;0.06836;0.07813;0.08789;0.09766;0.10742;0.11719;0.12695;0.13672;0.14648;0.15625;0.16602;0.17578;0.18555;0.19531;0.20508;0.21484;0.22461;0.23438;0.24414;0.25391;0.26367;0.27344;0.2832;0.29297;0.30273;0.3125;0.32227;0.33203;0.3418;0.35156;0.36133;0.37109;0.38086;0.39063;0.40039;0.41016;0.41992;0.42969;0.43945;0.44922;0.45898;0.46875;0.47852;0.48828;0.49805;0.50781;0.51758;0.52734;0.53711;0.54688;0.55664;0.56641;0.57617;0.58594;0.5957;0.60547;0.61523;0.625;0.63477;0.64453;0.6543;0.66406;0.67383;0.68359;0.69336;0.70313;0.71289;0.72266;0.73242;0.74219;0.75195;0.76172;0.77148;0.78125;0.79102,0.000210944;0.00046080000000000003;0.000490496;0.0006932479999999999;0.00408576;0.008876032;0.00862208;0.004897792000000001;0.006736896;0.011184127999999998;0.021875712;0.022523904;0.006699008;0.003579904;0.0021862400000000003;0.001805312;0.002589696;0.0031733760000000003;0.00221696;0.003055616;0.0027023359999999996;0.0017735679999999999;0.0028272640000000003;0.0032471040000000002;0.002076672;0.001440768;0.001959936;0.001414144;0.0015544320000000001;0.001820672;0.00139776;0.0011970559999999997;0.0016138239999999998;0.0019230719999999998;0.0015103999999999999;0.000771072;0.000668672;0.0008202239999999999;0.000717824;0.000694272;0.0006184960000000001;0.000590848;0.000352256;0.00042291200000000006;0.000516096;0.00040448000000000003;0.000345088;0.00033382400000000003;0.000237568;0.000325632;0.00029798400000000005;0.00032768;0.00033792;0.000272384;0.000188416;0.000193536;0.000186368;0.000282624;0.00023654400000000002;0.000136192;0.000141312;0.00013824;0.000105472;0.000140288;0.000159744;0.000167936;0.00015052799999999998;0.000151552;0.000108544;0.00015052799999999998;0.000118784;6.5536e-05;9.6256e-05;8.8064e-05;5.7344e-05;5.3247999999999996e-05;4.096e-05;5.4272e-05;7.0656e-05
1789895700,hdr,0.0293;0.03906;0.04883;0.05859;0.06836;0.07813;0.08789;0.09766;0.10742;0.11719;0.12695;0.13672;0.14648;0.15625;0.16602;0.17578;0.18555;0.19531;0.20508;0.21484;0.22461;0.23438;0.24414;0.25391;0.26367;0.27344;0.2832;0.29297;0.30273;0.3125;0.32227;0.33203;0.3418;0.35156;0.36133;0.37109;0.38086;0.39063;0.40039;0.41016;0.41992;0.42969;0.43945;0.44922;0.45898;0.46875;0.47852;0.48828;0.49805;0.50781;0.51758;0.52734;0.53711;0.54688;0.55664;0.56641;0.57617;0.58594;0.5957;0.60547;0.61523;0.625;0.63477;0.64453;0.6543;0.66406;0.67383;0.68359;0.69336;0.70313;0.71289;0.72266;0.73242;0.74219;0.75195;0.76172;0.77148;0.78125;0.79102,2.8672e-05;0.00037478399999999997;0.000176128;0.00023654400000000002;0.002233344;0.0033464320000000003;0.008453120000000001;0.00599552;0.011683840000000001;0.01483776;0.014476288;0.010001408;0.008392703999999999;0.006366208000000001;0.002419712;0.002125824;0.002217984;0.001092608;0.0021442559999999998;0.003103744;0.003018752;0.00236544;0.0015267839999999998;0.0020121600000000003;0.001968128;0.002159616;0.001661952;0.0019210240000000001;0.001069056;0.001149952;0.001168384;0.0027729919999999997;0.003195904;0.0016097280000000002;0.0011970559999999997;0.00125952;0.001338368;0.00142848;0.000919552;0.000700416;0.000663552;0.000796672;0.000630784;0.000395264;0.0005898240000000001;0.0005713920000000001;0.000439296;0.000594944;0.000505856;0.00029286400000000005;0.0002816;0.00037068800000000004;0.000228352;0.00029081600000000006;0.00034099200000000003;0.00030003200000000004;0.00022323200000000002;0.000222208;0.000164864;0.000144384;0.000191488;0.00018432000000000002;0.000142336;0.00010444799999999999;0.00014540800000000003;0.000180224;0.000162816;0.000128;0.000108544;8.8064e-05;7.0656e-05;7.8848e-05;0.00010444799999999999;7.270400000000001e-05;6.2464e-05;4.1984e-05;7.167999999999999e-05;6.3488e-05;4.5056e-05
1789896600,hdr,0.0293;0.03906;0.04883;0.05859;0.06836;0.07813;0.08789;0.09766;0.10742;0.11719;0.12695;0.13672;0.14648;0.15625;0.16602;0.17578;0.18555;0.19531;0.20508;0.21484;0.22461;0.23438;0.24414;0.25391;0.26367;0.27344;0.2832;0.29297;0.30273;0.3125;0.32227;0.33203;0.3418;0.35156;0.36133;0.37109;0.38086;0.39063;0.40039;0.41016;0.41992;0.42969;0.43945;0.44922;0.45898;0.46875;0.47852;0.48828;0.49805;0.50781;0.51758;0.52734;0.53711;0.54688;0.55664;0.56641;0.57617;0.58594;0.5957;0.60547;0.61523;0.625;0.63477;0.64453;0.6543;0.66406;0.67383;0.68359;0.69336;0.70313;0.71289;0.72266;0.73242;0.74219;0.75195;0.76172;0.77148;0.78125;0.79102,0.000258048;0.00031232;0.0012001280000000002;0.000549888;0.000986112;0.003152896;0.004009984;0.006174719999999999;0.009860095999999999;0.016063488;0.022296576000000002;0.018276352;0.008196096000000002;0.0037621760000000003;0.0031979519999999996;0.0019087359999999999;0.002185216;0.002766848;0.003152896;0.0027095039999999997;0.003432448;0.003282944;0.0023234560000000002;0.001659904;0.002157568;0.002563072;0.002404352;0.002110464;0.001678336;0.001591296;0.001695744;0.002228224;0.003209216;0.002548736;0.0013547519999999999;0.002451456;0.002023424;0.001306624;0.001632256;0.00143872;0.001114112;0.000643072;0.000447488;0.000606208;0.0006277120000000001;0.000723968;0.0008663039999999999;0.000652288;0.000515072;0.000387072;0.0003328;0.000319488;0.000237568;0.0001792;0.000229376;0.00031744;0.00024780799999999997;0.00024780799999999997;0.00024780799999999997;0.000262144;0.00020480000000000002;0.000129024;0.00015052799999999998;0.000205824;0.000183296;9.728e-05;5.632e-05;0.00011980799999999999;0.00014335999999999998;0.000105472;8.4992e-05;7.8848e-05;0.00011161600000000001;0.00010956799999999999;8.2944e-05;6.8608e-05;7.0656e-05;5.632e-05;5.1200000000000004e-05
1789897500,hdr,0.0293;0.03906;0.04883;0.05859;0.06836;0.07813;0.08789;0.09766;0.10742;0.11719;0.12695;0.13672;0.14648;0.15625;0.16602;0.17578;0.18555;0.19531;0.20508;0.21484;0.22461;0.23438;0.24414;0.25391;0.26367;0.27344;0.2832;0.29297;0.30273;0.3125;0.32227;0.33203;0.3418;0.35156;0.36133;0.37109;0.38086;0.39063;0.40039;0.41016;0.41992;0.42969;0.43945;0.44922;0.45898;0.46875;0.47852;0.48828;0.49805;0.50781;0.51758;0.52734;0.53711;0.54688;0.55664;0.56641;0.57617;0.58594;0.5957;0.60547;0.61523;0.625;0.63477;0.64453;0.6543;0.66406;0.67383;0.68359;0.69336;0.70313;0.71289;0.72266;0.73242;0.74219;0.75195;0.76172;0.77148;0.78125;0.79102,0.000499712;0.000325632;0.000130048;0.0006123519999999999;0.0027648;0.001707008;0.004375552;0.006014976;0.003555328;0.006933504;0.009378816;0.011206656;0.016310272;0.01006592;0.003625984;0.001759232;0.0016773119999999998;0.00217088;0.002833408;0.0032358400000000002;0.004216832;0.0021985280000000004;0.001067008;0.001531904;0.0017152;0.002013184;0.00270848;0.002799616;0.0027402240000000003;0.0023132160000000003;0.001312768;0.001441792;0.001902592;0.0017131520000000001;0.0016168960000000003;0.001862656;0.0021913600000000003;0.00153088;0.001271808;0.0014745600000000002;0.0013946879999999998;0.001043456;0.000799744;0.000489472;0.000395264;0.0008519679999999999;0.0006737919999999999;0.000676864;0.000408576;0.00042598399999999997;0.000314368;0.00031232;0.00020480000000000002;0.000205824;0.00029593599999999995;0.000284672;0.0002816;0.00039219200000000003;0.00031129599999999997;0.00021504000000000003;0.00019968;0.00019968;0.000114688;0.00018432000000000002;0.000160768;0.00010752000000000001;0.00011264;7.68e-05;8.704000000000001e-05;9.728e-05;9.0112e-05;8.4992e-05;6.758400000000001e-05;7.270400000000001e-05;7.782399999999999e-05;7.270400000000001e-05;5.4272e-05;5.5296e-05;6.758400000000001e-05
1789898400,hdr,0.0293;0.03906;0.04883;0.05859;0.06836;0.07813;0.08789;0.09766;0.10742;0.11719;0.12695;0.13672;0.14648;0.15625;0.16602;0.17578;0.18555;0.19531;0.20508;0.21484;0.22461;0.23438;0.24414;0.25391;0.26367;0.27344;0.2832;0.29297;0.30273;0.3125;0.32227;0.33203;0.3418;0.35156;0.36133;0.37109;0.38086;0.39063;0.40039;0.41016;0.41992;0.42969;0.43945;0.44922;0.45898;0.46875;0.47852;0.48828;0.49805;0.50781;0.51758;0.52734;0.53711;0.54688;0.55664;0.56641;0.57617;0.58594;0.5957;0.60547;0.61523;0.625;0.63477;0.64453;0.6543;0.66406;0.67383;0.68359;0.69336;0.70313;0.71289;0.72266;0.73242;0.74219;0.75195;0.76172;0.77148;0.78125;0.79102,0.000131072;2.048e-06;0;0.000521216;0.00310784;0.007908352;0.00772096;0.003975168;0.005818368;0.013405184;0.01563136;0.012423168;0.0127232;0.009858048000000001;0.004856831999999999;0.0032573439999999997;0.001782784;0.0016670720000000001;0.0022886399999999998;0.002592768;0.0035481600000000003;0.0032573439999999997;0.00221696;0.001308672;0.001979392;0.001705984;0.0017039359999999999;0.0012953600000000002;0.00196096;0.00188928;0.002110464;0.0018012159999999998;0.002386944;0.0023203839999999996;0.001483776;0.0013148160000000001;0.0010803199999999998;0.001271808;0.001271808;0.0008345599999999999;0.000715776;0.000772096;0.0007884799999999999;0.0006912;0.0005713920000000001;0.0005324799999999999;0.00032256;0.000366592;0.00027033600000000004;0.00031129599999999997;0.00033484799999999995;0.000357376;0.000384;0.000323584;0.000303104;0.00026521600000000003;0.000329728;0.000267264;0.00036249599999999997;0.000305152;0.00021913599999999998;0.000164864;0.0001536;0.000195584;0.00029388799999999996;0.00018432000000000002;0.000114688;9.113599999999999e-05;0.00010956799999999999;9.3184e-05;0.00010240000000000001;8.2944e-05;6.5536e-05;6.4512e-05;8.8064e-05;7.475199999999999e-05;5.3247999999999996e-05;4.096e-05;3.8911999999999996e-05
1789899300,hdr,0.0293;0.03906;0.04883;0.05859;0.06836;0.07813;0.08789;0.09766;0.10742;0.11719;0.12695;0.13672;0.14648;0.15625;0.16602;0.17578;0.18555;0.19531;0.20508;0.21484;0.22461;0.23438;0.24414;0.25391;0.26367;0.27344;0.2832;0.29297;0.30273;0.3125;0.32227;0.33203;0.3418;0.35156;0.36133;0.37109;0.38086;0.39063;0.40039;0.41016;0.41992;0.42969;0.43945;0.44922;0.45898;0.46875;0.47852;0.48828;0.49805;0.50781;0.51758;0.52734;0.53711;0.54688;0.55664;0.56641;0.57617;0.58594;0.5957;0.60547;0.61523;0.625;0.63477;0.64453;0.6543;0.66406;0.67383;0.68359;0.69336;0.70313;0.71289;0.72266;0.73242;0.74219;0.75195;0.76172;0.77148;0.78125;0.79102,0.000631808;0.00023552000000000002;2.048e-06;0.000350208;0.00673792;0.022730752;0.027180032;0.012839936;0.008279040000000001;0.009554944000000001;0.010556416;0.011250688;0.008639487999999999;0.008184832;0.004950016;0.002982912;0.002553856;0.003443712;0.003629056;0.00272896;0.0028426239999999998;0.002895872;0.002096128;0.001238016;0.00133632;0.001655808;0.001790976;0.0013701120000000002;0.0010178560000000001;0.0009738240000000001;0.001345536;0.001915904;0.002435072;0.002486272;0.002064384;0.00249344;0.002118656;0.001651712;0.0014714879999999997;0.001538048;0.001467392;0.001096704;0.0005232639999999998;0.0005468159999999999;0.000592896;0.00061952;0.000497664;0.000679936;0.000454656;0.000635904;0.000745472;0.00048025600000000003;0.000321536;0.000278528;0.000323584;0.000169984;0.000176128;0.00028569600000000005;0.000233472;0.00026521600000000003;0.000246784;0.00014540800000000003;0.00029696;0.000432128;0.00030105599999999996;0.00020377600000000002;0.00011776000000000001;0.00013311999999999997;9.728e-05;8.3968e-05;6.3488e-05;8.4992e-05;0.00010649599999999999;7.8848e-05;6.758400000000001e-05;6.144000000000001e-05;7.0656e-05;5.0176e-05;5.5296e-05
1789900200,hdr,0.0293;0.03906;0.04883;0.05859;0.06836;0.07813;0.08789;0.09766;0.10742;0.11719;0.12695;0.13672;0.14648;0.15625;0.16602;0.17578;0.18555;0.19531;0.20508;0.21484;0.22461;0.23438;0.24414;0.25391;0.26367;0.27344;0.2832;0.29297;0.30273;0.3125;0.32227;0.33203;0.3418;0.35156;0.36133;0.37109;0.38086;0.39063;0.40039;0.41016;0.41992;0.42969;0.43945;0.44922;0.45898;0.46875;0.47852;0.48828;0.49805;0.50781;0.51758;0.52734;0.53711;0.54688;0.55664;0.56641;0.57617;0.58594;0.5957;0.60547;0.61523;0.625;0.63477;0.64453;0.6543;0.66406;0.67383;0.68359;0.69336;0.70313;0.71289;0.72266;0.73242;0.74219;0.75195;0.76172;0.77148;0.78125;0.79102,0.0020357120000000003;0.003555328;0.0038911999999999996;0.005766143999999999;0.00576;0.012539904000000001;0.014579712000000002;0.008187904;0.00654336;0.008710144;0.009526272;0.010804224;0.010374144;0.005403648;0.003136512;0.003265536;0.0034744320000000004;0.003653632;0.004323328;0.0031907839999999995;0.002936832;0.002878464;0.003844096;0.003790848;0.0023592960000000003;0.001700864;0.002076672;0.002207744;0.001865728;0.00168448;0.001655808;0.001941504;0.001872896;0.00188928;0.00307712;0.0031744;0.002855936;0.002874368;0.00237568;0.002052096;0.0015063040000000002;0.0010608640000000001;0.0008325120000000001;0.0008867839999999999;0.000768;0.001420288;0.000953344;0.000756736;0.000605184;0.000544768;0.000825344;0.001035264;0.0011212799999999999;0.000837632;0.0013199359999999999;0.0013547519999999999;0.001517568;0.0012083200000000001;0.000913408;0.000605184;0.00030105599999999996;0.000490496;0.000569344;0.00034099200000000003;0.000137216;0.00021913599999999998;0.00028569600000000005;0.000234496;0.000206848;0.00010649599999999999;0.000114688;8.2944e-05;0.000128;8.9088e-05;6.144000000000001e-05;4.8128e-05;7.68e-05;9.0112e-05;6.3488e-05
1789901100,hdr,0.0293;0.03906;0.04883;0.05859;0.06836;0.07813;0.08789;0.09766;0.10742;0.11719;0.12695;0.13672;0.14648;0.15625;0.16602;0.17578;0.18555;0.19531;0.20508;0.21484;0.22461;0.23438;0.24414;0.25391;0.26367;0.27344;0.2832;0.29297;0.30273;0.3125;0.32227;0.33203;0.3418;0.35156;0.36133;0.37109;0.38086;0.39063;0.40039;0.41016;0.41992;0.42969;0.43945;0.44922;0.45898;0.46875;0.47852;0.48828;0.49805;0.50781;0.51758;0.52734;0.53711;0.54688;0.55664;0.56641;0.57617;0.58594;0.5957;0.60547;0.61523;0.625;0.63477;0.64453;0.6543;0.66406;0.67383;0.68359;0.69336;0.70313;0.71289;0.72266;0.73242;0.74219;0.75195;0.76172;0.77148;0.78125;0.79102,0.001769472;0.003550208;0.01027584;0.005791744;0.0034949119999999998;0.007363584000000001;0.020091903999999997;0.014186496;0.009476096;0.011878399999999999;0.018422784;0.017537024;0.014306304;0.005818368;0.00312832;0.00331776;0.00221184;0.003134464;0.002576384;0.0027555839999999997;0.003186688;0.00200704;0.002466816;0.00334336;0.00321536;0.0026398719999999997;0.002212864;0.002076672;0.002458624;0.001652736;0.001460224;0.002147328;0.00278016;0.0031744;0.004314112;0.002341888;0.001927168;0.003063808;0.002277376;0.0018636800000000002;0.001092608;0.0006819840000000001;0.0011796480000000002;0.001087488;0.001328128;0.001796096;0.001329152;0.0007936;0.00134144;0.0007137280000000001;0.000533504;0.000750592;0.0009738240000000001;0.000679936;0.000726016;0.000796672;0.00068096;0.0019230719999999998;0.002332672;0.001649664;0.00081408;0.00034304;0.00039731200000000003;0.0005877759999999999;0.000516096;0.000492544;0.000513024;0.000227328;0.000157696;0.00015872;0.000175104;0.00030003200000000004;0.00017408000000000001;0.000180224;0.00013824;0.00010240000000000001;0.00010752000000000001;7.8848e-05;0.00010240000000000001
1789902000,hdr,0.0293;0.03906;0.04883;0.05859;0.06836;0.07813;0.08789;0.09766;0.10742;0.11719;0.12695;0.13672;0.14648;0.15625;0.16602;0.17578;0.18555;0.19531;0.20508;0.21484;0.22461;0.23438;0.24414;0.25391;0.26367;0.27344;0.2832;0.29297;0.30273;0.3125;0.32227;0.33203;0.3418;0.35156;0.36133;0.37109;0.38086;0.39063;0.40039;0.41016;0.41992;0.42969;0.43945;0.44922;0.45898;0.46875;0.47852;0.48828;0.49805;0.50781;0.51758;0.52734;0.53711;0.54688;0.55664;0.56641;0.57617;0.58594;0.5957;0.60547;0.61523;0.625;0.63477;0.64453;0.6543;0.66406;0.67383;0.68359;0.69336;0.70313;0.71289;0.72266;0.73242;0.74219;0.75195;0.76172;0.77148;0.78125;0.79102,0.00076288;0.0008663039999999999;0.0013987840000000001;0.0019650559999999997;0.0044031999999999995;0.009917439999999998;0.013346816000000001;0.010206208000000001;0.0044974080000000005;0.0070297599999999995;0.012242943999999999;0.009567232;0.007496704000000001;0.005775359999999999;0.0042905600000000006;0.00292352;0.002500608;0.0022886399999999998;0.003340288;0.0036843519999999997;0.0039772159999999996;0.0022640639999999997;0.002233344;0.0023500800000000005;0.0023408640000000002;0.00230912;0.0016230399999999999;0.001862656;0.002615296;0.003040256;0.001967104;0.001833984;0.0017336320000000001;0.0016291839999999999;0.002174976;0.003390464;0.0029573119999999997;0.00222208;0.001846272;0.0020910079999999997;0.0018831359999999999;0.002000896;0.00262144;0.0022374400000000003;0.001839104;0.0017684480000000002;0.0020838399999999996;0.001741824;0.0007884799999999999;0.000528384;0.0007229440000000001;0.001063936;0.001079296;0.000770048;0.00063488;0.000903168;0.000412672;0.000621568;0.000841728;0.00061952;0.000795648;0.0011243520000000001;0.0009349119999999999;0.00080384;0.000881664;0.000637952;0.000484352;0.000406528;0.000205824;0.000140288;0.000314368;0.000345088;0.00017408000000000001;0.00014643200000000002;0.00011571199999999999;0.000113664;9.5232e-05;8.192e-05;6.4512e-05
1789902900,hdr,0.0293;0.03906;0.04883;0.05859;0.06836;0.07813;0.08789;0.09766;0.10742;0.11719;0.12695;0.13672;0.14648;0.15625;0.16602;0.17578;0.18555;0.19531;0.20508;0.21484;0.22461;0.23438;0.24414;0.25391;0.26367;0.27344;0.2832;0.29297;0.30273;0.3125;0.32227;0.33203;0.3418;0.35156;0.36133;0.37109;0.38086;0.39063;0.40039;0.41016;0.41992;0.42969;0.43945;0.44922;0.45898;0.46875;0.47852;0.48828;0.49805;0.50781;0.51758;0.52734;0.53711;0.54688;0.55664;0.56641;0.57617;0.58594;0.5957;0.60547;0.61523;0.625;0.63477;0.64453;0.6543;0.66406;0.67383;0.68359;0.69336;0.70313;0.71289;0.72266;0.73242;0.74219;0.75195;0.76172;0.77148;0.78125;0.79102,0.000164864;0.0023132160000000003;0.002130944;0.001344512;0.003908608;0.010344448000000001;0.022042624;0.013934592;0.005331967999999999;0.006905856;0.006622207999999999;0.009462784;0.008465407999999999;0.005574656;0.006046719999999999;0.003835904;0.004731904;0.004496384;0.00377344;0.0028549120000000002;0.002332672;0.001746944;0.002092032;0.001775616;0.0011407359999999998;0.0014151679999999999;0.0022599680000000002;0.00271872;0.002331648;0.001750016;0.002080768;0.0026644480000000003;0.00167424;0.0020101119999999997;0.0024637440000000004;0.002440192;0.00242688;0.002886656;0.00265728;0.002274304;0.001221632;0.0011233280000000003;0.0007096320000000001;0.000785408;0.001010688;0.000852992;0.000538624;0.000787456;0.0009472;0.000493568;0.00040243200000000004;0.0005089280000000001;0.000679936;0.000692224;0.000349184;0.00020480000000000002;0.000248832;0.00028671999999999997;0.000218112;0.00023654400000000002;0.000279552;0.000211968;0.00023040000000000002;0.00021913599999999998;0.000124928;0.00020172799999999998;0.000246784;0.00031129599999999997;0.000283648;0.000139264;0.00019865600000000002;0.0001792;0.00025497599999999997;0.000330752;0.00030208000000000004;0.000191488;0.000136192;0.00010956799999999999;7.270400000000001e-05
1789903800,hdr,0.0293;0.03906;0.04883;0.05859;0.06836;0.07813;0.08789;0.09766;0.10742;0.11719;0.12695;0.13672;0.14648;0.15625;0.16602;0.17578;0.18555;0.19531;0.20508;0.21484;0.22461;0.23438;0.24414;0.25391;0.26367;0.27344;0.2832;0.29297;0.30273;0.3125;0.32227;0.33203;0.3418;0.35156;0.36133;0.37109;0.38086;0.39063;0.40039;0.41016;0.41992;0.42969;0.43945;0.44922;0.45898;0.46875;0.47852;0.48828;0.49805;0.50781;0.51758;0.52734;0.53711;0.54688;0.55664;0.56641;0.57617;0.58594;0.5957;0.60547;0.61523;0.625;0.63477;0.64453;0.6543;0.66406;0.67383;0.68359;0.69336;0.70313;0.71289;0.72266;0.73242;0.74219;0.75195;0.76172;0.77148;0.78125;0.79102,0.000141312;0.000909312;0.0011673599999999999;0.001195008;0.0058992639999999995;0.009976832;0.012037119999999998;0.006321152;0.002089984;0.0058941440000000005;0.006403072;0.0055408639999999995;0.007018496;0.007980032;0.005244928;0.004038656;0.004630528;0.0025825279999999997;0.0021452800000000003;0.003325952;0.004506624000000001;0.003084288;0.002871296;0.002304;0.002250752;0.003252224;0.003068928;0.0022886399999999998;0.00207872;0.0020029439999999996;0.003444736;0.00345088;0.002417664;0.002543616;0.003653632;0.004274175999999999;0.002806784;0.002960384;0.002130944;0.002072576;0.0012441599999999998;0.0012953600000000002;0.001247232;0.001293312;0.0009727999999999999;0.0007096320000000001;0.000596992;0.00047206399999999996;0.0005734399999999999;0.0009420800000000001;0.0008335360000000001;0.000809984;0.000628736;0.000616448;0.000519168;0.000561152;0.00043110399999999997;0.000365568;0.000519168;0.00052736;0.000316416;0.000326656;0.000499712;0.000449536;0.00036147200000000005;0.000274432;0.00018124799999999998;0.000326656;0.000183296;0.000159744;0.000237568;0.000169984;0.00010444799999999999;7.9872e-05;0.00011161600000000001;0.000139264;0.000144384;0.000169984;0.00013824
1789904700,hdr,0.0293;0.03906;0.04883;0.05859;0.06836;0.07813;0.08789;0.09766;0.10742;0.11719;0.12695;0.13672;0.14648;0.15625;0.16602;0.17578;0.18555;0.19531;0.20508;0.21484;0.22461;0.23438;0.24414;0.25391;0.26367;0.27344;0.2832;0.29297;0.30273;0.3125;0.32227;0.33203;0.3418;0.35156;0.36133;0.37109;0.38086;0.39063;0.40039;0.41016;0.41992;0.42969;0.43945;0.44922;0.45898;0.46875;0.47852;0.48828;0.49805;0.50781;0.51758;0.52734;0.53711;0.54688;0.55664;0.56641;0.57617;0.58594;0.5957;0.60547;0.61523;0.625;0.63477;0.64453;0.6543;0.66406;0.67383;0.68359;0.69336;0.70313;0.71289;0.72266;0.73242;0.74219;0.75195;0.76172;0.77148;0.78125;0.79102,0.00029183999999999997;0.002277376;0.002052096;0.0007249919999999999;0.004483072;0.01230848;0.015917056;0.007535616;0.0071014400000000005;0.008185856;0.012674048;0.0157952;0.00943104;0.005968896;0.004514816;0.00436736;0.004021248;0.004073472;0.002833408;0.0024637440000000004;0.0042936319999999995;0.00321024;0.002387968;0.00266752;0.0018595839999999998;0.001222656;0.002379776;0.00246272;0.0031774719999999998;0.00331264;0.002742272;0.0038174719999999997;0.0034959360000000003;0.002258944;0.00254464;0.0037375999999999998;0.00218112;0.0030289920000000003;0.001847296;0.00138752;0.001915904;0.002245632;0.001990656;0.0013946879999999998;0.0012912639999999999;0.000913408;0.0008488959999999999;0.0012185600000000003;0.00116224;0.0005683200000000001;0.000320512;0.00037888;0.00037785600000000004;0.000636928;0.0009021439999999999;0.000643072;0.0005406720000000001;0.000760832;0.0009041920000000001;0.000769024;0.000521216;0.000339968;0.00043315199999999996;0.000504832;0.00041472;0.000457728;0.00047308800000000003;0.00047206399999999996;0.000316416;0.00019968;0.00019456;0.000178176;0.00014643200000000002;0.000103424;0.00012185600000000001;0.00011980799999999999;0.000126976;0.00011264;6.758400000000001e-05
1789905600,hdr,0.0293;0.03906;0.04883;0.05859;0.06836;0.07813;0.08789;0.09766;0.10742;0.11719;0.12695;0.13672;0.14648;0.15625;0.16602;0.17578;0.18555;0.19531;0.20508;0.21484;0.22461;0.23438;0.24414;0.25391;0.26367;0.27344;0.2832;0.29297;0.30273;0.3125;0.32227;0.33203;0.3418;0.35156;0.36133;0.37109;0.38086;0.39063;0.40039;0.41016;0.41992;0.42969;0.43945;0.44922;0.45898;0.46875;0.47852;0.48828;0.49805;0.50781;0.51758;0.52734;0.53711;0.54688;0.55664;0.56641;0.57617;0.58594;0.5957;0.60547;0.61523;0.625;0.63477;0.64453;0.6543;0.66406;0.67383;0.68359;0.69336;0.70313;0.71289;0.72266;0.73242;0.74219;0.75195;0.76172;0.77148;0.78125;0.79102,0.000734208;0.000512;0.001143808;0.0012308479999999999;0.00255488;0.012235776;0.014249984;0.003929088;0.003040256;0.006854656;0.01055232;0.006472704000000001;0.007677952;0.008757248000000002;0.004463616;0.004892672000000001;0.004356095999999999;0.003898368;0.003252224;0.003836928;0.004263936;0.0029009920000000002;0.002228224;0.001575936;0.001741824;0.001521664;0.002102272;0.001959936;0.0022855680000000004;0.00291328;0.0036812800000000003;0.004233216;0.0022661120000000002;0.003117056;0.0023500800000000005;0.0024739840000000003;0.0037632;0.002700288;0.002070528;0.001983488;0.0016138239999999998;0.0014346239999999998;0.00123904;0.001723392;0.001850368;0.0008837120000000001;0.0009973760000000001;0.000877568;0.000534528;0.00047104000000000004;0.000484352;0.000610304;0.0005416959999999999;0.0007280640000000001;0.001309696;0.00142848;0.001118208;0.001209344;0.0011468799999999999;0.000799744;0.001010688;0.001668096;0.00119808;0.000867328;0.0005918719999999999;0.00088064;0.0008447999999999999;0.000365568;0.000420864;0.000356352;0.000233472;0.000183296;0.000191488;0.000200704;0.00014848;0.000175104;0.00016384;0.000152576;0.00020275199999999997
1789906500,hdr,0.0293;0.03906;0.04883;0.05859;0.06836;0.07813;0.08789;0.09766;0.10742;0.11719;0.12695;0.13672;0.14648;0.15625;0.16602;0.17578;0.18555;0.19531;0.20508;0.21484;0.22461;0.23438;0.24414;0.25391;0.26367;0.27344;0.2832;0.29297;0.30273;0.3125;0.32227;0.33203;0.3418;0.35156;0.36133;0.37109;0.38086;0.39063;0.40039;0.41016;0.41992;0.42969;0.43945;0.44922;0.45898;0.46875;0.47852;0.48828;0.49805;0.50781;0.51758;0.52734;0.53711;0.54688;0.55664;0.56641;0.57617;0.58594;0.5957;0.60547;0.61523;0.625;0.63477;0.64453;0.6543;0.66406;0.67383;0.68359;0.69336;0.70313;0.71289;0.72266;0.73242;0.74219;0.75195;0.76172;0.77148;0.78125;0.79102,0.000423936;0.00108544;0.003203072;0.001605632;0.00298496;0.003026944;0.008778752;0.008880128;0.007979008000000001;0.007441408;0.008517632;0.010960896000000001;0.015675392;0.009209855999999999;0.0072785919999999995;0.005327872;0.0050503679999999995;0.004078592000000001;0.003160064;0.0038502399999999996;0.002650112;0.002499584;0.0032921599999999997;0.003398656;0.003104768;0.00279552;0.002873344;0.002476032;0.002226176;0.002993152;0.00282624;0.0022015999999999997;0.003209216;0.0028416;0.0028723200000000003;0.003885056;0.004230144;0.003931136;0.0026449919999999997;0.0012912639999999999;0.001147904;0.0018042879999999998;0.002131968;0.0015738879999999998;0.0008622079999999999;0.0009717759999999999;0.0010936319999999998;0.001108992;0.0012154879999999998;0.0009482239999999999;0.0009543679999999999;0.001071104;0.000694272;0.000642048;0.000676864;0.00101888;0.000950272;0.000352256;0.00032256;0.00030617599999999996;0.00036147200000000005;0.00047820800000000004;0.000454656;0.000357376;0.000263168;0.000241664;0.000206848;0.000463872;0.0006184960000000001;0.000357376;0.000382976;0.00027136;0.000211968;0.00021913599999999998;0.00014335999999999998;0.000141312;0.000200704;0.000178176;0.000160768
1789907400,hdr,0.0293;0.03906;0.04883;0.05859;0.06836;0.07813;0.08789;0.09766;0.10742;0.11719;0.12695;0.13672;0.14648;0.15625;0.16602;0.17578;0.18555;0.19531;0.20508;0.21484;0.22461;0.23438;0.24414;0.25391;0.26367;0.27344;0.2832;0.29297;0.30273;0.3125;0.32227;0.33203;0.3418;0.35156;0.36133;0.37109;0.38086;0.39063;0.40039;0.41016;0.41992;0.42969;0.43945;0.44922;0.45898;0.46875;0.47852;0.48828;0.49805;0.50781;0.51758;0.52734;0.53711;0.54688;0.55664;0.56641;0.57617;0.58594;0.5957;0.60547;0.61523;0.625;0.63477;0.64453;0.6543;0.66406;0.67383;0.68359;0.69336;0.70313;0.71289;0.72266;0.73242;0.74219;0.75195;0.76172;0.77148;0.78125;0.79102,0.0006819840000000001;0.00280064;0.003892224;0.0025118719999999996;0.004787200000000001;0.010943488000000001;0.01543168;0.012084224;0.007576576;0.010508288000000001;0.013943808;0.014395392;0.007794688;0.00681984;0.006226944;0.003936256;0.003612672;0.0038502399999999996;0.0029952000000000004;0.004000768;0.0038993920000000002;0.002588672;0.0023838720000000004;0.002306048;0.0035348480000000006;0.003982336;0.003663872;0.002691072;0.002254848;0.002592768;0.001816576;0.002286592;0.00134144;0.0011212799999999999;0.001263616;0.0010199039999999999;0.001107968;0.0014847999999999999;0.001913856;0.0022394880000000004;0.003074048;0.0023848959999999996;0.00203776;0.0021227520000000003;0.0021411840000000004;0.0015493120000000002;0.001035264;0.0008366080000000001;0.0009625599999999999;0.00077824;0.000610304;0.0010752000000000001;0.001015808;0.000744448;0.000625664;0.000566272;0.000492544;0.000384;0.000468992;0.000411648;0.00037888;0.000350208;0.000371712;0.000284672;0.000274432;0.000188416;0.00021913599999999998;0.000205824;0.000191488;0.000305152;0.000237568;0.00017100799999999997;0.00015462400000000002;0.00014335999999999998;0.000176128;0.000162816;0.000152576;0.000167936;0.000176128
1789908300,hdr,0.0293;0.03906;0.04883;0.05859;0.06836;0.07813;0.08789;0.09766;0.10742;0.11719;0.12695;0.13672;0.14648;0.15625;0.16602;0.17578;0.18555;0.19531;0.20508;0.21484;0.22461;0.23438;0.24414;0.25391;0.26367;0.27344;0.2832;0.29297;0.30273;0.3125;0.32227;0.33203;0.3418;0.35156;0.36133;0.37109;0.38086;0.39063;0.40039;0.41016;0.41992;0.42969;0.43945;0.44922;0.45898;0.46875;0.47852;0.48828;0.49805;0.50781;0.51758;0.52734;0.53711;0.54688;0.55664;0.56641;0.57617;0.58594;0.5957;0.60547;0.61523;0.625;0.63477;0.64453;0.6543;0.66406;0.67383;0.68359;0.69336;0.70313;0.71289;0.72266;0.73242;0.74219;0.75195;0.76172;0.77148;0.78125;0.79102,0.000274432;0.00165888;0.001874944;0.000879616;0.00221696;0.008152063999999999;0.018917376;0.011300864;0.006242304;0.005594112;0.009781248;0.017258495999999998;0.012227584000000001;0.005470208000000001;0.006610944;0.0059985920000000005;0.00556544;0.004508671999999999;0.00431104;0.0027883520000000005;0.003365888;0.004787200000000001;0.0037222400000000004;0.001649664;0.0016732160000000002;0.0043182080000000005;0.004150272;0.0036505599999999997;0.00236544;0.001890304;0.003470336;0.003282944;0.003656704;0.0024576;0.002226176;0.0024330239999999998;0.0020930559999999994;0.00155648;0.001234944;0.0021964800000000002;0.0017336320000000001;0.001534976;0.0012165119999999999;0.001441792;0.0016302080000000002;0.001957888;0.001634304;0.0015206400000000002;0.001065984;0.00073216;0.000950272;0.0008622079999999999;0.00062464;0.001374208;0.001570816;0.0010455039999999998;0.0007168;0.00057856;0.00064512;0.0006952960000000001;0.0007936;0.001021952;0.00072704;0.000507904;0.000347136;0.00038912;0.00035942400000000006;0.000324608;0.00030924800000000003;0.000275456;0.00021504000000000003;0.00025088;0.00023961599999999998;0.000175104;0.000142336;7.782399999999999e-05;0.000116736;0.00011776000000000001;0.000105472
1789910100,hdr,0.0293;0.03906;0.04883;0.05859;0.06836;0.07813;0.08789;0.09766;0.10742;0.11719;0.12695;0.13672;0.14648;0.15625;0.16602;0.17578;0.18555;0.19531;0.20508;0.21484;0.22461;0.23438;0.24414;0.25391;0.26367;0.27344;0.2832;0.29297;0.30273;0.3125;0.32227;0.33203;0.3418;0.35156;0.36133;0.37109;0.38086;0.39063;0.40039;0.41016;0.41992;0.42969;0.43945;0.44922;0.45898;0.46875;0.47852;0.48828;0.49805;0.50781;0.51758;0.52734;0.53711;0.54688;0.55664;0.56641;0.57617;0.58594;0.5957;0.60547;0.61523;0.625;0.63477;0.64453;0.6543;0.66406;0.67383;0.68359;0.69336;0.70313;0.71289;0.72266;0.73242;0.74219;0.75195;0.76172;0.77148;0.78125;0.79102,0.000647168;0.00067584;0.000345088;0.0006830079999999999;0.001910784;0.0044953599999999995;0.005950464;0.007703552000000001;0.005270527999999999;0.00758272;0.011124736000000001;0.011616256;0.009163776;0.003172352;0.004919296;0.004877312;0.007422976;0.005007360000000001;0.005315584000000001;0.005255168;0.003866624;0.004042752;0.0029265919999999996;0.001548288;0.001461248;0.001639424;0.001523712;0.001352704;0.00208896;0.002241536;0.0031784960000000003;0.005121024;0.0055808;0.004523008;0.0046223359999999995;0.0047144959999999994;0.0021504000000000002;0.001992704;0.0016404479999999999;0.000661504;0.000590848;0.001333248;0.001637376;0.0012195840000000001;0.001026048;0.001174528;0.00080384;0.0012165119999999999;0.001887232;0.001027072;0.00093696;0.00101376;0.000827392;0.0008355839999999999;0.001096704;0.000903168;0.0008765439999999999;0.001110016;0.00080384;0.000723968;0.000898048;0.000964608;0.0008335360000000001;0.0006021119999999999;0.0004915200000000001;0.00046796800000000003;0.000555008;0.000625664;0.0005888;0.0005703679999999999;0.000218112;0.00032870400000000003;0.00027033600000000004;0.000234496;0.000248832;0.000244736;0.00018124799999999998;0.00016896;0.000200704
1789911000,hdr,0.0293;0.03906;0.04883;0.05859;0.06836;0.07813;0.08789;0.09766;0.10742;0.11719;0.12695;0.13672;0.14648;0.15625;0.16602;0.17578;0.18555;0.19531;0.20508;0.21484;0.22461;0.23438;0.24414;0.25391;0.26367;0.27344;0.2832;0.29297;0.30273;0.3125;0.32227;0.33203;0.3418;0.35156;0.36133;0.37109;0.38086;0.39063;0.40039;0.41016;0.41992;0.42969;0.43945;0.44922;0.45898;0.46875;0.47852;0.48828;0.49805;0.50781;0.51758;0.52734;0.53711;0.54688;0.55664;0.56641;0.57617;0.58594;0.5957;0.60547;0.61523;0.625;0.63477;0.64453;0.6543;0.66406;0.67383;0.68359;0.69336;0.70313;0.71289;0.72266;0.73242;0.74219;0.75195;0.76172;0.77148;0.78125;0.79102,0.0017674240000000003;0.000688128;0.0006737919999999999;0.004603904000000001;0.007991296;0.011338752;0.016395264;0.009899007999999999;0.005522432;0.006925312;0.007645184;0.006378496;0.0062976;0.0057088;0.007018496;0.005301248000000001;0.004040704;0.005278720000000001;0.003232768;0.0021862400000000003;0.002300928;0.0033146879999999997;0.003597312;0.0026900479999999996;0.001436672;0.00159232;0.001410048;0.0009564160000000001;0.000620544;0.000995328;0.00187392;0.002071552;0.002405376;0.003429376;0.002265088;0.004015104;0.004994048000000001;0.0024494079999999997;0.001446912;0.0014991359999999999;0.0020500479999999996;0.0012687360000000001;0.000790528;0.000888832;0.0009420800000000001;0.000877568;0.0011448320000000001;0.0009738240000000001;0.001102848;0.00103424;0.001032192;0.000692224;0.0008652800000000001;0.00101888;0.0007884799999999999;0.0007075839999999999;0.00089088;0.000638976;0.000406528;0.00049664;0.0005857280000000001;0.000493568;0.000625664;0.000561152;0.00049664;0.000580608;0.000463872;0.000382976;0.00041676800000000003;0.0003328;0.000258048;0.0003328;0.000331776;0.00039628799999999996;0.000372736;0.00044544;0.00036966399999999996;0.00023961599999999998;0.00022016
1789911900,hdr,0.0293;0.03906;0.04883;0.05859;0.06836;0.07813;0.08789;0.09766;0.10742;0.11719;0.12695;0.13672;0.14648;0.15625;0.16602;0.17578;0.18555;0.19531;0.20508;0.21484;0.22461;0.23438;0.24414;0.25391;0.26367;0.27344;0.2832;0.29297;0.30273;0.3125;0.32227;0.33203;0.3418;0.35156;0.36133;0.37109;0.38086;0.39063;0.40039;0.41016;0.41992;0.42969;0.43945;0.44922;0.45898;0.46875;0.47852;0.48828;0.49805;0.50781;0.51758;0.52734;0.53711;0.54688;0.55664;0.56641;0.57617;0.58594;0.5957;0.60547;0.61523;0.625;0.63477;0.64453;0.6543;0.66406;0.67383;0.68359;0.69336;0.70313;0.71289;0.72266;0.73242;0.74219;0.75195;0.76172;0.77148;0.78125;0.79102,0.004088832;0.00405504;0.0022528;0.0028385280000000003;0.005916672;0.013751296;0.012804096;0.007733248;0.006923263999999999;0.0069847039999999996;0.014885887999999998;0.016487424;0.010068992;0.007824384;0.006803456;0.006395903999999999;0.0056002560000000005;0.00398848;0.004408319999999999;0.004186111999999999;0.005326848;0.005479424;0.004440064;0.004317184;0.0028692479999999996;0.0017489920000000002;0.001615872;0.001185792;0.001089536;0.001114112;0.003026944;0.0031016959999999997;0.00275456;0.00176128;0.001763328;0.002382848;0.002138112;0.003685376;0.004284416;0.00370688;0.002354176;0.00188928;0.0021288960000000003;0.002199552;0.00190976;0.00137728;0.0013660159999999998;0.001166336;0.001110016;0.0015953919999999997;0.0017408;0.0014827520000000002;0.001232896;0.00111104;0.001364992;0.001958912;0.0016302080000000002;0.001695744;0.001758208;0.00116224;0.0006656;0.000688128;0.000852992;0.001152;0.000770048;0.00064512;0.000507904;0.000535552;0.00045056;0.0005007359999999999;0.000726016;0.00063488;0.0007014399999999999;0.000785408;0.000841728;0.000740352;0.0008837120000000001;0.00077312;0.00121344
1789912800,hdr,0.0293;0.03906;0.04883;0.05859;0.06836;0.07813;0.08789;0.09766;0.10742;0.11719;0.12695;0.13672;0.14648;0.15625;0.16602;0.17578;0.18555;0.19531;0.20508;0.21484;0.22461;0.23438;0.24414;0.25391;0.26367;0.27344;0.2832;0.29297;0.30273;0.3125;0.32227;0.33203;0.3418;0.35156;0.36133;0.37109;0.38086;0.39063;0.40039;0.41016;0.41992;0.42969;0.43945;0.44922;0.45898;0.46875;0.47852;0.48828;0.49805;0.50781;0.51758;0.52734;0.53711;0.54688;0.55664;0.56641;0.57617;0.58594;0.5957;0.60547;0.61523;0.625;0.63477;0.64453;0.6543;0.66406;0.67383;0.68359;0.69336;0.70313;0.71289;0.72266;0.73242;0.74219;0.75195;0.76172;0.77148;0.78125;0.79102,0.006687744000000001;0.011078656000000001;0.008331264;0.009261056;0.009074688000000001;0.013906944;0.017129472000000003;0.0076032;0.005750784000000001;0.008220672;0.008266752;0.012165120000000001;0.008296448;0.004169728;0.004516864;0.006028288;0.007617536;0.005573631999999999;0.006699008;0.006273024;0.004020223999999999;0.003566592;0.002435072;0.00274432;0.002277376;0.003917824;0.003862528;0.001995776;0.001309696;0.001826816;0.0018882559999999998;0.001726464;0.002143232;0.0013393919999999998;0.000909312;0.000817152;0.001307648;0.001226752;0.000888832;0.001015808;0.002299904;0.002149376;0.001763328;0.001610752;0.0013424640000000002;0.001345536;0.000945152;0.0009144320000000001;0.001298432;0.001426432;0.001257472;0.00175104;0.0017971200000000001;0.0011776;0.00145408;0.001746944;0.0008304639999999999;0.000984064;0.001086464;0.001359872;0.0018841600000000002;0.001729536;0.000964608;0.001855488;0.001601536;0.001959936;0.000823296;0.001271808;0.001942528;0.002250752;0.00278016;0.002956288;0.001989632;0.001534976;0.001193984;0.001558528;0.002354176;0.001325056;0.001247232
1789913700,hdr,0.0293;0.03906;0.04883;0.05859;0.06836;0.07813;0.08789;0.09766;0.10742;0.11719;0.12695;0.13672;0.14648;0.15625;0.16602;0.17578;0.18555;0.19531;0.20508;0.21484;0.22461;0.23438;0.24414;0.25391;0.26367;0.27344;0.2832;0.29297;0.30273;0.3125;0.32227;0.33203;0.3418;0.35156;0.36133;0.37109;0.38086;0.39063;0.40039;0.41016;0.41992;0.42969;0.43945;0.44922;0.45898;0.46875;0.47852;0.48828;0.49805;0.50781;0.51758;0.52734;0.53711;0.54688;0.55664;0.56641;0.57617;0.58594;0.5957;0.60547;0.61523;0.625;0.63477;0.64453;0.6543;0.66406;0.67383;0.68359;0.69336;0.70313;0.71289;0.72266;0.73242;0.74219;0.75195;0.76172;0.77148;0.78125;0.79102,0.0034488319999999998;0.007330816;0.007220224;0.0038789120000000004;0.005691392;0.013900800000000001;0.017329152;0.010885120000000002;0.005813247999999999;0.008996864;0.008425472;0.008829952;0.005997568;0.003652608;0.004426751999999999;0.004769791999999999;0.005321728;0.004082688;0.004633600000000001;0.005434368;0.004631552;0.004276224;0.002737152;0.002763776;0.0030289920000000003;0.0029061119999999998;0.001579008;0.0018513919999999999;0.0017479680000000001;0.0016424959999999998;0.0014919679999999998;0.0010291200000000001;0.0011048960000000002;0.001180672;0.000796672;0.00042291200000000006;0.0007106559999999999;0.000989184;0.001058816;0.0006840319999999999;0.0006184960000000001;0.0015144960000000002;0.001248256;0.001158144;0.002251776;0.002613248;0.00193024;0.001040384;0.001626112;0.001627136;0.0007464960000000001;0.000771072;0.00104448;0.001073152;0.0009768959999999999;0.000887808;0.00040755200000000004;0.0005324799999999999;0.00074752;0.001528832;0.00185344;0.001201152;0.001416192;0.002341888;0.001972224;0.001680384;0.001913856;0.002185216;0.00198144;0.001657856;0.00167936;0.0021534719999999996;0.003565568;0.0027105280000000002;0.0011007999999999999;0.00206848;0.0025139200000000002;0.001903616;0.0017889280000000002
1789914600,hdr,0.0293;0.03906;0.04883;0.05859;0.06836;0.07813;0.08789;0.09766;0.10742;0.11719;0.12695;0.13672;0.14648;0.15625;0.16602;0.17578;0.18555;0.19531;0.20508;0.21484;0.22461;0.23438;0.24414;0.25391;0.26367;0.27344;0.2832;0.29297;0.30273;0.3125;0.32227;0.33203;0.3418;0.35156;0.36133;0.37109;0.38086;0.39063;0.40039;0.41016;0.41992;0.42969;0.43945;0.44922;0.45898;0.46875;0.47852;0.48828;0.49805;0.50781;0.51758;0.52734;0.53711;0.54688;0.55664;0.56641;0.57617;0.58594;0.5957;0.60547;0.61523;0.625;0.63477;0.64453;0.6543;0.66406;0.67383;0.68359;0.69336;0.70313;0.71289;0.72266;0.73242;0.74219;0.75195;0.76172;0.77148;0.78125;0.79102,0.0059136;0.006280192;0.0045793280000000006;0.005192703999999999;0.007858176;0.011127808;0.016448512000000002;0.011185152;0.005403648;0.005582848;0.006423552;0.004359168000000001;0.006833152;0.006279168000000001;0.004973568;0.006484992;0.006919168;0.003136512;0.002494464;0.0038092800000000004;0.00480768;0.003378176;0.003620864;0.002960384;0.002915328;0.002477056;0.001400832;0.0017930239999999998;0.001317888;0.001056768;0.0014530559999999999;0.001563648;0.0017408;0.001103872;0.001214464;0.001942528;0.001261568;0.001057792;0.001422336;0.0014817279999999999;0.0014458880000000002;0.00124928;0.0015452159999999999;0.001079296;0.0011212799999999999;0.00101376;0.0010833919999999999;0.0009973760000000001;0.00100352;0.0011202559999999998;0.000857088;0.000576512;0.000913408;0.00107008;0.001138688;0.000768;0.000937984;0.00119296;0.0009758719999999999;0.00088064;0.001127424;0.001098752;0.000760832;0.0011120639999999998;0.001393664;0.001232896;0.001338368;0.0015493120000000002;0.001846272;0.002374656;0.0010475520000000002;0.000779264;0.0017858560000000002;0.0025036800000000003;0.0023050239999999997;0.001655808;0.0014438399999999998;0.00153088;0.00158208
1789915500,hdr,0.0293;0.03906;0.04883;0.05859;0.06836;0.07813;0.08789;0.09766;0.10742;0.11719;0.12695;0.13672;0.14648;0.15625;0.16602;0.17578;0.18555;0.19531;0.20508;0.21484;0.22461;0.23438;0.24414;0.25391;0.26367;0.27344;0.2832;0.29297;0.30273;0.3125;0.32227;0.33203;0.3418;0.35156;0.36133;0.37109;0.38086;0.39063;0.40039;0.41016;0.41992;0.42969;0.43945;0.44922;0.45898;0.46875;0.47852;0.48828;0.49805;0.50781;0.51758;0.52734;0.53711;0.54688;0.55664;0.56641;0.57617;0.58594;0.5957;0.60547;0.61523;0.625;0.63477;0.64453;0.6543;0.66406;0.67383;0.68359;0.69336;0.70313;0.71289;0.72266;0.73242;0.74219;0.75195;0.76172;0.77148;0.78125;0.79102,0.005352448;0.006582272;0.007398399999999999;0.00614912;0.0074455039999999995;0.013624320000000002;0.021635072;0.011791359999999999;0.004399104;0.0067205120000000005;0.008240128000000001;0.007220224;0.0047790079999999995;0.005087232;0.004642816;0.002589696;0.0035696639999999997;0.0044748800000000005;0.004914176;0.0028989440000000005;0.00421888;0.0027320319999999997;0.00288256;0.003282944;0.0026286079999999997;0.001783808;0.001861632;0.00149504;0.0014458880000000002;0.001048576;0.0011161600000000002;0.001108992;0.0013056;0.001462272;0.001864704;0.0022067199999999997;0.001302528;0.0015872;0.0018513919999999999;0.0011704320000000001;0.00097792;0.00121344;0.0013895679999999999;0.0014878720000000001;0.00122368;0.0010946560000000003;0.0008048640000000001;0.0008069119999999999;0.0010086399999999999;0.000863232;0.000791552;0.000828416;0.000760832;0.001396736;0.0012646399999999998;0.0008366080000000001;0.001127424;0.001787904;0.001468416;0.000864256;0.000919552;0.001333248;0.0015103999999999999;0.0016097280000000002;0.00121344;0.002029568;0.00157184;0.0013926400000000001;0.0011735040000000001;0.001752064;0.0016650240000000002;0.0015953919999999997;0.00182272;0.001743872;0.001783808;0.00202752;0.001537024;0.0012554240000000002;0.001156096
1789916400,hdr,0.0293;0.03906;0.04883;0.05859;0.06836;0.07813;0.08789;0.09766;0.10742;0.11719;0.12695;0.13672;0.14648;0.15625;0.16602;0.17578;0.18555;0.19531;0.20508;0.21484;0.22461;0.23438;0.24414;0.25391;0.26367;0.27344;0.2832;0.29297;0.30273;0.3125;0.32227;0.33203;0.3418;0.35156;0.36133;0.37109;0.38086;0.39063;0.40039;0.41016;0.41992;0.42969;0.43945;0.44922;0.45898;0.46875;0.47852;0.48828;0.49805;0.50781;0.51758;0.52734;0.53711;0.54688;0.55664;0.56641;0.57617;0.58594;0.5957;0.60547;0.61523;0.625;0.63477;0.64453;0.6543;0.66406;0.67383;0.68359;0.69336;0.70313;0.71289;0.72266;0.73242;0.74219;0.75195;0.76172;0.77148;0.78125;0.79102,0.003001344;0.004558848;0.005890048;0.006438912000000001;0.0077189120000000005;0.013299712;0.026632192;0.017489920000000003;0.007723008;0.010681343999999999;0.008487936;0.003104768;0.00295424;0.002295808;0.002861056;0.003018752;0.003503104;0.00548352;0.006578176000000001;0.0058521599999999995;0.004348928;0.003667968;0.001672192;0.002167808;0.0022015999999999997;0.00242176;0.002245632;0.001898496;0.0023511039999999997;0.0012359679999999998;0.001309696;0.002332672;0.0015493120000000002;0.0009349119999999999;0.0011489279999999998;0.000791552;0.000754688;0.000769024;0.000986112;0.001079296;0.001359872;0.001125376;0.000590848;0.000590848;0.000800768;0.000897024;0.001118208;0.0012625919999999999;0.00137728;0.001333248;0.0013260799999999999;0.0015656959999999999;0.001166336;0.001248256;0.001579008;0.001422336;0.0018360320000000002;0.001583104;0.0020951040000000004;0.0008837120000000001;0.001138688;0.001038336;0.0013578239999999999;0.000896;0.0008867839999999999;0.00122368;0.0013690880000000003;0.0019169279999999998;0.001483776;0.0007976959999999999;0.000932864;0.000990208;0.000864256;0.001133568;0.0008509440000000001;0.000730112;0.0008622079999999999;0.000970752;0.0013148160000000001
1789917300,hdr,0.0293;0.03906;0.04883;0.05859;0.06836;0.07813;0.08789;0.09766;0.10742;0.11719;0.12695;0.13672;0.14648;0.15625;0.16602;0.17578;0.18555;0.19531;0.20508;0.21484;0.22461;0.23438;0.24414;0.25391;0.26367;0.27344;0.2832;0.29297;0.30273;0.3125;0.32227;0.33203;0.3418;0.35156;0.36133;0.37109;0.38086;0.39063;0.40039;0.41016;0.41992;0.42969;0.43945;0.44922;0.45898;0.46875;0.47852;0.48828;0.49805;0.50781;0.51758;0.52734;0.53711;0.54688;0.55664;0.56641;0.57617;0.58594;0.5957;0.60547;0.61523;0.625;0.63477;0.64453;0.6543;0.66406;0.67383;0.68359;0.69336;0.70313;0.71289;0.72266;0.73242;0.74219;0.75195;0.76172;0.77148;0.78125;0.79102,0.018424832;0.023842816;0.011513856;0.009068544;0.0126208;0.017990656000000004;0.025424896;0.0162048;0.008331264;0.005856256000000001;0.00632832;0.007374848;0.00413184;0.0030914560000000002;0.007468032;0.006117376;0.0035952639999999995;0.002981888;0.0038092800000000004;0.004396032;0.003412992;0.002883584;0.002409472;0.0027023359999999996;0.0015513600000000001;0.001130496;0.00133632;0.0010649599999999998;0.000979968;0.0017623040000000001;0.00183808;0.001425408;0.0009625599999999999;0.0012451839999999999;0.0012042239999999998;0.0013352960000000001;0.001400832;0.00150016;0.001451008;0.00101376;0.001225728;0.001383424;0.00105472;0.000577536;0.000795648;0.0011786239999999999;0.0009041920000000001;0.0008663039999999999;0.0005734399999999999;0.000601088;0.0006850560000000001;0.0008468480000000001;0.001117184;0.001069056;0.001021952;0.0008366080000000001;0.000753664;0.000676864;0.001156096;0.0013117439999999999;0.001021952;0.0008304639999999999;0.0006000640000000001;0.000743424;0.000543744;0.0007423999999999999;0.0006737919999999999;0.000538624;0.0005406720000000001;0.0006932479999999999;0.000651264;0.000656384;0.000817152;0.000514048;0.000617472;0.00061952;0.0003072;0.0006891520000000001;0.0010956800000000001
1789918200,hdr,0.0293;0.03906;0.04883;0.05859;0.06836;0.07813;0.08789;0.09766;0.10742;0.11719;0.12695;0.13672;0.14648;0.15625;0.16602;0.17578;0.18555;0.19531;0.20508;0.21484;0.22461;0.23438;0.24414;0.25391;0.26367;0.27344;0.2832;0.29297;0.30273;0.3125;0.32227;0.33203;0.3418;0.35156;0.36133;0.37109;0.38086;0.39063;0.40039;0.41016;0.41992;0.42969;0.43945;0.44922;0.45898;0.46875;0.47852;0.48828;0.49805;0.50781;0.51758;0.52734;0.53711;0.54688;0.55664;0.56641;0.57617;0.58594;0.5957;0.60547;0.61523;0.625;0.63477;0.64453;0.6543;0.66406;0.67383;0.68359;0.69336;0.70313;0.71289;0.72266;0.73242;0.74219;0.75195;0.76172;0.77148;0.78125;0.79102,0.011952128000000001;0.023851008;0.015838208;0.012453888;0.007115776000000001;0.004698112;0.009617408;0.00919552;0.009914368;0.009174016;0.007518207999999999;0.004703232;0.004098048000000001;0.00516096;0.005444607999999999;0.005152768;0.002874368;0.003264512;0.004553728;0.0030945279999999996;0.002546688;0.002630656;0.003557376;0.001430528;0.002776064;0.004299776;0.003002368;0.0015779840000000002;0.001682432;0.001286144;0.001313792;0.001447936;0.0015144960000000002;0.000927744;0.0006912;0.000502784;0.0006819840000000001;0.000646144;0.000847872;0.0010178560000000001;0.0010956800000000001;0.0013547519999999999;0.001079296;0.000984064;0.0009912319999999999;0.000643072;0.000908288;0.0012318720000000002;0.001009664;0.0008386559999999999;0.000826368;0.0008652800000000001;0.00088576;0.000780288;0.000661504;0.00052736;0.000617472;0.0007372800000000001;0.000658432;0.00044339199999999997;0.00043827199999999997;0.000555008;0.000534528;0.0005580800000000001;0.0007219199999999999;0.00061952;0.00043827199999999997;0.00048025600000000003;0.00045056;0.000605184;0.0005877759999999999;0.000652288;0.000843776;0.000553984;0.00052736;0.001016832;0.000702464;0.000451584;0.00028671999999999997
1789919100,hdr,0.0293;0.03906;0.04883;0.05859;0.06836;0.07813;0.08789;0.09766;0.10742;0.11719;0.12695;0.13672;0.14648;0.15625;0.16602;0.17578;0.18555;0.19531;0.20508;0.21484;0.22461;0.23438;0.24414;0.25391;0.26367;0.27344;0.2832;0.29297;0.30273;0.3125;0.32227;0.33203;0.3418;0.35156;0.36133;0.37109;0.38086;0.39063;0.40039;0.41016;0.41992;0.42969;0.43945;0.44922;0.45898;0.46875;0.47852;0.48828;0.49805;0.50781;0.51758;0.52734;0.53711;0.54688;0.55664;0.56641;0.57617;0.58594;0.5957;0.60547;0.61523;0.625;0.63477;0.64453;0.6543;0.66406;0.67383;0.68359;0.69336;0.70313;0.71289;0.72266;0.73242;0.74219;0.75195;0.76172;0.77148;0.78125;0.79102,0.0073728000000000005;0.013546496;0.012745728;0.006489088;0.003597312;0.01088;0.021429247999999998;0.016912384;0.006797312;0.008753152;0.010058752;0.006550528;0.003350528;0.003027968;0.00265728;0.003464192;0.0031774719999999998;0.00299008;0.004032511999999999;0.003818496;0.003401728;0.00408576;0.0023234560000000002;0.002138112;0.002245632;0.00190976;0.001604608;0.001476608;0.0023674879999999996;0.0020121600000000003;0.0029255680000000004;0.006823936;0.008824832;0.00548864;0.003274752;0.0015267839999999998;0.0013506560000000002;0.00134144;0.001265664;0.001876992;0.0013240320000000002;0.000924672;0.001016832;0.000703488;0.0006656;0.000771072;0.000984064;0.0007055360000000001;0.000730112;0.000668672;0.000702464;0.000459776;0.0007106559999999999;0.00037478399999999997;0.000398336;0.00042496;0.0007464960000000001;0.000596992;0.00047411199999999995;0.000799744;0.000852992;0.0006082559999999999;0.000992256;0.00051712;0.000444416;0.00063488;0.000505856;0.0006123519999999999;0.0004956159999999999;0.000502784;0.000395264;0.00051712;0.000626688;0.00049664;0.000380928;0.00039731200000000003;0.0005621760000000001;0.000594944;0.000734208
1789920000,hdr,0.0293;0.03906;0.04883;0.05859;0.06836;0.07813;0.08789;0.09766;0.10742;0.11719;0.12695;0.13672;0.14648;0.15625;0.16602;0.17578;0.18555;0.19531;0.20508;0.21484;0.22461;0.23438;0.24414;0.25391;0.26367;0.27344;0.2832;0.29297;0.30273;0.3125;0.32227;0.33203;0.3418;0.35156;0.36133;0.37109;0.38086;0.39063;0.40039;0.41016;0.41992;0.42969;0.43945;0.44922;0.45898;0.46875;0.47852;0.48828;0.49805;0.50781;0.51758;0.52734;0.53711;0.54688;0.55664;0.56641;0.57617;0.58594;0.5957;0.60547;0.61523;0.625;0.63477;0.64453;0.6543;0.66406;0.67383;0.68359;0.69336;0.70313;0.71289;0.72266;0.73242;0.74219;0.75195;0.76172;0.77148;0.78125;0.79102,0.0049633279999999995;0.011735039999999999;0.01452032;0.006299648;0.009586688;0.021806080000000002;0.023800831999999997;0.010697727999999998;0.010032128000000001;0.009545728000000002;0.012760064;0.005584896;0.004082688;0.004159487999999999;0.0043008000000000005;0.005173248;0.004054016;0.004580352000000001;0.003966976;0.004069376;0.005063679999999999;0.004660224;0.006016;0.0036577280000000003;0.0022528;0.0024330239999999998;0.0027852800000000002;0.003468288;0.002873344;0.001349632;0.0013424640000000002;0.002671616;0.004388863999999999;0.002369536;0.001275904;0.00122368;0.000913408;0.0011970559999999997;0.000795648;0.000692224;0.000867328;0.0009461760000000001;0.001101824;0.001503232;0.001212416;0.001028096;0.0008663039999999999;0.000543744;0.00041779199999999995;0.000636928;0.000720896;0.00091648;0.000555008;0.0004915200000000001;0.000561152;0.000812032;0.0007413760000000001;0.00035942400000000006;0.000484352;0.000756736;0.000653312;0.000497664;0.000526336;0.00059392;0.0005724160000000001;0.000561152;0.000525312;0.000456704;0.00050176;0.000605184;0.00089088;0.000932864;0.000668672;0.0006952960000000001;0.00067584;0.000908288;0.0006041600000000001;0.000521216;0.000505856
1789920900,hdr,0.0293;0.03906;0.04883;0.05859;0.06836;0.07813;0.08789;0.09766;0.10742;0.11719;0.12695;0.13672;0.14648;0.15625;0.16602;0.17578;0.18555;0.19531;0.20508;0.21484;0.22461;0.23438;0.24414;0.25391;0.26367;0.27344;0.2832;0.29297;0.30273;0.3125;0.32227;0.33203;0.3418;0.35156;0.36133;0.37109;0.38086;0.39063;0.40039;0.41016;0.41992;0.42969;0.43945;0.44922;0.45898;0.46875;0.47852;0.48828;0.49805;0.50781;0.51758;0.52734;0.53711;0.54688;0.55664;0.56641;0.57617;0.58594;0.5957;0.60547;0.61523;0.625;0.63477;0.64453;0.6543;0.66406;0.67383;0.68359;0.69336;0.70313;0.71289;0.72266;0.73242;0.74219;0.75195;0.76172;0.77148;0.78125;0.79102,0.009780224;0.016406528000000004;0.012495872000000002;0.008835072;0.014097407999999999;0.031840256000000004;0.047157248;0.023657472;0.010077184000000001;0.015292416;0.010235904;0.005355520000000001;0.00566784;0.003713024;0.004409344;0.00427008;0.0038696959999999997;0.005860352;0.006366208000000001;0.00541184;0.003332096;0.0024545279999999997;0.001538048;0.002250752;0.002118656;0.001426432;0.00241152;0.0025456639999999996;0.001632256;0.0017356799999999999;0.0018257920000000001;0.001243136;0.001009664;0.001250304;0.001329152;0.001032192;0.000907264;0.000772096;0.0009943039999999999;0.000750592;0.000759808;0.0009830400000000001;0.000765952;0.000606208;0.0005601279999999999;0.000545792;0.0007086080000000001;0.000774144;0.00059904;0.0007014399999999999;0.0006830079999999999;0.000756736;0.0009420800000000001;0.0009472;0.000663552;0.001040384;0.000968704;0.000717824;0.00062976;0.000652288;0.00059392;0.0005724160000000001;0.000510976;0.000387072;0.000494592;0.000736256;0.00068096;0.000418816;0.0004352;0.000398336;0.00044646400000000004;0.000489472;0.000653312;0.000712704;0.0007833599999999999;0.000723968;0.000720896;0.00062464;0.000528384
1789921800,hdr,0.0293;0.03906;0.04883;0.05859;0.06836;0.07813;0.08789;0.09766;0.10742;0.11719;0.12695;0.13672;0.14648;0.15625;0.16602;0.17578;0.18555;0.19531;0.20508;0.21484;0.22461;0.23438;0.24414;0.25391;0.26367;0.27344;0.2832;0.29297;0.30273;0.3125;0.32227;0.33203;0.3418;0.35156;0.36133;0.37109;0.38086;0.39063;0.40039;0.41016;0.41992;0.42969;0.43945;0.44922;0.45898;0.46875;0.47852;0.48828;0.49805;0.50781;0.51758;0.52734;0.53711;0.54688;0.55664;0.56641;0.57617;0.58594;0.5957;0.60547;0.61523;0.625;0.63477;0.64453;0.6543;0.66406;0.67383;0.68359;0.69336;0.70313;0.71289;0.72266;0.73242;0.74219;0.75195;0.76172;0.77148;0.78125;0.79102,0.010223616;0.008828928;0.005057536;0.006923263999999999;0.016436224;0.011998208;0.010628096;0.011071488;0.008604672;0.006122496;0.004107264;0.003165184;0.0014592000000000001;0.003267584;0.004376576;0.00320512;0.00510464;0.00513536;0.005695488;0.006144;0.002924544;0.004588544;0.008342528;0.00477696;0.004178944;0.002589696;0.001913856;0.001496064;0.0026009600000000003;0.00290304;0.001257472;0.001490944;0.001775616;0.001069056;0.000714752;0.001098752;0.0016220159999999998;0.0012523519999999998;0.000896;0.001118208;0.000861184;0.000702464;0.001074176;0.0010291200000000001;0.0008366080000000001;0.000632832;0.00040448000000000003;0.0005959680000000001;0.000671744;0.00064;0.0005959680000000001;0.0006993920000000001;0.0007976959999999999;0.0007014399999999999;0.00052736;0.0005703679999999999;0.0005468159999999999;0.000565248;0.0005959680000000001;0.000603136;0.000514048;0.000566272;0.000539648;0.000520192;0.000457728;0.0005724160000000001;0.000525312;0.000663552;0.000567296;0.0005632;0.00047923199999999995;0.000945152;0.000868352;0.000663552;0.0007249919999999999;0.001156096;0.001330176;0.00088064;0.0007086080000000001
1789922700,hdr,0.0293;0.03906;0.04883;0.05859;0.06836;0.07813;0.08789;0.09766;0.10742;0.11719;0.12695;0.13672;0.14648;0.15625;0.16602;0.17578;0.18555;0.19531;0.20508;0.21484;0.22461;0.23438;0.24414;0.25391;0.26367;0.27344;0.2832;0.29297;0.30273;0.3125;0.32227;0.33203;0.3418;0.35156;0.36133;0.37109;0.38086;0.39063;0.40039;0.41016;0.41992;0.42969;0.43945;0.44922;0.45898;0.46875;0.47852;0.48828;0.49805;0.50781;0.51758;0.52734;0.53711;0.54688;0.55664;0.56641;0.57617;0.58594;0.5957;0.60547;0.61523;0.625;0.63477;0.64453;0.6543;0.66406;0.67383;0.68359;0.69336;0.70313;0.71289;0.72266;0.73242;0.74219;0.75195;0.76172;0.77148;0.78125;0.79102,0.009959424000000001;0.014505984;0.01652736;0.009807871999999999;0.010974208000000001;0.020231168;0.02013696;0.012457984;0.00961536;0.013151232;0.012921855999999999;0.009400320000000002;0.005223424;0.004806656;0.003605504;0.0037724160000000002;0.005537792;0.0040294400000000005;0.002799616;0.004132864;0.002499584;0.0020633599999999998;0.002080768;0.002817024;0.002888704;0.0019230719999999998;0.0017684480000000002;0.00170496;0.0028897280000000003;0.003914752;0.002528256;0.001969152;0.002361344;0.002265088;0.0021606399999999997;0.001728512;0.0018012159999999998;0.001442816;0.001875968;0.0014233599999999998;0.000748544;0.0008345599999999999;0.001176576;0.0008488959999999999;0.00070656;0.0008355839999999999;0.00088576;0.000799744;0.00059904;0.000452608;0.00044646400000000004;0.000763904;0.0008355839999999999;0.0007946240000000001;0.000759808;0.000864256;0.000907264;0.000842752;0.0008663039999999999;0.0007168;0.000679936;0.0006830079999999999;0.000513024;0.00047820800000000004;0.0006819840000000001;0.0009584639999999999;0.000740352;0.000659456;0.000534528;0.0007557120000000001;0.000768;0.0005703679999999999;0.0010956800000000001;0.00109056;0.0012646399999999998;0.000630784;0.00087552;0.000776192;0.001106944
1789923600,hdr,0.0293;0.03906;0.04883;0.05859;0.06836;0.07813;0.08789;0.09766;0.10742;0.11719;0.12695;0.13672;0.14648;0.15625;0.16602;0.17578;0.18555;0.19531;0.20508;0.21484;0.22461;0.23438;0.24414;0.25391;0.26367;0.27344;0.2832;0.29297;0.30273;0.3125;0.32227;0.33203;0.3418;0.35156;0.36133;0.37109;0.38086;0.39063;0.40039;0.41016;0.41992;0.42969;0.43945;0.44922;0.45898;0.46875;0.47852;0.48828;0.49805;0.50781;0.51758;0.52734;0.53711;0.54688;0.55664;0.56641;0.57617;0.58594;0.5957;0.60547;0.61523;0.625;0.63477;0.64453;0.6543;0.66406;0.67383;0.68359;0.69336;0.70313;0.71289;0.72266;0.73242;0.74219;0.75195;0.76172;0.77148;0.78125;0.79102,0.013886464;0.020129791999999997;0.027209728;0.02390528;0.01086464;0.012154880000000002;0.015269887999999999;0.0076595199999999995;0.006545408;0.006829056;0.0067604480000000005;0.005056512;0.004798464;0.004239359999999999;0.004513791999999999;0.004530176;0.002799616;0.003493888;0.004611072;0.005640192;0.0046970879999999994;0.0027320319999999997;0.002566144;0.004067328;0.004459520000000001;0.00306176;0.003308544;0.002792448;0.002092032;0.0020981759999999998;0.0015851519999999998;0.001380352;0.000953344;0.0010721279999999999;0.0018237440000000002;0.001238016;0.0015165439999999999;0.0014028799999999998;0.001835008;0.00117248;0.0013680639999999998;0.002300928;0.0011601919999999998;0.00059904;0.000687104;0.000656384;0.000733184;0.000753664;0.000606208;0.000365568;0.000550912;0.000466944;0.000525312;0.000740352;0.000605184;0.000345088;0.000526336;0.0008867839999999999;0.0006952960000000001;0.0005416959999999999;0.000816128;0.000922624;0.00096768;0.0009041920000000001;0.000454656;0.000545792;0.0006082559999999999;0.000385024;0.000429056;0.00062976;0.0007976959999999999;0.0007372800000000001;0.000770048;0.000544768;0.000485376;0.00065536;0.000633856;0.0006123519999999999;0.000605184
1789924500,hdr,0.0293;0.03906;0.04883;0.05859;0.06836;0.07813;0.08789;0.09766;0.10742;0.11719;0.12695;0.13672;0.14648;0.15625;0.16602;0.17578;0.18555;0.19531;0.20508;0.21484;0.22461;0.23438;0.24414;0.25391;0.26367;0.27344;0.2832;0.29297;0.30273;0.3125;0.32227;0.33203;0.3418;0.35156;0.36133;0.37109;0.38086;0.39063;0.40039;0.41016;0.41992;0.42969;0.43945;0.44922;0.45898;0.46875;0.47852;0.48828;0.49805;0.50781;0.51758;0.52734;0.53711;0.54688;0.55664;0.56641;0.57617;0.58594;0.5957;0.60547;0.61523;0.625;0.63477;0.64453;0.6543;0.66406;0.67383;0.68359;0.69336;0.70313;0.71289;0.72266;0.73242;0.74219;0.75195;0.76172;0.77148;0.78125;0.79102,0.009134080000000001;0.016483328000000002;0.015729663999999997;0.012551168;0.019333120000000002;0.0261632;0.026860544;0.009055232;0.005190656;0.006376448000000001;0.00662016;0.004990975999999999;0.0034908160000000003;0.002651136;0.0033372160000000005;0.0028620800000000004;0.0035010560000000002;0.005387264;0.005192703999999999;0.0055080960000000005;0.005496832;0.003883008;0.0023889920000000004;0.002451456;0.00377344;0.004083712000000001;0.0029491200000000004;0.002302976;0.002464768;0.0039034879999999997;0.003446784;0.0023920639999999997;0.001688576;0.0023439359999999996;0.0014796800000000001;0.0014028799999999998;0.0021452800000000003;0.0017397760000000002;0.0013260799999999999;0.0009482239999999999;0.000888832;0.0014192640000000002;0.000879616;0.0011284479999999998;0.0015769599999999999;0.0009543679999999999;0.000745472;0.001000448;0.000756736;0.000427008;0.00047411199999999995;0.000740352;0.00052736;0.000324608;0.0006696959999999999;0.000576512;0.000549888;0.00045056;0.000319488;0.000510976;0.000539648;0.0005959680000000001;0.000372736;0.000521216;0.000576512;0.000529408;0.000635904;0.000529408;0.00054272;0.000434176;0.000514048;0.00063488;0.000569344;0.00047923199999999995;0.00061952;0.0008560640000000001;0.000736256;0.000702464;0.00063488
1789925400,hdr,0.0293;0.03906;0.04883;0.05859;0.06836;0.07813;0.08789;0.09766;0.10742;0.11719;0.12695;0.13672;0.14648;0.15625;0.16602;0.17578;0.18555;0.19531;0.20508;0.21484;0.22461;0.23438;0.24414;0.25391;0.26367;0.27344;0.2832;0.29297;0.30273;0.3125;0.32227;0.33203;0.3418;0.35156;0.36133;0.37109;0.38086;0.39063;0.40039;0.41016;0.41992;0.42969;0.43945;0.44922;0.45898;0.46875;0.47852;0.48828;0.49805;0.50781;0.51758;0.52734;0.53711;0.54688;0.55664;0.56641;0.57617;0.58594;0.5957;0.60547;0.61523;0.625;0.63477;0.64453;0.6543;0.66406;0.67383;0.68359;0.69336;0.70313;0.71289;0.72266;0.73242;0.74219;0.75195;0.76172;0.77148;0.78125;0.79102,0.015492096;0.02451968;0.027139072;0.020725760000000003;0.014622719999999999;0.016607232;0.010671103999999999;0.00623616;0.009232384;0.008743935999999999;0.005623808;0.005898240000000001;0.004342784;0.002806784;0.0025610240000000003;0.003151872;0.0039649279999999995;0.003175424;0.005914623999999999;0.0046970879999999994;0.002615296;0.0022814719999999997;0.0021606399999999997;0.00285696;0.003115008;0.0041564160000000005;0.004870144;0.003096576;0.0039649279999999995;0.004588544;0.003779584;0.002377728;0.0025077759999999998;0.001527808;0.001754112;0.001373184;0.0008663039999999999;0.001038336;0.0012912639999999999;0.0008458240000000001;0.000790528;0.000761856;0.000791552;0.0006952960000000001;0.000668672;0.000896;0.000868352;0.000504832;0.000620544;0.000515072;0.000388096;0.00043110399999999997;0.000412672;0.000515072;0.000559104;0.0004352;0.00047718399999999996;0.000525312;0.0005754880000000001;0.00046592000000000004;0.000401408;0.000789504;0.0006819840000000001;0.00032256;0.000249856;0.00044646400000000004;0.00047616000000000005;0.00046592000000000004;0.000548864;0.000577536;0.00047411199999999995;0.000557056;0.000524288;0.000441344;0.00046489599999999996;0.00046592000000000004;0.000702464;0.000401408;0.000483328
1789926300,hdr,0.0293;0.03906;0.04883;0.05859;0.06836;0.07813;0.08789;0.09766;0.10742;0.11719;0.12695;0.13672;0.14648;0.15625;0.16602;0.17578;0.18555;0.19531;0.20508;0.21484;0.22461;0.23438;0.24414;0.25391;0.26367;0.27344;0.2832;0.29297;0.30273;0.3125;0.32227;0.33203;0.3418;0.35156;0.36133;0.37109;0.38086;0.39063;0.40039;0.41016;0.41992;0.42969;0.43945;0.44922;0.45898;0.46875;0.47852;0.48828;0.49805;0.50781;0.51758;0.52734;0.53711;0.54688;0.55664;0.56641;0.57617;0.58594;0.5957;0.60547;0.61523;0.625;0.63477;0.64453;0.6543;0.66406;0.67383;0.68359;0.69336;0.70313;0.71289;0.72266;0.73242;0.74219;0.75195;0.76172;0.77148;0.78125;0.79102,0.008372223999999998;0.024514559999999998;0.019846144;0.020395008000000003;0.023333888000000004;0.027899904;0.018598912;0.008761343999999999;0.007469056000000001;0.00716288;0.008232960000000001;0.0062924800000000005;0.00538624;0.003412992;0.004518912;0.00431104;0.002809856;0.00290816;0.003728384;0.004081664;0.00375808;0.003273728;0.002280448;0.001798144;0.002184192;0.003658752;0.0039055360000000003;0.00211456;0.003908608;0.0033382399999999997;0.003728384;0.004391936000000001;0.003428352;0.002921472;0.001915904;0.0011714560000000002;0.0020172799999999998;0.001765376;0.00083968;0.0006696959999999999;0.000654336;0.000679936;0.000610304;0.00050176;0.00055296;0.00052736;0.000774144;0.000679936;0.000406528;0.00048742400000000003;0.00068096;0.0005754880000000001;0.00046796800000000003;0.00032768;0.000366592;0.0005847039999999999;0.000420864;0.000372736;0.000566272;0.0006789119999999999;0.00064;0.00047308800000000003;0.00035942400000000006;0.000408576;0.0005416959999999999;0.000387072;0.000391168;0.00039628799999999996;0.00040243200000000004;0.0007772160000000001;0.00046796800000000003;0.00042291200000000006;0.000688128;0.000698368;0.0006225919999999999;0.000772096;0.0007086080000000001;0.000769024;0.000918528
1789927200,hdr,0.0293;0.03906;0.04883;0.05859;0.06836;0.07813;0.08789;0.09766;0.10742;0.11719;0.12695;0.13672;0.14648;0.15625;0.16602;0.17578;0.18555;0.19531;0.20508;0.21484;0.22461;0.23438;0.24414;0.25391;0.26367;0.27344;0.2832;0.29297;0.30273;0.3125;0.32227;0.33203;0.3418;0.35156;0.36133;0.37109;0.38086;0.39063;0.40039;0.41016;0.41992;0.42969;0.43945;0.44922;0.45898;0.46875;0.47852;0.48828;0.49805;0.50781;0.51758;0.52734;0.53711;0.54688;0.55664;0.56641;0.57617;0.58594;0.5957;0.60547;0.61523;0.625;0.63477;0.64453;0.6543;0.66406;0.67383;0.68359;0.69336;0.70313;0.71289;0.72266;0.73242;0.74219;0.75195;0.76172;0.77148;0.78125;0.79102,0.0041472;0.012414976;0.011091967999999999;0.004652032;0.0060958720000000004;0.01511936;0.0146432;0.005271552;0.008237056000000001;0.0079616;0.006248447999999999;0.004924416;0.005279743999999999;0.004527104;0.00321024;0.004122624;0.003605504;0.003816448;0.003644416;0.0026685439999999997;0.002673664;0.0031569919999999995;0.003352576;0.0025139200000000002;0.0026419199999999994;0.0036095999999999997;0.003070976;0.0020981759999999998;0.003629056;0.0045056;0.00358912;0.002373632;0.003364864;0.0032583679999999998;0.00336896;0.0024156159999999998;0.0013701120000000002;0.0011632640000000002;0.001035264;0.001057792;0.0013004800000000001;0.0009543679999999999;0.000666624;0.000577536;0.0005580800000000001;0.0006973439999999999;0.00041062399999999995;0.00023859199999999998;0.000318464;0.000466944;0.0005089280000000001;0.000330752;0.00041676800000000003;0.000413696;0.000415744;0.0006144;0.000408576;0.000698368;0.000648192;0.0007280640000000001;0.000770048;0.00047923199999999995;0.000412672;0.0006502400000000001;0.0004884479999999999;0.000525312;0.000720896;0.000534528;0.000646144;0.00059904;0.000651264;0.000647168;0.000553984;0.0008222720000000001;0.0010946560000000003;0.001053696;0.0006830079999999999;0.000990208;0.0009359360000000001
1789928100,hdr,0.0293;0.03906;0.04883;0.05859;0.06836;0.07813;0.08789;0.09766;0.10742;0.11719;0.12695;0.13672;0.14648;0.15625;0.16602;0.17578;0.18555;0.19531;0.20508;0.21484;0.22461;0.23438;0.24414;0.25391;0.26367;0.27344;0.2832;0.29297;0.30273;0.3125;0.32227;0.33203;0.3418;0.35156;0.36133;0.37109;0.38086;0.39063;0.40039;0.41016;0.41992;0.42969;0.43945;0.44922;0.45898;0.46875;0.47852;0.48828;0.49805;0.50781;0.51758;0.52734;0.53711;0.54688;0.55664;0.56641;0.57617;0.58594;0.5957;0.60547;0.61523;0.625;0.63477;0.64453;0.6543;0.66406;0.67383;0.68359;0.69336;0.70313;0.71289;0.72266;0.73242;0.74219;0.75195;0.76172;0.77148;0.78125;0.79102,0.009261056;0.013391871999999999;0.01575936;0.01142784;0.010098688;0.013498367999999998;0.012118016000000002;0.007506944;0.004237312;0.003452928;0.005168128000000001;0.005139456;0.0028057599999999996;0.002241536;0.002622464;0.003986432;0.005450752;0.006614016;0.005914623999999999;0.005792768;0.006514687999999999;0.005608448;0.003892224;0.003810304;0.003605504;0.004569088;0.0048128;0.005878784;0.005414912;0.005990400000000001;0.005880831999999999;0.004332544000000001;0.0026941440000000003;0.0022353919999999997;0.0022476799999999997;0.0028999679999999997;0.0022323200000000003;0.0015452159999999999;0.00169472;0.00083968;0.0008335360000000001;0.001293312;0.000908288;0.00082944;0.000918528;0.000868352;0.00041676800000000003;0.00040960000000000004;0.00042803200000000007;0.00046284799999999997;0.000421888;0.000282624;0.00044544;0.000621568;0.000659456;0.00062976;0.000606208;0.00051712;0.000463872;0.00042803200000000007;0.00037478399999999997;0.000382976;0.000395264;0.000642048;0.000623616;0.00036966399999999996;0.00036147200000000005;0.00034099200000000003;0.000350208;0.000427008;0.00047616000000000005;0.0004352;0.00062976;0.0006277120000000001;0.0005560319999999999;0.00047411199999999995;0.00057856;0.0005888;0.000702464
1789929000,hdr,0.0293;0.03906;0.04883;0.05859;0.06836;0.07813;0.08789;0.09766;0.10742;0.11719;0.12695;0.13672;0.14648;0.15625;0.16602;0.17578;0.18555;0.19531;0.20508;0.21484;0.22461;0.23438;0.24414;0.25391;0.26367;0.27344;0.2832;0.29297;0.30273;0.3125;0.32227;0.33203;0.3418;0.35156;0.36133;0.37109;0.38086;0.39063;0.40039;0.41016;0.41992;0.42969;0.43945;0.44922;0.45898;0.46875;0.47852;0.48828;0.49805;0.50781;0.51758;0.52734;0.53711;0.54688;0.55664;0.56641;0.57617;0.58594;0.5957;0.60547;0.61523;0.625;0.63477;0.64453;0.6543;0.66406;0.67383;0.68359;0.69336;0.70313;0.71289;0.72266;0.73242;0.74219;0.75195;0.76172;0.77148;0.78125;0.79102,0.007709696;0.007584768;0.008792064;0.007275520000000001;0.009375743999999998;0.010771456;0.011118591999999998;0.007629824;0.007558144;0.005528576;0.004810752;0.006769664;0.004332544000000001;0.0016138239999999998;0.002799616;0.003728384;0.003511296;0.00542208;0.005184512;0.00534528;0.0041113600000000005;0.002967552;0.00397824;0.00515584;0.004073472;0.003756032;0.003451904;0.0042885119999999995;0.005367808;0.004302848;0.0032501760000000005;0.004332544000000001;0.004687871999999999;0.003974144;0.0020244480000000003;0.001833984;0.002258944;0.0017684480000000002;0.001016832;0.0009144320000000001;0.001536;0.0014632959999999998;0.0011694079999999998;0.0010455039999999998;0.0007290879999999999;0.000843776;0.000786432;0.0005560319999999999;0.0007280640000000001;0.001134592;0.000933888;0.000888832;0.000642048;0.000381952;0.00043008000000000006;0.0005416959999999999;0.00045568;0.000561152;0.000406528;0.000183296;0.000316416;0.00040448000000000003;0.00042496;0.00043827199999999997;0.00044544;0.00030412799999999997;0.00033894400000000004;0.00035328;0.0004352;0.000454656;0.000759808;0.00035942400000000006;0.000264192;0.000318464;0.00036147200000000005;0.000448512;0.00043110399999999997;0.000406528;0.000719872
1789929900,hdr,0.0293;0.03906;0.04883;0.05859;0.06836;0.07813;0.08789;0.09766;0.10742;0.11719;0.12695;0.13672;0.14648;0.15625;0.16602;0.17578;0.18555;0.19531;0.20508;0.21484;0.22461;0.23438;0.24414;0.25391;0.26367;0.27344;0.2832;0.29297;0.30273;0.3125;0.32227;0.33203;0.3418;0.35156;0.36133;0.37109;0.38086;0.39063;0.40039;0.41016;0.41992;0.42969;0.43945;0.44922;0.45898;0.46875;0.47852;0.48828;0.49805;0.50781;0.51758;0.52734;0.53711;0.54688;0.55664;0.56641;0.57617;0.58594;0.5957;0.60547;0.61523;0.625;0.63477;0.64453;0.6543;0.66406;0.67383;0.68359;0.69336;0.70313;0.71289;0.72266;0.73242;0.74219;0.75195;0.76172;0.77148;0.78125;0.79102,0.00955904;0.016615424;0.008512511999999998;0.007137279999999999;0.010908672;0.019681280000000002;0.024228864000000003;0.01632768;0.006687744000000001;0.005671936;0.009952256;0.011158528000000001;0.005583872;0.003306496;0.003745792;0.002116608;0.001763328;0.004071424000000001;0.003795968;0.007448576;0.008566784;0.0054312959999999995;0.0042536959999999995;0.0046469120000000004;0.005273600000000001;0.0068608;0.004535295999999999;0.004644864;0.00653312;0.005902336;0.0035717120000000003;0.003923968;0.002312192;0.003104768;0.003191808;0.004822015999999999;0.005456896000000001;0.002208768;0.002475008;0.003390464;0.004015104;0.0025364479999999997;0.002066432;0.0017858560000000002;0.0009625599999999999;0.00046080000000000003;0.000812032;0.001220608;0.000881664;0.0005642239999999999;0.00084992;0.00062976;0.0005621760000000001;0.00047206399999999996;0.000698368;0.000842752;0.000854016;0.000733184;0.000510976;0.00047001599999999997;0.000666624;0.00041779199999999995;0.00029900799999999997;0.00036761599999999997;0.00042803200000000007;0.000393216;0.00030924800000000003;0.00048742400000000003;0.00074752;0.00041984;0.00029081600000000006;0.00031232;0.000406528;0.000434176;0.00047308800000000003;0.000313344;0.00032256;0.000391168;0.00032870400000000003
1789930800,hdr,0.0293;0.03906;0.04883;0.05859;0.06836;0.07813;0.08789;0.09766;0.10742;0.11719;0.12695;0.13672;0.14648;0.15625;0.16602;0.17578;0.18555;0.19531;0.20508;0.21484;0.22461;0.23438;0.24414;0.25391;0.26367;0.27344;0.2832;0.29297;0.30273;0.3125;0.32227;0.33203;0.3418;0.35156;0.36133;0.37109;0.38086;0.39063;0.40039;0.41016;0.41992;0.42969;0.43945;0.44922;0.45898;0.46875;0.47852;0.48828;0.49805;0.50781;0.51758;0.52734;0.53711;0.54688;0.55664;0.56641;0.57617;0.58594;0.5957;0.60547;0.61523;0.625;0.63477;0.64453;0.6543;0.66406;0.67383;0.68359;0.69336;0.70313;0.71289;0.72266;0.73242;0.74219;0.75195;0.76172;0.77148;0.78125;0.79102,0.00444416;0.007829504;0.009030656000000001;0.008054783999999999;0.009826304;0.015685631999999998;0.016239616000000002;0.00645632;0.006255616;0.008733695999999999;0.011836415999999999;0.01240064;0.003958784;0.002172928;0.002123776;0.002444288;0.003509248;0.006610944;0.004390912;0.004844544;0.003997696;0.007693312;0.007396352;0.0045322240000000005;0.004690944000000001;0.004174848;0.005000192;0.004472832;0.006291456;0.0072284160000000005;0.00715264;0.003866624;0.0025251839999999998;0.002852864;0.003680256;0.002307072;0.0021964800000000002;0.00214016;0.002547712;0.0022241279999999997;0.001092608;0.001077248;0.00064512;0.0007249919999999999;0.001078272;0.001152;0.00109056;0.0011048960000000002;0.001088512;0.0009144320000000001;0.000601088;0.000638976;0.000896;0.000745472;0.000633856;0.000687104;0.00076288;0.0009482239999999999;0.000717824;0.000590848;0.000518144;0.0005376000000000001;0.00068608;0.00073216;0.000408576;0.000606208;0.0006819840000000001;0.000787456;0.001206272;0.000968704;0.0004884479999999999;0.0005304320000000001;0.000843776;0.0006082559999999999;0.000531456;0.000628736;0.00082432;0.0007925759999999999;0.00038912
1789931700,hdr,0.0293;0.03906;0.04883;0.05859;0.06836;0.07813;0.08789;0.09766;0.10742;0.11719;0.12695;0.13672;0.14648;0.15625;0.16602;0.17578;0.18555;0.19531;0.20508;0.21484;0.22461;0.23438;0.24414;0.25391;0.26367;0.27344;0.2832;0.29297;0.30273;0.3125;0.32227;0.33203;0.3418;0.35156;0.36133;0.37109;0.38086;0.39063;0.40039;0.41016;0.41992;0.42969;0.43945;0.44922;0.45898;0.46875;0.47852;0.48828;0.49805;0.50781;0.51758;0.52734;0.53711;0.54688;0.55664;0.56641;0.57617;0.58594;0.5957;0.60547;0.61523;0.625;0.63477;0.64453;0.6543;0.66406;0.67383;0.68359;0.69336;0.70313;0.71289;0.72266;0.73242;0.74219;0.75195;0.76172;0.77148;0.78125;0.79102,0.00935936;0.013359104000000002;0.007311359999999999;0.007330816;0.014987263999999998;0.026401792;0.021584896;0.008240128000000001;0.003323904;0.0025610240000000003;0.0068751360000000004;0.0053504;0.00221696;0.001091584;0.000996352;0.001998848;0.002514944;0.005272576;0.010191872;0.0078336;0.0063549439999999995;0.008137727999999999;0.011671552;0.013329408000000001;0.01322496;0.009597952;0.010418176000000001;0.008365056;0.00565248;0.006752256;0.0053288960000000005;0.003832832;0.004870144;0.0028426239999999998;0.0018411519999999998;0.00178688;0.002873344;0.0020951040000000004;0.0014376960000000002;0.001234944;0.0015892480000000001;0.001905664;0.001513472;0.0011427840000000002;0.001214464;0.0010721279999999999;0.0007116799999999999;0.001348608;0.00144896;0.000801792;0.000796672;0.0006778880000000001;0.000750592;0.000816128;0.000809984;0.001009664;0.000663552;0.0006574080000000001;0.000607232;0.00062464;0.00047206399999999996;0.000504832;0.000565248;0.000692224;0.000538624;0.0006123519999999999;0.000731136;0.000690176;0.0008663039999999999;0.0011909120000000001;0.0008458240000000001;0.001077248;0.000965632;0.0005703679999999999;0.000704512;0.0008355839999999999;0.000872448;0.00080384;0.001084416
1789932600,hdr,0.0293;0.03906;0.04883;0.05859;0.06836;0.07813;0.08789;0.09766;0.10742;0.11719;0.12695;0.13672;0.14648;0.15625;0.16602;0.17578;0.18555;0.19531;0.20508;0.21484;0.22461;0.23438;0.24414;0.25391;0.26367;0.27344;0.2832;0.29297;0.30273;0.3125;0.32227;0.33203;0.3418;0.35156;0.36133;0.37109;0.38086;0.39063;0.40039;0.41016;0.41992;0.42969;0.43945;0.44922;0.45898;0.46875;0.47852;0.48828;0.49805;0.50781;0.51758;0.52734;0.53711;0.54688;0.55664;0.56641;0.57617;0.58594;0.5957;0.60547;0.61523;0.625;0.63477;0.64453;0.6543;0.66406;0.67383;0.68359;0.69336;0.70313;0.71289;0.72266;0.73242;0.74219;0.75195;0.76172;0.77148;0.78125;0.79102,0.009213952000000001;0.013207552;0.0076820479999999995;0.011274240000000001;0.017486848;0.028256256;0.0267264;0.011618304;0.007071744;0.010812416000000002;0.013618176;0.011308032;0.005641216;0.003141632;0.0037836799999999998;0.00267264;0.0029491200000000004;0.0055705600000000004;0.012698624;0.011272192;0.00951808;0.011309056000000001;0.011524096;0.011879424000000001;0.011489280000000001;0.010476543999999999;0.009097216;0.009460736;0.007954431999999999;0.004975616;0.002362368;0.002762752;0.003477504;0.004037632;0.003931136;0.002390016;0.001610752;0.0013639680000000001;0.001641472;0.001803264;0.0022272;0.002112512;0.001672192;0.001860608;0.001509376;0.0010762240000000002;0.0011837439999999998;0.0009543679999999999;0.000545792;0.00108544;0.0013240320000000002;0.001277952;0.000878592;0.0008192000000000001;0.000939008;0.001052672;0.000898048;0.000690176;0.000827392;0.001030144;0.001548288;0.000878592;0.0007096320000000001;0.000965632;0.00061952;0.000692224;0.000638976;0.000912384;0.0007976959999999999;0.0008212479999999999;0.000779264;0.000823296;0.001226752;0.0008622079999999999;0.0007843840000000001;0.001097728;0.00074752;0.00084992;0.000764928
1789933500,hdr,0.0293;0.03906;0.04883;0.05859;0.06836;0.07813;0.08789;0.09766;0.10742;0.11719;0.12695;0.13672;0.14648;0.15625;0.16602;0.17578;0.18555;0.19531;0.20508;0.21484;0.22461;0.23438;0.24414;0.25391;0.26367;0.27344;0.2832;0.29297;0.30273;0.3125;0.32227;0.33203;0.3418;0.35156;0.36133;0.37109;0.38086;0.39063;0.40039;0.41016;0.41992;0.42969;0.43945;0.44922;0.45898;0.46875;0.47852;0.48828;0.49805;0.50781;0.51758;0.52734;0.53711;0.54688;0.55664;0.56641;0.57617;0.58594;0.5957;0.60547;0.61523;0.625;0.63477;0.64453;0.6543;0.66406;0.67383;0.68359;0.69336;0.70313;0.71289;0.72266;0.73242;0.74219;0.75195;0.76172;0.77148;0.78125;0.79102,0.005087232;0.010971136000000001;0.014483456;0.016607232;0.009572352000000001;0.031502336;0.033267712;0.009003008;0.005641216;0.005006336;0.008086527999999999;0.006363135999999999;0.003708928;0.002904064;0.002824192;0.00324096;0.0026490879999999995;0.00358912;0.005676032;0.0059238400000000005;0.009739264000000001;0.012009472;0.012485632000000002;0.018572288;0.022959104;0.018195456;0.014111744;0.013796352000000001;0.010075136;0.007538687999999999;0.0048363519999999995;0.003270656;0.0031703039999999997;0.0036474880000000004;0.003416064;0.00241152;0.0017766400000000001;0.002603008;0.00200192;0.0018483199999999999;0.001778688;0.0012646399999999998;0.00108544;0.000807936;0.0006993920000000001;0.0008488959999999999;0.001092608;0.00126976;0.00068608;0.001193984;0.001436672;0.001214464;0.000918528;0.000913408;0.0010516479999999999;0.001201152;0.001403904;0.0014592000000000001;0.0011264;0.0008222720000000001;0.001193984;0.000871424;0.00065536;0.0013793280000000002;0.0014151679999999999;0.0009973760000000001;0.0011509760000000002;0.0016691199999999998;0.0015185919999999998;0.0008366080000000001;0.000896;0.0009594880000000001;0.000700416;0.000858112;0.000872448;0.00103424;0.001042432;0.001087488;0.00090624
1789934400,hdr,0.0293;0.03906;0.04883;0.05859;0.06836;0.07813;0.08789;0.09766;0.10742;0.11719;0.12695;0.13672;0.14648;0.15625;0.16602;0.17578;0.18555;0.19531;0.20508;0.21484;0.22461;0.23438;0.24414;0.25391;0.26367;0.27344;0.2832;0.29297;0.30273;0.3125;0.32227;0.33203;0.3418;0.35156;0.36133;0.37109;0.38086;0.39063;0.40039;0.41016;0.41992;0.42969;0.43945;0.44922;0.45898;0.46875;0.47852;0.48828;0.49805;0.50781;0.51758;0.52734;0.53711;0.54688;0.55664;0.56641;0.57617;0.58594;0.5957;0.60547;0.61523;0.625;0.63477;0.64453;0.6543;0.66406;0.67383;0.68359;0.69336;0.70313;0.71289;0.72266;0.73242;0.74219;0.75195;0.76172;0.77148;0.78125;0.79102,0.011548672000000001;0.01816064;0.011398144;0.00790528;0.008963072;0.011961344;0.016333824;0.008891392;0.008906751999999999;0.005382144;0.009924607999999998;0.008226816;0.005639168;0.005531647999999999;0.004446208000000001;0.0025210880000000003;0.00352256;0.003422208;0.005058559999999999;0.007359487999999999;0.010047487999999999;0.012550144000000001;0.015610879999999999;0.027799551999999998;0.021678080000000002;0.01923584;0.017580032;0.012174336000000001;0.008563712000000001;0.00410624;0.005323776;0.006198272;0.005158912;0.003278848;0.002036736;0.001984512;0.001181696;0.001457152;0.002205696;0.001461248;0.001106944;0.0009943039999999999;0.001186816;0.001143808;0.001165312;0.0013148160000000001;0.0012994559999999998;0.00103424;0.0005959680000000001;0.000831488;0.0011202559999999998;0.001048576;0.0011786239999999999;0.001267712;0.0015411200000000002;0.001227776;0.000823296;0.000805888;0.000933888;0.001030144;0.001189888;0.00122368;0.0012912639999999999;0.0011796480000000002;0.001102848;0.00107008;0.001325056;0.002014208;0.001199104;0.0009973760000000001;0.0015964160000000002;0.0015431680000000001;0.0009574399999999999;0.000654336;0.000879616;0.0011776;0.000982016;0.000950272;0.000700416
1789935300,hdr,0.0293;0.03906;0.04883;0.05859;0.06836;0.07813;0.08789;0.09766;0.10742;0.11719;0.12695;0.13672;0.14648;0.15625;0.16602;0.17578;0.18555;0.19531;0.20508;0.21484;0.22461;0.23438;0.24414;0.25391;0.26367;0.27344;0.2832;0.29297;0.30273;0.3125;0.32227;0.33203;0.3418;0.35156;0.36133;0.37109;0.38086;0.39063;0.40039;0.41016;0.41992;0.42969;0.43945;0.44922;0.45898;0.46875;0.47852;0.48828;0.49805;0.50781;0.51758;0.52734;0.53711;0.54688;0.55664;0.56641;0.57617;0.58594;0.5957;0.60547;0.61523;0.625;0.63477;0.64453;0.6543;0.66406;0.67383;0.68359;0.69336;0.70313;0.71289;0.72266;0.73242;0.74219;0.75195;0.76172;0.77148;0.78125;0.79102,0.00298496;0.006505472;0.004417536;0.006444032000000001;0.015028224;0.014304256000000001;0.010724352;0.011833344;0.008981504;0.006881280000000001;0.013285376;0.00871424;0.004166656;0.003236864;0.002637824;0.003144704;0.0029992960000000003;0.004072447999999999;0.006557696;0.007379968;0.008634368;0.011984896;0.022023168;0.025475072;0.01944064;0.009044992;0.00953856;0.013846527999999999;0.009393152;0.005864448;0.005059584;0.004013055999999999;0.00384512;0.004000768;0.0025139200000000002;0.002195456;0.001631232;0.001472512;0.00157184;0.001292288;0.00089088;0.000653312;0.0013475839999999998;0.00185344;0.00231936;0.001769472;0.001358848;0.00123392;0.001010688;0.001079296;0.001038336;0.001542144;0.001304576;0.000786432;0.0008345599999999999;0.0009349119999999999;0.001033216;0.001241088;0.001180672;0.001139712;0.001102848;0.000745472;0.00081408;0.001053696;0.000978944;0.000968704;0.001000448;0.0011694079999999998;0.001590272;0.0011919360000000002;0.001251328;0.000910336;0.00064512;0.0005642239999999999;0.0009574399999999999;0.001316864;0.0009431040000000001;0.0006154239999999999;0.0005847039999999999
1789936200,hdr,0.0293;0.03906;0.04883;0.05859;0.06836;0.07813;0.08789;0.09766;0.10742;0.11719;0.12695;0.13672;0.14648;0.15625;0.16602;0.17578;0.18555;0.19531;0.20508;0.21484;0.22461;0.23438;0.24414;0.25391;0.26367;0.27344;0.2832;0.29297;0.30273;0.3125;0.32227;0.33203;0.3418;0.35156;0.36133;0.37109;0.38086;0.39063;0.40039;0.41016;0.41992;0.42969;0.43945;0.44922;0.45898;0.46875;0.47852;0.48828;0.49805;0.50781;0.51758;0.52734;0.53711;0.54688;0.55664;0.56641;0.57617;0.58594;0.5957;0.60547;0.61523;0.625;0.63477;0.64453;0.6543;0.66406;0.67383;0.68359;0.69336;0.70313;0.71289;0.72266;0.73242;0.74219;0.75195;0.76172;0.77148;0.78125;0.79102,0.008508416000000001;0.011119616;0.012114943999999999;0.008674304;0.007796736;0.011123712;0.013004799999999999;0.008345599999999998;0.012167167999999999;0.01493504;0.016158719999999998;0.014574592;0.010155008;0.0064665600000000005;0.003526656;0.0019537919999999998;0.002563072;0.0047216639999999995;0.007716864;0.015026175999999999;0.015676416;0.013515776;0.01573888;0.019761151999999997;0.039912447999999996;0.036702208;0.02088448;0.00991232;0.012054528;0.00771072;0.006975488;0.006590464;0.006294528;0.0048660479999999996;0.004108288;0.00247808;0.001984512;0.00261632;0.002067456;0.0013240320000000002;0.0019773440000000002;0.001507328;0.001431552;0.001901568;0.001746944;0.001928192;0.001446912;0.001755136;0.0015779840000000002;0.0012288;0.000837632;0.0013240320000000002;0.001199104;0.001256448;0.000912384;0.000905216;0.001058816;0.0009615359999999999;0.0010465279999999997;0.00047104000000000004;0.00052224;0.0005560319999999999;0.0007014399999999999;0.001057792;0.000712704;0.0008325120000000001;0.00097792;0.000949248;0.0009717759999999999;0.000842752;0.0008867839999999999;0.0008366080000000001;0.000580608;0.001053696;0.001138688;0.000642048;0.000717824;0.000559104;0.000646144
1789937100,hdr,0.0293;0.03906;0.04883;0.05859;0.06836;0.07813;0.08789;0.09766;0.10742;0.11719;0.12695;0.13672;0.14648;0.15625;0.16602;0.17578;0.18555;0.19531;0.20508;0.21484;0.22461;0.23438;0.24414;0.25391;0.26367;0.27344;0.2832;0.29297;0.30273;0.3125;0.32227;0.33203;0.3418;0.35156;0.36133;0.37109;0.38086;0.39063;0.40039;0.41016;0.41992;0.42969;0.43945;0.44922;0.45898;0.46875;0.47852;0.48828;0.49805;0.50781;0.51758;0.52734;0.53711;0.54688;0.55664;0.56641;0.57617;0.58594;0.5957;0.60547;0.61523;0.625;0.63477;0.64453;0.6543;0.66406;0.67383;0.68359;0.69336;0.70313;0.71289;0.72266;0.73242;0.74219;0.75195;0.76172;0.77148;0.78125;0.79102,0.0064;0.012489727999999999;0.010073088;0.007363584000000001;0.010412032;0.011441152;0.00977408;0.008421376;0.01024;0.013832191999999998;0.010071040000000002;0.0060037120000000005;0.006428672;0.0036321279999999997;0.0023439359999999996;0.002484224;0.0020500479999999996;0.003209216;0.007960576;0.008766464;0.014667776;0.017058815999999997;0.022236160000000005;0.022293504;0.01499648;0.01237504;0.015830016;0.0146176;0.010492928;0.00867328;0.005916672;0.003161088;0.0025405440000000005;0.002767872;0.004214784;0.0019394560000000002;0.0020951040000000004;0.002101248;0.001615872;0.001774592;0.0022538239999999998;0.0016302080000000002;0.001462272;0.00178688;0.00183296;0.002609152;0.002880512;0.002107392;0.001288192;0.001086464;0.0010014719999999998;0.001460224;0.001963008;0.001435648;0.0016128;0.001460224;0.001476608;0.0018595839999999998;0.0014376960000000002;0.002023424;0.002089984;0.001222656;0.001174528;0.001166336;0.0010752000000000001;0.0010608640000000001;0.0008089600000000001;0.000917504;0.001118208;0.000668672;0.00043110399999999997;0.00041984;0.000863232;0.000987136;0.0010956800000000001;0.0008601600000000001;0.00045568;0.000594944;0.00079872
1789938000,hdr,0.0293;0.03906;0.04883;0.05859;0.06836;0.07813;0.08789;0.09766;0.10742;0.11719;0.12695;0.13672;0.14648;0.15625;0.16602;0.17578;0.18555;0.19531;0.20508;0.21484;0.22461;0.23438;0.24414;0.25391;0.26367;0.27344;0.2832;0.29297;0.30273;0.3125;0.32227;0.33203;0.3418;0.35156;0.36133;0.37109;0.38086;0.39063;0.40039;0.41016;0.41992;0.42969;0.43945;0.44922;0.45898;0.46875;0.47852;0.48828;0.49805;0.50781;0.51758;0.52734;0.53711;0.54688;0.55664;0.56641;0.57617;0.58594;0.5957;0.60547;0.61523;0.625;0.63477;0.64453;0.6543;0.66406;0.67383;0.68359;0.69336;0.70313;0.71289;0.72266;0.73242;0.74219;0.75195;0.76172;0.77148;0.78125;0.79102,0.002105344;0.0030300159999999995;0.004787200000000001;0.006156287999999999;0.010870784;0.022747136;0.02192384;0.007949312;0.006450175999999999;0.009575423999999999;0.009587712;0.007488512;0.006883327999999999;0.005277696;0.004146176;0.00468992;0.005895167999999999;0.006585344;0.008793088;0.013810688;0.01780736;0.022951936000000003;0.039891968;0.042283008000000004;0.028544;0.028962816;0.018563071999999996;0.010934272;0.008564736000000002;0.00868864;0.006185984;0.003081216;0.00339456;0.003785728;0.003587072;0.0029839359999999995;0.0033105920000000002;0.0023930880000000002;0.00178688;0.001968128;0.001729536;0.0009768959999999999;0.00129024;0.002413568;0.001727488;0.000950272;0.001277952;0.001533952;0.000949248;0.000927744;0.00131072;0.0014151679999999999;0.0011161600000000002;0.0009287680000000001;0.0013680639999999998;0.0013824;0.0016609279999999999;0.001657856;0.001769472;0.001396736;0.001007616;0.0009482239999999999;0.000985088;0.000617472;0.001057792;0.001117184;0.0008447999999999999;0.001050624;0.00099328;0.0011601919999999998;0.001035264;0.0009625599999999999;0.0008366080000000001;0.0007393279999999999;0.0008488959999999999;0.000858112;0.0008069119999999999;0.000758784;0.000827392
1789938900,hdr,0.0293;0.03906;0.04883;0.05859;0.06836;0.07813;0.08789;0.09766;0.10742;0.11719;0.12695;0.13672;0.14648;0.15625;0.16602;0.17578;0.18555;0.19531;0.20508;0.21484;0.22461;0.23438;0.24414;0.25391;0.26367;0.27344;0.2832;0.29297;0.30273;0.3125;0.32227;0.33203;0.3418;0.35156;0.36133;0.37109;0.38086;0.39063;0.40039;0.41016;0.41992;0.42969;0.43945;0.44922;0.45898;0.46875;0.47852;0.48828;0.49805;0.50781;0.51758;0.52734;0.53711;0.54688;0.55664;0.56641;0.57617;0.58594;0.5957;0.60547;0.61523;0.625;0.63477;0.64453;0.6543;0.66406;0.67383;0.68359;0.69336;0.70313;0.71289;0.72266;0.73242;0.74219;0.75195;0.76172;0.77148;0.78125;0.79102,0.002852864;0.0035205120000000004;0.0044103680000000004;0.0046346239999999995;0.006185984;0.015446016;0.008272895999999998;0.007866368;0.009583616;0.015627264000000002;0.018537472000000003;0.014571520000000001;0.011608064;0.007436288;0.0039055360000000003;0.001659904;0.002967552;0.0055582719999999995;0.008610815999999999;0.012817407999999999;0.017393664;0.030296064;0.04232192;0.040244224;0.037102592000000004;0.021926912;0.006893568;0.009054208;0.013650944000000002;0.008243200000000001;0.006752256;0.007841792;0.004927488000000001;0.002777088;0.003182592;0.0026398719999999997;0.0027381760000000006;0.00298496;0.0018636800000000002;0.0015267839999999998;0.00225792;0.0021944319999999996;0.0017326079999999998;0.0016384000000000001;0.001158144;0.0009318400000000001;0.0011448320000000001;0.001512448;0.0013905920000000002;0.001422336;0.001708032;0.000968704;0.0011919360000000002;0.001460224;0.0016435199999999999;0.001251328;0.0013219840000000002;0.0015452159999999999;0.000897024;0.00163328;0.00178688;0.0012554240000000002;0.001088512;0.00178176;0.001989632;0.001483776;0.00134144;0.001404928;0.001682432;0.00152576;0.00169472;0.001865728;0.0024811519999999995;0.0012318720000000002;0.000903168;0.0011755519999999998;0.001426432;0.001531904;0.001091584
1789939800,hdr,0.0293;0.03906;0.04883;0.05859;0.06836;0.07813;0.08789;0.09766;0.10742;0.11719;0.12695;0.13672;0.14648;0.15625;0.16602;0.17578;0.18555;0.19531;0.20508;0.21484;0.22461;0.23438;0.24414;0.25391;0.26367;0.27344;0.2832;0.29297;0.30273;0.3125;0.32227;0.33203;0.3418;0.35156;0.36133;0.37109;0.38086;0.39063;0.40039;0.41016;0.41992;0.42969;0.43945;0.44922;0.45898;0.46875;0.47852;0.48828;0.49805;0.50781;0.51758;0.52734;0.53711;0.54688;0.55664;0.56641;0.57617;0.58594;0.5957;0.60547;0.61523;0.625;0.63477;0.64453;0.6543;0.66406;0.67383;0.68359;0.69336;0.70313;0.71289;0.72266;0.73242;0.74219;0.75195;0.76172;0.77148;0.78125;0.79102,0.009951232;0.008351744000000001;0.002353152;0.001284096;0.005123071999999999;0.016990208;0.013220864;0.0067655680000000004;0.00732672;0.009666560000000001;0.009737216;0.007066624;0.0059985920000000005;0.003158016;0.003218432;0.004139008;0.0053616639999999995;0.005985280000000001;0.006998015999999999;0.018157568000000002;0.030614528;0.030255103999999998;0.03731968;0.030943232;0.026436608;0.023033856;0.012650496;0.006562816;0.008426496;0.008225791999999999;0.007780352;0.004609024;0.005099520000000001;0.0040448;0.0032839680000000004;0.002806784;0.00392192;0.002387968;0.0019087359999999999;0.001586176;0.002026496;0.002353152;0.002448384;0.001024;0.001217536;0.001890304;0.0016435199999999999;0.0015953919999999997;0.002610176;0.0015892480000000001;0.0015063040000000002;0.0020357120000000003;0.002233344;0.001711104;0.001412096;0.0012359679999999998;0.001348608;0.0017121280000000003;0.0018923520000000001;0.002477056;0.001656832;0.001997824;0.001550336;0.0011735040000000001;0.0019087359999999999;0.001900544;0.001156096;0.0010516479999999999;0.0012001280000000002;0.001225728;0.0015687680000000001;0.00192;0.0017766400000000001;0.0012789759999999998;0.000734208;0.000922624;0.0015513600000000001;0.0012001280000000002;0.000802816
1789940700,hdr,0.0293;0.03906;0.04883;0.05859;0.06836;0.07813;0.08789;0.09766;0.10742;0.11719;0.12695;0.13672;0.14648;0.15625;0.16602;0.17578;0.18555;0.19531;0.20508;0.21484;0.22461;0.23438;0.24414;0.25391;0.26367;0.27344;0.2832;0.29297;0.30273;0.3125;0.32227;0.33203;0.3418;0.35156;0.36133;0.37109;0.38086;0.39063;0.40039;0.41016;0.41992;0.42969;0.43945;0.44922;0.45898;0.46875;0.47852;0.48828;0.49805;0.50781;0.51758;0.52734;0.53711;0.54688;0.55664;0.56641;0.57617;0.58594;0.5957;0.60547;0.61523;0.625;0.63477;0.64453;0.6543;0.66406;0.67383;0.68359;0.69336;0.70313;0.71289;0.72266;0.73242;0.74219;0.75195;0.76172;0.77148;0.78125;0.79102,0.0038860800000000005;0.008902656;0.007503872;0.008597504;0.0065740799999999995;0.009783296;0.008340479999999999;0.006279168000000001;0.009700352;0.013712384;0.017060864;0.01480192;0.00809984;0.005785599999999999;0.004150272;0.004769791999999999;0.005552128;0.004750336;0.010192895999999998;0.016868352000000003;0.024768512000000003;0.035261440000000005;0.023175168;0.034828288;0.030818304;0.009097216;0.011971584;0.010857472;0.006148096;0.0053340160000000005;0.00594432;0.007103487999999999;0.005474304;0.003885056;0.001846272;0.002861056;0.002725888;0.001466368;0.0012072959999999998;0.0017192959999999997;0.0025456639999999996;0.0031027200000000002;0.002768896;0.002809856;0.003265536;0.002514944;0.001872896;0.002707456;0.004427776;0.0037949439999999997;0.002671616;0.002436096;0.001959936;0.0013035520000000001;0.001532928;0.002217984;0.00209408;0.002466816;0.001668096;0.0025077759999999998;0.002110464;0.001461248;0.002168832;0.0034918399999999995;0.003065856;0.0018687999999999999;0.001741824;0.001831936;0.00244736;0.001803264;0.001657856;0.0017725439999999998;0.001214464;0.001604608;0.001271808;0.0006840319999999999;0.0011427840000000002;0.0009472;0.001005568
1789941600,hdr,0.0293;0.03906;0.04883;0.05859;0.06836;0.07813;0.08789;0.09766;0.10742;0.11719;0.12695;0.13672;0.14648;0.15625;0.16602;0.17578;0.18555;0.19531;0.20508;0.21484;0.22461;0.23438;0.24414;0.25391;0.26367;0.27344;0.2832;0.29297;0.30273;0.3125;0.32227;0.33203;0.3418;0.35156;0.36133;0.37109;0.38086;0.39063;0.40039;0.41016;0.41992;0.42969;0.43945;0.44922;0.45898;0.46875;0.47852;0.48828;0.49805;0.50781;0.51758;0.52734;0.53711;0.54688;0.55664;0.56641;0.57617;0.58594;0.5957;0.60547;0.61523;0.625;0.63477;0.64453;0.6543;0.66406;0.67383;0.68359;0.69336;0.70313;0.71289;0.72266;0.73242;0.74219;0.75195;0.76172;0.77148;0.78125;0.79102,0.0010833919999999999;0.002861056;0.00425472;0.00541696;0.0068679679999999995;0.012358655999999999;0.008922112000000001;0.00597504;0.009699328;0.01355264;0.016617471999999998;0.019969024000000002;0.012933120000000001;0.007615488;0.004559872;0.003912704;0.004546560000000001;0.005512192;0.007474175999999999;0.01143808;0.020810752000000002;0.027441152;0.036288511999999995;0.042080256;0.033696767999999995;0.02243584;0.017054720000000002;0.011099136;0.008576;0.005266432;0.004666368000000001;0.0056555519999999995;0.004883456;0.00361472;0.004040704;0.004066304;0.003067904;0.003823616;0.003857408;0.00252416;0.0020500479999999996;0.002143232;0.0022272;0.003224576;0.004037632;0.00327168;0.005764096000000001;0.005049344;0.002888704;0.0027095039999999997;0.004383743999999999;0.00451584;0.0018288640000000001;0.0023470080000000003;0.00251904;0.002868224;0.003810304;0.0019947520000000002;0.0017326079999999998;0.0024002560000000004;0.001692672;0.0012288;0.002390016;0.003511296;0.0026521599999999998;0.002061312;0.0019189760000000002;0.002200576;0.0016609279999999999;0.001282048;0.00141312;0.001805312;0.002260992;0.002029568;0.001152;0.001201152;0.0014858240000000002;0.001717248;0.00214016
1789942500,hdr,0.0293;0.03906;0.04883;0.05859;0.06836;0.07813;0.08789;0.09766;0.10742;0.11719;0.12695;0.13672;0.14648;0.15625;0.16602;0.17578;0.18555;0.19531;0.20508;0.21484;0.22461;0.23438;0.24414;0.25391;0.26367;0.27344;0.2832;0.29297;0.30273;0.3125;0.32227;0.33203;0.3418;0.35156;0.36133;0.37109;0.38086;0.39063;0.40039;0.41016;0.41992;0.42969;0.43945;0.44922;0.45898;0.46875;0.47852;0.48828;0.49805;0.50781;0.51758;0.52734;0.53711;0.54688;0.55664;0.56641;0.57617;0.58594;0.5957;0.60547;0.61523;0.625;0.63477;0.64453;0.6543;0.66406;0.67383;0.68359;0.69336;0.70313;0.71289;0.72266;0.73242;0.74219;0.75195;0.76172;0.77148;0.78125;0.79102,0.0026480640000000003;0.003953664;0.003744768;0.004069376;0.007955456;0.016549888;0.014216191999999999;0.006124544;0.003957759999999999;0.010385407999999999;0.011842560000000002;0.012669952000000002;0.008877056000000001;0.004922368;0.004032511999999999;0.00426496;0.004731904;0.00899584;0.015777792;0.017354752;0.044395519999999994;0.06455808;0.06619340800000001;0.049947648000000004;0.022943744;0.017328128;0.017047552;0.010363904;0.009308160000000001;0.0053248;0.004012032;0.0032942079999999994;0.003457024;0.0038021120000000003;0.005206016;0.004973568;0.003299328;0.0028436480000000003;0.002475008;0.002086912;0.00176128;0.003509248;0.003810304;0.0038932479999999998;0.0038307840000000003;0.0033925120000000003;0.002697216;0.005085184;0.0055480320000000005;0.003693568;0.004939776;0.004845568000000001;0.00466432;0.00353792;0.0033003520000000003;0.0033976320000000003;0.004043776000000001;0.004976639999999999;0.0043182080000000005;0.004269055999999999;0.004233216;0.003390464;0.003856384;0.00319488;0.002455552;0.0020121600000000003;0.0016087039999999999;0.002154496;0.0029982719999999997;0.002425856;0.0022272;0.003141632;0.0019251199999999998;0.00200192;0.0019527680000000001;0.0013117439999999999;0.001256448;0.0016404479999999999;0.001435648
1789943400,hdr,0.0293;0.03906;0.04883;0.05859;0.06836;0.07813;0.08789;0.09766;0.10742;0.11719;0.12695;0.13672;0.14648;0.15625;0.16602;0.17578;0.18555;0.19531;0.20508;0.21484;0.22461;0.23438;0.24414;0.25391;0.26367;0.27344;0.2832;0.29297;0.30273;0.3125;0.32227;0.33203;0.3418;0.35156;0.36133;0.37109;0.38086;0.39063;0.40039;0.41016;0.41992;0.42969;0.43945;0.44922;0.45898;0.46875;0.47852;0.48828;0.49805;0.50781;0.51758;0.52734;0.53711;0.54688;0.55664;0.56641;0.57617;0.58594;0.5957;0.60547;0.61523;0.625;0.63477;0.64453;0.6543;0.66406;0.67383;0.68359;0.69336;0.70313;0.71289;0.72266;0.73242;0.74219;0.75195;0.76172;0.77148;0.78125;0.79102,0.003714048;0.009708544;0.009650176;0.012340223999999999;0.013329408000000001;0.017394688;0.020946944;0.007276544000000001;0.005266432;0.006627328;0.015460352;0.017892352;0.01032192;0.003596288;0.0035399679999999997;0.003575808;0.0035850240000000005;0.004851712;0.00922624;0.014456832000000001;0.03268608;0.060209152;0.07915724799999999;0.075599872;0.039016447999999995;0.023176191999999998;0.021417984;0.00914432;0.00994816;0.006126591999999999;0.006586368;0.006907904;0.005651455999999999;0.00435712;0.004306943999999999;0.0030822400000000004;0.0035481600000000003;0.002617344;0.003625984;0.003529728;0.0031395840000000004;0.003852288;0.00309248;0.002806784;0.0038717440000000003;0.006336512;0.005774336000000001;0.004276224;0.004740096;0.005402624000000001;0.0063488;0.0064696319999999995;0.00413184;0.004633600000000001;0.004413439999999999;0.0040448;0.005929984;0.0038819839999999998;0.00272384;0.004139008;0.00533504;0.0035348480000000006;0.002179072;0.0019712;0.00316928;0.002269184;0.0029655040000000003;0.003209216;0.002697216;0.0023275519999999997;0.00291328;0.0026071040000000003;0.001558528;0.001826816;0.0015114240000000001;0.0015185919999999998;0.0015943679999999999;0.002089984;0.0020858880000000006
1789944300,hdr,0.0293;0.03906;0.04883;0.05859;0.06836;0.07813;0.08789;0.09766;0.10742;0.11719;0.12695;0.13672;0.14648;0.15625;0.16602;0.17578;0.18555;0.19531;0.20508;0.21484;0.22461;0.23438;0.24414;0.25391;0.26367;0.27344;0.2832;0.29297;0.30273;0.3125;0.32227;0.33203;0.3418;0.35156;0.36133;0.37109;0.38086;0.39063;0.40039;0.41016;0.41992;0.42969;0.43945;0.44922;0.45898;0.46875;0.47852;0.48828;0.49805;0.50781;0.51758;0.52734;0.53711;0.54688;0.55664;0.56641;0.57617;0.58594;0.5957;0.60547;0.61523;0.625;0.63477;0.64453;0.6543;0.66406;0.67383;0.68359;0.69336;0.70313;0.71289;0.72266;0.73242;0.74219;0.75195;0.76172;0.77148;0.78125;0.79102,0.0036014080000000004;0.00871424;0.009679871999999999;0.009004032;0.011023360000000001;0.012937215999999998;0.015591424;0.008453120000000001;0.005131264;0.005681152;0.010592256000000001;0.016436224;0.008039424;0.006214656;0.00547328;0.005651455999999999;0.005019648;0.008803328000000001;0.011108352;0.017275904;0.04105728;0.051316735999999995;0.031090688000000002;0.02656768;0.0267776;0.025345023999999997;0.015547392;0.01117184;0.009931776;0.00683008;0.006059008000000001;0.005369856000000001;0.003646464;0.004059136;0.00363008;0.003306496;0.0031928320000000005;0.00270336;0.0048762879999999995;0.004012032;0.005016576;0.005855232;0.0047615999999999995;0.004846592;0.00441856;0.005296128000000001;0.004774911999999999;0.0054138879999999995;0.003958784;0.003685376;0.005943296000000001;0.005929984;0.003470336;0.003454976;0.005977087999999999;0.0037396479999999995;0.00316416;0.003006464;0.00187904;0.001969152;0.0018257920000000001;0.0023336960000000006;0.002729984;0.0028303359999999997;0.002768896;0.003150848;0.002752512;0.0021534719999999996;0.0022487040000000002;0.0019947520000000002;0.001362944;0.0022302719999999997;0.002233344;0.001306624;0.0017336320000000001;0.0017643519999999998;0.001088512;0.0011776;0.001650688
1789945200,hdr,0.0293;0.03906;0.04883;0.05859;0.06836;0.07813;0.08789;0.09766;0.10742;0.11719;0.12695;0.13672;0.14648;0.15625;0.16602;0.17578;0.18555;0.19531;0.20508;0.21484;0.22461;0.23438;0.24414;0.25391;0.26367;0.27344;0.2832;0.29297;0.30273;0.3125;0.32227;0.33203;0.3418;0.35156;0.36133;0.37109;0.38086;0.39063;0.40039;0.41016;0.41992;0.42969;0.43945;0.44922;0.45898;0.46875;0.47852;0.48828;0.49805;0.50781;0.51758;0.52734;0.53711;0.54688;0.55664;0.56641;0.57617;0.58594;0.5957;0.60547;0.61523;0.625;0.63477;0.64453;0.6543;0.66406;0.67383;0.68359;0.69336;0.70313;0.71289;0.72266;0.73242;0.74219;0.75195;0.76172;0.77148;0.78125;0.79102,0.003180544;0.007271424;0.006395903999999999;0.0044974080000000005;0.007863296;0.011981823999999999;0.018768896;0.01408512;0.004931584;0.006930431999999999;0.009911296;0.009709568000000002;0.0066088959999999995;0.005318656;0.004284416;0.002676736;0.002527232;0.005774336000000001;0.009432064;0.026903552;0.039847935999999994;0.067780608;0.09030246400000001;0.06700646399999999;0.038566912;0.027687936;0.01065472;0.009903104000000001;0.009665536;0.00433152;0.007422976;0.007102464;0.0038430719999999995;0.0038963199999999996;0.0039700479999999995;0.0019712;0.0020254720000000004;0.002625536;0.0028344320000000004;0.002161664;0.002505728;0.003241984;0.004501504;0.0025384959999999995;0.002123776;0.003551232;0.004502528;0.004373504;0.005409792;0.00566784;0.004608;0.005016576;0.0034037760000000003;0.0028846080000000003;0.002646016;0.002236416;0.001490944;0.001618944;0.0020633599999999998;0.0015185919999999998;0.001544192;0.0019537919999999998;0.00176128;0.002060288;0.001924096;0.00168448;0.0023347199999999998;0.001893376;0.00193024;0.0014704639999999999;0.000827392;0.00124928;0.000891904;0.00131072;0.0013219840000000002;0.001084416;0.0011632640000000002;0.001134592;0.0012625919999999999
1789946100,hdr,0.0293;0.03906;0.04883;0.05859;0.06836;0.07813;0.08789;0.09766;0.10742;0.11719;0.12695;0.13672;0.14648;0.15625;0.16602;0.17578;0.18555;0.19531;0.20508;0.21484;0.22461;0.23438;0.24414;0.25391;0.26367;0.27344;0.2832;0.29297;0.30273;0.3125;0.32227;0.33203;0.3418;0.35156;0.36133;0.37109;0.38086;0.39063;0.40039;0.41016;0.41992;0.42969;0.43945;0.44922;0.45898;0.46875;0.47852;0.48828;0.49805;0.50781;0.51758;0.52734;0.53711;0.54688;0.55664;0.56641;0.57617;0.58594;0.5957;0.60547;0.61523;0.625;0.63477;0.64453;0.6543;0.66406;0.67383;0.68359;0.69336;0.70313;0.71289;0.72266;0.73242;0.74219;0.75195;0.76172;0.77148;0.78125;0.79102,0.009999359999999999;0.017420288;0.01874944;0.010050560000000002;0.007611392000000001;0.01863168;0.022692864;0.013927424;0.006559744;0.008206336000000002;0.010717184;0.007088128000000001;0.005374976000000001;0.007950336;0.006020096;0.0032839680000000004;0.0020582400000000002;0.007550976000000001;0.014950399999999999;0.024554496;0.024532992;0.038501376000000004;0.061186048;0.070941696;0.034378752;0.017516544;0.010046464;0.009640959999999999;0.009867264;0.00587776;0.004890624;0.004214784;0.00373248;0.0029265919999999996;0.0032440319999999996;0.003049472;0.0027811840000000003;0.0030361600000000004;0.0028917760000000004;0.0032194560000000003;0.004200447999999999;0.003816448;0.003511296;0.003180544;0.0040396799999999995;0.005303295999999999;0.005629952000000001;0.00498688;0.00460288;0.00306176;0.004409344;0.004953088;0.003518464;0.002870272;0.0019046400000000002;0.0025364479999999997;0.0038256640000000003;0.003398656;0.002225152;0.0013895679999999999;0.0021002239999999995;0.003104768;0.0021626880000000003;0.001426432;0.0013148160000000001;0.001956864;0.002036736;0.001374208;0.001560576;0.0012185600000000003;0.0013987840000000001;0.002011136;0.001657856;0.0013690880000000003;0.0019968;0.001854464;0.0010014719999999998;0.001006592;0.00097792
1789947000,hdr,0.0293;0.03906;0.04883;0.05859;0.06836;0.07813;0.08789;0.09766;0.10742;0.11719;0.12695;0.13672;0.14648;0.15625;0.16602;0.17578;0.18555;0.19531;0.20508;0.21484;0.22461;0.23438;0.24414;0.25391;0.26367;0.27344;0.2832;0.29297;0.30273;0.3125;0.32227;0.33203;0.3418;0.35156;0.36133;0.37109;0.38086;0.39063;0.40039;0.41016;0.41992;0.42969;0.43945;0.44922;0.45898;0.46875;0.47852;0.48828;0.49805;0.50781;0.51758;0.52734;0.53711;0.54688;0.55664;0.56641;0.57617;0.58594;0.5957;0.60547;0.61523;0.625;0.63477;0.64453;0.6543;0.66406;0.67383;0.68359;0.69336;0.70313;0.71289;0.72266;0.73242;0.74219;0.75195;0.76172;0.77148;0.78125;0.79102,0.007554048;0.013673471999999999;0.014060544;0.007924736;0.010353664;0.024275968;0.036563968;0.026397696;0.010671103999999999;0.010397696;0.006987776;0.007128064;0.013624320000000002;0.009227263999999999;0.0055060479999999995;0.003406848;0.00300544;0.004122624;0.009142272000000002;0.018885632000000003;0.046332928;0.068154368;0.0450816;0.042394624000000006;0.040799232000000005;0.025044992000000002;0.012016640000000002;0.010006528;0.009233408000000002;0.005613568;0.003518464;0.003607552;0.003805184;0.0038502399999999996;0.004099072;0.003542016;0.003555328;0.003452928;0.001887232;0.0018360320000000002;0.003812352;0.0052572159999999995;0.006433792000000001;0.005977087999999999;0.004072447999999999;0.0031088640000000002;0.0060928;0.005693439999999999;0.00367104;0.0033802240000000002;0.003473408;0.003822592;0.004168704;0.003663872;0.00320512;0.003267584;0.00292864;0.0020398079999999997;0.002096128;0.0012953600000000002;0.0020756480000000002;0.002390016;0.002118656;0.0017090559999999998;0.00135168;0.001374208;0.0014919679999999998;0.0023767040000000003;0.001385472;0.0011796480000000002;0.001435648;0.001422336;0.0017090559999999998;0.0016220159999999998;0.0013752319999999999;0.001263616;0.0012789759999999998;0.0013240320000000002;0.001069056
1789947900,hdr,0.0293;0.03906;0.04883;0.05859;0.06836;0.07813;0.08789;0.09766;0.10742;0.11719;0.12695;0.13672;0.14648;0.15625;0.16602;0.17578;0.18555;0.19531;0.20508;0.21484;0.22461;0.23438;0.24414;0.25391;0.26367;0.27344;0.2832;0.29297;0.30273;0.3125;0.32227;0.33203;0.3418;0.35156;0.36133;0.37109;0.38086;0.39063;0.40039;0.41016;0.41992;0.42969;0.43945;0.44922;0.45898;0.46875;0.47852;0.48828;0.49805;0.50781;0.51758;0.52734;0.53711;0.54688;0.55664;0.56641;0.57617;0.58594;0.5957;0.60547;0.61523;0.625;0.63477;0.64453;0.6543;0.66406;0.67383;0.68359;0.69336;0.70313;0.71289;0.72266;0.73242;0.74219;0.75195;0.76172;0.77148;0.78125;0.79102,0.003416064;0.008547328;0.009375743999999998;0.008341504000000001;0.008066048000000001;0.015581184000000001;0.02108928;0.013931520000000001;0.013073408000000002;0.0145152;0.011446272;0.011574272;0.007624704;0.008213504000000002;0.006337536;0.00375296;0.00363008;0.00705024;0.011433984000000001;0.023438336;0.056866816;0.061533184;0.054325248;0.048200704000000004;0.024776703999999997;0.02544128;0.020318207999999997;0.015079424;0.010785792;0.007858176;0.0066048;0.005639168;0.002809856;0.002809856;0.003556352;0.002996224;0.002770944;0.003134464;0.003245056;0.004301823999999999;0.003432448;0.0046049279999999995;0.005029888;0.005978112;0.004809728;0.0056453119999999996;0.006008832;0.0032583679999999998;0.002932736;0.003928064;0.004129792;0.006050816;0.004245504000000001;0.003054592;0.002219008;0.0022466560000000005;0.002729984;0.0025077759999999998;0.002142208;0.002228224;0.001728512;0.0018718720000000001;0.002169856;0.0023818240000000003;0.0018483199999999999;0.001581056;0.001217536;0.0014243840000000001;0.001729536;0.0016250880000000002;0.0013475839999999998;0.001540096;0.001061888;0.0011427840000000002;0.001247232;0.0009216000000000001;0.00068096;0.001117184;0.001284096
