Epoch Time,Processing Source,f,varianceDensity
1790121600,hdr,0.0293;0.03906;0.04883;0.05859;0.06836;0.07813;0.08789;0.09766;0.10742;0.11719;0.12695;0.13672;0.14648;0.15625;0.16602;0.17578;0.18555;0.19531;0.20508;0.21484;0.22461;0.23438;0.24414;0.25391;0.26367;0.27344;0.2832;0.29297;0.30273;0.3125;0.32227;0.33203;0.3418;0.35156;0.36133;0.37109;0.38086;0.39063;0.40039;0.41016;0.41992;0.42969;0.43945;0.44922;0.45898;0.46875;0.47852;0.48828;0.49805;0.50781;0.51758;0.52734;0.53711;0.54688;0.55664;0.56641;0.57617;0.58594;0.5957;0.60547;0.61523;0.625;0.63477;0.64453;0.6543;0.66406;0.67383;0.68359;0.69336;0.70313;0.71289;0.72266;0.73242;0.74219;0.75195;0.76172;0.77148;0.78125;0.79102,0.00013516800000000002;2.048e-06;0.000288768;0.00050688;0.004104192;0.007770112;0.007857152;0.012540928;0.017099775999999997;0.06273536;0.127491072;0.115980288;0.11671961600000001;0.1235968;0.112234496;0.09699737600000001;0.151529472;0.171508736;0.09533951999999998;0.07344128;0.06137344;0.06225408;0.036655104;0.04032511999999999;0.037164032;0.03547136;0.023529472;0.028699648;0.024037375999999996;0.021297152000000003;0.031802368000000004;0.02975232;0.019615743999999997;0.011410432;0.011194368;0.008954879999999998;0.008730624;0.005957632000000001;0.008609792000000002;0.009535488000000002;0.004397056000000001;0.004120576;0.003712;0.004489216;0.0037048320000000004;0.004245504000000001;0.0027320319999999997;0.002829312;0.002604032;0.0025835520000000002;0.0022937599999999997;0.002055168;0.001928192;0.002527232;0.002857984;0.001847296;0.001261568;0.0015267839999999998;0.00128512;0.001298432;0.0016609279999999999;0.0017602560000000002;0.001409024;0.0013148160000000001;0.00109056;0.0010598399999999998;0.0009441279999999999;0.0007290879999999999;0.00090624;0.000748544;0.000750592;0.000550912;0.000610304;0.00063488;0.000594944;0.000605184;0.0004915200000000001;0.000524288;0.0004352
1790122500,hdr,0.0293;0.03906;0.04883;0.05859;0.06836;0.07813;0.08789;0.09766;0.10742;0.11719;0.12695;0.13672;0.14648;0.15625;0.16602;0.17578;0.18555;0.19531;0.20508;0.21484;0.22461;0.23438;0.24414;0.25391;0.26367;0.27344;0.2832;0.29297;0.30273;0.3125;0.32227;0.33203;0.3418;0.35156;0.36133;0.37109;0.38086;0.39063;0.40039;0.41016;0.41992;0.42969;0.43945;0.44922;0.45898;0.46875;0.47852;0.48828;0.49805;0.50781;0.51758;0.52734;0.53711;0.54688;0.55664;0.56641;0.57617;0.58594;0.5957;0.60547;0.61523;0.625;0.63477;0.64453;0.6543;0.66406;0.67383;0.68359;0.69336;0.70313;0.71289;0.72266;0.73242;0.74219;0.75195;0.76172;0.77148;0.78125;0.79102,0.000269312;0.001917952;0.002161664;0.000671744;0.005840896;0.006900736;0.006479872;0.007272447999999999;0.014818304000000001;0.038767616;0.107416576;0.157569024;0.13502464;0.123364352;0.148946944;0.121235456;0.09176883200000001;0.084314112;0.069482496;0.051819519999999994;0.073776128;0.079741952;0.052847616;0.028356608000000002;0.02697216;0.036391936;0.036402176;0.025100288000000002;0.019520512;0.018000896000000002;0.014235648;0.01246208;0.01145344;0.013328384;0.010125312;0.01416192;0.012900351999999999;0.007349248000000001;0.007277567999999999;0.008134656;0.0044288;0.002097152;0.004462592;0.005271552;0.004913152;0.006201344;0.00451072;0.002828288;0.003416064;0.0032266240000000004;0.0024872960000000004;0.003827712;0.002737152;0.0017203200000000002;0.002265088;0.0011735040000000001;0.0009482239999999999;0.001374208;0.001542144;0.001416192;0.00145408;0.001103872;0.001591296;0.0019712;0.0013312;0.0011468799999999999;0.0013199359999999999;0.000907264;0.0006840319999999999;0.000631808;0.000664576;0.000505856;0.00054272;0.000720896;0.0008765439999999999;0.000864256;0.0006184960000000001;0.00036147200000000005;0.0006041600000000001
1790123400,hdr,0.0293;0.03906;0.04883;0.05859;0.06836;0.07813;0.08789;0.09766;0.10742;0.11719;0.12695;0.13672;0.14648;0.15625;0.16602;0.17578;0.18555;0.19531;0.20508;0.21484;0.22461;0.23438;0.24414;0.25391;0.26367;0.27344;0.2832;0.29297;0.30273;0.3125;0.32227;0.33203;0.3418;0.35156;0.36133;0.37109;0.38086;0.39063;0.40039;0.41016;0.41992;0.42969;0.43945;0.44922;0.45898;0.46875;0.47852;0.48828;0.49805;0.50781;0.51758;0.52734;0.53711;0.54688;0.55664;0.56641;0.57617;0.58594;0.5957;0.60547;0.61523;0.625;0.63477;0.64453;0.6543;0.66406;0.67383;0.68359;0.69336;0.70313;0.71289;0.72266;0.73242;0.74219;0.75195;0.76172;0.77148;0.78125;0.79102,0.001058816;0.001738752;0.0027473920000000004;0.005318656;0.011487232;0.013646848;0.011395072000000001;0.005317631999999999;0.028419072;0.065928192;0.057210880000000006;0.15772876800000002;0.22500352;0.159683584;0.12665856;0.152113152;0.16897126399999998;0.137970688;0.09649561599999999;0.10031820799999999;0.067341312;0.054687743999999996;0.0512512;0.038747136;0.037600256;0.029691904;0.023264256;0.027595776000000002;0.02343936;0.020026368000000003;0.017830912;0.01406976;0.017836031999999998;0.013116415999999999;0.008141823999999999;0.005726208;0.007951360000000001;0.008694783999999999;0.0066088959999999995;0.004097024;0.004339712;0.004322304;0.005069824;0.006488063999999999;0.004026368;0.003913728;0.0041144319999999995;0.003376128;0.002577408;0.0017561599999999999;0.0025384959999999995;0.0032276479999999996;0.0028538879999999997;0.00253952;0.00246272;0.002417664;0.0036403200000000003;0.0023019520000000003;0.001440768;0.001645568;0.001599488;0.001969152;0.001422336;0.001073152;0.001795072;0.001273856;0.001329152;0.001826816;0.001149952;0.0008366080000000001;0.000805888;0.000955392;0.00068608;0.000366592;0.000717824;0.000990208;0.0008335360000000001;0.000516096;0.00042598399999999997
1790124300,hdr,0.0293;0.03906;0.04883;0.05859;0.06836;0.07813;0.08789;0.09766;0.10742;0.11719;0.12695;0.13672;0.14648;0.15625;0.16602;0.17578;0.18555;0.19531;0.20508;0.21484;0.22461;0.23438;0.24414;0.25391;0.26367;0.27344;0.2832;0.29297;0.30273;0.3125;0.32227;0.33203;0.3418;0.35156;0.36133;0.37109;0.38086;0.39063;0.40039;0.41016;0.41992;0.42969;0.43945;0.44922;0.45898;0.46875;0.47852;0.48828;0.49805;0.50781;0.51758;0.52734;0.53711;0.54688;0.55664;0.56641;0.57617;0.58594;0.5957;0.60547;0.61523;0.625;0.63477;0.64453;0.6543;0.66406;0.67383;0.68359;0.69336;0.70313;0.71289;0.72266;0.73242;0.74219;0.75195;0.76172;0.77148;0.78125;0.79102,0.001664;0.001099776;0.0023429120000000004;0.0032604160000000004;0.008095744;0.008060928;0.008226816;0.007494656;0.024092672;0.0642048;0.11938508799999999;0.14041395199999998;0.119390208;0.16043008;0.154682368;0.124844032;0.10749644800000001;0.133595136;0.112229376;0.091621376;0.081301504;0.07368089600000001;0.055259136;0.03751219199999999;0.029927423999999998;0.029529088000000002;0.035167232;0.03354112;0.021750784;0.011638784;0.010135551999999999;0.009730048;0.016408576;0.014448639999999999;0.010713088;0.011666432000000001;0.008869888;0.006448128;0.009659392;0.008222720000000001;0.005136384;0.003444736;0.00490496;0.003351552;0.004435968;0.0057251839999999995;0.0038092800000000004;0.004232192;0.003001344;0.0027965439999999998;0.002154496;0.00178176;0.0017182719999999999;0.0016895999999999999;0.001676288;0.001854464;0.001508352;0.0011735040000000001;0.0016148479999999999;0.002092032;0.001557504;0.001574912;0.001271808;0.00138752;0.001496064;0.001015808;0.000771072;0.00079872;0.0012072959999999998;0.00115712;0.001102848;0.001277952;0.00083968;0.000534528;0.00048742400000000003;0.00075776;0.0008192000000000001;0.001038336;0.0010014719999999998
1790126100,hdr,0.0293;0.03906;0.04883;0.05859;0.06836;0.07813;0.08789;0.09766;0.10742;0.11719;0.12695;0.13672;0.14648;0.15625;0.16602;0.17578;0.18555;0.19531;0.20508;0.21484;0.22461;0.23438;0.24414;0.25391;0.26367;0.27344;0.2832;0.29297;0.30273;0.3125;0.32227;0.33203;0.3418;0.35156;0.36133;0.37109;0.38086;0.39063;0.40039;0.41016;0.41992;0.42969;0.43945;0.44922;0.45898;0.46875;0.47852;0.48828;0.49805;0.50781;0.51758;0.52734;0.53711;0.54688;0.55664;0.56641;0.57617;0.58594;0.5957;0.60547;0.61523;0.625;0.63477;0.64453;0.6543;0.66406;0.67383;0.68359;0.69336;0.70313;0.71289;0.72266;0.73242;0.74219;0.75195;0.76172;0.77148;0.78125;0.79102,0.0008652800000000001;0.000313344;0.0009727999999999999;0.0015206400000000002;0.00671744;0.0046223359999999995;0.005150719999999999;0.013062144;0.028405760000000002;0.044612608;0.126860288;0.21697535999999998;0.22117990399999998;0.240324608;0.15007744;0.16614195199999998;0.091352064;0.07166361600000001;0.089220096;0.06089728;0.052296704;0.05734912;0.051218432;0.051722239999999996;0.035991551999999996;0.028129280000000003;0.028419072;0.02752;0.018816;0.015876096;0.02105344;0.016550912;0.014546944;0.014664703999999999;0.012455935999999999;0.00999424;0.012248063999999998;0.01115136;0.004706304;0.005337087999999999;0.006129664;0.005343232;0.004576256;0.004881408;0.00529408;0.0031539199999999997;0.005115903999999999;0.004837376;0.003026944;0.0022538239999999998;0.0029880320000000003;0.0026644480000000003;0.0036515840000000003;0.0027842559999999997;0.001846272;0.0012707839999999998;0.001099776;0.001222656;0.0012288;0.001011712;0.00104448;0.0008151040000000001;0.0010721279999999999;0.0012052480000000001;0.000990208;0.0010721279999999999;0.00073216;0.001301504;0.0012195840000000001;0.0006737919999999999;0.0006778880000000001;0.000795648;0.000636928;0.00043110399999999997;0.000385024;0.000310272;0.00041062399999999995;0.00040550399999999994;0.000320512
1790127000,hdr,0.0293;0.03906;0.04883;0.05859;0.06836;0.07813;0.08789;0.09766;0.10742;0.11719;0.12695;0.13672;0.14648;0.15625;0.16602;0.17578;0.18555;0.19531;0.20508;0.21484;0.22461;0.23438;0.24414;0.25391;0.26367;0.27344;0.2832;0.29297;0.30273;0.3125;0.32227;0.33203;0.3418;0.35156;0.36133;0.37109;0.38086;0.39063;0.40039;0.41016;0.41992;0.42969;0.43945;0.44922;0.45898;0.46875;0.47852;0.48828;0.49805;0.50781;0.51758;0.52734;0.53711;0.54688;0.55664;0.56641;0.57617;0.58594;0.5957;0.60547;0.61523;0.625;0.63477;0.64453;0.6543;0.66406;0.67383;0.68359;0.69336;0.70313;0.71289;0.72266;0.73242;0.74219;0.75195;0.76172;0.77148;0.78125;0.79102,0.001309696;0.004272128000000001;0.0021196799999999997;0.0015953919999999997;0.007814143999999999;0.011001855999999999;0.009991168;0.01664512;0.054493184;0.112113664;0.13830246399999999;0.14444748799999999;0.19189248;0.24805990399999997;0.14998016;0.085138432;0.089986048;0.119771136;0.098059264;0.085861376;0.061077504;0.044541952;0.036537344;0.041504768;0.036504576000000004;0.051521536;0.04377088;0.01727488;0.025034752;0.028560383999999998;0.01220608;0.013631487999999999;0.01752064;0.011659264;0.009619456;0.009930752000000001;0.010109952;0.008825856;0.005210112;0.0044851199999999996;0.004337664;0.0049582079999999995;0.0041093119999999995;0.0031856640000000004;0.00290816;0.003076096;0.003956736;0.002993152;0.0017459199999999998;0.001906688;0.002729984;0.0029460479999999997;0.002977792;0.00257024;0.0027381760000000006;0.0018411519999999998;0.00183808;0.001253376;0.001048576;0.000965632;0.001152;0.000950272;0.00091648;0.000949248;0.0011970559999999997;0.0013752319999999999;0.00131584;0.0011417600000000001;0.000985088;0.000679936;0.0008519679999999999;0.0007393279999999999;0.000454656;0.00036147200000000005;0.000375808;0.000350208;0.000382976;0.00047206399999999996;0.000360448
1790127900,hdr,0.0293;0.03906;0.04883;0.05859;0.06836;0.07813;0.08789;0.09766;0.10742;0.11719;0.12695;0.13672;0.14648;0.15625;0.16602;0.17578;0.18555;0.19531;0.20508;0.21484;0.22461;0.23438;0.24414;0.25391;0.26367;0.27344;0.2832;0.29297;0.30273;0.3125;0.32227;0.33203;0.3418;0.35156;0.36133;0.37109;0.38086;0.39063;0.40039;0.41016;0.41992;0.42969;0.43945;0.44922;0.45898;0.46875;0.47852;0.48828;0.49805;0.50781;0.51758;0.52734;0.53711;0.54688;0.55664;0.56641;0.57617;0.58594;0.5957;0.60547;0.61523;0.625;0.63477;0.64453;0.6543;0.66406;0.67383;0.68359;0.69336;0.70313;0.71289;0.72266;0.73242;0.74219;0.75195;0.76172;0.77148;0.78125;0.79102,0.005139456;0.011466752;0.00522752;0.0059965439999999995;0.010546176;0.009627648;0.0048363519999999995;0.011023360000000001;0.031088640000000004;0.08252518399999999;0.114726912;0.102847488;0.16343449599999998;0.123122688;0.093923328;0.109464576;0.11635097600000001;0.100739072;0.087387136;0.08035020799999999;0.061506559999999995;0.05345792;0.050295808000000004;0.049587200000000005;0.054422528;0.046174208;0.019383296;0.015353855999999999;0.013161472;0.019584;0.019237888;0.013312;0.014543872000000001;0.010991616;0.009032704;0.0069498879999999996;0.005952512;0.00863744;0.008699904;0.007568384;0.008072191999999999;0.004922368;0.003511296;0.004988928;0.0041472;0.003844096;0.003844096;0.002783232;0.001906688;0.0022026240000000002;0.0027013120000000004;0.001992704;0.0017735679999999999;0.0019128320000000002;0.002184192;0.002151424;0.002229248;0.0012042239999999998;0.001267712;0.001185792;0.000919552;0.00082432;0.0005980159999999999;0.000996352;0.000831488;0.0009461760000000001;0.001022976;0.00052736;0.00045056;0.000326656;0.000559104;0.00075776;0.00040755200000000004;0.00030003200000000004;0.000413696;0.00047718399999999996;0.000565248;0.000715776;0.000553984
1790128800,hdr,0.0293;0.03906;0.04883;0.05859;0.06836;0.07813;0.08789;0.09766;0.10742;0.11719;0.12695;0.13672;0.14648;0.15625;0.16602;0.17578;0.18555;0.19531;0.20508;0.21484;0.22461;0.23438;0.24414;0.25391;0.26367;0.27344;0.2832;0.29297;0.30273;0.3125;0.32227;0.33203;0.3418;0.35156;0.36133;0.37109;0.38086;0.39063;0.40039;0.41016;0.41992;0.42969;0.43945;0.44922;0.45898;0.46875;0.47852;0.48828;0.49805;0.50781;0.51758;0.52734;0.53711;0.54688;0.55664;0.56641;0.57617;0.58594;0.5957;0.60547;0.61523;0.625;0.63477;0.64453;0.6543;0.66406;0.67383;0.68359;0.69336;0.70313;0.71289;0.72266;0.73242;0.74219;0.75195;0.76172;0.77148;0.78125;0.79102,0.004506624000000001;0.005629952000000001;0.003774464;0.0071045119999999995;0.023769088;0.019282944;0.010294271999999998;0.021024768;0.063992832;0.124643328;0.134897664;0.155112448;0.100626432;0.097885184;0.147741696;0.14238208000000002;0.12255231999999999;0.110103552;0.082808832;0.089288704;0.10423398400000002;0.070344704;0.049732608;0.032396287999999995;0.03348992;0.03814195200000001;0.028407808;0.023816192000000003;0.012883967999999999;0.014400512;0.016470016;0.021999616;0.016084992;0.011378688;0.012311552000000002;0.0069621760000000005;0.006119424;0.0053340160000000005;0.006657023999999999;0.0062648320000000006;0.004653056000000001;0.004839424;0.0049633279999999995;0.003332096;0.0021667839999999997;0.0023265280000000004;0.0026234879999999998;0.0023357440000000003;0.0019148799999999999;0.0022097920000000004;0.0013506560000000002;0.001711104;0.001323008;0.002787328;0.002809856;0.001911808;0.001517568;0.001504256;0.001168384;0.0010803199999999998;0.001010688;0.000765952;0.000516096;0.000780288;0.0008202239999999999;0.001000448;0.001301504;0.0009697280000000001;0.000754688;0.00084992;0.000637952;0.0005898240000000001;0.0008366080000000001;0.001000448;0.000468992;0.000459776;0.0005898240000000001;0.000388096;0.00040345599999999995
1790129700,hdr,0.0293;0.03906;0.04883;0.05859;0.06836;0.07813;0.08789;0.09766;0.10742;0.11719;0.12695;0.13672;0.14648;0.15625;0.16602;0.17578;0.18555;0.19531;0.20508;0.21484;0.22461;0.23438;0.24414;0.25391;0.26367;0.27344;0.2832;0.29297;0.30273;0.3125;0.32227;0.33203;0.3418;0.35156;0.36133;0.37109;0.38086;0.39063;0.40039;0.41016;0.41992;0.42969;0.43945;0.44922;0.45898;0.46875;0.47852;0.48828;0.49805;0.50781;0.51758;0.52734;0.53711;0.54688;0.55664;0.56641;0.57617;0.58594;0.5957;0.60547;0.61523;0.625;0.63477;0.64453;0.6543;0.66406;0.67383;0.68359;0.69336;0.70313;0.71289;0.72266;0.73242;0.74219;0.75195;0.76172;0.77148;0.78125;0.79102,0.0032194560000000003;0.001534976;0.001882112;0.003237888;0.010621952;0.016765951999999997;0.012167167999999999;0.014407679999999999;0.045035519999999996;0.07847116800000001;0.123568128;0.193204224;0.13743104;0.14429798400000002;0.173503488;0.104283136;0.099782656;0.14502195199999998;0.12110336000000001;0.069241856;0.039486464;0.054053888;0.048708608;0.027201536;0.026211328000000002;0.021917696;0.017038335999999998;0.014211072;0.018066432;0.018446336;0.012599296;0.007845888;0.01229824;0.01088;0.00983552;0.00740864;0.006978559999999999;0.005129216000000001;0.00472576;0.004260864;0.005774336000000001;0.006317056;0.004598784000000001;0.0042414079999999995;0.003712;0.0027586560000000004;0.001384448;0.003239936;0.003836928;0.0019251199999999998;0.0017326079999999998;0.001488896;0.00119296;0.001022976;0.0016445440000000002;0.001687552;0.0013783040000000001;0.001156096;0.0009420800000000001;0.000768;0.0008744960000000001;0.000646144;0.000408576;0.000457728;0.00075776;0.0010475520000000002;0.00089088;0.0008468480000000001;0.000662528;0.0007352319999999999;0.000717824;0.000454656;0.00045568;0.000371712;0.000381952;0.0005089280000000001;0.00042496;0.00031232;0.00032870400000000003
1790130600,hdr,0.0293;0.03906;0.04883;0.05859;0.06836;0.07813;0.08789;0.09766;0.10742;0.11719;0.12695;0.13672;0.14648;0.15625;0.16602;0.17578;0.18555;0.19531;0.20508;0.21484;0.22461;0.23438;0.24414;0.25391;0.26367;0.27344;0.2832;0.29297;0.30273;0.3125;0.32227;0.33203;0.3418;0.35156;0.36133;0.37109;0.38086;0.39063;0.40039;0.41016;0.41992;0.42969;0.43945;0.44922;0.45898;0.46875;0.47852;0.48828;0.49805;0.50781;0.51758;0.52734;0.53711;0.54688;0.55664;0.56641;0.57617;0.58594;0.5957;0.60547;0.61523;0.625;0.63477;0.64453;0.6543;0.66406;0.67383;0.68359;0.69336;0.70313;0.71289;0.72266;0.73242;0.74219;0.75195;0.76172;0.77148;0.78125;0.79102,0.0022835200000000003;0.0037150720000000003;0.007325696;0.010523648;0.011088896;0.006982656000000001;0.011546624;0.023116800000000003;0.049555456;0.073392128;0.144924672;0.117271552;0.10912767999999999;0.11350015999999999;0.06794752;0.10430054400000001;0.126337024;0.07669555200000001;0.057555968;0.06674944000000001;0.08429465600000001;0.064316416;0.043805696;0.05154304;0.038437887999999996;0.024420352000000003;0.020893696;0.016646144;0.016183296;0.015709184;0.01691648;0.023232512;0.017701888;0.010737664000000001;0.009911296;0.005517312000000001;0.007467008;0.007135232;0.006529024;0.007373823999999999;0.005810176;0.004500479999999999;0.0030976;0.002409472;0.004321279999999999;0.0027381760000000006;0.0024739840000000003;0.002322432;0.002234368;0.0032942079999999994;0.0037027839999999998;0.002315264;0.001849344;0.001783808;0.001878016;0.0017203200000000002;0.001416192;0.0012605440000000002;0.000968704;0.000867328;0.000754688;0.00079872;0.001024;0.0012165119999999999;0.001149952;0.000858112;0.000918528;0.001222656;0.000831488;0.000387072;0.000492544;0.000567296;0.000549888;0.0005007359999999999;0.000316416;0.0005468159999999999;0.00035328;0.000251904;0.00038912
1790131500,hdr,0.0293;0.03906;0.04883;0.05859;0.06836;0.07813;0.08789;0.09766;0.10742;0.11719;0.12695;0.13672;0.14648;0.15625;0.16602;0.17578;0.18555;0.19531;0.20508;0.21484;0.22461;0.23438;0.24414;0.25391;0.26367;0.27344;0.2832;0.29297;0.30273;0.3125;0.32227;0.33203;0.3418;0.35156;0.36133;0.37109;0.38086;0.39063;0.40039;0.41016;0.41992;0.42969;0.43945;0.44922;0.45898;0.46875;0.47852;0.48828;0.49805;0.50781;0.51758;0.52734;0.53711;0.54688;0.55664;0.56641;0.57617;0.58594;0.5957;0.60547;0.61523;0.625;0.63477;0.64453;0.6543;0.66406;0.67383;0.68359;0.69336;0.70313;0.71289;0.72266;0.73242;0.74219;0.75195;0.76172;0.77148;0.78125;0.79102,0.006216704;0.010277888;0.007840768;0.0094464;0.01633792;0.021002240000000002;0.014625792000000002;0.013054976000000001;0.033858559999999996;0.08653516800000001;0.119073792;0.15077683200000003;0.137070592;0.13396787200000002;0.08253132800000001;0.091590656;0.063387648;0.064338944;0.071073792;0.056213504;0.043877375999999996;0.0457984;0.029485056;0.027850752;0.02940928;0.036197375999999996;0.031754239999999996;0.018684928;0.015895552;0.009058304;0.0095488;0.012184575999999999;0.010314752;0.00752128;0.009463808;0.00861184;0.00619008;0.002907136;0.0029409279999999998;0.004580352000000001;0.005118976;0.003264512;0.0018923520000000001;0.0033832960000000005;0.0029839359999999995;0.00129024;0.003171328;0.0036720640000000005;0.002302976;0.001242112;0.0013905920000000002;0.001584128;0.0015390719999999998;0.0017489920000000002;0.001527808;0.0012308479999999999;0.0014376960000000002;0.0012605440000000002;0.000868352;0.000715776;0.001168384;0.001113088;0.000951296;0.0006082559999999999;0.0007116799999999999;0.00055296;0.000528384;0.000525312;0.00062464;0.000525312;0.000502784;0.000448512;0.000272384;0.000418816;0.0004915200000000001;0.000258048;0.00028774400000000004;0.000289792;0.000196608
1790132400,hdr,0.0293;0.03906;0.04883;0.05859;0.06836;0.07813;0.08789;0.09766;0.10742;0.11719;0.12695;0.13672;0.14648;0.15625;0.16602;0.17578;0.18555;0.19531;0.20508;0.21484;0.22461;0.23438;0.24414;0.25391;0.26367;0.27344;0.2832;0.29297;0.30273;0.3125;0.32227;0.33203;0.3418;0.35156;0.36133;0.37109;0.38086;0.39063;0.40039;0.41016;0.41992;0.42969;0.43945;0.44922;0.45898;0.46875;0.47852;0.48828;0.49805;0.50781;0.51758;0.52734;0.53711;0.54688;0.55664;0.56641;0.57617;0.58594;0.5957;0.60547;0.61523;0.625;0.63477;0.64453;0.6543;0.66406;0.67383;0.68359;0.69336;0.70313;0.71289;0.72266;0.73242;0.74219;0.75195;0.76172;0.77148;0.78125;0.79102,0.006944768;0.013748224;0.01981952;0.007730176;0.010827775999999999;0.015112192000000002;0.019760128000000002;0.017833984;0.031971328;0.09802751999999999;0.150034432;0.15322623999999999;0.09167872;0.10675404799999999;0.078347264;0.06486118399999999;0.09248767999999999;0.091492352;0.087716864;0.068842496;0.08135065600000001;0.059369472;0.037385216;0.042806272;0.046038015999999994;0.045786112000000004;0.037035007999999994;0.019247104;0.0145664;0.016992256;0.012459008000000002;0.011814912;0.014229504;0.009577472;0.00646144;0.009043968;0.006592512;0.005606399999999999;0.00415744;0.005011456;0.0037058559999999996;0.003606528;0.003222528;0.002316288;0.002258944;0.0016895999999999999;0.001854464;0.0027402240000000003;0.002663424;0.001779712;0.001451008;0.002798592;0.00159744;0.0009973760000000001;0.0011837439999999998;0.00121344;0.0008325120000000001;0.000559104;0.0007116799999999999;0.00088064;0.0008192000000000001;0.0009564160000000001;0.001099776;0.00101888;0.0007976959999999999;0.0007925759999999999;0.00043008000000000006;0.000774144;0.0007772160000000001;0.000826368;0.0005836799999999999;0.000320512;0.000379904;0.000534528;0.0005683200000000001;0.000323584;0.000439296;0.00040448000000000003;0.000391168
1790133300,hdr,0.0293;0.03906;0.04883;0.05859;0.06836;0.07813;0.08789;0.09766;0.10742;0.11719;0.12695;0.13672;0.14648;0.15625;0.16602;0.17578;0.18555;0.19531;0.20508;0.21484;0.22461;0.23438;0.24414;0.25391;0.26367;0.27344;0.2832;0.29297;0.30273;0.3125;0.32227;0.33203;0.3418;0.35156;0.36133;0.37109;0.38086;0.39063;0.40039;0.41016;0.41992;0.42969;0.43945;0.44922;0.45898;0.46875;0.47852;0.48828;0.49805;0.50781;0.51758;0.52734;0.53711;0.54688;0.55664;0.56641;0.57617;0.58594;0.5957;0.60547;0.61523;0.625;0.63477;0.64453;0.6543;0.66406;0.67383;0.68359;0.69336;0.70313;0.71289;0.72266;0.73242;0.74219;0.75195;0.76172;0.77148;0.78125;0.79102,0.00461824;0.010720256;0.012235776;0.007175168000000001;0.012962816;0.020850688000000003;0.010491904;0.008570880000000001;0.040543232000000005;0.105054208;0.11110912;0.048323583999999996;0.133579776;0.152670208;0.096536576;0.104721408;0.095905792;0.062453760000000004;0.04729856;0.06428876800000001;0.050485247999999996;0.056256512;0.039939072;0.018230272000000002;0.034272256;0.035534848;0.027459584;0.024444928;0.026499072;0.017210368;0.011149312;0.010199040000000001;0.00848896;0.008916992;0.008754175999999999;0.008311807999999999;0.006360064;0.007215104;0.006414336;0.004042752;0.003067904;0.004134912;0.002767872;0.0035287039999999997;0.004261888;0.0033976320000000003;0.00209408;0.001395712;0.001790976;0.002008064;0.001835008;0.00196096;0.001243136;0.00210944;0.001782784;0.001184768;0.000996352;0.0012083200000000001;0.0013557760000000002;0.001405952;0.00109056;0.0008386559999999999;0.000857088;0.000888832;0.000644096;0.000504832;0.000538624;0.0005007359999999999;0.000613376;0.000391168;0.00030105599999999996;0.000390144;0.000514048;0.000448512;0.000531456;0.000490496;0.000521216;0.000484352;0.00033792
1790134200,hdr,0.0293;0.03906;0.04883;0.05859;0.06836;0.07813;0.08789;0.09766;0.10742;0.11719;0.12695;0.13672;0.14648;0.15625;0.16602;0.17578;0.18555;0.19531;0.20508;0.21484;0.22461;0.23438;0.24414;0.25391;0.26367;0.27344;0.2832;0.29297;0.30273;0.3125;0.32227;0.33203;0.3418;0.35156;0.36133;0.37109;0.38086;0.39063;0.40039;0.41016;0.41992;0.42969;0.43945;0.44922;0.45898;0.46875;0.47852;0.48828;0.49805;0.50781;0.51758;0.52734;0.53711;0.54688;0.55664;0.56641;0.57617;0.58594;0.5957;0.60547;0.61523;0.625;0.63477;0.64453;0.6543;0.66406;0.67383;0.68359;0.69336;0.70313;0.71289;0.72266;0.73242;0.74219;0.75195;0.76172;0.77148;0.78125;0.79102,0.0034037760000000003;0.009595904;0.015970304;0.01460736;0.012817407999999999;0.013848576;0.012081152;0.015854592;0.036570112;0.11249151999999998;0.16821964800000003;0.16273408;0.116604928;0.07992524799999999;0.099058688;0.096753664;0.08045568;0.048671743999999996;0.04621209600000001;0.04210688;0.047669248;0.03694182399999999;0.048870399999999994;0.046206976;0.031147007999999997;0.033329152;0.021167104;0.012986368;0.008358912;0.01009664;0.010776576000000001;0.008291327999999999;0.007215104;0.004885504;0.0077189120000000005;0.009781248;0.006310912;0.004907008;0.0054558720000000005;0.0054784;0.0035246080000000003;0.001501184;0.001956864;0.001900544;0.0021893120000000005;0.001934336;0.001800192;0.002387968;0.001757184;0.0018513919999999999;0.001964032;0.0020879360000000003;0.001399808;0.000881664;0.001035264;0.000796672;0.0009697280000000001;0.000641024;0.0008222720000000001;0.000908288;0.0007075839999999999;0.000636928;0.0008222720000000001;0.000918528;0.000768;0.000748544;0.001010688;0.00047206399999999996;0.000339968;0.000521216;0.0005836799999999999;0.0006993920000000001;0.00062464;0.00040345599999999995;0.000386048;0.000485376;0.000413696;0.000365568;0.00036966399999999996
1790135100,hdr,0.0293;0.03906;0.04883;0.05859;0.06836;0.07813;0.08789;0.09766;0.10742;0.11719;0.12695;0.13672;0.14648;0.15625;0.16602;0.17578;0.18555;0.19531;0.20508;0.21484;0.22461;0.23438;0.24414;0.25391;0.26367;0.27344;0.2832;0.29297;0.30273;0.3125;0.32227;0.33203;0.3418;0.35156;0.36133;0.37109;0.38086;0.39063;0.40039;0.41016;0.41992;0.42969;0.43945;0.44922;0.45898;0.46875;0.47852;0.48828;0.49805;0.50781;0.51758;0.52734;0.53711;0.54688;0.55664;0.56641;0.57617;0.58594;0.5957;0.60547;0.61523;0.625;0.63477;0.64453;0.6543;0.66406;0.67383;0.68359;0.69336;0.70313;0.71289;0.72266;0.73242;0.74219;0.75195;0.76172;0.77148;0.78125;0.79102,0.00997888;0.015137791999999999;0.012272640000000001;0.005237759999999999;0.008479744;0.014234624;0.0106496;0.008054783999999999;0.028961791999999997;0.07556505599999999;0.08859750400000001;0.076863488;0.088759296;0.075009024;0.072029184;0.041544704;0.04104704;0.048924671999999995;0.048584704000000006;0.067858432;0.050331648;0.0437504;0.042089472;0.041291775999999995;0.032848896;0.028135424;0.027466752;0.015859711999999998;0.017134592;0.014640128;0.012412928000000002;0.0068096;0.008032256;0.006946816;0.0060856320000000005;0.006842368;0.0040396799999999995;0.004601856;0.00371712;0.004633600000000001;0.004118528000000001;0.003288064;0.003656704;0.0021207039999999997;0.0012666880000000002;0.0012247039999999999;0.001855488;0.0015472639999999998;0.001273856;0.001176576;0.001108992;0.001036288;0.0010496000000000001;0.000873472;0.000909312;0.001656832;0.0016128;0.001345536;0.00119808;0.001074176;0.00123392;0.001035264;0.000992256;0.000533504;0.00044646400000000004;0.00041779199999999995;0.00047308800000000003;0.000603136;0.00091648;0.0006789119999999999;0.000519168;0.000308224;0.00024780799999999997;0.000366592;0.0005580800000000001;0.0006932479999999999;0.0005007359999999999;0.00035532799999999997;0.00036761599999999997
1790136000,hdr,0.0293;0.03906;0.04883;0.05859;0.06836;0.07813;0.08789;0.09766;0.10742;0.11719;0.12695;0.13672;0.14648;0.15625;0.16602;0.17578;0.18555;0.19531;0.20508;0.21484;0.22461;0.23438;0.24414;0.25391;0.26367;0.27344;0.2832;0.29297;0.30273;0.3125;0.32227;0.33203;0.3418;0.35156;0.36133;0.37109;0.38086;0.39063;0.40039;0.41016;0.41992;0.42969;0.43945;0.44922;0.45898;0.46875;0.47852;0.48828;0.49805;0.50781;0.51758;0.52734;0.53711;0.54688;0.55664;0.56641;0.57617;0.58594;0.5957;0.60547;0.61523;0.625;0.63477;0.64453;0.6543;0.66406;0.67383;0.68359;0.69336;0.70313;0.71289;0.72266;0.73242;0.74219;0.75195;0.76172;0.77148;0.78125;0.79102,0.002572288;0.007431168;0.008496128;0.007164928;0.014852096;0.018720768;0.021399552;0.021159935999999997;0.023245824000000002;0.062728192;0.101156864;0.082968576;0.07496294399999999;0.10624512;0.09405952000000001;0.06803456;0.041913344000000005;0.05628108799999999;0.055797759999999995;0.067863552;0.071878656;0.055236608;0.035279872;0.02642944;0.02382848;0.027745280000000004;0.02761728;0.0169984;0.015193088;0.013910016;0.011150335999999999;0.008921087999999999;0.007965696;0.005574656;0.009039872000000001;0.012572672;0.006598656;0.0027822079999999996;0.003692544;0.004239359999999999;0.0038461439999999997;0.00292352;0.002829312;0.003629056;0.002405376;0.0014653440000000002;0.001800192;0.001664;0.0016384000000000001;0.002184192;0.001901568;0.001513472;0.001531904;0.001276928;0.0015431680000000001;0.0015472639999999998;0.001217536;0.0009697280000000001;0.0008560640000000001;0.001038336;0.000679936;0.0005601279999999999;0.000782336;0.0009912319999999999;0.000802816;0.000726016;0.0008663039999999999;0.001065984;0.000915456;0.001294336;0.001253376;0.000795648;0.000656384;0.000451584;0.000631808;0.000548864;0.000442368;0.0005304320000000001;0.00037376
1790136900,hdr,0.0293;0.03906;0.04883;0.05859;0.06836;0.07813;0.08789;0.09766;0.10742;0.11719;0.12695;0.13672;0.14648;0.15625;0.16602;0.17578;0.18555;0.19531;0.20508;0.21484;0.22461;0.23438;0.24414;0.25391;0.26367;0.27344;0.2832;0.29297;0.30273;0.3125;0.32227;0.33203;0.3418;0.35156;0.36133;0.37109;0.38086;0.39063;0.40039;0.41016;0.41992;0.42969;0.43945;0.44922;0.45898;0.46875;0.47852;0.48828;0.49805;0.50781;0.51758;0.52734;0.53711;0.54688;0.55664;0.56641;0.57617;0.58594;0.5957;0.60547;0.61523;0.625;0.63477;0.64453;0.6543;0.66406;0.67383;0.68359;0.69336;0.70313;0.71289;0.72266;0.73242;0.74219;0.75195;0.76172;0.77148;0.78125;0.79102,0.00203776;0.0034048;0.004462592;0.011736064000000001;0.026228736000000002;0.024410112;0.008061952;0.008548351999999999;0.024999936;0.06854553599999999;0.09680895999999999;0.13758464;0.18260889599999997;0.147634176;0.07074918399999999;0.039813119999999994;0.061254656;0.059874304;0.044143616000000004;0.040588288;0.046982144;0.028809216000000002;0.025294848;0.026778624;0.023213056;0.02375168;0.022677504;0.014395392;0.011191296;0.008210432;0.007068672000000001;0.009976832;0.005897216;0.004892672000000001;0.006578176000000001;0.005476352000000001;0.004688896;0.0039301119999999995;0.0035829760000000003;0.003720192;0.003929088;0.003423232;0.002840576;0.002556928;0.00306176;0.0023336960000000006;0.002418688;0.0015943679999999999;0.0013690880000000003;0.0013926400000000001;0.001726464;0.0018360320000000002;0.002399232;0.001603584;0.000970752;0.000933888;0.0011776;0.001145856;0.000953344;0.001304576;0.0012052480000000001;0.001028096;0.0006819840000000001;0.0007168;0.000827392;0.0013824;0.00119808;0.001477632;0.000964608;0.00088576;0.001680384;0.00170496;0.001129472;0.000628736;0.0007137280000000001;0.000613376;0.000616448;0.000510976;0.000688128
1790137800,hdr,0.0293;0.03906;0.04883;0.05859;0.06836;0.07813;0.08789;0.09766;0.10742;0.11719;0.12695;0.13672;0.14648;0.15625;0.16602;0.17578;0.18555;0.19531;0.20508;0.21484;0.22461;0.23438;0.24414;0.25391;0.26367;0.27344;0.2832;0.29297;0.30273;0.3125;0.32227;0.33203;0.3418;0.35156;0.36133;0.37109;0.38086;0.39063;0.40039;0.41016;0.41992;0.42969;0.43945;0.44922;0.45898;0.46875;0.47852;0.48828;0.49805;0.50781;0.51758;0.52734;0.53711;0.54688;0.55664;0.56641;0.57617;0.58594;0.5957;0.60547;0.61523;0.625;0.63477;0.64453;0.6543;0.66406;0.67383;0.68359;0.69336;0.70313;0.71289;0.72266;0.73242;0.74219;0.75195;0.76172;0.77148;0.78125;0.79102,0.002499584;0.0072785919999999995;0.008896511999999999;0.0038819839999999998;0.014953471999999999;0.016869376000000002;0.008251392;0.011522048;0.03141632;0.07580569599999999;0.10827776;0.063995904;0.076814336;0.100314112;0.09388544;0.08315596800000001;0.058931199999999996;0.044268544;0.055988224;0.048500736;0.048065536;0.06268928;0.04590796799999999;0.02281472;0.025182207999999998;0.017583104;0.013162496000000001;0.017330176000000003;0.022041599999999998;0.012519424000000001;0.011150335999999999;0.009812992;0.007218176;0.006248447999999999;0.004462592;0.005037056;0.006294528;0.004074496;0.004082688;0.005603328;0.0040243200000000005;0.002945024;0.002130944;0.0019968;0.001754112;0.001118208;0.001408;0.001325056;0.001938432;0.001373184;0.001420288;0.001778688;0.0015103999999999999;0.0012687360000000001;0.00146944;0.001374208;0.001002496;0.001527808;0.0021534719999999996;0.001462272;0.0016773119999999998;0.001792;0.0011427840000000002;0.001792;0.002204672;0.001420288;0.001133568;0.001344512;0.0014858240000000002;0.000992256;0.001138688;0.0009297919999999999;0.0017018880000000001;0.001498112;0.00101376;0.00077824;0.0007086080000000001;0.000789504;0.00082432
1790138700,hdr,0.0293;0.03906;0.04883;0.05859;0.06836;0.07813;0.08789;0.09766;0.10742;0.11719;0.12695;0.13672;0.14648;0.15625;0.16602;0.17578;0.18555;0.19531;0.20508;0.21484;0.22461;0.23438;0.24414;0.25391;0.26367;0.27344;0.2832;0.29297;0.30273;0.3125;0.32227;0.33203;0.3418;0.35156;0.36133;0.37109;0.38086;0.39063;0.40039;0.41016;0.41992;0.42969;0.43945;0.44922;0.45898;0.46875;0.47852;0.48828;0.49805;0.50781;0.51758;0.52734;0.53711;0.54688;0.55664;0.56641;0.57617;0.58594;0.5957;0.60547;0.61523;0.625;0.63477;0.64453;0.6543;0.66406;0.67383;0.68359;0.69336;0.70313;0.71289;0.72266;0.73242;0.74219;0.75195;0.76172;0.77148;0.78125;0.79102,0.007100416;0.013162496000000001;0.00826368;0.009758720000000002;0.016873471999999997;0.020718592;0.017839103999999998;0.016728063999999997;0.022878208000000004;0.038199295999999994;0.08085094400000001;0.119964672;0.10790604799999999;0.067707904;0.070235136;0.062051328;0.077083648;0.06901248;0.056920064000000006;0.056595455999999995;0.045796352;0.032452607999999994;0.025677824000000002;0.03219558399999999;0.022489088;0.013400064;0.015404032000000002;0.017723392;0.012889088;0.011118591999999998;0.008788992;0.003815424;0.005266432;0.006074367999999999;0.008293376;0.007479295999999999;0.0034949119999999998;0.004320256;0.0048312319999999995;0.004139008;0.002791424;0.001861632;0.00187904;0.001876992;0.002014208;0.001168384;0.0020244480000000003;0.0024801280000000003;0.001805312;0.0016168960000000003;0.001538048;0.001798144;0.00164864;0.001702912;0.001513472;0.001816576;0.002071552;0.0021227520000000003;0.002659328;0.003318784;0.003908608;0.002402304;0.0012032;0.001091584;0.00153088;0.001752064;0.00155648;0.001870848;0.0012441599999999998;0.0009615359999999999;0.0008488959999999999;0.0009287680000000001;0.0011509760000000002;0.001283072;0.001089536;0.000924672;0.0007219199999999999;0.0006840319999999999;0.0008110079999999999
1790139600,hdr,0.0293;0.03906;0.04883;0.05859;0.06836;0.07813;0.08789;0.09766;0.10742;0.11719;0.12695;0.13672;0.14648;0.15625;0.16602;0.17578;0.18555;0.19531;0.20508;0.21484;0.22461;0.23438;0.24414;0.25391;0.26367;0.27344;0.2832;0.29297;0.30273;0.3125;0.32227;0.33203;0.3418;0.35156;0.36133;0.37109;0.38086;0.39063;0.40039;0.41016;0.41992;0.42969;0.43945;0.44922;0.45898;0.46875;0.47852;0.48828;0.49805;0.50781;0.51758;0.52734;0.53711;0.54688;0.55664;0.56641;0.57617;0.58594;0.5957;0.60547;0.61523;0.625;0.63477;0.64453;0.6543;0.66406;0.67383;0.68359;0.69336;0.70313;0.71289;0.72266;0.73242;0.74219;0.75195;0.76172;0.77148;0.78125;0.79102,0.006163456;0.008189952;0.008706048;0.011091967999999999;0.022104064000000003;0.015945728;0.013599743999999999;0.01381376;0.020632576;0.037817343999999996;0.06444953599999999;0.128197632;0.1072384;0.074339328;0.079637504;0.08197017599999999;0.064386048;0.047811584000000004;0.046810111999999994;0.03823616;0.027186176;0.022045696;0.025735168000000003;0.031502336;0.030635008;0.018608128;0.017170432;0.019774464;0.015998976;0.010626048;0.0061306880000000005;0.006417408;0.00633856;0.005237759999999999;0.0054159360000000005;0.004198400000000001;0.004038656;0.00351744;0.002477056;0.003736576;0.005767168;0.004004864;0.00277504;0.0032511999999999997;0.0019046400000000002;0.001641472;0.0022855680000000004;0.001683456;0.0015616000000000002;0.001436672;0.00176128;0.0013568;0.001284096;0.001374208;0.0023930880000000002;0.00239616;0.00159744;0.002219008;0.003698688;0.0031406079999999996;0.0036382720000000006;0.003463168;0.002637824;0.002089984;0.002234368;0.002361344;0.0022026240000000002;0.00163328;0.0021043200000000002;0.001557504;0.0011007999999999999;0.0013701120000000002;0.0013260799999999999;0.0009482239999999999;0.000646144;0.000796672;0.00118272;0.001214464;0.001344512
1790140500,hdr,0.0293;0.03906;0.04883;0.05859;0.06836;0.07813;0.08789;0.09766;0.10742;0.11719;0.12695;0.13672;0.14648;0.15625;0.16602;0.17578;0.18555;0.19531;0.20508;0.21484;0.22461;0.23438;0.24414;0.25391;0.26367;0.27344;0.2832;0.29297;0.30273;0.3125;0.32227;0.33203;0.3418;0.35156;0.36133;0.37109;0.38086;0.39063;0.40039;0.41016;0.41992;0.42969;0.43945;0.44922;0.45898;0.46875;0.47852;0.48828;0.49805;0.50781;0.51758;0.52734;0.53711;0.54688;0.55664;0.56641;0.57617;0.58594;0.5957;0.60547;0.61523;0.625;0.63477;0.64453;0.6543;0.66406;0.67383;0.68359;0.69336;0.70313;0.71289;0.72266;0.73242;0.74219;0.75195;0.76172;0.77148;0.78125;0.79102,0.006069247999999999;0.017924095999999997;0.017498111999999996;0.005192703999999999;0.02021376;0.025061376;0.010632191999999999;0.011708416;0.034274304000000005;0.06073651199999999;0.06921011199999999;0.05138432;0.036136959999999996;0.05023744;0.061446144;0.05329408;0.053627904000000004;0.043725824;0.04666368;0.047038464;0.040420352;0.032758784;0.036155392;0.026230784;0.020639743999999998;0.02218496;0.022290432000000002;0.01719808;0.019079167999999997;0.017022976;0.007481344;0.006418432;0.006769664;0.007701504;0.006603776;0.003162112;0.004352;0.0034713599999999997;0.003171328;0.002535424;0.0025907200000000003;0.002955264;0.002531328;0.001837056;0.001637376;0.0013987840000000001;0.0013240320000000002;0.0011673599999999999;0.001343488;0.001532928;0.0017807360000000002;0.0021524480000000004;0.0017889280000000002;0.0022026240000000002;0.002880512;0.0026685439999999997;0.0022784000000000003;0.002399232;0.0028190719999999997;0.003206144;0.0018411519999999998;0.002148352;0.00262656;0.001956864;0.002066432;0.001932288;0.001850368;0.0017305600000000001;0.001067008;0.001084416;0.000964608;0.000704512;0.0014632959999999998;0.001021952;0.000526336;0.000761856;0.0008765439999999999;0.0006144;0.0005867520000000001
1790141400,hdr,0.0293;0.03906;0.04883;0.05859;0.06836;0.07813;0.08789;0.09766;0.10742;0.11719;0.12695;0.13672;0.14648;0.15625;0.16602;0.17578;0.18555;0.19531;0.20508;0.21484;0.22461;0.23438;0.24414;0.25391;0.26367;0.27344;0.2832;0.29297;0.30273;0.3125;0.32227;0.33203;0.3418;0.35156;0.36133;0.37109;0.38086;0.39063;0.40039;0.41016;0.41992;0.42969;0.43945;0.44922;0.45898;0.46875;0.47852;0.48828;0.49805;0.50781;0.51758;0.52734;0.53711;0.54688;0.55664;0.56641;0.57617;0.58594;0.5957;0.60547;0.61523;0.625;0.63477;0.64453;0.6543;0.66406;0.67383;0.68359;0.69336;0.70313;0.71289;0.72266;0.73242;0.74219;0.75195;0.76172;0.77148;0.78125;0.79102,0.007244799999999999;0.008723456000000001;0.00540672;0.0060262399999999995;0.014194688;0.011704319999999999;0.010682368000000001;0.016011264;0.020533248;0.059063296;0.097436672;0.062778368;0.039820288;0.05855744;0.072316928;0.06658355199999999;0.036377599999999996;0.059953152;0.051526656000000004;0.047519744;0.049009664;0.034371584;0.037814272;0.032134144;0.028293119999999998;0.023468032;0.01764864;0.014050304;0.016346112;0.016581632;0.014739456;0.015364095999999999;0.008196096000000002;0.0046970879999999994;0.004054016;0.004568063999999999;0.0033812479999999995;0.00309248;0.003001344;0.002371584;0.0020162559999999997;0.0025333760000000004;0.002174976;0.001957888;0.0027658239999999996;0.0034334720000000003;0.002427904;0.001508352;0.00131072;0.0014561280000000001;0.001590272;0.0014653440000000002;0.001436672;0.001202176;0.001504256;0.001604608;0.003218432;0.003221504;0.002642944;0.003088384;0.0022732800000000004;0.002295808;0.0016384000000000001;0.001796096;0.001168384;0.0011837439999999998;0.00182272;0.0014581759999999998;0.00088576;0.000656384;0.0007352319999999999;0.001011712;0.000679936;0.0007772160000000001;0.0013148160000000001;0.000828416;0.0011468799999999999;0.001242112;0.000966656
1790142300,hdr,0.0293;0.03906;0.04883;0.05859;0.06836;0.07813;0.08789;0.09766;0.10742;0.11719;0.12695;0.13672;0.14648;0.15625;0.16602;0.17578;0.18555;0.19531;0.20508;0.21484;0.22461;0.23438;0.24414;0.25391;0.26367;0.27344;0.2832;0.29297;0.30273;0.3125;0.32227;0.33203;0.3418;0.35156;0.36133;0.37109;0.38086;0.39063;0.40039;0.41016;0.41992;0.42969;0.43945;0.44922;0.45898;0.46875;0.47852;0.48828;0.49805;0.50781;0.51758;0.52734;0.53711;0.54688;0.55664;0.56641;0.57617;0.58594;0.5957;0.60547;0.61523;0.625;0.63477;0.64453;0.6543;0.66406;0.67383;0.68359;0.69336;0.70313;0.71289;0.72266;0.73242;0.74219;0.75195;0.76172;0.77148;0.78125;0.79102,0.007899136000000001;0.009257984;0.0071393279999999995;0.003780608;0.0061286399999999994;0.008554496000000002;0.011812864;0.010227712;0.011910144000000001;0.045389824;0.10891366400000001;0.11822182399999999;0.061763584;0.041844736;0.042141696000000006;0.037438464;0.03902464;0.057179136;0.037208064;0.040198144;0.03964928;0.028138496;0.021697536;0.026768384000000003;0.027820032;0.011633663999999998;0.012599296;0.013284352000000001;0.008506368;0.007309312;0.011952128000000001;0.009187328000000002;0.008098815999999998;0.0075171840000000005;0.0055306240000000005;0.006467584000000001;0.005919743999999999;0.005630976;0.003653632;0.003023872;0.002596864;0.002226176;0.002673664;0.003473408;0.0024145919999999997;0.001632256;0.001117184;0.0011212799999999999;0.0013199359999999999;0.002675712;0.0023357440000000003;0.0026081279999999995;0.0031969280000000004;0.002958336;0.0047144959999999994;0.0046868479999999995;0.004343808;0.0036403200000000003;0.0027023359999999996;0.0012451839999999999;0.002015232;0.00272384;0.002455552;0.002514944;0.002020352;0.0018831359999999999;0.0013393919999999998;0.0015411200000000002;0.0015063040000000002;0.0017489920000000002;0.0011212799999999999;0.000664576;0.000785408;0.000893952;0.0008560640000000001;0.0007116799999999999;0.000780288;0.0007372800000000001;0.0008663039999999999
1790143200,hdr,0.0293;0.03906;0.04883;0.05859;0.06836;0.07813;0.08789;0.09766;0.10742;0.11719;0.12695;0.13672;0.14648;0.15625;0.16602;0.17578;0.18555;0.19531;0.20508;0.21484;0.22461;0.23438;0.24414;0.25391;0.26367;0.27344;0.2832;0.29297;0.30273;0.3125;0.32227;0.33203;0.3418;0.35156;0.36133;0.37109;0.38086;0.39063;0.40039;0.41016;0.41992;0.42969;0.43945;0.44922;0.45898;0.46875;0.47852;0.48828;0.49805;0.50781;0.51758;0.52734;0.53711;0.54688;0.55664;0.56641;0.57617;0.58594;0.5957;0.60547;0.61523;0.625;0.63477;0.64453;0.6543;0.66406;0.67383;0.68359;0.69336;0.70313;0.71289;0.72266;0.73242;0.74219;0.75195;0.76172;0.77148;0.78125;0.79102,0.00659456;0.011756544;0.010350592;0.007864320000000001;0.006968320000000001;0.005255168;0.006734848;0.009734144;0.012490752;0.037428224;0.10420940799999999;0.072974336;0.068539392;0.06505984;0.048789504;0.0397056;0.046483456;0.049910784;0.053254144;0.03348992;0.02236416;0.037999616;0.02412544;0.026931200000000002;0.022276096;0.029034496;0.020543488000000002;0.017711104;0.021019648000000002;0.012994559999999999;0.009950208;0.010431488;0.012593152;0.010447871999999999;0.006378496;0.005325824;0.003716096;0.003357696;0.004240384;0.0034816;0.00334336;0.0022067199999999997;0.0022538239999999998;0.0033638400000000003;0.00296448;0.001517568;0.001247232;0.001134592;0.0017602560000000002;0.0013987840000000001;0.00158208;0.002014208;0.001726464;0.002453504;0.00272896;0.002398208;0.0021268479999999998;0.001906688;0.0029870079999999998;0.003323904;0.003873792;0.0031887359999999997;0.00221696;0.0024309759999999996;0.001210368;0.0010680320000000002;0.001979392;0.002455552;0.0017203200000000002;0.001678336;0.0018411519999999998;0.0012195840000000001;0.000772096;0.00085504;0.0005898240000000001;0.00121344;0.001165312;0.001032192;0.001414144
1790144100,hdr,0.0293;0.03906;0.04883;0.05859;0.06836;0.07813;0.08789;0.09766;0.10742;0.11719;0.12695;0.13672;0.14648;0.15625;0.16602;0.17578;0.18555;0.19531;0.20508;0.21484;0.22461;0.23438;0.24414;0.25391;0.26367;0.27344;0.2832;0.29297;0.30273;0.3125;0.32227;0.33203;0.3418;0.35156;0.36133;0.37109;0.38086;0.39063;0.40039;0.41016;0.41992;0.42969;0.43945;0.44922;0.45898;0.46875;0.47852;0.48828;0.49805;0.50781;0.51758;0.52734;0.53711;0.54688;0.55664;0.56641;0.57617;0.58594;0.5957;0.60547;0.61523;0.625;0.63477;0.64453;0.6543;0.66406;0.67383;0.68359;0.69336;0.70313;0.71289;0.72266;0.73242;0.74219;0.75195;0.76172;0.77148;0.78125;0.79102,0.0018155520000000002;0.00298496;0.0071362560000000005;0.012280832;0.011681792;0.011831296;0.010918912000000001;0.01257472;0.016530432;0.04934656;0.093672448;0.08983961600000001;0.067145728;0.0453632;0.053455872;0.049542144;0.040537088;0.04126207999999999;0.036839423999999996;0.033405951999999996;0.036450304;0.02996224;0.024029184000000002;0.020011008;0.020716543999999996;0.022105088;0.01660416;0.009570304;0.012470272;0.012345344000000001;0.0123136;0.008108032;0.005123071999999999;0.0073154560000000006;0.0072263679999999995;0.005879808;0.004383743999999999;0.003653632;0.004523008;0.0063744;0.006142976;0.00418816;0.0036966399999999997;0.002816;0.002070528;0.0026849280000000005;0.002417664;0.00270336;0.004651008;0.003550208;0.0023408640000000002;0.0032604160000000004;0.002952192;0.0042885119999999995;0.00625664;0.005315584000000001;0.003538944;0.003305472;0.0031856640000000004;0.0038307840000000003;0.003852288;0.0022538239999999998;0.002173952;0.002174976;0.0017121280000000003;0.001457152;0.0008509440000000001;0.001048576;0.001220608;0.00195584;0.001533952;0.0010946560000000003;0.0012912639999999999;0.00116224;0.001052672;0.001349632;0.001933312;0.001302528;0.000910336
1790145000,hdr,0.0293;0.03906;0.04883;0.05859;0.06836;0.07813;0.08789;0.09766;0.10742;0.11719;0.12695;0.13672;0.14648;0.15625;0.16602;0.17578;0.18555;0.19531;0.20508;0.21484;0.22461;0.23438;0.24414;0.25391;0.26367;0.27344;0.2832;0.29297;0.30273;0.3125;0.32227;0.33203;0.3418;0.35156;0.36133;0.37109;0.38086;0.39063;0.40039;0.41016;0.41992;0.42969;0.43945;0.44922;0.45898;0.46875;0.47852;0.48828;0.49805;0.50781;0.51758;0.52734;0.53711;0.54688;0.55664;0.56641;0.57617;0.58594;0.5957;0.60547;0.61523;0.625;0.63477;0.64453;0.6543;0.66406;0.67383;0.68359;0.69336;0.70313;0.71289;0.72266;0.73242;0.74219;0.75195;0.76172;0.77148;0.78125;0.79102,0.004773888;0.009616384;0.010679296;0.00712704;0.009447424;0.012527616;0.016622592000000002;0.018306048;0.01811968;0.050162688000000004;0.080811008;0.052415488;0.03367321599999999;0.044498944000000006;0.055110655999999994;0.046547968;0.03660288;0.036385792;0.041273344000000003;0.032531456;0.042914816;0.027644928;0.016013312;0.0216832;0.024480768;0.014098432000000001;0.016621568;0.021033984000000002;0.014298112;0.00781824;0.009454592000000001;0.009565184000000001;0.006115328;0.0053463040000000005;0.003551232;0.00311808;0.003369984;0.004717568;0.0041492479999999995;0.003040256;0.0030033919999999997;0.002757632;0.003459072;0.0024104960000000003;0.002420736;0.003168256;0.003733504;0.0033791999999999997;0.0031887359999999997;0.0033146879999999997;0.003427328;0.003274752;0.004806656;0.006716416;0.005838848;0.005014528;0.0042659840000000004;0.004456448;0.002929664;0.004412416;0.003295232;0.0027392;0.003667968;0.003416064;0.0037949439999999997;0.0023930880000000002;0.0025036800000000003;0.002952192;0.0022712319999999998;0.001636352;0.001523712;0.0024883199999999996;0.0029460479999999997;0.0022026240000000002;0.002011136;0.002482176;0.002576384;0.001893376;0.001480704
1790145900,hdr,0.0293;0.03906;0.04883;0.05859;0.06836;0.07813;0.08789;0.09766;0.10742;0.11719;0.12695;0.13672;0.14648;0.15625;0.16602;0.17578;0.18555;0.19531;0.20508;0.21484;0.22461;0.23438;0.24414;0.25391;0.26367;0.27344;0.2832;0.29297;0.30273;0.3125;0.32227;0.33203;0.3418;0.35156;0.36133;0.37109;0.38086;0.39063;0.40039;0.41016;0.41992;0.42969;0.43945;0.44922;0.45898;0.46875;0.47852;0.48828;0.49805;0.50781;0.51758;0.52734;0.53711;0.54688;0.55664;0.56641;0.57617;0.58594;0.5957;0.60547;0.61523;0.625;0.63477;0.64453;0.6543;0.66406;0.67383;0.68359;0.69336;0.70313;0.71289;0.72266;0.73242;0.74219;0.75195;0.76172;0.77148;0.78125;0.79102,0.00451072;0.007733248;0.005049344;0.004191232;0.010003456;0.010641408;0.012741632;0.008543232;0.01076224;0.063644672;0.132429824;0.092315648;0.05279744;0.046902272;0.049088512;0.034558976000000005;0.020162559999999996;0.027231232;0.027793408;0.031030272;0.053703680000000004;0.050081792;0.03548672;0.021454848;0.016216064;0.017781759999999997;0.016078848;0.009555968000000001;0.009729024000000001;0.012141568;0.00876032;0.0062054400000000004;0.006418432;0.006854656;0.005869568;0.005175296;0.006385664000000001;0.006736896;0.006245376;0.0034908160000000003;0.003136512;0.003221504;0.003487744;0.0037928959999999996;0.003874816;0.0038410239999999997;0.0039936;0.005082112;0.0055111679999999994;0.0075694080000000006;0.005829632;0.005279743999999999;0.006046719999999999;0.005507072;0.004677631999999999;0.005451776;0.003405824;0.005813247999999999;0.004962303999999999;0.004312064;0.003446784;0.00168448;0.003514368;0.003872768;0.002009088;0.002666496;0.0035942400000000003;0.0026398719999999997;0.0018595839999999998;0.0019968;0.0023388159999999996;0.001408;0.0011755519999999998;0.0021452800000000003;0.002265088;0.002020352;0.002752512;0.0029593600000000003;0.0016302080000000002
1790146800,hdr,0.0293;0.03906;0.04883;0.05859;0.06836;0.07813;0.08789;0.09766;0.10742;0.11719;0.12695;0.13672;0.14648;0.15625;0.16602;0.17578;0.18555;0.19531;0.20508;0.21484;0.22461;0.23438;0.24414;0.25391;0.26367;0.27344;0.2832;0.29297;0.30273;0.3125;0.32227;0.33203;0.3418;0.35156;0.36133;0.37109;0.38086;0.39063;0.40039;0.41016;0.41992;0.42969;0.43945;0.44922;0.45898;0.46875;0.47852;0.48828;0.49805;0.50781;0.51758;0.52734;0.53711;0.54688;0.55664;0.56641;0.57617;0.58594;0.5957;0.60547;0.61523;0.625;0.63477;0.64453;0.6543;0.66406;0.67383;0.68359;0.69336;0.70313;0.71289;0.72266;0.73242;0.74219;0.75195;0.76172;0.77148;0.78125;0.79102,0.00160768;0.006258688;0.006063104000000001;0.0099584;0.014757887999999999;0.007291903999999999;0.014277632000000002;0.019456;0.021272576;0.05038284800000001;0.09982975999999999;0.09470259199999999;0.07454924800000001;0.059662336;0.043747328;0.044030976;0.049837056;0.044048383999999996;0.02712064;0.029842432;0.022844415999999996;0.022940672;0.024397824000000002;0.017446912000000002;0.0135936;0.01546752;0.018845696;0.01860096;0.01272832;0.0102912;0.009433088;0.007373823999999999;0.006979584;0.009165824000000001;0.010191872;0.00775168;0.007474175999999999;0.00704512;0.004621312;0.004354048;0.0033024;0.005449728;0.007148544;0.010061824;0.011673600000000001;0.010324992;0.016141312;0.012691456;0.008037376;0.00821248;0.007103487999999999;0.005705728;0.005054464;0.007503872;0.008233984;0.006052864;0.004091904;0.00377856;0.005844992;0.004633600000000001;0.007227392;0.00474624;0.0029716480000000003;0.00255488;0.0032583679999999998;0.0024494079999999997;0.002220032;0.00321536;0.0027893759999999997;0.00210944;0.001599488;0.0016148479999999999;0.0021524480000000004;0.001992704;0.001544192;0.002418688;0.002966528;0.0020756480000000002;0.001532928
1790147700,hdr,0.0293;0.03906;0.04883;0.05859;0.06836;0.07813;0.08789;0.09766;0.10742;0.11719;0.12695;0.13672;0.14648;0.15625;0.16602;0.17578;0.18555;0.19531;0.20508;0.21484;0.22461;0.23438;0.24414;0.25391;0.26367;0.27344;0.2832;0.29297;0.30273;0.3125;0.32227;0.33203;0.3418;0.35156;0.36133;0.37109;0.38086;0.39063;0.40039;0.41016;0.41992;0.42969;0.43945;0.44922;0.45898;0.46875;0.47852;0.48828;0.49805;0.50781;0.51758;0.52734;0.53711;0.54688;0.55664;0.56641;0.57617;0.58594;0.5957;0.60547;0.61523;0.625;0.63477;0.64453;0.6543;0.66406;0.67383;0.68359;0.69336;0.70313;0.71289;0.72266;0.73242;0.74219;0.75195;0.76172;0.77148;0.78125;0.79102,0.007812096;0.009847808000000001;0.007927808;0.007653375999999999;0.01015808;0.011471872;0.010307584000000002;0.015195136;0.024393728;0.050153472000000004;0.07952588799999999;0.078107648;0.054500352;0.053597184;0.045151232000000006;0.026585088;0.019142655999999997;0.027102208000000003;0.025939968;0.029919232;0.030702592;0.017761279999999997;0.01281024;0.017948672;0.019657728;0.016306176000000002;0.013952;0.020651008000000002;0.0152064;0.01176576;0.015427584;0.009825279999999999;0.00729088;0.00811008;0.009012224000000001;0.009859072;0.007875584;0.005820416;0.0051722240000000004;0.00428032;0.008660992000000001;0.012818432;0.011056127999999998;0.009191423999999998;0.010037248;0.013477888;0.011490304;0.012866559999999999;0.008873984;0.008937472;0.014396416;0.007386112;0.008448;0.008870912;0.007709696;0.006874112;0.006189055999999999;0.006074367999999999;0.003145728;0.003011584;0.003771392;0.003024896;0.0029009920000000002;0.002924544;0.002888704;0.0039495680000000005;0.0022855680000000004;0.0028303359999999997;0.004062208;0.003088384;0.001799168;0.002341888;0.0025989119999999997;0.0021862400000000003;0.002379776;0.0019087359999999999;0.0020418560000000003;0.001898496;0.002275328
1790148600,hdr,0.0293;0.03906;0.04883;0.05859;0.06836;0.07813;0.08789;0.09766;0.10742;0.11719;0.12695;0.13672;0.14648;0.15625;0.16602;0.17578;0.18555;0.19531;0.20508;0.21484;0.22461;0.23438;0.24414;0.25391;0.26367;0.27344;0.2832;0.29297;0.30273;0.3125;0.32227;0.33203;0.3418;0.35156;0.36133;0.37109;0.38086;0.39063;0.40039;0.41016;0.41992;0.42969;0.43945;0.44922;0.45898;0.46875;0.47852;0.48828;0.49805;0.50781;0.51758;0.52734;0.53711;0.54688;0.55664;0.56641;0.57617;0.58594;0.5957;0.60547;0.61523;0.625;0.63477;0.64453;0.6543;0.66406;0.67383;0.68359;0.69336;0.70313;0.71289;0.72266;0.73242;0.74219;0.75195;0.76172;0.77148;0.78125;0.79102,0.005429248;0.01103872;0.00685568;0.004558848;0.010855423999999999;0.013609984;0.011964415999999999;0.015135744000000001;0.018569216;0.07321088;0.18879897600000003;0.17380864;0.096536576;0.056522752;0.05665792;0.040677376;0.027778048;0.031465472;0.032055296;0.024364032000000004;0.022320128;0.019679232;0.013522944000000002;0.012852224;0.031596544000000004;0.023945216;0.017038335999999998;0.015824896;0.017683455999999997;0.014203904;0.006762495999999999;0.008328192;0.013213696;0.0056555519999999995;0.004859904000000001;0.009697279999999999;0.009951232;0.008598528000000001;0.008302592000000001;0.009132032000000002;0.008592384;0.006705152;0.006176768;0.005536768;0.009780224;0.010231807999999998;0.008988671999999998;0.012704768;0.011461632;0.008918015999999999;0.006304768;0.0049582079999999995;0.0054138879999999995;0.0042035200000000005;0.003908608;0.00363008;0.0046469120000000004;0.003574784;0.004050944000000001;0.004683776;0.00351744;0.002835456;0.0036116480000000003;0.0034406400000000005;0.002265088;0.002060288;0.003311616;0.0025456639999999996;0.003236864;0.001984512;0.002184192;0.002171904;0.0017643519999999998;0.001371136;0.0011796480000000002;0.001384448;0.001855488;0.0016128;0.00116224
1790149500,hdr,0.0293;0.03906;0.04883;0.05859;0.06836;0.07813;0.08789;0.09766;0.10742;0.11719;0.12695;0.13672;0.14648;0.15625;0.16602;0.17578;0.18555;0.19531;0.20508;0.21484;0.22461;0.23438;0.24414;0.25391;0.26367;0.27344;0.2832;0.29297;0.30273;0.3125;0.32227;0.33203;0.3418;0.35156;0.36133;0.37109;0.38086;0.39063;0.40039;0.41016;0.41992;0.42969;0.43945;0.44922;0.45898;0.46875;0.47852;0.48828;0.49805;0.50781;0.51758;0.52734;0.53711;0.54688;0.55664;0.56641;0.57617;0.58594;0.5957;0.60547;0.61523;0.625;0.63477;0.64453;0.6543;0.66406;0.67383;0.68359;0.69336;0.70313;0.71289;0.72266;0.73242;0.74219;0.75195;0.76172;0.77148;0.78125;0.79102,0.0024616959999999998;0.005238784;0.005502976000000001;0.00764928;0.013819904;0.00631296;0.0057200639999999995;0.00884224;0.019596288;0.04447436799999999;0.087094272;0.09444044800000001;0.07435468799999999;0.042184704;0.043718656;0.050482176;0.04066816;0.053779456;0.048407552000000006;0.031970304;0.020263936000000003;0.014273536;0.018213887999999998;0.019084288;0.018764799999999998;0.023235584;0.025016319999999998;0.022295552;0.013566976000000001;0.00856064;0.013841408;0.022502400000000002;0.019011583999999998;0.014003199999999999;0.011475968000000001;0.012222464;0.006791167999999999;0.005758976;0.010650624;0.011487232;0.008889343999999999;0.005838848;0.0057497600000000005;0.005781504;0.0060958720000000004;0.007026688;0.006930431999999999;0.008980479999999999;0.010605568;0.007627776;0.004614144;0.006283264;0.007155712000000001;0.004727808;0.006838272;0.004104192;0.003427328;0.0030033919999999997;0.0022702079999999997;0.002056192;0.0024801280000000003;0.002816;0.003511296;0.004062208;0.0031907839999999995;0.002556928;0.0024309759999999996;0.002021376;0.0020029439999999996;0.002062336;0.001662976;0.0018698239999999997;0.00241152;0.001931264;0.0018196479999999999;0.002569216;0.002148352;0.001468416;0.001552384
1790150400,hdr,0.0293;0.03906;0.04883;0.05859;0.06836;0.07813;0.08789;0.09766;0.10742;0.11719;0.12695;0.13672;0.14648;0.15625;0.16602;0.17578;0.18555;0.19531;0.20508;0.21484;0.22461;0.23438;0.24414;0.25391;0.26367;0.27344;0.2832;0.29297;0.30273;0.3125;0.32227;0.33203;0.3418;0.35156;0.36133;0.37109;0.38086;0.39063;0.40039;0.41016;0.41992;0.42969;0.43945;0.44922;0.45898;0.46875;0.47852;0.48828;0.49805;0.50781;0.51758;0.52734;0.53711;0.54688;0.55664;0.56641;0.57617;0.58594;0.5957;0.60547;0.61523;0.625;0.63477;0.64453;0.6543;0.66406;0.67383;0.68359;0.69336;0.70313;0.71289;0.72266;0.73242;0.74219;0.75195;0.76172;0.77148;0.78125;0.79102,0.003779584;0.010812416000000002;0.011919359999999999;0.010520576;0.006948864000000001;0.008592384;0.007053312;0.012270592;0.020398080000000002;0.03606937599999999;0.057796608;0.092039168;0.098976768;0.047142912;0.046311424;0.03938816;0.03693363200000001;0.036553728;0.032108544;0.019202048000000003;0.03285401600000001;0.025790464;0.01900544;0.017179648000000002;0.020245504;0.013585408;0.019823616000000002;0.021070848000000003;0.023023616;0.02604544;0.013089792;0.01098752;0.011684864;0.0151296;0.011846655999999999;0.006452224;0.009124864000000002;0.01549824;0.014327808;0.008557568;0.007011328;0.008398848;0.009649152;0.009188352;0.007512064;0.00882176;0.008438784;0.0093696;0.008835072;0.005825536;0.0073953280000000005;0.006711296;0.005808128;0.005896192;0.005226496;0.00464896;0.004312064;0.005494784000000001;0.004217856000000001;0.0028149760000000003;0.0022712319999999998;0.002368512;0.003166208;0.0026245120000000003;0.00273408;0.0025180159999999997;0.0029122560000000002;0.0026071040000000003;0.002097152;0.0019537919999999998;0.00209408;0.002542592;0.001867776;0.001975296;0.001652736;0.000799744;0.00164864;0.001845248;0.001635328
1790151300,hdr,0.0293;0.03906;0.04883;0.05859;0.06836;0.07813;0.08789;0.09766;0.10742;0.11719;0.12695;0.13672;0.14648;0.15625;0.16602;0.17578;0.18555;0.19531;0.20508;0.21484;0.22461;0.23438;0.24414;0.25391;0.26367;0.27344;0.2832;0.29297;0.30273;0.3125;0.32227;0.33203;0.3418;0.35156;0.36133;0.37109;0.38086;0.39063;0.40039;0.41016;0.41992;0.42969;0.43945;0.44922;0.45898;0.46875;0.47852;0.48828;0.49805;0.50781;0.51758;0.52734;0.53711;0.54688;0.55664;0.56641;0.57617;0.58594;0.5957;0.60547;0.61523;0.625;0.63477;0.64453;0.6543;0.66406;0.67383;0.68359;0.69336;0.70313;0.71289;0.72266;0.73242;0.74219;0.75195;0.76172;0.77148;0.78125;0.79102,0.004167679999999999;0.012367872;0.014604288;0.010186752;0.01092608;0.009371648000000002;0.008261632000000001;0.013288448;0.010437632000000002;0.036712448;0.094236672;0.13045350400000003;0.08101887999999999;0.051961856;0.042907648;0.032518144;0.022009856;0.018912256;0.025556992;0.028663808000000002;0.022233087999999998;0.015890432;0.022267904;0.024417280000000003;0.023548928;0.016117760000000002;0.019008511999999998;0.016523264000000003;0.01470464;0.009252864000000001;0.007156736000000001;0.019920896;0.021070848000000003;0.016755712;0.015555583999999999;0.012813312;0.01103872;0.011240448;0.008650752000000001;0.009936896;0.011518976;0.010268672000000001;0.007784448;0.00961536;0.011114496000000001;0.00818688;0.008081408;0.0068577280000000004;0.005663744000000001;0.009161728000000001;0.01001984;0.008923135999999998;0.008634368;0.0061532159999999995;0.0063078399999999995;0.007693312;0.007202816000000001;0.005330944;0.004077568;0.00404992;0.0028846080000000003;0.003587072;0.003129344;0.0018810880000000002;0.0018882559999999998;0.0027740160000000002;0.0033024;0.002676736;0.001337344;0.001053696;0.00135168;0.0019128320000000002;0.001900544;0.001391616;0.00159744;0.001403904;0.001570816;0.001650688;0.001624064
1790152200,hdr,0.0293;0.03906;0.04883;0.05859;0.06836;0.07813;0.08789;0.09766;0.10742;0.11719;0.12695;0.13672;0.14648;0.15625;0.16602;0.17578;0.18555;0.19531;0.20508;0.21484;0.22461;0.23438;0.24414;0.25391;0.26367;0.27344;0.2832;0.29297;0.30273;0.3125;0.32227;0.33203;0.3418;0.35156;0.36133;0.37109;0.38086;0.39063;0.40039;0.41016;0.41992;0.42969;0.43945;0.44922;0.45898;0.46875;0.47852;0.48828;0.49805;0.50781;0.51758;0.52734;0.53711;0.54688;0.55664;0.56641;0.57617;0.58594;0.5957;0.60547;0.61523;0.625;0.63477;0.64453;0.6543;0.66406;0.67383;0.68359;0.69336;0.70313;0.71289;0.72266;0.73242;0.74219;0.75195;0.76172;0.77148;0.78125;0.79102,0.001906688;0.0020797439999999997;0.00030617599999999996;0.003073024;0.007541760000000001;0.008521728;0.006801408;0.013406208;0.01995776;0.035048448;0.053134336;0.09597849600000001;0.110384128;0.062944256;0.051062784;0.04592128000000001;0.033431552;0.033201152000000005;0.032283648;0.032412672000000003;0.027898879999999997;0.038921216;0.025544703999999998;0.019820544000000002;0.022358015999999998;0.022032384000000002;0.016799744;0.016544768;0.021195776;0.01754112;0.017630207999999998;0.018192384000000002;0.014597120000000002;0.013707264;0.017263616;0.019729408;0.01661952;0.014034943999999999;0.011231232;0.014055424;0.00927232;0.010060800000000002;0.00966144;0.006499328;0.007973888;0.00927744;0.0075724799999999995;0.012151808;0.008761343999999999;0.00921088;0.009217023999999999;0.008761343999999999;0.007501824;0.010015744;0.008704;0.003857408;0.00541696;0.004632576;0.004621312;0.004881408;0.0044605439999999994;0.003908608;0.001769472;0.0017930239999999998;0.00247296;0.0024903679999999997;0.001666048;0.001779712;0.002398208;0.0014878720000000001;0.001455104;0.00160256;0.00190976;0.002048;0.0016906239999999997;0.0016732160000000002;0.001523712;0.0016138239999999998;0.002409472
1790153100,hdr,0.0293;0.03906;0.04883;0.05859;0.06836;0.07813;0.08789;0.09766;0.10742;0.11719;0.12695;0.13672;0.14648;0.15625;0.16602;0.17578;0.18555;0.19531;0.20508;0.21484;0.22461;0.23438;0.24414;0.25391;0.26367;0.27344;0.2832;0.29297;0.30273;0.3125;0.32227;0.33203;0.3418;0.35156;0.36133;0.37109;0.38086;0.39063;0.40039;0.41016;0.41992;0.42969;0.43945;0.44922;0.45898;0.46875;0.47852;0.48828;0.49805;0.50781;0.51758;0.52734;0.53711;0.54688;0.55664;0.56641;0.57617;0.58594;0.5957;0.60547;0.61523;0.625;0.63477;0.64453;0.6543;0.66406;0.67383;0.68359;0.69336;0.70313;0.71289;0.72266;0.73242;0.74219;0.75195;0.76172;0.77148;0.78125;0.79102,0.004677631999999999;0.009118719999999999;0.00425472;0.0071393279999999995;0.012878848;0.009264127999999998;0.007855104;0.015186944;0.018029568000000003;0.024112127999999997;0.086854656;0.171019264;0.108975104;0.101354496;0.06561996799999999;0.042039296000000004;0.053679104;0.041117696;0.03267072;0.02333184;0.021584896;0.028184576;0.029117439999999998;0.019547136;0.023781376;0.019720191999999998;0.019400704;0.016781312;0.020784128;0.018179072;0.01659392;0.018734079999999997;0.019269632000000002;0.02160128;0.01746432;0.017485824;0.019083264;0.012745728;0.01511936;0.017682431999999998;0.012793856;0.012485632000000002;0.011309056000000001;0.008144895999999999;0.012618752;0.011165696;0.009284608;0.009427968;0.006260736;0.005183487999999999;0.008326144;0.012126208000000001;0.008769536;0.0068096;0.004473856;0.003852288;0.002579456;0.003355648;0.004665344;0.003733504;0.00338432;0.0026859519999999997;0.003526656;0.002108416;0.0021248;0.003621888;0.00278016;0.002300928;0.002500608;0.001854464;0.002379776;0.002379776;0.0018810880000000002;0.0021524480000000004;0.0025200640000000002;0.002996224;0.002272256;0.0015851519999999998;0.001998848
1790154000,hdr,0.0293;0.03906;0.04883;0.05859;0.06836;0.07813;0.08789;0.09766;0.10742;0.11719;0.12695;0.13672;0.14648;0.15625;0.16602;0.17578;0.18555;0.19531;0.20508;0.21484;0.22461;0.23438;0.24414;0.25391;0.26367;0.27344;0.2832;0.29297;0.30273;0.3125;0.32227;0.33203;0.3418;0.35156;0.36133;0.37109;0.38086;0.39063;0.40039;0.41016;0.41992;0.42969;0.43945;0.44922;0.45898;0.46875;0.47852;0.48828;0.49805;0.50781;0.51758;0.52734;0.53711;0.54688;0.55664;0.56641;0.57617;0.58594;0.5957;0.60547;0.61523;0.625;0.63477;0.64453;0.6543;0.66406;0.67383;0.68359;0.69336;0.70313;0.71289;0.72266;0.73242;0.74219;0.75195;0.76172;0.77148;0.78125;0.79102,0.001839104;0.001926144;0.002269184;0.004668415999999999;0.011994112;0.012510208;0.010000384;0.01368576;0.021701632000000002;0.042914816;0.103238656;0.187102208;0.127591424;0.059511808000000006;0.046864383999999995;0.03616768;0.035267584000000005;0.024774656;0.020064256000000003;0.0161536;0.016943104000000004;0.025158655999999998;0.020487168;0.023844864;0.026399744;0.02533376;0.0279808;0.031997952;0.024459263999999998;0.015193088;0.017343488;0.011935743999999998;0.018473984;0.017144832000000002;0.023199743999999998;0.020252672;0.014575616;0.01319936;0.015988736;0.017343488;0.014361599999999999;0.009483264000000002;0.008841215999999999;0.009761792;0.007242752000000001;0.007625728;0.009960448;0.009417728;0.013201408000000001;0.011571199999999999;0.008417280000000001;0.007542784;0.007892992;0.00920064;0.006566912;0.005134336000000001;0.003236864;0.002697216;0.0033884159999999996;0.0030126080000000004;0.003969024;0.0033812479999999995;0.003844096;0.0039936;0.002700288;0.003301376;0.003723264;0.003625984;0.003224576;0.00262144;0.002724864;0.0030945279999999996;0.0022968320000000004;0.0016087039999999999;0.00136192;0.002445312;0.0021196799999999997;0.0019824639999999998;0.002456576
1790154900,hdr,0.0293;0.03906;0.04883;0.05859;0.06836;0.07813;0.08789;0.09766;0.10742;0.11719;0.12695;0.13672;0.14648;0.15625;0.16602;0.17578;0.18555;0.19531;0.20508;0.21484;0.22461;0.23438;0.24414;0.25391;0.26367;0.27344;0.2832;0.29297;0.30273;0.3125;0.32227;0.33203;0.3418;0.35156;0.36133;0.37109;0.38086;0.39063;0.40039;0.41016;0.41992;0.42969;0.43945;0.44922;0.45898;0.46875;0.47852;0.48828;0.49805;0.50781;0.51758;0.52734;0.53711;0.54688;0.55664;0.56641;0.57617;0.58594;0.5957;0.60547;0.61523;0.625;0.63477;0.64453;0.6543;0.66406;0.67383;0.68359;0.69336;0.70313;0.71289;0.72266;0.73242;0.74219;0.75195;0.76172;0.77148;0.78125;0.79102,0.002354176;0.004491264;0.006658048;0.005105663999999999;0.012882944;0.010917887999999999;0.008423424;0.0072857600000000005;0.014712832;0.032280576000000005;0.09827225599999999;0.20437196800000001;0.15261081599999998;0.078065664;0.08716288;0.082470912;0.050504704;0.047476736000000005;0.040610816;0.037066752;0.02612224;0.013342719999999999;0.018656255999999996;0.016651264000000002;0.019369984;0.027149312;0.031343616000000005;0.027678719999999997;0.029280256;0.018912256;0.018357248;0.032314368;0.022726655999999998;0.015113216;0.018044928;0.012370944;0.016748543999999997;0.017544192;0.013039616;0.010107904000000001;0.017680384;0.020163584;0.023585792;0.018369536;0.013792256;0.010534912;0.012150784;0.01162752;0.006853632;0.005095424;0.0057968640000000005;0.0045373440000000004;0.00534016;0.005610496;0.006981632000000001;0.006478848;0.005752831999999999;0.004593664000000001;0.0029634559999999997;0.0027473920000000004;0.003245056;0.005675008;0.00546816;0.0023439359999999996;0.0035706880000000002;0.004457472;0.00272896;0.002413568;0.0019773440000000002;0.002813952;0.0027279360000000002;0.0035952639999999995;0.0036280320000000002;0.002509824;0.001651712;0.001763328;0.001959936;0.0017561599999999999;0.001795072
1790155800,hdr,0.0293;0.03906;0.04883;0.05859;0.06836;0.07813;0.08789;0.09766;0.10742;0.11719;0.12695;0.13672;0.14648;0.15625;0.16602;0.17578;0.18555;0.19531;0.20508;0.21484;0.22461;0.23438;0.24414;0.25391;0.26367;0.27344;0.2832;0.29297;0.30273;0.3125;0.32227;0.33203;0.3418;0.35156;0.36133;0.37109;0.38086;0.39063;0.40039;0.41016;0.41992;0.42969;0.43945;0.44922;0.45898;0.46875;0.47852;0.48828;0.49805;0.50781;0.51758;0.52734;0.53711;0.54688;0.55664;0.56641;0.57617;0.58594;0.5957;0.60547;0.61523;0.625;0.63477;0.64453;0.6543;0.66406;0.67383;0.68359;0.69336;0.70313;0.71289;0.72266;0.73242;0.74219;0.75195;0.76172;0.77148;0.78125;0.79102,0.00275456;0.003986432;0.0017459199999999998;0.001180672;0.004256768;0.010082304;0.00470528;0.01111552;0.011327488000000002;0.037679104;0.08940031999999999;0.16550911999999998;0.12457472;0.055968767999999995;0.042430464;0.041219072;0.037440511999999995;0.027224064;0.025844736;0.023708672;0.026557439999999998;0.021051392;0.018685952000000002;0.015102976;0.024636416;0.040764416;0.036511744;0.022966272;0.018975744;0.017544192;0.01503232;0.015197183999999999;0.025834496000000002;0.025048064;0.014055424;0.025085951999999998;0.021517312;0.010175488;0.016330752;0.017649664;0.012522496000000001;0.014083072;0.0157696;0.007629824;0.010180608;0.01293824;0.014732288;0.013033471999999999;0.010424319999999999;0.007815167999999999;0.008925184;0.011259904000000001;0.010722304;0.004855808;0.003852288;0.0049408;0.005528576;0.005738495999999999;0.0046991360000000005;0.00494592;0.004140032;0.003303424;0.003621888;0.0034252799999999997;0.00255488;0.00399872;0.0049080320000000005;0.0030607359999999997;0.002863104;0.002477056;0.0027555839999999997;0.002138112;0.0020572159999999997;0.002663424;0.002573312;0.001944576;0.002254848;0.001806336;0.002967552
1790156700,hdr,0.0293;0.03906;0.04883;0.05859;0.06836;0.07813;0.08789;0.09766;0.10742;0.11719;0.12695;0.13672;0.14648;0.15625;0.16602;0.17578;0.18555;0.19531;0.20508;0.21484;0.22461;0.23438;0.24414;0.25391;0.26367;0.27344;0.2832;0.29297;0.30273;0.3125;0.32227;0.33203;0.3418;0.35156;0.36133;0.37109;0.38086;0.39063;0.40039;0.41016;0.41992;0.42969;0.43945;0.44922;0.45898;0.46875;0.47852;0.48828;0.49805;0.50781;0.51758;0.52734;0.53711;0.54688;0.55664;0.56641;0.57617;0.58594;0.5957;0.60547;0.61523;0.625;0.63477;0.64453;0.6543;0.66406;0.67383;0.68359;0.69336;0.70313;0.71289;0.72266;0.73242;0.74219;0.75195;0.76172;0.77148;0.78125;0.79102,0.002686976;0.002423808;0.0029982719999999997;0.005735424;0.0082944;0.015179775999999999;0.010484736;0.012447744;0.017748992;0.027782144;0.049582079999999994;0.090256384;0.11415347199999999;0.102701056;0.06996377599999999;0.092419072;0.061485055999999996;0.03511296;0.022209536;0.020226048;0.02121216;0.023981056;0.020578304;0.024449024;0.019311616;0.028407808;0.035380224;0.021449727999999998;0.018279424;0.018506752;0.024221696;0.02943488;0.021697536;0.013319168;0.020867072;0.022846464;0.01839104;0.015942656;0.010765311999999999;0.011280384;0.01627648;0.015195136;0.0132352;0.01585152;0.012832768;0.01041408;0.01464832;0.012449792000000001;0.00884736;0.006938624;0.011197440000000001;0.008629247999999999;0.006972416;0.008364031999999999;0.005097472;0.003798016;0.003785728;0.003027968;0.00361984;0.004450304;0.003239936;0.0028303359999999997;0.0033617919999999997;0.0034990079999999996;0.0027381760000000006;0.001708032;0.00272384;0.002716672;0.0032;0.003661824;0.00300544;0.002321408;0.002444288;0.0028272640000000003;0.002066432;0.002748416;0.002615296;0.0023941119999999995;0.001447936
1790157600,hdr,0.0293;0.03906;0.04883;0.05859;0.06836;0.07813;0.08789;0.09766;0.10742;0.11719;0.12695;0.13672;0.14648;0.15625;0.16602;0.17578;0.18555;0.19531;0.20508;0.21484;0.22461;0.23438;0.24414;0.25391;0.26367;0.27344;0.2832;0.29297;0.30273;0.3125;0.32227;0.33203;0.3418;0.35156;0.36133;0.37109;0.38086;0.39063;0.40039;0.41016;0.41992;0.42969;0.43945;0.44922;0.45898;0.46875;0.47852;0.48828;0.49805;0.50781;0.51758;0.52734;0.53711;0.54688;0.55664;0.56641;0.57617;0.58594;0.5957;0.60547;0.61523;0.625;0.63477;0.64453;0.6543;0.66406;0.67383;0.68359;0.69336;0.70313;0.71289;0.72266;0.73242;0.74219;0.75195;0.76172;0.77148;0.78125;0.79102,0.0005744639999999999;0.00309248;0.0030033919999999997;0.0033003520000000003;0.0022712319999999998;0.006801408;0.008641536;0.01932288;0.036284416;0.056090624;0.065104896;0.07976857600000001;0.104139776;0.069998592;0.06931046399999999;0.054658048;0.03808768;0.031178752;0.038549504;0.060926976;0.042775551999999994;0.034565120000000005;0.030251008;0.029458431999999996;0.027281408;0.017994751999999996;0.015908863999999998;0.023059456000000002;0.021501951999999998;0.019490815999999998;0.021040128;0.013960192;0.017742848;0.032868351999999997;0.031282176;0.027764736;0.022019072;0.021417984;0.01859584;0.018337792000000002;0.014162944;0.014389248;0.016789504;0.021924864;0.021408768;0.015071232;0.009974784;0.013353984000000001;0.011741184000000002;0.008383488;0.006222848;0.0071290880000000004;0.004942848;0.0045076479999999995;0.006139904;0.005203968;0.003487744;0.004130816000000001;0.005804032;0.005454848;0.00474624;0.00451072;0.0033546239999999996;0.002207744;0.002748416;0.004397056000000001;0.003018752;0.0013987840000000001;0.001624064;0.0030207999999999997;0.003478528;0.0026900479999999996;0.003026944;0.002475008;0.0023818240000000003;0.002564096;0.002015232;0.001870848;0.002156544
1790158500,hdr,0.0293;0.03906;0.04883;0.05859;0.06836;0.07813;0.08789;0.09766;0.10742;0.11719;0.12695;0.13672;0.14648;0.15625;0.16602;0.17578;0.18555;0.19531;0.20508;0.21484;0.22461;0.23438;0.24414;0.25391;0.26367;0.27344;0.2832;0.29297;0.30273;0.3125;0.32227;0.33203;0.3418;0.35156;0.36133;0.37109;0.38086;0.39063;0.40039;0.41016;0.41992;0.42969;0.43945;0.44922;0.45898;0.46875;0.47852;0.48828;0.49805;0.50781;0.51758;0.52734;0.53711;0.54688;0.55664;0.56641;0.57617;0.58594;0.5957;0.60547;0.61523;0.625;0.63477;0.64453;0.6543;0.66406;0.67383;0.68359;0.69336;0.70313;0.71289;0.72266;0.73242;0.74219;0.75195;0.76172;0.77148;0.78125;0.79102,0.001650688;0.004257792000000001;0.0023336960000000006;0.005330944;0.011421696;0.00603648;0.006423552;0.014446592000000001;0.02455552;0.049696767999999995;0.079819776;0.148562944;0.18560511999999998;0.15301632;0.100450304;0.091549696;0.07449395199999999;0.041629696;0.036200448;0.029623295999999997;0.031936512;0.042758144;0.03814912;0.029654016;0.019707904;0.02226176;0.035792896;0.031044608;0.020144127999999997;0.028724224;0.032152576;0.023624704;0.022100992000000003;0.014984192;0.024742912;0.028981248;0.021784576;0.016611328;0.017686528;0.015637504;0.016609279999999997;0.018488320000000003;0.019903488;0.01504768;0.016758784;0.016131072;0.011469823999999998;0.006573056000000001;0.005810176;0.005968896;0.007297024;0.006163456;0.007258112;0.005994496;0.004322304;0.00444928;0.007784448;0.007629824;0.005195776000000001;0.004844544;0.0019712;0.002453504;0.003267584;0.0036239360000000003;0.004840448000000001;0.004195328;0.003748864;0.003795968;0.003815424;0.003063808;0.0036085759999999996;0.002458624;0.002154496;0.001650688;0.0016138239999999998;0.00283136;0.002143232;0.001734656;0.001754112
1790159400,hdr,0.0293;0.03906;0.04883;0.05859;0.06836;0.07813;0.08789;0.09766;0.10742;0.11719;0.12695;0.13672;0.14648;0.15625;0.16602;0.17578;0.18555;0.19531;0.20508;0.21484;0.22461;0.23438;0.24414;0.25391;0.26367;0.27344;0.2832;0.29297;0.30273;0.3125;0.32227;0.33203;0.3418;0.35156;0.36133;0.37109;0.38086;0.39063;0.40039;0.41016;0.41992;0.42969;0.43945;0.44922;0.45898;0.46875;0.47852;0.48828;0.49805;0.50781;0.51758;0.52734;0.53711;0.54688;0.55664;0.56641;0.57617;0.58594;0.5957;0.60547;0.61523;0.625;0.63477;0.64453;0.6543;0.66406;0.67383;0.68359;0.69336;0.70313;0.71289;0.72266;0.73242;0.74219;0.75195;0.76172;0.77148;0.78125;0.79102,0.0024391680000000002;0.005654528000000001;0.0040867839999999996;0.006545408;0.01631744;0.016799744;0.014786559999999999;0.018357248;0.032049152;0.076274688;0.098825216;0.12779008;0.21812736000000002;0.18381312;0.101291008;0.094790656;0.071462912;0.048420864;0.040219648000000004;0.033982464;0.043153408;0.039355392;0.022638592;0.022729728;0.029284352;0.036832256;0.026862592;0.018551808;0.026569728000000004;0.043701248;0.040828928;0.02865152;0.034820095999999995;0.021875712;0.016451583999999998;0.022630400000000002;0.024144896;0.025787392;0.017581056;0.015729663999999997;0.021879808;0.021065728;0.015102976;0.016739328;0.015843328;0.016448512000000002;0.013370367999999999;0.007346175999999999;0.013123583999999999;0.01505792;0.012218368;0.007293952;0.005636096;0.005477375999999999;0.006598656;0.009381888000000001;0.0053340160000000005;0.004909055999999999;0.005833728;0.005394432;0.004369408;0.0033812479999999995;0.0037632;0.004913152;0.004242432;0.004819968;0.005200896000000001;0.004408319999999999;0.003011584;0.0033464320000000003;0.0027361279999999996;0.002179072;0.002115584;0.00326656;0.002968576;0.0014940160000000001;0.0015697920000000002;0.0020121600000000003;0.001998848
1790160300,hdr,0.0293;0.03906;0.04883;0.05859;0.06836;0.07813;0.08789;0.09766;0.10742;0.11719;0.12695;0.13672;0.14648;0.15625;0.16602;0.17578;0.18555;0.19531;0.20508;0.21484;0.22461;0.23438;0.24414;0.25391;0.26367;0.27344;0.2832;0.29297;0.30273;0.3125;0.32227;0.33203;0.3418;0.35156;0.36133;0.37109;0.38086;0.39063;0.40039;0.41016;0.41992;0.42969;0.43945;0.44922;0.45898;0.46875;0.47852;0.48828;0.49805;0.50781;0.51758;0.52734;0.53711;0.54688;0.55664;0.56641;0.57617;0.58594;0.5957;0.60547;0.61523;0.625;0.63477;0.64453;0.6543;0.66406;0.67383;0.68359;0.69336;0.70313;0.71289;0.72266;0.73242;0.74219;0.75195;0.76172;0.77148;0.78125;0.79102,0.004851712;0.008016895999999999;0.007584768;0.009176064000000001;0.01373696;0.014547968;0.010683392;0.015473663999999998;0.020714496;0.035108864;0.050520063999999996;0.12307660799999999;0.207490048;0.185412608;0.1817344;0.082188288;0.061933568;0.06114304;0.038444031999999996;0.028737536;0.042236928;0.045613056;0.045400064;0.041372672;0.033355776;0.03874816;0.030008319999999998;0.032463872000000005;0.027542528000000004;0.032287744;0.032128;0.037653504;0.044013567999999996;0.028307455999999998;0.025331712;0.019342335999999998;0.015889408;0.021436416;0.020533248;0.013967359999999998;0.015598592000000001;0.017340416;0.014708736;0.014105600000000001;0.019030016;0.01522176;0.011097088;0.012995584;0.016109567999999998;0.012246016;0.006423552;0.005761024;0.010328064;0.009967616;0.0066816;0.006024192;0.005204992;0.00597504;0.005433344;0.0044103680000000004;0.003675136;0.0024084479999999997;0.002658304;0.004258816;0.004278272;0.0038932479999999998;0.003678208;0.003603456;0.003565568;0.0034498560000000003;0.001865728;0.002387968;0.002523136;0.002348032;0.002064384;0.0017182719999999999;0.001250304;0.001206272;0.0022374400000000003
1790161200,hdr,0.0293;0.03906;0.04883;0.05859;0.06836;0.07813;0.08789;0.09766;0.10742;0.11719;0.12695;0.13672;0.14648;0.15625;0.16602;0.17578;0.18555;0.19531;0.20508;0.21484;0.22461;0.23438;0.24414;0.25391;0.26367;0.27344;0.2832;0.29297;0.30273;0.3125;0.32227;0.33203;0.3418;0.35156;0.36133;0.37109;0.38086;0.39063;0.40039;0.41016;0.41992;0.42969;0.43945;0.44922;0.45898;0.46875;0.47852;0.48828;0.49805;0.50781;0.51758;0.52734;0.53711;0.54688;0.55664;0.56641;0.57617;0.58594;0.5957;0.60547;0.61523;0.625;0.63477;0.64453;0.6543;0.66406;0.67383;0.68359;0.69336;0.70313;0.71289;0.72266;0.73242;0.74219;0.75195;0.76172;0.77148;0.78125;0.79102,0.004829183999999999;0.0100096;0.005736448;0.006749183999999999;0.013806592000000001;0.014091264000000001;0.01446912;0.013628415999999999;0.022161408000000004;0.04157952;0.17690624;0.33164902399999996;0.22237491199999998;0.134817792;0.174513152;0.136902656;0.08835686400000001;0.05245132799999999;0.040855552;0.069965824;0.046953471999999996;0.037179392;0.043433984;0.03696128;0.033753087999999994;0.025151488;0.025628672;0.043469824;0.032027648;0.028387328;0.04551577600000001;0.026498048000000003;0.02902528;0.016666624;0.017722368;0.019232768;0.034511872;0.025022464;0.020795392;0.020086784000000003;0.016041984;0.012858368;0.014872576;0.015693824;0.01021952;0.009047040000000001;0.014687232;0.016119808;0.014117888;0.014555135999999998;0.007175168000000001;0.005459968;0.008826879999999999;0.008239103999999999;0.0058347519999999995;0.005395456;0.005347328;0.005901312;0.005798911999999999;0.004901888;0.002722816;0.0034918399999999995;0.003480576;0.0036556799999999997;0.003934208;0.00441856;0.003540992;0.004383743999999999;0.005472255999999999;0.003591168;0.00290304;0.0033372160000000005;0.002934784;0.0021452800000000003;0.002097152;0.002568192;0.0020797439999999997;0.001548288;0.0018974719999999999
1790162100,hdr,0.0293;0.03906;0.04883;0.05859;0.06836;0.07813;0.08789;0.09766;0.10742;0.11719;0.12695;0.13672;0.14648;0.15625;0.16602;0.17578;0.18555;0.19531;0.20508;0.21484;0.22461;0.23438;0.24414;0.25391;0.26367;0.27344;0.2832;0.29297;0.30273;0.3125;0.32227;0.33203;0.3418;0.35156;0.36133;0.37109;0.38086;0.39063;0.40039;0.41016;0.41992;0.42969;0.43945;0.44922;0.45898;0.46875;0.47852;0.48828;0.49805;0.50781;0.51758;0.52734;0.53711;0.54688;0.55664;0.56641;0.57617;0.58594;0.5957;0.60547;0.61523;0.625;0.63477;0.64453;0.6543;0.66406;0.67383;0.68359;0.69336;0.70313;0.71289;0.72266;0.73242;0.74219;0.75195;0.76172;0.77148;0.78125;0.79102,0.0076195839999999996;0.011790335999999998;0.014391296;0.006235136;0.01142784;0.015388672;0.0041512960000000005;0.016483328000000002;0.034770944000000005;0.078870528;0.097292288;0.140690432;0.25975296;0.17969459200000001;0.125180928;0.128709632;0.06960537600000001;0.047251456;0.050394112;0.045919232000000004;0.055918591999999996;0.092929024;0.091568128;0.0532736;0.022604799999999998;0.045672448000000004;0.042123263999999994;0.044013567999999996;0.041567231999999996;0.04131020800000001;0.045101055999999994;0.03713945600000001;0.02487296;0.025588736;0.022975488;0.027528192;0.019158016;0.015203328000000002;0.02382848;0.017624064000000002;0.01230848;0.01731072;0.014682111999999999;0.01281024;0.014882816;0.010347519999999999;0.014841856;0.01292288;0.019668992;0.019037184000000002;0.015942656;0.008158208;0.0043335679999999994;0.0055930879999999995;0.005193728;0.004227072;0.00361984;0.0029061119999999998;0.002176;0.0037928959999999996;0.005840896;0.009426944000000001;0.005920768;0.004148224;0.004493312000000001;0.002845696;0.002837504;0.003938304;0.00415744;0.0026009600000000003;0.002689024;0.0025047039999999995;0.002902016;0.0030986240000000003;0.0024064;0.002061312;0.002316288;0.002419712;0.002409472
1790163000,hdr,0.0293;0.03906;0.04883;0.05859;0.06836;0.07813;0.08789;0.09766;0.10742;0.11719;0.12695;0.13672;0.14648;0.15625;0.16602;0.17578;0.18555;0.19531;0.20508;0.21484;0.22461;0.23438;0.24414;0.25391;0.26367;0.27344;0.2832;0.29297;0.30273;0.3125;0.32227;0.33203;0.3418;0.35156;0.36133;0.37109;0.38086;0.39063;0.40039;0.41016;0.41992;0.42969;0.43945;0.44922;0.45898;0.46875;0.47852;0.48828;0.49805;0.50781;0.51758;0.52734;0.53711;0.54688;0.55664;0.56641;0.57617;0.58594;0.5957;0.60547;0.61523;0.625;0.63477;0.64453;0.6543;0.66406;0.67383;0.68359;0.69336;0.70313;0.71289;0.72266;0.73242;0.74219;0.75195;0.76172;0.77148;0.78125;0.79102,0.003780608;0.005272576;0.007235584;0.012488704;0.014006271999999998;0.008230912;0.011806720000000001;0.018889728;0.038473728000000006;0.078641152;0.158629888;0.30712934399999997;0.375970816;0.34782924800000004;0.256684032;0.125928448;0.103880704;0.0886016;0.049063936;0.036808704;0.054557696;0.05923328;0.05496729599999999;0.043413504;0.026642432;0.0162304;0.04164198400000001;0.03884544;0.039871488;0.049364991999999996;0.039694336000000004;0.042364928;0.031848448;0.01342464;0.016489471999999998;0.017238016;0.01649664;0.014850048;0.016805887999999998;0.019767296000000004;0.015195136;0.009721856000000001;0.019234816;0.020655104000000004;0.014101504;0.011515904;0.009621504;0.009836544;0.00813056;0.006169600000000001;0.005311488;0.004757504;0.005230592;0.006968320000000001;0.008751104;0.00860672;0.004631552;0.0027586560000000004;0.004209664;0.00530944;0.003038208;0.0046991360000000005;0.00388096;0.003396608;0.0031539199999999997;0.0024391680000000002;0.003612672;0.0031488;0.003298304;0.004608;0.00385536;0.002840576;0.0013004800000000001;0.0022906879999999995;0.001774592;0.001523712;0.002215936;0.0021903359999999998;0.00178688
1790163900,hdr,0.0293;0.03906;0.04883;0.05859;0.06836;0.07813;0.08789;0.09766;0.10742;0.11719;0.12695;0.13672;0.14648;0.15625;0.16602;0.17578;0.18555;0.19531;0.20508;0.21484;0.22461;0.23438;0.24414;0.25391;0.26367;0.27344;0.2832;0.29297;0.30273;0.3125;0.32227;0.33203;0.3418;0.35156;0.36133;0.37109;0.38086;0.39063;0.40039;0.41016;0.41992;0.42969;0.43945;0.44922;0.45898;0.46875;0.47852;0.48828;0.49805;0.50781;0.51758;0.52734;0.53711;0.54688;0.55664;0.56641;0.57617;0.58594;0.5957;0.60547;0.61523;0.625;0.63477;0.64453;0.6543;0.66406;0.67383;0.68359;0.69336;0.70313;0.71289;0.72266;0.73242;0.74219;0.75195;0.76172;0.77148;0.78125;0.79102,0.00443904;0.008651776;0.002468864;0.002044928;0.009639936;0.010368;0.00942592;0.018514944;0.059552768000000006;0.122430464;0.139582464;0.22246707200000002;0.316468224;0.39332249599999997;0.318056448;0.213014528;0.139676672;0.10890137600000001;0.111947776;0.072465408;0.061034496;0.054611968000000004;0.09519616;0.072213504;0.037402624;0.055035904000000004;0.05896192;0.04904448;0.060002304000000006;0.055552;0.030520320000000004;0.0312064;0.035485696;0.03376230400000001;0.013048832;0.008885248000000002;0.017430527999999997;0.028194815999999998;0.033594368;0.0178176;0.010046464;0.022041599999999998;0.015880191999999998;0.011641855999999999;0.01534464;0.01402368;0.021611520000000002;0.015525888000000002;0.010422272;0.008694783999999999;0.007712768;0.006611968;0.008718336000000002;0.007506944;0.005819392;0.004512768;0.004073472;0.005184512;0.005433344;0.006296576;0.0057722879999999996;0.003521536;0.002679808;0.002719744;0.004219903999999999;0.002362368;0.002714624;0.0028385280000000003;0.00443904;0.003712;0.002823168;0.0024330239999999998;0.002174976;0.0035348480000000006;0.002700288;0.002729984;0.0032133120000000003;0.002931712;0.0015411200000000002
1790164800,hdr,0.0293;0.03906;0.04883;0.05859;0.06836;0.07813;0.08789;0.09766;0.10742;0.11719;0.12695;0.13672;0.14648;0.15625;0.16602;0.17578;0.18555;0.19531;0.20508;0.21484;0.22461;0.23438;0.24414;0.25391;0.26367;0.27344;0.2832;0.29297;0.30273;0.3125;0.32227;0.33203;0.3418;0.35156;0.36133;0.37109;0.38086;0.39063;0.40039;0.41016;0.41992;0.42969;0.43945;0.44922;0.45898;0.46875;0.47852;0.48828;0.49805;0.50781;0.51758;0.52734;0.53711;0.54688;0.55664;0.56641;0.57617;0.58594;0.5957;0.60547;0.61523;0.625;0.63477;0.64453;0.6543;0.66406;0.67383;0.68359;0.69336;0.70313;0.71289;0.72266;0.73242;0.74219;0.75195;0.76172;0.77148;0.78125;0.79102,0.000582656;0.0044103680000000004;0.005056512;0.004608;0.010617856;0.013044736000000001;0.010715135999999998;0.01360896;0.05347737599999999;0.08770355199999999;0.154555392;0.311652352;0.400513024;0.442519552;0.298873856;0.17766092800000002;0.13810688;0.168587264;0.071545856;0.042404864;0.039232512000000004;0.049683456;0.045966336;0.06597632;0.054581248;0.05108531200000001;0.04777984;0.04182528;0.063888384;0.057188352;0.050066432;0.046188544000000005;0.025842688;0.028518400000000003;0.028983296;0.016781312;0.019346432;0.018335743999999998;0.019054592000000002;0.018292736;0.01732608;0.018591744;0.019848192000000004;0.021835775999999998;0.0179968;0.020659199999999996;0.018052095999999997;0.015778816;0.011761663999999998;0.011528192000000001;0.00813056;0.010950656000000001;0.007681024;0.00704;0.00623616;0.007241728;0.006966272;0.003823616;0.004402176;0.004057088;0.004780032;0.004979712000000001;0.0035246080000000003;0.0035235839999999997;0.004164608;0.003835904;0.004772864000000001;0.00459776;0.003319808;0.004274175999999999;0.0033802240000000002;0.0028600319999999998;0.0016250880000000002;0.0026521599999999998;0.0016404479999999999;0.001754112;0.0028999679999999997;0.002878464;0.001800192
1790165700,hdr,0.0293;0.03906;0.04883;0.05859;0.06836;0.07813;0.08789;0.09766;0.10742;0.11719;0.12695;0.13672;0.14648;0.15625;0.16602;0.17578;0.18555;0.19531;0.20508;0.21484;0.22461;0.23438;0.24414;0.25391;0.26367;0.27344;0.2832;0.29297;0.30273;0.3125;0.32227;0.33203;0.3418;0.35156;0.36133;0.37109;0.38086;0.39063;0.40039;0.41016;0.41992;0.42969;0.43945;0.44922;0.45898;0.46875;0.47852;0.48828;0.49805;0.50781;0.51758;0.52734;0.53711;0.54688;0.55664;0.56641;0.57617;0.58594;0.5957;0.60547;0.61523;0.625;0.63477;0.64453;0.6543;0.66406;0.67383;0.68359;0.69336;0.70313;0.71289;0.72266;0.73242;0.74219;0.75195;0.76172;0.77148;0.78125;0.79102,0.002568192;0.006663168;0.005266432;0.006986752000000001;0.014683136;0.017730560000000003;0.017162240000000002;0.0303616;0.06632550400000001;0.10798899199999999;0.142488576;0.206978048;0.358823936;0.36132351999999995;0.18906112;0.130532352;0.109699072;0.08425881599999999;0.090018816;0.060028928;0.050122752;0.065994752;0.0602368;0.068069376;0.044196864;0.052993024;0.0679936;0.050157568;0.040553472;0.05712896;0.03751936;0.03797504;0.035960832000000005;0.028853247999999998;0.0204544;0.017409024;0.022632448;0.023151616000000003;0.018407424;0.016359424;0.024845311999999998;0.019674112;0.010157056000000001;0.01074688;0.017231872;0.011773951999999999;0.00648704;0.00815104;0.017733632000000003;0.012587008000000002;0.008219648;0.010953728;0.011727871999999999;0.009526272;0.008119296;0.005809152;0.00456192;0.0035686399999999997;0.00505344;0.005255168;0.00400384;0.005206016;0.0065566719999999995;0.005044224;0.005693439999999999;0.0050401280000000005;0.003152896;0.002023424;0.002896896;0.002902016;0.003223552;0.0027136;0.003096576;0.0032133120000000003;0.0024832;0.003068928;0.002300928;0.002193408;0.001931264
1790166600,hdr,0.0293;0.03906;0.04883;0.05859;0.06836;0.07813;0.08789;0.09766;0.10742;0.11719;0.12695;0.13672;0.14648;0.15625;0.16602;0.17578;0.18555;0.19531;0.20508;0.21484;0.22461;0.23438;0.24414;0.25391;0.26367;0.27344;0.2832;0.29297;0.30273;0.3125;0.32227;0.33203;0.3418;0.35156;0.36133;0.37109;0.38086;0.39063;0.40039;0.41016;0.41992;0.42969;0.43945;0.44922;0.45898;0.46875;0.47852;0.48828;0.49805;0.50781;0.51758;0.52734;0.53711;0.54688;0.55664;0.56641;0.57617;0.58594;0.5957;0.60547;0.61523;0.625;0.63477;0.64453;0.6543;0.66406;0.67383;0.68359;0.69336;0.70313;0.71289;0.72266;0.73242;0.74219;0.75195;0.76172;0.77148;0.78125;0.79102,0.00139776;0.005353472;0.008233984;0.00541184;0.011983872;0.013877248;0.010752;0.01502208;0.044345343999999995;0.11510272;0.308237312;0.316361728;0.289004544;0.383668224;0.30653030400000003;0.217160704;0.16322559999999997;0.065516544;0.047986688;0.06610432000000001;0.07490252800000001;0.061140992;0.063967232;0.07726592;0.060142591999999995;0.053049344;0.051276800000000004;0.045251584000000004;0.046528512;0.035074048;0.019478528000000002;0.037666816;0.029784064000000002;0.027065344;0.01976832;0.014853120000000001;0.01731584;0.022018048;0.017155072;0.020038656;0.028394495999999998;0.016898048;0.015463424;0.012698624;0.014041088;0.010569727999999999;0.020637696;0.019683327999999996;0.01339392;0.012485632000000002;0.010535936;0.010665984;0.007304192;0.005189632;0.007801855999999999;0.010570752000000001;0.007731200000000001;0.003968;0.004484096000000001;0.005216255999999999;0.005825536;0.005298175999999999;0.004178944;0.003208192;0.0025384959999999995;0.00277504;0.003606528;0.004119551999999999;0.00258048;0.0028190719999999997;0.002527232;0.00195072;0.001195008;0.00298496;0.003073024;0.002213888;0.002569216;0.004020223999999999;0.004155392
1790167500,hdr,0.0293;0.03906;0.04883;0.05859;0.06836;0.07813;0.08789;0.09766;0.10742;0.11719;0.12695;0.13672;0.14648;0.15625;0.16602;0.17578;0.18555;0.19531;0.20508;0.21484;0.22461;0.23438;0.24414;0.25391;0.26367;0.27344;0.2832;0.29297;0.30273;0.3125;0.32227;0.33203;0.3418;0.35156;0.36133;0.37109;0.38086;0.39063;0.40039;0.41016;0.41992;0.42969;0.43945;0.44922;0.45898;0.46875;0.47852;0.48828;0.49805;0.50781;0.51758;0.52734;0.53711;0.54688;0.55664;0.56641;0.57617;0.58594;0.5957;0.60547;0.61523;0.625;0.63477;0.64453;0.6543;0.66406;0.67383;0.68359;0.69336;0.70313;0.71289;0.72266;0.73242;0.74219;0.75195;0.76172;0.77148;0.78125;0.79102,0.0043827200000000005;0.008593408;0.007063552;0.00566272;0.011707392;0.012946431999999999;0.006843392;0.016248832;0.036893696;0.094652416;0.22201344;0.292214784;0.28384256;0.343712768;0.21781811200000004;0.128193536;0.094206976;0.102989824;0.12150169599999999;0.11241574400000001;0.077659136;0.060329984;0.056502272;0.065575936;0.07905484800000001;0.072892416;0.077264896;0.054266879999999997;0.054763519999999996;0.051539968;0.048984064;0.046898176;0.036207616000000005;0.030360575999999997;0.036537344;0.023228416;0.017384448;0.016543744;0.019552256;0.021091328000000003;0.013946880000000002;0.010080256000000001;0.013896704;0.023959552;0.023428096000000002;0.020649984;0.016761856000000002;0.015044608000000001;0.007821312;0.009281535999999998;0.008415232;0.008379392;0.009742335999999999;0.011596799999999999;0.011015168;0.006973440000000001;0.006347775999999999;0.005543936;0.006647808;0.004978688;0.0032204799999999995;0.00375808;0.004576256;0.003764224;0.003757056;0.003509248;0.003295232;0.002879488;0.0027965439999999998;0.003883008;0.004324352;0.003195904;0.003618816;0.002816;0.00181248;0.001632256;0.002642944;0.004204544;0.001887232
1790169300,hdr,0.0293;0.03906;0.04883;0.05859;0.06836;0.07813;0.08789;0.09766;0.10742;0.11719;0.12695;0.13672;0.14648;0.15625;0.16602;0.17578;0.18555;0.19531;0.20508;0.21484;0.22461;0.23438;0.24414;0.25391;0.26367;0.27344;0.2832;0.29297;0.30273;0.3125;0.32227;0.33203;0.3418;0.35156;0.36133;0.37109;0.38086;0.39063;0.40039;0.41016;0.41992;0.42969;0.43945;0.44922;0.45898;0.46875;0.47852;0.48828;0.49805;0.50781;0.51758;0.52734;0.53711;0.54688;0.55664;0.56641;0.57617;0.58594;0.5957;0.60547;0.61523;0.625;0.63477;0.64453;0.6543;0.66406;0.67383;0.68359;0.69336;0.70313;0.71289;0.72266;0.73242;0.74219;0.75195;0.76172;0.77148;0.78125;0.79102,0.003992576;0.015617024000000002;0.009556991999999999;0.007473152;0.014086144;0.011117568000000001;0.010146816;0.02043904;0.056443904;0.102738944;0.147069952;0.247028736;0.4311296;0.38460006399999996;0.28472832000000003;0.230107136;0.155662336;0.17797427200000002;0.141505536;0.10971750400000001;0.099678208;0.07374847999999999;0.09709670399999999;0.065811456;0.050666496;0.054895615999999994;0.050640896;0.047616;0.06533017599999999;0.059597824;0.027014144;0.037623807999999995;0.04431872;0.024922111999999996;0.015295488000000001;0.025264128;0.016502784;0.019190784;0.02511872;0.017357824;0.016283647999999998;0.020468736;0.018671616000000002;0.020636672000000002;0.01496576;0.01597952;0.017743872;0.013864959999999999;0.011933696;0.011491328;0.009787392;0.009537536;0.006820864;0.006588415999999999;0.005014528;0.005069824;0.006166527999999999;0.007627776;0.005055488;0.003641344;0.004488192;0.005587968;0.0057497600000000005;0.004271104;0.005003264;0.00508928;0.0032768000000000003;0.004132864;0.004170752000000001;0.0029409279999999998;0.0026644480000000003;0.001922048;0.001816576;0.003049472;0.002465792;0.0022425599999999998;0.002833408;0.0018944;0.0013905920000000002
1790170200,hdr,0.0293;0.03906;0.04883;0.05859;0.06836;0.07813;0.08789;0.09766;0.10742;0.11719;0.12695;0.13672;0.14648;0.15625;0.16602;0.17578;0.18555;0.19531;0.20508;0.21484;0.22461;0.23438;0.24414;0.25391;0.26367;0.27344;0.2832;0.29297;0.30273;0.3125;0.32227;0.33203;0.3418;0.35156;0.36133;0.37109;0.38086;0.39063;0.40039;0.41016;0.41992;0.42969;0.43945;0.44922;0.45898;0.46875;0.47852;0.48828;0.49805;0.50781;0.51758;0.52734;0.53711;0.54688;0.55664;0.56641;0.57617;0.58594;0.5957;0.60547;0.61523;0.625;0.63477;0.64453;0.6543;0.66406;0.67383;0.68359;0.69336;0.70313;0.71289;0.72266;0.73242;0.74219;0.75195;0.76172;0.77148;0.78125;0.79102,0.003801088;0.005532672;0.007788544;0.0056330239999999995;0.010592256000000001;0.014470144;0.018460671999999997;0.0317184;0.057706495999999996;0.145065984;0.25757286399999996;0.328134656;0.32984780799999996;0.42299289599999995;0.362692608;0.23569817599999998;0.189449216;0.17793536000000001;0.163642368;0.124310528;0.07166054399999999;0.070930432;0.089505792;0.09364684800000002;0.105048064;0.064668672;0.038276096;0.053530624000000006;0.060051455999999996;0.042590208;0.028826624;0.029303808;0.032961536;0.037630976;0.043204608;0.039282688;0.04465664;0.027877376;0.010703872000000001;0.01563136;0.018849792;0.025662464;0.024634368;0.023307263999999998;0.01849856;0.018894848;0.014419968;0.009583616;0.00751616;0.007446528;0.008039424;0.009984;0.007981056;0.007740416;0.006086656;0.005376;0.004861951999999999;0.0049879040000000005;0.005357567999999999;0.005815296;0.0051302399999999995;0.00581632;0.004977664;0.006091776000000001;0.004202496;0.00276992;0.003366912;0.0029009920000000002;0.002817024;0.002477056;0.003172352;0.003606528;0.0022067199999999997;0.0027392;0.0023930880000000002;0.001972224;0.001263616;0.0014448640000000001;0.001184768
1790171100,hdr,0.0293;0.03906;0.04883;0.05859;0.06836;0.07813;0.08789;0.09766;0.10742;0.11719;0.12695;0.13672;0.14648;0.15625;0.16602;0.17578;0.18555;0.19531;0.20508;0.21484;0.22461;0.23438;0.24414;0.25391;0.26367;0.27344;0.2832;0.29297;0.30273;0.3125;0.32227;0.33203;0.3418;0.35156;0.36133;0.37109;0.38086;0.39063;0.40039;0.41016;0.41992;0.42969;0.43945;0.44922;0.45898;0.46875;0.47852;0.48828;0.49805;0.50781;0.51758;0.52734;0.53711;0.54688;0.55664;0.56641;0.57617;0.58594;0.5957;0.60547;0.61523;0.625;0.63477;0.64453;0.6543;0.66406;0.67383;0.68359;0.69336;0.70313;0.71289;0.72266;0.73242;0.74219;0.75195;0.76172;0.77148;0.78125;0.79102,0.010229760000000001;0.012693504000000001;0.013073408000000002;0.0070768639999999996;0.013699072;0.019024895999999996;0.021147648;0.03949568;0.083033088;0.136005632;0.16564633599999998;0.224128;0.394907648;0.462874624;0.441310208;0.346901504;0.23963750400000003;0.196749312;0.14161407999999998;0.13200383999999998;0.09729740800000002;0.0649216;0.06623232000000001;0.089380864;0.076434432;0.095732736;0.090943488;0.077893632;0.05522432;0.038642688;0.039363584;0.047277056000000005;0.048349184;0.025316352;0.026445824;0.019485696;0.022619136;0.010775551999999999;0.01604096;0.02975744;0.024723455999999998;0.023186432;0.01601024;0.010274815999999999;0.01284608;0.017154047999999998;0.017398784;0.013042688;0.013200384;0.009561088;0.006418432;0.005774336000000001;0.00784896;0.008416256;0.008208384;0.008580095999999999;0.0044902399999999995;0.004844544;0.003434496;0.004294656;0.004502528;0.004551680000000001;0.005287936000000001;0.004424704000000001;0.00580608;0.005126144;0.003144704;0.00584704;0.0055705600000000004;0.0036382720000000006;0.00274944;0.003680256;0.001497088;0.003047424;0.0028272640000000003;0.00231936;0.002015232;0.002459648;0.001695744
1790172000,hdr,0.0293;0.03906;0.04883;0.05859;0.06836;0.07813;0.08789;0.09766;0.10742;0.11719;0.12695;0.13672;0.14648;0.15625;0.16602;0.17578;0.18555;0.19531;0.20508;0.21484;0.22461;0.23438;0.24414;0.25391;0.26367;0.27344;0.2832;0.29297;0.30273;0.3125;0.32227;0.33203;0.3418;0.35156;0.36133;0.37109;0.38086;0.39063;0.40039;0.41016;0.41992;0.42969;0.43945;0.44922;0.45898;0.46875;0.47852;0.48828;0.49805;0.50781;0.51758;0.52734;0.53711;0.54688;0.55664;0.56641;0.57617;0.58594;0.5957;0.60547;0.61523;0.625;0.63477;0.64453;0.6543;0.66406;0.67383;0.68359;0.69336;0.70313;0.71289;0.72266;0.73242;0.74219;0.75195;0.76172;0.77148;0.78125;0.79102,0.0030904319999999997;0.006775808;0.007209984;0.009311232;0.016222208;0.025482240000000003;0.020648959999999997;0.031967232;0.115497984;0.14485504000000002;0.2099968;0.28253388799999996;0.29353267199999994;0.34807705600000005;0.283087872;0.310637568;0.229010432;0.164579328;0.180593664;0.17122816;0.183417856;0.118921216;0.09512755199999999;0.056178688000000004;0.07983718399999999;0.054265856;0.04732928;0.056921087999999995;0.058112;0.06233497599999999;0.045928448000000004;0.039734271999999994;0.022931456000000003;0.018243584;0.024036352000000004;0.032054271999999995;0.045744128;0.044919808000000006;0.030314496;0.026279935999999997;0.024807424;0.010935295999999999;0.014592;0.013687808000000001;0.013325312;0.013386752;0.015121408000000001;0.015311871999999999;0.012790784;0.012627967999999998;0.009315328;0.015208448000000001;0.014893056;0.008439807999999998;0.005861376000000001;0.007986176000000001;0.009388032000000001;0.00885248;0.0063774719999999995;0.006513664000000001;0.003946496;0.003625984;0.004977664;0.005723136;0.003790848;0.002417664;0.003341312;0.002052096;0.0025384959999999995;0.003136512;0.003735552;0.0037601279999999997;0.0030873599999999995;0.0028344320000000004;0.003017728;0.002387968;0.001529856;0.001814528;0.002291712
1790172900,hdr,0.0293;0.03906;0.04883;0.05859;0.06836;0.07813;0.08789;0.09766;0.10742;0.11719;0.12695;0.13672;0.14648;0.15625;0.16602;0.17578;0.18555;0.19531;0.20508;0.21484;0.22461;0.23438;0.24414;0.25391;0.26367;0.27344;0.2832;0.29297;0.30273;0.3125;0.32227;0.33203;0.3418;0.35156;0.36133;0.37109;0.38086;0.39063;0.40039;0.41016;0.41992;0.42969;0.43945;0.44922;0.45898;0.46875;0.47852;0.48828;0.49805;0.50781;0.51758;0.52734;0.53711;0.54688;0.55664;0.56641;0.57617;0.58594;0.5957;0.60547;0.61523;0.625;0.63477;0.64453;0.6543;0.66406;0.67383;0.68359;0.69336;0.70313;0.71289;0.72266;0.73242;0.74219;0.75195;0.76172;0.77148;0.78125;0.79102,0.0021667839999999997;0.003332096;0.00418304;0.004891648;0.011080704000000002;0.018840575999999998;0.014604288;0.023653376;0.052475904000000004;0.089253888;0.213579776;0.28874649599999996;0.18958848;0.15267635200000002;0.225062912;0.140361728;0.17360179199999998;0.190377984;0.154539008;0.170047488;0.149179392;0.13409484800000002;0.122575872;0.09296588800000001;0.088414208;0.07637811200000001;0.055369728;0.045235199999999996;0.06920601600000001;0.06936576;0.032871423999999996;0.04779008;0.038331392;0.03566592;0.025713664;0.030855168;0.02054656;0.02742784;0.025418752;0.030931968;0.01648128;0.032425984;0.02602496;0.029403136;0.026017792;0.02198528;0.018640896;0.01666048;0.017056768;0.011959296;0.009947136;0.01214976;0.009346048;0.012344319999999999;0.010692608000000001;0.006623232;0.0073216;0.006415359999999999;0.005409792;0.005151744;0.008478719999999999;0.006189055999999999;0.00475136;0.005941248;0.00456192;0.003305472;0.0038860800000000005;0.0028395519999999995;0.002547712;0.003401728;0.0033925120000000003;0.0032573439999999997;0.003161088;0.0021002239999999995;0.0020633599999999998;0.0021893120000000005;0.002276352;0.002614272;0.002363392
1790173800,hdr,0.0293;0.03906;0.04883;0.05859;0.06836;0.07813;0.08789;0.09766;0.10742;0.11719;0.12695;0.13672;0.14648;0.15625;0.16602;0.17578;0.18555;0.19531;0.20508;0.21484;0.22461;0.23438;0.24414;0.25391;0.26367;0.27344;0.2832;0.29297;0.30273;0.3125;0.32227;0.33203;0.3418;0.35156;0.36133;0.37109;0.38086;0.39063;0.40039;0.41016;0.41992;0.42969;0.43945;0.44922;0.45898;0.46875;0.47852;0.48828;0.49805;0.50781;0.51758;0.52734;0.53711;0.54688;0.55664;0.56641;0.57617;0.58594;0.5957;0.60547;0.61523;0.625;0.63477;0.64453;0.6543;0.66406;0.67383;0.68359;0.69336;0.70313;0.71289;0.72266;0.73242;0.74219;0.75195;0.76172;0.77148;0.78125;0.79102,0.0051619840000000005;0.009033728;0.010955776;0.008236031999999999;0.007841792;0.007530496;0.0069632;0.016340992;0.07557324800000001;0.106554368;0.140271616;0.31825408;0.47516364800000005;0.34838323200000004;0.285208576;0.217075712;0.21664460800000002;0.198040576;0.245843968;0.16830361600000002;0.14094950399999998;0.14299647999999998;0.083631104;0.10230476799999999;0.101763072;0.06556569599999999;0.07342796800000001;0.079981568;0.066371584;0.045291519999999995;0.036315136000000005;0.0254976;0.028408832;0.041260032;0.042160128;0.037024768000000007;0.031981568;0.024687616;0.025470976;0.025705472;0.025455615999999997;0.021974016;0.019308544;0.016033791999999998;0.013018112000000002;0.015348736;0.011262976000000001;0.01230848;0.01271808;0.007410688;0.0073902080000000005;0.009781248;0.0065515519999999995;0.004348928;0.008237056000000001;0.007172095999999999;0.007143424000000001;0.006863871999999999;0.006903808;0.007432192;0.00482304;0.004802559999999999;0.0050524160000000005;0.0070092800000000005;0.004611072;0.0031027200000000002;0.00551424;0.006423552;0.004667392000000001;0.003816448;0.002873344;0.002108416;0.00193536;0.001708032;0.00281088;0.0027095039999999997;0.001913856;0.00125952;0.0008488959999999999
1790174700,hdr,0.0293;0.03906;0.04883;0.05859;0.06836;0.07813;0.08789;0.09766;0.10742;0.11719;0.12695;0.13672;0.14648;0.15625;0.16602;0.17578;0.18555;0.19531;0.20508;0.21484;0.22461;0.23438;0.24414;0.25391;0.26367;0.27344;0.2832;0.29297;0.30273;0.3125;0.32227;0.33203;0.3418;0.35156;0.36133;0.37109;0.38086;0.39063;0.40039;0.41016;0.41992;0.42969;0.43945;0.44922;0.45898;0.46875;0.47852;0.48828;0.49805;0.50781;0.51758;0.52734;0.53711;0.54688;0.55664;0.56641;0.57617;0.58594;0.5957;0.60547;0.61523;0.625;0.63477;0.64453;0.6543;0.66406;0.67383;0.68359;0.69336;0.70313;0.71289;0.72266;0.73242;0.74219;0.75195;0.76172;0.77148;0.78125;0.79102,0.008328192;0.010266624;0.005318656;0.0071393279999999995;0.013078528;0.00790528;0.007441408;0.023960576;0.074964992;0.101010432;0.173280256;0.136085504;0.32526131199999997;0.359079936;0.19156991999999998;0.22525952000000002;0.263964672;0.16181247999999998;0.136449024;0.20454297600000002;0.329091072;0.196830208;0.117987328;0.105892864;0.072701952;0.048462847999999996;0.07347711999999999;0.078184448;0.06971699199999999;0.051053568;0.0343808;0.047644672;0.035709952;0.024726527999999998;0.039770112;0.043347968;0.031604736;0.02866688;0.025311232;0.032575488;0.033519616;0.030560255999999997;0.024542208;0.02593792;0.015921152;0.012724224000000001;0.009778176;0.013449216;0.025959424;0.02243584;0.010881024;0.00907264;0.009969664000000001;0.014927872000000002;0.00734208;0.005285888;0.005941248;0.008313856;0.008138752;0.0051968;0.005245952;0.005078015999999999;0.006332416;0.004757504;0.00247296;0.004236288;0.004712448;0.003489792;0.0036239360000000003;0.0027013120000000004;0.0020490240000000004;0.0022906879999999995;0.003654656;0.002066432;0.002722816;0.002501632;0.0013424640000000002;0.001692672;0.001743872
1790175600,hdr,0.0293;0.03906;0.04883;0.05859;0.06836;0.07813;0.08789;0.09766;0.10742;0.11719;0.12695;0.13672;0.14648;0.15625;0.16602;0.17578;0.18555;0.19531;0.20508;0.21484;0.22461;0.23438;0.24414;0.25391;0.26367;0.27344;0.2832;0.29297;0.30273;0.3125;0.32227;0.33203;0.3418;0.35156;0.36133;0.37109;0.38086;0.39063;0.40039;0.41016;0.41992;0.42969;0.43945;0.44922;0.45898;0.46875;0.47852;0.48828;0.49805;0.50781;0.51758;0.52734;0.53711;0.54688;0.55664;0.56641;0.57617;0.58594;0.5957;0.60547;0.61523;0.625;0.63477;0.64453;0.6543;0.66406;0.67383;0.68359;0.69336;0.70313;0.71289;0.72266;0.73242;0.74219;0.75195;0.76172;0.77148;0.78125;0.79102,0.007549952;0.011622400000000001;0.012553216;0.008282112;0.009240576;0.012000255999999999;0.013107200000000001;0.032606208000000005;0.09260544;0.12154060800000001;0.197687296;0.186141696;0.318529536;0.437013504;0.474656768;0.36466278399999996;0.195400704;0.24418304000000002;0.25274368;0.10183372799999998;0.11565977599999999;0.1021696;0.125279232;0.11273215999999998;0.100267008;0.115294208;0.100245504;0.062286848;0.06713343999999999;0.049584128;0.035091456;0.029034496;0.057684992;0.066725888;0.05055590399999999;0.041041919999999996;0.036672512;0.03799552;0.026083328000000003;0.029792255999999996;0.032544767999999995;0.032869376000000006;0.016484352000000004;0.014253056;0.019050496;0.0261632;0.020174848000000002;0.014554112;0.011454464;0.008737792000000001;0.013217791999999999;0.014501888;0.00805376;0.006176768;0.006449152;0.00750592;0.008450048;0.009947136;0.007801855999999999;0.003469312;0.004004864;0.00546816;0.003920896;0.005820416;0.005180416;0.004048896000000001;0.002443264;0.0020183040000000003;0.0015943679999999999;0.002646016;0.0028917760000000004;0.002183168;0.002176;0.0020183040000000003;0.001687552;0.002070528;0.0014817279999999999;0.0011007999999999999;0.000864256
1790176500,hdr,0.0293;0.03906;0.04883;0.05859;0.06836;0.07813;0.08789;0.09766;0.10742;0.11719;0.12695;0.13672;0.14648;0.15625;0.16602;0.17578;0.18555;0.19531;0.20508;0.21484;0.22461;0.23438;0.24414;0.25391;0.26367;0.27344;0.2832;0.29297;0.30273;0.3125;0.32227;0.33203;0.3418;0.35156;0.36133;0.37109;0.38086;0.39063;0.40039;0.41016;0.41992;0.42969;0.43945;0.44922;0.45898;0.46875;0.47852;0.48828;0.49805;0.50781;0.51758;0.52734;0.53711;0.54688;0.55664;0.56641;0.57617;0.58594;0.5957;0.60547;0.61523;0.625;0.63477;0.64453;0.6543;0.66406;0.67383;0.68359;0.69336;0.70313;0.71289;0.72266;0.73242;0.74219;0.75195;0.76172;0.77148;0.78125;0.79102,0.016149504000000002;0.019078144000000002;0.022530048000000004;0.012776448000000001;0.013693951999999999;0.023371776;0.035637247999999996;0.028001280000000003;0.057860096;0.106462208;0.090848256;0.24716288;0.374290432;0.49080832;0.47780044800000004;0.27700736;0.135271424;0.09883340800000001;0.13781606400000002;0.161096704;0.147121152;0.116460544;0.1014784;0.096946176;0.13592063999999998;0.071140352;0.060432384;0.04616192;0.0322816;0.049183744;0.057462784;0.042395648;0.030645248;0.03974656000000001;0.04111257599999999;0.03126784;0.029657088000000005;0.040497152;0.03725824;0.015680512;0.026587136;0.024822784;0.010482688;0.014048255999999999;0.017793023999999998;0.016086016;0.011344896;0.01361408;0.014696448;0.016150528;0.018425856;0.011001855999999999;0.007558144;0.007237632;0.008467456;0.008313856;0.0059811840000000005;0.007486464;0.007804928;0.007806975999999999;0.006240256;0.004353024;0.0056576000000000005;0.004983808;0.0023336960000000006;0.003074048;0.004713472000000001;0.0040765440000000005;0.0027842559999999997;0.0024801280000000003;0.0025856;0.002992128;0.002618368;0.003115008;0.0035246080000000003;0.002348032;0.001317888;0.001936384;0.00210944
1790177400,hdr,0.0293;0.03906;0.04883;0.05859;0.06836;0.07813;0.08789;0.09766;0.10742;0.11719;0.12695;0.13672;0.14648;0.15625;0.16602;0.17578;0.18555;0.19531;0.20508;0.21484;0.22461;0.23438;0.24414;0.25391;0.26367;0.27344;0.2832;0.29297;0.30273;0.3125;0.32227;0.33203;0.3418;0.35156;0.36133;0.37109;0.38086;0.39063;0.40039;0.41016;0.41992;0.42969;0.43945;0.44922;0.45898;0.46875;0.47852;0.48828;0.49805;0.50781;0.51758;0.52734;0.53711;0.54688;0.55664;0.56641;0.57617;0.58594;0.5957;0.60547;0.61523;0.625;0.63477;0.64453;0.6543;0.66406;0.67383;0.68359;0.69336;0.70313;0.71289;0.72266;0.73242;0.74219;0.75195;0.76172;0.77148;0.78125;0.79102,0.0036812800000000003;0.0090624;0.006784;0.007304192;0.01425408;0.024679424000000002;0.031499264;0.03281305600000001;0.073684992;0.0873216;0.10064896000000001;0.21504;0.37464064;0.40116224;0.449747968;0.32430592;0.23230873600000002;0.20867584;0.13486387199999997;0.16300748799999998;0.143279104;0.12657664;0.15193804800000002;0.11884544;0.091411456;0.080216064;0.093683712;0.10297856;0.08761753600000001;0.051707904;0.03607244800000001;0.028978175999999998;0.03295232;0.03264;0.037267456000000004;0.013863936000000002;0.032181247999999996;0.034077696000000005;0.031173632;0.022658048000000004;0.027793408;0.033378304;0.028310528;0.023394304;0.023723008;0.018812928;0.011257856;0.00931328;0.014076928;0.015581184000000001;0.010600448;0.00777728;0.006324224;0.00840192;0.010735616;0.006926336;0.007174144;0.0061409279999999995;0.009752575999999999;0.007671808;0.005434368;0.0064768000000000004;0.004590591999999999;0.004655103999999999;0.005291008;0.003976192;0.003600384;0.003293184;0.004236288;0.004456448;0.0034048;0.003058688;0.00279552;0.003352576;0.0026398719999999997;0.002328576;0.00222208;0.0015452159999999999;0.00153088
1790178300,hdr,0.0293;0.03906;0.04883;0.05859;0.06836;0.07813;0.08789;0.09766;0.10742;0.11719;0.12695;0.13672;0.14648;0.15625;0.16602;0.17578;0.18555;0.19531;0.20508;0.21484;0.22461;0.23438;0.24414;0.25391;0.26367;0.27344;0.2832;0.29297;0.30273;0.3125;0.32227;0.33203;0.3418;0.35156;0.36133;0.37109;0.38086;0.39063;0.40039;0.41016;0.41992;0.42969;0.43945;0.44922;0.45898;0.46875;0.47852;0.48828;0.49805;0.50781;0.51758;0.52734;0.53711;0.54688;0.55664;0.56641;0.57617;0.58594;0.5957;0.60547;0.61523;0.625;0.63477;0.64453;0.6543;0.66406;0.67383;0.68359;0.69336;0.70313;0.71289;0.72266;0.73242;0.74219;0.75195;0.76172;0.77148;0.78125;0.79102,0.0048609280000000005;0.007084032;0.0085248;0.00733184;0.012138495999999999;0.016147455999999998;0.016300032000000002;0.026339328;0.08341504000000001;0.116032512;0.23582720000000001;0.285380608;0.25125888;0.487421952;0.502126592;0.258093056;0.232486912;0.16661094399999998;0.187297792;0.24616448000000002;0.17996595199999998;0.168233984;0.17749811199999999;0.091092992;0.077976576;0.09233920000000001;0.09094553600000001;0.097263616;0.075582464;0.061662207999999996;0.042174464;0.026007552;0.031913984;0.045413376;0.040382464;0.027771904;0.016605184000000002;0.022017023999999996;0.031950848000000004;0.035743744;0.042432512000000006;0.029535232;0.013492224;0.02067968;0.02497536;0.019218432;0.010489856;0.010589184;0.010930176;0.011664384;0.011314175999999999;0.007217151999999999;0.008072191999999999;0.007867391999999999;0.005904384;0.004335616;0.005069824;0.006148096;0.0048384;0.004529152;0.004059136;0.0038492160000000004;0.003293184;0.002167808;0.001778688;0.003299328;0.0030607359999999997;0.0035706880000000002;0.002880512;0.003018752;0.002213888;0.002254848;0.00231936;0.00221696;0.00316928;0.003818496;0.0024872960000000004;0.001426432;0.0023296
1790179200,hdr,0.0293;0.03906;0.04883;0.05859;0.06836;0.07813;0.08789;0.09766;0.10742;0.11719;0.12695;0.13672;0.14648;0.15625;0.16602;0.17578;0.18555;0.19531;0.20508;0.21484;0.22461;0.23438;0.24414;0.25391;0.26367;0.27344;0.2832;0.29297;0.30273;0.3125;0.32227;0.33203;0.3418;0.35156;0.36133;0.37109;0.38086;0.39063;0.40039;0.41016;0.41992;0.42969;0.43945;0.44922;0.45898;0.46875;0.47852;0.48828;0.49805;0.50781;0.51758;0.52734;0.53711;0.54688;0.55664;0.56641;0.57617;0.58594;0.5957;0.60547;0.61523;0.625;0.63477;0.64453;0.6543;0.66406;0.67383;0.68359;0.69336;0.70313;0.71289;0.72266;0.73242;0.74219;0.75195;0.76172;0.77148;0.78125;0.79102,0.00472064;0.00614912;0.00536576;0.004166656;0.005210112;0.009391104;0.008541183999999999;0.026759167999999996;0.066121728;0.152621056;0.147509248;0.184544256;0.28711936;0.28327424000000007;0.294779904;0.313608192;0.215830528;0.22973235199999997;0.23330508800000002;0.216580096;0.145931264;0.16500736000000002;0.158135296;0.18872524799999998;0.12730982400000002;0.073387008;0.05626368;0.045256703999999995;0.058819584;0.062016511999999996;0.07133184;0.053301248;0.040710144000000004;0.048622592;0.041051136;0.02937856;0.031721472;0.027081728;0.024782848000000003;0.020487168;0.025664512;0.035833856;0.033518592;0.019530752000000002;0.021225472000000002;0.01472;0.012235776;0.016581632;0.012555264;0.013069312;0.011953152;0.008400895999999998;0.008251392;0.008797184;0.008902656;0.007440384;0.006919168;0.008667135999999999;0.006725632;0.006977536;0.0062679039999999995;0.006423552;0.005192703999999999;0.004616192;0.003447808;0.002640896;0.003011584;0.002955264;0.0025364479999999997;0.0028129279999999997;0.00175104;0.0015687680000000001;0.0015872;0.001599488;0.00175104;0.001241088;0.001656832;0.00254464;0.001593344
1790180100,hdr,0.0293;0.03906;0.04883;0.05859;0.06836;0.07813;0.08789;0.09766;0.10742;0.11719;0.12695;0.13672;0.14648;0.15625;0.16602;0.17578;0.18555;0.19531;0.20508;0.21484;0.22461;0.23438;0.24414;0.25391;0.26367;0.27344;0.2832;0.29297;0.30273;0.3125;0.32227;0.33203;0.3418;0.35156;0.36133;0.37109;0.38086;0.39063;0.40039;0.41016;0.41992;0.42969;0.43945;0.44922;0.45898;0.46875;0.47852;0.48828;0.49805;0.50781;0.51758;0.52734;0.53711;0.54688;0.55664;0.56641;0.57617;0.58594;0.5957;0.60547;0.61523;0.625;0.63477;0.64453;0.6543;0.66406;0.67383;0.68359;0.69336;0.70313;0.71289;0.72266;0.73242;0.74219;0.75195;0.76172;0.77148;0.78125;0.79102,0.002992128;0.010924032000000002;0.017348608;0.010369024;0.012939263999999999;0.01470464;0.01001984;0.026619904;0.08868864;0.119597056;0.183986176;0.17887232;0.209508352;0.38005145599999995;0.583315456;0.429295616;0.216324096;0.126292992;0.185747456;0.278935552;0.23062220800000002;0.151901184;0.141549568;0.12749823999999998;0.085523456;0.06790758400000001;0.09600819199999999;0.11685068800000001;0.11108351999999999;0.05755904;0.03801088;0.061950976;0.061720576;0.038888448;0.032462848;0.033827840000000005;0.046462975999999996;0.030552064000000004;0.020839424000000002;0.029181951999999997;0.019211264;0.014528511999999999;0.011057152;0.01377792;0.01298944;0.015207423999999999;0.014976;0.017355775999999996;0.017531904;0.018810880000000002;0.018306048;0.006928384;0.007518207999999999;0.007929855999999999;0.005402624000000001;0.006659072;0.005497856;0.005234688;0.005803008;0.005392384;0.004452352;0.006821888000000001;0.0051968;0.004578304;0.0051025919999999995;0.0025753599999999996;0.003662848;0.002870272;0.001796096;0.0024012799999999996;0.0021964800000000002;0.002676736;0.002284544;0.001736704;0.000953344;0.001099776;0.0013004800000000001;0.00178176;0.001637376
1790181000,hdr,0.0293;0.03906;0.04883;0.05859;0.06836;0.07813;0.08789;0.09766;0.10742;0.11719;0.12695;0.13672;0.14648;0.15625;0.16602;0.17578;0.18555;0.19531;0.20508;0.21484;0.22461;0.23438;0.24414;0.25391;0.26367;0.27344;0.2832;0.29297;0.30273;0.3125;0.32227;0.33203;0.3418;0.35156;0.36133;0.37109;0.38086;0.39063;0.40039;0.41016;0.41992;0.42969;0.43945;0.44922;0.45898;0.46875;0.47852;0.48828;0.49805;0.50781;0.51758;0.52734;0.53711;0.54688;0.55664;0.56641;0.57617;0.58594;0.5957;0.60547;0.61523;0.625;0.63477;0.64453;0.6543;0.66406;0.67383;0.68359;0.69336;0.70313;0.71289;0.72266;0.73242;0.74219;0.75195;0.76172;0.77148;0.78125;0.79102,0.007041024000000001;0.010738688;0.011055104;0.013413376;0.010164224;0.010653696;0.012484608;0.029632512;0.071213056;0.130292736;0.166115328;0.155350016;0.166581248;0.319707136;0.33784729599999996;0.25505279999999997;0.244503552;0.38187007999999995;0.24780287999999998;0.211526656;0.28483379200000003;0.22771302399999999;0.16390553600000002;0.154780672;0.144474112;0.093836288;0.065275904;0.085045248;0.057392127999999994;0.053825536;0.045235199999999996;0.029549568;0.0401408;0.030367744;0.028973056;0.04287590399999999;0.052874239999999996;0.064720896;0.027892736;0.032436224;0.03565568;0.03372544;0.027111424;0.022851583999999998;0.020144127999999997;0.015956992;0.015352831999999999;0.018177023999999996;0.014586880000000002;0.017526784;0.012639232;0.009598976;0.010574848;0.008926208;0.009483264000000002;0.00743936;0.008293376;0.011026432000000001;0.006591488;0.004818944;0.00466432;0.004732928;0.00485376;0.002861056;0.0027279360000000002;0.0046346239999999995;0.004706304;0.004338688;0.004692992;0.003272704;0.0027392;0.0027136;0.002837504;0.0020746239999999997;0.001626112;0.001460224;0.001030144;0.0016732160000000002;0.001902592
1790181900,hdr,0.0293;0.03906;0.04883;0.05859;0.06836;0.07813;0.08789;0.09766;0.10742;0.11719;0.12695;0.13672;0.14648;0.15625;0.16602;0.17578;0.18555;0.19531;0.20508;0.21484;0.22461;0.23438;0.24414;0.25391;0.26367;0.27344;0.2832;0.29297;0.30273;0.3125;0.32227;0.33203;0.3418;0.35156;0.36133;0.37109;0.38086;0.39063;0.40039;0.41016;0.41992;0.42969;0.43945;0.44922;0.45898;0.46875;0.47852;0.48828;0.49805;0.50781;0.51758;0.52734;0.53711;0.54688;0.55664;0.56641;0.57617;0.58594;0.5957;0.60547;0.61523;0.625;0.63477;0.64453;0.6543;0.66406;0.67383;0.68359;0.69336;0.70313;0.71289;0.72266;0.73242;0.74219;0.75195;0.76172;0.77148;0.78125;0.79102,0.004921344;0.0066304;0.006683648;0.011162624;0.012888064000000001;0.009721856000000001;0.009654272;0.018692096;0.075593728;0.15102976;0.175091712;0.18065715200000002;0.217275392;0.23553024;0.276050944;0.28610969599999997;0.32095129600000005;0.22021017599999998;0.161813504;0.39536435200000003;0.316292096;0.209972224;0.171732992;0.113859584;0.07315456;0.075764736;0.080813056;0.053528576;0.057372672;0.04975616;0.039753728;0.07062323200000001;0.054107136;0.047490048;0.038361088;0.021477376;0.029758464;0.038482944000000005;0.031872;0.028063743999999998;0.031864831999999996;0.020012032000000003;0.023416832;0.022695935999999996;0.022663167999999997;0.029597696;0.019698688000000002;0.010741759999999998;0.0100352;0.009472;0.01052672;0.011054079999999999;0.011785216000000001;0.011503616;0.00902656;0.00582144;0.006934528000000001;0.006053888;0.005758976;0.00742912;0.004984832000000001;0.005382144;0.004496384;0.0046970879999999994;0.004194304;0.004040704;0.0027658239999999996;0.002977792;0.002961408;0.005013504;0.0025374720000000003;0.001861632;0.00239104;0.002809856;0.002939904;0.0017807360000000002;0.001509376;0.002130944;0.0018278399999999998
1790182800,hdr,0.0293;0.03906;0.04883;0.05859;0.06836;0.07813;0.08789;0.09766;0.10742;0.11719;0.12695;0.13672;0.14648;0.15625;0.16602;0.17578;0.18555;0.19531;0.20508;0.21484;0.22461;0.23438;0.24414;0.25391;0.26367;0.27344;0.2832;0.29297;0.30273;0.3125;0.32227;0.33203;0.3418;0.35156;0.36133;0.37109;0.38086;0.39063;0.40039;0.41016;0.41992;0.42969;0.43945;0.44922;0.45898;0.46875;0.47852;0.48828;0.49805;0.50781;0.51758;0.52734;0.53711;0.54688;0.55664;0.56641;0.57617;0.58594;0.5957;0.60547;0.61523;0.625;0.63477;0.64453;0.6543;0.66406;0.67383;0.68359;0.69336;0.70313;0.71289;0.72266;0.73242;0.74219;0.75195;0.76172;0.77148;0.78125;0.79102,0.007943168;0.012343296;0.007892992;0.007752704;0.012684288;0.017072128;0.014280704;0.017973248000000004;0.041115648;0.07552102399999999;0.07365632;0.06278144000000001;0.23304192;0.372595712;0.28349644799999996;0.414692352;0.313853952;0.24286617600000002;0.27455488;0.216680448;0.217191424;0.263973888;0.206859264;0.082929664;0.0741888;0.1059584;0.093014016;0.071932928;0.06999244799999998;0.052614144;0.038733824;0.040650752;0.05260288;0.051800064;0.044189695999999994;0.03922432;0.024896512000000003;0.018704384;0.028230656;0.027846655999999997;0.036186112;0.036715519999999995;0.022090751999999998;0.017657856;0.029289472;0.017928192;0.013489152;0.012043264000000001;0.01096192;0.01375232;0.013375488000000001;0.009229312;0.00707584;0.00443392;0.0039936;0.004927488000000001;0.0050677759999999995;0.004973568;0.007117824;0.0042014719999999995;0.00396288;0.004292608;0.004334592;0.004089856;0.002847744;0.001998848;0.0050749440000000005;0.005932032;0.004240384;0.002659328;0.0022538239999999998;0.002696192;0.003268608;0.002791424;0.001846272;0.001905664;0.002460672;0.00242688;0.001990656
1790183700,hdr,0.0293;0.03906;0.04883;0.05859;0.06836;0.07813;0.08789;0.09766;0.10742;0.11719;0.12695;0.13672;0.14648;0.15625;0.16602;0.17578;0.18555;0.19531;0.20508;0.21484;0.22461;0.23438;0.24414;0.25391;0.26367;0.27344;0.2832;0.29297;0.30273;0.3125;0.32227;0.33203;0.3418;0.35156;0.36133;0.37109;0.38086;0.39063;0.40039;0.41016;0.41992;0.42969;0.43945;0.44922;0.45898;0.46875;0.47852;0.48828;0.49805;0.50781;0.51758;0.52734;0.53711;0.54688;0.55664;0.56641;0.57617;0.58594;0.5957;0.60547;0.61523;0.625;0.63477;0.64453;0.6543;0.66406;0.67383;0.68359;0.69336;0.70313;0.71289;0.72266;0.73242;0.74219;0.75195;0.76172;0.77148;0.78125;0.79102,0.009872384;0.024931328000000003;0.018202624;0.010955776;0.016256;0.022751232;0.02262016;0.025086976;0.040805376000000004;0.06276915200000001;0.06839807999999999;0.09452851200000001;0.16291532799999997;0.318311424;0.34937344;0.28280729600000004;0.268607488;0.253749248;0.21806592000000002;0.175870976;0.221881344;0.255079424;0.178459648;0.178613248;0.13620736;0.120615936;0.098725888;0.09716940800000001;0.09192038400000001;0.06441779200000002;0.044990464;0.051084288;0.044486656;0.030052351999999997;0.026361856;0.026668031999999998;0.027474944;0.034308095999999996;0.036276224;0.029428736;0.028534784;0.024836096000000002;0.01637888;0.015860736;0.016889856;0.009444352000000001;0.012489727999999999;0.013459456;0.012717056;0.013517824;0.006224896000000001;0.007190527999999999;0.007008256;0.0059791359999999995;0.006027264;0.00561664;0.004877312;0.006243328;0.005081088000000001;0.006412288;0.00758784;0.00571904;0.003852288;0.003913728;0.005183487999999999;0.0044288;0.002864128;0.0027105280000000002;0.003556352;0.003357696;0.0027279360000000002;0.0029460479999999997;0.002213888;0.001325056;0.0015953919999999997;0.001963008;0.001318912;0.001057792;0.001416192
1790184600,hdr,0.0293;0.03906;0.04883;0.05859;0.06836;0.07813;0.08789;0.09766;0.10742;0.11719;0.12695;0.13672;0.14648;0.15625;0.16602;0.17578;0.18555;0.19531;0.20508;0.21484;0.22461;0.23438;0.24414;0.25391;0.26367;0.27344;0.2832;0.29297;0.30273;0.3125;0.32227;0.33203;0.3418;0.35156;0.36133;0.37109;0.38086;0.39063;0.40039;0.41016;0.41992;0.42969;0.43945;0.44922;0.45898;0.46875;0.47852;0.48828;0.49805;0.50781;0.51758;0.52734;0.53711;0.54688;0.55664;0.56641;0.57617;0.58594;0.5957;0.60547;0.61523;0.625;0.63477;0.64453;0.6543;0.66406;0.67383;0.68359;0.69336;0.70313;0.71289;0.72266;0.73242;0.74219;0.75195;0.76172;0.77148;0.78125;0.79102,0.009229312;0.02123776;0.009759743999999999;0.013441024000000001;0.024950784;0.02263552;0.018500608;0.02341888;0.046668799999999996;0.116504576;0.138881024;0.110478336;0.168119296;0.176995328;0.274019328;0.27920895999999995;0.22085836800000003;0.303154176;0.28477337599999997;0.25748172799999997;0.34447155199999996;0.246042624;0.169607168;0.093531136;0.10297036799999999;0.117757952;0.11882496000000001;0.06608281599999999;0.061679616;0.06209433599999999;0.072896512;0.07571660799999999;0.051366911999999994;0.045640704;0.062288896;0.047412224;0.034231296;0.019998719999999998;0.028317696;0.036644864;0.032038912;0.021797887999999998;0.014216191999999999;0.01919488;0.020970495999999998;0.014328832;0.011921408;0.010958848;0.009479168;0.007357440000000001;0.008159231999999999;0.007333888;0.005568511999999999;0.012309504;0.011741184000000002;0.009064448000000001;0.008228863999999999;0.00862208;0.008634368;0.00522752;0.005124096;0.0049633279999999995;0.004401152;0.00390144;0.005896192;0.005018624;0.004825088;0.00247296;0.0019712;0.00297472;0.003576832;0.0032430080000000003;0.0021452800000000003;0.0017182719999999999;0.002060288;0.00253952;0.002205696;0.0023408640000000002;0.001532928
1790185500,hdr,0.0293;0.03906;0.04883;0.05859;0.06836;0.07813;0.08789;0.09766;0.10742;0.11719;0.12695;0.13672;0.14648;0.15625;0.16602;0.17578;0.18555;0.19531;0.20508;0.21484;0.22461;0.23438;0.24414;0.25391;0.26367;0.27344;0.2832;0.29297;0.30273;0.3125;0.32227;0.33203;0.3418;0.35156;0.36133;0.37109;0.38086;0.39063;0.40039;0.41016;0.41992;0.42969;0.43945;0.44922;0.45898;0.46875;0.47852;0.48828;0.49805;0.50781;0.51758;0.52734;0.53711;0.54688;0.55664;0.56641;0.57617;0.58594;0.5957;0.60547;0.61523;0.625;0.63477;0.64453;0.6543;0.66406;0.67383;0.68359;0.69336;0.70313;0.71289;0.72266;0.73242;0.74219;0.75195;0.76172;0.77148;0.78125;0.79102,0.005480448000000001;0.010284031999999999;0.013520896000000001;0.012007424000000001;0.019305472;0.010053632;0.008881152;0.016433152;0.05282304;0.132284416;0.12463718400000001;0.090088448;0.144292864;0.24439705599999997;0.28992819200000003;0.230649856;0.30081843199999997;0.240032768;0.262796288;0.24824832;0.242951168;0.19888435200000001;0.109533184;0.12314419200000001;0.098987008;0.09097011199999999;0.07692083200000001;0.060762112;0.052386816;0.058952703999999995;0.049683456;0.040206336;0.036930559999999994;0.055702528;0.047763455999999996;0.04013568;0.026722304;0.021745664;0.022627328;0.017891328;0.0158464;0.017332223999999997;0.018936831999999997;0.014598144;0.012484608;0.009604096;0.006445056;0.010974208000000001;0.012217344000000002;0.007899136000000001;0.009401343999999999;0.008477696;0.009929728;0.00906752;0.0065218559999999995;0.006189055999999999;0.0087808;0.007986176000000001;0.00799232;0.0053248;0.003531776;0.004247552;0.0036116480000000003;0.002741248;0.003515392;0.0038461439999999997;0.003347456;0.00384512;0.00255488;0.0021227520000000003;0.0027566080000000002;0.002348032;0.001922048;0.001870848;0.0014274560000000001;0.0013926400000000001;0.0017377279999999998;0.0012789759999999998;0.0014458880000000002
1790186400,hdr,0.0293;0.03906;0.04883;0.05859;0.06836;0.07813;0.08789;0.09766;0.10742;0.11719;0.12695;0.13672;0.14648;0.15625;0.16602;0.17578;0.18555;0.19531;0.20508;0.21484;0.22461;0.23438;0.24414;0.25391;0.26367;0.27344;0.2832;0.29297;0.30273;0.3125;0.32227;0.33203;0.3418;0.35156;0.36133;0.37109;0.38086;0.39063;0.40039;0.41016;0.41992;0.42969;0.43945;0.44922;0.45898;0.46875;0.47852;0.48828;0.49805;0.50781;0.51758;0.52734;0.53711;0.54688;0.55664;0.56641;0.57617;0.58594;0.5957;0.60547;0.61523;0.625;0.63477;0.64453;0.6543;0.66406;0.67383;0.68359;0.69336;0.70313;0.71289;0.72266;0.73242;0.74219;0.75195;0.76172;0.77148;0.78125;0.79102,0.007042048;0.008456192;0.005817344;0.012604416;0.012679168000000001;0.010638336000000002;0.013369343999999998;0.015833088;0.039517184000000004;0.078119936;0.085016576;0.10532761600000001;0.14709247999999997;0.19253964799999998;0.22861312;0.306414592;0.26624307199999997;0.240649216;0.26538188799999995;0.219129856;0.11226931200000001;0.164995072;0.130371584;0.16643993599999998;0.135325696;0.082116608;0.102606848;0.097536;0.062478335999999995;0.056484864;0.03434803200000001;0.025990144;0.033251328000000004;0.023711744;0.036625408000000005;0.032835583999999994;0.022508544000000002;0.020373504;0.022612992;0.021090304;0.02044416;0.012083199999999999;0.011836415999999999;0.008813567999999999;0.008315904;0.010721280000000001;0.010049536;0.009229312;0.011232256;0.013168639999999999;0.008137727999999999;0.0047216639999999995;0.006218752;0.012094464;0.010836992;0.009629696;0.005420032;0.003894272;0.00609792;0.004990975999999999;0.003596288;0.004169728;0.004559872;0.002573312;0.0029911039999999996;0.003180544;0.0031232000000000005;0.0035614720000000004;0.003004416;0.002587648;0.002149376;0.0023132160000000003;0.00247808;0.003378176;0.002321408;0.0019128320000000002;0.001895424;0.001855488;0.001661952
1790187300,hdr,0.0293;0.03906;0.04883;0.05859;0.06836;0.07813;0.08789;0.09766;0.10742;0.11719;0.12695;0.13672;0.14648;0.15625;0.16602;0.17578;0.18555;0.19531;0.20508;0.21484;0.22461;0.23438;0.24414;0.25391;0.26367;0.27344;0.2832;0.29297;0.30273;0.3125;0.32227;0.33203;0.3418;0.35156;0.36133;0.37109;0.38086;0.39063;0.40039;0.41016;0.41992;0.42969;0.43945;0.44922;0.45898;0.46875;0.47852;0.48828;0.49805;0.50781;0.51758;0.52734;0.53711;0.54688;0.55664;0.56641;0.57617;0.58594;0.5957;0.60547;0.61523;0.625;0.63477;0.64453;0.6543;0.66406;0.67383;0.68359;0.69336;0.70313;0.71289;0.72266;0.73242;0.74219;0.75195;0.76172;0.77148;0.78125;0.79102,0.009542655999999998;0.009899007999999999;0.005715968;0.008067072;0.018674688;0.016995328;0.0204288;0.032188416;0.07481446400000001;0.14154547199999998;0.147760128;0.094066688;0.10353664;0.204238848;0.237305856;0.144049152;0.20227072000000001;0.29251584;0.17030041600000004;0.13929369600000002;0.1526528;0.143051776;0.121263104;0.13082316800000002;0.138692608;0.11981004799999999;0.088823808;0.088240128;0.09159782400000001;0.06764339200000001;0.036202496;0.017803264;0.033911807999999995;0.044594176;0.047604736;0.03566592;0.030829567999999998;0.025883648000000002;0.02988544;0.023087104;0.018932736;0.01076736;0.01150976;0.013824;0.015209472;0.015657984;0.01216;0.01306624;0.010458111999999999;0.00880128;0.009237503999999999;0.009919487999999999;0.007707648;0.004898815999999999;0.0057088;0.007053312;0.005587968;0.005271552;0.0022814719999999997;0.004212736;0.0055060479999999995;0.00772608;0.005414912;0.0029409279999999998;0.00249344;0.0028426239999999998;0.0026521599999999998;0.0023459839999999997;0.003492864;0.002741248;0.003309568;0.0020736;0.00246272;0.0018575360000000001;0.0020992000000000003;0.002003968;0.001717248;0.001462272;0.0017305600000000001
1790188200,hdr,0.0293;0.03906;0.04883;0.05859;0.06836;0.07813;0.08789;0.09766;0.10742;0.11719;0.12695;0.13672;0.14648;0.15625;0.16602;0.17578;0.18555;0.19531;0.20508;0.21484;0.22461;0.23438;0.24414;0.25391;0.26367;0.27344;0.2832;0.29297;0.30273;0.3125;0.32227;0.33203;0.3418;0.35156;0.36133;0.37109;0.38086;0.39063;0.40039;0.41016;0.41992;0.42969;0.43945;0.44922;0.45898;0.46875;0.47852;0.48828;0.49805;0.50781;0.51758;0.52734;0.53711;0.54688;0.55664;0.56641;0.57617;0.58594;0.5957;0.60547;0.61523;0.625;0.63477;0.64453;0.6543;0.66406;0.67383;0.68359;0.69336;0.70313;0.71289;0.72266;0.73242;0.74219;0.75195;0.76172;0.77148;0.78125;0.79102,0.002244608;0.0060907520000000005;0.012299264;0.010546176;0.012878848;0.017296383999999998;0.016474112000000003;0.015262719999999999;0.034412543999999996;0.067254272;0.078680064;0.078246912;0.10167910399999999;0.107216896;0.162736128;0.175812608;0.253412352;0.243936256;0.202171392;0.189154304;0.222491648;0.186254336;0.140302336;0.101194752;0.125011968;0.10601369599999999;0.113334272;0.09097216000000001;0.052888576;0.030069759999999997;0.051139584;0.06888140799999999;0.053106688;0.03946496;0.045387776000000005;0.03736064;0.028161024;0.027846655999999997;0.025607168000000003;0.023514112;0.018161663999999998;0.020749312;0.017263616;0.017933312000000003;0.012121088;0.015943680000000002;0.013398016;0.00808448;0.008259584;0.0056453119999999996;0.006081536;0.00408064;0.004199424;0.003861504;0.005281792;0.006530048;0.006491136000000001;0.00498176;0.004635648;0.003721216;0.00384;0.004711424;0.0038297599999999998;0.0025497600000000003;0.0018012159999999998;0.002967552;0.004406272000000001;0.0020930559999999994;0.00274944;0.00245248;0.0024381439999999997;0.002683904;0.0023592960000000003;0.001870848;0.001974272;0.00226304;0.002213888;0.001509376;0.001746944
1790189100,hdr,0.0293;0.03906;0.04883;0.05859;0.06836;0.07813;0.08789;0.09766;0.10742;0.11719;0.12695;0.13672;0.14648;0.15625;0.16602;0.17578;0.18555;0.19531;0.20508;0.21484;0.22461;0.23438;0.24414;0.25391;0.26367;0.27344;0.2832;0.29297;0.30273;0.3125;0.32227;0.33203;0.3418;0.35156;0.36133;0.37109;0.38086;0.39063;0.40039;0.41016;0.41992;0.42969;0.43945;0.44922;0.45898;0.46875;0.47852;0.48828;0.49805;0.50781;0.51758;0.52734;0.53711;0.54688;0.55664;0.56641;0.57617;0.58594;0.5957;0.60547;0.61523;0.625;0.63477;0.64453;0.6543;0.66406;0.67383;0.68359;0.69336;0.70313;0.71289;0.72266;0.73242;0.74219;0.75195;0.76172;0.77148;0.78125;0.79102,0.006791167999999999;0.009650176;0.009235455999999998;0.00743424;0.021226495999999997;0.022773759999999997;0.012404736;0.010551296;0.027578368000000002;0.07281664000000002;0.09454694400000001;0.08382975999999999;0.09410048000000001;0.12571136;0.33066700800000004;0.400657408;0.323963904;0.34185728000000004;0.256959488;0.13912268800000002;0.14833664;0.089734144;0.133331968;0.15773183999999998;0.090143744;0.075769856;0.073935872;0.080943104;0.067262464;0.04091392;0.065267712;0.052857856;0.04143616000000001;0.062922752;0.05281792;0.03524096;0.021789696;0.013722624;0.018983936;0.012059648;0.015591424;0.014622719999999999;0.008920064;0.013403136000000001;0.016031744;0.013936640000000002;0.011090944;0.006326272;0.009632768;0.011159552;0.007936;0.010379264;0.006319104;0.005569536;0.0042496;0.004822015999999999;0.00573952;0.004113408;0.004575232;0.0057344;0.005143552;0.0036823039999999995;0.003782656;0.003663872;0.004258816;0.002888704;0.002807808;0.0029716480000000003;0.002156544;0.002440192;0.002635776;0.0015206400000000002;0.0012318720000000002;0.0012072959999999998;0.00126976;0.001783808;0.0023500800000000005;0.001752064;0.002258944
1790190000,hdr,0.0293;0.03906;0.04883;0.05859;0.06836;0.07813;0.08789;0.09766;0.10742;0.11719;0.12695;0.13672;0.14648;0.15625;0.16602;0.17578;0.18555;0.19531;0.20508;0.21484;0.22461;0.23438;0.24414;0.25391;0.26367;0.27344;0.2832;0.29297;0.30273;0.3125;0.32227;0.33203;0.3418;0.35156;0.36133;0.37109;0.38086;0.39063;0.40039;0.41016;0.41992;0.42969;0.43945;0.44922;0.45898;0.46875;0.47852;0.48828;0.49805;0.50781;0.51758;0.52734;0.53711;0.54688;0.55664;0.56641;0.57617;0.58594;0.5957;0.60547;0.61523;0.625;0.63477;0.64453;0.6543;0.66406;0.67383;0.68359;0.69336;0.70313;0.71289;0.72266;0.73242;0.74219;0.75195;0.76172;0.77148;0.78125;0.79102,0.0045875199999999994;0.0026081279999999995;0.002514944;0.005352448;0.007084032;0.009172992;0.008952832;0.017831935999999996;0.059291648;0.13542912000000001;0.157522944;0.134903808;0.157034496;0.199240704;0.237920256;0.317935616;0.40100147199999997;0.388849664;0.272856064;0.216257536;0.125320192;0.141037568;0.13788672;0.091456512;0.0969216;0.07839744;0.07932928;0.072025088;0.03134464;0.048722944;0.062980096;0.052003839999999996;0.048241664;0.04347392;0.032360448;0.025323519999999995;0.033128448;0.026897408;0.025223168;0.016498688;0.013060096;0.019887104;0.016929792;0.009878528;0.011672575999999999;0.00985088;0.009015295999999999;0.010383360000000001;0.010888192000000001;0.00671232;0.005512192;0.00579584;0.004091904;0.0032501760000000005;0.004211712;0.006353919999999999;0.007648256;0.007945216;0.0047790079999999995;0.003646464;0.0037621760000000003;0.004016128;0.004021248;0.002945024;0.002618368;0.0026521599999999998;0.001741824;0.002009088;0.00297472;0.0028999679999999997;0.002051072;0.001195008;0.0010752000000000001;0.000740352;0.001548288;0.001538048;0.0012605440000000002;0.001134592;0.0013260799999999999
1790190900,hdr,0.0293;0.03906;0.04883;0.05859;0.06836;0.07813;0.08789;0.09766;0.10742;0.11719;0.12695;0.13672;0.14648;0.15625;0.16602;0.17578;0.18555;0.19531;0.20508;0.21484;0.22461;0.23438;0.24414;0.25391;0.26367;0.27344;0.2832;0.29297;0.30273;0.3125;0.32227;0.33203;0.3418;0.35156;0.36133;0.37109;0.38086;0.39063;0.40039;0.41016;0.41992;0.42969;0.43945;0.44922;0.45898;0.46875;0.47852;0.48828;0.49805;0.50781;0.51758;0.52734;0.53711;0.54688;0.55664;0.56641;0.57617;0.58594;0.5957;0.60547;0.61523;0.625;0.63477;0.64453;0.6543;0.66406;0.67383;0.68359;0.69336;0.70313;0.71289;0.72266;0.73242;0.74219;0.75195;0.76172;0.77148;0.78125;0.79102,0.0062679039999999995;0.0109056;0.016120832;0.010490880000000001;0.006078464;0.010155008;0.013244415999999998;0.010696704;0.02117632;0.078954496;0.11161088;0.10948608;0.10322739199999999;0.13728665599999998;0.18335948800000001;0.213266432;0.183168;0.24106905599999998;0.20880896000000002;0.173177856;0.11855462400000001;0.196236288;0.186912768;0.10016768000000001;0.079960064;0.072554496;0.07481958400000001;0.055013376;0.023986175999999998;0.04729343999999999;0.07969587199999999;0.06982656;0.048109568000000005;0.03137024;0.018627584;0.028261376;0.023242752000000002;0.025800703999999997;0.024350719999999996;0.018463743999999997;0.024582144;0.015670272000000002;0.009349119999999999;0.008011775999999998;0.0074926079999999996;0.00783872;0.009775104000000001;0.008848384;0.006305792;0.007345152;0.004810752;0.003835904;0.004260864;0.0034078719999999997;0.005700608;0.007211008;0.0054784;0.004783103999999999;0.004123648;0.0035696639999999997;0.00326656;0.00316416;0.00339968;0.002286592;0.002048;0.0025743360000000004;0.002658304;0.0017489920000000002;0.001084416;0.001959936;0.002213888;0.001948672;0.001716224;0.001845248;0.001726464;0.001158144;0.001153024;0.000654336;0.001149952
1790191800,hdr,0.0293;0.03906;0.04883;0.05859;0.06836;0.07813;0.08789;0.09766;0.10742;0.11719;0.12695;0.13672;0.14648;0.15625;0.16602;0.17578;0.18555;0.19531;0.20508;0.21484;0.22461;0.23438;0.24414;0.25391;0.26367;0.27344;0.2832;0.29297;0.30273;0.3125;0.32227;0.33203;0.3418;0.35156;0.36133;0.37109;0.38086;0.39063;0.40039;0.41016;0.41992;0.42969;0.43945;0.44922;0.45898;0.46875;0.47852;0.48828;0.49805;0.50781;0.51758;0.52734;0.53711;0.54688;0.55664;0.56641;0.57617;0.58594;0.5957;0.60547;0.61523;0.625;0.63477;0.64453;0.6543;0.66406;0.67383;0.68359;0.69336;0.70313;0.71289;0.72266;0.73242;0.74219;0.75195;0.76172;0.77148;0.78125;0.79102,0.00237568;0.007225344;0.010843135999999998;0.0075776;0.022260736;0.017876992;0.014507008000000002;0.023370752;0.070518784;0.1971456;0.23240908799999999;0.14929920000000002;0.1579008;0.1926144;0.222542848;0.24197427200000002;0.32221081600000007;0.294511616;0.26859827199999997;0.175811584;0.110189568;0.131243008;0.169146368;0.17887334400000002;0.161688576;0.11227852799999999;0.107311104;0.081637376;0.037003264;0.051084288;0.053154816;0.030117888;0.030702592;0.02911232;0.030637056;0.0203008;0.022979583999999997;0.028356608000000002;0.018070528;0.015337472;0.01266688;0.017790976000000003;0.014205951999999999;0.009728;0.011924480000000001;0.010712064;0.005551103999999999;0.007563264;0.009261056;0.009421824;0.008259584;0.006948864000000001;0.0060016639999999994;0.0047104;0.0056330239999999995;0.005316608;0.004234239999999999;0.004639744;0.004883456;0.0028927999999999996;0.001849344;0.002204672;0.0034652159999999997;0.003332096;0.0019128320000000002;0.00163328;0.001574912;0.001818624;0.0020418560000000003;0.002061312;0.0019210240000000001;0.001408;0.0012994559999999998;0.0013506560000000002;0.001193984;0.0017623040000000001;0.0012994559999999998;0.000915456;0.0014745600000000002
1790192700,hdr,0.0293;0.03906;0.04883;0.05859;0.06836;0.07813;0.08789;0.09766;0.10742;0.11719;0.12695;0.13672;0.14648;0.15625;0.16602;0.17578;0.18555;0.19531;0.20508;0.21484;0.22461;0.23438;0.24414;0.25391;0.26367;0.27344;0.2832;0.29297;0.30273;0.3125;0.32227;0.33203;0.3418;0.35156;0.36133;0.37109;0.38086;0.39063;0.40039;0.41016;0.41992;0.42969;0.43945;0.44922;0.45898;0.46875;0.47852;0.48828;0.49805;0.50781;0.51758;0.52734;0.53711;0.54688;0.55664;0.56641;0.57617;0.58594;0.5957;0.60547;0.61523;0.625;0.63477;0.64453;0.6543;0.66406;0.67383;0.68359;0.69336;0.70313;0.71289;0.72266;0.73242;0.74219;0.75195;0.76172;0.77148;0.78125;0.79102,0.00651776;0.013334528;0.009665536;0.005637120000000001;0.00799232;0.014036992;0.011472896;0.017340416;0.045300735999999994;0.15240704000000002;0.14552575999999998;0.186717184;0.201603072;0.18698444799999997;0.257260544;0.392044544;0.31634432;0.16713728;0.225743872;0.20356607999999998;0.13300121599999998;0.195607552;0.159910912;0.131053568;0.11740160000000001;0.108776448;0.08019763199999999;0.10217984;0.10358374399999999;0.056395775999999995;0.03923456;0.027584512;0.045390848;0.038386688;0.024214528000000003;0.021586944;0.020648959999999997;0.021061631999999997;0.017243136;0.019526656;0.019605504;0.015814656;0.010358784;0.00848384;0.006002688;0.0049080320000000005;0.004723712;0.0066713599999999994;0.007863296;0.006544384;0.004656128;0.006968320000000001;0.0033884159999999996;0.00326656;0.003073024;0.002977792;0.0031160320000000004;0.002532352;0.0027453439999999994;0.0032583679999999998;0.0033638400000000003;0.0027883520000000005;0.0023552;0.003058688;0.0022937599999999997;0.001480704;0.001308672;0.0018216959999999998;0.002009088;0.002604032;0.002482176;0.001234944;0.0013701120000000002;0.001668096;0.001987584;0.001560576;0.00101376;0.000809984;0.000807936
1790193600,hdr,0.0293;0.03906;0.04883;0.05859;0.06836;0.07813;0.08789;0.09766;0.10742;0.11719;0.12695;0.13672;0.14648;0.15625;0.16602;0.17578;0.18555;0.19531;0.20508;0.21484;0.22461;0.23438;0.24414;0.25391;0.26367;0.27344;0.2832;0.29297;0.30273;0.3125;0.32227;0.33203;0.3418;0.35156;0.36133;0.37109;0.38086;0.39063;0.40039;0.41016;0.41992;0.42969;0.43945;0.44922;0.45898;0.46875;0.47852;0.48828;0.49805;0.50781;0.51758;0.52734;0.53711;0.54688;0.55664;0.56641;0.57617;0.58594;0.5957;0.60547;0.61523;0.625;0.63477;0.64453;0.6543;0.66406;0.67383;0.68359;0.69336;0.70313;0.71289;0.72266;0.73242;0.74219;0.75195;0.76172;0.77148;0.78125;0.79102,0.0017121280000000003;0.003786752;0.002113536;0.004370432;0.009448448;0.016637951999999998;0.021093376;0.022930432;0.042747903999999996;0.15838412799999999;0.170809344;0.156182528;0.20503449599999998;0.26851328;0.23333887999999997;0.25221836799999997;0.231697408;0.23020748800000002;0.185081856;0.134407168;0.08975564799999998;0.155332608;0.15546368000000002;0.12499558399999999;0.08323174400000001;0.08915763200000001;0.112251904;0.10341888;0.074758144;0.057188352;0.04512768;0.036466688;0.03445248;0.03329536;0.034721792;0.03826278400000001;0.040641536;0.028239872;0.024844288;0.020554752;0.01103872;0.011205632;0.01204224;0.012050432000000002;0.009126912000000001;0.009510912;0.009199616;0.004651008;0.003572736;0.00459264;0.003347456;0.002880512;0.002760704;0.0032358400000000002;0.0030228480000000003;0.002477056;0.0028927999999999996;0.003518464;0.003559424;0.0028129279999999997;0.003648512;0.004267008;0.0027740160000000002;0.0013393919999999998;0.0009349119999999999;0.0016291839999999999;0.0013506560000000002;0.001548288;0.001601536;0.002363392;0.0015431680000000001;0.0013209599999999997;0.00190976;0.001707008;0.001294336;0.0013352960000000001;0.0007833599999999999;0.0007464960000000001;0.00099328
1790194500,hdr,0.0293;0.03906;0.04883;0.05859;0.06836;0.07813;0.08789;0.09766;0.10742;0.11719;0.12695;0.13672;0.14648;0.15625;0.16602;0.17578;0.18555;0.19531;0.20508;0.21484;0.22461;0.23438;0.24414;0.25391;0.26367;0.27344;0.2832;0.29297;0.30273;0.3125;0.32227;0.33203;0.3418;0.35156;0.36133;0.37109;0.38086;0.39063;0.40039;0.41016;0.41992;0.42969;0.43945;0.44922;0.45898;0.46875;0.47852;0.48828;0.49805;0.50781;0.51758;0.52734;0.53711;0.54688;0.55664;0.56641;0.57617;0.58594;0.5957;0.60547;0.61523;0.625;0.63477;0.64453;0.6543;0.66406;0.67383;0.68359;0.69336;0.70313;0.71289;0.72266;0.73242;0.74219;0.75195;0.76172;0.77148;0.78125;0.79102,0.008806399999999999;0.011626495999999998;0.0066048;0.005326848;0.012168192;0.009795584000000001;0.00986112;0.011160576;0.049266688;0.17245491200000002;0.22063616;0.164099072;0.176621568;0.32605388799999996;0.228790272;0.22255923200000002;0.324691968;0.246642688;0.31474790399999997;0.209801216;0.17051750400000001;0.14537523200000002;0.20263936000000002;0.207266816;0.098574336;0.06522470400000001;0.09235558399999999;0.07124172799999999;0.065144832;0.067168256;0.04621312;0.03838464;0.048751616000000005;0.038286336;0.02185728;0.019319807999999997;0.017117184;0.011359232;0.013817856000000002;0.016744447999999995;0.011949056000000001;0.012292096;0.010370048000000002;0.007217151999999999;0.007113728;0.0076820479999999995;0.00614912;0.007001088000000001;0.005178367999999999;0.00479232;0.0031969280000000004;0.004738048;0.005316608;0.005569536;0.003606528;0.0032849919999999996;0.00425472;0.003252224;0.001885184;0.0015390719999999998;0.0013342719999999998;0.0017766400000000001;0.0025292799999999996;0.003336192;0.0018923520000000001;0.0013608960000000001;0.001253376;0.001364992;0.001855488;0.0017674240000000003;0.00178688;0.001649664;0.0013783040000000001;0.001810432;0.001887232;0.0009830400000000001;0.0011909120000000001;0.001091584;0.000770048
1790195400,hdr,0.0293;0.03906;0.04883;0.05859;0.06836;0.07813;0.08789;0.09766;0.10742;0.11719;0.12695;0.13672;0.14648;0.15625;0.16602;0.17578;0.18555;0.19531;0.20508;0.21484;0.22461;0.23438;0.24414;0.25391;0.26367;0.27344;0.2832;0.29297;0.30273;0.3125;0.32227;0.33203;0.3418;0.35156;0.36133;0.37109;0.38086;0.39063;0.40039;0.41016;0.41992;0.42969;0.43945;0.44922;0.45898;0.46875;0.47852;0.48828;0.49805;0.50781;0.51758;0.52734;0.53711;0.54688;0.55664;0.56641;0.57617;0.58594;0.5957;0.60547;0.61523;0.625;0.63477;0.64453;0.6543;0.66406;0.67383;0.68359;0.69336;0.70313;0.71289;0.72266;0.73242;0.74219;0.75195;0.76172;0.77148;0.78125;0.79102,0.004317184;0.014901248;0.019872768;0.010814464;0.010075136;0.01486336;0.016581632;0.01755648;0.07620096;0.13857075200000002;0.28211507199999997;0.249662464;0.220150784;0.262700032;0.39971225600000004;0.365343744;0.24265523200000003;0.230249472;0.176006144;0.16520192;0.20502323200000003;0.23116492800000002;0.17599488;0.102626304;0.08180940800000001;0.06615961599999999;0.059051008;0.052132864;0.08923238399999998;0.045172736;0.020291583999999998;0.037701632;0.036846592000000004;0.033514496;0.026085376;0.026135552;0.03554099200000001;0.029448191999999998;0.016036864;0.022766592000000002;0.022201343999999998;0.019432448;0.012719104;0.008581120000000001;0.011017216;0.008708096;0.004062208;0.007760896;0.007806975999999999;0.005389312;0.004334592;0.005085184;0.004548608;0.004588544;0.003104768;0.003042304;0.003914752;0.0033341440000000003;0.002066432;0.00182272;0.002948096;0.0028221440000000004;0.0023275519999999997;0.0020572159999999997;0.001143808;0.0016230399999999999;0.002295808;0.0021442559999999998;0.001849344;0.002199552;0.002910208;0.00285696;0.0020162559999999997;0.0015769599999999999;0.0010516479999999999;0.001348608;0.00103424;0.0007086080000000001;0.00042496
1790196300,hdr,0.0293;0.03906;0.04883;0.05859;0.06836;0.07813;0.08789;0.09766;0.10742;0.11719;0.12695;0.13672;0.14648;0.15625;0.16602;0.17578;0.18555;0.19531;0.20508;0.21484;0.22461;0.23438;0.24414;0.25391;0.26367;0.27344;0.2832;0.29297;0.30273;0.3125;0.32227;0.33203;0.3418;0.35156;0.36133;0.37109;0.38086;0.39063;0.40039;0.41016;0.41992;0.42969;0.43945;0.44922;0.45898;0.46875;0.47852;0.48828;0.49805;0.50781;0.51758;0.52734;0.53711;0.54688;0.55664;0.56641;0.57617;0.58594;0.5957;0.60547;0.61523;0.625;0.63477;0.64453;0.6543;0.66406;0.67383;0.68359;0.69336;0.70313;0.71289;0.72266;0.73242;0.74219;0.75195;0.76172;0.77148;0.78125;0.79102,0.007367680000000001;0.007934976;0.002500608;0.005043199999999999;0.009012224000000001;0.009884672;0.012402688;0.019189759999999997;0.050274304000000006;0.12361830399999998;0.213569536;0.139595776;0.20924006399999998;0.38107852799999997;0.412028928;0.305697792;0.214541312;0.237659136;0.21996032000000001;0.129355776;0.153938944;0.158288896;0.137862144;0.108875776;0.126211072;0.11598336;0.06137344;0.034274304000000005;0.06678528;0.046456832;0.03531264;0.034371584;0.044969984;0.048745472000000005;0.033088512;0.018045952;0.016131072;0.012518399999999999;0.00868864;0.011870208;0.013444095999999999;0.010788864;0.010292223999999999;0.014318592;0.011288576000000002;0.006554624;0.009472;0.010521599999999999;0.00943104;0.004754432;0.00307712;0.00559616;0.005698559999999999;0.0032174079999999997;0.00327168;0.0042137599999999996;0.003771392;0.0034662399999999998;0.0024719359999999997;0.00245248;0.002820096;0.002238464;0.001744896;0.0015544320000000001;0.001509376;0.001383424;0.001901568;0.002238464;0.0020244480000000003;0.0016404479999999999;0.0015738879999999998;0.001910784;0.001957888;0.0018575360000000001;0.001501184;0.0013608960000000001;0.00164864;0.001717248;0.000817152
1790197200,hdr,0.0293;0.03906;0.04883;0.05859;0.06836;0.07813;0.08789;0.09766;0.10742;0.11719;0.12695;0.13672;0.14648;0.15625;0.16602;0.17578;0.18555;0.19531;0.20508;0.21484;0.22461;0.23438;0.24414;0.25391;0.26367;0.27344;0.2832;0.29297;0.30273;0.3125;0.32227;0.33203;0.3418;0.35156;0.36133;0.37109;0.38086;0.39063;0.40039;0.41016;0.41992;0.42969;0.43945;0.44922;0.45898;0.46875;0.47852;0.48828;0.49805;0.50781;0.51758;0.52734;0.53711;0.54688;0.55664;0.56641;0.57617;0.58594;0.5957;0.60547;0.61523;0.625;0.63477;0.64453;0.6543;0.66406;0.67383;0.68359;0.69336;0.70313;0.71289;0.72266;0.73242;0.74219;0.75195;0.76172;0.77148;0.78125;0.79102,0.003096576;0.008195072;0.008118272;0.007903232;0.016628736;0.015726592;0.010883072;0.015069184;0.04432281600000001;0.18244095999999999;0.365282304;0.39920128;0.309680128;0.24383180799999998;0.297419776;0.36418764800000003;0.31773081599999997;0.22807961599999999;0.19014963199999999;0.17376256;0.18774220800000002;0.27946905600000005;0.20733952;0.172189696;0.08958975999999999;0.069571584;0.075604992;0.078738432;0.10041856;0.07912140799999999;0.054969343999999996;0.04392550399999999;0.037700608000000004;0.043329536;0.031501312;0.017010688;0.016161791999999998;0.017754112000000002;0.021210111999999996;0.01470464;0.011901951999999999;0.011940863999999999;0.007858176;0.00972288;0.008010752000000001;0.00486912;0.005520384;0.008530943999999999;0.008406015999999999;0.0062699520000000005;0.006411264;0.004815872;0.004667392000000001;0.003915776;0.00317952;0.002993152;0.0034990079999999996;0.0040396799999999995;0.003356672;0.002939904;0.00296448;0.0026009600000000003;0.0030863360000000003;0.002859008;0.0012462080000000002;0.001294336;0.002369536;0.0025292799999999996;0.002118656;0.001426432;0.001431552;0.0015677439999999998;0.001359872;0.001687552;0.001077248;0.000666624;0.0008488959999999999;0.000791552;0.0010014719999999998
1790198100,hdr,0.0293;0.03906;0.04883;0.05859;0.06836;0.07813;0.08789;0.09766;0.10742;0.11719;0.12695;0.13672;0.14648;0.15625;0.16602;0.17578;0.18555;0.19531;0.20508;0.21484;0.22461;0.23438;0.24414;0.25391;0.26367;0.27344;0.2832;0.29297;0.30273;0.3125;0.32227;0.33203;0.3418;0.35156;0.36133;0.37109;0.38086;0.39063;0.40039;0.41016;0.41992;0.42969;0.43945;0.44922;0.45898;0.46875;0.47852;0.48828;0.49805;0.50781;0.51758;0.52734;0.53711;0.54688;0.55664;0.56641;0.57617;0.58594;0.5957;0.60547;0.61523;0.625;0.63477;0.64453;0.6543;0.66406;0.67383;0.68359;0.69336;0.70313;0.71289;0.72266;0.73242;0.74219;0.75195;0.76172;0.77148;0.78125;0.79102,0.004013055999999999;0.005931008000000001;0.00738304;0.008759296;0.011891711999999999;0.00530944;0.016267264;0.035608576;0.083288064;0.20813312;0.30788403200000003;0.25108377600000004;0.23494963200000002;0.35440332799999996;0.268229632;0.201734144;0.222036992;0.223138816;0.30624665599999995;0.23015731199999998;0.20967423999999998;0.19037184;0.17416703999999997;0.21017497599999999;0.221278208;0.11966873599999998;0.07142502399999999;0.071676928;0.054295552000000004;0.036902912;0.034015232;0.035299328;0.016764928;0.023467008;0.021602304;0.015798272000000002;0.01325568;0.012341247999999999;0.01391104;0.01473024;0.013868031999999999;0.00935936;0.007926784;0.007780352;0.01162752;0.009930752000000001;0.009503743999999998;0.005891072;0.006065152;0.007150592;0.005825536;0.005848064;0.004967424;0.003960832;0.0037468159999999996;0.002719744;0.0027883520000000005;0.003718144;0.003040256;0.002982912;0.002880512;0.002441216;0.002484224;0.0034027519999999998;0.002084864;0.001414144;0.001620992;0.001898496;0.00261632;0.002627584;0.00236032;0.0020756480000000002;0.001234944;0.001605632;0.001429504;0.0012953600000000002;0.00090112;0.000779264;0.001176576
1790199000,hdr,0.0293;0.03906;0.04883;0.05859;0.06836;0.07813;0.08789;0.09766;0.10742;0.11719;0.12695;0.13672;0.14648;0.15625;0.16602;0.17578;0.18555;0.19531;0.20508;0.21484;0.22461;0.23438;0.24414;0.25391;0.26367;0.27344;0.2832;0.29297;0.30273;0.3125;0.32227;0.33203;0.3418;0.35156;0.36133;0.37109;0.38086;0.39063;0.40039;0.41016;0.41992;0.42969;0.43945;0.44922;0.45898;0.46875;0.47852;0.48828;0.49805;0.50781;0.51758;0.52734;0.53711;0.54688;0.55664;0.56641;0.57617;0.58594;0.5957;0.60547;0.61523;0.625;0.63477;0.64453;0.6543;0.66406;0.67383;0.68359;0.69336;0.70313;0.71289;0.72266;0.73242;0.74219;0.75195;0.76172;0.77148;0.78125;0.79102,0.002436096;0.010316800000000001;0.009579520000000001;0.0038144;0.008240128000000001;0.015572991999999999;0.021937152;0.015649792;0.113539072;0.259514368;0.38386892799999994;0.456235008;0.39156531200000005;0.41658265599999994;0.290128896;0.335699968;0.32799744000000003;0.31394816;0.218570752;0.16452403200000001;0.12383232;0.15518719999999997;0.171278336;0.133221376;0.10232524800000001;0.09468416;0.093254656;0.10113024000000001;0.07345152;0.03922432;0.033451008000000004;0.034642944;0.030252031999999998;0.022818816000000002;0.027303936;0.029894656000000002;0.032596992;0.022834176;0.01874944;0.015620096;0.011194368;0.005588992;0.009828352;0.010575872000000002;0.009398272000000001;0.0075673599999999995;0.005438464;0.00551424;0.005373952;0.0058245120000000004;0.004128768;0.004785152;0.004844544;0.002956288;0.0021032959999999997;0.003718144;0.003575808;0.0024012799999999996;0.002127872;0.0031354879999999996;0.001984512;0.001824768;0.002307072;0.00203776;0.0023050239999999997;0.001972224;0.002277376;0.002086912;0.0011837439999999998;0.001636352;0.001990656;0.00155648;0.001503232;0.00139776;0.0012318720000000002;0.0014192640000000002;0.001110016;0.0008222720000000001;0.0005683200000000001
