Epoch Time,Processing Source,f,varianceDensity
1789603200,hdr,0.0293;0.03906;0.04883;0.05859;0.06836;0.07813;0.08789;0.09766;0.10742;0.11719;0.12695;0.13672;0.14648;0.15625;0.16602;0.17578;0.18555;0.19531;0.20508;0.21484;0.22461;0.23438;0.24414;0.25391;0.26367;0.27344;0.2832;0.29297;0.30273;0.3125;0.32227;0.33203;0.3418;0.35156;0.36133;0.37109;0.38086;0.39063;0.40039;0.41016;0.41992;0.42969;0.43945;0.44922;0.45898;0.46875;0.47852;0.48828;0.49805;0.50781;0.51758;0.52734;0.53711;0.54688;0.55664;0.56641;0.57617;0.58594;0.5957;0.60547;0.61523;0.625;0.63477;0.64453;0.6543;0.66406;0.67383;0.68359;0.69336;0.70313;0.71289;0.72266;0.73242;0.74219;0.75195;0.76172;0.77148;0.78125;0.79102,0.0009205759999999999;0.00222208;0.003427328;0.005691392;0.012002304;0.009467904000000001;0.0074455039999999995;0.011439104000000002;0.012947456;0.017224703999999997;0.013529088;0.016683008000000003;0.023043072;0.023651328;0.015593472;0.024664064;0.014141439999999998;0.006145024000000001;0.004533248;0.0020582400000000002;0.0018421759999999998;0.00239616;0.0039424;0.004658176;0.0028989440000000005;0.001910784;0.003059712;0.0018012159999999998;0.0014858240000000002;0.0028897280000000003;0.002299904;0.001498112;0.0012554240000000002;0.00089088;0.001343488;0.0012789759999999998;0.001298432;0.001536;0.0021248;0.0015892480000000001;0.0013905920000000002;0.0018176000000000002;0.001527808;0.001156096;0.001620992;0.0011601919999999998;0.0007106559999999999;0.0008488959999999999;0.00073216;0.000809984;0.0006850560000000001;0.0006277120000000001;0.0006574080000000001;0.00088064;0.00084992;0.000611328;0.000510976;0.0005836799999999999;0.000565248;0.000580608;0.0004956159999999999;0.00055296;0.00040550399999999994;0.00040550399999999994;0.00031232;0.000173056;0.00018944;0.00021299199999999998;0.00015462400000000002;0.000205824;0.000253952;0.000160768;0.00015872;0.00020992;0.00020172799999999998;0.000100352;0.00010137599999999999;0.000128;0.00013824
1789604100,hdr,0.0293;0.03906;0.04883;0.05859;0.06836;0.07813;0.08789;0.09766;0.10742;0.11719;0.12695;0.13672;0.14648;0.15625;0.16602;0.17578;0.18555;0.19531;0.20508;0.21484;0.22461;0.23438;0.24414;0.25391;0.26367;0.27344;0.2832;0.29297;0.30273;0.3125;0.32227;0.33203;0.3418;0.35156;0.36133;0.37109;0.38086;0.39063;0.40039;0.41016;0.41992;0.42969;0.43945;0.44922;0.45898;0.46875;0.47852;0.48828;0.49805;0.50781;0.51758;0.52734;0.53711;0.54688;0.55664;0.56641;0.57617;0.58594;0.5957;0.60547;0.61523;0.625;0.63477;0.64453;0.6543;0.66406;0.67383;0.68359;0.69336;0.70313;0.71289;0.72266;0.73242;0.74219;0.75195;0.76172;0.77148;0.78125;0.79102,0.00043827199999999997;0.001933312;0.002704384;0.0028190719999999997;0.009872384;0.007599104;0.004279296;0.01539072;0.029942784;0.034500608;0.02682368;0.014177279999999999;0.011460608;0.021107712;0.018484224;0.01603072;0.016747520000000002;0.007513087999999999;0.0036505599999999997;0.003315712;0.003268608;0.0029122560000000002;0.0032768000000000003;0.002948096;0.0020736;0.002045952;0.001980416;0.00197632;0.001707008;0.001538048;0.001221632;0.0014458880000000002;0.001248256;0.0011960319999999999;0.001063936;0.0009727999999999999;0.000910336;0.0014274560000000001;0.001042432;0.0021626880000000003;0.0024371200000000005;0.00211456;0.002286592;0.002076672;0.001119232;0.001026048;0.001226752;0.0013557760000000002;0.0009574399999999999;0.001086464;0.00093696;0.0007086080000000001;0.0008622079999999999;0.000909312;0.000996352;0.000555008;0.0004352;0.000490496;0.00042291200000000006;0.00045056;0.000616448;0.00041984;0.000379904;0.000441344;0.0003584;0.000263168;0.00027136;0.000262144;0.00021504000000000003;0.000329728;0.00037785600000000004;0.00026623999999999994;0.0001536;0.000152576;0.00011264;8.704000000000001e-05;0.00011980799999999999;0.00012390399999999998;0.00011161600000000001
1789605000,hdr,0.0293;0.03906;0.04883;0.05859;0.06836;0.07813;0.08789;0.09766;0.10742;0.11719;0.12695;0.13672;0.14648;0.15625;0.16602;0.17578;0.18555;0.19531;0.20508;0.21484;0.22461;0.23438;0.24414;0.25391;0.26367;0.27344;0.2832;0.29297;0.30273;0.3125;0.32227;0.33203;0.3418;0.35156;0.36133;0.37109;0.38086;0.39063;0.40039;0.41016;0.41992;0.42969;0.43945;0.44922;0.45898;0.46875;0.47852;0.48828;0.49805;0.50781;0.51758;0.52734;0.53711;0.54688;0.55664;0.56641;0.57617;0.58594;0.5957;0.60547;0.61523;0.625;0.63477;0.64453;0.6543;0.66406;0.67383;0.68359;0.69336;0.70313;0.71289;0.72266;0.73242;0.74219;0.75195;0.76172;0.77148;0.78125;0.79102,0.000310272;0.000544768;0.00043315199999999996;0.00252416;0.008779776;0.014312448;0.008087552000000001;0.007863296;0.017910784;0.043362304000000004;0.040920064000000006;0.031414272;0.021199871999999998;0.027472895999999997;0.030404608;0.017473536;0.017405952;0.010517504;0.004097024;0.003014656;0.0030330879999999998;0.002244608;0.0030863360000000003;0.003807232;0.00326656;0.002110464;0.00131584;0.001466368;0.001184768;0.00125952;0.001186816;0.001143808;0.0013219840000000002;0.001041408;0.001103872;0.0017408;0.0015616000000000002;0.0014336;0.001074176;0.001210368;0.001107968;0.001052672;0.0016220159999999998;0.00088064;0.000852992;0.001156096;0.001457152;0.0013404159999999999;0.001161216;0.000620544;0.000671744;0.00077824;0.000989184;0.00108544;0.0011704320000000001;0.0009431040000000001;0.0008560640000000001;0.0008837120000000001;0.0005703679999999999;0.0005642239999999999;0.000463872;0.000452608;0.000516096;0.000503808;0.0003072;0.00029900799999999997;0.000339968;0.00033894400000000004;0.000227328;0.000264192;0.00030617599999999996;0.00022323200000000002;0.00016691200000000002;0.00017100799999999997;0.000192512;0.000183296;0.000131072;0.00018432000000000002;0.000164864
1789605900,hdr,0.0293;0.03906;0.04883;0.05859;0.06836;0.07813;0.08789;0.09766;0.10742;0.11719;0.12695;0.13672;0.14648;0.15625;0.16602;0.17578;0.18555;0.19531;0.20508;0.21484;0.22461;0.23438;0.24414;0.25391;0.26367;0.27344;0.2832;0.29297;0.30273;0.3125;0.32227;0.33203;0.3418;0.35156;0.36133;0.37109;0.38086;0.39063;0.40039;0.41016;0.41992;0.42969;0.43945;0.44922;0.45898;0.46875;0.47852;0.48828;0.49805;0.50781;0.51758;0.52734;0.53711;0.54688;0.55664;0.56641;0.57617;0.58594;0.5957;0.60547;0.61523;0.625;0.63477;0.64453;0.6543;0.66406;0.67383;0.68359;0.69336;0.70313;0.71289;0.72266;0.73242;0.74219;0.75195;0.76172;0.77148;0.78125;0.79102,0.00029388799999999996;0.000344064;0.002550784;0.004096;0.009214976;0.011314175999999999;0.009511936;0.007416832;0.014292992000000001;0.038648832;0.043625472;0.02953216;0.019992576;0.028643328000000003;0.032423936;0.022722560000000003;0.017202176000000003;0.006168576;0.006532096;0.0051722240000000004;0.002724864;0.0019476480000000002;0.002522112;0.0039055360000000003;0.002737152;0.001915904;0.0014172160000000002;0.001087488;0.001229824;0.001156096;0.0015452159999999999;0.001238016;0.0009564160000000001;0.0010209280000000002;0.0014192640000000002;0.001301504;0.0011489279999999998;0.0010250239999999998;0.001058816;0.000985088;0.0011161600000000002;0.0009584639999999999;0.0013475839999999998;0.001591296;0.001803264;0.0018237440000000002;0.00087552;0.0013680639999999998;0.0012441599999999998;0.000992256;0.000905216;0.000922624;0.000989184;0.0012288;0.001107968;0.0006000640000000001;0.000941056;0.0008652800000000001;0.0004915200000000001;0.000653312;0.0005898240000000001;0.0005918719999999999;0.00046284799999999997;0.00033382400000000003;0.00029593599999999995;0.00029798400000000005;0.00025088;0.0002816;0.00029900799999999997;0.000188416;0.000275456;0.000318464;0.00027033600000000004;0.00023552000000000002;0.00018534400000000002;0.00016691200000000002;0.000140288;0.000152576;0.000139264
1789607700,hdr,0.0293;0.03906;0.04883;0.05859;0.06836;0.07813;0.08789;0.09766;0.10742;0.11719;0.12695;0.13672;0.14648;0.15625;0.16602;0.17578;0.18555;0.19531;0.20508;0.21484;0.22461;0.23438;0.24414;0.25391;0.26367;0.27344;0.2832;0.29297;0.30273;0.3125;0.32227;0.33203;0.3418;0.35156;0.36133;0.37109;0.38086;0.39063;0.40039;0.41016;0.41992;0.42969;0.43945;0.44922;0.45898;0.46875;0.47852;0.48828;0.49805;0.50781;0.51758;0.52734;0.53711;0.54688;0.55664;0.56641;0.57617;0.58594;0.5957;0.60547;0.61523;0.625;0.63477;0.64453;0.6543;0.66406;0.67383;0.68359;0.69336;0.70313;0.71289;0.72266;0.73242;0.74219;0.75195;0.76172;0.77148;0.78125;0.79102,0.000576512;0.0007280640000000001;0.0006676480000000001;0.002244608;0.013765632;0.020229120000000003;0.007325696;0.009148416;0.019443712000000002;0.049170432;0.04122726399999999;0.026046464;0.023997440000000002;0.023832576;0.039164928;0.016609279999999997;0.010184704;0.01050624;0.009382911999999998;0.004926464;0.00218112;0.002572288;0.005096447999999999;0.003861504;0.002330624;0.002720768;0.002420736;0.0020572159999999997;0.002066432;0.001227776;0.000937984;0.001152;0.00162816;0.0014592000000000001;0.000900096;0.000813056;0.0009615359999999999;0.000900096;0.0007925759999999999;0.000982016;0.0009297919999999999;0.0009359360000000001;0.001675264;0.001588224;0.000995328;0.0013209599999999997;0.001309696;0.0006676480000000001;0.0005847039999999999;0.0008652800000000001;0.0014530559999999999;0.0012687360000000001;0.0011468799999999999;0.001220608;0.000996352;0.0007946240000000001;0.000905216;0.000666624;0.000813056;0.000726016;0.00044646400000000004;0.00052224;0.0005089280000000001;0.000632832;0.000744448;0.0005724160000000001;0.00043315199999999996;0.00037068800000000004;0.000335872;0.000272384;0.000323584;0.00031232;0.000176128;0.00012390399999999998;0.00024576000000000003;0.00028774400000000004;0.00013311999999999997;9.0112e-05;0.000140288
1789608600,hdr,0.0293;0.03906;0.04883;0.05859;0.06836;0.07813;0.08789;0.09766;0.10742;0.11719;0.12695;0.13672;0.14648;0.15625;0.16602;0.17578;0.18555;0.19531;0.20508;0.21484;0.22461;0.23438;0.24414;0.25391;0.26367;0.27344;0.2832;0.29297;0.30273;0.3125;0.32227;0.33203;0.3418;0.35156;0.36133;0.37109;0.38086;0.39063;0.40039;0.41016;0.41992;0.42969;0.43945;0.44922;0.45898;0.46875;0.47852;0.48828;0.49805;0.50781;0.51758;0.52734;0.53711;0.54688;0.55664;0.56641;0.57617;0.58594;0.5957;0.60547;0.61523;0.625;0.63477;0.64453;0.6543;0.66406;0.67383;0.68359;0.69336;0.70313;0.71289;0.72266;0.73242;0.74219;0.75195;0.76172;0.77148;0.78125;0.79102,0.000652288;0.0006092800000000001;0.0026286079999999997;0.004115456;0.006458368000000001;0.006823936;0.001657856;0.005138432;0.014656511999999998;0.039569408;0.043381760000000005;0.031926272;0.027834368;0.023405567999999998;0.0171264;0.012254208;0.012982272000000001;0.008180736;0.004235264;0.002015232;0.0018831359999999999;0.0027852800000000002;0.0029757440000000002;0.002372608;0.00265728;0.0020418560000000003;0.0027473920000000004;0.003016704;0.002221056;0.001570816;0.0016609279999999999;0.0012748800000000002;0.001750016;0.001685504;0.001119232;0.001040384;0.001024;0.0015431680000000001;0.001683456;0.001431552;0.0013660159999999998;0.00090624;0.001031168;0.0006737919999999999;0.000823296;0.00088064;0.0008335360000000001;0.000786432;0.0008837120000000001;0.0008560640000000001;0.000628736;0.000658432;0.000782336;0.00084992;0.000987136;0.001132544;0.0009768959999999999;0.000493568;0.000535552;0.00054272;0.0007936;0.000857088;0.000743424;0.00049664;0.000432128;0.00048127999999999995;0.00037376;0.000308224;0.00043110399999999997;0.00050176;0.0003328;0.00037478399999999997;0.000323584;0.000190464;0.00023040000000000002;0.000242688;0.00024371200000000001;0.000172032;0.000159744
1789609500,hdr,0.0293;0.03906;0.04883;0.05859;0.06836;0.07813;0.08789;0.09766;0.10742;0.11719;0.12695;0.13672;0.14648;0.15625;0.16602;0.17578;0.18555;0.19531;0.20508;0.21484;0.22461;0.23438;0.24414;0.25391;0.26367;0.27344;0.2832;0.29297;0.30273;0.3125;0.32227;0.33203;0.3418;0.35156;0.36133;0.37109;0.38086;0.39063;0.40039;0.41016;0.41992;0.42969;0.43945;0.44922;0.45898;0.46875;0.47852;0.48828;0.49805;0.50781;0.51758;0.52734;0.53711;0.54688;0.55664;0.56641;0.57617;0.58594;0.5957;0.60547;0.61523;0.625;0.63477;0.64453;0.6543;0.66406;0.67383;0.68359;0.69336;0.70313;0.71289;0.72266;0.73242;0.74219;0.75195;0.76172;0.77148;0.78125;0.79102,0.000365568;0.000461824;0.001913856;0.0060682240000000005;0.014375935999999999;0.008265728;0.006303744;0.007115776000000001;0.016835584000000004;0.062349312;0.091486208;0.03949056000000001;0.031351807999999995;0.03055104;0.027807744;0.017180672;0.017521664;0.017980416000000003;0.01020928;0.005266432;0.002725888;0.002650112;0.0021196799999999997;0.001333248;0.0019251199999999998;0.00271872;0.003136512;0.004071424000000001;0.003043328;0.00233984;0.002051072;0.000917504;0.0013404159999999999;0.00152576;0.00088576;0.000800768;0.000867328;0.000759808;0.000734208;0.000979968;0.001011712;0.000700416;0.000654336;0.0009738240000000001;0.00074752;0.000987136;0.001250304;0.0008355839999999999;0.00048127999999999995;0.000999424;0.0008744960000000001;0.000671744;0.0005888;0.000463872;0.000432128;0.0006993920000000001;0.00073216;0.000617472;0.000623616;0.0005232639999999998;0.00035532799999999997;0.000315392;0.000387072;0.000590848;0.000551936;0.000453632;0.000461824;0.00043008000000000006;0.00040448000000000003;0.000497664;0.0006082559999999999;0.000408576;0.000331776;0.00040448000000000003;0.0003328;0.00020377600000000002;0.000251904;0.00027648;0.000191488
1789610400,hdr,0.0293;0.03906;0.04883;0.05859;0.06836;0.07813;0.08789;0.09766;0.10742;0.11719;0.12695;0.13672;0.14648;0.15625;0.16602;0.17578;0.18555;0.19531;0.20508;0.21484;0.22461;0.23438;0.24414;0.25391;0.26367;0.27344;0.2832;0.29297;0.30273;0.3125;0.32227;0.33203;0.3418;0.35156;0.36133;0.37109;0.38086;0.39063;0.40039;0.41016;0.41992;0.42969;0.43945;0.44922;0.45898;0.46875;0.47852;0.48828;0.49805;0.50781;0.51758;0.52734;0.53711;0.54688;0.55664;0.56641;0.57617;0.58594;0.5957;0.60547;0.61523;0.625;0.63477;0.64453;0.6543;0.66406;0.67383;0.68359;0.69336;0.70313;0.71289;0.72266;0.73242;0.74219;0.75195;0.76172;0.77148;0.78125;0.79102,0.000376832;0.000139264;0.0005888;0.00436224;0.007931904;0.005528576;0.004342784;0.007001088000000001;0.025350144;0.038829056;0.033537024000000006;0.0361472;0.028432383999999998;0.025079808000000002;0.02638336;0.016705536;0.020043776000000003;0.021055488;0.013602816;0.004978688;0.002180096;0.002904064;0.003654656;0.002640896;0.0023941119999999995;0.00361984;0.002056192;0.002465792;0.00246784;0.002276352;0.001759232;0.00084992;0.001206272;0.001537024;0.00141312;0.0008652800000000001;0.00111104;0.001359872;0.00081408;0.000712704;0.0008458240000000001;0.0011694079999999998;0.001103872;0.0008366080000000001;0.00082432;0.0009727999999999999;0.0007116799999999999;0.000432128;0.000700416;0.0005621760000000001;0.000898048;0.0009697280000000001;0.0008652800000000001;0.001149952;0.000703488;0.000463872;0.00041062399999999995;0.000536576;0.0006574080000000001;0.000519168;0.000376832;0.000453632;0.000375808;0.000559104;0.000521216;0.00031232;0.00034099200000000003;0.000365568;0.00045568;0.00044032;0.000395264;0.000313344;0.00041472;0.0005918719999999999;0.000331776;0.00036966399999999996;0.00016896;0.000275456;0.00031232
1789611300,hdr,0.0293;0.03906;0.04883;0.05859;0.06836;0.07813;0.08789;0.09766;0.10742;0.11719;0.12695;0.13672;0.14648;0.15625;0.16602;0.17578;0.18555;0.19531;0.20508;0.21484;0.22461;0.23438;0.24414;0.25391;0.26367;0.27344;0.2832;0.29297;0.30273;0.3125;0.32227;0.33203;0.3418;0.35156;0.36133;0.37109;0.38086;0.39063;0.40039;0.41016;0.41992;0.42969;0.43945;0.44922;0.45898;0.46875;0.47852;0.48828;0.49805;0.50781;0.51758;0.52734;0.53711;0.54688;0.55664;0.56641;0.57617;0.58594;0.5957;0.60547;0.61523;0.625;0.63477;0.64453;0.6543;0.66406;0.67383;0.68359;0.69336;0.70313;0.71289;0.72266;0.73242;0.74219;0.75195;0.76172;0.77148;0.78125;0.79102,0.00025088;0.000118784;0.00118272;0.006133759999999999;0.013824;0.00932864;0.007259135999999999;0.004365312;0.0123648;0.039292928;0.06306304;0.03272704;0.022002688;0.027182079999999997;0.035830784;0.024096768;0.021347328000000002;0.013941760000000001;0.018803712;0.011382784;0.00347648;0.002228224;0.0018831359999999999;0.002466816;0.00165888;0.0014735360000000001;0.0014336;0.002287616;0.0026695679999999998;0.0029061119999999998;0.0024924160000000003;0.001011712;0.00090112;0.001188864;0.001330176;0.001323008;0.0015452159999999999;0.001353728;0.001202176;0.0012789759999999998;0.000786432;0.0007423999999999999;0.0008765439999999999;0.0009727999999999999;0.001110016;0.000704512;0.0008325120000000001;0.00090624;0.000646144;0.000780288;0.0006912;0.0005683200000000001;0.00072704;0.000654336;0.000559104;0.00040550399999999994;0.000521216;0.000592896;0.0004352;0.000441344;0.000616448;0.000628736;0.00047820800000000004;0.000621568;0.0009318400000000001;0.000590848;0.000339968;0.0005089280000000001;0.000847872;0.000756736;0.000726016;0.000528384;0.00029081600000000006;0.00038912;0.000360448;0.000206848;0.000321536;0.00032256;0.00019865600000000002
1789612200,hdr,0.0293;0.03906;0.04883;0.05859;0.06836;0.07813;0.08789;0.09766;0.10742;0.11719;0.12695;0.13672;0.14648;0.15625;0.16602;0.17578;0.18555;0.19531;0.20508;0.21484;0.22461;0.23438;0.24414;0.25391;0.26367;0.27344;0.2832;0.29297;0.30273;0.3125;0.32227;0.33203;0.3418;0.35156;0.36133;0.37109;0.38086;0.39063;0.40039;0.41016;0.41992;0.42969;0.43945;0.44922;0.45898;0.46875;0.47852;0.48828;0.49805;0.50781;0.51758;0.52734;0.53711;0.54688;0.55664;0.56641;0.57617;0.58594;0.5957;0.60547;0.61523;0.625;0.63477;0.64453;0.6543;0.66406;0.67383;0.68359;0.69336;0.70313;0.71289;0.72266;0.73242;0.74219;0.75195;0.76172;0.77148;0.78125;0.79102,0.0013639680000000001;0.0012666880000000002;0.000889856;0.005353472;0.01095168;0.012418048000000001;0.010018815999999998;0.007506944;0.01367552;0.045704192;0.046450688000000004;0.03158528;0.024451072;0.011397119999999998;0.01650176;0.021049344;0.030061568000000004;0.024573951999999996;0.01924096;0.010438656;0.005434368;0.004228096;0.003460096;0.002603008;0.001774592;0.001256448;0.001714176;0.0026112;0.003419136;0.002551808;0.001455104;0.000766976;0.0009216000000000001;0.001399808;0.001670144;0.001353728;0.0011048960000000002;0.0009594880000000001;0.001174528;0.0012871680000000002;0.0010127360000000002;0.001043456;0.0010721279999999999;0.000525312;0.000643072;0.0005898240000000001;0.0008345599999999999;0.000653312;0.00052224;0.0005744639999999999;0.0007946240000000001;0.0006830079999999999;0.000483328;0.000690176;0.00080384;0.000406528;0.000620544;0.0008591359999999999;0.0005621760000000001;0.000329728;0.000453632;0.000401408;0.000313344;0.00030617599999999996;0.000345088;0.000330752;0.000466944;0.00037376;0.000319488;0.00032768;0.00016896;0.00030412799999999997;0.000319488;0.00030208000000000004;0.000252928;0.00033382400000000003;0.00016691200000000002;0.00015052799999999998;0.000165888
1789613100,hdr,0.0293;0.03906;0.04883;0.05859;0.06836;0.07813;0.08789;0.09766;0.10742;0.11719;0.12695;0.13672;0.14648;0.15625;0.16602;0.17578;0.18555;0.19531;0.20508;0.21484;0.22461;0.23438;0.24414;0.25391;0.26367;0.27344;0.2832;0.29297;0.30273;0.3125;0.32227;0.33203;0.3418;0.35156;0.36133;0.37109;0.38086;0.39063;0.40039;0.41016;0.41992;0.42969;0.43945;0.44922;0.45898;0.46875;0.47852;0.48828;0.49805;0.50781;0.51758;0.52734;0.53711;0.54688;0.55664;0.56641;0.57617;0.58594;0.5957;0.60547;0.61523;0.625;0.63477;0.64453;0.6543;0.66406;0.67383;0.68359;0.69336;0.70313;0.71289;0.72266;0.73242;0.74219;0.75195;0.76172;0.77148;0.78125;0.79102,0.0014878720000000001;0.0032194560000000003;0.00282624;0.003894272;0.016038912;0.024059904;0.015240192000000001;0.007322624;0.013733888000000001;0.033804288;0.055857152;0.04828672;0.02906624;0.016093184;0.018033664;0.026381312;0.02271744;0.017026048;0.010426368;0.0085248;0.0060672;0.003446784;0.004540415999999999;0.004104192;0.00280064;0.002106368;0.001924096;0.00226816;0.0023552;0.002045952;0.0016097280000000002;0.001227776;0.0009912319999999999;0.0009748480000000001;0.0007976959999999999;0.0009216000000000001;0.000857088;0.0010762240000000002;0.001022976;0.0013793280000000002;0.0008929280000000001;0.000917504;0.000867328;0.000982016;0.001185792;0.0010762240000000002;0.0007946240000000001;0.000896;0.00092672;0.001032192;0.000796672;0.0009984;0.000671744;0.00063488;0.000553984;0.000569344;0.0005744639999999999;0.00037888;0.000449536;0.00044032;0.000252928;0.000282624;0.000395264;0.00029286400000000005;0.000395264;0.0004884479999999999;0.000544768;0.000398336;0.000321536;0.00022323200000000002;0.000197632;0.000228352;0.000178176;0.00010956799999999999;0.000118784;0.00015052799999999998;0.000141312;0.000227328;0.000221184
1789614000,hdr,0.0293;0.03906;0.04883;0.05859;0.06836;0.07813;0.08789;0.09766;0.10742;0.11719;0.12695;0.13672;0.14648;0.15625;0.16602;0.17578;0.18555;0.19531;0.20508;0.21484;0.22461;0.23438;0.24414;0.25391;0.26367;0.27344;0.2832;0.29297;0.30273;0.3125;0.32227;0.33203;0.3418;0.35156;0.36133;0.37109;0.38086;0.39063;0.40039;0.41016;0.41992;0.42969;0.43945;0.44922;0.45898;0.46875;0.47852;0.48828;0.49805;0.50781;0.51758;0.52734;0.53711;0.54688;0.55664;0.56641;0.57617;0.58594;0.5957;0.60547;0.61523;0.625;0.63477;0.64453;0.6543;0.66406;0.67383;0.68359;0.69336;0.70313;0.71289;0.72266;0.73242;0.74219;0.75195;0.76172;0.77148;0.78125;0.79102,0.0016302080000000002;0.003477504;0.003167232;0.0028723200000000003;0.013033471999999999;0.005660671999999999;0.002553856;0.0109824;0.016219136;0.045321216;0.045897728000000006;0.029340672;0.023745536;0.022109183999999997;0.021057536;0.026811392;0.022170624;0.02424832;0.012986368;0.0055060479999999995;0.005937152;0.004798464;0.0035809279999999997;0.001795072;0.0029429759999999995;0.0022927360000000005;0.00252416;0.0032870399999999998;0.002666496;0.00149504;0.00253952;0.00157184;0.0008222720000000001;0.000781312;0.001082368;0.001307648;0.001217536;0.001302528;0.001862656;0.0013557760000000002;0.0008837120000000001;0.001253376;0.000897024;0.0008222720000000001;0.000688128;0.0011366400000000002;0.001032192;0.000548864;0.000743424;0.000702464;0.000913408;0.0010086399999999999;0.001022976;0.0009943039999999999;0.00044646400000000004;0.00062464;0.000543744;0.000375808;0.000644096;0.000504832;0.00047001599999999997;0.00046284799999999997;0.000490496;0.00044544;0.000442368;0.000278528;0.000269312;0.00024063999999999997;0.00033689599999999994;0.000329728;0.00032768;0.00025088;0.00018227199999999998;0.000167936;0.00022016;0.000224256;0.000191488;0.00021401600000000003;0.000262144
1789614900,hdr,0.0293;0.03906;0.04883;0.05859;0.06836;0.07813;0.08789;0.09766;0.10742;0.11719;0.12695;0.13672;0.14648;0.15625;0.16602;0.17578;0.18555;0.19531;0.20508;0.21484;0.22461;0.23438;0.24414;0.25391;0.26367;0.27344;0.2832;0.29297;0.30273;0.3125;0.32227;0.33203;0.3418;0.35156;0.36133;0.37109;0.38086;0.39063;0.40039;0.41016;0.41992;0.42969;0.43945;0.44922;0.45898;0.46875;0.47852;0.48828;0.49805;0.50781;0.51758;0.52734;0.53711;0.54688;0.55664;0.56641;0.57617;0.58594;0.5957;0.60547;0.61523;0.625;0.63477;0.64453;0.6543;0.66406;0.67383;0.68359;0.69336;0.70313;0.71289;0.72266;0.73242;0.74219;0.75195;0.76172;0.77148;0.78125;0.79102,0.0007372800000000001;0.001092608;0.00338432;0.004377600000000001;0.010215424;0.010186752;0.005007360000000001;0.005229568;0.020545536;0.047442943999999994;0.073347072;0.052995072;0.027557888;0.012395519999999998;0.016033791999999998;0.025274368;0.03529318399999999;0.023362559999999997;0.012401664000000001;0.009689088;0.006539264;0.003725312;0.005121024;0.0022323200000000003;0.0016087039999999999;0.002051072;0.0029470720000000002;0.002168832;0.0025108480000000004;0.002029568;0.001558528;0.001818624;0.002003968;0.0015493120000000002;0.001199104;0.0010813440000000001;0.000733184;0.0008591359999999999;0.0008509440000000001;0.000714752;0.001024;0.001288192;0.000937984;0.000918528;0.000871424;0.000700416;0.000712704;0.00142848;0.0012687360000000001;0.001004544;0.00088576;0.000638976;0.000774144;0.00065536;0.000807936;0.000801792;0.00047104000000000004;0.00040345599999999995;0.000415744;0.00037785600000000004;0.000381952;0.000449536;0.0004915200000000001;0.0006123519999999999;0.0004884479999999999;0.000387072;0.00030105599999999996;0.00036249599999999997;0.000388096;0.000351232;0.00029798400000000005;0.00021299199999999998;0.00017100799999999997;0.000176128;0.000206848;0.00022323200000000002;0.00014335999999999998;0.000216064;0.000169984
1789615800,hdr,0.0293;0.03906;0.04883;0.05859;0.06836;0.07813;0.08789;0.09766;0.10742;0.11719;0.12695;0.13672;0.14648;0.15625;0.16602;0.17578;0.18555;0.19531;0.20508;0.21484;0.22461;0.23438;0.24414;0.25391;0.26367;0.27344;0.2832;0.29297;0.30273;0.3125;0.32227;0.33203;0.3418;0.35156;0.36133;0.37109;0.38086;0.39063;0.40039;0.41016;0.41992;0.42969;0.43945;0.44922;0.45898;0.46875;0.47852;0.48828;0.49805;0.50781;0.51758;0.52734;0.53711;0.54688;0.55664;0.56641;0.57617;0.58594;0.5957;0.60547;0.61523;0.625;0.63477;0.64453;0.6543;0.66406;0.67383;0.68359;0.69336;0.70313;0.71289;0.72266;0.73242;0.74219;0.75195;0.76172;0.77148;0.78125;0.79102,0.000278528;0.002753536;0.0028221440000000004;0.001999872;0.011123712;0.007678976;0.005767168;0.010371072;0.021252096;0.040134656000000005;0.06484991999999999;0.038206464;0.021209088;0.021116928;0.030815232;0.033552384000000005;0.02316288;0.0181504;0.015074304;0.009332736000000001;0.005808128;0.0045475839999999995;0.0028672;0.00311808;0.003355648;0.0017336320000000001;0.0016988160000000001;0.0023357440000000003;0.002696192;0.001507328;0.00169984;0.00149504;0.001101824;0.000912384;0.0008345599999999999;0.000992256;0.0012032;0.001282048;0.0012154879999999998;0.001232896;0.0015656959999999999;0.001143808;0.0008622079999999999;0.0005816320000000001;0.000490496;0.0007137280000000001;0.000666624;0.0008089600000000001;0.0009574399999999999;0.0009420800000000001;0.000605184;0.0008867839999999999;0.000596992;0.0008601600000000001;0.000790528;0.00044544;0.000641024;0.0008304639999999999;0.00075264;0.000489472;0.000466944;0.000308224;0.000244736;0.00034304;0.000395264;0.00041779199999999995;0.000253952;0.000316416;0.000434176;0.0003072;0.000259072;0.00021913599999999998;0.00019456;0.00012288000000000002;0.00015872;0.00018534400000000002;0.000132096;0.00024063999999999997;0.000216064
1789616700,hdr,0.0293;0.03906;0.04883;0.05859;0.06836;0.07813;0.08789;0.09766;0.10742;0.11719;0.12695;0.13672;0.14648;0.15625;0.16602;0.17578;0.18555;0.19531;0.20508;0.21484;0.22461;0.23438;0.24414;0.25391;0.26367;0.27344;0.2832;0.29297;0.30273;0.3125;0.32227;0.33203;0.3418;0.35156;0.36133;0.37109;0.38086;0.39063;0.40039;0.41016;0.41992;0.42969;0.43945;0.44922;0.45898;0.46875;0.47852;0.48828;0.49805;0.50781;0.51758;0.52734;0.53711;0.54688;0.55664;0.56641;0.57617;0.58594;0.5957;0.60547;0.61523;0.625;0.63477;0.64453;0.6543;0.66406;0.67383;0.68359;0.69336;0.70313;0.71289;0.72266;0.73242;0.74219;0.75195;0.76172;0.77148;0.78125;0.79102,0.000453632;0.00119296;0.002724864;0.003325952;0.01294848;0.010822656000000002;0.007537664;0.010865664;0.00643584;0.021801984;0.065138688;0.056434688000000004;0.022371328;0.017963008;0.021730304;0.028133375999999998;0.024823808;0.031322112;0.02269184;0.014784512;0.00851456;0.005016576;0.0035205120000000004;0.003562496;0.0027320319999999997;0.003006464;0.0037468159999999996;0.003308544;0.0021780479999999997;0.001226752;0.001309696;0.0015226880000000001;0.0009984;0.000647168;0.000796672;0.000842752;0.001399808;0.00155648;0.001199104;0.001147904;0.00117248;0.0011243520000000001;0.001227776;0.00139776;0.000884736;0.00085504;0.000990208;0.000939008;0.0009021439999999999;0.000763904;0.000482304;0.00036864000000000005;0.0006789119999999999;0.000513024;0.0006154239999999999;0.000526336;0.00039219200000000003;0.000315392;0.00042496;0.00036352;0.00040960000000000004;0.00024780799999999997;0.00024063999999999997;0.00034304;0.000543744;0.00045056;0.000461824;0.000345088;0.000251904;0.00029081600000000006;0.00029388799999999996;0.00023142399999999999;0.00016691200000000002;0.000206848;0.000191488;0.00020377600000000002;0.000157696;0.000161792;0.00013516800000000002
1789617600,hdr,0.0293;0.03906;0.04883;0.05859;0.06836;0.07813;0.08789;0.09766;0.10742;0.11719;0.12695;0.13672;0.14648;0.15625;0.16602;0.17578;0.18555;0.19531;0.20508;0.21484;0.22461;0.23438;0.24414;0.25391;0.26367;0.27344;0.2832;0.29297;0.30273;0.3125;0.32227;0.33203;0.3418;0.35156;0.36133;0.37109;0.38086;0.39063;0.40039;0.41016;0.41992;0.42969;0.43945;0.44922;0.45898;0.46875;0.47852;0.48828;0.49805;0.50781;0.51758;0.52734;0.53711;0.54688;0.55664;0.56641;0.57617;0.58594;0.5957;0.60547;0.61523;0.625;0.63477;0.64453;0.6543;0.66406;0.67383;0.68359;0.69336;0.70313;0.71289;0.72266;0.73242;0.74219;0.75195;0.76172;0.77148;0.78125;0.79102,0.000371712;0.002617344;0.004143104;0.003221504;0.010761215999999999;0.009070591999999999;0.0039546880000000005;0.00729088;0.012872704;0.026761216;0.044504063999999996;0.066756608;0.034459648;0.023513088;0.021545984;0.024547328;0.0255232;0.03552767999999999;0.027274239999999998;0.015105024;0.007675904000000001;0.003821568;0.002180096;0.002531328;0.0024801280000000003;0.002113536;0.002371584;0.003352576;0.003765248;0.0032583679999999998;0.0016138239999999998;0.0015472639999999998;0.001186816;0.001302528;0.0012462080000000002;0.000756736;0.0012001280000000002;0.000712704;0.00121344;0.0011417600000000001;0.00101888;0.001426432;0.0011909120000000001;0.000601088;0.000408576;0.000800768;0.000712704;0.000551936;0.000899072;0.000800768;0.000775168;0.001221632;0.001015808;0.0007372800000000001;0.0007833599999999999;0.000760832;0.000785408;0.000590848;0.00047820800000000004;0.00043008000000000006;0.000315392;0.000275456;0.000360448;0.000406528;0.00047206399999999996;0.00034201599999999995;0.00030208000000000004;0.000321536;0.00037068800000000004;0.00026112;0.00023142399999999999;0.000211968;0.000162816;0.000120832;0.000141312;0.000192512;0.000180224;0.00021299199999999998;0.000164864
1789618500,hdr,0.0293;0.03906;0.04883;0.05859;0.06836;0.07813;0.08789;0.09766;0.10742;0.11719;0.12695;0.13672;0.14648;0.15625;0.16602;0.17578;0.18555;0.19531;0.20508;0.21484;0.22461;0.23438;0.24414;0.25391;0.26367;0.27344;0.2832;0.29297;0.30273;0.3125;0.32227;0.33203;0.3418;0.35156;0.36133;0.37109;0.38086;0.39063;0.40039;0.41016;0.41992;0.42969;0.43945;0.44922;0.45898;0.46875;0.47852;0.48828;0.49805;0.50781;0.51758;0.52734;0.53711;0.54688;0.55664;0.56641;0.57617;0.58594;0.5957;0.60547;0.61523;0.625;0.63477;0.64453;0.6543;0.66406;0.67383;0.68359;0.69336;0.70313;0.71289;0.72266;0.73242;0.74219;0.75195;0.76172;0.77148;0.78125;0.79102,0.0006778880000000001;0.001383424;0.000953344;0.002944;0.012878848;0.007379968;0.0045670400000000005;0.007801855999999999;0.01427968;0.023815168;0.036084736;0.055815168;0.047660032;0.027013119999999998;0.017609727999999998;0.023701504;0.026159104;0.029503488;0.023461888;0.01693184;0.011482112000000001;0.007391232;0.005293056;0.004297728;0.003690496;0.00408064;0.0032870399999999998;0.002614272;0.002245632;0.0015114240000000001;0.001796096;0.002176;0.001480704;0.000679936;0.000924672;0.001031168;0.000927744;0.001232896;0.001241088;0.001352704;0.0009973760000000001;0.0011151359999999999;0.0007096320000000001;0.000802816;0.000924672;0.000800768;0.000592896;0.0005560319999999999;0.000775168;0.001011712;0.001067008;0.0007413760000000001;0.0008048640000000001;0.000912384;0.000603136;0.000502784;0.000386048;0.00036352;0.000314368;0.00021504000000000003;0.000427008;0.000507904;0.000466944;0.00052736;0.000408576;0.000274432;0.00030617599999999996;0.00030003200000000004;0.00024371200000000001;0.000258048;0.00022323200000000002;0.00026112;0.000253952;0.000398336;0.00028774400000000004;0.00020889599999999997;0.000282624;0.00025497599999999997;0.000142336
1789619400,hdr,0.0293;0.03906;0.04883;0.05859;0.06836;0.07813;0.08789;0.09766;0.10742;0.11719;0.12695;0.13672;0.14648;0.15625;0.16602;0.17578;0.18555;0.19531;0.20508;0.21484;0.22461;0.23438;0.24414;0.25391;0.26367;0.27344;0.2832;0.29297;0.30273;0.3125;0.32227;0.33203;0.3418;0.35156;0.36133;0.37109;0.38086;0.39063;0.40039;0.41016;0.41992;0.42969;0.43945;0.44922;0.45898;0.46875;0.47852;0.48828;0.49805;0.50781;0.51758;0.52734;0.53711;0.54688;0.55664;0.56641;0.57617;0.58594;0.5957;0.60547;0.61523;0.625;0.63477;0.64453;0.6543;0.66406;0.67383;0.68359;0.69336;0.70313;0.71289;0.72266;0.73242;0.74219;0.75195;0.76172;0.77148;0.78125;0.79102,0.000289792;0.001483776;0.002156544;0.00330752;0.005935104;0.006951936;0.0039055360000000003;0.009146368;0.024162304;0.043807743999999996;0.045274112;0.05400576;0.031941632;0.02079232;0.02385408;0.024315904;0.031751168;0.029321216;0.031868928;0.02379776;0.012253183999999999;0.0070144000000000005;0.004346879999999999;0.0051302399999999995;0.0034109440000000004;0.002885632;0.001544192;0.002501632;0.003554304;0.0025118719999999996;0.0012625919999999999;0.001009664;0.001168384;0.001572864;0.000913408;0.000951296;0.00123904;0.0013322240000000001;0.000913408;0.0009758719999999999;0.001015808;0.0011264;0.001035264;0.000898048;0.001014784;0.000887808;0.000637952;0.00061952;0.000873472;0.001193984;0.00103936;0.00040755200000000004;0.0005324799999999999;0.001313792;0.001572864;0.000717824;0.0006000640000000001;0.000717824;0.0006850560000000001;0.0007075839999999999;0.000631808;0.0007290879999999999;0.000452608;0.00022528;0.000319488;0.00037376;0.00037478399999999997;0.000282624;0.00037068800000000004;0.000494592;0.000345088;0.000257024;0.00029081600000000006;0.00036454399999999996;0.000180224;0.00022323200000000002;0.00023654400000000002;0.00018227199999999998;0.00015872
1789620300,hdr,0.0293;0.03906;0.04883;0.05859;0.06836;0.07813;0.08789;0.09766;0.10742;0.11719;0.12695;0.13672;0.14648;0.15625;0.16602;0.17578;0.18555;0.19531;0.20508;0.21484;0.22461;0.23438;0.24414;0.25391;0.26367;0.27344;0.2832;0.29297;0.30273;0.3125;0.32227;0.33203;0.3418;0.35156;0.36133;0.37109;0.38086;0.39063;0.40039;0.41016;0.41992;0.42969;0.43945;0.44922;0.45898;0.46875;0.47852;0.48828;0.49805;0.50781;0.51758;0.52734;0.53711;0.54688;0.55664;0.56641;0.57617;0.58594;0.5957;0.60547;0.61523;0.625;0.63477;0.64453;0.6543;0.66406;0.67383;0.68359;0.69336;0.70313;0.71289;0.72266;0.73242;0.74219;0.75195;0.76172;0.77148;0.78125;0.79102,0.000100352;0.00042291200000000006;0.00020275199999999997;0.0032921599999999997;0.0077690879999999995;0.0016291839999999999;0.002861056;0.006096896;0.020102144;0.038736896;0.050473984000000006;0.046637056;0.029664256;0.01924096;0.010708992;0.016334848000000003;0.03034112;0.04411904;0.033227776;0.016963584000000004;0.008506368;0.005837824;0.007863296;0.004100095999999999;0.002291712;0.001129472;0.001558528;0.00180224;0.001579008;0.001931264;0.002233344;0.001634304;0.000910336;0.0012001280000000002;0.001288192;0.000970752;0.0008458240000000001;0.0007843840000000001;0.001002496;0.00096768;0.001031168;0.001088512;0.0010833919999999999;0.00131584;0.0007290879999999999;0.0008151040000000001;0.0007075839999999999;0.0009574399999999999;0.001069056;0.000649216;0.000505856;0.000676864;0.000730112;0.0004986880000000001;0.00031744;0.000605184;0.000418816;0.00059904;0.00074752;0.000375808;0.00045056;0.00048742400000000003;0.000459776;0.000267264;0.00033894400000000004;0.00039731200000000003;0.000483328;0.000280576;0.00019865600000000002;0.00035430400000000006;0.000418816;0.00032768;0.000263168;0.00019456;0.000207872;0.000229376;0.000241664;0.00017715200000000003;0.000131072
1789621200,hdr,0.0293;0.03906;0.04883;0.05859;0.06836;0.07813;0.08789;0.09766;0.10742;0.11719;0.12695;0.13672;0.14648;0.15625;0.16602;0.17578;0.18555;0.19531;0.20508;0.21484;0.22461;0.23438;0.24414;0.25391;0.26367;0.27344;0.2832;0.29297;0.30273;0.3125;0.32227;0.33203;0.3418;0.35156;0.36133;0.37109;0.38086;0.39063;0.40039;0.41016;0.41992;0.42969;0.43945;0.44922;0.45898;0.46875;0.47852;0.48828;0.49805;0.50781;0.51758;0.52734;0.53711;0.54688;0.55664;0.56641;0.57617;0.58594;0.5957;0.60547;0.61523;0.625;0.63477;0.64453;0.6543;0.66406;0.67383;0.68359;0.69336;0.70313;0.71289;0.72266;0.73242;0.74219;0.75195;0.76172;0.77148;0.78125;0.79102,0.00018124799999999998;0.0005007359999999999;0.000356352;0.000908288;0.008672256000000001;0.004386816;0.0039168;0.007727103999999999;0.011000832;0.038668288;0.062187519999999996;0.053354496;0.040493056000000006;0.022587392;0.012089344;0.022849536;0.029468672;0.042493951999999995;0.028870655999999998;0.023953408;0.012791807999999998;0.008206336000000002;0.005321728;0.003956736;0.002550784;0.002997248;0.0022947840000000002;0.0014704639999999999;0.001302528;0.001729536;0.002020352;0.0017336320000000001;0.00059392;0.001009664;0.001106944;0.0009738240000000001;0.000791552;0.0009420800000000001;0.000779264;0.0008192000000000001;0.000610304;0.000550912;0.0006737919999999999;0.000912384;0.000533504;0.0006891520000000001;0.000731136;0.000630784;0.000384;0.0005560319999999999;0.0006819840000000001;0.0008744960000000001;0.000756736;0.00083968;0.000606208;0.000538624;0.0005703679999999999;0.000535552;0.000350208;0.000510976;0.000483328;0.0005867520000000001;0.0005898240000000001;0.000432128;0.0004352;0.000413696;0.00036454399999999996;0.000447488;0.000313344;0.00018432000000000002;0.000249856;0.000492544;0.000427008;0.00032870400000000003;0.000448512;0.00030924800000000003;0.000165888;0.000190464;0.000165888
1789622100,hdr,0.0293;0.03906;0.04883;0.05859;0.06836;0.07813;0.08789;0.09766;0.10742;0.11719;0.12695;0.13672;0.14648;0.15625;0.16602;0.17578;0.18555;0.19531;0.20508;0.21484;0.22461;0.23438;0.24414;0.25391;0.26367;0.27344;0.2832;0.29297;0.30273;0.3125;0.32227;0.33203;0.3418;0.35156;0.36133;0.37109;0.38086;0.39063;0.40039;0.41016;0.41992;0.42969;0.43945;0.44922;0.45898;0.46875;0.47852;0.48828;0.49805;0.50781;0.51758;0.52734;0.53711;0.54688;0.55664;0.56641;0.57617;0.58594;0.5957;0.60547;0.61523;0.625;0.63477;0.64453;0.6543;0.66406;0.67383;0.68359;0.69336;0.70313;0.71289;0.72266;0.73242;0.74219;0.75195;0.76172;0.77148;0.78125;0.79102,0.00014745600000000002;0.000847872;0.0010475520000000002;0.002675712;0.011167744;0.007221248;0.0023552;0.002885632;0.009176064000000001;0.032509951999999995;0.06849024000000001;0.070656;0.04585472;0.024617984;0.021561343999999996;0.025901056000000002;0.027097088;0.026872832;0.019442688000000003;0.014114815999999999;0.012279808;0.004728832;0.00394752;0.00566272;0.002535424;0.00257024;0.00202752;0.001414144;0.001425408;0.001829888;0.001777664;0.001647616;0.0013864959999999999;0.0010250239999999998;0.000694272;0.0006082559999999999;0.001138688;0.001130496;0.000743424;0.000625664;0.001067008;0.001061888;0.0006993920000000001;0.000758784;0.000748544;0.000717824;0.00082944;0.00051712;0.000391168;0.0007372800000000001;0.000805888;0.0005744639999999999;0.000561152;0.0006973439999999999;0.000635904;0.00047001599999999997;0.00024780799999999997;0.00036454399999999996;0.000524288;0.000630784;0.000750592;0.000516096;0.0005232639999999998;0.000441344;0.000371712;0.00035532799999999997;0.000241664;0.00030003200000000004;0.000248832;0.000196608;0.000183296;0.000318464;0.000274432;0.000218112;0.000248832;0.00018432000000000002;0.000242688;0.000331776;0.000248832
1789623000,hdr,0.0293;0.03906;0.04883;0.05859;0.06836;0.07813;0.08789;0.09766;0.10742;0.11719;0.12695;0.13672;0.14648;0.15625;0.16602;0.17578;0.18555;0.19531;0.20508;0.21484;0.22461;0.23438;0.24414;0.25391;0.26367;0.27344;0.2832;0.29297;0.30273;0.3125;0.32227;0.33203;0.3418;0.35156;0.36133;0.37109;0.38086;0.39063;0.40039;0.41016;0.41992;0.42969;0.43945;0.44922;0.45898;0.46875;0.47852;0.48828;0.49805;0.50781;0.51758;0.52734;0.53711;0.54688;0.55664;0.56641;0.57617;0.58594;0.5957;0.60547;0.61523;0.625;0.63477;0.64453;0.6543;0.66406;0.67383;0.68359;0.69336;0.70313;0.71289;0.72266;0.73242;0.74219;0.75195;0.76172;0.77148;0.78125;0.79102,0.000139264;0.003662848;0.008766464;0.002547712;0.017806336000000002;0.012573696;0.00536576;0.008649727999999999;0.01705984;0.040414208;0.081593344;0.070798336;0.06504550399999999;0.028643328000000003;0.027497472;0.02878464;0.02141696;0.018434047999999998;0.031248384;0.032308224;0.014601216;0.008597504;0.005840896;0.00261632;0.002374656;0.0026705920000000003;0.003239936;0.0023889920000000004;0.001727488;0.001333248;0.001176576;0.001528832;0.001373184;0.00116224;0.001267712;0.001289216;0.0009564160000000001;0.0009912319999999999;0.001057792;0.001143808;0.0011151359999999999;0.001156096;0.0008704;0.000753664;0.00064;0.0007290879999999999;0.0007096320000000001;0.000539648;0.00047001599999999997;0.0006574080000000001;0.000910336;0.000868352;0.000635904;0.000350208;0.0004884479999999999;0.00040345599999999995;0.00062464;0.00054272;0.0005089280000000001;0.000621568;0.0005847039999999999;0.000550912;0.000365568;0.000330752;0.00034816000000000003;0.00034201599999999995;0.000316416;0.00029798400000000005;0.000246784;0.00026521600000000003;0.000172032;0.000169984;0.000226304;0.00020992;0.000252928;0.000227328;0.00014335999999999998;0.000126976;0.000196608
1789623900,hdr,0.0293;0.03906;0.04883;0.05859;0.06836;0.07813;0.08789;0.09766;0.10742;0.11719;0.12695;0.13672;0.14648;0.15625;0.16602;0.17578;0.18555;0.19531;0.20508;0.21484;0.22461;0.23438;0.24414;0.25391;0.26367;0.27344;0.2832;0.29297;0.30273;0.3125;0.32227;0.33203;0.3418;0.35156;0.36133;0.37109;0.38086;0.39063;0.40039;0.41016;0.41992;0.42969;0.43945;0.44922;0.45898;0.46875;0.47852;0.48828;0.49805;0.50781;0.51758;0.52734;0.53711;0.54688;0.55664;0.56641;0.57617;0.58594;0.5957;0.60547;0.61523;0.625;0.63477;0.64453;0.6543;0.66406;0.67383;0.68359;0.69336;0.70313;0.71289;0.72266;0.73242;0.74219;0.75195;0.76172;0.77148;0.78125;0.79102,0.0038594560000000003;0.007618560000000001;0.0035072000000000002;0.004194304;0.00937472;0.006198272;0.001978368;0.0069898239999999995;0.023942144;0.09072332799999999;0.147981312;0.067224576;0.041043968;0.02397184;0.025887744;0.0284928;0.019914752;0.025536511999999997;0.019462144;0.018062336;0.017861632000000002;0.012243968000000001;0.00894464;0.004219903999999999;0.004767744000000001;0.004135936;0.002914304;0.003986432;0.003487744;0.002279424;0.00168448;0.002096128;0.001680384;0.001440768;0.0010833919999999999;0.0014735360000000001;0.001040384;0.0007946240000000001;0.00067072;0.000631808;0.0006819840000000001;0.0008458240000000001;0.000766976;0.00061952;0.000642048;0.00077312;0.000758784;0.0005734399999999999;0.000637952;0.000518144;0.0007413760000000001;0.00091648;0.0006041600000000001;0.00029388799999999996;0.00040448000000000003;0.0006082559999999999;0.0005754880000000001;0.000647168;0.0006696959999999999;0.000451584;0.000518144;0.000461824;0.000269312;0.000207872;0.00023244799999999998;0.000284672;0.000251904;0.00020377600000000002;0.000260096;0.00025497599999999997;0.000244736;0.000211968;0.000160768;0.00023142399999999999;0.00024371200000000001;0.000205824;0.000175104;0.000172032;0.000175104
1789624800,hdr,0.0293;0.03906;0.04883;0.05859;0.06836;0.07813;0.08789;0.09766;0.10742;0.11719;0.12695;0.13672;0.14648;0.15625;0.16602;0.17578;0.18555;0.19531;0.20508;0.21484;0.22461;0.23438;0.24414;0.25391;0.26367;0.27344;0.2832;0.29297;0.30273;0.3125;0.32227;0.33203;0.3418;0.35156;0.36133;0.37109;0.38086;0.39063;0.40039;0.41016;0.41992;0.42969;0.43945;0.44922;0.45898;0.46875;0.47852;0.48828;0.49805;0.50781;0.51758;0.52734;0.53711;0.54688;0.55664;0.56641;0.57617;0.58594;0.5957;0.60547;0.61523;0.625;0.63477;0.64453;0.6543;0.66406;0.67383;0.68359;0.69336;0.70313;0.71289;0.72266;0.73242;0.74219;0.75195;0.76172;0.77148;0.78125;0.79102,0.002362368;0.005909504;0.007683072;0.005516288;0.009222144;0.0102912;0.008583168000000002;0.012223488;0.025904128000000002;0.038863872;0.048235520000000004;0.065393664;0.04808806400000001;0.034850816;0.040042496;0.032883712;0.027000832;0.023312384000000002;0.054386688;0.034069504;0.020535295999999998;0.013836288;0.006477823999999999;0.004973568;0.00375808;0.002373632;0.0022353919999999997;0.0023429120000000004;0.0016732160000000002;0.0018135039999999999;0.001452032;0.0012544;0.001091584;0.00110592;0.0013824;0.000937984;0.0010833919999999999;0.001006592;0.0009472;0.000688128;0.0010086399999999999;0.001711104;0.001154048;0.0009594880000000001;0.000818176;0.0005980159999999999;0.000493568;0.000617472;0.001030144;0.0007464960000000001;0.000754688;0.0007843840000000001;0.000534528;0.000559104;0.000620544;0.000610304;0.00047820800000000004;0.00043315199999999996;0.00047820800000000004;0.000439296;0.00033894400000000004;0.00047411199999999995;0.000463872;0.000398336;0.0003584;0.000365568;0.00026521600000000003;0.00023552000000000002;0.000268288;0.000277504;0.00014950399999999998;0.0001536;0.00018534400000000002;0.000178176;0.00029798400000000005;0.000229376;0.00019865600000000002;0.00019456;0.000183296
1789625700,hdr,0.0293;0.03906;0.04883;0.05859;0.06836;0.07813;0.08789;0.09766;0.10742;0.11719;0.12695;0.13672;0.14648;0.15625;0.16602;0.17578;0.18555;0.19531;0.20508;0.21484;0.22461;0.23438;0.24414;0.25391;0.26367;0.27344;0.2832;0.29297;0.30273;0.3125;0.32227;0.33203;0.3418;0.35156;0.36133;0.37109;0.38086;0.39063;0.40039;0.41016;0.41992;0.42969;0.43945;0.44922;0.45898;0.46875;0.47852;0.48828;0.49805;0.50781;0.51758;0.52734;0.53711;0.54688;0.55664;0.56641;0.57617;0.58594;0.5957;0.60547;0.61523;0.625;0.63477;0.64453;0.6543;0.66406;0.67383;0.68359;0.69336;0.70313;0.71289;0.72266;0.73242;0.74219;0.75195;0.76172;0.77148;0.78125;0.79102,0.000534528;0.000893952;0.002157568;0.00579584;0.016667648;0.015996928;0.008457216;0.011695104000000001;0.039081984;0.09120460799999999;0.111036416;0.07629619200000001;0.049808384;0.033985536;0.038147072;0.0302336;0.02189312;0.027947008000000002;0.05069312;0.038002688;0.02529792;0.011043840000000001;0.008646656;0.00621056;0.004640767999999999;0.0053391359999999995;0.005297152;0.003427328;0.002776064;0.00199168;0.001676288;0.001575936;0.0015656959999999999;0.001267712;0.0015411200000000002;0.001504256;0.0012195840000000001;0.001275904;0.0010014719999999998;0.001089536;0.001089536;0.001359872;0.0013004800000000001;0.0012247039999999999;0.000953344;0.00096768;0.000802816;0.000766976;0.000539648;0.000528384;0.000551936;0.0006850560000000001;0.0006778880000000001;0.000365568;0.00028774400000000004;0.0005304320000000001;0.000507904;0.000453632;0.00038912;0.000379904;0.000390144;0.00031744;0.000159744;0.000256;0.00039731200000000003;0.000206848;0.000205824;0.00032256;0.000192512;0.00020275199999999997;0.000241664;0.00020377600000000002;0.00016691200000000002;0.000114688;9.216000000000001e-05;0.000131072;0.000100352;0.00012185600000000001;0.000156672
1789626600,hdr,0.0293;0.03906;0.04883;0.05859;0.06836;0.07813;0.08789;0.09766;0.10742;0.11719;0.12695;0.13672;0.14648;0.15625;0.16602;0.17578;0.18555;0.19531;0.20508;0.21484;0.22461;0.23438;0.24414;0.25391;0.26367;0.27344;0.2832;0.29297;0.30273;0.3125;0.32227;0.33203;0.3418;0.35156;0.36133;0.37109;0.38086;0.39063;0.40039;0.41016;0.41992;0.42969;0.43945;0.44922;0.45898;0.46875;0.47852;0.48828;0.49805;0.50781;0.51758;0.52734;0.53711;0.54688;0.55664;0.56641;0.57617;0.58594;0.5957;0.60547;0.61523;0.625;0.63477;0.64453;0.6543;0.66406;0.67383;0.68359;0.69336;0.70313;0.71289;0.72266;0.73242;0.74219;0.75195;0.76172;0.77148;0.78125;0.79102,0.00015564799999999998;0.000774144;0.001655808;0.0071045119999999995;0.015273984;0.011502592;0.006665216000000001;0.018318336;0.031830016;0.049590272;0.09667788799999999;0.13215027199999999;0.155623424;0.07921152;0.039912447999999996;0.036086784;0.04238336;0.033394688;0.030486528;0.027314176;0.026949632;0.017054720000000002;0.010144768;0.007931904;0.006192128000000001;0.005525504;0.004822015999999999;0.0033218559999999998;0.0038911999999999996;0.003129344;0.002896896;0.003710976;0.002055168;0.0014346239999999998;0.001440768;0.001381376;0.0021207039999999997;0.002254848;0.00171008;0.002215936;0.0015656959999999999;0.00077824;0.000782336;0.000801792;0.000740352;0.0009615359999999999;0.00068608;0.00048127999999999995;0.00035532799999999997;0.000515072;0.000698368;0.0007464960000000001;0.000756736;0.0007106559999999999;0.000519168;0.000484352;0.00043008000000000006;0.00047616000000000005;0.000507904;0.000325632;0.00037888;0.00033382400000000003;0.00046592000000000004;0.000459776;0.00029491200000000004;0.00039936;0.00037888;0.00033382400000000003;0.000384;0.00027648;0.000263168;0.00034099200000000003;0.00024371200000000001;0.000195584;0.000151552;0.000172032;0.000246784;0.000249856;0.00024780799999999997
1789627500,hdr,0.0293;0.03906;0.04883;0.05859;0.06836;0.07813;0.08789;0.09766;0.10742;0.11719;0.12695;0.13672;0.14648;0.15625;0.16602;0.17578;0.18555;0.19531;0.20508;0.21484;0.22461;0.23438;0.24414;0.25391;0.26367;0.27344;0.2832;0.29297;0.30273;0.3125;0.32227;0.33203;0.3418;0.35156;0.36133;0.37109;0.38086;0.39063;0.40039;0.41016;0.41992;0.42969;0.43945;0.44922;0.45898;0.46875;0.47852;0.48828;0.49805;0.50781;0.51758;0.52734;0.53711;0.54688;0.55664;0.56641;0.57617;0.58594;0.5957;0.60547;0.61523;0.625;0.63477;0.64453;0.6543;0.66406;0.67383;0.68359;0.69336;0.70313;0.71289;0.72266;0.73242;0.74219;0.75195;0.76172;0.77148;0.78125;0.79102,0.000694272;0.0019517439999999998;0.001727488;0.003827712;0.018860032;0.024585216;0.009567232;0.01278976;0.030789632;0.05405184;0.07871283200000001;0.064534528;0.06343168;0.060676096;0.05034803200000001;0.037625856;0.041465856;0.035452928;0.037440511999999995;0.040513536;0.029328384;0.016939008000000002;0.009744384;0.006475776;0.0054210560000000005;0.003296256;0.004098048000000001;0.003996672;0.0034263040000000002;0.0031139839999999998;0.00278016;0.001708032;0.002477056;0.002681856;0.00349696;0.0031887359999999997;0.0018718720000000001;0.0016148479999999999;0.0011120639999999998;0.000919552;0.0013547519999999999;0.0015185919999999998;0.001122304;0.001021952;0.0011919360000000002;0.0011202559999999998;0.00072704;0.00068096;0.000805888;0.0005980159999999999;0.00049664;0.00042291200000000006;0.00036454399999999996;0.00041676800000000003;0.00052736;0.000646144;0.0006789119999999999;0.00048742400000000003;0.000329728;0.000489472;0.000280576;0.00023142399999999999;0.000468992;0.00030412799999999997;0.000316416;0.000331776;0.00033484799999999995;0.00030412799999999997;0.000167936;0.000186368;0.000132096;0.00010649599999999999;0.00020275199999999997;0.00020377600000000002;0.00011161600000000001;0.000190464;0.00017100799999999997;0.000139264;0.000175104
1789628400,hdr,0.0293;0.03906;0.04883;0.05859;0.06836;0.07813;0.08789;0.09766;0.10742;0.11719;0.12695;0.13672;0.14648;0.15625;0.16602;0.17578;0.18555;0.19531;0.20508;0.21484;0.22461;0.23438;0.24414;0.25391;0.26367;0.27344;0.2832;0.29297;0.30273;0.3125;0.32227;0.33203;0.3418;0.35156;0.36133;0.37109;0.38086;0.39063;0.40039;0.41016;0.41992;0.42969;0.43945;0.44922;0.45898;0.46875;0.47852;0.48828;0.49805;0.50781;0.51758;0.52734;0.53711;0.54688;0.55664;0.56641;0.57617;0.58594;0.5957;0.60547;0.61523;0.625;0.63477;0.64453;0.6543;0.66406;0.67383;0.68359;0.69336;0.70313;0.71289;0.72266;0.73242;0.74219;0.75195;0.76172;0.77148;0.78125;0.79102,0.000159744;0.000647168;0.001731584;0.0049408;0.015239167999999999;0.01644032;0.005710848;0.014854144;0.06142464;0.143067136;0.144121856;0.09334681600000001;0.06559129600000001;0.061129728;0.043397120000000004;0.026904575999999996;0.021924864;0.023946239999999997;0.034492416;0.030670847999999997;0.028452864;0.017465344;0.008675328;0.00822784;0.006682624;0.00530944;0.003606528;0.0017561599999999999;0.0033802240000000002;0.0038410239999999997;0.002829312;0.0020992000000000003;0.001383424;0.001376256;0.001634304;0.002021376;0.0022405119999999996;0.001997824;0.002386944;0.0019251199999999998;0.0013004800000000001;0.0012052480000000001;0.000748544;0.00064;0.0008488959999999999;0.0009441279999999999;0.000841728;0.000594944;0.000616448;0.000654336;0.0007280640000000001;0.0006184960000000001;0.00030412799999999997;0.000429056;0.000421888;0.000515072;0.00042291200000000006;0.00039219200000000003;0.0004986880000000001;0.000529408;0.00044544;0.000344064;0.00046284799999999997;0.000365568;0.000308224;0.00030105599999999996;0.00028671999999999997;0.00040448000000000003;0.00039936;0.00033484799999999995;0.000156672;0.000257024;0.00032256;0.00023859199999999998;0.00018227199999999998;0.00013824;0.00018432000000000002;0.00016384;0.00014848
1789629300,hdr,0.0293;0.03906;0.04883;0.05859;0.06836;0.07813;0.08789;0.09766;0.10742;0.11719;0.12695;0.13672;0.14648;0.15625;0.16602;0.17578;0.18555;0.19531;0.20508;0.21484;0.22461;0.23438;0.24414;0.25391;0.26367;0.27344;0.2832;0.29297;0.30273;0.3125;0.32227;0.33203;0.3418;0.35156;0.36133;0.37109;0.38086;0.39063;0.40039;0.41016;0.41992;0.42969;0.43945;0.44922;0.45898;0.46875;0.47852;0.48828;0.49805;0.50781;0.51758;0.52734;0.53711;0.54688;0.55664;0.56641;0.57617;0.58594;0.5957;0.60547;0.61523;0.625;0.63477;0.64453;0.6543;0.66406;0.67383;0.68359;0.69336;0.70313;0.71289;0.72266;0.73242;0.74219;0.75195;0.76172;0.77148;0.78125;0.79102,0.000879616;0.00264704;0.0037427199999999997;0.0030914560000000002;0.017864704;0.020798464;0.011210752;0.020388864000000003;0.046694400000000004;0.09692876800000001;0.12235059200000001;0.14058188800000002;0.09438822399999999;0.046977024;0.047659008;0.037363712;0.035078144;0.03673088;0.023991296;0.0229376;0.033297407999999994;0.01993728;0.008177664;0.005158912;0.0041512960000000005;0.004325376000000001;0.0037222400000000004;0.002225152;0.002318336;0.002295808;0.002397184;0.001631232;0.00118272;0.0018974719999999999;0.001507328;0.001024;0.001058816;0.000659456;0.000818176;0.001601536;0.00150016;0.0013199359999999999;0.001154048;0.000611328;0.0005632;0.000497664;0.0007075839999999999;0.00048639999999999995;0.00043315199999999996;0.00065536;0.00047923199999999995;0.000335872;0.00059392;0.0005376000000000001;0.00030924800000000003;0.000449536;0.000499712;0.000376832;0.000253952;0.000228352;0.00022016;0.000218112;0.000216064;0.00025088;0.00035942400000000006;0.00015462400000000002;0.00015872;0.00027340799999999994;0.00019968;0.000269312;0.000246784;0.0001536;0.00011571199999999999;0.000190464;0.00016384;0.00012288000000000002;0.00018739199999999998;0.000216064;0.00019865600000000002
1789630200,hdr,0.0293;0.03906;0.04883;0.05859;0.06836;0.07813;0.08789;0.09766;0.10742;0.11719;0.12695;0.13672;0.14648;0.15625;0.16602;0.17578;0.18555;0.19531;0.20508;0.21484;0.22461;0.23438;0.24414;0.25391;0.26367;0.27344;0.2832;0.29297;0.30273;0.3125;0.32227;0.33203;0.3418;0.35156;0.36133;0.37109;0.38086;0.39063;0.40039;0.41016;0.41992;0.42969;0.43945;0.44922;0.45898;0.46875;0.47852;0.48828;0.49805;0.50781;0.51758;0.52734;0.53711;0.54688;0.55664;0.56641;0.57617;0.58594;0.5957;0.60547;0.61523;0.625;0.63477;0.64453;0.6543;0.66406;0.67383;0.68359;0.69336;0.70313;0.71289;0.72266;0.73242;0.74219;0.75195;0.76172;0.77148;0.78125;0.79102,0.002118656;0.002864128;0.00503296;0.004324352;0.016587776000000002;0.022575104;0.012180479999999999;0.027224064;0.049084416;0.06932070400000001;0.119734272;0.100453376;0.06767615999999999;0.06407270400000001;0.054378496;0.05417472;0.07248998400000001;0.039738368;0.032044032;0.020465664;0.024507392;0.026500095999999997;0.016756736;0.007185407999999999;0.007212032;0.007368703999999999;0.00532992;0.003055616;0.002260992;0.0017643519999999998;0.0017889280000000002;0.0022353919999999997;0.0025456639999999996;0.001425408;0.0014192640000000002;0.001297408;0.00144896;0.0011704320000000001;0.0013393919999999998;0.001455104;0.00136192;0.0009697280000000001;0.000751616;0.00067072;0.0007116799999999999;0.000656384;0.000565248;0.00062976;0.000596992;0.000807936;0.000674816;0.00052224;0.00047411199999999995;0.00052224;0.00037376;0.00031129599999999997;0.000475136;0.00046284799999999997;0.0003328;0.00029388799999999996;0.000283648;0.00032256;0.00041062399999999995;0.000280576;0.00023552000000000002;0.000244736;0.00034816000000000003;0.000268288;0.000197632;0.000190464;0.00024063999999999997;0.00024576000000000003;0.000193536;0.00014848;0.00018124799999999998;0.000228352;0.000206848;0.000165888;0.000131072
1789631100,hdr,0.0293;0.03906;0.04883;0.05859;0.06836;0.07813;0.08789;0.09766;0.10742;0.11719;0.12695;0.13672;0.14648;0.15625;0.16602;0.17578;0.18555;0.19531;0.20508;0.21484;0.22461;0.23438;0.24414;0.25391;0.26367;0.27344;0.2832;0.29297;0.30273;0.3125;0.32227;0.33203;0.3418;0.35156;0.36133;0.37109;0.38086;0.39063;0.40039;0.41016;0.41992;0.42969;0.43945;0.44922;0.45898;0.46875;0.47852;0.48828;0.49805;0.50781;0.51758;0.52734;0.53711;0.54688;0.55664;0.56641;0.57617;0.58594;0.5957;0.60547;0.61523;0.625;0.63477;0.64453;0.6543;0.66406;0.67383;0.68359;0.69336;0.70313;0.71289;0.72266;0.73242;0.74219;0.75195;0.76172;0.77148;0.78125;0.79102,0.0023347199999999998;0.003753984;0.0029306880000000003;0.004006912;0.014290944;0.022874112000000002;0.011587584;0.022571007999999997;0.046277632;0.046106624;0.10733465599999999;0.147625984;0.107844608;0.04973568;0.047070207999999995;0.047976448;0.028772352;0.03277824;0.02138624;0.02463232;0.016741376;0.019120128;0.015192064;0.010034176;0.008419328;0.00426496;0.00399872;0.003121152;0.002603008;0.0025344;0.003141632;0.001942528;0.001436672;0.001472512;0.001226752;0.001304576;0.00160256;0.001174528;0.0008386559999999999;0.000999424;0.001185792;0.0007833599999999999;0.000970752;0.001174528;0.0013680639999999998;0.00091648;0.000763904;0.00063488;0.0003584;0.000274432;0.000331776;0.00050688;0.00044032;0.000596992;0.000441344;0.00030412799999999997;0.000323584;0.000494592;0.0005857280000000001;0.000350208;0.00024371200000000001;0.00041676800000000003;0.00036864000000000005;0.000256;0.00018432000000000002;0.000211968;0.000217088;0.000218112;0.000193536;0.000200704;0.000195584;0.000196608;0.00015052799999999998;0.000205824;0.000193536;0.000165888;0.000192512;0.00011776000000000001;0.000159744
1789632000,hdr,0.0293;0.03906;0.04883;0.05859;0.06836;0.07813;0.08789;0.09766;0.10742;0.11719;0.12695;0.13672;0.14648;0.15625;0.16602;0.17578;0.18555;0.19531;0.20508;0.21484;0.22461;0.23438;0.24414;0.25391;0.26367;0.27344;0.2832;0.29297;0.30273;0.3125;0.32227;0.33203;0.3418;0.35156;0.36133;0.37109;0.38086;0.39063;0.40039;0.41016;0.41992;0.42969;0.43945;0.44922;0.45898;0.46875;0.47852;0.48828;0.49805;0.50781;0.51758;0.52734;0.53711;0.54688;0.55664;0.56641;0.57617;0.58594;0.5957;0.60547;0.61523;0.625;0.63477;0.64453;0.6543;0.66406;0.67383;0.68359;0.69336;0.70313;0.71289;0.72266;0.73242;0.74219;0.75195;0.76172;0.77148;0.78125;0.79102,0.0006144;0.0006952960000000001;0.0009431040000000001;0.002349056;0.017839103999999998;0.023477248;0.008404992;0.015767552;0.038531072;0.073529344;0.08114687999999999;0.09154355200000001;0.101164032;0.05809664;0.066776064;0.047963135999999996;0.033813504;0.020883455999999998;0.022341632;0.020113408;0.021732352;0.025036799999999998;0.026843136000000004;0.012469247999999999;0.005571584;0.00479232;0.00600064;0.003590144;0.00193536;0.0017807360000000002;0.0015697920000000002;0.001651712;0.0014919679999999998;0.0015431680000000001;0.001847296;0.001517568;0.001467392;0.0012083200000000001;0.001134592;0.0008560640000000001;0.000945152;0.000805888;0.000951296;0.001011712;0.0008304639999999999;0.000590848;0.000550912;0.0006502400000000001;0.0007280640000000001;0.0009216000000000001;0.000613376;0.00043315199999999996;0.00033484799999999995;0.000376832;0.000390144;0.000344064;0.00039219200000000003;0.000432128;0.00040243200000000004;0.00029593599999999995;0.000218112;0.00024780799999999997;0.000226304;0.00021504000000000003;0.000192512;0.000221184;0.000228352;0.00020172799999999998;0.000207872;0.000258048;0.000249856;0.000221184;0.000260096;0.000210944;0.000195584;0.00021401600000000003;0.00021299199999999998;0.000175104;0.00018227199999999998
1789632900,hdr,0.0293;0.03906;0.04883;0.05859;0.06836;0.07813;0.08789;0.09766;0.10742;0.11719;0.12695;0.13672;0.14648;0.15625;0.16602;0.17578;0.18555;0.19531;0.20508;0.21484;0.22461;0.23438;0.24414;0.25391;0.26367;0.27344;0.2832;0.29297;0.30273;0.3125;0.32227;0.33203;0.3418;0.35156;0.36133;0.37109;0.38086;0.39063;0.40039;0.41016;0.41992;0.42969;0.43945;0.44922;0.45898;0.46875;0.47852;0.48828;0.49805;0.50781;0.51758;0.52734;0.53711;0.54688;0.55664;0.56641;0.57617;0.58594;0.5957;0.60547;0.61523;0.625;0.63477;0.64453;0.6543;0.66406;0.67383;0.68359;0.69336;0.70313;0.71289;0.72266;0.73242;0.74219;0.75195;0.76172;0.77148;0.78125;0.79102,0.000207872;0.000314368;0.000831488;0.002837504;0.011580416;0.024851455999999997;0.010660863999999999;0.014783488;0.027373568;0.07462502399999998;0.110331904;0.081779712;0.059188224;0.048557056;0.047045632;0.049253376;0.041450495999999996;0.029511679999999995;0.014495744000000001;0.013571071999999998;0.022085632;0.025542656000000004;0.022622207999999998;0.016776192000000002;0.007195648;0.00415744;0.002348032;0.00254464;0.002571264;0.001452032;0.0011120639999999998;0.0016977919999999998;0.001557504;0.0012185600000000003;0.0013608960000000001;0.0008202239999999999;0.000688128;0.001637376;0.001728512;0.001108992;0.000884736;0.000869376;0.0010721279999999999;0.00082432;0.0008202239999999999;0.0009144320000000001;0.0006952960000000001;0.00033382400000000003;0.00048127999999999995;0.000567296;0.000631808;0.00034304;0.000401408;0.00047411199999999995;0.00031232;0.000535552;0.000493568;0.00034304;0.000326656;0.000318464;0.00039628799999999996;0.00040448000000000003;0.000344064;0.000379904;0.000164864;0.00016691200000000002;0.000125952;0.00010137599999999999;0.00014540800000000003;0.000175104;0.00017715200000000003;0.00021401600000000003;0.000173056;0.000196608;0.000192512;0.000152576;0.000141312;0.0001792;0.000253952
1789633800,hdr,0.0293;0.03906;0.04883;0.05859;0.06836;0.07813;0.08789;0.09766;0.10742;0.11719;0.12695;0.13672;0.14648;0.15625;0.16602;0.17578;0.18555;0.19531;0.20508;0.21484;0.22461;0.23438;0.24414;0.25391;0.26367;0.27344;0.2832;0.29297;0.30273;0.3125;0.32227;0.33203;0.3418;0.35156;0.36133;0.37109;0.38086;0.39063;0.40039;0.41016;0.41992;0.42969;0.43945;0.44922;0.45898;0.46875;0.47852;0.48828;0.49805;0.50781;0.51758;0.52734;0.53711;0.54688;0.55664;0.56641;0.57617;0.58594;0.5957;0.60547;0.61523;0.625;0.63477;0.64453;0.6543;0.66406;0.67383;0.68359;0.69336;0.70313;0.71289;0.72266;0.73242;0.74219;0.75195;0.76172;0.77148;0.78125;0.79102,0.000126976;0.000345088;0.00073216;0.0022640639999999997;0.021686271999999996;0.027594752;0.007453696;0.012019712;0.032290816;0.075787264;0.11540992;0.06781952000000001;0.062900224;0.049760256;0.043452416;0.040394752;0.042322944;0.029883391999999998;0.024663039999999997;0.018614272;0.024513536;0.026401792;0.024119296;0.014691328;0.008546304;0.00641024;0.005331967999999999;0.004159487999999999;0.00298496;0.0013578239999999999;0.00113152;0.0020172799999999998;0.001707008;0.001502208;0.001736704;0.0011632640000000002;0.000837632;0.000893952;0.0008867839999999999;0.0008867839999999999;0.000908288;0.000515072;0.00039219200000000003;0.0006000640000000001;0.000786432;0.000760832;0.000351232;0.000507904;0.000780288;0.0007096320000000001;0.00047616000000000005;0.000421888;0.000384;0.00029286400000000005;0.000237568;0.00025497599999999997;0.00041676800000000003;0.00025088;0.00044544;0.00023961599999999998;0.00018124799999999998;0.00015564799999999998;0.00033689599999999994;0.00026623999999999994;0.00024576000000000003;0.000205824;0.00022528;0.000183296;0.000227328;0.000242688;0.00030003200000000004;0.00030924800000000003;0.00023859199999999998;0.00022323200000000002;0.00026112;0.00018432000000000002;0.00015564799999999998;0.000178176;0.000110592
1789634700,hdr,0.0293;0.03906;0.04883;0.05859;0.06836;0.07813;0.08789;0.09766;0.10742;0.11719;0.12695;0.13672;0.14648;0.15625;0.16602;0.17578;0.18555;0.19531;0.20508;0.21484;0.22461;0.23438;0.24414;0.25391;0.26367;0.27344;0.2832;0.29297;0.30273;0.3125;0.32227;0.33203;0.3418;0.35156;0.36133;0.37109;0.38086;0.39063;0.40039;0.41016;0.41992;0.42969;0.43945;0.44922;0.45898;0.46875;0.47852;0.48828;0.49805;0.50781;0.51758;0.52734;0.53711;0.54688;0.55664;0.56641;0.57617;0.58594;0.5957;0.60547;0.61523;0.625;0.63477;0.64453;0.6543;0.66406;0.67383;0.68359;0.69336;0.70313;0.71289;0.72266;0.73242;0.74219;0.75195;0.76172;0.77148;0.78125;0.79102,0.00064;0.00180224;0.003035136;0.00769024;0.01961472;0.023036927999999998;0.012058624;0.015763456;0.051986432;0.13345279999999998;0.1412864;0.131091456;0.100097024;0.09444147200000001;0.09096704;0.078902272;0.07242649599999999;0.044725248;0.042267648;0.038541312;0.023360512;0.020061184000000003;0.016134144;0.013858816;0.00559104;0.004022272;0.005200896000000001;0.005088256;0.004787200000000001;0.002417664;0.001769472;0.001846272;0.0013547519999999999;0.00125952;0.0012554240000000002;0.000730112;0.001284096;0.001082368;0.001232896;0.0007946240000000001;0.000654336;0.0009625599999999999;0.0008089600000000001;0.000510976;0.000489472;0.000594944;0.000457728;0.000376832;0.000321536;0.000456704;0.00041984;0.000324608;0.00036249599999999997;0.00045056;0.00029900799999999997;0.00032870400000000003;0.000272384;0.000344064;0.000248832;0.00030208000000000004;0.00029388799999999996;0.000210944;0.00019456;0.00029388799999999996;0.00029593599999999995;0.00036966399999999996;0.000193536;0.00020275199999999997;0.00011776000000000001;0.00016896;0.000190464;0.00018227199999999998;0.00021504000000000003;0.000188416;0.000113664;0.000173056;0.00024371200000000001;0.00024780799999999997;0.000229376
1789635600,hdr,0.0293;0.03906;0.04883;0.05859;0.06836;0.07813;0.08789;0.09766;0.10742;0.11719;0.12695;0.13672;0.14648;0.15625;0.16602;0.17578;0.18555;0.19531;0.20508;0.21484;0.22461;0.23438;0.24414;0.25391;0.26367;0.27344;0.2832;0.29297;0.30273;0.3125;0.32227;0.33203;0.3418;0.35156;0.36133;0.37109;0.38086;0.39063;0.40039;0.41016;0.41992;0.42969;0.43945;0.44922;0.45898;0.46875;0.47852;0.48828;0.49805;0.50781;0.51758;0.52734;0.53711;0.54688;0.55664;0.56641;0.57617;0.58594;0.5957;0.60547;0.61523;0.625;0.63477;0.64453;0.6543;0.66406;0.67383;0.68359;0.69336;0.70313;0.71289;0.72266;0.73242;0.74219;0.75195;0.76172;0.77148;0.78125;0.79102,0.0004352;0.0020572159999999997;0.004304896000000001;0.004816895999999999;0.013262848;0.025565183999999998;0.013566976000000001;0.022607872;0.07920128;0.127758336;0.10255360000000001;0.07581900800000001;0.06602547199999999;0.090062848;0.070136832;0.043741183999999995;0.029776896;0.022974464;0.02119168;0.017068032;0.014920704000000002;0.01276416;0.010843135999999998;0.00949248;0.007185407999999999;0.0071915519999999995;0.005193728;0.004093952;0.00261632;0.0020101119999999997;0.001333248;0.0013547519999999999;0.00176128;0.0013148160000000001;0.001467392;0.0013506560000000002;0.00103936;0.0010752000000000001;0.000636928;0.000964608;0.000982016;0.000799744;0.000620544;0.000515072;0.0007464960000000001;0.0008837120000000001;0.0006676480000000001;0.00044339199999999997;0.000536576;0.000672768;0.0007106559999999999;0.0004956159999999999;0.000441344;0.00036761599999999997;0.00043724800000000005;0.000561152;0.000421888;0.000376832;0.000352256;0.00023859199999999998;0.00020889599999999997;0.000274432;0.000264192;0.000222208;0.000211968;0.000393216;0.00039936;0.000284672;0.00020992;0.000211968;0.000176128;0.000195584;0.000183296;0.000176128;0.000139264;0.000175104;0.000267264;0.000211968;0.00018944
1789636500,hdr,0.0293;0.03906;0.04883;0.05859;0.06836;0.07813;0.08789;0.09766;0.10742;0.11719;0.12695;0.13672;0.14648;0.15625;0.16602;0.17578;0.18555;0.19531;0.20508;0.21484;0.22461;0.23438;0.24414;0.25391;0.26367;0.27344;0.2832;0.29297;0.30273;0.3125;0.32227;0.33203;0.3418;0.35156;0.36133;0.37109;0.38086;0.39063;0.40039;0.41016;0.41992;0.42969;0.43945;0.44922;0.45898;0.46875;0.47852;0.48828;0.49805;0.50781;0.51758;0.52734;0.53711;0.54688;0.55664;0.56641;0.57617;0.58594;0.5957;0.60547;0.61523;0.625;0.63477;0.64453;0.6543;0.66406;0.67383;0.68359;0.69336;0.70313;0.71289;0.72266;0.73242;0.74219;0.75195;0.76172;0.77148;0.78125;0.79102,0.0020357120000000003;0.00323072;0.001637376;0.00246272;0.009952256;0.023652351999999998;0.011799552;0.010094592000000001;0.064387072;0.107840512;0.110137344;0.10218598400000001;0.096201728;0.094788608;0.076192768;0.055296;0.029769728;0.036595712;0.030081023999999998;0.022587392;0.01637888;0.013527039999999999;0.010284031999999999;0.017221631999999997;0.014987263999999998;0.006631424;0.005588992;0.00436736;0.00317952;0.002066432;0.0017489920000000002;0.002082816;0.001588224;0.000827392;0.00136704;0.001531904;0.0015697920000000002;0.001308672;0.000992256;0.001555456;0.001250304;0.001248256;0.0007936;0.0006041600000000001;0.000610304;0.000744448;0.001031168;0.000663552;0.000303104;0.000442368;0.00030617599999999996;0.0002816;0.000482304;0.000386048;0.00032870400000000003;0.00041984;0.000400384;0.000320512;0.000324608;0.000330752;0.00024371200000000001;0.00026521600000000003;0.00027648;0.000206848;0.000278528;0.00017715200000000003;0.000178176;0.000222208;0.000211968;0.000217088;0.00019456;0.00011776000000000001;0.000217088;0.00017715200000000003;0.00012288000000000002;0.000195584;0.000200704;0.000330752;0.000210944
1789637400,hdr,0.0293;0.03906;0.04883;0.05859;0.06836;0.07813;0.08789;0.09766;0.10742;0.11719;0.12695;0.13672;0.14648;0.15625;0.16602;0.17578;0.18555;0.19531;0.20508;0.21484;0.22461;0.23438;0.24414;0.25391;0.26367;0.27344;0.2832;0.29297;0.30273;0.3125;0.32227;0.33203;0.3418;0.35156;0.36133;0.37109;0.38086;0.39063;0.40039;0.41016;0.41992;0.42969;0.43945;0.44922;0.45898;0.46875;0.47852;0.48828;0.49805;0.50781;0.51758;0.52734;0.53711;0.54688;0.55664;0.56641;0.57617;0.58594;0.5957;0.60547;0.61523;0.625;0.63477;0.64453;0.6543;0.66406;0.67383;0.68359;0.69336;0.70313;0.71289;0.72266;0.73242;0.74219;0.75195;0.76172;0.77148;0.78125;0.79102,2.9696e-05;0.002910208;0.004806656;0.0018442240000000002;0.012747776;0.0397824;0.018166784;0.030031872;0.070009856;0.102110208;0.161849344;0.10411827200000001;0.06932275199999999;0.07136460800000001;0.069164032;0.047670272;0.035535871999999996;0.038219776000000004;0.041590784;0.02291712;0.010604544;0.010362880000000001;0.017030144;0.012819456;0.00763392;0.006505472;0.008235008;0.0069396480000000005;0.00361984;0.002023424;0.002003968;0.0015964160000000002;0.00158208;0.000879616;0.000740352;0.000918528;0.0012953600000000002;0.0012185600000000003;0.001004544;0.0007976959999999999;0.00118784;0.0015390719999999998;0.0009216000000000001;0.000776192;0.0006021119999999999;0.0005324799999999999;0.000513024;0.0007413760000000001;0.000631808;0.00035532799999999997;0.000475136;0.00045056;0.00041984;0.000313344;0.00029696;0.00039219200000000003;0.000385024;0.00025088;0.0003328;0.00029286400000000005;0.000246784;0.000229376;0.00022323200000000002;0.0003584;0.00029286400000000005;0.00020889599999999997;0.000289792;0.000188416;0.00020992;0.000205824;0.000118784;0.00013311999999999997;0.000139264;0.00014950399999999998;0.00020377600000000002;0.00023244799999999998;0.000188416;0.00017100799999999997;0.000216064
1789638300,hdr,0.0293;0.03906;0.04883;0.05859;0.06836;0.07813;0.08789;0.09766;0.10742;0.11719;0.12695;0.13672;0.14648;0.15625;0.16602;0.17578;0.18555;0.19531;0.20508;0.21484;0.22461;0.23438;0.24414;0.25391;0.26367;0.27344;0.2832;0.29297;0.30273;0.3125;0.32227;0.33203;0.3418;0.35156;0.36133;0.37109;0.38086;0.39063;0.40039;0.41016;0.41992;0.42969;0.43945;0.44922;0.45898;0.46875;0.47852;0.48828;0.49805;0.50781;0.51758;0.52734;0.53711;0.54688;0.55664;0.56641;0.57617;0.58594;0.5957;0.60547;0.61523;0.625;0.63477;0.64453;0.6543;0.66406;0.67383;0.68359;0.69336;0.70313;0.71289;0.72266;0.73242;0.74219;0.75195;0.76172;0.77148;0.78125;0.79102,0.001707008;0.0025825279999999997;0.000868352;0.004434944;0.010323968000000001;0.022967296;0.008557568;0.020233216000000002;0.068262912;0.136643584;0.14074470400000003;0.054601728;0.07194624000000001;0.082177024;0.056143872000000004;0.051677183999999994;0.057428992;0.04400128;0.027270143999999996;0.020847616;0.012769280000000001;0.010251264000000001;0.008785920000000001;0.009751552;0.007990272;0.005637120000000001;0.006096896;0.004224;0.00361472;0.0026245120000000003;0.0016988160000000001;0.001913856;0.0013219840000000002;0.000963584;0.0012554240000000002;0.000918528;0.000666624;0.000590848;0.0007464960000000001;0.0006850560000000001;0.000766976;0.000999424;0.0007116799999999999;0.000857088;0.0007884799999999999;0.000743424;0.000347136;0.000432128;0.00040448000000000003;0.00040960000000000004;0.000482304;0.00041472;0.000457728;0.00048639999999999995;0.000459776;0.000388096;0.000280576;0.000325632;0.00030208000000000004;0.00032870400000000003;0.000352256;0.00047308800000000003;0.000346112;0.000288768;0.00035430400000000006;0.00023040000000000002;0.000272384;0.000313344;0.000284672;0.00020377600000000002;0.000210944;0.0001792;0.000193536;0.000226304;0.00023552000000000002;0.00020889599999999997;9.728e-05;7.475199999999999e-05;0.0001536
1789639200,hdr,0.0293;0.03906;0.04883;0.05859;0.06836;0.07813;0.08789;0.09766;0.10742;0.11719;0.12695;0.13672;0.14648;0.15625;0.16602;0.17578;0.18555;0.19531;0.20508;0.21484;0.22461;0.23438;0.24414;0.25391;0.26367;0.27344;0.2832;0.29297;0.30273;0.3125;0.32227;0.33203;0.3418;0.35156;0.36133;0.37109;0.38086;0.39063;0.40039;0.41016;0.41992;0.42969;0.43945;0.44922;0.45898;0.46875;0.47852;0.48828;0.49805;0.50781;0.51758;0.52734;0.53711;0.54688;0.55664;0.56641;0.57617;0.58594;0.5957;0.60547;0.61523;0.625;0.63477;0.64453;0.6543;0.66406;0.67383;0.68359;0.69336;0.70313;0.71289;0.72266;0.73242;0.74219;0.75195;0.76172;0.77148;0.78125;0.79102,0.0003328;0.000715776;0.001318912;0.002604032;0.006305792;0.011443199999999999;0.008633344;0.01402368;0.06416691199999999;0.106596352;0.081000448;0.1017088;0.132272128;0.07707955200000001;0.034724863999999994;0.035821568;0.029779968;0.031398912;0.023542784;0.017972224000000002;0.013073408000000002;0.009552896;0.007335936;0.006849536;0.009477119999999999;0.007867391999999999;0.004855808;0.004233216;0.003510272;0.002646016;0.0017807360000000002;0.001409024;0.0014274560000000001;0.000878592;0.001189888;0.0012646399999999998;0.00080384;0.0007014399999999999;0.0008110079999999999;0.0008560640000000001;0.0009420800000000001;0.0009768959999999999;0.0006891520000000001;0.000791552;0.0006973439999999999;0.000636928;0.000816128;0.000827392;0.0007219199999999999;0.000569344;0.000381952;0.00044544;0.000259072;0.000489472;0.0007188480000000001;0.0005836799999999999;0.00040960000000000004;0.00028569600000000005;0.00024371200000000001;0.00030412799999999997;0.00032256;0.000275456;0.00021504000000000003;0.000234496;0.00028774400000000004;0.000356352;0.000210944;0.000188416;0.000347136;0.000387072;0.000257024;0.00017100799999999997;0.000152576;0.000152576;0.000164864;0.00027136;0.000237568;0.000140288;0.000165888
1789640100,hdr,0.0293;0.03906;0.04883;0.05859;0.06836;0.07813;0.08789;0.09766;0.10742;0.11719;0.12695;0.13672;0.14648;0.15625;0.16602;0.17578;0.18555;0.19531;0.20508;0.21484;0.22461;0.23438;0.24414;0.25391;0.26367;0.27344;0.2832;0.29297;0.30273;0.3125;0.32227;0.33203;0.3418;0.35156;0.36133;0.37109;0.38086;0.39063;0.40039;0.41016;0.41992;0.42969;0.43945;0.44922;0.45898;0.46875;0.47852;0.48828;0.49805;0.50781;0.51758;0.52734;0.53711;0.54688;0.55664;0.56641;0.57617;0.58594;0.5957;0.60547;0.61523;0.625;0.63477;0.64453;0.6543;0.66406;0.67383;0.68359;0.69336;0.70313;0.71289;0.72266;0.73242;0.74219;0.75195;0.76172;0.77148;0.78125;0.79102,0.000569344;0.000613376;0.0006041600000000001;0.003452928;0.012735488;0.021076992000000003;0.007725056;0.013069312;0.060833792000000005;0.135013376;0.13110579200000003;0.12852940799999998;0.11059712000000001;0.08496844799999999;0.07490662399999999;0.045065216;0.019817472;0.014053376;0.017425408;0.012350464;0.012469247999999999;0.012866559999999999;0.007001088000000001;0.00741888;0.00717312;0.011511808;0.0069273600000000005;0.005065728;0.00371712;0.002287616;0.0020633599999999998;0.0017182719999999999;0.0017674240000000003;0.0011151359999999999;0.000823296;0.000932864;0.001077248;0.0008110079999999999;0.001084416;0.001206272;0.0009697280000000001;0.001122304;0.00100352;0.00062976;0.000505856;0.000628736;0.000561152;0.000350208;0.000207872;0.000365568;0.0005416959999999999;0.00035532799999999997;0.0004956159999999999;0.000566272;0.00043008000000000006;0.00042598399999999997;0.00039731200000000003;0.000321536;0.00031232;0.000321536;0.00030412799999999997;0.000308224;0.00047616000000000005;0.000387072;0.00029900799999999997;0.00033382400000000003;0.000288768;0.000217088;0.00019968;0.000191488;0.00020889599999999997;0.000246784;0.00020377600000000002;0.00021401600000000003;0.000316416;0.000183296;0.00011980799999999999;0.00011776000000000001;0.00014335999999999998
1789641000,hdr,0.0293;0.03906;0.04883;0.05859;0.06836;0.07813;0.08789;0.09766;0.10742;0.11719;0.12695;0.13672;0.14648;0.15625;0.16602;0.17578;0.18555;0.19531;0.20508;0.21484;0.22461;0.23438;0.24414;0.25391;0.26367;0.27344;0.2832;0.29297;0.30273;0.3125;0.32227;0.33203;0.3418;0.35156;0.36133;0.37109;0.38086;0.39063;0.40039;0.41016;0.41992;0.42969;0.43945;0.44922;0.45898;0.46875;0.47852;0.48828;0.49805;0.50781;0.51758;0.52734;0.53711;0.54688;0.55664;0.56641;0.57617;0.58594;0.5957;0.60547;0.61523;0.625;0.63477;0.64453;0.6543;0.66406;0.67383;0.68359;0.69336;0.70313;0.71289;0.72266;0.73242;0.74219;0.75195;0.76172;0.77148;0.78125;0.79102,0.00013824;0.00020992;0.0006676480000000001;0.00557568;0.009664512;0.014594048;0.011942912;0.00920064;0.029912064000000002;0.059421695999999996;0.10722508800000001;0.14853324799999998;0.094624768;0.109912064;0.056570880000000004;0.029300736;0.023011327999999998;0.014541824;0.017624064000000002;0.015138816000000001;0.011096064000000001;0.013408255999999999;0.011247616;0.005110783999999999;0.003504128;0.00370688;0.003974144;0.004160512;0.00251904;0.002043904;0.001414144;0.001460224;0.0021411840000000004;0.0013946879999999998;0.000939008;0.001161216;0.001010688;0.001225728;0.0010762240000000002;0.000937984;0.000596992;0.000692224;0.0009205759999999999;0.001129472;0.000743424;0.000779264;0.0006021119999999999;0.0007096320000000001;0.000644096;0.000502784;0.000648192;0.0005304320000000001;0.0005007359999999999;0.000551936;0.000345088;0.00045568;0.000513024;0.0006840319999999999;0.0005703679999999999;0.0004956159999999999;0.000380928;0.000388096;0.000323584;0.00052736;0.000538624;0.00036147200000000005;0.00040243200000000004;0.000321536;0.000330752;0.000252928;0.000258048;0.000267264;0.00017715200000000003;0.000186368;0.00029081600000000006;0.000205824;0.00023244799999999998;0.00014848;0.00023040000000000002
1789641900,hdr,0.0293;0.03906;0.04883;0.05859;0.06836;0.07813;0.08789;0.09766;0.10742;0.11719;0.12695;0.13672;0.14648;0.15625;0.16602;0.17578;0.18555;0.19531;0.20508;0.21484;0.22461;0.23438;0.24414;0.25391;0.26367;0.27344;0.2832;0.29297;0.30273;0.3125;0.32227;0.33203;0.3418;0.35156;0.36133;0.37109;0.38086;0.39063;0.40039;0.41016;0.41992;0.42969;0.43945;0.44922;0.45898;0.46875;0.47852;0.48828;0.49805;0.50781;0.51758;0.52734;0.53711;0.54688;0.55664;0.56641;0.57617;0.58594;0.5957;0.60547;0.61523;0.625;0.63477;0.64453;0.6543;0.66406;0.67383;0.68359;0.69336;0.70313;0.71289;0.72266;0.73242;0.74219;0.75195;0.76172;0.77148;0.78125;0.79102,4.9152e-05;2.048e-06;0.000186368;0.0038461439999999997;0.014754816;0.013165568;0.006077440000000001;0.016797696;0.05150208;0.10120704000000001;0.12999475200000002;0.158558208;0.12340736;0.08058675200000001;0.049523712000000004;0.04184166400000001;0.03227136;0.030058496000000004;0.019206143999999998;0.0139776;0.009617408;0.008589312;0.008523776;0.0073656319999999996;0.0071393279999999995;0.00780288;0.0075325439999999995;0.004937728;0.00303104;0.003726336;0.002635776;0.001528832;0.00141824;0.001166336;0.001480704;0.001483776;0.001251328;0.0010465279999999997;0.000950272;0.0006973439999999999;0.00037785600000000004;0.00039731200000000003;0.0008345599999999999;0.0009021439999999999;0.0008509440000000001;0.000894976;0.0009287680000000001;0.0006000640000000001;0.000432128;0.00050688;0.000616448;0.0005683200000000001;0.000497664;0.00039219200000000003;0.000391168;0.00027340799999999994;0.00038912;0.000360448;0.000249856;0.00032256;0.00028671999999999997;0.00037785600000000004;0.00042496;0.00030617599999999996;0.00031129599999999997;0.00031744;0.000350208;0.000252928;0.00029286400000000005;0.000260096;0.000162816;0.000172032;0.00026112;0.000221184;0.00023142399999999999;0.00023859199999999998;0.000263168;0.000279552;0.00022323200000000002
1789642800,hdr,0.0293;0.03906;0.04883;0.05859;0.06836;0.07813;0.08789;0.09766;0.10742;0.11719;0.12695;0.13672;0.14648;0.15625;0.16602;0.17578;0.18555;0.19531;0.20508;0.21484;0.22461;0.23438;0.24414;0.25391;0.26367;0.27344;0.2832;0.29297;0.30273;0.3125;0.32227;0.33203;0.3418;0.35156;0.36133;0.37109;0.38086;0.39063;0.40039;0.41016;0.41992;0.42969;0.43945;0.44922;0.45898;0.46875;0.47852;0.48828;0.49805;0.50781;0.51758;0.52734;0.53711;0.54688;0.55664;0.56641;0.57617;0.58594;0.5957;0.60547;0.61523;0.625;0.63477;0.64453;0.6543;0.66406;0.67383;0.68359;0.69336;0.70313;0.71289;0.72266;0.73242;0.74219;0.75195;0.76172;0.77148;0.78125;0.79102,8.2944e-05;0.0006277120000000001;0.0008929280000000001;0.00196096;0.008979456;0.027433984;0.018307072;0.014261247999999999;0.04342784;0.084575232;0.10913587200000001;0.113011712;0.09735168000000001;0.065277952;0.049260544;0.036004864000000004;0.025396224;0.016751615999999997;0.008316928;0.015276032000000002;0.019365888;0.011920384;0.0088832;0.006037504;0.005624832;0.008198144;0.0074332159999999994;0.003872768;0.002459648;0.001775616;0.001649664;0.0025262080000000003;0.001795072;0.0016435199999999999;0.00137216;0.00118784;0.001098752;0.0008386559999999999;0.000512;0.001130496;0.0009912319999999999;0.00082432;0.000758784;0.000456704;0.000656384;0.000912384;0.0007219199999999999;0.000656384;0.00043008000000000006;0.00033484799999999995;0.00047718399999999996;0.00046489599999999996;0.000423936;0.00046284799999999997;0.000415744;0.00043724800000000005;0.00039219200000000003;0.00048025600000000003;0.00039219200000000003;0.00030617599999999996;0.000221184;0.000188416;0.0002816;0.000275456;0.000252928;0.00034816000000000003;0.00026623999999999994;0.000315392;0.000429056;0.000278528;0.00030003200000000004;0.00034201599999999995;0.000211968;0.00018432000000000002;0.00027033600000000004;0.00023961599999999998;0.000129024;0.000197632;0.000167936
1789643700,hdr,0.0293;0.03906;0.04883;0.05859;0.06836;0.07813;0.08789;0.09766;0.10742;0.11719;0.12695;0.13672;0.14648;0.15625;0.16602;0.17578;0.18555;0.19531;0.20508;0.21484;0.22461;0.23438;0.24414;0.25391;0.26367;0.27344;0.2832;0.29297;0.30273;0.3125;0.32227;0.33203;0.3418;0.35156;0.36133;0.37109;0.38086;0.39063;0.40039;0.41016;0.41992;0.42969;0.43945;0.44922;0.45898;0.46875;0.47852;0.48828;0.49805;0.50781;0.51758;0.52734;0.53711;0.54688;0.55664;0.56641;0.57617;0.58594;0.5957;0.60547;0.61523;0.625;0.63477;0.64453;0.6543;0.66406;0.67383;0.68359;0.69336;0.70313;0.71289;0.72266;0.73242;0.74219;0.75195;0.76172;0.77148;0.78125;0.79102,0.00016691200000000002;0.001707008;0.0029634559999999997;0.0030033919999999997;0.015886336;0.040584192000000005;0.021530623999999998;0.013494272000000002;0.035049472;0.08951808;0.07892787199999998;0.069110784;0.066840576;0.059521024;0.054596608;0.034765824;0.036989952000000006;0.023192575999999996;0.02518016;0.023372800000000003;0.016924672;0.015036415999999999;0.01168896;0.006794240000000001;0.007221248;0.00850432;0.007175168000000001;0.004723712;0.003820544;0.0027852800000000002;0.002260992;0.001887232;0.0014336;0.000879616;0.0013987840000000001;0.0019455999999999998;0.0016936960000000002;0.0011264;0.0006973439999999999;0.000840704;0.000915456;0.000922624;0.001021952;0.000786432;0.0005416959999999999;0.000526336;0.00033382400000000003;0.00027340799999999994;0.00039423999999999997;0.00040960000000000004;0.00044032;0.000385024;0.000617472;0.000937984;0.000704512;0.000489472;0.000452608;0.000222208;0.000349184;0.00039219200000000003;0.00046284799999999997;0.00037376;0.00033894400000000004;0.00029183999999999997;0.00034201599999999995;0.000330752;0.00021504000000000003;0.00024780799999999997;0.000282624;0.00018739199999999998;0.000173056;0.00014643200000000002;0.000169984;0.000140288;0.000116736;0.000134144;0.000221184;0.000165888;0.00014540800000000003
1789644600,hdr,0.0293;0.03906;0.04883;0.05859;0.06836;0.07813;0.08789;0.09766;0.10742;0.11719;0.12695;0.13672;0.14648;0.15625;0.16602;0.17578;0.18555;0.19531;0.20508;0.21484;0.22461;0.23438;0.24414;0.25391;0.26367;0.27344;0.2832;0.29297;0.30273;0.3125;0.32227;0.33203;0.3418;0.35156;0.36133;0.37109;0.38086;0.39063;0.40039;0.41016;0.41992;0.42969;0.43945;0.44922;0.45898;0.46875;0.47852;0.48828;0.49805;0.50781;0.51758;0.52734;0.53711;0.54688;0.55664;0.56641;0.57617;0.58594;0.5957;0.60547;0.61523;0.625;0.63477;0.64453;0.6543;0.66406;0.67383;0.68359;0.69336;0.70313;0.71289;0.72266;0.73242;0.74219;0.75195;0.76172;0.77148;0.78125;0.79102,0.0007833599999999999;0.002172928;0.0027392;0.005425152;0.016960512000000004;0.040260608;0.02781184;0.01325568;0.024776703999999997;0.063538176;0.0766208;0.064274432;0.07259033599999999;0.060839936000000004;0.06440652799999999;0.06024192;0.032713728000000004;0.020284416;0.015140864000000002;0.010242048;0.013492224;0.011063295999999999;0.0063395840000000005;0.005769216000000001;0.004553728;0.0041512960000000005;0.0048783360000000005;0.0035246080000000003;0.002577408;0.0017039359999999999;0.001243136;0.00108544;0.00109056;0.0016977919999999998;0.0017152;0.001409024;0.000661504;0.000502784;0.0015738879999999998;0.001552384;0.000826368;0.000636928;0.0005007359999999999;0.001088512;0.000717824;0.000559104;0.001073152;0.0012001280000000002;0.001011712;0.000801792;0.000769024;0.001265664;0.00074752;0.000391168;0.000448512;0.0005898240000000001;0.0006676480000000001;0.000391168;0.00037888;0.000423936;0.000494592;0.00037785600000000004;0.00028671999999999997;0.00029183999999999997;0.000269312;0.00031744;0.00032256;0.00022528;0.000190464;0.000258048;0.000256;0.000132096;0.000188416;0.000139264;9.6256e-05;0.00020992;0.00027648;0.000233472;0.00017408000000000001
1789645500,hdr,0.0293;0.03906;0.04883;0.05859;0.06836;0.07813;0.08789;0.09766;0.10742;0.11719;0.12695;0.13672;0.14648;0.15625;0.16602;0.17578;0.18555;0.19531;0.20508;0.21484;0.22461;0.23438;0.24414;0.25391;0.26367;0.27344;0.2832;0.29297;0.30273;0.3125;0.32227;0.33203;0.3418;0.35156;0.36133;0.37109;0.38086;0.39063;0.40039;0.41016;0.41992;0.42969;0.43945;0.44922;0.45898;0.46875;0.47852;0.48828;0.49805;0.50781;0.51758;0.52734;0.53711;0.54688;0.55664;0.56641;0.57617;0.58594;0.5957;0.60547;0.61523;0.625;0.63477;0.64453;0.6543;0.66406;0.67383;0.68359;0.69336;0.70313;0.71289;0.72266;0.73242;0.74219;0.75195;0.76172;0.77148;0.78125;0.79102,0.000979968;0.0018923520000000001;0.0039034879999999997;0.004001792;0.020813824;0.034479104;0.018675712;0.010518528000000001;0.04501504;0.07928729600000001;0.076205056;0.06513561600000001;0.068891648;0.07913984000000002;0.049247231999999995;0.023262208000000003;0.019014655999999998;0.014198783999999999;0.010760191999999998;0.014512128000000001;0.015456256;0.014379008;0.01480704;0.007043072;0.004621312;0.004581375999999999;0.004759552;0.005517312000000001;0.005551103999999999;0.0040448;0.0031938559999999997;0.002316288;0.002023424;0.0027136;0.002280448;0.001932288;0.0012154879999999998;0.000579584;0.000894976;0.000955392;0.000576512;0.000736256;0.000905216;0.00051712;0.00050688;0.000485376;0.00035328;0.00029900799999999997;0.000744448;0.000548864;0.00046284799999999997;0.000730112;0.0011776;0.001004544;0.001202176;0.001058816;0.0005324799999999999;0.000858112;0.000968704;0.0006819840000000001;0.000559104;0.000545792;0.0005099519999999999;0.000549888;0.000444416;0.00037785600000000004;0.00040243200000000004;0.00036352;0.000192512;0.00023552000000000002;0.00034201599999999995;0.000371712;0.00029798400000000005;0.000217088;0.00018227199999999998;0.00022323200000000002;0.00033689599999999994;0.000151552;0.00010956799999999999
1789646400,hdr,0.0293;0.03906;0.04883;0.05859;0.06836;0.07813;0.08789;0.09766;0.10742;0.11719;0.12695;0.13672;0.14648;0.15625;0.16602;0.17578;0.18555;0.19531;0.20508;0.21484;0.22461;0.23438;0.24414;0.25391;0.26367;0.27344;0.2832;0.29297;0.30273;0.3125;0.32227;0.33203;0.3418;0.35156;0.36133;0.37109;0.38086;0.39063;0.40039;0.41016;0.41992;0.42969;0.43945;0.44922;0.45898;0.46875;0.47852;0.48828;0.49805;0.50781;0.51758;0.52734;0.53711;0.54688;0.55664;0.56641;0.57617;0.58594;0.5957;0.60547;0.61523;0.625;0.63477;0.64453;0.6543;0.66406;0.67383;0.68359;0.69336;0.70313;0.71289;0.72266;0.73242;0.74219;0.75195;0.76172;0.77148;0.78125;0.79102,0.001742848;0.0056576000000000005;0.005266432;0.0025456639999999996;0.011779072;0.027330559999999997;0.014071808000000002;0.008823807999999999;0.021505023999999998;0.063100928;0.11030118400000001;0.09984716799999999;0.044294144;0.031279104;0.030219264;0.03344384;0.0295168;0.018402304;0.01866752;0.0122112;0.010869760000000001;0.012341247999999999;0.01063424;0.004663296;0.00489472;0.002886656;0.002465792;0.003318784;0.0030300159999999995;0.0036884480000000004;0.0035205120000000004;0.0038799359999999996;0.002550784;0.002299904;0.0033423359999999996;0.003786752;0.00364544;0.00211456;0.0012605440000000002;0.001277952;0.0010373119999999999;0.0010946560000000003;0.00119808;0.0009041920000000001;0.000719872;0.00037068800000000004;0.0005713920000000001;0.00059392;0.0007372800000000001;0.0008509440000000001;0.0007116799999999999;0.0005580800000000001;0.000483328;0.000702464;0.000828416;0.0009205759999999999;0.000759808;0.000779264;0.0005724160000000001;0.000366592;0.0006021119999999999;0.00067072;0.000521216;0.000382976;0.00040960000000000004;0.00035328;0.000308224;0.00027033600000000004;0.00020889599999999997;0.00018432000000000002;0.00032256;0.00030105599999999996;0.00023244799999999998;0.000216064;0.000283648;0.00023552000000000002;0.000222208;0.00015052799999999998;0.00014950399999999998
1789647300,hdr,0.0293;0.03906;0.04883;0.05859;0.06836;0.07813;0.08789;0.09766;0.10742;0.11719;0.12695;0.13672;0.14648;0.15625;0.16602;0.17578;0.18555;0.19531;0.20508;0.21484;0.22461;0.23438;0.24414;0.25391;0.26367;0.27344;0.2832;0.29297;0.30273;0.3125;0.32227;0.33203;0.3418;0.35156;0.36133;0.37109;0.38086;0.39063;0.40039;0.41016;0.41992;0.42969;0.43945;0.44922;0.45898;0.46875;0.47852;0.48828;0.49805;0.50781;0.51758;0.52734;0.53711;0.54688;0.55664;0.56641;0.57617;0.58594;0.5957;0.60547;0.61523;0.625;0.63477;0.64453;0.6543;0.66406;0.67383;0.68359;0.69336;0.70313;0.71289;0.72266;0.73242;0.74219;0.75195;0.76172;0.77148;0.78125;0.79102,0.00070656;0.004486144;0.004214784;0.00339968;0.019585024000000003;0.025677824000000002;0.018788351999999998;0.013264896;0.027635712000000003;0.05124608;0.08078131200000001;0.054755328;0.066993152;0.057996288;0.042858495999999996;0.021388288000000002;0.01944064;0.01601536;0.009463808;0.007478272;0.01329664;0.008070144000000001;0.008121344;0.006373376;0.005855232;0.005896192;0.005407744;0.0068505599999999995;0.00491008;0.0041472;0.0021821440000000004;0.001855488;0.003040256;0.0029501439999999996;0.0017684480000000002;0.00193024;0.0031467520000000005;0.0029952000000000004;0.002630656;0.0014735360000000001;0.0009615359999999999;0.0009543679999999999;0.0011212799999999999;0.0007229440000000001;0.000531456;0.0006830079999999999;0.00036454399999999996;0.000638976;0.0007075839999999999;0.000565248;0.00044646400000000004;0.00049664;0.0004884479999999999;0.0006676480000000001;0.00044032;0.000372736;0.0005007359999999999;0.000551936;0.00030105599999999996;0.00023859199999999998;0.000323584;0.000268288;0.000434176;0.000387072;0.000442368;0.00029900799999999997;0.0001792;0.000260096;0.000252928;0.00024576000000000003;0.000268288;0.00015872;0.00015052799999999998;0.00018534400000000002;0.000175104;0.000258048;0.00037376;0.000274432;0.000188416
1789648200,hdr,0.0293;0.03906;0.04883;0.05859;0.06836;0.07813;0.08789;0.09766;0.10742;0.11719;0.12695;0.13672;0.14648;0.15625;0.16602;0.17578;0.18555;0.19531;0.20508;0.21484;0.22461;0.23438;0.24414;0.25391;0.26367;0.27344;0.2832;0.29297;0.30273;0.3125;0.32227;0.33203;0.3418;0.35156;0.36133;0.37109;0.38086;0.39063;0.40039;0.41016;0.41992;0.42969;0.43945;0.44922;0.45898;0.46875;0.47852;0.48828;0.49805;0.50781;0.51758;0.52734;0.53711;0.54688;0.55664;0.56641;0.57617;0.58594;0.5957;0.60547;0.61523;0.625;0.63477;0.64453;0.6543;0.66406;0.67383;0.68359;0.69336;0.70313;0.71289;0.72266;0.73242;0.74219;0.75195;0.76172;0.77148;0.78125;0.79102,0.00046796800000000003;0.003376128;0.003121152;0.003984384;0.010406912;0.01851904;0.016392192000000003;0.009721856000000001;0.02518016;0.103646208;0.121348096;0.055960576;0.0816896;0.062246912;0.031468544;0.02335744;0.021359615999999998;0.022371328;0.020051967999999996;0.0105984;0.007273472;0.00896;0.009982976000000001;0.008834047999999999;0.006660096000000001;0.005846016;0.005523456;0.0040765440000000005;0.004077568;0.002746368;0.0024545279999999997;0.002282496;0.001615872;0.0010373119999999999;0.001145856;0.002056192;0.002336768;0.001557504;0.001488896;0.0012871680000000002;0.001723392;0.001757184;0.002146304;0.002262016;0.001304576;0.001074176;0.00154624;0.0014233599999999998;0.00131072;0.0013117439999999999;0.000896;0.0012994559999999998;0.000863232;0.0009973760000000001;0.0011356159999999999;0.0006502400000000001;0.000654336;0.000448512;0.0005089280000000001;0.000782336;0.0005376000000000001;0.00035430400000000006;0.00028774400000000004;0.000386048;0.0005877759999999999;0.00036147200000000005;0.000393216;0.00042496;0.000427008;0.000347136;0.0005713920000000001;0.0006092800000000001;0.000468992;0.000415744;0.000310272;0.00023961599999999998;0.00017100799999999997;0.00013311999999999997;0.00015564799999999998
1789649100,hdr,0.0293;0.03906;0.04883;0.05859;0.06836;0.07813;0.08789;0.09766;0.10742;0.11719;0.12695;0.13672;0.14648;0.15625;0.16602;0.17578;0.18555;0.19531;0.20508;0.21484;0.22461;0.23438;0.24414;0.25391;0.26367;0.27344;0.2832;0.29297;0.30273;0.3125;0.32227;0.33203;0.3418;0.35156;0.36133;0.37109;0.38086;0.39063;0.40039;0.41016;0.41992;0.42969;0.43945;0.44922;0.45898;0.46875;0.47852;0.48828;0.49805;0.50781;0.51758;0.52734;0.53711;0.54688;0.55664;0.56641;0.57617;0.58594;0.5957;0.60547;0.61523;0.625;0.63477;0.64453;0.6543;0.66406;0.67383;0.68359;0.69336;0.70313;0.71289;0.72266;0.73242;0.74219;0.75195;0.76172;0.77148;0.78125;0.79102,7.372800000000001e-05;0.0017377279999999998;0.002661376;0.0037632;0.01097216;0.028843008000000003;0.020970495999999998;0.01287168;0.036482048;0.08171212800000001;0.077242368;0.05586432;0.039462912;0.03743744;0.025493504;0.01939968;0.026020863999999998;0.021941248000000003;0.010911744000000001;0.009160704000000002;0.00819712;0.00935936;0.006736896;0.004120576;0.0038338559999999996;0.0022599680000000002;0.004488192;0.003641344;0.003542016;0.0027586560000000004;0.00247296;0.0029429759999999995;0.00288256;0.00267264;0.002006016;0.002195456;0.001457152;0.00059392;0.0007372800000000001;0.0011468799999999999;0.0009564160000000001;0.001078272;0.001189888;0.00059904;0.0006819840000000001;0.0008458240000000001;0.0007946240000000001;0.000644096;0.000528384;0.000432128;0.000494592;0.000531456;0.000518144;0.000329728;0.000274432;0.000173056;0.000224256;0.000278528;0.000252928;0.000256;0.000268288;0.00027033600000000004;0.000303104;0.000321536;0.000246784;0.00022016;0.000217088;0.000284672;0.000277504;0.000315392;0.000233472;0.000351232;0.00046080000000000003;0.000323584;0.00024063999999999997;0.000251904;0.000246784;0.000175104;0.00018124799999999998
1789650900,hdr,0.0293;0.03906;0.04883;0.05859;0.06836;0.07813;0.08789;0.09766;0.10742;0.11719;0.12695;0.13672;0.14648;0.15625;0.16602;0.17578;0.18555;0.19531;0.20508;0.21484;0.22461;0.23438;0.24414;0.25391;0.26367;0.27344;0.2832;0.29297;0.30273;0.3125;0.32227;0.33203;0.3418;0.35156;0.36133;0.37109;0.38086;0.39063;0.40039;0.41016;0.41992;0.42969;0.43945;0.44922;0.45898;0.46875;0.47852;0.48828;0.49805;0.50781;0.51758;0.52734;0.53711;0.54688;0.55664;0.56641;0.57617;0.58594;0.5957;0.60547;0.61523;0.625;0.63477;0.64453;0.6543;0.66406;0.67383;0.68359;0.69336;0.70313;0.71289;0.72266;0.73242;0.74219;0.75195;0.76172;0.77148;0.78125;0.79102,0.00031232;0.000485376;0.0008202239999999999;0.00277504;0.023339007999999998;0.03253248;0.006905856;0.006255616;0.027184128000000002;0.07474175999999999;0.094460928;0.047596544000000005;0.035288064;0.035722239999999995;0.030368768;0.030701568000000002;0.023254016;0.010652672;0.00771584;0.008873984;0.009249792;0.00899584;0.005132288;0.0060856320000000005;0.006284288000000001;0.004972544;0.004907008;0.00395264;0.00499712;0.0049408;0.003013632;0.002045952;0.0017663999999999998;0.001752064;0.001974272;0.001388544;0.0010373119999999999;0.001092608;0.00200192;0.0010803199999999998;0.001195008;0.0015616000000000002;0.001891328;0.001727488;0.0009984;0.00048742400000000003;0.0007884799999999999;0.000661504;0.000510976;0.000489472;0.000743424;0.0005416959999999999;0.00036761599999999997;0.000229376;0.000449536;0.00040448000000000003;0.00037888;0.000351232;0.000248832;0.00030003200000000004;0.00044339199999999997;0.000331776;0.00041984;0.00028671999999999997;0.000259072;0.00029900799999999997;0.00024063999999999997;0.00017408000000000001;0.000190464;0.000176128;0.000226304;0.00020172799999999998;0.000113664;0.0001536;0.000144384;0.000134144;0.000183296;0.00019968;0.00023244799999999998
1789651800,hdr,0.0293;0.03906;0.04883;0.05859;0.06836;0.07813;0.08789;0.09766;0.10742;0.11719;0.12695;0.13672;0.14648;0.15625;0.16602;0.17578;0.18555;0.19531;0.20508;0.21484;0.22461;0.23438;0.24414;0.25391;0.26367;0.27344;0.2832;0.29297;0.30273;0.3125;0.32227;0.33203;0.3418;0.35156;0.36133;0.37109;0.38086;0.39063;0.40039;0.41016;0.41992;0.42969;0.43945;0.44922;0.45898;0.46875;0.47852;0.48828;0.49805;0.50781;0.51758;0.52734;0.53711;0.54688;0.55664;0.56641;0.57617;0.58594;0.5957;0.60547;0.61523;0.625;0.63477;0.64453;0.6543;0.66406;0.67383;0.68359;0.69336;0.70313;0.71289;0.72266;0.73242;0.74219;0.75195;0.76172;0.77148;0.78125;0.79102,0.000197632;0.000207872;0.000715776;0.0024064;0.014313472000000002;0.046691328000000004;0.025977856;0.010225664;0.013714432;0.054578176;0.105039872;0.058913792;0.0369408;0.024459263999999998;0.03177984;0.026945536;0.017690624;0.01112064;0.007412736;0.005434368;0.007824384;0.006687744000000001;0.005262336;0.004620288;0.003584;0.00339968;0.0036270079999999997;0.0027566080000000002;0.0033228800000000003;0.004825088;0.005006336;0.002972672;0.0030197759999999996;0.003460096;0.003069952;0.003718144;0.003700736;0.003377152;0.003035136;0.00312832;0.00171008;0.001214464;0.0009717759999999999;0.000861184;0.001304576;0.0012288;0.001130496;0.0008222720000000001;0.0008089600000000001;0.000720896;0.0005560319999999999;0.000384;0.000347136;0.000576512;0.000555008;0.000350208;0.000372736;0.000411648;0.00036249599999999997;0.000497664;0.000347136;0.00029388799999999996;0.00031232;0.00041984;0.00028774400000000004;0.00022323200000000002;0.000262144;0.00022528;0.000196608;0.00021504000000000003;0.000210944;0.000224256;0.000195584;0.000125952;0.000124928;0.000162816;0.000132096;0.00013516800000000002;0.000131072
1789652700,hdr,0.0293;0.03906;0.04883;0.05859;0.06836;0.07813;0.08789;0.09766;0.10742;0.11719;0.12695;0.13672;0.14648;0.15625;0.16602;0.17578;0.18555;0.19531;0.20508;0.21484;0.22461;0.23438;0.24414;0.25391;0.26367;0.27344;0.2832;0.29297;0.30273;0.3125;0.32227;0.33203;0.3418;0.35156;0.36133;0.37109;0.38086;0.39063;0.40039;0.41016;0.41992;0.42969;0.43945;0.44922;0.45898;0.46875;0.47852;0.48828;0.49805;0.50781;0.51758;0.52734;0.53711;0.54688;0.55664;0.56641;0.57617;0.58594;0.5957;0.60547;0.61523;0.625;0.63477;0.64453;0.6543;0.66406;0.67383;0.68359;0.69336;0.70313;0.71289;0.72266;0.73242;0.74219;0.75195;0.76172;0.77148;0.78125;0.79102,0.00028671999999999997;0.00064;0.001944576;0.007912448;0.018418688;0.019618815999999997;0.011194368;0.005475328000000001;0.00925696;0.05104435200000001;0.12416102400000001;0.09633689599999999;0.03516928;0.069215232;0.033045504;0.01683968;0.02492416;0.018715648;0.014124032;0.008441856;0.005429248;0.007599104;0.010906624000000002;0.009474048;0.006618112;0.004432896;0.0036966399999999997;0.004020223999999999;0.004430848;0.003565568;0.003204096;0.002793472;0.001436672;0.001087488;0.001590272;0.00123392;0.001281024;0.001837056;0.001672192;0.000887808;0.0005601279999999999;0.000646144;0.000826368;0.0015697920000000002;0.0014028799999999998;0.0006891520000000001;0.0005478400000000001;0.0007423999999999999;0.000840704;0.0006850560000000001;0.00059904;0.000636928;0.000970752;0.000955392;0.000715776;0.000415744;0.000259072;0.00026112;0.000277504;0.000310272;0.000256;0.00024780799999999997;0.000252928;0.000260096;0.000313344;0.000351232;0.000244736;0.000262144;0.00012185600000000001;0.00019865600000000002;0.000262144;0.000283648;0.00020377600000000002;0.000272384;0.00024063999999999997;0.00017715200000000003;0.00016384;0.00023654400000000002;0.00015052799999999998
1789653600,hdr,0.0293;0.03906;0.04883;0.05859;0.06836;0.07813;0.08789;0.09766;0.10742;0.11719;0.12695;0.13672;0.14648;0.15625;0.16602;0.17578;0.18555;0.19531;0.20508;0.21484;0.22461;0.23438;0.24414;0.25391;0.26367;0.27344;0.2832;0.29297;0.30273;0.3125;0.32227;0.33203;0.3418;0.35156;0.36133;0.37109;0.38086;0.39063;0.40039;0.41016;0.41992;0.42969;0.43945;0.44922;0.45898;0.46875;0.47852;0.48828;0.49805;0.50781;0.51758;0.52734;0.53711;0.54688;0.55664;0.56641;0.57617;0.58594;0.5957;0.60547;0.61523;0.625;0.63477;0.64453;0.6543;0.66406;0.67383;0.68359;0.69336;0.70313;0.71289;0.72266;0.73242;0.74219;0.75195;0.76172;0.77148;0.78125;0.79102,0.0007014399999999999;0.000652288;0.000283648;0.006144;0.029805568;0.028618752;0.019920896;0.012982272000000001;0.016820223999999998;0.031699967999999995;0.044546048000000005;0.052684800000000004;0.049674239999999995;0.041521152;0.032277504;0.026846208000000003;0.017062912;0.013203455999999999;0.012162048;0.011415551999999999;0.010001408;0.005784576;0.00562688;0.006572032;0.00566272;0.0035788799999999996;0.003057664;0.00238592;0.002390016;0.00313856;0.0033802240000000002;0.0023552;0.00141824;0.002051072;0.001406976;0.0008663039999999999;0.001778688;0.001022976;0.0008089600000000001;0.001122304;0.000924672;0.0008192000000000001;0.000896;0.001257472;0.0007976959999999999;0.000738304;0.0006696959999999999;0.00080384;0.000909312;0.00089088;0.000720896;0.000610304;0.000538624;0.000512;0.00034099200000000003;0.000303104;0.00029388799999999996;0.000331776;0.00036147200000000005;0.000388096;0.000387072;0.000241664;0.00029388799999999996;0.000329728;0.000251904;0.00021299199999999998;0.00027648;0.000442368;0.000269312;0.000326656;0.00021401600000000003;0.000124928;0.00020275199999999997;0.00020889599999999997;0.00014335999999999998;0.000186368;0.00021401600000000003;0.000178176;0.000140288
1789654500,hdr,0.0293;0.03906;0.04883;0.05859;0.06836;0.07813;0.08789;0.09766;0.10742;0.11719;0.12695;0.13672;0.14648;0.15625;0.16602;0.17578;0.18555;0.19531;0.20508;0.21484;0.22461;0.23438;0.24414;0.25391;0.26367;0.27344;0.2832;0.29297;0.30273;0.3125;0.32227;0.33203;0.3418;0.35156;0.36133;0.37109;0.38086;0.39063;0.40039;0.41016;0.41992;0.42969;0.43945;0.44922;0.45898;0.46875;0.47852;0.48828;0.49805;0.50781;0.51758;0.52734;0.53711;0.54688;0.55664;0.56641;0.57617;0.58594;0.5957;0.60547;0.61523;0.625;0.63477;0.64453;0.6543;0.66406;0.67383;0.68359;0.69336;0.70313;0.71289;0.72266;0.73242;0.74219;0.75195;0.76172;0.77148;0.78125;0.79102,0.001108992;0.002072576;0.003069952;0.0028385280000000003;0.009160704000000002;0.0181504;0.008393728;0.005310464;0.010037248;0.033980416;0.117643264;0.125205504;0.058633216;0.05488128;0.034267136;0.016126975999999998;0.015932415999999998;0.013000704000000002;0.006841344;0.007787519999999999;0.004959232;0.005791744;0.004696064;0.004912128;0.002904064;0.0037396479999999995;0.006332416;0.003315712;0.0021002239999999995;0.001432576;0.00229888;0.00213504;0.001722368;0.0013404159999999999;0.001089536;0.001153024;0.001107968;0.0009912319999999999;0.001165312;0.00138752;0.001087488;0.0012462080000000002;0.00096768;0.001031168;0.0009256959999999999;0.000461824;0.000531456;0.000603136;0.000603136;0.000617472;0.000475136;0.000494592;0.000676864;0.0008222720000000001;0.000626688;0.00047718399999999996;0.0004352;0.00046080000000000003;0.00029696;0.00040550399999999994;0.000303104;0.000319488;0.000284672;0.000248832;0.00031232;0.000256;0.000277504;0.00033382400000000003;0.000251904;0.00020275199999999997;0.000195584;0.000313344;0.00022323200000000002;0.000183296;0.000152576;0.000124928;0.00010649599999999999;0.00017715200000000003;0.00017408000000000001
1789655400,hdr,0.0293;0.03906;0.04883;0.05859;0.06836;0.07813;0.08789;0.09766;0.10742;0.11719;0.12695;0.13672;0.14648;0.15625;0.16602;0.17578;0.18555;0.19531;0.20508;0.21484;0.22461;0.23438;0.24414;0.25391;0.26367;0.27344;0.2832;0.29297;0.30273;0.3125;0.32227;0.33203;0.3418;0.35156;0.36133;0.37109;0.38086;0.39063;0.40039;0.41016;0.41992;0.42969;0.43945;0.44922;0.45898;0.46875;0.47852;0.48828;0.49805;0.50781;0.51758;0.52734;0.53711;0.54688;0.55664;0.56641;0.57617;0.58594;0.5957;0.60547;0.61523;0.625;0.63477;0.64453;0.6543;0.66406;0.67383;0.68359;0.69336;0.70313;0.71289;0.72266;0.73242;0.74219;0.75195;0.76172;0.77148;0.78125;0.79102,0.000161792;0.00045056;0.00175104;0.0029880320000000003;0.013720576;0.03226624;0.02426368;0.012603392;0.011104256;0.032776192;0.078707712;0.084414464;0.030981119999999997;0.03116032;0.031898624;0.027158528;0.016096256;0.010801152;0.010288128;0.008132608;0.006045696000000001;0.005374976000000001;0.005537792;0.006842368;0.005771264;0.003724288;0.004514816;0.003913728;0.0032921599999999997;0.0024801280000000003;0.0025610240000000003;0.002308096;0.0014448640000000001;0.00178176;0.00182272;0.001615872;0.00131584;0.0012994559999999998;0.00104448;0.001137664;0.001010688;0.000671744;0.000652288;0.0008652800000000001;0.000867328;0.00041676800000000003;0.000548864;0.000871424;0.000927744;0.000745472;0.000663552;0.000582656;0.000436224;0.0006225919999999999;0.0004884479999999999;0.000565248;0.00036454399999999996;0.00033792;0.0004986880000000001;0.0003328;0.000321536;0.00020377600000000002;0.000248832;0.000372736;0.00033484799999999995;0.000264192;0.00023552000000000002;0.000175104;0.000152576;0.00010649599999999999;0.00023654400000000002;0.000268288;0.00013311999999999997;0.00020275199999999997;0.000237568;0.00019456;0.000108544;8.192e-05;0.000120832
1789656300,hdr,0.0293;0.03906;0.04883;0.05859;0.06836;0.07813;0.08789;0.09766;0.10742;0.11719;0.12695;0.13672;0.14648;0.15625;0.16602;0.17578;0.18555;0.19531;0.20508;0.21484;0.22461;0.23438;0.24414;0.25391;0.26367;0.27344;0.2832;0.29297;0.30273;0.3125;0.32227;0.33203;0.3418;0.35156;0.36133;0.37109;0.38086;0.39063;0.40039;0.41016;0.41992;0.42969;0.43945;0.44922;0.45898;0.46875;0.47852;0.48828;0.49805;0.50781;0.51758;0.52734;0.53711;0.54688;0.55664;0.56641;0.57617;0.58594;0.5957;0.60547;0.61523;0.625;0.63477;0.64453;0.6543;0.66406;0.67383;0.68359;0.69336;0.70313;0.71289;0.72266;0.73242;0.74219;0.75195;0.76172;0.77148;0.78125;0.79102,0.0006952960000000001;0.001688576;0.0030750720000000003;0.004209664;0.02031104;0.038380544;0.015571968;0.005579776;0.013669376;0.026948608;0.063030272;0.084952064;0.046236672;0.057407488;0.039702528;0.023762944;0.018737151999999997;0.024610815999999997;0.017841152000000002;0.008980479999999999;0.007374848;0.005106688;0.005177344;0.006279168000000001;0.0038492160000000004;0.0030832639999999996;0.0037027839999999998;0.004600831999999999;0.003868672;0.003207168;0.002835456;0.001809408;0.002251776;0.001795072;0.001119232;0.001400832;0.0014653440000000002;0.001519616;0.001562624;0.00128512;0.000912384;0.000878592;0.0010014719999999998;0.0008048640000000001;0.00091136;0.0007936;0.000659456;0.00046796800000000003;0.000415744;0.0007925759999999999;0.000868352;0.0010127360000000002;0.0006604799999999999;0.000513024;0.000688128;0.000601088;0.0005713920000000001;0.00044646400000000004;0.000468992;0.000380928;0.000420864;0.000451584;0.00043315199999999996;0.000372736;0.00030924800000000003;0.000282624;0.00029900799999999997;0.000288768;0.00023552000000000002;0.00018227199999999998;0.00024780799999999997;0.000253952;0.00027033600000000004;0.000252928;0.000141312;0.000141312;0.000108544;0.00020172799999999998;0.000172032
1789657200,hdr,0.0293;0.03906;0.04883;0.05859;0.06836;0.07813;0.08789;0.09766;0.10742;0.11719;0.12695;0.13672;0.14648;0.15625;0.16602;0.17578;0.18555;0.19531;0.20508;0.21484;0.22461;0.23438;0.24414;0.25391;0.26367;0.27344;0.2832;0.29297;0.30273;0.3125;0.32227;0.33203;0.3418;0.35156;0.36133;0.37109;0.38086;0.39063;0.40039;0.41016;0.41992;0.42969;0.43945;0.44922;0.45898;0.46875;0.47852;0.48828;0.49805;0.50781;0.51758;0.52734;0.53711;0.54688;0.55664;0.56641;0.57617;0.58594;0.5957;0.60547;0.61523;0.625;0.63477;0.64453;0.6543;0.66406;0.67383;0.68359;0.69336;0.70313;0.71289;0.72266;0.73242;0.74219;0.75195;0.76172;0.77148;0.78125;0.79102,0.004189184;0.007716864;0.005184512;0.0084224;0.027122688000000002;0.027670528000000003;0.0137728;0.009723903999999998;0.013366272;0.027206656;0.10583244800000001;0.097618944;0.050750464;0.042544127999999994;0.047806464;0.04176896;0.020140032000000002;0.01206272;0.012869631999999999;0.011993087999999999;0.01364992;0.008800256;0.00436736;0.0052019200000000005;0.004319232;0.003924992;0.003239936;0.004727808;0.003867648;0.002958336;0.004228096;0.003562496;0.001974272;0.00211456;0.0034334720000000003;0.004321279999999999;0.003493888;0.002295808;0.0011007999999999999;0.001186816;0.0008663039999999999;0.001400832;0.00091136;0.0006891520000000001;0.00052736;0.00037785600000000004;0.00040755200000000004;0.00037478399999999997;0.000436224;0.000502784;0.000544768;0.0006154239999999999;0.0005601279999999999;0.0007137280000000001;0.000771072;0.0005478400000000001;0.00049664;0.0006912;0.000475136;0.00036249599999999997;0.000390144;0.000504832;0.000390144;0.000331776;0.00046080000000000003;0.00047411199999999995;0.000274432;0.000268288;0.000439296;0.0005621760000000001;0.000420864;0.0003072;0.00024576000000000003;0.0003328;0.00024371200000000001;0.0001792;0.00024063999999999997;0.000248832;0.00033792
1789658100,hdr,0.0293;0.03906;0.04883;0.05859;0.06836;0.07813;0.08789;0.09766;0.10742;0.11719;0.12695;0.13672;0.14648;0.15625;0.16602;0.17578;0.18555;0.19531;0.20508;0.21484;0.22461;0.23438;0.24414;0.25391;0.26367;0.27344;0.2832;0.29297;0.30273;0.3125;0.32227;0.33203;0.3418;0.35156;0.36133;0.37109;0.38086;0.39063;0.40039;0.41016;0.41992;0.42969;0.43945;0.44922;0.45898;0.46875;0.47852;0.48828;0.49805;0.50781;0.51758;0.52734;0.53711;0.54688;0.55664;0.56641;0.57617;0.58594;0.5957;0.60547;0.61523;0.625;0.63477;0.64453;0.6543;0.66406;0.67383;0.68359;0.69336;0.70313;0.71289;0.72266;0.73242;0.74219;0.75195;0.76172;0.77148;0.78125;0.79102,0.003939328;0.007375872;0.008301567999999999;0.005198848;0.015578112000000002;0.024353792;0.017787904000000004;0.00924672;0.012551168;0.028226559999999998;0.063473664;0.07594291200000002;0.047963135999999996;0.028685311999999998;0.021483519999999996;0.02244096;0.015282176;0.009740288;0.011252736000000001;0.007181312;0.006433792000000001;0.006732800000000001;0.004260864;0.0035072000000000002;0.00441856;0.005860352;0.005985280000000001;0.004221952;0.00339456;0.003405824;0.0019824639999999998;0.0020951040000000004;0.002221056;0.0018012159999999998;0.0018923520000000001;0.001903616;0.0023439359999999996;0.0022302719999999997;0.001301504;0.001301504;0.001176576;0.001058816;0.000809984;0.000616448;0.000613376;0.000553984;0.000548864;0.000719872;0.000690176;0.000704512;0.00046080000000000003;0.00035942400000000006;0.000432128;0.00037478399999999997;0.00047616000000000005;0.0006123519999999999;0.0004956159999999999;0.00064512;0.00052224;0.000565248;0.000432128;0.00036761599999999997;0.00040550399999999994;0.000305152;0.000242688;0.00028671999999999997;0.00036864000000000005;0.00033484799999999995;0.000272384;0.00030412799999999997;0.00014540800000000003;0.000142336;0.000256;0.000256;0.00020172799999999998;0.000227328;0.000280576;0.000169984;0.00020275199999999997
1789659000,hdr,0.0293;0.03906;0.04883;0.05859;0.06836;0.07813;0.08789;0.09766;0.10742;0.11719;0.12695;0.13672;0.14648;0.15625;0.16602;0.17578;0.18555;0.19531;0.20508;0.21484;0.22461;0.23438;0.24414;0.25391;0.26367;0.27344;0.2832;0.29297;0.30273;0.3125;0.32227;0.33203;0.3418;0.35156;0.36133;0.37109;0.38086;0.39063;0.40039;0.41016;0.41992;0.42969;0.43945;0.44922;0.45898;0.46875;0.47852;0.48828;0.49805;0.50781;0.51758;0.52734;0.53711;0.54688;0.55664;0.56641;0.57617;0.58594;0.5957;0.60547;0.61523;0.625;0.63477;0.64453;0.6543;0.66406;0.67383;0.68359;0.69336;0.70313;0.71289;0.72266;0.73242;0.74219;0.75195;0.76172;0.77148;0.78125;0.79102,0.002200576;0.0023347199999999998;0.006605824000000001;0.012297216;0.030532608;0.037332991999999995;0.014418944;0.008614912;0.013499392;0.034331648;0.05428224;0.07452672;0.052846592000000005;0.027321344;0.021101567999999998;0.019050496;0.013304831999999999;0.008766464;0.008296448;0.006535168;0.004211712;0.003654656;0.00573952;0.004603904000000001;0.005966848;0.005623808;0.0025825279999999997;0.002011136;0.0022374400000000003;0.001711104;0.00180736;0.002614272;0.002820096;0.00334848;0.0021862400000000003;0.001933312;0.002458624;0.004464640000000001;0.004047872;0.002494464;0.0042035200000000005;0.002809856;0.0026327039999999996;0.00359936;0.003365888;0.0021903359999999998;0.001683456;0.0014817279999999999;0.001384448;0.00109056;0.001010688;0.0009543679999999999;0.000723968;0.0008304639999999999;0.000582656;0.000386048;0.000652288;0.0006789119999999999;0.000492544;0.000567296;0.000719872;0.0005621760000000001;0.000315392;0.0005601279999999999;0.0006993920000000001;0.000763904;0.0007413760000000001;0.0006021119999999999;0.00039731200000000003;0.0007075839999999999;0.000787456;0.0005734399999999999;0.000387072;0.000557056;0.00029798400000000005;0.00040960000000000004;0.0005416959999999999;0.000468992;0.00030617599999999996
1789659900,hdr,0.0293;0.03906;0.04883;0.05859;0.06836;0.07813;0.08789;0.09766;0.10742;0.11719;0.12695;0.13672;0.14648;0.15625;0.16602;0.17578;0.18555;0.19531;0.20508;0.21484;0.22461;0.23438;0.24414;0.25391;0.26367;0.27344;0.2832;0.29297;0.30273;0.3125;0.32227;0.33203;0.3418;0.35156;0.36133;0.37109;0.38086;0.39063;0.40039;0.41016;0.41992;0.42969;0.43945;0.44922;0.45898;0.46875;0.47852;0.48828;0.49805;0.50781;0.51758;0.52734;0.53711;0.54688;0.55664;0.56641;0.57617;0.58594;0.5957;0.60547;0.61523;0.625;0.63477;0.64453;0.6543;0.66406;0.67383;0.68359;0.69336;0.70313;0.71289;0.72266;0.73242;0.74219;0.75195;0.76172;0.77148;0.78125;0.79102,0.003204096;0.012120063999999998;0.008327168;0.008762368;0.022673408;0.02284032;0.012683264;0.007790592000000001;0.009229312;0.019131392000000004;0.050153472000000004;0.099011584;0.064812032;0.031064064;0.019499008;0.0206848;0.017701888;0.018783232;0.012157952;0.0055951360000000006;0.006353919999999999;0.004743168;0.006110208000000001;0.006331392;0.005429248;0.003922944;0.002886656;0.00278016;0.003299328;0.003183616;0.0024002560000000004;0.001077248;0.0020910079999999997;0.0023265280000000004;0.001692672;0.000970752;0.0008744960000000001;0.0007936;0.0013639680000000001;0.001435648;0.001286144;0.0010291200000000001;0.0015677439999999998;0.0015144960000000002;0.00064512;0.00098816;0.0008335360000000001;0.000582656;0.000565248;0.000903168;0.001426432;0.001507328;0.0012994559999999998;0.0007372800000000001;0.0005754880000000001;0.00062976;0.000791552;0.0008560640000000001;0.000823296;0.000868352;0.000620544;0.0005754880000000001;0.0007290879999999999;0.0007014399999999999;0.0005376000000000001;0.00033484799999999995;0.000324608;0.00044339199999999997;0.00036966399999999996;0.000520192;0.000412672;0.00040960000000000004;0.00039219200000000003;0.000308224;0.00025497599999999997;0.000228352;0.00041676800000000003;0.000352256;0.000190464
1789660800,hdr,0.0293;0.03906;0.04883;0.05859;0.06836;0.07813;0.08789;0.09766;0.10742;0.11719;0.12695;0.13672;0.14648;0.15625;0.16602;0.17578;0.18555;0.19531;0.20508;0.21484;0.22461;0.23438;0.24414;0.25391;0.26367;0.27344;0.2832;0.29297;0.30273;0.3125;0.32227;0.33203;0.3418;0.35156;0.36133;0.37109;0.38086;0.39063;0.40039;0.41016;0.41992;0.42969;0.43945;0.44922;0.45898;0.46875;0.47852;0.48828;0.49805;0.50781;0.51758;0.52734;0.53711;0.54688;0.55664;0.56641;0.57617;0.58594;0.5957;0.60547;0.61523;0.625;0.63477;0.64453;0.6543;0.66406;0.67383;0.68359;0.69336;0.70313;0.71289;0.72266;0.73242;0.74219;0.75195;0.76172;0.77148;0.78125;0.79102,0.0029184000000000002;0.004652032;0.0039055360000000003;0.0072785919999999995;0.017087488;0.02723328;0.015038464;0.012972032000000001;0.009954304;0.016256;0.048140288;0.061865984;0.037891072;0.033103872000000006;0.028870655999999998;0.018459648000000002;0.019739648;0.013534207999999999;0.010033152;0.009058304;0.006151168;0.0033382399999999997;0.003957759999999999;0.003540992;0.004581375999999999;0.004550656;0.00262656;0.0022784000000000003;0.003007488;0.002638848;0.002627584;0.002023424;0.0011407359999999998;0.001147904;0.0013475839999999998;0.001409024;0.0019230719999999998;0.0018278399999999998;0.001184768;0.0010291200000000001;0.001212416;0.0011427840000000002;0.001040384;0.000968704;0.0009768959999999999;0.0015144960000000002;0.001026048;0.000881664;0.00059904;0.0005376000000000001;0.00050688;0.000750592;0.0008458240000000001;0.000812032;0.0009216000000000001;0.0009697280000000001;0.000805888;0.0009758719999999999;0.001055744;0.0008591359999999999;0.000933888;0.001118208;0.001097728;0.000996352;0.0006021119999999999;0.000635904;0.000754688;0.000549888;0.0006676480000000001;0.000759808;0.0006952960000000001;0.000442368;0.00020377600000000002;0.00019968;0.00036147200000000005;0.000408576;0.000272384;0.000249856;0.000257024
1789661700,hdr,0.0293;0.03906;0.04883;0.05859;0.06836;0.07813;0.08789;0.09766;0.10742;0.11719;0.12695;0.13672;0.14648;0.15625;0.16602;0.17578;0.18555;0.19531;0.20508;0.21484;0.22461;0.23438;0.24414;0.25391;0.26367;0.27344;0.2832;0.29297;0.30273;0.3125;0.32227;0.33203;0.3418;0.35156;0.36133;0.37109;0.38086;0.39063;0.40039;0.41016;0.41992;0.42969;0.43945;0.44922;0.45898;0.46875;0.47852;0.48828;0.49805;0.50781;0.51758;0.52734;0.53711;0.54688;0.55664;0.56641;0.57617;0.58594;0.5957;0.60547;0.61523;0.625;0.63477;0.64453;0.6543;0.66406;0.67383;0.68359;0.69336;0.70313;0.71289;0.72266;0.73242;0.74219;0.75195;0.76172;0.77148;0.78125;0.79102,0.002936832;0.003864576;0.0037765119999999997;0.008373248;0.032681984;0.030021632000000003;0.011715584;0.005107712;0.011142144;0.027314176;0.0649216;0.091419648;0.07537561599999999;0.05883187199999999;0.033681407999999996;0.031842304;0.028464127999999998;0.017692672000000003;0.014760960000000002;0.013452287999999998;0.007616512000000001;0.007071744;0.0038871039999999997;0.0037683200000000003;0.0025835520000000002;0.00247296;0.0029634559999999997;0.0023439359999999996;0.00239104;0.0018135039999999999;0.002515968;0.00357376;0.0039495680000000005;0.0038297599999999998;0.0038594560000000003;0.00319488;0.00288256;0.0017643519999999998;0.0021821440000000004;0.0018923520000000001;0.0016148479999999999;0.002067456;0.001659904;0.0012544;0.001101824;0.000386048;0.0007884799999999999;0.00080384;0.000765952;0.000733184;0.000979968;0.001212416;0.000966656;0.0012113920000000002;0.0013240320000000002;0.0013312;0.0012789759999999998;0.000873472;0.0006737919999999999;0.00103424;0.0013475839999999998;0.001282048;0.000825344;0.000736256;0.0009543679999999999;0.001089536;0.000868352;0.0006830079999999999;0.00068608;0.0005416959999999999;0.0005642239999999999;0.0004986880000000001;0.000380928;0.000352256;0.00043315199999999996;0.00034304;0.000218112;0.00020480000000000002;0.000227328
1789662600,hdr,0.0293;0.03906;0.04883;0.05859;0.06836;0.07813;0.08789;0.09766;0.10742;0.11719;0.12695;0.13672;0.14648;0.15625;0.16602;0.17578;0.18555;0.19531;0.20508;0.21484;0.22461;0.23438;0.24414;0.25391;0.26367;0.27344;0.2832;0.29297;0.30273;0.3125;0.32227;0.33203;0.3418;0.35156;0.36133;0.37109;0.38086;0.39063;0.40039;0.41016;0.41992;0.42969;0.43945;0.44922;0.45898;0.46875;0.47852;0.48828;0.49805;0.50781;0.51758;0.52734;0.53711;0.54688;0.55664;0.56641;0.57617;0.58594;0.5957;0.60547;0.61523;0.625;0.63477;0.64453;0.6543;0.66406;0.67383;0.68359;0.69336;0.70313;0.71289;0.72266;0.73242;0.74219;0.75195;0.76172;0.77148;0.78125;0.79102,0.008624128;0.012142592;0.008804352;0.0049080320000000005;0.012136448000000001;0.019334144;0.010845183999999999;0.010236928;0.014772224;0.022413312;0.061841408;0.10527436800000001;0.120684544;0.063899648;0.034506752;0.02350592;0.020176896;0.011382784;0.012289023999999999;0.008374271999999999;0.008757248000000002;0.005180416;0.003521536;0.00288256;0.002725888;0.0028620800000000004;0.002312192;0.001936384;0.002110464;0.0023941119999999995;0.00137216;0.0012953600000000002;0.0013475839999999998;0.0011284479999999998;0.0015667199999999997;0.001636352;0.001441792;0.00157184;0.0022026240000000002;0.002275328;0.001436672;0.0011284479999999998;0.0011776;0.000818176;0.0008212479999999999;0.001362944;0.0012185600000000003;0.001286144;0.001098752;0.001117184;0.0009216000000000001;0.000801792;0.0009400319999999999;0.000919552;0.00085504;0.000694272;0.000646144;0.000743424;0.000889856;0.0009943039999999999;0.000805888;0.000809984;0.001035264;0.0015185919999999998;0.001220608;0.000638976;0.0005898240000000001;0.000953344;0.0009768959999999999;0.000679936;0.000648192;0.001079296;0.000896;0.00040243200000000004;0.000352256;0.000314368;0.00040448000000000003;0.000489472;0.00031232
1789663500,hdr,0.0293;0.03906;0.04883;0.05859;0.06836;0.07813;0.08789;0.09766;0.10742;0.11719;0.12695;0.13672;0.14648;0.15625;0.16602;0.17578;0.18555;0.19531;0.20508;0.21484;0.22461;0.23438;0.24414;0.25391;0.26367;0.27344;0.2832;0.29297;0.30273;0.3125;0.32227;0.33203;0.3418;0.35156;0.36133;0.37109;0.38086;0.39063;0.40039;0.41016;0.41992;0.42969;0.43945;0.44922;0.45898;0.46875;0.47852;0.48828;0.49805;0.50781;0.51758;0.52734;0.53711;0.54688;0.55664;0.56641;0.57617;0.58594;0.5957;0.60547;0.61523;0.625;0.63477;0.64453;0.6543;0.66406;0.67383;0.68359;0.69336;0.70313;0.71289;0.72266;0.73242;0.74219;0.75195;0.76172;0.77148;0.78125;0.79102,0.003680256;0.007182336;0.006508544;0.008389632000000001;0.018996224000000003;0.014375935999999999;0.009940992000000001;0.01071616;0.013401088;0.023037952;0.03480985600000001;0.082056192;0.070646784;0.032963584;0.035051519999999996;0.027008;0.023214079999999998;0.014708736;0.007816192;0.008187904;0.00619008;0.003969024;0.004802559999999999;0.004353024;0.004560896;0.004788223999999999;0.003290112;0.0026112;0.00318464;0.00232448;0.0021893120000000005;0.00206848;0.001651712;0.001476608;0.001850368;0.001750016;0.00159744;0.001106944;0.001468416;0.001580032;0.001384448;0.001098752;0.0014632959999999998;0.001662976;0.0011755519999999998;0.001138688;0.00074752;0.0006963200000000001;0.0009912319999999999;0.00187904;0.001941504;0.0016916480000000002;0.0020162559999999997;0.002084864;0.0018442240000000002;0.002036736;0.0019968;0.001579008;0.0015206400000000002;0.002276352;0.002445312;0.0011356159999999999;0.00110592;0.001498112;0.001425408;0.0014028799999999998;0.0014274560000000001;0.0009482239999999999;0.00089088;0.000882688;0.000692224;0.000896;0.0006000640000000001;0.00040345599999999995;0.00044544;0.000466944;0.0005099519999999999;0.000427008;0.000303104
1789664400,hdr,0.0293;0.03906;0.04883;0.05859;0.06836;0.07813;0.08789;0.09766;0.10742;0.11719;0.12695;0.13672;0.14648;0.15625;0.16602;0.17578;0.18555;0.19531;0.20508;0.21484;0.22461;0.23438;0.24414;0.25391;0.26367;0.27344;0.2832;0.29297;0.30273;0.3125;0.32227;0.33203;0.3418;0.35156;0.36133;0.37109;0.38086;0.39063;0.40039;0.41016;0.41992;0.42969;0.43945;0.44922;0.45898;0.46875;0.47852;0.48828;0.49805;0.50781;0.51758;0.52734;0.53711;0.54688;0.55664;0.56641;0.57617;0.58594;0.5957;0.60547;0.61523;0.625;0.63477;0.64453;0.6543;0.66406;0.67383;0.68359;0.69336;0.70313;0.71289;0.72266;0.73242;0.74219;0.75195;0.76172;0.77148;0.78125;0.79102,0.008767487999999999;0.012341247999999999;0.007624704;0.008511488;0.018347007999999998;0.020895743999999997;0.013130751999999999;0.010437632000000002;0.011495423999999999;0.021219328000000003;0.039150592000000005;0.053203968;0.058285055999999995;0.032789504000000004;0.022421504;0.017841152000000002;0.017481728;0.017486848;0.016027648;0.015126528;0.014982144000000001;0.0037222400000000004;0.0046223359999999995;0.004887552000000001;0.0042035200000000005;0.003216384;0.003100672;0.002880512;0.0033341440000000003;0.002441216;0.0021288960000000003;0.001486848;0.001645568;0.0017479680000000001;0.0024156159999999998;0.001451008;0.0007833599999999999;0.000868352;0.000764928;0.000531456;0.000717824;0.0008192000000000001;0.000750592;0.001042432;0.0011509760000000002;0.0011284479999999998;0.001967104;0.001635328;0.001404928;0.0011356159999999999;0.00113152;0.001605632;0.001358848;0.0015185919999999998;0.003924992;0.005143552;0.0026245120000000003;0.001639424;0.0012318720000000002;0.001289216;0.00209408;0.002455552;0.001550336;0.001805312;0.001523712;0.001074176;0.001048576;0.0005560319999999999;0.000535552;0.00064512;0.0006225919999999999;0.000550912;0.000339968;0.000279552;0.00028569600000000005;0.0005007359999999999;0.0005621760000000001;0.000641024;0.00048127999999999995
1789665300,hdr,0.0293;0.03906;0.04883;0.05859;0.06836;0.07813;0.08789;0.09766;0.10742;0.11719;0.12695;0.13672;0.14648;0.15625;0.16602;0.17578;0.18555;0.19531;0.20508;0.21484;0.22461;0.23438;0.24414;0.25391;0.26367;0.27344;0.2832;0.29297;0.30273;0.3125;0.32227;0.33203;0.3418;0.35156;0.36133;0.37109;0.38086;0.39063;0.40039;0.41016;0.41992;0.42969;0.43945;0.44922;0.45898;0.46875;0.47852;0.48828;0.49805;0.50781;0.51758;0.52734;0.53711;0.54688;0.55664;0.56641;0.57617;0.58594;0.5957;0.60547;0.61523;0.625;0.63477;0.64453;0.6543;0.66406;0.67383;0.68359;0.69336;0.70313;0.71289;0.72266;0.73242;0.74219;0.75195;0.76172;0.77148;0.78125;0.79102,0.007913472;0.00837632;0.008268800000000001;0.008446975999999998;0.013307904;0.008761343999999999;0.0056555519999999995;0.009218048;0.014400512;0.026354687999999998;0.043808768000000005;0.09477529600000001;0.10290073599999999;0.055136256;0.037729280000000004;0.033847296;0.013816832000000001;0.017954816000000002;0.014956544;0.008252416;0.005977087999999999;0.00559616;0.005577727999999999;0.004031488000000001;0.0045199360000000004;0.004453375999999999;0.004430848;0.0027842559999999997;0.001944576;0.002221056;0.0019128320000000002;0.002038784;0.0010752000000000001;0.0013056;0.0018831359999999999;0.0010956800000000001;0.0009973760000000001;0.001026048;0.001220608;0.0009758719999999999;0.001344512;0.001401856;0.0011509760000000002;0.000873472;0.000698368;0.0011632640000000002;0.0010086399999999999;0.0007772160000000001;0.0012789759999999998;0.00119296;0.000955392;0.000613376;0.0005601279999999999;0.0006819840000000001;0.00077312;0.001313792;0.001147904;0.000786432;0.000852992;0.000924672;0.001057792;0.001193984;0.00149504;0.001212416;0.000979968;0.0008458240000000001;0.000908288;0.0007086080000000001;0.000623616;0.000796672;0.000896;0.000712704;0.000642048;0.000461824;0.000447488;0.00034099200000000003;0.000318464;0.000346112;0.00036352
1789666200,hdr,0.0293;0.03906;0.04883;0.05859;0.06836;0.07813;0.08789;0.09766;0.10742;0.11719;0.12695;0.13672;0.14648;0.15625;0.16602;0.17578;0.18555;0.19531;0.20508;0.21484;0.22461;0.23438;0.24414;0.25391;0.26367;0.27344;0.2832;0.29297;0.30273;0.3125;0.32227;0.33203;0.3418;0.35156;0.36133;0.37109;0.38086;0.39063;0.40039;0.41016;0.41992;0.42969;0.43945;0.44922;0.45898;0.46875;0.47852;0.48828;0.49805;0.50781;0.51758;0.52734;0.53711;0.54688;0.55664;0.56641;0.57617;0.58594;0.5957;0.60547;0.61523;0.625;0.63477;0.64453;0.6543;0.66406;0.67383;0.68359;0.69336;0.70313;0.71289;0.72266;0.73242;0.74219;0.75195;0.76172;0.77148;0.78125;0.79102,0.005362688;0.00573952;0.009675776000000002;0.007627776;0.01767424;0.019600384;0.007386112;0.010256384;0.015666176;0.029627392;0.063080448;0.077014016;0.10119372799999998;0.082735104;0.027645952;0.02509824;0.016282624;0.010563584;0.015232;0.011958271999999999;0.009885696;0.006368255999999999;0.004373504;0.004381696;0.0036392959999999998;0.00267264;0.002108416;0.00244736;0.0026327039999999996;0.0026234879999999998;0.0026685439999999997;0.002568192;0.003067904;0.003350528;0.004001792;0.003255296;0.0029337599999999997;0.0032942079999999994;0.004921344;0.0045475839999999995;0.003351552;0.00273408;0.0013926400000000001;0.0013506560000000002;0.0016691199999999998;0.001057792;0.001317888;0.0013660159999999998;0.0010250239999999998;0.0005816320000000001;0.00054272;0.000871424;0.0011776;0.001302528;0.00109056;0.000813056;0.001503232;0.001467392;0.0011243520000000001;0.002066432;0.001680384;0.000953344;0.0010803199999999998;0.001166336;0.000790528;0.00065536;0.000661504;0.0009523200000000001;0.000760832;0.000623616;0.000646144;0.00067584;0.000521216;0.000516096;0.000567296;0.000644096;0.000550912;0.000391168;0.000420864
1789667100,hdr,0.0293;0.03906;0.04883;0.05859;0.06836;0.07813;0.08789;0.09766;0.10742;0.11719;0.12695;0.13672;0.14648;0.15625;0.16602;0.17578;0.18555;0.19531;0.20508;0.21484;0.22461;0.23438;0.24414;0.25391;0.26367;0.27344;0.2832;0.29297;0.30273;0.3125;0.32227;0.33203;0.3418;0.35156;0.36133;0.37109;0.38086;0.39063;0.40039;0.41016;0.41992;0.42969;0.43945;0.44922;0.45898;0.46875;0.47852;0.48828;0.49805;0.50781;0.51758;0.52734;0.53711;0.54688;0.55664;0.56641;0.57617;0.58594;0.5957;0.60547;0.61523;0.625;0.63477;0.64453;0.6543;0.66406;0.67383;0.68359;0.69336;0.70313;0.71289;0.72266;0.73242;0.74219;0.75195;0.76172;0.77148;0.78125;0.79102,0.010547200000000001;0.019056640000000003;0.017265664;0.016612352000000004;0.019217408;0.02749952;0.016232448000000003;0.011021312;0.016408576;0.045086720000000004;0.065956864;0.07729356799999999;0.08497868800000001;0.067775488;0.029764608;0.028153856;0.026674176;0.020680703999999998;0.016769024;0.01367552;0.005075968;0.007512064;0.008243200000000001;0.004896768;0.0056975360000000004;0.006016;0.005476352000000001;0.004764671999999999;0.004252672;0.003129344;0.003305472;0.002573312;0.001380352;0.001769472;0.0018360320000000002;0.001416192;0.0019128320000000002;0.00233984;0.001560576;0.001618944;0.001052672;0.0012523519999999998;0.001446912;0.0020254720000000004;0.002330624;0.0019455999999999998;0.001523712;0.001099776;0.0008488959999999999;0.00126976;0.0013783040000000001;0.000995328;0.00052736;0.0005580800000000001;0.000978944;0.000917504;0.000987136;0.0011735040000000001;0.0017858560000000002;0.000990208;0.000545792;0.000852992;0.000990208;0.0012185600000000003;0.001181696;0.0005232639999999998;0.001038336;0.000843776;0.000825344;0.000979968;0.0008744960000000001;0.0006574080000000001;0.00040448000000000003;0.000605184;0.000723968;0.000497664;0.000379904;0.00030617599999999996;0.000284672
1789668000,hdr,0.0293;0.03906;0.04883;0.05859;0.06836;0.07813;0.08789;0.09766;0.10742;0.11719;0.12695;0.13672;0.14648;0.15625;0.16602;0.17578;0.18555;0.19531;0.20508;0.21484;0.22461;0.23438;0.24414;0.25391;0.26367;0.27344;0.2832;0.29297;0.30273;0.3125;0.32227;0.33203;0.3418;0.35156;0.36133;0.37109;0.38086;0.39063;0.40039;0.41016;0.41992;0.42969;0.43945;0.44922;0.45898;0.46875;0.47852;0.48828;0.49805;0.50781;0.51758;0.52734;0.53711;0.54688;0.55664;0.56641;0.57617;0.58594;0.5957;0.60547;0.61523;0.625;0.63477;0.64453;0.6543;0.66406;0.67383;0.68359;0.69336;0.70313;0.71289;0.72266;0.73242;0.74219;0.75195;0.76172;0.77148;0.78125;0.79102,0.008166399999999999;0.014521343999999999;0.016986111999999998;0.013714432;0.021243904;0.018589696;0.007705599999999999;0.01301504;0.021931008;0.036713472000000004;0.045005824;0.080763904;0.09966796800000001;0.056552448;0.036914176;0.0239104;0.032592896;0.025652224;0.021420032;0.013634560000000002;0.009914368;0.003432448;0.0026900479999999996;0.0027729919999999997;0.003575808;0.004737024;0.0036382720000000006;0.003163136;0.00370176;0.004108288;0.003549184;0.003171328;0.001878016;0.0038338559999999996;0.005643264;0.0031406079999999996;0.002185216;0.001783808;0.001685504;0.001563648;0.001615872;0.001168384;0.0010455039999999998;0.001273856;0.0010680320000000002;0.000694272;0.000423936;0.000756736;0.000671744;0.0011284479999999998;0.001176576;0.000812032;0.000664576;0.00073216;0.0007372800000000001;0.0006952960000000001;0.001257472;0.001937408;0.001227776;0.000843776;0.0009318400000000001;0.000842752;0.0006656;0.000775168;0.00085504;0.000995328;0.00084992;0.0006850560000000001;0.000805888;0.000776192;0.000796672;0.001042432;0.000837632;0.0007055360000000001;0.000576512;0.000395264;0.0005744639999999999;0.0005560319999999999;0.000648192
1789668900,hdr,0.0293;0.03906;0.04883;0.05859;0.06836;0.07813;0.08789;0.09766;0.10742;0.11719;0.12695;0.13672;0.14648;0.15625;0.16602;0.17578;0.18555;0.19531;0.20508;0.21484;0.22461;0.23438;0.24414;0.25391;0.26367;0.27344;0.2832;0.29297;0.30273;0.3125;0.32227;0.33203;0.3418;0.35156;0.36133;0.37109;0.38086;0.39063;0.40039;0.41016;0.41992;0.42969;0.43945;0.44922;0.45898;0.46875;0.47852;0.48828;0.49805;0.50781;0.51758;0.52734;0.53711;0.54688;0.55664;0.56641;0.57617;0.58594;0.5957;0.60547;0.61523;0.625;0.63477;0.64453;0.6543;0.66406;0.67383;0.68359;0.69336;0.70313;0.71289;0.72266;0.73242;0.74219;0.75195;0.76172;0.77148;0.78125;0.79102,0.004302848;0.008345599999999998;0.00980992;0.012110848;0.015831039999999998;0.017968128;0.0086784;0.008873984;0.019719168000000002;0.037925888;0.071250944;0.101061632;0.085820416;0.08711475199999999;0.062219264;0.045427712;0.030538752;0.020559872;0.013159424;0.008114176;0.0077690879999999995;0.008712191999999999;0.004580352000000001;0.002748416;0.003293184;0.002556928;0.002269184;0.003613696;0.003590144;0.0015616000000000002;0.00111104;0.001789952;0.001583104;0.00110592;0.001084416;0.0010496000000000001;0.001134592;0.0015738879999999998;0.001926144;0.0006932479999999999;0.0011202559999999998;0.00105472;0.0012523519999999998;0.000766976;0.001102848;0.001026048;0.0010608640000000001;0.000871424;0.000990208;0.001199104;0.0007280640000000001;0.000303104;0.000628736;0.0008151040000000001;0.000894976;0.0008089600000000001;0.000535552;0.0006092800000000001;0.000628736;0.0005099519999999999;0.0005580800000000001;0.000790528;0.0009297919999999999;0.0006850560000000001;0.0007280640000000001;0.0005959680000000001;0.0006000640000000001;0.000979968;0.0011509760000000002;0.001033216;0.000873472;0.0008110079999999999;0.001062912;0.000730112;0.000787456;0.0012687360000000001;0.000964608;0.00067584;0.0007106559999999999
1789669800,hdr,0.0293;0.03906;0.04883;0.05859;0.06836;0.07813;0.08789;0.09766;0.10742;0.11719;0.12695;0.13672;0.14648;0.15625;0.16602;0.17578;0.18555;0.19531;0.20508;0.21484;0.22461;0.23438;0.24414;0.25391;0.26367;0.27344;0.2832;0.29297;0.30273;0.3125;0.32227;0.33203;0.3418;0.35156;0.36133;0.37109;0.38086;0.39063;0.40039;0.41016;0.41992;0.42969;0.43945;0.44922;0.45898;0.46875;0.47852;0.48828;0.49805;0.50781;0.51758;0.52734;0.53711;0.54688;0.55664;0.56641;0.57617;0.58594;0.5957;0.60547;0.61523;0.625;0.63477;0.64453;0.6543;0.66406;0.67383;0.68359;0.69336;0.70313;0.71289;0.72266;0.73242;0.74219;0.75195;0.76172;0.77148;0.78125;0.79102,0.005399551999999999;0.007907328;0.0050155519999999995;0.0066437119999999995;0.020960256;0.028546047999999997;0.012744703999999999;0.015659008;0.034811904;0.047850496;0.079153152;0.11193446400000001;0.105212928;0.07031398400000001;0.041987072;0.034075648;0.02203136;0.021383168;0.022052864000000002;0.018664448;0.014168064;0.007719935999999999;0.003625984;0.0025384959999999995;0.00239104;0.001646592;0.0020572159999999997;0.002110464;0.0012871680000000002;0.0017602560000000002;0.001998848;0.00118272;0.0014878720000000001;0.0011970559999999997;0.001217536;0.001152;0.0012042239999999998;0.001323008;0.0011407359999999998;0.0009256959999999999;0.00085504;0.000933888;0.00067584;0.0007833599999999999;0.000768;0.000795648;0.0006789119999999999;0.000580608;0.0005683200000000001;0.000760832;0.000818176;0.000871424;0.0010813440000000001;0.000908288;0.000507904;0.00051712;0.000719872;0.00090624;0.000679936;0.000643072;0.000770048;0.000694272;0.00067584;0.000939008;0.00097792;0.00133632;0.000941056;0.000951296;0.000823296;0.0013404159999999999;0.001306624;0.0011212799999999999;0.001329152;0.00125952;0.0009523200000000001;0.000659456;0.000745472;0.001082368;0.000769024
1789670700,hdr,0.0293;0.03906;0.04883;0.05859;0.06836;0.07813;0.08789;0.09766;0.10742;0.11719;0.12695;0.13672;0.14648;0.15625;0.16602;0.17578;0.18555;0.19531;0.20508;0.21484;0.22461;0.23438;0.24414;0.25391;0.26367;0.27344;0.2832;0.29297;0.30273;0.3125;0.32227;0.33203;0.3418;0.35156;0.36133;0.37109;0.38086;0.39063;0.40039;0.41016;0.41992;0.42969;0.43945;0.44922;0.45898;0.46875;0.47852;0.48828;0.49805;0.50781;0.51758;0.52734;0.53711;0.54688;0.55664;0.56641;0.57617;0.58594;0.5957;0.60547;0.61523;0.625;0.63477;0.64453;0.6543;0.66406;0.67383;0.68359;0.69336;0.70313;0.71289;0.72266;0.73242;0.74219;0.75195;0.76172;0.77148;0.78125;0.79102,0.00523264;0.007085055999999999;0.006444032000000001;0.008765440000000001;0.016733184;0.027063296;0.014177279999999999;0.010299392;0.019772416;0.04188569600000001;0.047510527999999996;0.09513984000000002;0.20554751999999998;0.13528166400000002;0.07333068799999999;0.037020672;0.01992704;0.011109375999999999;0.022237183999999997;0.025482240000000003;0.017484799999999998;0.00871424;0.006259712000000001;0.006053888;0.003812352;0.002275328;0.002036736;0.001579008;0.001915904;0.002231296;0.0014899199999999998;0.000937984;0.0015964160000000002;0.0016670720000000001;0.00136704;0.001855488;0.001517568;0.0013219840000000002;0.0010803199999999998;0.0005621760000000001;0.000726016;0.0009768959999999999;0.0015114240000000001;0.0015103999999999999;0.001052672;0.0009758719999999999;0.000949248;0.000910336;0.0009543679999999999;0.00088576;0.000753664;0.000882688;0.001099776;0.000978944;0.000817152;0.001036288;0.001277952;0.0015206400000000002;0.00169984;0.000945152;0.0010199039999999999;0.00088064;0.00119808;0.00141312;0.0018862080000000001;0.0013987840000000001;0.001680384;0.001534976;0.001330176;0.0009287680000000001;0.00123392;0.001604608;0.0017377279999999998;0.001562624;0.0008202239999999999;0.0007843840000000001;0.00096768;0.001400832;0.001118208
1789671600,hdr,0.0293;0.03906;0.04883;0.05859;0.06836;0.07813;0.08789;0.09766;0.10742;0.11719;0.12695;0.13672;0.14648;0.15625;0.16602;0.17578;0.18555;0.19531;0.20508;0.21484;0.22461;0.23438;0.24414;0.25391;0.26367;0.27344;0.2832;0.29297;0.30273;0.3125;0.32227;0.33203;0.3418;0.35156;0.36133;0.37109;0.38086;0.39063;0.40039;0.41016;0.41992;0.42969;0.43945;0.44922;0.45898;0.46875;0.47852;0.48828;0.49805;0.50781;0.51758;0.52734;0.53711;0.54688;0.55664;0.56641;0.57617;0.58594;0.5957;0.60547;0.61523;0.625;0.63477;0.64453;0.6543;0.66406;0.67383;0.68359;0.69336;0.70313;0.71289;0.72266;0.73242;0.74219;0.75195;0.76172;0.77148;0.78125;0.79102,0.005992448;0.008516608;0.010271744000000001;0.007561216;0.01118208;0.024768512000000003;0.01381376;0.010512384;0.020155392;0.053208064;0.103728128;0.07768780800000001;0.107885568;0.126736384;0.06902272;0.036063231999999994;0.024855552;0.025384959999999998;0.023207936000000002;0.011753472;0.013528064000000001;0.013668352;0.0064768000000000004;0.00309248;0.0038338559999999996;0.0033679359999999998;0.002138112;0.00176128;0.0017479680000000001;0.0012707839999999998;0.0011048960000000002;0.001358848;0.001975296;0.002056192;0.001138688;0.0009021439999999999;0.0008765439999999999;0.000818176;0.0010516479999999999;0.001293312;0.000867328;0.000801792;0.000694272;0.0009697280000000001;0.001352704;0.001344512;0.000970752;0.0007075839999999999;0.0006737919999999999;0.000529408;0.000908288;0.001149952;0.0005847039999999999;0.000842752;0.000922624;0.0007772160000000001;0.001052672;0.0013352960000000001;0.0014438399999999998;0.0017766400000000001;0.0014561280000000001;0.001905664;0.0020592640000000003;0.0026071040000000003;0.002403328;0.003206144;0.003014656;0.002766848;0.0031897600000000003;0.002444288;0.00230912;0.002308096;0.001406976;0.00110592;0.002102272;0.0019455999999999998;0.0008222720000000001;0.0009021439999999999;0.001283072
1789672500,hdr,0.0293;0.03906;0.04883;0.05859;0.06836;0.07813;0.08789;0.09766;0.10742;0.11719;0.12695;0.13672;0.14648;0.15625;0.16602;0.17578;0.18555;0.19531;0.20508;0.21484;0.22461;0.23438;0.24414;0.25391;0.26367;0.27344;0.2832;0.29297;0.30273;0.3125;0.32227;0.33203;0.3418;0.35156;0.36133;0.37109;0.38086;0.39063;0.40039;0.41016;0.41992;0.42969;0.43945;0.44922;0.45898;0.46875;0.47852;0.48828;0.49805;0.50781;0.51758;0.52734;0.53711;0.54688;0.55664;0.56641;0.57617;0.58594;0.5957;0.60547;0.61523;0.625;0.63477;0.64453;0.6543;0.66406;0.67383;0.68359;0.69336;0.70313;0.71289;0.72266;0.73242;0.74219;0.75195;0.76172;0.77148;0.78125;0.79102,0.004215808;0.004614144;0.010039296;0.011795456;0.016418816;0.012751872000000001;0.008873984;0.015459328;0.023279616000000003;0.041664512;0.06651904;0.154546176;0.19343052800000002;0.10706944;0.09040896;0.039950336;0.019494912;0.019221504;0.021701632000000002;0.019231744;0.008823807999999999;0.009206784;0.007419904;0.0048732160000000005;0.0036362239999999995;0.0022026240000000002;0.002535424;0.002686976;0.0022732800000000004;0.00231424;0.0021667839999999997;0.0013793280000000002;0.001087488;0.0011202559999999998;0.0012554240000000002;0.001362944;0.00117248;0.000869376;0.00076288;0.001328128;0.0014929920000000003;0.001180672;0.001161216;0.0009605120000000001;0.0011233280000000003;0.001149952;0.000878592;0.0009973760000000001;0.0009359360000000001;0.001028096;0.000714752;0.0008212479999999999;0.000759808;0.000726016;0.0014940160000000001;0.001905664;0.002714624;0.003152896;0.002205696;0.003144704;0.0032573439999999997;0.003079168;0.003355648;0.0031733760000000003;0.0030894080000000005;0.002515968;0.001711104;0.001312768;0.001432576;0.001371136;0.0017356799999999999;0.002448384;0.0018831359999999999;0.001513472;0.001153024;0.001384448;0.0015738879999999998;0.001452032;0.00115712
1789673400,hdr,0.0293;0.03906;0.04883;0.05859;0.06836;0.07813;0.08789;0.09766;0.10742;0.11719;0.12695;0.13672;0.14648;0.15625;0.16602;0.17578;0.18555;0.19531;0.20508;0.21484;0.22461;0.23438;0.24414;0.25391;0.26367;0.27344;0.2832;0.29297;0.30273;0.3125;0.32227;0.33203;0.3418;0.35156;0.36133;0.37109;0.38086;0.39063;0.40039;0.41016;0.41992;0.42969;0.43945;0.44922;0.45898;0.46875;0.47852;0.48828;0.49805;0.50781;0.51758;0.52734;0.53711;0.54688;0.55664;0.56641;0.57617;0.58594;0.5957;0.60547;0.61523;0.625;0.63477;0.64453;0.6543;0.66406;0.67383;0.68359;0.69336;0.70313;0.71289;0.72266;0.73242;0.74219;0.75195;0.76172;0.77148;0.78125;0.79102,0.004753408000000001;0.006641663999999999;0.011257856;0.013690879999999999;0.02459648;0.031412223999999996;0.013628415999999999;0.012207104;0.03218432;0.067557376;0.118049792;0.152269824;0.157474816;0.08122675200000001;0.086249472;0.057688064;0.030651392;0.02749952;0.04241408;0.023829504;0.018070528;0.011249664;0.006432768;0.006044672;0.004050944000000001;0.002673664;0.003198976;0.002622464;0.002036736;0.002512896;0.002116608;0.002046976;0.0018176000000000002;0.001799168;0.001765376;0.001627136;0.0013312;0.00150528;0.001103872;0.0010833919999999999;0.001466368;0.0013895679999999999;0.000702464;0.0010752000000000001;0.001420288;0.001125376;0.0010199039999999999;0.001062912;0.000800768;0.0009717759999999999;0.001137664;0.001754112;0.001872896;0.001707008;0.001938432;0.003653632;0.006607872;0.0054538239999999995;0.004035584;0.004799488;0.0033546239999999996;0.003293184;0.003345408;0.002546688;0.002113536;0.002441216;0.001461248;0.0011714560000000002;0.00165888;0.0014438399999999998;0.0011202559999999998;0.0014878720000000001;0.0022896640000000003;0.001891328;0.001422336;0.001234944;0.0009441279999999999;0.001006592;0.001036288
1789674300,hdr,0.0293;0.03906;0.04883;0.05859;0.06836;0.07813;0.08789;0.09766;0.10742;0.11719;0.12695;0.13672;0.14648;0.15625;0.16602;0.17578;0.18555;0.19531;0.20508;0.21484;0.22461;0.23438;0.24414;0.25391;0.26367;0.27344;0.2832;0.29297;0.30273;0.3125;0.32227;0.33203;0.3418;0.35156;0.36133;0.37109;0.38086;0.39063;0.40039;0.41016;0.41992;0.42969;0.43945;0.44922;0.45898;0.46875;0.47852;0.48828;0.49805;0.50781;0.51758;0.52734;0.53711;0.54688;0.55664;0.56641;0.57617;0.58594;0.5957;0.60547;0.61523;0.625;0.63477;0.64453;0.6543;0.66406;0.67383;0.68359;0.69336;0.70313;0.71289;0.72266;0.73242;0.74219;0.75195;0.76172;0.77148;0.78125;0.79102,0.004378624000000001;0.005813247999999999;0.010851328000000002;0.013638655999999999;0.008131583999999999;0.007545856;0.008763392;0.024615936;0.049307648;0.06132224;0.08452505600000002;0.118720512;0.14589030399999997;0.15264051199999998;0.107844608;0.048325632;0.029362176000000004;0.025427968000000002;0.029810688;0.016698367999999998;0.01108992;0.010399744;0.00721408;0.003634176;0.003693568;0.003096576;0.003382272;0.0029593600000000003;0.0022968320000000004;0.001787904;0.002274304;0.002522112;0.001887232;0.00160256;0.001345536;0.0013322240000000001;0.00128512;0.001007616;0.001480704;0.0016404479999999999;0.0010956800000000001;0.0023889920000000004;0.002197504;0.000868352;0.000941056;0.0009973760000000001;0.001159168;0.0019712;0.002277376;0.0020490240000000004;0.002390016;0.003117056;0.002468864;0.0026368000000000003;0.0035440640000000004;0.0025415679999999997;0.003216384;0.003063808;0.003303424;0.003487744;0.0032532480000000003;0.0030525440000000004;0.002337792;0.002395136;0.0028672;0.002665472;0.002102272;0.0014827520000000002;0.0015513600000000001;0.0014346239999999998;0.001166336;0.000800768;0.0008335360000000001;0.001082368;0.0012523519999999998;0.0008468480000000001;0.001107968;0.001096704;0.000758784
1789675200,hdr,0.0293;0.03906;0.04883;0.05859;0.06836;0.07813;0.08789;0.09766;0.10742;0.11719;0.12695;0.13672;0.14648;0.15625;0.16602;0.17578;0.18555;0.19531;0.20508;0.21484;0.22461;0.23438;0.24414;0.25391;0.26367;0.27344;0.2832;0.29297;0.30273;0.3125;0.32227;0.33203;0.3418;0.35156;0.36133;0.37109;0.38086;0.39063;0.40039;0.41016;0.41992;0.42969;0.43945;0.44922;0.45898;0.46875;0.47852;0.48828;0.49805;0.50781;0.51758;0.52734;0.53711;0.54688;0.55664;0.56641;0.57617;0.58594;0.5957;0.60547;0.61523;0.625;0.63477;0.64453;0.6543;0.66406;0.67383;0.68359;0.69336;0.70313;0.71289;0.72266;0.73242;0.74219;0.75195;0.76172;0.77148;0.78125;0.79102,0.008776704;0.009411583999999999;0.00512;0.0059269119999999995;0.01295872;0.016820223999999998;0.008196096000000002;0.012395519999999998;0.029833216;0.042198016000000005;0.058090496;0.061034496;0.12762009600000002;0.11172351999999999;0.063900672;0.043156480000000004;0.031059968;0.029162496;0.024317951999999997;0.020040704000000003;0.017389567999999998;0.009432064;0.00691712;0.007496704000000001;0.005302272;0.003364864;0.002250752;0.002229248;0.002213888;0.0021002239999999995;0.001755136;0.001550336;0.001199104;0.00151552;0.0013393919999999998;0.000917504;0.000805888;0.001385472;0.000801792;0.0010127360000000002;0.0010598399999999998;0.0014028799999999998;0.001646592;0.0014827520000000002;0.001588224;0.002902016;0.0026398719999999997;0.002208768;0.0026644480000000003;0.002096128;0.002220032;0.002665472;0.001783808;0.002752512;0.003679232;0.005039104;0.005031936;0.003644416;0.003204096;0.002832384;0.005095424;0.0035778560000000004;0.0032460799999999997;0.0027453439999999994;0.00172544;0.002004992;0.001727488;0.001531904;0.0014827520000000002;0.001242112;0.00123904;0.000644096;0.000694272;0.000854016;0.000551936;0.000411648;0.0006932479999999999;0.000785408;0.001154048
1789676100,hdr,0.0293;0.03906;0.04883;0.05859;0.06836;0.07813;0.08789;0.09766;0.10742;0.11719;0.12695;0.13672;0.14648;0.15625;0.16602;0.17578;0.18555;0.19531;0.20508;0.21484;0.22461;0.23438;0.24414;0.25391;0.26367;0.27344;0.2832;0.29297;0.30273;0.3125;0.32227;0.33203;0.3418;0.35156;0.36133;0.37109;0.38086;0.39063;0.40039;0.41016;0.41992;0.42969;0.43945;0.44922;0.45898;0.46875;0.47852;0.48828;0.49805;0.50781;0.51758;0.52734;0.53711;0.54688;0.55664;0.56641;0.57617;0.58594;0.5957;0.60547;0.61523;0.625;0.63477;0.64453;0.6543;0.66406;0.67383;0.68359;0.69336;0.70313;0.71289;0.72266;0.73242;0.74219;0.75195;0.76172;0.77148;0.78125;0.79102,0.003981312;0.013187072;0.011790335999999998;0.009224192;0.023581696;0.022624256;0.007702528;0.0110592;0.033782783999999996;0.06586368000000001;0.13115596799999998;0.14262579199999997;0.107652096;0.15439667199999998;0.10406297600000002;0.051908608;0.034574336000000004;0.020304896;0.01453056;0.01599488;0.015601664;0.010749952000000002;0.009666560000000001;0.010514431999999999;0.006638592;0.0044288;0.003268608;0.0033925120000000003;0.002953216;0.002635776;0.0016168960000000003;0.0026849280000000005;0.002902016;0.001803264;0.002082816;0.001898496;0.00169472;0.00116224;0.0010598399999999998;0.000933888;0.001381376;0.00172544;0.00180736;0.0021534719999999996;0.00115712;0.0009256959999999999;0.001711104;0.0017336320000000001;0.0015769599999999999;0.002096128;0.0015738879999999998;0.003237888;0.003852288;0.0025118719999999996;0.003326976;0.003439616;0.003974144;0.004015104;0.003801088;0.0026009600000000003;0.001271808;0.00246784;0.002547712;0.0031160320000000004;0.0020418560000000003;0.0012185600000000003;0.00107008;0.001288192;0.001989632;0.001393664;0.001138688;0.0009461760000000001;0.0010803199999999998;0.001344512;0.0014151679999999999;0.001257472;0.00101376;0.001028096;0.000990208
1789677000,hdr,0.0293;0.03906;0.04883;0.05859;0.06836;0.07813;0.08789;0.09766;0.10742;0.11719;0.12695;0.13672;0.14648;0.15625;0.16602;0.17578;0.18555;0.19531;0.20508;0.21484;0.22461;0.23438;0.24414;0.25391;0.26367;0.27344;0.2832;0.29297;0.30273;0.3125;0.32227;0.33203;0.3418;0.35156;0.36133;0.37109;0.38086;0.39063;0.40039;0.41016;0.41992;0.42969;0.43945;0.44922;0.45898;0.46875;0.47852;0.48828;0.49805;0.50781;0.51758;0.52734;0.53711;0.54688;0.55664;0.56641;0.57617;0.58594;0.5957;0.60547;0.61523;0.625;0.63477;0.64453;0.6543;0.66406;0.67383;0.68359;0.69336;0.70313;0.71289;0.72266;0.73242;0.74219;0.75195;0.76172;0.77148;0.78125;0.79102,0.002531328;0.006462464;0.0073728000000000005;0.006981632000000001;0.020712447999999998;0.037494783999999996;0.021700608;0.017526784;0.028082176;0.044356608;0.091808768;0.152784896;0.24583884800000003;0.16850739200000003;0.151588864;0.08405708799999999;0.026153984;0.021950464;0.024031232;0.012691456;0.010341376;0.008699904;0.007922688;0.007489536;0.0044922880000000005;0.003351552;0.0020736;0.0024883199999999996;0.002279424;0.00275456;0.0029409279999999998;0.0023572479999999997;0.0011755519999999998;0.001814528;0.0016435199999999999;0.00136704;0.0011919360000000002;0.001004544;0.0009400319999999999;0.000933888;0.0011468799999999999;0.0007946240000000001;0.001241088;0.001504256;0.000888832;0.001461248;0.002337792;0.001972224;0.001618944;0.0017848319999999999;0.002496512;0.002661376;0.0038594560000000003;0.004339712;0.0053043199999999995;0.004752384;0.004320256;0.0028272640000000003;0.00198144;0.002054144;0.0031467520000000005;0.002171904;0.0024637440000000004;0.0022927360000000005;0.001035264;0.001349632;0.0015226880000000001;0.001273856;0.001062912;0.0010598399999999998;0.0009256959999999999;0.0012318720000000002;0.0014919679999999998;0.0013701120000000002;0.0015493120000000002;0.00134656;0.0015472639999999998;0.001234944;0.0012728319999999998
1789677900,hdr,0.0293;0.03906;0.04883;0.05859;0.06836;0.07813;0.08789;0.09766;0.10742;0.11719;0.12695;0.13672;0.14648;0.15625;0.16602;0.17578;0.18555;0.19531;0.20508;0.21484;0.22461;0.23438;0.24414;0.25391;0.26367;0.27344;0.2832;0.29297;0.30273;0.3125;0.32227;0.33203;0.3418;0.35156;0.36133;0.37109;0.38086;0.39063;0.40039;0.41016;0.41992;0.42969;0.43945;0.44922;0.45898;0.46875;0.47852;0.48828;0.49805;0.50781;0.51758;0.52734;0.53711;0.54688;0.55664;0.56641;0.57617;0.58594;0.5957;0.60547;0.61523;0.625;0.63477;0.64453;0.6543;0.66406;0.67383;0.68359;0.69336;0.70313;0.71289;0.72266;0.73242;0.74219;0.75195;0.76172;0.77148;0.78125;0.79102,0.006298624;0.008680448;0.012841984;0.010955776;0.014901248;0.013874176;0.005348352;0.006863871999999999;0.024782848000000003;0.05732864;0.100534272;0.134910976;0.178955264;0.18385305600000001;0.12748595199999999;0.046573568;0.036589567999999996;0.024548352000000002;0.020975616;0.020255744;0.012525567999999999;0.011781119999999999;0.012788736;0.008022016;0.004023296;0.004216832;0.0034959360000000003;0.004155392;0.002397184;0.001604608;0.001676288;0.0016977919999999998;0.001755136;0.001498112;0.001242112;0.001210368;0.001007616;0.0011212799999999999;0.0014919679999999998;0.0022374400000000003;0.002398208;0.001829888;0.001225728;0.0012318720000000002;0.001727488;0.002060288;0.001890304;0.00245248;0.002878464;0.002497536;0.002418688;0.004115456;0.004430848;0.004259839999999999;0.004452352;0.003554304;0.002286592;0.0035287039999999997;0.004286464;0.004525056;0.003344384;0.0030904319999999997;0.001624064;0.00230912;0.001990656;0.001867776;0.002171904;0.0012441599999999998;0.0015616000000000002;0.001741824;0.001380352;0.001645568;0.00123392;0.000986112;0.00074752;0.000795648;0.0010752000000000001;0.000922624;0.000555008
1789678800,hdr,0.0293;0.03906;0.04883;0.05859;0.06836;0.07813;0.08789;0.09766;0.10742;0.11719;0.12695;0.13672;0.14648;0.15625;0.16602;0.17578;0.18555;0.19531;0.20508;0.21484;0.22461;0.23438;0.24414;0.25391;0.26367;0.27344;0.2832;0.29297;0.30273;0.3125;0.32227;0.33203;0.3418;0.35156;0.36133;0.37109;0.38086;0.39063;0.40039;0.41016;0.41992;0.42969;0.43945;0.44922;0.45898;0.46875;0.47852;0.48828;0.49805;0.50781;0.51758;0.52734;0.53711;0.54688;0.55664;0.56641;0.57617;0.58594;0.5957;0.60547;0.61523;0.625;0.63477;0.64453;0.6543;0.66406;0.67383;0.68359;0.69336;0.70313;0.71289;0.72266;0.73242;0.74219;0.75195;0.76172;0.77148;0.78125;0.79102,0.008079359999999999;0.010853376;0.009552896;0.006684671999999999;0.008067072;0.013092864000000001;0.009971711999999999;0.010611712;0.022845439999999998;0.06812876799999999;0.113594368;0.12818739199999998;0.1679872;0.12438016;0.115464192;0.09496473600000001;0.058462208;0.027180032;0.022268928;0.01871872;0.018615296000000003;0.009008127999999999;0.007728128;0.007309312;0.00532992;0.0044851199999999996;0.0030341120000000003;0.004043776000000001;0.0024709120000000005;0.001460224;0.001611776;0.002139136;0.0018513919999999999;0.00157184;0.002113536;0.0011202559999999998;0.0009400319999999999;0.0006973439999999999;0.000922624;0.00131072;0.0008222720000000001;0.000896;0.0011837439999999998;0.0017858560000000002;0.001604608;0.001406976;0.0018995200000000002;0.002330624;0.003421184;0.003551232;0.003521536;0.0048209920000000005;0.00498176;0.0053043199999999995;0.004973568;0.003451904;0.004284416;0.003892224;0.003862528;0.003064832;0.001917952;0.0016732160000000002;0.001816576;0.00177152;0.001542144;0.001750016;0.001550336;0.0009912319999999999;0.001082368;0.0013557760000000002;0.0012462080000000002;0.00110592;0.000750592;0.000795648;0.000930816;0.0006819840000000001;0.000868352;0.0008601600000000001;0.000878592
1789679700,hdr,0.0293;0.03906;0.04883;0.05859;0.06836;0.07813;0.08789;0.09766;0.10742;0.11719;0.12695;0.13672;0.14648;0.15625;0.16602;0.17578;0.18555;0.19531;0.20508;0.21484;0.22461;0.23438;0.24414;0.25391;0.26367;0.27344;0.2832;0.29297;0.30273;0.3125;0.32227;0.33203;0.3418;0.35156;0.36133;0.37109;0.38086;0.39063;0.40039;0.41016;0.41992;0.42969;0.43945;0.44922;0.45898;0.46875;0.47852;0.48828;0.49805;0.50781;0.51758;0.52734;0.53711;0.54688;0.55664;0.56641;0.57617;0.58594;0.5957;0.60547;0.61523;0.625;0.63477;0.64453;0.6543;0.66406;0.67383;0.68359;0.69336;0.70313;0.71289;0.72266;0.73242;0.74219;0.75195;0.76172;0.77148;0.78125;0.79102,0.001118208;0.001604608;0.0013393919999999998;0.001865728;0.017435648;0.028266496;0.012196864;0.013316096;0.061188096000000004;0.08069119999999999;0.070268928;0.09951232;0.13837312;0.11306803200000001;0.153068544;0.144146432;0.081819648;0.030360575999999997;0.03045888;0.024660992000000003;0.018174976000000002;0.011206656;0.009183232;0.0073953280000000005;0.005069824;0.003417088;0.0026777600000000004;0.0024576;0.00199168;0.0021913600000000003;0.002038784;0.0014786559999999999;0.001410048;0.001575936;0.002451456;0.001655808;0.0012953600000000002;0.000837632;0.00093696;0.001065984;0.001395712;0.001145856;0.0011120639999999998;0.001416192;0.001307648;0.001349632;0.0020746239999999997;0.002720768;0.002185216;0.0020224;0.0031375360000000002;0.0033873920000000004;0.002349056;0.003104768;0.004777984000000001;0.004224;0.004105216;0.0026286079999999997;0.001934336;0.0015206400000000002;0.001533952;0.001678336;0.000989184;0.0013506560000000002;0.0010608640000000001;0.0010956800000000001;0.001078272;0.000690176;0.00068096;0.0007116799999999999;0.001014784;0.001165312;0.000868352;0.0006604799999999999;0.000726016;0.000758784;0.000779264;0.0005734399999999999;0.000535552
1789680600,hdr,0.0293;0.03906;0.04883;0.05859;0.06836;0.07813;0.08789;0.09766;0.10742;0.11719;0.12695;0.13672;0.14648;0.15625;0.16602;0.17578;0.18555;0.19531;0.20508;0.21484;0.22461;0.23438;0.24414;0.25391;0.26367;0.27344;0.2832;0.29297;0.30273;0.3125;0.32227;0.33203;0.3418;0.35156;0.36133;0.37109;0.38086;0.39063;0.40039;0.41016;0.41992;0.42969;0.43945;0.44922;0.45898;0.46875;0.47852;0.48828;0.49805;0.50781;0.51758;0.52734;0.53711;0.54688;0.55664;0.56641;0.57617;0.58594;0.5957;0.60547;0.61523;0.625;0.63477;0.64453;0.6543;0.66406;0.67383;0.68359;0.69336;0.70313;0.71289;0.72266;0.73242;0.74219;0.75195;0.76172;0.77148;0.78125;0.79102,0.005479424;0.00800256;0.007529472;0.01176576;0.028125184;0.042816512;0.019171327999999998;0.010846208000000001;0.039605248;0.0713728;0.09970380799999999;0.11994521600000001;0.174308352;0.153693184;0.13995008;0.10825728;0.069588992;0.041381888;0.027001856;0.018711552;0.019928064;0.0104192;0.010385407999999999;0.004810752;0.004713472000000001;0.003224576;0.0024309759999999996;0.003096576;0.0025958400000000003;0.002861056;0.002793472;0.001257472;0.001063936;0.0015103999999999999;0.0015472639999999998;0.0009420800000000001;0.000816128;0.001040384;0.0008867839999999999;0.000763904;0.00116224;0.001422336;0.0013680639999999998;0.0013905920000000002;0.0013219840000000002;0.001675264;0.0018442240000000002;0.0030207999999999997;0.003423232;0.004509696;0.004545536;0.003057664;0.002948096;0.0029122560000000002;0.002179072;0.0022814719999999997;0.003006464;0.00285696;0.00359936;0.002799616;0.0022978559999999996;0.0018237440000000002;0.00135168;0.001086464;0.00143872;0.00150528;0.001483776;0.001759232;0.0013690880000000003;0.0012072959999999998;0.001132544;0.00074752;0.000768;0.000623616;0.0006973439999999999;0.000616448;0.00052736;0.00047820800000000004;0.000323584
1789681500,hdr,0.0293;0.03906;0.04883;0.05859;0.06836;0.07813;0.08789;0.09766;0.10742;0.11719;0.12695;0.13672;0.14648;0.15625;0.16602;0.17578;0.18555;0.19531;0.20508;0.21484;0.22461;0.23438;0.24414;0.25391;0.26367;0.27344;0.2832;0.29297;0.30273;0.3125;0.32227;0.33203;0.3418;0.35156;0.36133;0.37109;0.38086;0.39063;0.40039;0.41016;0.41992;0.42969;0.43945;0.44922;0.45898;0.46875;0.47852;0.48828;0.49805;0.50781;0.51758;0.52734;0.53711;0.54688;0.55664;0.56641;0.57617;0.58594;0.5957;0.60547;0.61523;0.625;0.63477;0.64453;0.6543;0.66406;0.67383;0.68359;0.69336;0.70313;0.71289;0.72266;0.73242;0.74219;0.75195;0.76172;0.77148;0.78125;0.79102,0.002318336;0.003894272;0.005218304;0.004517888;0.016855039999999998;0.032449536;0.017873919999999998;0.012817407999999999;0.043280384;0.078619648;0.09677004800000001;0.11056640000000001;0.15920435200000002;0.19931955199999998;0.177319936;0.19500646400000002;0.11639910399999999;0.020461568;0.016989184;0.018907136;0.012581888;0.007766016;0.004799488;0.004641792;0.00421888;0.004527104;0.004862976;0.002546688;0.001682432;0.001942528;0.001381376;0.000990208;0.0011212799999999999;0.001289216;0.001408;0.001212416;0.001528832;0.0012359679999999998;0.001301504;0.0013352960000000001;0.0008110079999999999;0.001092608;0.001972224;0.0024104960000000003;0.0026286079999999997;0.002604032;0.004120576;0.004509696;0.005303295999999999;0.0034580479999999996;0.0034672640000000003;0.004653056000000001;0.005110783999999999;0.0044206079999999995;0.00285696;0.002989056;0.00230912;0.001875968;0.00129024;0.001241088;0.0017356799999999999;0.001325056;0.001292288;0.001158144;0.0006737919999999999;0.0010373119999999999;0.0009738240000000001;0.0007946240000000001;0.0008110079999999999;0.001010688;0.0012308479999999999;0.0013690880000000003;0.0009984;0.0009973760000000001;0.00092672;0.000565248;0.00037478399999999997;0.000690176;0.0007280640000000001
1789682400,hdr,0.0293;0.03906;0.04883;0.05859;0.06836;0.07813;0.08789;0.09766;0.10742;0.11719;0.12695;0.13672;0.14648;0.15625;0.16602;0.17578;0.18555;0.19531;0.20508;0.21484;0.22461;0.23438;0.24414;0.25391;0.26367;0.27344;0.2832;0.29297;0.30273;0.3125;0.32227;0.33203;0.3418;0.35156;0.36133;0.37109;0.38086;0.39063;0.40039;0.41016;0.41992;0.42969;0.43945;0.44922;0.45898;0.46875;0.47852;0.48828;0.49805;0.50781;0.51758;0.52734;0.53711;0.54688;0.55664;0.56641;0.57617;0.58594;0.5957;0.60547;0.61523;0.625;0.63477;0.64453;0.6543;0.66406;0.67383;0.68359;0.69336;0.70313;0.71289;0.72266;0.73242;0.74219;0.75195;0.76172;0.77148;0.78125;0.79102,0.000644096;0.00195584;0.004796416;0.005238784;0.015685631999999998;0.033557504;0.016084992;0.007944192;0.023871487999999996;0.052419584000000005;0.10086604800000001;0.175343616;0.210930688;0.16383283199999998;0.173615104;0.09973043199999998;0.06247936;0.051111936000000004;0.024092672;0.019179520000000002;0.014931967999999999;0.009936896;0.009848832;0.011803648000000002;0.007375872;0.004319232;0.004354048;0.0032870399999999998;0.0025036800000000003;0.0030371839999999996;0.002086912;0.001292288;0.000951296;0.000887808;0.001015808;0.001186816;0.001024;0.0016128;0.001731584;0.001611776;0.0011264;0.0014991359999999999;0.0014878720000000001;0.001604608;0.002934784;0.0031354879999999996;0.002886656;0.003443712;0.004390912;0.002550784;0.0038082560000000003;0.004546560000000001;0.003811328;0.0031016959999999997;0.002733056;0.003183616;0.002101248;0.001636352;0.0010209280000000002;0.001002496;0.000872448;0.000837632;0.001185792;0.0010291200000000001;0.0009256959999999999;0.001296384;0.001088512;0.0007936;0.001149952;0.000671744;0.00074752;0.0006676480000000001;0.000459776;0.00047104000000000004;0.0005898240000000001;0.0007413760000000001;0.0006676480000000001;0.000513024;0.000740352
1789683300,hdr,0.0293;0.03906;0.04883;0.05859;0.06836;0.07813;0.08789;0.09766;0.10742;0.11719;0.12695;0.13672;0.14648;0.15625;0.16602;0.17578;0.18555;0.19531;0.20508;0.21484;0.22461;0.23438;0.24414;0.25391;0.26367;0.27344;0.2832;0.29297;0.30273;0.3125;0.32227;0.33203;0.3418;0.35156;0.36133;0.37109;0.38086;0.39063;0.40039;0.41016;0.41992;0.42969;0.43945;0.44922;0.45898;0.46875;0.47852;0.48828;0.49805;0.50781;0.51758;0.52734;0.53711;0.54688;0.55664;0.56641;0.57617;0.58594;0.5957;0.60547;0.61523;0.625;0.63477;0.64453;0.6543;0.66406;0.67383;0.68359;0.69336;0.70313;0.71289;0.72266;0.73242;0.74219;0.75195;0.76172;0.77148;0.78125;0.79102,0.000807936;0.0009216000000000001;0.001330176;0.003774464;0.011523072;0.01321984;0.007164928;0.007426048;0.020952064;0.053985280000000004;0.090954752;0.14704025599999998;0.233472;0.17466777600000002;0.14852710400000002;0.15396864;0.094838784;0.055354368;0.023885824;0.010121216;0.017644543999999998;0.01067008;0.014091264000000001;0.008692736000000001;0.004803584;0.0047861760000000005;0.003926016;0.003027968;0.002699264;0.002859008;0.004161536;0.00236544;0.002113536;0.001383424;0.001143808;0.0011960319999999999;0.001099776;0.001165312;0.001388544;0.00215552;0.002630656;0.0023500800000000005;0.0023439359999999996;0.002423808;0.0031569919999999995;0.0030300159999999995;0.0034713599999999997;0.003391488;0.004743168;0.006680576;0.005607424;0.00469504;0.003472384;0.003252224;0.002161664;0.0010608640000000001;0.001174528;0.001399808;0.001288192;0.001496064;0.0008069119999999999;0.000953344;0.000852992;0.001480704;0.0014499839999999999;0.0008663039999999999;0.0009830400000000001;0.000818176;0.000664576;0.000632832;0.000771072;0.0007055360000000001;0.0007976959999999999;0.000671744;0.000761856;0.000743424;0.000679936;0.0008355839999999999;0.00077824
1789684200,hdr,0.0293;0.03906;0.04883;0.05859;0.06836;0.07813;0.08789;0.09766;0.10742;0.11719;0.12695;0.13672;0.14648;0.15625;0.16602;0.17578;0.18555;0.19531;0.20508;0.21484;0.22461;0.23438;0.24414;0.25391;0.26367;0.27344;0.2832;0.29297;0.30273;0.3125;0.32227;0.33203;0.3418;0.35156;0.36133;0.37109;0.38086;0.39063;0.40039;0.41016;0.41992;0.42969;0.43945;0.44922;0.45898;0.46875;0.47852;0.48828;0.49805;0.50781;0.51758;0.52734;0.53711;0.54688;0.55664;0.56641;0.57617;0.58594;0.5957;0.60547;0.61523;0.625;0.63477;0.64453;0.6543;0.66406;0.67383;0.68359;0.69336;0.70313;0.71289;0.72266;0.73242;0.74219;0.75195;0.76172;0.77148;0.78125;0.79102,0.0010086399999999999;0.001635328;0.002572288;0.00514048;0.017429504000000002;0.028628992000000002;0.012524544;0.007457792;0.022489088;0.056351744;0.098499584;0.091348992;0.153576448;0.16547532799999998;0.177384448;0.20703948800000002;0.095650816;0.055335935999999995;0.035805184;0.018515968;0.009930752000000001;0.010189824;0.011209728;0.009997312000000001;0.004611072;0.006929408;0.004442112;0.0036577280000000003;0.0026900479999999996;0.003013632;0.002958336;0.002192384;0.0020183040000000003;0.00185856;0.0016230399999999999;0.0008601600000000001;0.000913408;0.0011509760000000002;0.0012625919999999999;0.0010475520000000002;0.0012288;0.001887232;0.0031733760000000003;0.004408319999999999;0.0034048;0.00347648;0.0046714880000000005;0.004272128000000001;0.004581375999999999;0.004512768;0.003827712;0.002571264;0.001503232;0.00165376;0.002254848;0.0029501439999999996;0.0026644480000000003;0.001226752;0.0014192640000000002;0.00131072;0.0010803199999999998;0.0013219840000000002;0.001477632;0.001296384;0.001250304;0.000864256;0.000823296;0.001184768;0.0009441279999999999;0.001007616;0.0007168;0.000601088;0.000715776;0.0007219199999999999;0.0007075839999999999;0.000566272;0.0005304320000000001;0.000636928;0.00052736
1789685100,hdr,0.0293;0.03906;0.04883;0.05859;0.06836;0.07813;0.08789;0.09766;0.10742;0.11719;0.12695;0.13672;0.14648;0.15625;0.16602;0.17578;0.18555;0.19531;0.20508;0.21484;0.22461;0.23438;0.24414;0.25391;0.26367;0.27344;0.2832;0.29297;0.30273;0.3125;0.32227;0.33203;0.3418;0.35156;0.36133;0.37109;0.38086;0.39063;0.40039;0.41016;0.41992;0.42969;0.43945;0.44922;0.45898;0.46875;0.47852;0.48828;0.49805;0.50781;0.51758;0.52734;0.53711;0.54688;0.55664;0.56641;0.57617;0.58594;0.5957;0.60547;0.61523;0.625;0.63477;0.64453;0.6543;0.66406;0.67383;0.68359;0.69336;0.70313;0.71289;0.72266;0.73242;0.74219;0.75195;0.76172;0.77148;0.78125;0.79102,0.000538624;0.000979968;0.002453504;0.002460672;0.010753024;0.024455168000000003;0.018703360000000002;0.0158464;0.030128128;0.047481856;0.08725401599999999;0.10822860799999999;0.167174144;0.239798272;0.13280972800000002;0.09784319999999999;0.08755609599999999;0.062514176;0.040506368;0.023394304;0.018772992;0.015002624;0.014821376;0.015640576;0.009079807999999998;0.007964672;0.005543936;0.003924992;0.003607552;0.0028897280000000003;0.001961984;0.002004992;0.0017131520000000001;0.0012748800000000002;0.002500608;0.003203072;0.003154944;0.002966528;0.0030197759999999996;0.00311296;0.002306048;0.00321536;0.003659776;0.002594816;0.003432448;0.002768896;0.0029757440000000002;0.003606528;0.005204992;0.004009984;0.00317952;0.0036157439999999997;0.0040243200000000005;0.0034918399999999995;0.0022394880000000004;0.0014592000000000001;0.002130944;0.001948672;0.0013342719999999998;0.00118784;0.000868352;0.0012165119999999999;0.001542144;0.000927744;0.000995328;0.000818176;0.0009021439999999999;0.001405952;0.001234944;0.000753664;0.0006676480000000001;0.001009664;0.001005568;0.00081408;0.00068096;0.00065536;0.000852992;0.000843776;0.00036352
1789686000,hdr,0.0293;0.03906;0.04883;0.05859;0.06836;0.07813;0.08789;0.09766;0.10742;0.11719;0.12695;0.13672;0.14648;0.15625;0.16602;0.17578;0.18555;0.19531;0.20508;0.21484;0.22461;0.23438;0.24414;0.25391;0.26367;0.27344;0.2832;0.29297;0.30273;0.3125;0.32227;0.33203;0.3418;0.35156;0.36133;0.37109;0.38086;0.39063;0.40039;0.41016;0.41992;0.42969;0.43945;0.44922;0.45898;0.46875;0.47852;0.48828;0.49805;0.50781;0.51758;0.52734;0.53711;0.54688;0.55664;0.56641;0.57617;0.58594;0.5957;0.60547;0.61523;0.625;0.63477;0.64453;0.6543;0.66406;0.67383;0.68359;0.69336;0.70313;0.71289;0.72266;0.73242;0.74219;0.75195;0.76172;0.77148;0.78125;0.79102,0.0018442240000000002;0.004259839999999999;0.006255616;0.00894464;0.015449088;0.038068224000000005;0.027507712000000004;0.017711104;0.025421824;0.041382911999999994;0.084605952;0.12811161599999998;0.10460979200000001;0.077372416;0.08999424;0.08353382399999999;0.12701184000000001;0.07488204799999999;0.043012096;0.040696832;0.025368576;0.016623615999999997;0.007799808;0.009608192000000002;0.007896064;0.005283839999999999;0.003749888;0.0034365439999999997;0.003032064;0.001441792;0.001275904;0.0023674879999999996;0.003452928;0.002637824;0.0017674240000000003;0.001504256;0.0013148160000000001;0.002082816;0.0027473920000000004;0.00193536;0.0019476480000000002;0.002753536;0.0026398719999999997;0.0028927999999999996;0.003103744;0.002874368;0.0021821440000000004;0.0024422399999999996;0.0033791999999999997;0.0029173759999999997;0.0027504639999999998;0.003274752;0.00257024;0.001562624;0.0014448640000000001;0.0015656959999999999;0.001125376;0.001161216;0.00101376;0.00093696;0.000864256;0.0005703679999999999;0.000775168;0.000905216;0.000941056;0.000922624;0.000768;0.000950272;0.0010762240000000002;0.0008069119999999999;0.0007106559999999999;0.000786432;0.00040345599999999995;0.000315392;0.00061952;0.000590848;0.000653312;0.000882688;0.000555008
1789686900,hdr,0.0293;0.03906;0.04883;0.05859;0.06836;0.07813;0.08789;0.09766;0.10742;0.11719;0.12695;0.13672;0.14648;0.15625;0.16602;0.17578;0.18555;0.19531;0.20508;0.21484;0.22461;0.23438;0.24414;0.25391;0.26367;0.27344;0.2832;0.29297;0.30273;0.3125;0.32227;0.33203;0.3418;0.35156;0.36133;0.37109;0.38086;0.39063;0.40039;0.41016;0.41992;0.42969;0.43945;0.44922;0.45898;0.46875;0.47852;0.48828;0.49805;0.50781;0.51758;0.52734;0.53711;0.54688;0.55664;0.56641;0.57617;0.58594;0.5957;0.60547;0.61523;0.625;0.63477;0.64453;0.6543;0.66406;0.67383;0.68359;0.69336;0.70313;0.71289;0.72266;0.73242;0.74219;0.75195;0.76172;0.77148;0.78125;0.79102,0.002885632;0.0048015359999999995;0.003607552;0.004332544000000001;0.013848576;0.021947392;0.015450112;0.017691648;0.032119808;0.048427008;0.080400384;0.10630656;0.161278976;0.18573516799999998;0.176257024;0.13731328;0.116882432;0.069455872;0.043406336000000004;0.036702208;0.021732352;0.015125504;0.012105728;0.009930752000000001;0.007267328000000001;0.007288832;0.004325376000000001;0.0024494079999999997;0.0022937599999999997;0.0024340480000000003;0.001942528;0.0018442240000000002;0.0016291839999999999;0.0010608640000000001;0.001662976;0.00108544;0.0017356799999999999;0.002577408;0.00160256;0.001619968;0.0026787839999999996;0.0032471040000000002;0.0032;0.0044922880000000005;0.004523008;0.0036352000000000003;0.0026808319999999997;0.003847168;0.0041267199999999995;0.004277248000000001;0.002332672;0.002325504;0.001783808;0.00207872;0.00131584;0.001429504;0.001705984;0.001620992;0.001096704;0.0012032;0.000884736;0.001021952;0.001442816;0.0014653440000000002;0.0011284479999999998;0.0011786239999999999;0.000992256;0.0008192000000000001;0.0008304639999999999;0.00041676800000000003;0.00073216;0.000872448;0.000671744;0.000672768;0.0005857280000000001;0.000319488;0.000698368;0.001006592;0.0005877759999999999
1789687800,hdr,0.0293;0.03906;0.04883;0.05859;0.06836;0.07813;0.08789;0.09766;0.10742;0.11719;0.12695;0.13672;0.14648;0.15625;0.16602;0.17578;0.18555;0.19531;0.20508;0.21484;0.22461;0.23438;0.24414;0.25391;0.26367;0.27344;0.2832;0.29297;0.30273;0.3125;0.32227;0.33203;0.3418;0.35156;0.36133;0.37109;0.38086;0.39063;0.40039;0.41016;0.41992;0.42969;0.43945;0.44922;0.45898;0.46875;0.47852;0.48828;0.49805;0.50781;0.51758;0.52734;0.53711;0.54688;0.55664;0.56641;0.57617;0.58594;0.5957;0.60547;0.61523;0.625;0.63477;0.64453;0.6543;0.66406;0.67383;0.68359;0.69336;0.70313;0.71289;0.72266;0.73242;0.74219;0.75195;0.76172;0.77148;0.78125;0.79102,0.001257472;0.0026490879999999995;0.006448128;0.004434944;0.0054435840000000004;0.02565632;0.025479168;0.011277312;0.03195904;0.042489856;0.058770432;0.049016832;0.11407155199999999;0.11789311999999999;0.106750976;0.127514624;0.098292736;0.081618944;0.054155264;0.0450816;0.028217344000000002;0.01531392;0.009068544;0.007138304;0.008501248;0.006842368;0.00751104;0.0069888;0.005108736000000001;0.003171328;0.0030873599999999995;0.004023296;0.004569088;0.0030986240000000003;0.00181248;0.002291712;0.0019251199999999998;0.0016670720000000001;0.0022640639999999997;0.0021872639999999995;0.0018718720000000001;0.0023674879999999996;0.002337792;0.002960384;0.004840448000000001;0.004690944000000001;0.003723264;0.004397056000000001;0.0039301119999999995;0.003634176;0.0023296;0.001405952;0.001765376;0.001579008;0.00145408;0.001139712;0.001048576;0.001050624;0.000852992;0.001138688;0.001067008;0.00054272;0.0010680320000000002;0.000930816;0.0008366080000000001;0.0008488959999999999;0.000605184;0.000641024;0.000980992;0.0014213119999999999;0.0012687360000000001;0.000692224;0.0010598399999999998;0.0014704639999999999;0.001149952;0.001048576;0.0011212799999999999;0.001373184;0.0009574399999999999
1789688700,hdr,0.0293;0.03906;0.04883;0.05859;0.06836;0.07813;0.08789;0.09766;0.10742;0.11719;0.12695;0.13672;0.14648;0.15625;0.16602;0.17578;0.18555;0.19531;0.20508;0.21484;0.22461;0.23438;0.24414;0.25391;0.26367;0.27344;0.2832;0.29297;0.30273;0.3125;0.32227;0.33203;0.3418;0.35156;0.36133;0.37109;0.38086;0.39063;0.40039;0.41016;0.41992;0.42969;0.43945;0.44922;0.45898;0.46875;0.47852;0.48828;0.49805;0.50781;0.51758;0.52734;0.53711;0.54688;0.55664;0.56641;0.57617;0.58594;0.5957;0.60547;0.61523;0.625;0.63477;0.64453;0.6543;0.66406;0.67383;0.68359;0.69336;0.70313;0.71289;0.72266;0.73242;0.74219;0.75195;0.76172;0.77148;0.78125;0.79102,0.0028190719999999997;0.005609472000000001;0.002496512;0.004612096;0.0203008;0.031738880000000004;0.023320575999999996;0.01027072;0.028435455999999998;0.041754624;0.056448;0.074904576;0.079619072;0.089356288;0.122923008;0.105048064;0.05921792;0.058578944;0.024887296;0.017837056;0.016777216;0.015420416;0.013887488;0.011465728000000001;0.0055459839999999995;0.005660671999999999;0.00545792;0.00422912;0.003265536;0.001860608;0.002199552;0.0020736;0.002173952;0.0011673599999999999;0.0010475520000000002;0.001676288;0.001688576;0.0017356799999999999;0.001030144;0.000933888;0.0016670720000000001;0.0015984640000000002;0.0014991359999999999;0.001818624;0.003201024;0.003956736;0.004407296;0.00467968;0.003167232;0.002588672;0.0029255680000000004;0.0021329920000000002;0.001560576;0.0011735040000000001;0.0016148479999999999;0.0014929920000000003;0.001153024;0.0011796480000000002;0.001033216;0.0010127360000000002;0.000899072;0.000840704;0.000761856;0.000963584;0.001502208;0.001924096;0.001243136;0.0012001280000000002;0.001271808;0.0009472;0.000800768;0.000630784;0.000457728;0.0008744960000000001;0.0013240320000000002;0.0012554240000000002;0.001137664;0.000726016;0.0009021439999999999
