Epoch Time,Processing Source,f,varianceDensity
1790380800,hdr,0.0293;0.03906;0.04883;0.05859;0.06836;0.07813;0.08789;0.09766;0.10742;0.11719;0.12695;0.13672;0.14648;0.15625;0.16602;0.17578;0.18555;0.19531;0.20508;0.21484;0.22461;0.23438;0.24414;0.25391;0.26367;0.27344;0.2832;0.29297;0.30273;0.3125;0.32227;0.33203;0.3418;0.35156;0.36133;0.37109;0.38086;0.39063;0.40039;0.41016;0.41992;0.42969;0.43945;0.44922;0.45898;0.46875;0.47852;0.48828;0.49805;0.50781;0.51758;0.52734;0.53711;0.54688;0.55664;0.56641;0.57617;0.58594;0.5957;0.60547;0.61523;0.625;0.63477;0.64453;0.6543;0.66406;0.67383;0.68359;0.69336;0.70313;0.71289;0.72266;0.73242;0.74219;0.75195;0.76172;0.77148;0.78125;0.79102,0.002881536;0.0052121599999999995;0.025071615999999998;0.047013888;0.32756736;1.334552576;1.387067392;1.455095808;1.7286758400000002;0.875798528;0.565204992;0.723955712;0.613902336;0.6354616319999999;0.728899584;0.716617728;0.540499968;0.443090944;0.35121152;0.3410944;0.23155507199999997;0.21821235200000003;0.19484672;0.17191731200000002;0.130533376;0.15408128;0.17109401600000002;0.111089664;0.09328639999999999;0.064315392;0.039131136;0.038537216;0.0402944;0.033417216;0.024291328;0.022775808;0.014555135999999998;0.019320832;0.01548288;0.020762624;0.019697664;0.01529856;0.011552768;0.011821056;0.011761663999999998;0.012044288;0.012347392;0.008916992;0.010559487999999999;0.006201344;0.004491264;0.006131712;0.006303744;0.004071424000000001;0.004861951999999999;0.0065638400000000005;0.006424576;0.0047636480000000005;0.003956736;0.004564992;0.004141056;0.002881536;0.0028876799999999997;0.003241984;0.0024104960000000003;0.0021893120000000005;0.002799616;0.0024002560000000004;0.001662976;0.001662976;0.0014581759999999998;0.0013946879999999998;0.001820672;0.001318912;0.001042432;0.001333248;0.001800192;0.001261568;0.0010014719999999998
1790381700,hdr,0.0293;0.03906;0.04883;0.05859;0.06836;0.07813;0.08789;0.09766;0.10742;0.11719;0.12695;0.13672;0.14648;0.15625;0.16602;0.17578;0.18555;0.19531;0.20508;0.21484;0.22461;0.23438;0.24414;0.25391;0.26367;0.27344;0.2832;0.29297;0.30273;0.3125;0.32227;0.33203;0.3418;0.35156;0.36133;0.37109;0.38086;0.39063;0.40039;0.41016;0.41992;0.42969;0.43945;0.44922;0.45898;0.46875;0.47852;0.48828;0.49805;0.50781;0.51758;0.52734;0.53711;0.54688;0.55664;0.56641;0.57617;0.58594;0.5957;0.60547;0.61523;0.625;0.63477;0.64453;0.6543;0.66406;0.67383;0.68359;0.69336;0.70313;0.71289;0.72266;0.73242;0.74219;0.75195;0.76172;0.77148;0.78125;0.79102,0.008051712;0.011212799999999998;0.014432256;0.044894208;0.63754752;2.187967488;2.746555392;1.9835781120000002;0.692054016;0.609349632;0.728091648;0.621032448;0.47544729599999996;0.38800588799999997;0.37291008000000003;0.6189219840000001;0.5894430719999999;0.5655367680000001;0.40631807999999997;0.262606848;0.210791424;0.134022144;0.141201408;0.18148147199999998;0.154626048;0.132163584;0.09588633600000002;0.12586598400000001;0.11230617600000001;0.09234432000000001;0.060678143999999996;0.048371712;0.03526656;0.034464768;0.045431808;0.023513088;0.024837119999999997;0.029448192;0.023688192;0.017415168;0.008853504000000002;0.012450816;0.01231872;0.012254208;0.0073881599999999995;0.00970752;0.008067072;0.00912384;0.007133183999999999;0.005987328;0.006503424;0.004448256;0.00362496;0.005827584;0.007010304;0.006057984;0.0038952960000000003;0.0040396799999999995;0.0041717759999999994;0.0023408640000000002;0.00296448;0.0035573759999999997;0.00384;0.002721792;0.002574336;0.002383872;0.002543616;0.002939904;0.002184192;0.001539072;0.0024791039999999998;0.002168832;0.00135168;0.001176576;0.001176576;0.001053696;0.001176576;0.0009523200000000001;0.000789504
1790382600,hdr,0.0293;0.03906;0.04883;0.05859;0.06836;0.07813;0.08789;0.09766;0.10742;0.11719;0.12695;0.13672;0.14648;0.15625;0.16602;0.17578;0.18555;0.19531;0.20508;0.21484;0.22461;0.23438;0.24414;0.25391;0.26367;0.27344;0.2832;0.29297;0.30273;0.3125;0.32227;0.33203;0.3418;0.35156;0.36133;0.37109;0.38086;0.39063;0.40039;0.41016;0.41992;0.42969;0.43945;0.44922;0.45898;0.46875;0.47852;0.48828;0.49805;0.50781;0.51758;0.52734;0.53711;0.54688;0.55664;0.56641;0.57617;0.58594;0.5957;0.60547;0.61523;0.625;0.63477;0.64453;0.6543;0.66406;0.67383;0.68359;0.69336;0.70313;0.71289;0.72266;0.73242;0.74219;0.75195;0.76172;0.77148;0.78125;0.79102,0.013836288;0.017821696;0.014383103999999999;0.045113344;0.242345984;0.951584768;1.4901329920000002;1.283923968;1.061414912;0.6153482239999999;0.914569216;0.882178048;0.627259392;0.466518016;0.469727232;0.6799482880000001;0.438980608;0.36470374399999994;0.417933312;0.33871872000000003;0.249874432;0.191737856;0.163100672;0.141336576;0.165363712;0.12655001600000002;0.087975936;0.07087308799999999;0.070227968;0.047691776;0.027379712000000004;0.030101503999999998;0.041791487999999995;0.043313152;0.053827584000000005;0.034906112;0.022933504;0.028708863999999997;0.024123392;0.019402752;0.017870847999999998;0.020166655999999998;0.019122176;0.013961216;0.010856448000000001;0.010815488;0.008259584;0.010459136;0.0076595199999999995;0.003948544;0.00507904;0.006692864000000001;0.0076840960000000005;0.006639616;0.0048762879999999995;0.004411392;0.005181440000000001;0.0050176;0.004345856;0.004247552;0.0025415679999999997;0.002531328;0.003923968;0.004624384;0.002287616;0.001998848;0.001345536;0.001251328;0.000995328;0.001333248;0.0018923520000000001;0.0015667199999999997;0.0016711679999999998;0.00134144;0.0013946879999999998;0.001468416;0.001318912;0.0014786559999999999;0.00160768
1790383500,hdr,0.0293;0.03906;0.04883;0.05859;0.06836;0.07813;0.08789;0.09766;0.10742;0.11719;0.12695;0.13672;0.14648;0.15625;0.16602;0.17578;0.18555;0.19531;0.20508;0.21484;0.22461;0.23438;0.24414;0.25391;0.26367;0.27344;0.2832;0.29297;0.30273;0.3125;0.32227;0.33203;0.3418;0.35156;0.36133;0.37109;0.38086;0.39063;0.40039;0.41016;0.41992;0.42969;0.43945;0.44922;0.45898;0.46875;0.47852;0.48828;0.49805;0.50781;0.51758;0.52734;0.53711;0.54688;0.55664;0.56641;0.57617;0.58594;0.5957;0.60547;0.61523;0.625;0.63477;0.64453;0.6543;0.66406;0.67383;0.68359;0.69336;0.70313;0.71289;0.72266;0.73242;0.74219;0.75195;0.76172;0.77148;0.78125;0.79102,0.007891968000000001;0.006147072;0.012039168;0.046036992;0.358514688;1.631606784;2.40754176;0.959348736;0.460425216;0.5676871680000001;0.586973184;0.596468736;0.552956928;0.507199488;0.44011929600000005;0.627244032;0.613244928;0.470375424;0.4147968;0.27954892800000003;0.29171712;0.246675456;0.10344038400000001;0.11171942399999998;0.10516992;0.115866624;0.0784896;0.070600704;0.044500991999999996;0.073310208;0.05768601599999999;0.024281088;0.021113856;0.034596864;0.040737792;0.025175039999999996;0.027162623999999996;0.014235648000000002;0.015968256;0.016545792;0.024474624;0.024016896;0.021147648;0.01683456;0.016180224;0.005993472;0.0066385920000000005;0.006512639999999999;0.00717312;0.008629247999999999;0.005643264;0.005861376000000001;0.005796864;0.006251519999999999;0.003929088;0.0030074880000000004;0.0030228480000000003;0.0027187200000000004;0.0025374720000000003;0.002706432;0.003419136;0.004279295999999999;0.003720192;0.00356352;0.0047339520000000005;0.004896768;0.003674112;0.0034498560000000003;0.0035082240000000003;0.0030627840000000003;0.003419136;0.002568192;0.0022824959999999997;0.0016926719999999999;0.0018186239999999998;0.0018739199999999998;0.001026048;0.001108992;0.0014622720000000001
1790384400,hdr,0.0293;0.03906;0.04883;0.05859;0.06836;0.07813;0.08789;0.09766;0.10742;0.11719;0.12695;0.13672;0.14648;0.15625;0.16602;0.17578;0.18555;0.19531;0.20508;0.21484;0.22461;0.23438;0.24414;0.25391;0.26367;0.27344;0.2832;0.29297;0.30273;0.3125;0.32227;0.33203;0.3418;0.35156;0.36133;0.37109;0.38086;0.39063;0.40039;0.41016;0.41992;0.42969;0.43945;0.44922;0.45898;0.46875;0.47852;0.48828;0.49805;0.50781;0.51758;0.52734;0.53711;0.54688;0.55664;0.56641;0.57617;0.58594;0.5957;0.60547;0.61523;0.625;0.63477;0.64453;0.6543;0.66406;0.67383;0.68359;0.69336;0.70313;0.71289;0.72266;0.73242;0.74219;0.75195;0.76172;0.77148;0.78125;0.79102,0.0037273600000000003;0.011214848;0.014788608;0.045580288000000004;0.47301632;1.1392184319999998;1.5380254720000002;1.596626944;1.1765944320000001;1.037848576;0.9112494080000001;0.7535779840000001;0.779374592;0.7378677760000001;0.607051776;0.6800506880000001;0.490287104;0.223115264;0.21566464;0.255963136;0.197912576;0.21632204800000002;0.179494912;0.147591168;0.169641984;0.138887168;0.083329024;0.061622272000000006;0.06792192;0.056555520000000005;0.038514688000000005;0.03682304;0.049043456;0.03460096;0.026765312000000003;0.023871487999999996;0.015196160000000002;0.015699968;0.013529088;0.015302656000000001;0.01319936;0.012484608;0.011513856;0.012740608;0.009791488;0.008400895999999998;0.008024064;0.005183487999999999;0.00582656;0.00724992;0.005681152;0.010256384;0.008671232;0.005206016;0.005879808;0.00479232;0.003936256;0.00330752;0.004327424;0.005337087999999999;0.005900287999999999;0.0047861760000000005;0.0045076479999999995;0.002914304;0.0036515840000000003;0.00326656;0.002627584;0.002719744;0.002748416;0.0041144319999999995;0.0036392959999999998;0.002000896;0.002021376;0.0018432000000000001;0.001527808;0.001304576;0.001662976;0.001763328;0.001783808
1790385300,hdr,0.0293;0.03906;0.04883;0.05859;0.06836;0.07813;0.08789;0.09766;0.10742;0.11719;0.12695;0.13672;0.14648;0.15625;0.16602;0.17578;0.18555;0.19531;0.20508;0.21484;0.22461;0.23438;0.24414;0.25391;0.26367;0.27344;0.2832;0.29297;0.30273;0.3125;0.32227;0.33203;0.3418;0.35156;0.36133;0.37109;0.38086;0.39063;0.40039;0.41016;0.41992;0.42969;0.43945;0.44922;0.45898;0.46875;0.47852;0.48828;0.49805;0.50781;0.51758;0.52734;0.53711;0.54688;0.55664;0.56641;0.57617;0.58594;0.5957;0.60547;0.61523;0.625;0.63477;0.64453;0.6543;0.66406;0.67383;0.68359;0.69336;0.70313;0.71289;0.72266;0.73242;0.74219;0.75195;0.76172;0.77148;0.78125;0.79102,0.006033408;0.012752896000000001;0.013017088;0.034861055999999994;0.6298009600000001;1.883240448;1.773324288;1.5768739840000001;1.0528768;1.100814336;0.756248576;0.669591552;0.719450112;0.5635829760000001;0.6096117759999999;0.44881510399999996;0.42899456;0.30445568;0.207480832;0.25735167999999997;0.247396352;0.16033792;0.11400806399999999;0.106450944;0.14435123200000002;0.118034432;0.074655744;0.0859136;0.05525504;0.044570624;0.030287872;0.044220416;0.06986752;0.049395712;0.03027968;0.024909824;0.023855104;0.018855936;0.015280127999999999;0.022278144;0.021293056;0.017432576;0.008980479999999999;0.012503040000000002;0.016193536;0.012304384;0.009103360000000001;0.0076615680000000005;0.006012928;0.010080256000000001;0.008665088000000001;0.00813056;0.011491328;0.011505663999999999;0.004704256;0.0068997120000000006;0.007000064;0.007053312;0.00489472;0.003971072;0.00381952;0.0038952960000000003;0.00405504;0.004061184;0.0049807359999999995;0.00442368;0.0024002560000000004;0.002131968;0.00258048;0.002387968;0.002506752;0.0025333760000000004;0.002904064;0.0035942400000000003;0.0019435519999999999;0.0018042879999999998;0.001636352;0.002134016;0.0020254720000000004
1790386200,hdr,0.0293;0.03906;0.04883;0.05859;0.06836;0.07813;0.08789;0.09766;0.10742;0.11719;0.12695;0.13672;0.14648;0.15625;0.16602;0.17578;0.18555;0.19531;0.20508;0.21484;0.22461;0.23438;0.24414;0.25391;0.26367;0.27344;0.2832;0.29297;0.30273;0.3125;0.32227;0.33203;0.3418;0.35156;0.36133;0.37109;0.38086;0.39063;0.40039;0.41016;0.41992;0.42969;0.43945;0.44922;0.45898;0.46875;0.47852;0.48828;0.49805;0.50781;0.51758;0.52734;0.53711;0.54688;0.55664;0.56641;0.57617;0.58594;0.5957;0.60547;0.61523;0.625;0.63477;0.64453;0.6543;0.66406;0.67383;0.68359;0.69336;0.70313;0.71289;0.72266;0.73242;0.74219;0.75195;0.76172;0.77148;0.78125;0.79102,0.011972608;0.010584064;0.008777727999999999;0.019716096000000002;0.510240768;1.4774988800000002;1.3929697280000002;0.9550335999999999;0.908283904;0.8468500480000001;1.150502912;0.9892700160000001;0.49352704;0.46726758399999996;0.6428672000000001;0.7004119040000001;0.515487744;0.45566566399999997;0.31706931200000005;0.246075392;0.261976064;0.26241024;0.20814848;0.170862592;0.157464576;0.11117568;0.05767168;0.08187289599999999;0.09098239999999999;0.067915776;0.055566336;0.05764096;0.035059712;0.033626112;0.029362176000000004;0.02103296;0.019085311999999997;0.018077696;0.01944576;0.020609024;0.010135551999999999;0.013600768;0.014905344;0.014307328;0.014422016;0.012652544;0.012441599999999999;0.011354112000000001;0.009385984;0.013293568;0.013754367999999998;0.012474368;0.007886848;0.008071168;0.006141952;0.00579584;0.006508544;0.01123328;0.009488384;0.007473152;0.006580224;0.005105663999999999;0.004216832;0.004292608;0.005126144;0.00391168;0.00367616;0.003729408;0.002674688;0.003059712;0.003248128;0.004122624;0.003141632;0.002322432;0.002770944;0.00277504;0.001998848;0.001683456;0.000987136
1790387100,hdr,0.0293;0.03906;0.04883;0.05859;0.06836;0.07813;0.08789;0.09766;0.10742;0.11719;0.12695;0.13672;0.14648;0.15625;0.16602;0.17578;0.18555;0.19531;0.20508;0.21484;0.22461;0.23438;0.24414;0.25391;0.26367;0.27344;0.2832;0.29297;0.30273;0.3125;0.32227;0.33203;0.3418;0.35156;0.36133;0.37109;0.38086;0.39063;0.40039;0.41016;0.41992;0.42969;0.43945;0.44922;0.45898;0.46875;0.47852;0.48828;0.49805;0.50781;0.51758;0.52734;0.53711;0.54688;0.55664;0.56641;0.57617;0.58594;0.5957;0.60547;0.61523;0.625;0.63477;0.64453;0.6543;0.66406;0.67383;0.68359;0.69336;0.70313;0.71289;0.72266;0.73242;0.74219;0.75195;0.76172;0.77148;0.78125;0.79102,0.004057088;0.01238016;0.014575616;0.015253504;0.44952985599999995;1.53014272;1.386940416;1.100621824;1.196859392;0.9720442880000001;1.13293312;0.78758912;0.6087802880000001;0.560068608;0.492273664;0.527556608;0.5476618240000001;0.378308608;0.30030643199999996;0.261195776;0.203821056;0.23177420799999998;0.12974694400000003;0.100411392;0.15404646399999997;0.099540992;0.053338112;0.052985856;0.044945408000000006;0.045264896;0.056582144;0.044423168;0.044040192;0.02930688;0.018724864;0.024766464;0.027445248;0.015921152;0.020832256;0.021739520000000002;0.011698176;0.016609279999999997;0.015204352;0.00785408;0.012544;0.013371392;0.011200512000000001;0.010020863999999999;0.011270144000000001;0.013940735999999999;0.008753152;0.008632319999999999;0.010706944;0.012830719999999999;0.010027008;0.008048640000000001;0.008830976;0.010022912;0.006793216;0.004673536;0.005449728;0.0046919679999999995;0.0045076479999999995;0.0042065919999999994;0.0035717120000000003;0.00410624;0.0036577280000000003;0.002105344;0.003618816;0.003366912;0.0033873920000000004;0.003063808;0.0023429120000000004;0.0024145919999999997;0.0025210880000000003;0.0018432000000000001;0.001343488;0.00154624;0.001400832
1790388000,hdr,0.0293;0.03906;0.04883;0.05859;0.06836;0.07813;0.08789;0.09766;0.10742;0.11719;0.12695;0.13672;0.14648;0.15625;0.16602;0.17578;0.18555;0.19531;0.20508;0.21484;0.22461;0.23438;0.24414;0.25391;0.26367;0.27344;0.2832;0.29297;0.30273;0.3125;0.32227;0.33203;0.3418;0.35156;0.36133;0.37109;0.38086;0.39063;0.40039;0.41016;0.41992;0.42969;0.43945;0.44922;0.45898;0.46875;0.47852;0.48828;0.49805;0.50781;0.51758;0.52734;0.53711;0.54688;0.55664;0.56641;0.57617;0.58594;0.5957;0.60547;0.61523;0.625;0.63477;0.64453;0.6543;0.66406;0.67383;0.68359;0.69336;0.70313;0.71289;0.72266;0.73242;0.74219;0.75195;0.76172;0.77148;0.78125;0.79102,0.00743424;0.012936192000000001;0.018594816;0.027518976000000004;0.348063744;1.382206464;2.115035136;1.293858816;0.8424191999999999;0.9526548480000001;1.203001344;0.78715392;0.436663296;0.6786201599999999;0.877083648;0.843967488;0.6295449599999999;0.34739712;0.304616448;0.29121024;0.228734976;0.164631552;0.13406208;0.107833344;0.09737011200000001;0.074646528;0.06841344;0.049072128;0.07223808;0.07158681600000001;0.06417408;0.048473088000000004;0.051176448000000006;0.034387968;0.023095296;0.018471936;0.018091008000000002;0.02316288;0.03382886399999999;0.029838336;0.027426816;0.02393088;0.019424255999999997;0.020477952;0.019467263999999998;0.01463808;0.010807296000000001;0.013937664;0.009689088;0.01018368;0.00886272;0.005956608;0.00579072;0.005572608000000001;0.006423552;0.00528384;0.0081408;0.007252991999999999;0.0054190079999999995;0.005839871999999999;0.0066662399999999995;0.004909056;0.004245504;0.00416256;0.00373248;0.002030592;0.000992256;0.001769472;0.003201024;0.0030228480000000003;0.003351552;0.002605056;0.002632704;0.002543616;0.0019968;0.002110464;0.002024448;0.001557504;0.0018309119999999999
1790388900,hdr,0.0293;0.03906;0.04883;0.05859;0.06836;0.07813;0.08789;0.09766;0.10742;0.11719;0.12695;0.13672;0.14648;0.15625;0.16602;0.17578;0.18555;0.19531;0.20508;0.21484;0.22461;0.23438;0.24414;0.25391;0.26367;0.27344;0.2832;0.29297;0.30273;0.3125;0.32227;0.33203;0.3418;0.35156;0.36133;0.37109;0.38086;0.39063;0.40039;0.41016;0.41992;0.42969;0.43945;0.44922;0.45898;0.46875;0.47852;0.48828;0.49805;0.50781;0.51758;0.52734;0.53711;0.54688;0.55664;0.56641;0.57617;0.58594;0.5957;0.60547;0.61523;0.625;0.63477;0.64453;0.6543;0.66406;0.67383;0.68359;0.69336;0.70313;0.71289;0.72266;0.73242;0.74219;0.75195;0.76172;0.77148;0.78125;0.79102,0.011179007999999999;0.026001408;0.027193344;0.052930559999999995;0.464369664;1.935310848;2.06057472;1.241628672;0.802219008;1.082366976;1.16058624;0.9935124479999999;0.8273233920000002;0.68662272;0.602348544;0.586515456;0.45471436800000004;0.33208012800000003;0.30787276799999996;0.28733951999999996;0.208763904;0.15226367999999998;0.120520704;0.11607859200000001;0.09483264;0.059692032;0.086390784;0.09980006400000001;0.067623936;0.048635903999999994;0.041554944;0.047748096;0.028333056;0.023104511999999997;0.022124544000000003;0.02644992;0.024225792000000003;0.01671168;0.020877312;0.028661759999999998;0.020490239999999996;0.015012863999999999;0.015992832;0.014137344000000001;0.016425984;0.013277184000000001;0.01009152;0.010518528000000001;0.011209727999999999;0.010211327999999999;0.008638464;0.007965696;0.006693888;0.005157888;0.006534144;0.0058368000000000005;0.0075694080000000006;0.006030335999999999;0.002205696;0.002675712;0.004780032;0.0030228480000000003;0.00202752;0.0037017599999999997;0.002770944;0.0030996479999999996;0.003468288;0.0029583359999999998;0.002393088;0.003305472;0.004002816;0.00290304;0.002174976;0.001652736;0.0015114240000000001;0.001913856;0.0016711679999999998;0.001277952;0.0010782720000000001
1790389800,hdr,0.0293;0.03906;0.04883;0.05859;0.06836;0.07813;0.08789;0.09766;0.10742;0.11719;0.12695;0.13672;0.14648;0.15625;0.16602;0.17578;0.18555;0.19531;0.20508;0.21484;0.22461;0.23438;0.24414;0.25391;0.26367;0.27344;0.2832;0.29297;0.30273;0.3125;0.32227;0.33203;0.3418;0.35156;0.36133;0.37109;0.38086;0.39063;0.40039;0.41016;0.41992;0.42969;0.43945;0.44922;0.45898;0.46875;0.47852;0.48828;0.49805;0.50781;0.51758;0.52734;0.53711;0.54688;0.55664;0.56641;0.57617;0.58594;0.5957;0.60547;0.61523;0.625;0.63477;0.64453;0.6543;0.66406;0.67383;0.68359;0.69336;0.70313;0.71289;0.72266;0.73242;0.74219;0.75195;0.76172;0.77148;0.78125;0.79102,0.010057727999999998;0.025715711999999998;0.032913408;0.033813504;0.40995225600000007;1.778807808;2.474382336;2.0167403520000002;1.6147722240000002;0.68892672;0.747138048;0.89599488;0.71465472;0.6826199039999999;0.5478727680000001;0.415024128;0.336202752;0.17598566399999999;0.20939980800000002;0.30762700800000004;0.142937088;0.10059264000000001;0.12382924799999999;0.12838502400000001;0.0658176;0.06749491199999999;0.066475008;0.06854860800000001;0.088037376;0.069599232;0.047244288;0.040286208;0.036873216;0.03858432;0.028452863999999998;0.033272832;0.020711424;0.017664;0.017571840000000002;0.014306303999999999;0.016109568;0.018238464;0.022305792;0.016008192;0.01353216;0.01214976;0.010297344;0.011621376000000001;0.010546175999999999;0.0072806400000000005;0.006144;0.008183808;0.007093248;0.006552576;0.0035911679999999996;0.005726208;0.007062527999999999;0.004909056;0.005071871999999999;0.004798464;0.003698688;0.002574336;0.002423808;0.003222528;0.003222528;0.00390144;0.004632576;0.0038584319999999997;0.0027893759999999997;0.002245632;0.002107392;0.002217984;0.002036736;0.0011796480000000002;0.0014376959999999998;0.0016097280000000002;0.001403904;0.001434624;0.001250304
1790390700,hdr,0.0293;0.03906;0.04883;0.05859;0.06836;0.07813;0.08789;0.09766;0.10742;0.11719;0.12695;0.13672;0.14648;0.15625;0.16602;0.17578;0.18555;0.19531;0.20508;0.21484;0.22461;0.23438;0.24414;0.25391;0.26367;0.27344;0.2832;0.29297;0.30273;0.3125;0.32227;0.33203;0.3418;0.35156;0.36133;0.37109;0.38086;0.39063;0.40039;0.41016;0.41992;0.42969;0.43945;0.44922;0.45898;0.46875;0.47852;0.48828;0.49805;0.50781;0.51758;0.52734;0.53711;0.54688;0.55664;0.56641;0.57617;0.58594;0.5957;0.60547;0.61523;0.625;0.63477;0.64453;0.6543;0.66406;0.67383;0.68359;0.69336;0.70313;0.71289;0.72266;0.73242;0.74219;0.75195;0.76172;0.77148;0.78125;0.79102,0.004765696;0.011542528;0.012756992;0.018325503999999996;0.323366912;1.456328704;1.38376192;1.467744256;1.4110146559999999;1.36783872;1.040119808;0.9998786559999999;1.09046784;0.5860249599999999;0.367745024;0.399101952;0.23231897599999998;0.226084864;0.346988544;0.23081984;0.17384448000000002;0.116150272;0.093739008;0.084373504;0.07744716800000001;0.069894144;0.06718464;0.0646144;0.049827840000000005;0.05035008;0.047640576000000004;0.037910528;0.023121919999999997;0.013766655999999999;0.024051712;0.044349440000000004;0.028100608;0.013357056;0.011229184;0.011481088;0.016324608;0.022724608;0.011544575999999999;0.009644031999999999;0.012957696;0.008095744;0.008105984;0.006508544;0.00799744;0.008892416000000002;0.010930176;0.009566207999999998;0.007481344;0.008048640000000001;0.009373695999999999;0.008505344;0.004988928;0.0029470720000000002;0.00350208;0.00482304;0.005353472;0.004192256;0.004954112;0.002871296;0.0016097280000000002;0.001910784;0.0021524480000000004;0.0025088;0.0025108480000000004;0.002322432;0.0013352960000000001;0.0020172799999999998;0.0019128320000000002;0.0014499839999999999;0.001599488;0.001746944;0.001839104;0.001460224;0.001650688
1790391600,hdr,0.0293;0.03906;0.04883;0.05859;0.06836;0.07813;0.08789;0.09766;0.10742;0.11719;0.12695;0.13672;0.14648;0.15625;0.16602;0.17578;0.18555;0.19531;0.20508;0.21484;0.22461;0.23438;0.24414;0.25391;0.26367;0.27344;0.2832;0.29297;0.30273;0.3125;0.32227;0.33203;0.3418;0.35156;0.36133;0.37109;0.38086;0.39063;0.40039;0.41016;0.41992;0.42969;0.43945;0.44922;0.45898;0.46875;0.47852;0.48828;0.49805;0.50781;0.51758;0.52734;0.53711;0.54688;0.55664;0.56641;0.57617;0.58594;0.5957;0.60547;0.61523;0.625;0.63477;0.64453;0.6543;0.66406;0.67383;0.68359;0.69336;0.70313;0.71289;0.72266;0.73242;0.74219;0.75195;0.76172;0.77148;0.78125;0.79102,0.0082944;0.014524416000000002;0.018717696;0.026136576;0.36306432;1.9035125759999998;2.06601216;1.809278976;1.1648808959999999;0.877768704;0.7930398720000001;1.227429888;0.884680704;0.467592192;0.4685568;0.41409638400000004;0.435787776;0.31473868800000004;0.256493568;0.17574912;0.214339584;0.18606182400000001;0.15691776000000002;0.17223168;0.16346112;0.09866649599999999;0.057083904000000005;0.046516223999999995;0.039760896000000004;0.037650432;0.042835968;0.037088256;0.046393344;0.035506176;0.035748864;0.030302207999999997;0.031739904;0.0231168;0.026529791999999996;0.023528448;0.020355072000000002;0.018066432;0.012223488;0.012622848;0.009959424000000001;0.012054528000000002;0.011572224;0.009560064;0.006862848;0.00955392;0.008159232;0.005858304;0.007934976;0.009179136000000001;0.0065740799999999995;0.0069550079999999995;0.007931904;0.0075694080000000006;0.005984256;0.0053114880000000005;0.004310016;0.003538944;0.004107264;0.003950592;0.004389888;0.004005888;0.003431424;0.0022487040000000002;0.002832384;0.0025866239999999996;0.002494464;0.001631232;0.0037509120000000003;0.002448384;0.0018524160000000002;0.00242688;0.001867776;0.0022517760000000005;0.002168832
1790392500,hdr,0.0293;0.03906;0.04883;0.05859;0.06836;0.07813;0.08789;0.09766;0.10742;0.11719;0.12695;0.13672;0.14648;0.15625;0.16602;0.17578;0.18555;0.19531;0.20508;0.21484;0.22461;0.23438;0.24414;0.25391;0.26367;0.27344;0.2832;0.29297;0.30273;0.3125;0.32227;0.33203;0.3418;0.35156;0.36133;0.37109;0.38086;0.39063;0.40039;0.41016;0.41992;0.42969;0.43945;0.44922;0.45898;0.46875;0.47852;0.48828;0.49805;0.50781;0.51758;0.52734;0.53711;0.54688;0.55664;0.56641;0.57617;0.58594;0.5957;0.60547;0.61523;0.625;0.63477;0.64453;0.6543;0.66406;0.67383;0.68359;0.69336;0.70313;0.71289;0.72266;0.73242;0.74219;0.75195;0.76172;0.77148;0.78125;0.79102,0.010078208;0.026159104;0.022392831999999998;0.009996288;0.2408448;1.2563435520000001;1.7249116160000002;1.3788221440000001;0.970979328;0.996499456;0.940726272;0.8013496320000001;0.80576512;0.76836864;0.394430464;0.393218048;0.23045120000000002;0.286859264;0.32951500800000005;0.28253184;0.25572352000000004;0.184690688;0.121264128;0.07301939199999999;0.102144;0.11921612799999999;0.06061056;0.045658112;0.06502809600000001;0.04261888;0.028131328;0.031660032;0.03355648000000001;0.038453248;0.029820928;0.030138368;0.023013376;0.023519232;0.021350400000000002;0.011683840000000001;0.015781888;0.024848383999999998;0.029308928;0.015845376;0.008923135999999998;0.00837632;0.009375743999999998;0.010983423999999999;0.012955647999999998;0.016662528;0.014043136000000001;0.0082944;0.006152192;0.005636096;0.008777727999999999;0.008820736000000001;0.00646144;0.004122624;0.006764544;0.004237312;0.0053248;0.0053248;0.004102144;0.0028467199999999996;0.0027811840000000003;0.003500032;0.00366592;0.004220928;0.003629056;0.003065856;0.002762752;0.002818048;0.00283648;0.00267264;0.002748416;0.002193408;0.0017203200000000002;0.00217088;0.001550336
1790393400,hdr,0.0293;0.03906;0.04883;0.05859;0.06836;0.07813;0.08789;0.09766;0.10742;0.11719;0.12695;0.13672;0.14648;0.15625;0.16602;0.17578;0.18555;0.19531;0.20508;0.21484;0.22461;0.23438;0.24414;0.25391;0.26367;0.27344;0.2832;0.29297;0.30273;0.3125;0.32227;0.33203;0.3418;0.35156;0.36133;0.37109;0.38086;0.39063;0.40039;0.41016;0.41992;0.42969;0.43945;0.44922;0.45898;0.46875;0.47852;0.48828;0.49805;0.50781;0.51758;0.52734;0.53711;0.54688;0.55664;0.56641;0.57617;0.58594;0.5957;0.60547;0.61523;0.625;0.63477;0.64453;0.6543;0.66406;0.67383;0.68359;0.69336;0.70313;0.71289;0.72266;0.73242;0.74219;0.75195;0.76172;0.77148;0.78125;0.79102,0.011536384;0.018143232;0.018069503999999997;0.038211584;0.410413056;1.4968995840000001;1.931753472;1.207576576;1.192126464;1.0880368639999998;0.878606336;0.832006144;0.8732835840000001;0.784945152;0.522326016;0.35431424;0.389885952;0.507133952;0.32876544;0.32379904;0.22470656;0.187631616;0.182089728;0.12319744;0.057442304;0.094308352;0.08804761600000001;0.058904576;0.052672512;0.05714534400000001;0.044843008;0.03606937599999999;0.037085184;0.025858047999999998;0.025022464;0.016738304;0.02774016;0.028426240000000002;0.026206207999999998;0.021565439999999998;0.013932544;0.018663423999999998;0.013789184000000001;0.012109824;0.014450688;0.016334848000000003;0.011005952000000001;0.008030208;0.008626176;0.008667135999999999;0.013570048000000001;0.010231807999999998;0.008579072;0.006895616;0.006660096000000001;0.007270400000000001;0.00720896;0.00503808;0.006754304;0.005791744;0.00769024;0.008591360000000001;0.008994816000000001;0.00510976;0.0031539199999999997;0.0031354879999999996;0.002398208;0.00218112;0.002506752;0.00257024;0.00285696;0.0037048320000000004;0.002973696;0.0024576;0.0018923520000000001;0.002168832;0.001683456;0.0015892480000000001;0.001890304
1790394300,hdr,0.0293;0.03906;0.04883;0.05859;0.06836;0.07813;0.08789;0.09766;0.10742;0.11719;0.12695;0.13672;0.14648;0.15625;0.16602;0.17578;0.18555;0.19531;0.20508;0.21484;0.22461;0.23438;0.24414;0.25391;0.26367;0.27344;0.2832;0.29297;0.30273;0.3125;0.32227;0.33203;0.3418;0.35156;0.36133;0.37109;0.38086;0.39063;0.40039;0.41016;0.41992;0.42969;0.43945;0.44922;0.45898;0.46875;0.47852;0.48828;0.49805;0.50781;0.51758;0.52734;0.53711;0.54688;0.55664;0.56641;0.57617;0.58594;0.5957;0.60547;0.61523;0.625;0.63477;0.64453;0.6543;0.66406;0.67383;0.68359;0.69336;0.70313;0.71289;0.72266;0.73242;0.74219;0.75195;0.76172;0.77148;0.78125;0.79102,0.007213056;0.013701119999999999;0.015118336;0.038060032;0.428822528;2.600501248;3.2356352000000004;2.131992576;1.565999104;0.886882304;0.8836587520000001;0.678035456;0.5849292799999999;0.671604736;0.5670215679999999;1.006825472;0.6487449599999999;0.360132608;0.263069696;0.377704448;0.25659392000000003;0.163213312;0.15560294400000002;0.114036736;0.12956467200000002;0.07441203199999999;0.060968959999999996;0.07788134399999999;0.079302656;0.043339775999999997;0.031879168;0.037801984;0.048984064;0.03147776;0.034697216;0.020209664000000002;0.016896;0.02291712;0.0251904;0.019095552;0.019918848000000003;0.021958656000000003;0.016691199999999996;0.014340096000000002;0.017317888;0.013729792;0.01163264;0.009920512000000001;0.006971392;0.006053888;0.01196032;0.01046528;0.011300864;0.009097216;0.009437184000000001;0.007467008;0.005115903999999999;0.006418432;0.004583424;0.00405504;0.005021696000000001;0.005808128;0.004861951999999999;0.0046694399999999995;0.0039649279999999995;0.0038420480000000003;0.003764224;0.004661248;0.003698688;0.0027156479999999998;0.002809856;0.002613248;0.002322432;0.001540096;0.0018595839999999998;0.001744896;0.001306624;0.0017489920000000002;0.002064384
1790395200,hdr,0.0293;0.03906;0.04883;0.05859;0.06836;0.07813;0.08789;0.09766;0.10742;0.11719;0.12695;0.13672;0.14648;0.15625;0.16602;0.17578;0.18555;0.19531;0.20508;0.21484;0.22461;0.23438;0.24414;0.25391;0.26367;0.27344;0.2832;0.29297;0.30273;0.3125;0.32227;0.33203;0.3418;0.35156;0.36133;0.37109;0.38086;0.39063;0.40039;0.41016;0.41992;0.42969;0.43945;0.44922;0.45898;0.46875;0.47852;0.48828;0.49805;0.50781;0.51758;0.52734;0.53711;0.54688;0.55664;0.56641;0.57617;0.58594;0.5957;0.60547;0.61523;0.625;0.63477;0.64453;0.6543;0.66406;0.67383;0.68359;0.69336;0.70313;0.71289;0.72266;0.73242;0.74219;0.75195;0.76172;0.77148;0.78125;0.79102,0.0013332479999999998;0.004042751999999999;0.010991616;0.024115199999999996;0.371607552;2.1434726399999997;2.86675968;1.9291975680000002;1.228766208;1.1494471679999998;1.030828032;0.630862848;0.503482368;0.5845094399999999;0.648496128;0.7401584640000001;0.42839039999999995;0.341864448;0.345649152;0.418338816;0.248165376;0.136516608;0.1448448;0.18936422400000003;0.12220723199999999;0.078372864;0.09081753599999999;0.058877952;0.05485056;0.08233574399999999;0.068434944;0.035530752;0.039207936;0.047579136;0.044694528;0.024551424000000002;0.033819648;0.025141247999999998;0.021500928;0.020216831999999997;0.031924224;0.020514815999999998;0.019129344;0.01575936;0.016029696000000003;0.014628864;0.018671616000000002;0.018146304;0.00869376;0.010601471999999999;0.008604672;0.011753472;0.009394175999999999;0.009732095999999999;0.006245376;0.006242304;0.006076416;0.005750783999999999;0.005919743999999999;0.005105663999999999;0.004491264;0.004909056;0.004263935999999999;0.004168704;0.003542016;0.005428224000000001;0.00520704;0.00208896;0.002961408;0.003996672;0.00400896;0.003634176;0.002202624;0.0019783680000000003;0.0020981759999999998;0.001711104;0.0017786879999999998;0.0016128;0.001256448
1790396100,hdr,0.0293;0.03906;0.04883;0.05859;0.06836;0.07813;0.08789;0.09766;0.10742;0.11719;0.12695;0.13672;0.14648;0.15625;0.16602;0.17578;0.18555;0.19531;0.20508;0.21484;0.22461;0.23438;0.24414;0.25391;0.26367;0.27344;0.2832;0.29297;0.30273;0.3125;0.32227;0.33203;0.3418;0.35156;0.36133;0.37109;0.38086;0.39063;0.40039;0.41016;0.41992;0.42969;0.43945;0.44922;0.45898;0.46875;0.47852;0.48828;0.49805;0.50781;0.51758;0.52734;0.53711;0.54688;0.55664;0.56641;0.57617;0.58594;0.5957;0.60547;0.61523;0.625;0.63477;0.64453;0.6543;0.66406;0.67383;0.68359;0.69336;0.70313;0.71289;0.72266;0.73242;0.74219;0.75195;0.76172;0.77148;0.78125;0.79102,0.004038656;0.007651328000000001;0.014135296;0.022331392;0.37050777599999996;2.268672;3.258232832;2.723659776;1.5403663360000002;1.5761489919999998;1.27772672;1.02004736;0.582193152;0.607358976;0.572022784;0.675946496;0.633929728;0.452698112;0.333877248;0.215314432;0.19923763199999997;0.15950233600000002;0.10301439999999999;0.12384256000000002;0.11864064;0.12603392;0.14624768;0.14774272;0.10778624;0.063246336;0.043102207999999996;0.039788544;0.043823104;0.0387072;0.037167104;0.040476672;0.033628160000000004;0.043188224;0.035774464;0.019091456000000003;0.018837504;0.014692351999999999;0.016994304000000002;0.018677759999999998;0.021835775999999998;0.013516799999999999;0.015638528;0.016850944;0.014729215999999998;0.014995456;0.014270464;0.011444224;0.01103872;0.011403264;0.013119488;0.014770176;0.00905216;0.006868992;0.010432511999999998;0.00837632;0.004845568000000001;0.005640192;0.00661504;0.005603328;0.0035348480000000006;0.003813376;0.0035348480000000006;0.003485696;0.005283839999999999;0.004259839999999999;0.0037683200000000003;0.004321279999999999;0.0028303359999999997;0.003375104;0.0033218559999999998;0.0023920639999999997;0.00159744;0.0016097280000000002;0.001552384
1790397000,hdr,0.0293;0.03906;0.04883;0.05859;0.06836;0.07813;0.08789;0.09766;0.10742;0.11719;0.12695;0.13672;0.14648;0.15625;0.16602;0.17578;0.18555;0.19531;0.20508;0.21484;0.22461;0.23438;0.24414;0.25391;0.26367;0.27344;0.2832;0.29297;0.30273;0.3125;0.32227;0.33203;0.3418;0.35156;0.36133;0.37109;0.38086;0.39063;0.40039;0.41016;0.41992;0.42969;0.43945;0.44922;0.45898;0.46875;0.47852;0.48828;0.49805;0.50781;0.51758;0.52734;0.53711;0.54688;0.55664;0.56641;0.57617;0.58594;0.5957;0.60547;0.61523;0.625;0.63477;0.64453;0.6543;0.66406;0.67383;0.68359;0.69336;0.70313;0.71289;0.72266;0.73242;0.74219;0.75195;0.76172;0.77148;0.78125;0.79102,0.001824768;0.006165504;0.008881152;0.035229696000000005;0.38315520000000003;2.360199168;2.545195008;1.3634027519999998;1.1559997440000003;1.01117952;1.1976437759999998;0.8288747519999999;0.561921024;0.677243904;0.954737664;1.1079321599999998;0.44547072;0.42361036799999996;0.34654924800000003;0.395867136;0.29697331200000004;0.235776;0.113175552;0.140055552;0.188691456;0.09771724799999999;0.087211008;0.083509248;0.06941491200000001;0.065654784;0.052955136;0.04236288;0.045364224;0.067454976;0.050620415999999994;0.021639168;0.017875968;0.02546688;0.01982976;0.021762048;0.022017023999999996;0.017329152;0.026953728000000003;0.023122944;0.01399296;0.012266496;0.019218432;0.01967616;0.014760960000000002;0.010601471999999999;0.01056768;0.007901184;0.009114624;0.010073088;0.007830528;0.006429695999999999;0.007750656;0.006623232;0.007590912;0.005164032;0.005050368;0.005505024000000001;0.0052715520000000005;0.005231616;0.004819968;0.0030535680000000004;0.0028968960000000004;0.0031948799999999998;0.002694144;0.0035911679999999996;0.0036003840000000003;0.003050496;0.0034559999999999994;0.004190208;0.0025774079999999998;0.001794048;0.001188864;0.001038336;0.002147328
1790397900,hdr,0.0293;0.03906;0.04883;0.05859;0.06836;0.07813;0.08789;0.09766;0.10742;0.11719;0.12695;0.13672;0.14648;0.15625;0.16602;0.17578;0.18555;0.19531;0.20508;0.21484;0.22461;0.23438;0.24414;0.25391;0.26367;0.27344;0.2832;0.29297;0.30273;0.3125;0.32227;0.33203;0.3418;0.35156;0.36133;0.37109;0.38086;0.39063;0.40039;0.41016;0.41992;0.42969;0.43945;0.44922;0.45898;0.46875;0.47852;0.48828;0.49805;0.50781;0.51758;0.52734;0.53711;0.54688;0.55664;0.56641;0.57617;0.58594;0.5957;0.60547;0.61523;0.625;0.63477;0.64453;0.6543;0.66406;0.67383;0.68359;0.69336;0.70313;0.71289;0.72266;0.73242;0.74219;0.75195;0.76172;0.77148;0.78125;0.79102,0.004027392;0.019018752;0.016994304000000002;0.033770496;0.308994048;1.8276495359999998;2.781984768;1.9325583359999998;1.346598912;1.183736832;0.902363136;0.9414174719999999;0.594398208;0.588604416;0.44635238400000005;0.344297472;0.6277109759999999;0.451789824;0.247477248;0.11595264;0.17461862399999997;0.189044736;0.142153728;0.11947008;0.12693504;0.072296448;0.056125440000000006;0.072354816;0.07584768;0.063550464;0.046430208;0.057584640000000006;0.05298278399999999;0.0563712;0.064352256;0.044264448;0.052841472;0.04171776;0.043066368;0.04853760000000001;0.029027328;0.026471424;0.030068736000000002;0.01876992;0.016017408;0.021282816;0.019098623999999998;0.015532032;0.013025279999999998;0.010303488000000001;0.0140544;0.0125952;0.00892416;0.011006975999999998;0.012386304;0.011231232;0.007397376;0.006472704;0.005449728;0.00685056;0.006346752000000001;0.00410112;0.0040120320000000004;0.004503552000000001;0.0041809920000000006;0.00615936;0.006187008000000001;0.003185664;0.002783232;0.002291712;0.0023070720000000003;0.002721792;0.0030074880000000004;0.0025958400000000003;0.002522112;0.002386944;0.002568192;0.0015851519999999998;0.001277952
1790398800,hdr,0.0293;0.03906;0.04883;0.05859;0.06836;0.07813;0.08789;0.09766;0.10742;0.11719;0.12695;0.13672;0.14648;0.15625;0.16602;0.17578;0.18555;0.19531;0.20508;0.21484;0.22461;0.23438;0.24414;0.25391;0.26367;0.27344;0.2832;0.29297;0.30273;0.3125;0.32227;0.33203;0.3418;0.35156;0.36133;0.37109;0.38086;0.39063;0.40039;0.41016;0.41992;0.42969;0.43945;0.44922;0.45898;0.46875;0.47852;0.48828;0.49805;0.50781;0.51758;0.52734;0.53711;0.54688;0.55664;0.56641;0.57617;0.58594;0.5957;0.60547;0.61523;0.625;0.63477;0.64453;0.6543;0.66406;0.67383;0.68359;0.69336;0.70313;0.71289;0.72266;0.73242;0.74219;0.75195;0.76172;0.77148;0.78125;0.79102,0.009836544;0.012352512000000001;0.016555008;0.029804544000000002;0.212806656;1.4520360959999998;2.59390464;2.07384576;1.134465024;0.9810616319999999;0.9978071040000001;1.453092864;0.7793663999999999;0.46544793600000006;0.555952128;0.670046208;0.49059532800000005;0.47809843199999996;0.442343424;0.23440281599999999;0.18467635200000002;0.158171136;0.16645632;0.17136537599999999;0.189944832;0.13839052799999998;0.097056768;0.082486272;0.104208384;0.07873536;0.04416;0.045947904000000005;0.040983552000000006;0.045186048;0.037776384;0.037300224;0.04740096;0.044098559999999995;0.039911424;0.043665407999999996;0.031967232;0.021534719999999997;0.024198144;0.029426688000000003;0.027942912;0.018582527999999997;0.020250624;0.022354943999999998;0.014140416000000001;0.009050111999999999;0.006629376;0.009105407999999999;0.007885824;0.010985472;0.01135104;0.006629376;0.005293056;0.006005760000000001;0.005640192;0.0061255680000000005;0.004580352;0.004909056;0.004033536;0.005332991999999999;0.00410112;0.002844672;0.003689472;0.002761728;0.003505152;0.003529728;0.0024207359999999997;0.00136704;0.00139776;0.0021319679999999997;0.002881536;0.002694144;0.001575936;0.002039808;0.0031027200000000002
1790399700,hdr,0.0293;0.03906;0.04883;0.05859;0.06836;0.07813;0.08789;0.09766;0.10742;0.11719;0.12695;0.13672;0.14648;0.15625;0.16602;0.17578;0.18555;0.19531;0.20508;0.21484;0.22461;0.23438;0.24414;0.25391;0.26367;0.27344;0.2832;0.29297;0.30273;0.3125;0.32227;0.33203;0.3418;0.35156;0.36133;0.37109;0.38086;0.39063;0.40039;0.41016;0.41992;0.42969;0.43945;0.44922;0.45898;0.46875;0.47852;0.48828;0.49805;0.50781;0.51758;0.52734;0.53711;0.54688;0.55664;0.56641;0.57617;0.58594;0.5957;0.60547;0.61523;0.625;0.63477;0.64453;0.6543;0.66406;0.67383;0.68359;0.69336;0.70313;0.71289;0.72266;0.73242;0.74219;0.75195;0.76172;0.77148;0.78125;0.79102,0.013327359999999998;0.018790400000000002;0.02963968;0.03830272;0.26872832;2.19233792;5.01290496;3.3213388800000003;1.33082112;1.4193203199999997;1.16724224;0.9178112;0.7427071999999999;0.86280192;0.77968384;1.1177983999999999;0.80692736;0.3258112;0.19219968;0.22900736;0.19260416;0.20786688;0.21593088;0.18481663999999998;0.16101887999999998;0.10624;0.10681855999999999;0.1304832;0.10597887999999998;0.08000512000000001;0.0439808;0.06376960000000001;0.0657152;0.05931008;0.044083199999999996;0.050176;0.05325824;0.03155456;0.03231232;0.048532479999999996;0.044928;0.033664;0.02731008;0.03649024;0.03649024;0.0287232;0.01642496;0.01219584;0.024857599999999997;0.02624;0.015482880000000001;0.01567232;0.010987519999999999;0.005283839999999999;0.00904192;0.011607039999999999;0.010752;0.00700928;0.00838144;0.007828479999999999;0.0051968000000000006;0.004152319999999999;0.005816320000000001;0.005632;0.00397824;0.00364544;0.00287744;0.00288256;0.00319488;0.00406528;0.00271872;0.00388096;0.00359936;0.0027392;0.0019968;0.0021196799999999997;0.0021196799999999997;0.00173568;0.00187392
1790400600,hdr,0.0293;0.03906;0.04883;0.05859;0.06836;0.07813;0.08789;0.09766;0.10742;0.11719;0.12695;0.13672;0.14648;0.15625;0.16602;0.17578;0.18555;0.19531;0.20508;0.21484;0.22461;0.23438;0.24414;0.25391;0.26367;0.27344;0.2832;0.29297;0.30273;0.3125;0.32227;0.33203;0.3418;0.35156;0.36133;0.37109;0.38086;0.39063;0.40039;0.41016;0.41992;0.42969;0.43945;0.44922;0.45898;0.46875;0.47852;0.48828;0.49805;0.50781;0.51758;0.52734;0.53711;0.54688;0.55664;0.56641;0.57617;0.58594;0.5957;0.60547;0.61523;0.625;0.63477;0.64453;0.6543;0.66406;0.67383;0.68359;0.69336;0.70313;0.71289;0.72266;0.73242;0.74219;0.75195;0.76172;0.77148;0.78125;0.79102,0.001265664;0.006746112;0.007566335999999999;0.015286272;0.284049408;1.678301184;2.8890224639999995;2.178388992;1.746048;1.524252672;1.2151879680000002;0.746953728;0.672039936;0.513125376;0.62487552;0.7363614719999999;0.986099712;0.572961792;0.298211328;0.26900889599999994;0.20975615999999997;0.22530048;0.250263552;0.173816832;0.194952192;0.19095552;0.15401472;0.105440256;0.075500544;0.08542924800000001;0.103130112;0.086774784;0.076689408;0.062733312;0.0400896;0.047434752000000004;0.052743168;0.03234816;0.041628672;0.043345919999999996;0.029174784;0.026425344;0.019780608;0.021101567999999998;0.023258111999999997;0.026302464;0.03004416;0.022520831999999998;0.017737727999999998;0.014152704;0.0150528;0.013145088;0.01055232;0.00973824;0.011056128;0.012398591999999998;0.006153216;0.006260736;0.007252991999999999;0.004703232;0.005839871999999999;0.0052746239999999995;0.0036096000000000006;0.0049305600000000005;0.005858304;0.00500736;0.004251648;0.004374527999999999;0.004082688;0.00362496;0.002574336;0.0018309119999999999;0.0021288960000000003;0.002371584;0.0029306880000000003;0.0025712639999999998;0.0015421439999999998;0.0015544320000000003;0.0013823999999999998
1790401500,hdr,0.0293;0.03906;0.04883;0.05859;0.06836;0.07813;0.08789;0.09766;0.10742;0.11719;0.12695;0.13672;0.14648;0.15625;0.16602;0.17578;0.18555;0.19531;0.20508;0.21484;0.22461;0.23438;0.24414;0.25391;0.26367;0.27344;0.2832;0.29297;0.30273;0.3125;0.32227;0.33203;0.3418;0.35156;0.36133;0.37109;0.38086;0.39063;0.40039;0.41016;0.41992;0.42969;0.43945;0.44922;0.45898;0.46875;0.47852;0.48828;0.49805;0.50781;0.51758;0.52734;0.53711;0.54688;0.55664;0.56641;0.57617;0.58594;0.5957;0.60547;0.61523;0.625;0.63477;0.64453;0.6543;0.66406;0.67383;0.68359;0.69336;0.70313;0.71289;0.72266;0.73242;0.74219;0.75195;0.76172;0.77148;0.78125;0.79102,0.007778304;0.033318912;0.035632128;0.035146752;0.27558912;1.6087265279999998;2.460616704;2.391456768;1.23652608;0.526104576;0.568292352;0.811957248;0.924198912;0.963572736;0.796597248;0.843703296;0.546023424;0.49764864000000003;0.326252544;0.26253312;0.12442214400000001;0.135518208;0.143732736;0.186181632;0.226784256;0.160951296;0.16150425599999998;0.099032064;0.082937856;0.09971404800000001;0.074145792;0.063535104;0.062748672;0.08010854399999999;0.07516569599999999;0.068262912;0.06865305599999999;0.047382528;0.037843968;0.032323583999999995;0.024477696;0.029236223999999998;0.030547968;0.023218176;0.02747904;0.030680064;0.020487167999999997;0.01924608;0.021239808000000002;0.024462335999999998;0.015307775999999999;0.012275712000000001;0.010063872;0.008945664;0.009151488;0.01287168;0.00841728;0.008103936;0.007707648;0.007133183999999999;0.004786176;0.005071871999999999;0.0045649919999999995;0.006291456;0.008260608000000001;0.008890368000000001;0.0043929600000000004;0.003345408;0.005305344;0.0035604480000000003;0.003201024;0.00356352;0.00413184;0.003803136;0.002515968;0.0022394880000000004;0.001861632;0.0020705280000000003;0.001880064
1790402400,hdr,0.0293;0.03906;0.04883;0.05859;0.06836;0.07813;0.08789;0.09766;0.10742;0.11719;0.12695;0.13672;0.14648;0.15625;0.16602;0.17578;0.18555;0.19531;0.20508;0.21484;0.22461;0.23438;0.24414;0.25391;0.26367;0.27344;0.2832;0.29297;0.30273;0.3125;0.32227;0.33203;0.3418;0.35156;0.36133;0.37109;0.38086;0.39063;0.40039;0.41016;0.41992;0.42969;0.43945;0.44922;0.45898;0.46875;0.47852;0.48828;0.49805;0.50781;0.51758;0.52734;0.53711;0.54688;0.55664;0.56641;0.57617;0.58594;0.5957;0.60547;0.61523;0.625;0.63477;0.64453;0.6543;0.66406;0.67383;0.68359;0.69336;0.70313;0.71289;0.72266;0.73242;0.74219;0.75195;0.76172;0.77148;0.78125;0.79102,0.014681088000000002;0.020422655999999997;0.01846272;0.048721919999999995;0.327816192;2.032536576;2.9000263680000002;2.359953408;0.800166912;0.5887057920000001;0.7584460799999999;0.87932928;0.627618816;0.426743808;0.682165248;0.771376128;0.5434122239999999;0.378402816;0.33406463999999997;0.376578048;0.362379264;0.20352307200000003;0.14057164800000002;0.20006092800000003;0.172459008;0.137293824;0.1281792;0.106205184;0.07570944;0.079899648;0.06980505599999999;0.0420864;0.0589824;0.067703808;0.049569792;0.045136896;0.039250944;0.031890431999999996;0.037229568;0.039631872;0.0327168;0.033137664;0.035346432000000004;0.036728832;0.026397696;0.017513472000000002;0.016982016;0.015209472;0.014610432;0.017664;0.013372416000000002;0.007790592000000001;0.007627776;0.009065472;0.008927232;0.010825728;0.00772608;0.007148544;0.0072038399999999995;0.005993472;0.008994816000000001;0.008755200000000001;0.005099520000000001;0.0031426559999999997;0.002758656;0.002623488;0.0037908480000000003;0.0039720960000000005;0.003864576;0.003766272;0.00385536;0.003615744;0.003158016;0.0034805759999999995;0.002850816;0.001870848;0.00210432;0.0024791039999999998;0.00244224
1790403300,hdr,0.0293;0.03906;0.04883;0.05859;0.06836;0.07813;0.08789;0.09766;0.10742;0.11719;0.12695;0.13672;0.14648;0.15625;0.16602;0.17578;0.18555;0.19531;0.20508;0.21484;0.22461;0.23438;0.24414;0.25391;0.26367;0.27344;0.2832;0.29297;0.30273;0.3125;0.32227;0.33203;0.3418;0.35156;0.36133;0.37109;0.38086;0.39063;0.40039;0.41016;0.41992;0.42969;0.43945;0.44922;0.45898;0.46875;0.47852;0.48828;0.49805;0.50781;0.51758;0.52734;0.53711;0.54688;0.55664;0.56641;0.57617;0.58594;0.5957;0.60547;0.61523;0.625;0.63477;0.64453;0.6543;0.66406;0.67383;0.68359;0.69336;0.70313;0.71289;0.72266;0.73242;0.74219;0.75195;0.76172;0.77148;0.78125;0.79102,0.0033546239999999996;0.011739136;0.014739456;0.022632448;0.256974848;0.8691077119999999;1.63356672;1.8545561600000002;0.745875456;0.7100129279999999;0.71368704;0.458625024;0.650223616;0.568967168;0.427872256;0.703248384;0.83422208;0.5854208;0.335742976;0.21017190400000002;0.170033152;0.131633152;0.20015104;0.31468953599999994;0.25276825599999997;0.16681984;0.130496512;0.09975808;0.084293632;0.07110656;0.054298624;0.062775296;0.06734438400000001;0.05571174400000001;0.070385664;0.045522944;0.05049344;0.036999168;0.029671424;0.02146304;0.02097152;0.025206784;0.024608768;0.021807104;0.02006016;0.016889856;0.012617728;0.010643456;0.0121344;0.011010048;0.014442496;0.012937215999999998;0.012689408;0.012005376;0.010172416;0.007415808;0.009490432;0.008011775999999998;0.004169728;0.005115903999999999;0.006590464;0.0055111679999999994;0.004478976000000001;0.005947392;0.004767744000000001;0.00621568;0.006881280000000001;0.0035717120000000003;0.00453632;0.00364544;0.001959936;0.002535424;0.002828288;0.002746368;0.001984512;0.0015769599999999999;0.001931264;0.002828288;0.0024330239999999998
1790404200,hdr,0.0293;0.03906;0.04883;0.05859;0.06836;0.07813;0.08789;0.09766;0.10742;0.11719;0.12695;0.13672;0.14648;0.15625;0.16602;0.17578;0.18555;0.19531;0.20508;0.21484;0.22461;0.23438;0.24414;0.25391;0.26367;0.27344;0.2832;0.29297;0.30273;0.3125;0.32227;0.33203;0.3418;0.35156;0.36133;0.37109;0.38086;0.39063;0.40039;0.41016;0.41992;0.42969;0.43945;0.44922;0.45898;0.46875;0.47852;0.48828;0.49805;0.50781;0.51758;0.52734;0.53711;0.54688;0.55664;0.56641;0.57617;0.58594;0.5957;0.60547;0.61523;0.625;0.63477;0.64453;0.6543;0.66406;0.67383;0.68359;0.69336;0.70313;0.71289;0.72266;0.73242;0.74219;0.75195;0.76172;0.77148;0.78125;0.79102,0.006825984;0.02486784;0.025033727999999998;0.038611968;0.339566592;1.5367526400000002;2.212641792;1.168607232;0.40014643200000005;0.34429439999999994;0.655561728;0.852808704;0.9783951359999999;0.911333376;0.545670144;0.7310407680000001;0.7435653120000001;0.6321192959999999;0.42264268800000004;0.296828928;0.169641984;0.133413888;0.180206592;0.159814656;0.154831872;0.119734272;0.132744192;0.129153024;0.08112844799999999;0.07084032000000001;0.071304192;0.061292544000000004;0.047164416;0.042722303999999996;0.037933056;0.025715711999999998;0.047139839999999995;0.041213952000000005;0.039192576;0.040559616;0.05127168;0.04548096;0.034480128;0.026502144;0.018745344;0.027021312000000002;0.017203200000000002;0.011406336000000001;0.012269568000000002;0.010914816;0.013363199999999999;0.00820224;0.008580095999999999;0.013418496;0.011814912;0.009747456;0.012229631999999999;0.009265152;0.007646208;0.005689344;0.006107136000000001;0.006555648;0.006027264000000001;0.003815424;0.005065728;0.005609472;0.0043530240000000005;0.00241152;0.003035136;0.0028600319999999998;0.0034744320000000004;0.0030935040000000004;0.002233344;0.0033423359999999996;0.0018524160000000002;0.002159616;0.002500608;0.0026111999999999997;0.001846272
1790405100,hdr,0.0293;0.03906;0.04883;0.05859;0.06836;0.07813;0.08789;0.09766;0.10742;0.11719;0.12695;0.13672;0.14648;0.15625;0.16602;0.17578;0.18555;0.19531;0.20508;0.21484;0.22461;0.23438;0.24414;0.25391;0.26367;0.27344;0.2832;0.29297;0.30273;0.3125;0.32227;0.33203;0.3418;0.35156;0.36133;0.37109;0.38086;0.39063;0.40039;0.41016;0.41992;0.42969;0.43945;0.44922;0.45898;0.46875;0.47852;0.48828;0.49805;0.50781;0.51758;0.52734;0.53711;0.54688;0.55664;0.56641;0.57617;0.58594;0.5957;0.60547;0.61523;0.625;0.63477;0.64453;0.6543;0.66406;0.67383;0.68359;0.69336;0.70313;0.71289;0.72266;0.73242;0.74219;0.75195;0.76172;0.77148;0.78125;0.79102,0.009357312;0.019150847999999998;0.016736255999999998;0.032237568;0.188242944;0.701426688;2.851325952;2.903906304;1.193253888;0.473769984;0.480617472;0.6691307519999999;0.692662272;0.62519808;0.626589696;0.625926144;0.64318464;0.69545472;0.308115456;0.16639488;0.173743104;0.29239296000000004;0.26344243199999995;0.18873446400000002;0.204890112;0.143935488;0.12108287999999999;0.12442214400000001;0.10500096;0.074846208;0.038532095999999995;0.058693632;0.095259648;0.061415423999999996;0.038009856;0.037045248;0.038943743999999995;0.039607296;0.027743232000000003;0.023079936;0.028925952;0.025003008;0.022437888;0.023553024000000002;0.026474496000000004;0.027396096;0.026907647999999996;0.023227392;0.017461248;0.011421696;0.01706496;0.015470591999999998;0.009987072;0.011077632;0.010008576000000002;0.00669696;0.005612544;0.0059811840000000005;0.010186752;0.0089088;0.0059965439999999995;0.004896768;0.004942848;0.006460415999999999;0.006337536;0.004509696;0.0027402240000000003;0.0027740160000000002;0.003603456;0.002095104;0.002721792;0.0038676479999999996;0.003314688;0.0027678719999999998;0.002817024;0.002804736;0.00279552;0.001932288;0.001256448
1790406000,hdr,0.0293;0.03906;0.04883;0.05859;0.06836;0.07813;0.08789;0.09766;0.10742;0.11719;0.12695;0.13672;0.14648;0.15625;0.16602;0.17578;0.18555;0.19531;0.20508;0.21484;0.22461;0.23438;0.24414;0.25391;0.26367;0.27344;0.2832;0.29297;0.30273;0.3125;0.32227;0.33203;0.3418;0.35156;0.36133;0.37109;0.38086;0.39063;0.40039;0.41016;0.41992;0.42969;0.43945;0.44922;0.45898;0.46875;0.47852;0.48828;0.49805;0.50781;0.51758;0.52734;0.53711;0.54688;0.55664;0.56641;0.57617;0.58594;0.5957;0.60547;0.61523;0.625;0.63477;0.64453;0.6543;0.66406;0.67383;0.68359;0.69336;0.70313;0.71289;0.72266;0.73242;0.74219;0.75195;0.76172;0.77148;0.78125;0.79102,0.0055633919999999995;0.00920064;0.010211327999999999;0.032277504;0.195821568;1.085761536;2.5237125119999995;2.350642176;1.293447168;0.686733312;0.6042040320000001;0.39229747200000004;0.31628697599999994;0.347099136;0.437609472;0.402668544;0.422667264;0.518335488;0.2512896;0.20425727999999996;0.18006835200000001;0.151855104;0.186129408;0.150684672;0.126698496;0.15658905599999998;0.16547942399999999;0.10480128;0.065691648;0.040326144;0.043779072;0.036578304;0.026704895999999995;0.024373248;0.033970176;0.035165184;0.036307968;0.026775552;0.0178944;0.014760960000000002;0.021451776;0.023678975999999997;0.021798912;0.013956096000000001;0.022530048000000004;0.028498944000000002;0.019049471999999998;0.013581311999999998;0.013873152;0.017928192;0.012807167999999999;0.009209855999999999;0.006985728;0.008712191999999999;0.010761216;0.009725952;0.012063744000000001;0.005354496;0.005809152;0.005732352;0.004518912;0.006119424;0.005056512;0.004583424;0.005044224;0.004168704;0.003649536;0.0037048320000000004;0.002531328;0.0041441279999999995;0.0036096000000000006;0.003999744;0.0029245440000000003;0.001287168;0.0010598399999999998;0.001975296;0.002832384;0.0025866239999999996;0.0021626880000000003
1790406900,hdr,0.0293;0.03906;0.04883;0.05859;0.06836;0.07813;0.08789;0.09766;0.10742;0.11719;0.12695;0.13672;0.14648;0.15625;0.16602;0.17578;0.18555;0.19531;0.20508;0.21484;0.22461;0.23438;0.24414;0.25391;0.26367;0.27344;0.2832;0.29297;0.30273;0.3125;0.32227;0.33203;0.3418;0.35156;0.36133;0.37109;0.38086;0.39063;0.40039;0.41016;0.41992;0.42969;0.43945;0.44922;0.45898;0.46875;0.47852;0.48828;0.49805;0.50781;0.51758;0.52734;0.53711;0.54688;0.55664;0.56641;0.57617;0.58594;0.5957;0.60547;0.61523;0.625;0.63477;0.64453;0.6543;0.66406;0.67383;0.68359;0.69336;0.70313;0.71289;0.72266;0.73242;0.74219;0.75195;0.76172;0.77148;0.78125;0.79102,0.01087488;0.018962432;0.027201536;0.030365696;0.133289984;1.0710937600000001;1.7737031680000002;1.7794805759999999;0.7917998079999999;0.5377249279999999;0.742467584;0.454664192;0.37549056;0.257284096;0.311527424;0.400437248;0.350492672;0.38351872;0.392071168;0.35834060799999995;0.212998144;0.206292992;0.230557696;0.210432;0.204578816;0.221581312;0.163530752;0.179249152;0.13573939200000001;0.075341824;0.055496704;0.047648767999999994;0.042115072;0.037834752;0.044130304;0.052791296;0.043380735999999996;0.029472768;0.023228416;0.018440191999999998;0.013031424;0.027049983999999996;0.027713536;0.018939903999999997;0.016396288;0.012980224;0.008034304;0.008716288;0.016541696000000005;0.016328704;0.011261952;0.010872832;0.015493119999999999;0.011937792;0.008624128;0.009093120000000001;0.006266879999999999;0.004102144;0.004734975999999999;0.006324224;0.004538368;0.00377856;0.004210688;0.0033218559999999998;0.005746688;0.0050524160000000005;0.003641344;0.0041512960000000005;0.0034754559999999996;0.002633728;0.002992128;0.0027893759999999997;0.001910784;0.0021196799999999997;0.002258944;0.001480704;0.0024801280000000003;0.0023511039999999997;0.0018042879999999998
1790407800,hdr,0.0293;0.03906;0.04883;0.05859;0.06836;0.07813;0.08789;0.09766;0.10742;0.11719;0.12695;0.13672;0.14648;0.15625;0.16602;0.17578;0.18555;0.19531;0.20508;0.21484;0.22461;0.23438;0.24414;0.25391;0.26367;0.27344;0.2832;0.29297;0.30273;0.3125;0.32227;0.33203;0.3418;0.35156;0.36133;0.37109;0.38086;0.39063;0.40039;0.41016;0.41992;0.42969;0.43945;0.44922;0.45898;0.46875;0.47852;0.48828;0.49805;0.50781;0.51758;0.52734;0.53711;0.54688;0.55664;0.56641;0.57617;0.58594;0.5957;0.60547;0.61523;0.625;0.63477;0.64453;0.6543;0.66406;0.67383;0.68359;0.69336;0.70313;0.71289;0.72266;0.73242;0.74219;0.75195;0.76172;0.77148;0.78125;0.79102,0.009209855999999999;0.012822527999999998;0.013366271999999998;0.034096127999999996;0.237275136;0.9272586239999999;2.418183168;1.8902016;0.9847050239999999;0.7398236159999999;0.49352601599999996;0.301077504;0.26505523200000003;0.343962624;0.33779712;0.49573171199999994;0.537136128;0.40220160000000005;0.339412992;0.241579008;0.16867123200000003;0.165715968;0.183349248;0.17200435199999997;0.144024576;0.142513152;0.062601216;0.056788991999999996;0.110066688;0.10271846400000001;0.088593408;0.071402496;0.045874176;0.020880384000000002;0.025872384000000002;0.024870912000000005;0.047465472;0.03818496;0.031801344;0.018619392;0.011123712;0.020247552;0.019709952000000003;0.014985216;0.016318464;0.013913088;0.017421311999999998;0.026750976000000003;0.021556224;0.013314048;0.009649152;0.011602943999999999;0.012936192000000001;0.009406464;0.006856704;0.009335808000000001;0.00709632;0.00715776;0.007707648;0.005830656;0.00542208;0.005081088000000001;0.007759872;0.006982656;0.00554496;0.0038338559999999996;0.005833728;0.0051425279999999995;0.002632704;0.002245632;0.002574336;0.002681856;0.0024084479999999997;0.001523712;0.001932288;0.0018401280000000001;0.002989056;0.002706432;0.0016588800000000002
1790408700,hdr,0.0293;0.03906;0.04883;0.05859;0.06836;0.07813;0.08789;0.09766;0.10742;0.11719;0.12695;0.13672;0.14648;0.15625;0.16602;0.17578;0.18555;0.19531;0.20508;0.21484;0.22461;0.23438;0.24414;0.25391;0.26367;0.27344;0.2832;0.29297;0.30273;0.3125;0.32227;0.33203;0.3418;0.35156;0.36133;0.37109;0.38086;0.39063;0.40039;0.41016;0.41992;0.42969;0.43945;0.44922;0.45898;0.46875;0.47852;0.48828;0.49805;0.50781;0.51758;0.52734;0.53711;0.54688;0.55664;0.56641;0.57617;0.58594;0.5957;0.60547;0.61523;0.625;0.63477;0.64453;0.6543;0.66406;0.67383;0.68359;0.69336;0.70313;0.71289;0.72266;0.73242;0.74219;0.75195;0.76172;0.77148;0.78125;0.79102,0.009740288;0.013352959999999999;0.017420288;0.030957567999999998;0.139085824;0.7410688000000001;1.790578688;1.009190912;0.48633856;0.421793792;0.78379008;0.63340544;0.499843072;0.372248576;0.22075392;0.280526848;0.488470528;0.351598592;0.307554304;0.33261158399999996;0.252669952;0.29273088;0.20953292799999998;0.16719667200000002;0.173508608;0.130729984;0.12208332799999999;0.130758656;0.11458560000000001;0.063322112;0.045524992;0.04007936;0.035971072;0.03914752;0.034013184;0.036003839999999995;0.035567616;0.025249791999999997;0.015577088;0.020654080000000002;0.022183935999999998;0.017952768;0.021342207999999998;0.016427008000000003;0.016627712;0.013967359999999998;0.015374335999999999;0.013053952;0.011014144;0.012201984;0.011311103999999999;0.011759616;0.009091072;0.006858752;0.005216255999999999;0.004343808;0.0042659840000000004;0.006756352;0.005634048;0.00387072;0.003493888;0.004153344;0.004683776;0.004927488000000001;0.0034754559999999996;0.003168256;0.003149824;0.004100095999999999;0.003618816;0.003262464;0.002236416;0.0016384000000000001;0.001298432;0.002009088;0.002021376;0.002134016;0.00150528;0.001251328;0.0019189760000000002
1790409600,hdr,0.0293;0.03906;0.04883;0.05859;0.06836;0.07813;0.08789;0.09766;0.10742;0.11719;0.12695;0.13672;0.14648;0.15625;0.16602;0.17578;0.18555;0.19531;0.20508;0.21484;0.22461;0.23438;0.24414;0.25391;0.26367;0.27344;0.2832;0.29297;0.30273;0.3125;0.32227;0.33203;0.3418;0.35156;0.36133;0.37109;0.38086;0.39063;0.40039;0.41016;0.41992;0.42969;0.43945;0.44922;0.45898;0.46875;0.47852;0.48828;0.49805;0.50781;0.51758;0.52734;0.53711;0.54688;0.55664;0.56641;0.57617;0.58594;0.5957;0.60547;0.61523;0.625;0.63477;0.64453;0.6543;0.66406;0.67383;0.68359;0.69336;0.70313;0.71289;0.72266;0.73242;0.74219;0.75195;0.76172;0.77148;0.78125;0.79102,0.007895039999999999;0.021547008000000003;0.025519104;0.030609408000000005;0.143222784;0.857020416;2.9052733440000003;2.19351552;0.6618316799999999;0.5239203840000001;0.459082752;0.36151296;0.351307776;0.346979328;0.32027443200000005;0.580353024;0.5743534079999999;0.565484544;0.611463168;0.336768;0.158297088;0.081764352;0.13121433600000001;0.157814784;0.13963161600000001;0.20877619199999997;0.16678195199999998;0.106294272;0.067934208;0.091742208;0.070207488;0.040126464;0.037057536;0.051612672;0.046199807999999995;0.04429824;0.041223168;0.034056192000000006;0.03643392000000001;0.022907904;0.026237952000000002;0.020686848;0.012527616;0.011372544;0.022232064000000003;0.025731072;0.024152063999999997;0.019132416000000003;0.01339392;0.008835072;0.008742912;0.008011776;0.00542208;0.00631296;0.005787648;0.0055480320000000005;0.004657152;0.006669312000000001;0.009240575999999999;0.009415680000000001;0.004819968;0.003800064;0.004128768;0.0031979520000000004;0.004500479999999999;0.00480768;0.003262464;0.002316288;0.0028538879999999997;0.0023807999999999998;0.003059712;0.003032064;0.0033853439999999998;0.0031641600000000005;0.002371584;0.0027740160000000002;0.0018432;0.0029460479999999997;0.0033024
1790410500,hdr,0.0293;0.03906;0.04883;0.05859;0.06836;0.07813;0.08789;0.09766;0.10742;0.11719;0.12695;0.13672;0.14648;0.15625;0.16602;0.17578;0.18555;0.19531;0.20508;0.21484;0.22461;0.23438;0.24414;0.25391;0.26367;0.27344;0.2832;0.29297;0.30273;0.3125;0.32227;0.33203;0.3418;0.35156;0.36133;0.37109;0.38086;0.39063;0.40039;0.41016;0.41992;0.42969;0.43945;0.44922;0.45898;0.46875;0.47852;0.48828;0.49805;0.50781;0.51758;0.52734;0.53711;0.54688;0.55664;0.56641;0.57617;0.58594;0.5957;0.60547;0.61523;0.625;0.63477;0.64453;0.6543;0.66406;0.67383;0.68359;0.69336;0.70313;0.71289;0.72266;0.73242;0.74219;0.75195;0.76172;0.77148;0.78125;0.79102,0.00826368;0.025933824;0.036040704;0.017415168;0.169817088;1.016976384;2.05926912;2.063066112;0.64585728;0.452149248;0.5611929600000001;0.5188239360000001;0.30680064;0.30363648;0.360526848;0.41997619199999997;0.416197632;0.32679936;0.30163967999999997;0.331392;0.24692121600000003;0.120987648;0.155344896;0.164576256;0.163467264;0.173758464;0.127675392;0.060029952;0.06706483199999999;0.053520384;0.033868800000000004;0.035361792;0.043431936000000004;0.041312256;0.031921152;0.029457408;0.035567616;0.027614208;0.025396224;0.020487167999999997;0.028732416;0.020422655999999997;0.021851136000000004;0.034096127999999996;0.025645055999999996;0.017829888;0.010733568;0.010641408;0.010810368;0.010263552;0.010054655999999999;0.0085248;0.005566464;0.005495808;0.0069550079999999995;0.007504896;0.007329792000000001;0.00410112;0.0037632;0.0045649919999999995;0.003572736;0.004740096;0.005151744000000001;0.00416256;0.0031641600000000005;0.0035911679999999996;0.0032563199999999996;0.001591296;0.002644992;0.0030074880000000004;0.00281088;0.0029952;0.002869248;0.002835456;0.002688;0.0018309119999999999;0.001803264;0.00172032;0.002592768
1790411400,hdr,0.0293;0.03906;0.04883;0.05859;0.06836;0.07813;0.08789;0.09766;0.10742;0.11719;0.12695;0.13672;0.14648;0.15625;0.16602;0.17578;0.18555;0.19531;0.20508;0.21484;0.22461;0.23438;0.24414;0.25391;0.26367;0.27344;0.2832;0.29297;0.30273;0.3125;0.32227;0.33203;0.3418;0.35156;0.36133;0.37109;0.38086;0.39063;0.40039;0.41016;0.41992;0.42969;0.43945;0.44922;0.45898;0.46875;0.47852;0.48828;0.49805;0.50781;0.51758;0.52734;0.53711;0.54688;0.55664;0.56641;0.57617;0.58594;0.5957;0.60547;0.61523;0.625;0.63477;0.64453;0.6543;0.66406;0.67383;0.68359;0.69336;0.70313;0.71289;0.72266;0.73242;0.74219;0.75195;0.76172;0.77148;0.78125;0.79102,0.013605887999999998;0.021648384000000003;0.019590144;0.017627135999999998;0.11025100799999998;0.759109632;2.280674304;1.894155264;0.8967813119999999;0.909732864;0.60727296;0.48861696000000004;0.34061107199999996;0.32065536;0.33996288;0.45616128;0.394435584;0.370578432;0.26136883200000005;0.234169344;0.23483289599999999;0.242276352;0.204023808;0.11979878399999999;0.118342656;0.10819584000000002;0.106518528;0.09491865599999999;0.07307366400000001;0.10226073599999999;0.11783577600000002;0.08867942399999999;0.039840768;0.044006399999999994;0.041981951999999996;0.02801664;0.025482240000000003;0.019885056;0.01626624;0.023033856;0.018597888000000003;0.010420224;0.013661184000000002;0.016705536;0.018238464;0.019239936000000003;0.015541247999999999;0.012331008;0.010343424;0.010715136;0.011633664;0.01356288;0.01196544;0.008856576000000001;0.007723008000000001;0.00764928;0.0082944;0.005673983999999999;0.004976639999999999;0.0034775039999999998;0.0056524800000000005;0.007701504;0.006564863999999999;0.005090304;0.006454272;0.004386816;0.003760128;0.004783104000000001;0.002881536;0.002402304;0.002515968;0.0021288960000000003;0.0026111999999999997;0.002746368;0.00365568;0.002592768;0.0024207359999999997;0.0014192640000000002;0.0014684160000000002
1790412300,hdr,0.0293;0.03906;0.04883;0.05859;0.06836;0.07813;0.08789;0.09766;0.10742;0.11719;0.12695;0.13672;0.14648;0.15625;0.16602;0.17578;0.18555;0.19531;0.20508;0.21484;0.22461;0.23438;0.24414;0.25391;0.26367;0.27344;0.2832;0.29297;0.30273;0.3125;0.32227;0.33203;0.3418;0.35156;0.36133;0.37109;0.38086;0.39063;0.40039;0.41016;0.41992;0.42969;0.43945;0.44922;0.45898;0.46875;0.47852;0.48828;0.49805;0.50781;0.51758;0.52734;0.53711;0.54688;0.55664;0.56641;0.57617;0.58594;0.5957;0.60547;0.61523;0.625;0.63477;0.64453;0.6543;0.66406;0.67383;0.68359;0.69336;0.70313;0.71289;0.72266;0.73242;0.74219;0.75195;0.76172;0.77148;0.78125;0.79102,0.009172992;0.014223359999999999;0.01447936;0.012204032;0.169289728;1.227401216;1.774737408;1.619417088;1.004269568;0.42346700800000003;0.624719872;0.43840102400000003;0.30064640000000004;0.265781248;0.343386112;0.501059584;0.544866304;0.36836761599999995;0.266164224;0.151814144;0.241819648;0.41835520000000004;0.39630233600000003;0.17771110399999998;0.162691072;0.155281408;0.107157504;0.09163366399999999;0.112195584;0.079720448;0.036532224;0.039917568;0.044900352;0.027783168;0.025886720000000002;0.025929728;0.021389312;0.024008704000000002;0.020299776000000002;0.01575936;0.014921727999999999;0.015364095999999999;0.021559296;0.017074176000000003;0.019365888;0.01509376;0.008558592;0.009162751999999998;0.008165376;0.010287104;0.011143168;0.007235584;0.005537792;0.006301696;0.0054435840000000004;0.0067481600000000004;0.007340032;0.006785024000000001;0.006160384;0.00746496;0.007243776;0.006076416;0.00463872;0.003749888;0.004089856;0.005251072;0.004378624000000001;0.004304896000000001;0.003469312;0.0024883199999999996;0.0018288640000000001;0.002275328;0.004220928;0.002777088;0.0016097280000000002;0.002412544;0.00236544;0.002412544;0.0011714560000000002
1790413200,hdr,0.0293;0.03906;0.04883;0.05859;0.06836;0.07813;0.08789;0.09766;0.10742;0.11719;0.12695;0.13672;0.14648;0.15625;0.16602;0.17578;0.18555;0.19531;0.20508;0.21484;0.22461;0.23438;0.24414;0.25391;0.26367;0.27344;0.2832;0.29297;0.30273;0.3125;0.32227;0.33203;0.3418;0.35156;0.36133;0.37109;0.38086;0.39063;0.40039;0.41016;0.41992;0.42969;0.43945;0.44922;0.45898;0.46875;0.47852;0.48828;0.49805;0.50781;0.51758;0.52734;0.53711;0.54688;0.55664;0.56641;0.57617;0.58594;0.5957;0.60547;0.61523;0.625;0.63477;0.64453;0.6543;0.66406;0.67383;0.68359;0.69336;0.70313;0.71289;0.72266;0.73242;0.74219;0.75195;0.76172;0.77148;0.78125;0.79102,0.052617216;0.06269337600000001;0.06129664;0.06516736000000001;0.141733888;0.5783408640000001;1.576538112;1.589065728;0.8488140799999999;0.5084549119999999;0.430030848;0.174348288;0.24498380800000003;0.29557760000000005;0.633731072;0.818546688;0.712859648;0.427421696;0.41988096;0.502761472;0.409612288;0.249403392;0.21102182400000002;0.119207936;0.114669568;0.19736780799999998;0.200953856;0.14108876799999998;0.096229376;0.07654809600000001;0.073304064;0.07098572799999998;0.053958655999999994;0.050147328;0.03753984;0.04232192;0.033783808;0.031850496;0.035313664;0.030425088;0.022028288;0.023545856;0.014018560000000001;0.014039040000000001;0.013785088;0.011892736;0.020363264;0.02248704;0.018737151999999997;0.009644031999999999;0.010213376;0.009637888;0.013090816;0.013395968000000001;0.008597504;0.006998015999999999;0.0070246399999999995;0.008060928;0.005134336000000001;0.004743168;0.005046272;0.004661248;0.004227072;0.004190208000000001;0.004624384;0.005144576;0.006754304;0.005896192;0.005412864;0.003301376;0.004050944000000001;0.00345088;0.002859008;0.00251904;0.003375104;0.003016704;0.0036966399999999997;0.002322432;0.0021504000000000002
1790414100,hdr,0.0293;0.03906;0.04883;0.05859;0.06836;0.07813;0.08789;0.09766;0.10742;0.11719;0.12695;0.13672;0.14648;0.15625;0.16602;0.17578;0.18555;0.19531;0.20508;0.21484;0.22461;0.23438;0.24414;0.25391;0.26367;0.27344;0.2832;0.29297;0.30273;0.3125;0.32227;0.33203;0.3418;0.35156;0.36133;0.37109;0.38086;0.39063;0.40039;0.41016;0.41992;0.42969;0.43945;0.44922;0.45898;0.46875;0.47852;0.48828;0.49805;0.50781;0.51758;0.52734;0.53711;0.54688;0.55664;0.56641;0.57617;0.58594;0.5957;0.60547;0.61523;0.625;0.63477;0.64453;0.6543;0.66406;0.67383;0.68359;0.69336;0.70313;0.71289;0.72266;0.73242;0.74219;0.75195;0.76172;0.77148;0.78125;0.79102,0.007130112;0.009778176;0.016932864000000002;0.026363903999999997;0.1775616;0.662974464;1.756148736;2.0756336639999997;1.25323776;0.663078912;0.53551104;0.382396416;0.33073152;0.31129804799999994;0.362548224;0.619029504;0.648674304;0.415005696;0.31209984;0.3330048;0.38940672000000004;0.347900928;0.18010521599999998;0.17507635200000002;0.23940403200000002;0.278808576;0.281315328;0.150598656;0.123961344;0.08518656;0.06061056000000001;0.07872;0.10143744;0.083023872;0.059879424;0.034040832;0.02767872;0.04380672;0.06418944;0.033788928;0.03346944;0.045348864;0.025863168;0.019989504;0.017295359999999996;0.017538048;0.01867776;0.010426368;0.013452288;0.009716736;0.016008192;0.014324736;0.006199295999999999;0.007437312;0.011986944;0.008214528;0.006331392;0.006764544;0.006592512;0.008103936;0.006294528000000001;0.004752384;0.0047339520000000005;0.0028262400000000003;0.0027863040000000003;0.003910656;0.003130368;0.001870848;0.002884608;0.004128768;0.005087232;0.0057200639999999995;0.003268608;0.0020705280000000003;0.00327168;0.003815424;0.0016373760000000003;0.002399232;0.0033085440000000005
1790415000,hdr,0.0293;0.03906;0.04883;0.05859;0.06836;0.07813;0.08789;0.09766;0.10742;0.11719;0.12695;0.13672;0.14648;0.15625;0.16602;0.17578;0.18555;0.19531;0.20508;0.21484;0.22461;0.23438;0.24414;0.25391;0.26367;0.27344;0.2832;0.29297;0.30273;0.3125;0.32227;0.33203;0.3418;0.35156;0.36133;0.37109;0.38086;0.39063;0.40039;0.41016;0.41992;0.42969;0.43945;0.44922;0.45898;0.46875;0.47852;0.48828;0.49805;0.50781;0.51758;0.52734;0.53711;0.54688;0.55664;0.56641;0.57617;0.58594;0.5957;0.60547;0.61523;0.625;0.63477;0.64453;0.6543;0.66406;0.67383;0.68359;0.69336;0.70313;0.71289;0.72266;0.73242;0.74219;0.75195;0.76172;0.77148;0.78125;0.79102,0.010831872000000001;0.010174464;0.019478528000000002;0.030185472;0.101072896;0.724508672;1.6311808;1.910683648;1.073317888;0.659290112;0.7516446720000001;0.39477862399999997;0.310939648;0.29248512;0.4808192;0.44894003199999993;0.30396211199999995;0.33718272000000005;0.345094144;0.345638912;0.386736128;0.363364352;0.17811456;0.138940416;0.166588416;0.14741504;0.11245158400000001;0.139431936;0.08073625599999999;0.07016038399999999;0.08290713599999999;0.07070515200000001;0.062343168;0.05809766400000001;0.031328256;0.032274432;0.042479616000000005;0.033116160000000006;0.027500544000000002;0.026339328;0.022679552;0.021239808000000002;0.017588224000000003;0.010293248;0.018294783999999998;0.021364736000000002;0.011302911999999998;0.008798208;0.014039040000000001;0.014131199999999998;0.012288;0.01263616;0.012746752;0.011657216;0.010139648;0.009836544;0.008411136;0.007706624;0.006137856;0.0059985920000000005;0.006754304;0.005879808;0.004255744;0.004941824000000001;0.006070272;0.005775359999999999;0.0058920959999999994;0.004917248;0.004343808;0.004419584000000001;0.003026944;0.002453504;0.00218112;0.003428352;0.003411968;0.003063808;0.003319808;0.0028344320000000004;0.003629056
1790415900,hdr,0.0293;0.03906;0.04883;0.05859;0.06836;0.07813;0.08789;0.09766;0.10742;0.11719;0.12695;0.13672;0.14648;0.15625;0.16602;0.17578;0.18555;0.19531;0.20508;0.21484;0.22461;0.23438;0.24414;0.25391;0.26367;0.27344;0.2832;0.29297;0.30273;0.3125;0.32227;0.33203;0.3418;0.35156;0.36133;0.37109;0.38086;0.39063;0.40039;0.41016;0.41992;0.42969;0.43945;0.44922;0.45898;0.46875;0.47852;0.48828;0.49805;0.50781;0.51758;0.52734;0.53711;0.54688;0.55664;0.56641;0.57617;0.58594;0.5957;0.60547;0.61523;0.625;0.63477;0.64453;0.6543;0.66406;0.67383;0.68359;0.69336;0.70313;0.71289;0.72266;0.73242;0.74219;0.75195;0.76172;0.77148;0.78125;0.79102,0.0005632;0.00152576;0.014821376;0.02438144;0.128311296;0.6366064639999999;1.3106769919999999;1.453205504;1.194768384;0.8860528639999999;0.696018944;0.414150656;0.378796032;0.42152960000000006;0.279457792;0.380614656;0.399044608;0.38533529600000005;0.42850099199999997;0.35693568;0.404989952;0.27660288;0.19354624;0.155772928;0.11867545599999998;0.146089984;0.14525849600000001;0.11375001600000001;0.06404710400000001;0.073719808;0.082300928;0.049324032;0.065943552;0.032219135999999995;0.029046784;0.031311872;0.030750720000000002;0.02669568;0.018094080000000002;0.019062784;0.016187392;0.01772544;0.014381055999999998;0.009641984000000001;0.015130624;0.013197312;0.009570304;0.010229760000000001;0.011223039999999998;0.0114688;0.007716864;0.008914944;0.008781824;0.008962047999999999;0.0062177280000000005;0.006647808;0.006713344;0.00741376;0.006967296;0.006713344;0.006408192;0.004585472000000001;0.004063232;0.003035136;0.004046848;0.00356352;0.00203776;0.00350208;0.004319232;0.003366912;0.003166208;0.0029982719999999997;0.002199552;0.0033832960000000005;0.002371584;0.001882112;0.00277504;0.0031088640000000002;0.002482176
1790416800,hdr,0.0293;0.03906;0.04883;0.05859;0.06836;0.07813;0.08789;0.09766;0.10742;0.11719;0.12695;0.13672;0.14648;0.15625;0.16602;0.17578;0.18555;0.19531;0.20508;0.21484;0.22461;0.23438;0.24414;0.25391;0.26367;0.27344;0.2832;0.29297;0.30273;0.3125;0.32227;0.33203;0.3418;0.35156;0.36133;0.37109;0.38086;0.39063;0.40039;0.41016;0.41992;0.42969;0.43945;0.44922;0.45898;0.46875;0.47852;0.48828;0.49805;0.50781;0.51758;0.52734;0.53711;0.54688;0.55664;0.56641;0.57617;0.58594;0.5957;0.60547;0.61523;0.625;0.63477;0.64453;0.6543;0.66406;0.67383;0.68359;0.69336;0.70313;0.71289;0.72266;0.73242;0.74219;0.75195;0.76172;0.77148;0.78125;0.79102,0.00124928;0.0030289920000000003;0.012806144;0.020260864;0.10184704000000001;0.706676736;1.421891584;1.1318046720000001;0.810784768;0.441356288;0.7043583999999999;0.7214878720000001;0.414746624;0.40137727999999995;0.38016819199999996;0.382631936;0.369784832;0.45536255999999997;0.21037055999999998;0.236429312;0.25663488;0.202686464;0.175067136;0.214376448;0.20704460800000002;0.207495168;0.15724544000000001;0.12598272;0.182411264;0.145590272;0.076816384;0.055298048;0.048347136;0.027271168;0.064014336;0.055539712;0.031158272;0.033028096;0.022087680000000002;0.020738048;0.020586496;0.02481152;0.020498432;0.020328448;0.024571904;0.02604032;0.021590016;0.010027008;0.006526976;0.010620928;0.010194944;0.010960896000000001;0.009578495999999999;0.0070942719999999996;0.009443327999999999;0.006678528;0.0046592;0.0042905600000000006;0.005367808;0.009213952000000001;0.006166527999999999;0.005398528;0.005527552;0.004739072;0.00467968;0.0054538239999999995;0.0043929600000000004;0.002689024;0.002308096;0.003209216;0.002748416;0.0028897280000000003;0.00366592;0.00249856;0.003301376;0.004073472;0.003463168;0.003966976;0.0026951679999999995
1790417700,hdr,0.0293;0.03906;0.04883;0.05859;0.06836;0.07813;0.08789;0.09766;0.10742;0.11719;0.12695;0.13672;0.14648;0.15625;0.16602;0.17578;0.18555;0.19531;0.20508;0.21484;0.22461;0.23438;0.24414;0.25391;0.26367;0.27344;0.2832;0.29297;0.30273;0.3125;0.32227;0.33203;0.3418;0.35156;0.36133;0.37109;0.38086;0.39063;0.40039;0.41016;0.41992;0.42969;0.43945;0.44922;0.45898;0.46875;0.47852;0.48828;0.49805;0.50781;0.51758;0.52734;0.53711;0.54688;0.55664;0.56641;0.57617;0.58594;0.5957;0.60547;0.61523;0.625;0.63477;0.64453;0.6543;0.66406;0.67383;0.68359;0.69336;0.70313;0.71289;0.72266;0.73242;0.74219;0.75195;0.76172;0.77148;0.78125;0.79102,0.016032768;0.016038912;0.016788479999999998;0.01746432;0.128338944;0.76514304;2.29423104;2.05983744;1.147124736;0.6121666560000001;0.58473984;0.39411916799999996;0.2989056;0.33512448000000006;0.334362624;0.427809792;0.49360281599999994;0.33662361599999996;0.237170688;0.23227392;0.252392448;0.23428607999999998;0.19590143999999998;0.10355711999999999;0.10438348800000001;0.109138944;0.12283084799999999;0.093247488;0.09953279999999999;0.12988416;0.0877056;0.049038336;0.03474432;0.035324928;0.029113343999999996;0.032385024;0.04451328;0.028809215999999995;0.02502144;0.021252095999999998;0.016883712;0.014533632;0.019295232;0.016425984;0.019740672;0.015347712;0.00866304;0.011781119999999999;0.012423168;0.008165376;0.008404992;0.008067072;0.008577024;0.008143872;0.006472704;0.006248447999999999;0.006042624;0.004657152;0.00488448;0.006749184;0.0048384;0.008223744;0.007867391999999999;0.00566784;0.005151744000000001;0.005640192;0.0058368000000000005;0.005354496;0.003753984;0.0034037760000000003;0.004027392;0.004816895999999999;0.005385216;0.00557568;0.0034897920000000002;0.002878464;0.0031272960000000003;0.0021903359999999998;0.0018216959999999998
1790418600,hdr,0.0293;0.03906;0.04883;0.05859;0.06836;0.07813;0.08789;0.09766;0.10742;0.11719;0.12695;0.13672;0.14648;0.15625;0.16602;0.17578;0.18555;0.19531;0.20508;0.21484;0.22461;0.23438;0.24414;0.25391;0.26367;0.27344;0.2832;0.29297;0.30273;0.3125;0.32227;0.33203;0.3418;0.35156;0.36133;0.37109;0.38086;0.39063;0.40039;0.41016;0.41992;0.42969;0.43945;0.44922;0.45898;0.46875;0.47852;0.48828;0.49805;0.50781;0.51758;0.52734;0.53711;0.54688;0.55664;0.56641;0.57617;0.58594;0.5957;0.60547;0.61523;0.625;0.63477;0.64453;0.6543;0.66406;0.67383;0.68359;0.69336;0.70313;0.71289;0.72266;0.73242;0.74219;0.75195;0.76172;0.77148;0.78125;0.79102,0.010268672000000001;0.010596351999999998;0.013072384;0.042770432000000004;0.124286976;0.677455872;1.981124608;1.781139456;0.873580544;0.812660736;1.050021888;0.6738268159999999;0.477437952;0.22756352000000002;0.4406272;0.574881792;0.593362944;0.487041024;0.30247321599999993;0.258441216;0.20046848;0.20849254400000003;0.116846592;0.13369344;0.12096512;0.10642227200000001;0.09271910400000001;0.062242816;0.05179392;0.05810176;0.051345407999999995;0.058462208;0.044787712;0.022577152000000003;0.030175232;0.025223168;0.01675264;0.020334592000000002;0.015099904;0.021891072;0.018300928;0.019562496;0.014084096;0.014462975999999999;0.019306496;0.023609344;0.019226624;0.015294464;0.009084927999999999;0.008392703999999999;0.009889792;0.008511488;0.008620032;0.009132032000000002;0.008462336;0.00571392;0.005656576;0.005476352000000001;0.004632576;0.00603136;0.005863424;0.004421632;0.00443392;0.0022732800000000004;0.0029695999999999998;0.00270336;0.003555328;0.005330944;0.006330368;0.004581375999999999;0.004814848;0.0035327999999999996;0.002934784;0.003141632;0.003852288;0.003278848;0.0027013120000000004;0.00283648;0.0025108480000000004
1790419500,hdr,0.0293;0.03906;0.04883;0.05859;0.06836;0.07813;0.08789;0.09766;0.10742;0.11719;0.12695;0.13672;0.14648;0.15625;0.16602;0.17578;0.18555;0.19531;0.20508;0.21484;0.22461;0.23438;0.24414;0.25391;0.26367;0.27344;0.2832;0.29297;0.30273;0.3125;0.32227;0.33203;0.3418;0.35156;0.36133;0.37109;0.38086;0.39063;0.40039;0.41016;0.41992;0.42969;0.43945;0.44922;0.45898;0.46875;0.47852;0.48828;0.49805;0.50781;0.51758;0.52734;0.53711;0.54688;0.55664;0.56641;0.57617;0.58594;0.5957;0.60547;0.61523;0.625;0.63477;0.64453;0.6543;0.66406;0.67383;0.68359;0.69336;0.70313;0.71289;0.72266;0.73242;0.74219;0.75195;0.76172;0.77148;0.78125;0.79102,0.018978816;0.041797632;0.031547392;0.020688896000000002;0.12658687999999998;0.67035136;1.40408832;1.278410752;1.0406256639999998;0.896657408;0.7369482239999999;0.5532098559999999;0.5170728960000001;0.275902464;0.381696;0.48707584000000004;0.549947392;0.6639001600000001;0.496775168;0.28879872;0.43742208;0.22948249599999998;0.165517312;0.23617740800000003;0.212135936;0.19241984;0.160786432;0.132696064;0.12203827200000002;0.084742144;0.06269337600000001;0.046749696;0.047894528;0.040468479999999994;0.054159360000000004;0.040353792;0.038144;0.038445056000000005;0.020617216;0.035336191999999995;0.038445056000000005;0.030812159999999998;0.020611072;0.025067519999999996;0.024563711999999998;0.021321727999999998;0.013232128;0.013522944000000002;0.0126976;0.014381055999999998;0.01089536;0.01224704;0.011419648000000001;0.011585536;0.010909696;0.004352;0.006273024;0.006639616;0.00453632;0.006324224;0.00584704;0.004118528000000001;0.0049152;0.005435392;0.006787072;0.00556032;0.002871296;0.004096;0.0054558720000000005;0.004450304;0.004728832;0.005093376;0.003610624;0.0024309759999999996;0.003319808;0.004009984;0.003874816;0.003049472;0.0022015999999999997
1790420400,hdr,0.0293;0.03906;0.04883;0.05859;0.06836;0.07813;0.08789;0.09766;0.10742;0.11719;0.12695;0.13672;0.14648;0.15625;0.16602;0.17578;0.18555;0.19531;0.20508;0.21484;0.22461;0.23438;0.24414;0.25391;0.26367;0.27344;0.2832;0.29297;0.30273;0.3125;0.32227;0.33203;0.3418;0.35156;0.36133;0.37109;0.38086;0.39063;0.40039;0.41016;0.41992;0.42969;0.43945;0.44922;0.45898;0.46875;0.47852;0.48828;0.49805;0.50781;0.51758;0.52734;0.53711;0.54688;0.55664;0.56641;0.57617;0.58594;0.5957;0.60547;0.61523;0.625;0.63477;0.64453;0.6543;0.66406;0.67383;0.68359;0.69336;0.70313;0.71289;0.72266;0.73242;0.74219;0.75195;0.76172;0.77148;0.78125;0.79102,0.007348224;0.014481408;0.029116416000000003;0.037896192;0.142200832;0.471844864;1.26603264;1.1497000960000001;0.887314432;0.806356992;0.840853504;0.500908032;0.480548864;0.399017984;0.291323904;0.293300224;0.31072870399999997;0.487079936;0.40762777599999994;0.281933824;0.226369536;0.274751488;0.225603584;0.223961088;0.16731955199999998;0.117284864;0.08752332800000001;0.134995968;0.15540224000000002;0.085317632;0.05774336;0.040681472;0.050341888;0.042244095999999995;0.032221184;0.03209216;0.022657024;0.029761536;0.025866240000000002;0.026277888;0.019601408;0.016812031999999998;0.022116352;0.026484736000000002;0.02316288;0.018497536;0.016818176;0.019843072;0.012019712;0.011251711999999999;0.012036096000000001;0.014071808000000002;0.013451264;0.011339776;0.009916415999999999;0.006766592000000001;0.007479295999999999;0.007489536;0.008906751999999999;0.009467904000000001;0.005605376;0.0045424639999999995;0.0035246080000000003;0.0035061759999999997;0.0039055360000000003;0.004339712;0.003211264;0.0036823039999999995;0.00584704;0.004050944000000001;0.0031088640000000002;0.0034979840000000004;0.003201024;0.004059136;0.003844096;0.00202752;0.0018964479999999998;0.002922496;0.0023552
1790421300,hdr,0.0293;0.03906;0.04883;0.05859;0.06836;0.07813;0.08789;0.09766;0.10742;0.11719;0.12695;0.13672;0.14648;0.15625;0.16602;0.17578;0.18555;0.19531;0.20508;0.21484;0.22461;0.23438;0.24414;0.25391;0.26367;0.27344;0.2832;0.29297;0.30273;0.3125;0.32227;0.33203;0.3418;0.35156;0.36133;0.37109;0.38086;0.39063;0.40039;0.41016;0.41992;0.42969;0.43945;0.44922;0.45898;0.46875;0.47852;0.48828;0.49805;0.50781;0.51758;0.52734;0.53711;0.54688;0.55664;0.56641;0.57617;0.58594;0.5957;0.60547;0.61523;0.625;0.63477;0.64453;0.6543;0.66406;0.67383;0.68359;0.69336;0.70313;0.71289;0.72266;0.73242;0.74219;0.75195;0.76172;0.77148;0.78125;0.79102,0.007542784;0.009660416;0.012357632000000002;0.028329984;0.172752896;0.750614528;1.486444544;1.424730112;0.876013568;1.029808128;0.854202368;0.853868544;0.579653632;0.39556300800000005;0.4992512;0.900282368;0.5625671680000001;0.5268357119999999;0.548315136;0.326705152;0.24433459199999996;0.2455552;0.21886976;0.108679168;0.106307584;0.09194495999999999;0.09943244799999999;0.106479616;0.086484992;0.062943232;0.056262656;0.059885568;0.041934848000000004;0.039391232000000005;0.023234559999999998;0.023312384000000002;0.029204479999999998;0.027584512;0.026652672;0.02048;0.026056704;0.026302464;0.022667264;0.021006336;0.013891584;0.009347072;0.01733632;0.01741824;0.009922560000000002;0.00987136;0.010049536;0.01246208;0.013307904;0.009658367999999999;0.006580224;0.00545792;0.006426624000000001;0.008452096;0.007063552;0.0070123519999999995;0.005599232;0.0061952;0.008738816;0.007501824;0.00398336;0.0038338559999999996;0.003239936;0.004091904;0.005634048;0.005388288000000001;0.004317184;0.0031887359999999997;0.002562048;0.002469888;0.001562624;0.001847296;0.0036884480000000004;0.0038256640000000003;0.0027729919999999997
1790422200,hdr,0.0293;0.03906;0.04883;0.05859;0.06836;0.07813;0.08789;0.09766;0.10742;0.11719;0.12695;0.13672;0.14648;0.15625;0.16602;0.17578;0.18555;0.19531;0.20508;0.21484;0.22461;0.23438;0.24414;0.25391;0.26367;0.27344;0.2832;0.29297;0.30273;0.3125;0.32227;0.33203;0.3418;0.35156;0.36133;0.37109;0.38086;0.39063;0.40039;0.41016;0.41992;0.42969;0.43945;0.44922;0.45898;0.46875;0.47852;0.48828;0.49805;0.50781;0.51758;0.52734;0.53711;0.54688;0.55664;0.56641;0.57617;0.58594;0.5957;0.60547;0.61523;0.625;0.63477;0.64453;0.6543;0.66406;0.67383;0.68359;0.69336;0.70313;0.71289;0.72266;0.73242;0.74219;0.75195;0.76172;0.77148;0.78125;0.79102,0.054642688;0.12127436800000001;0.097767424;0.078649344;0.263501824;0.8046981120000001;1.034893312;1.6481812480000002;1.026050048;0.718528512;0.5768007679999999;0.610238464;0.5516738560000001;0.482172928;0.470247424;0.44127641599999995;0.413048832;0.38836633600000003;0.314740736;0.34239488;0.296026112;0.268412928;0.14268825599999999;0.14005862400000002;0.15316992;0.11730944;0.066750464;0.070598656;0.077234176;0.093773824;0.11003084800000001;0.08167833599999999;0.063133696;0.046061568;0.042088447999999994;0.038279167999999995;0.037081088000000005;0.035801088;0.034301952;0.02510848;0.034111488;0.036571136000000004;0.034969599999999997;0.029888512;0.030353408000000002;0.024887296;0.027578368000000002;0.018593792;0.018542592;0.016431104000000002;0.009773056;0.016982016000000003;0.016736256;0.00939008;0.010635263999999998;0.010385407999999999;0.008087552000000001;0.008503296;0.00590848;0.0058019840000000005;0.00551936;0.005492736;0.008126464;0.005115903999999999;0.005249024000000001;0.004345856;0.00405504;0.006060031999999999;0.007366656;0.00525312;0.005718016;0.005289983999999999;0.0024494079999999997;0.0037375999999999998;0.00464896;0.0026071040000000003;0.002451456;0.003678208;0.0036966399999999997
1790423100,hdr,0.0293;0.03906;0.04883;0.05859;0.06836;0.07813;0.08789;0.09766;0.10742;0.11719;0.12695;0.13672;0.14648;0.15625;0.16602;0.17578;0.18555;0.19531;0.20508;0.21484;0.22461;0.23438;0.24414;0.25391;0.26367;0.27344;0.2832;0.29297;0.30273;0.3125;0.32227;0.33203;0.3418;0.35156;0.36133;0.37109;0.38086;0.39063;0.40039;0.41016;0.41992;0.42969;0.43945;0.44922;0.45898;0.46875;0.47852;0.48828;0.49805;0.50781;0.51758;0.52734;0.53711;0.54688;0.55664;0.56641;0.57617;0.58594;0.5957;0.60547;0.61523;0.625;0.63477;0.64453;0.6543;0.66406;0.67383;0.68359;0.69336;0.70313;0.71289;0.72266;0.73242;0.74219;0.75195;0.76172;0.77148;0.78125;0.79102,0.001789952;0.015572991999999999;0.017473536;0.019853311999999998;0.134047744;0.790491136;2.03456512;1.674524672;1.366484992;1.0065612800000001;0.894316544;0.5681541120000001;0.6092287999999999;0.610793472;0.651792384;0.6020116480000001;0.401051648;0.516354048;0.299931648;0.193415168;0.18985574399999997;0.25771008;0.190799872;0.1168384;0.12317695999999999;0.17012940800000004;0.187365376;0.092442624;0.058681344;0.051111936000000004;0.059635712;0.058013696000000003;0.057372672;0.034123775999999995;0.038766592;0.026933248;0.02294784;0.025442304;0.035024896;0.040849408;0.035332096;0.027240448;0.027779072;0.021182464;0.010694656;0.00758784;0.009261056;0.011421696;0.014848;0.014516224;0.009418752;0.010401792000000002;0.01103872;0.01373184;0.01103872;0.009996288;0.007491584;0.009089024;0.008296448;0.006889472;0.006135808;0.006938624;0.0068997120000000006;0.0069324799999999995;0.005373952;0.005523456;0.00267264;0.0035327999999999996;0.005505024;0.005474304;0.004605952;0.003457024;0.003487744;0.0034304;0.0027566080000000002;0.0029122560000000002;0.002973696;0.002807808;0.00214016
1790424000,hdr,0.0293;0.03906;0.04883;0.05859;0.06836;0.07813;0.08789;0.09766;0.10742;0.11719;0.12695;0.13672;0.14648;0.15625;0.16602;0.17578;0.18555;0.19531;0.20508;0.21484;0.22461;0.23438;0.24414;0.25391;0.26367;0.27344;0.2832;0.29297;0.30273;0.3125;0.32227;0.33203;0.3418;0.35156;0.36133;0.37109;0.38086;0.39063;0.40039;0.41016;0.41992;0.42969;0.43945;0.44922;0.45898;0.46875;0.47852;0.48828;0.49805;0.50781;0.51758;0.52734;0.53711;0.54688;0.55664;0.56641;0.57617;0.58594;0.5957;0.60547;0.61523;0.625;0.63477;0.64453;0.6543;0.66406;0.67383;0.68359;0.69336;0.70313;0.71289;0.72266;0.73242;0.74219;0.75195;0.76172;0.77148;0.78125;0.79102,0.005053439999999999;0.012960767999999998;0.012960767999999998;0.0294144;0.105074688;0.6615705599999999;2.265366528;2.7100262400000004;1.724396544;1.0503321600000002;1.0523228159999998;0.862946304;0.59953152;0.5119119360000001;0.556265472;0.714522624;0.6939371520000001;0.643869696;0.45299097600000005;0.26570035200000003;0.30704639999999994;0.297498624;0.20926464;0.177408;0.224326656;0.16394035199999998;0.099449856;0.09754828799999998;0.09873408;0.09612902400000001;0.09240268800000001;0.075168768;0.043693055999999994;0.042344448;0.053010432;0.044304384;0.053640192;0.045874176;0.036817920000000004;0.036409343999999996;0.029515776;0.023626752;0.022053888;0.02689536;0.027801600000000003;0.018330624;0.018726912000000002;0.01684992;0.017740799999999998;0.021030912;0.021276672;0.016475135999999998;0.016441344;0.013996032;0.017829888;0.015105024000000002;0.007185407999999999;0.008868863999999999;0.010773504000000001;0.008457215999999998;0.009117696;0.00751104;0.005895167999999999;0.007133183999999999;0.0056801279999999996;0.004405248;0.004094976;0.003692544;0.0032839680000000004;0.0037754880000000005;0.004021248;0.0029583359999999998;0.005250047999999999;0.00454656;0.0030228480000000003;0.0041441279999999995;0.0024791039999999998;0.001870848;0.00170496
1790424900,hdr,0.0293;0.03906;0.04883;0.05859;0.06836;0.07813;0.08789;0.09766;0.10742;0.11719;0.12695;0.13672;0.14648;0.15625;0.16602;0.17578;0.18555;0.19531;0.20508;0.21484;0.22461;0.23438;0.24414;0.25391;0.26367;0.27344;0.2832;0.29297;0.30273;0.3125;0.32227;0.33203;0.3418;0.35156;0.36133;0.37109;0.38086;0.39063;0.40039;0.41016;0.41992;0.42969;0.43945;0.44922;0.45898;0.46875;0.47852;0.48828;0.49805;0.50781;0.51758;0.52734;0.53711;0.54688;0.55664;0.56641;0.57617;0.58594;0.5957;0.60547;0.61523;0.625;0.63477;0.64453;0.6543;0.66406;0.67383;0.68359;0.69336;0.70313;0.71289;0.72266;0.73242;0.74219;0.75195;0.76172;0.77148;0.78125;0.79102,0.01087488;0.034213888;0.01532928;0.022083584;0.178651136;0.92019712;1.620768768;1.6068607999999998;1.003350016;1.05034752;1.118111744;0.7072440319999999;0.46836531200000003;0.6334156799999999;0.576059392;0.41217638399999995;0.41639526400000004;0.436862976;0.461266944;0.295462912;0.152031232;0.14328832;0.16837632;0.181096448;0.22435635199999998;0.190318592;0.13009100799999998;0.133638144;0.13908992;0.109600768;0.103573504;0.0751104;0.060454912;0.061276159999999996;0.046802944;0.040327168;0.03482624;0.046401536;0.044204032;0.037584896;0.020885504;0.026345472;0.032407552000000006;0.026048512;0.024147968;0.02304;0.018569216;0.020793344000000002;0.020373504;0.016601088;0.015546367999999998;0.019836928;0.014671872;0.009148416;0.008022016;0.010412032;0.007362560000000001;0.00729088;0.007192576;0.009250816;0.00801792;0.008706048;0.00681984;0.008697856;0.007284736;0.005517312000000001;0.005603328;0.00413696;0.0029716480000000003;0.004050944000000001;0.005107712;0.006651904;0.006025216000000001;0.00367616;0.003442688;0.002689024;0.002363392;0.002635776;0.002207744
1790425800,hdr,0.0293;0.03906;0.04883;0.05859;0.06836;0.07813;0.08789;0.09766;0.10742;0.11719;0.12695;0.13672;0.14648;0.15625;0.16602;0.17578;0.18555;0.19531;0.20508;0.21484;0.22461;0.23438;0.24414;0.25391;0.26367;0.27344;0.2832;0.29297;0.30273;0.3125;0.32227;0.33203;0.3418;0.35156;0.36133;0.37109;0.38086;0.39063;0.40039;0.41016;0.41992;0.42969;0.43945;0.44922;0.45898;0.46875;0.47852;0.48828;0.49805;0.50781;0.51758;0.52734;0.53711;0.54688;0.55664;0.56641;0.57617;0.58594;0.5957;0.60547;0.61523;0.625;0.63477;0.64453;0.6543;0.66406;0.67383;0.68359;0.69336;0.70313;0.71289;0.72266;0.73242;0.74219;0.75195;0.76172;0.77148;0.78125;0.79102,0.009959424000000001;0.01466368;0.020793344000000002;0.041740288;0.247668736;0.9711861760000001;1.348333568;1.518641152;1.537507328;1.5978024960000001;1.0308669440000002;1.0236395520000001;0.599013376;0.36839014400000003;0.45312409600000003;0.6292213759999999;0.6849269760000001;0.7869911039999999;0.524824576;0.388716544;0.205236224;0.278317056;0.30132019200000004;0.2001408;0.182996992;0.153686016;0.15030886400000001;0.1181696;0.08161279999999999;0.115623936;0.099631104;0.086638592;0.101318656;0.048111615999999996;0.021706752;0.022147072;0.033617919999999996;0.031635456;0.030040064000000002;0.034164735999999994;0.044685312000000005;0.035145727999999994;0.021004288;0.026546176;0.032602111999999996;0.024389631999999998;0.016044032;0.022425599999999997;0.018456576;0.01619968;0.011892736;0.0068157439999999994;0.016214016;0.014655488;0.013871104;0.011560959999999999;0.00997376;0.008024064;0.007942144;0.007000064;0.008603647999999998;0.009242624;0.009273344;0.006955008;0.007356416;0.00601088;0.0053616639999999995;0.004282368000000001;0.004192256;0.004718592000000001;0.005148672000000001;0.003618816;0.004302848;0.0033955839999999997;0.0029716480000000003;0.004653056000000001;0.004292608;0.003151872;0.003377152
1790426700,hdr,0.0293;0.03906;0.04883;0.05859;0.06836;0.07813;0.08789;0.09766;0.10742;0.11719;0.12695;0.13672;0.14648;0.15625;0.16602;0.17578;0.18555;0.19531;0.20508;0.21484;0.22461;0.23438;0.24414;0.25391;0.26367;0.27344;0.2832;0.29297;0.30273;0.3125;0.32227;0.33203;0.3418;0.35156;0.36133;0.37109;0.38086;0.39063;0.40039;0.41016;0.41992;0.42969;0.43945;0.44922;0.45898;0.46875;0.47852;0.48828;0.49805;0.50781;0.51758;0.52734;0.53711;0.54688;0.55664;0.56641;0.57617;0.58594;0.5957;0.60547;0.61523;0.625;0.63477;0.64453;0.6543;0.66406;0.67383;0.68359;0.69336;0.70313;0.71289;0.72266;0.73242;0.74219;0.75195;0.76172;0.77148;0.78125;0.79102,0.012579839999999998;0.012272640000000001;0.0112896;0.015587328000000001;0.236218368;1.5692544;2.04997632;1.631321088;1.354911744;1.2710430719999999;1.2949248;0.7211735039999999;0.68370432;0.632702976;0.6215055359999999;0.535428096;0.45444096;0.408932352;0.348923904;0.35774976;0.22757990399999997;0.194383872;0.19891507200000003;0.22489190399999998;0.173165568;0.149941248;0.219322368;0.145416192;0.12407193600000001;0.105434112;0.06506496;0.06650265600000001;0.070401024;0.08895897600000001;0.05606092800000001;0.04448256;0.06006681600000001;0.049760256;0.029122560000000002;0.035321856;0.036710400000000004;0.030689280000000003;0.027236352000000002;0.041250815999999996;0.042633216;0.033429504;0.022754304;0.019359744;0.019746816;0.01148928;0.009222144;0.010924032000000002;0.011633664;0.013845504;0.01112064;0.0079104;0.010834944;0.009191423999999998;0.0065464320000000005;0.00671232;0.005228544;0.004973568;0.0041809920000000006;0.00342528;0.006782976;0.006454272;0.0038430719999999995;0.004798464;0.004789248;0.003526656;0.003738624;0.003744768;0.003305472;0.0020060160000000002;0.001557504;0.002325504;0.00313344;0.004368384;0.004113408
1790427600,hdr,0.0293;0.03906;0.04883;0.05859;0.06836;0.07813;0.08789;0.09766;0.10742;0.11719;0.12695;0.13672;0.14648;0.15625;0.16602;0.17578;0.18555;0.19531;0.20508;0.21484;0.22461;0.23438;0.24414;0.25391;0.26367;0.27344;0.2832;0.29297;0.30273;0.3125;0.32227;0.33203;0.3418;0.35156;0.36133;0.37109;0.38086;0.39063;0.40039;0.41016;0.41992;0.42969;0.43945;0.44922;0.45898;0.46875;0.47852;0.48828;0.49805;0.50781;0.51758;0.52734;0.53711;0.54688;0.55664;0.56641;0.57617;0.58594;0.5957;0.60547;0.61523;0.625;0.63477;0.64453;0.6543;0.66406;0.67383;0.68359;0.69336;0.70313;0.71289;0.72266;0.73242;0.74219;0.75195;0.76172;0.77148;0.78125;0.79102,0.010156031999999999;0.026840063999999997;0.012521472;0.02413056;0.13205606399999997;1.178271744;2.312107008;1.4900520959999999;1.33725696;1.343579136;1.083976704;1.0245550079999999;0.572476416;0.49481011199999997;0.457792512;0.953250816;1.125359616;0.67633152;0.337204224;0.251790336;0.24242995199999998;0.159876096;0.088298496;0.19073433599999998;0.13991424000000002;0.1310976;0.136031232;0.113181696;0.12194611200000001;0.06683136;0.053726208000000004;0.04790783999999999;0.084719616;0.07089561600000001;0.054690815999999996;0.06829363199999999;0.06134784;0.047004672;0.06769152;0.06749491199999999;0.040691712;0.038372352;0.022576128;0.014290944;0.02405376;0.024751104;0.016472063999999998;0.013842431999999998;0.0114432;0.012269568000000002;0.016312319999999998;0.012530688;0.012171264000000001;0.012331008;0.016576511999999998;0.015105024000000002;0.009781248000000001;0.008491008;0.006678528;0.008702976000000001;0.007732224;0.00671232;0.004571135999999999;0.0026695679999999998;0.003744768;0.004349952;0.003554304;0.0045895680000000005;0.006236160000000001;0.004165632;0.0044851199999999996;0.004939776;0.004737024;0.002528256;0.0014131200000000001;0.00188928;0.00156672;0.001864704;0.0030044159999999998
1790428500,hdr,0.0293;0.03906;0.04883;0.05859;0.06836;0.07813;0.08789;0.09766;0.10742;0.11719;0.12695;0.13672;0.14648;0.15625;0.16602;0.17578;0.18555;0.19531;0.20508;0.21484;0.22461;0.23438;0.24414;0.25391;0.26367;0.27344;0.2832;0.29297;0.30273;0.3125;0.32227;0.33203;0.3418;0.35156;0.36133;0.37109;0.38086;0.39063;0.40039;0.41016;0.41992;0.42969;0.43945;0.44922;0.45898;0.46875;0.47852;0.48828;0.49805;0.50781;0.51758;0.52734;0.53711;0.54688;0.55664;0.56641;0.57617;0.58594;0.5957;0.60547;0.61523;0.625;0.63477;0.64453;0.6543;0.66406;0.67383;0.68359;0.69336;0.70313;0.71289;0.72266;0.73242;0.74219;0.75195;0.76172;0.77148;0.78125;0.79102,0.019562496000000002;0.023875584000000002;0.023510015999999998;0.018051072;0.21169766399999998;1.7405798399999999;2.751756288;1.118985216;0.5860362239999999;0.718691328;0.738103296;1.0030540799999998;0.8580833280000001;0.794824704;0.8863979519999999;0.6236651520000001;0.6724546560000001;0.601577472;0.516430848;0.291818496;0.24702259199999999;0.16332902400000002;0.316925952;0.285791232;0.20954112000000003;0.226538496;0.18448281600000002;0.142282752;0.163740672;0.16944230400000002;0.1173504;0.07612416000000001;0.073150464;0.07996416;0.071230464;0.048190464;0.041189376;0.042599424;0.05105664;0.05814067199999999;0.029263872;0.028204032;0.030578688;0.024726528;0.022060032;0.018109439999999997;0.014705663999999999;0.014942208;0.021000191999999997;0.018797568;0.013117440000000001;0.011053056;0.010128384;0.008125440000000001;0.010954752;0.013403135999999998;0.00840192;0.008414208000000001;0.005766144;0.0032256;0.003167232;0.004365312;0.005858304;0.00516096;0.0037263360000000002;0.007299072;0.006097919999999999;0.0036372479999999996;0.003950592;0.0045649919999999995;0.0036710400000000004;0.002721792;0.00351744;0.003944448;0.002783232;0.00188928;0.0017786879999999998;0.001824768;0.002353152
1790429400,hdr,0.0293;0.03906;0.04883;0.05859;0.06836;0.07813;0.08789;0.09766;0.10742;0.11719;0.12695;0.13672;0.14648;0.15625;0.16602;0.17578;0.18555;0.19531;0.20508;0.21484;0.22461;0.23438;0.24414;0.25391;0.26367;0.27344;0.2832;0.29297;0.30273;0.3125;0.32227;0.33203;0.3418;0.35156;0.36133;0.37109;0.38086;0.39063;0.40039;0.41016;0.41992;0.42969;0.43945;0.44922;0.45898;0.46875;0.47852;0.48828;0.49805;0.50781;0.51758;0.52734;0.53711;0.54688;0.55664;0.56641;0.57617;0.58594;0.5957;0.60547;0.61523;0.625;0.63477;0.64453;0.6543;0.66406;0.67383;0.68359;0.69336;0.70313;0.71289;0.72266;0.73242;0.74219;0.75195;0.76172;0.77148;0.78125;0.79102,0.015085568;0.022511616;0.011472896;0.028848128;0.164175872;1.1744624639999999;3.217473536;2.683260928;1.0358784;1.0597171200000002;1.038368768;0.7734312959999999;0.880103424;0.498176;0.787161088;1.24147712;0.71759872;0.5837168639999999;0.30695833599999994;0.330797056;0.459497472;0.295940096;0.18251366400000002;0.20014284799999998;0.187826176;0.189353984;0.12142591999999999;0.13099417600000002;0.135999488;0.09472409600000001;0.09994240000000001;0.11822284799999999;0.0668672;0.062394368000000006;0.0712704;0.090451968;0.06832537600000001;0.058994687999999997;0.062488576000000004;0.05548032;0.037769216;0.02850816;0.024772608;0.026394624;0.036388864;0.027561984;0.014360576;0.020389888;0.017334271999999998;0.018071552;0.021999616;0.017985536;0.017514496000000004;0.022441984;0.016400383999999997;0.014639104;0.011165696;0.009945088;0.008388608;0.008323072;0.005988352;0.011255808;0.013164544;0.006598656;0.004227072;0.004390912;0.004087808;0.003637248;0.004440064;0.003948544;0.003239936;0.003129344;0.00436224;0.003121152;0.0033218559999999998;0.0032358400000000002;0.003858432;0.003125248;0.002117632
1790430300,hdr,0.0293;0.03906;0.04883;0.05859;0.06836;0.07813;0.08789;0.09766;0.10742;0.11719;0.12695;0.13672;0.14648;0.15625;0.16602;0.17578;0.18555;0.19531;0.20508;0.21484;0.22461;0.23438;0.24414;0.25391;0.26367;0.27344;0.2832;0.29297;0.30273;0.3125;0.32227;0.33203;0.3418;0.35156;0.36133;0.37109;0.38086;0.39063;0.40039;0.41016;0.41992;0.42969;0.43945;0.44922;0.45898;0.46875;0.47852;0.48828;0.49805;0.50781;0.51758;0.52734;0.53711;0.54688;0.55664;0.56641;0.57617;0.58594;0.5957;0.60547;0.61523;0.625;0.63477;0.64453;0.6543;0.66406;0.67383;0.68359;0.69336;0.70313;0.71289;0.72266;0.73242;0.74219;0.75195;0.76172;0.77148;0.78125;0.79102,0.011363327999999999;0.01569792;0.010444799999999999;0.027113472000000003;0.159458304;1.292888064;2.4594524159999995;1.8169835520000002;1.4447585280000002;1.749218304;1.110355968;0.791574528;0.686687232;0.813812736;0.825394176;0.6926039039999999;0.667800576;0.663318528;0.49800192;0.311003136;0.35018956799999995;0.333594624;0.18261503999999998;0.24566476799999998;0.209703936;0.13999104;0.08243097599999999;0.10764288000000001;0.09810432;0.073663488;0.069915648;0.085521408;0.072536064;0.058300416;0.036243456;0.047499264000000006;0.06260735999999999;0.05587968000000001;0.046083072;0.052297728;0.03412070400000001;0.021325824;0.031739904;0.044669952;0.034166784;0.023921664000000002;0.016214016;0.013012992000000001;0.017021952;0.013443071999999999;0.011968512;0.016121856;0.012128256;0.009987072;0.008082432;0.009904127999999998;0.007750656;0.008881152;0.005065728;0.0036802560000000002;0.004334592;0.009126912000000001;0.011768832;0.010146816000000001;0.006684671999999999;0.005053439999999999;0.007461888000000001;0.006027264000000001;0.004647936;0.0037509120000000003;0.0030842879999999997;0.0042485760000000004;0.003416064;0.002082816;0.002049024;0.001984512;0.0022487040000000002;0.002654208;0.0022517760000000005
1790431200,hdr,0.0293;0.03906;0.04883;0.05859;0.06836;0.07813;0.08789;0.09766;0.10742;0.11719;0.12695;0.13672;0.14648;0.15625;0.16602;0.17578;0.18555;0.19531;0.20508;0.21484;0.22461;0.23438;0.24414;0.25391;0.26367;0.27344;0.2832;0.29297;0.30273;0.3125;0.32227;0.33203;0.3418;0.35156;0.36133;0.37109;0.38086;0.39063;0.40039;0.41016;0.41992;0.42969;0.43945;0.44922;0.45898;0.46875;0.47852;0.48828;0.49805;0.50781;0.51758;0.52734;0.53711;0.54688;0.55664;0.56641;0.57617;0.58594;0.5957;0.60547;0.61523;0.625;0.63477;0.64453;0.6543;0.66406;0.67383;0.68359;0.69336;0.70313;0.71289;0.72266;0.73242;0.74219;0.75195;0.76172;0.77148;0.78125;0.79102,0.015105024000000002;0.029199359999999997;0.022007808;0.019451904;0.105360384;0.9635512319999999;2.3931924479999998;1.929142272;1.712295936;1.0278512640000002;0.99987456;1.065854976;1.027074048;0.80157696;0.770156544;0.739381248;0.844382208;0.505089024;0.338368512;0.311743488;0.29469081599999997;0.19877376000000002;0.201560064;0.19351142400000002;0.19518566399999998;0.14874316799999998;0.1701888;0.18997248;0.136836096;0.079558656;0.08315289599999999;0.10071244800000001;0.062794752;0.042430464;0.06230323200000001;0.073598976;0.07657267200000001;0.07666483199999999;0.05089382399999999;0.03084288;0.035377152;0.043763711999999996;0.044749824;0.026029056000000002;0.016318464;0.01769472;0.028459007999999997;0.017120256;0.00987648;0.012585984;0.015731712;0.021163008;0.018819072;0.011212799999999998;0.015983616;0.010871808;0.009934848;0.009458688;0.009394175999999999;0.007928832;0.005833728;0.005108736;0.007139328;0.008838144000000001;0.007268352;0.0048384;0.004964352;0.0036648960000000004;0.004251648;0.004405248;0.0024453120000000003;0.0027095039999999997;0.00334848;0.0032348159999999997;0.00313344;0.002300928;0.0019968;0.002205696;0.002224128
1790432100,hdr,0.0293;0.03906;0.04883;0.05859;0.06836;0.07813;0.08789;0.09766;0.10742;0.11719;0.12695;0.13672;0.14648;0.15625;0.16602;0.17578;0.18555;0.19531;0.20508;0.21484;0.22461;0.23438;0.24414;0.25391;0.26367;0.27344;0.2832;0.29297;0.30273;0.3125;0.32227;0.33203;0.3418;0.35156;0.36133;0.37109;0.38086;0.39063;0.40039;0.41016;0.41992;0.42969;0.43945;0.44922;0.45898;0.46875;0.47852;0.48828;0.49805;0.50781;0.51758;0.52734;0.53711;0.54688;0.55664;0.56641;0.57617;0.58594;0.5957;0.60547;0.61523;0.625;0.63477;0.64453;0.6543;0.66406;0.67383;0.68359;0.69336;0.70313;0.71289;0.72266;0.73242;0.74219;0.75195;0.76172;0.77148;0.78125;0.79102,0.007876607999999998;0.019329024;0.019049471999999998;0.015608831999999998;0.125918208;1.432823808;2.398316544;1.369638912;1.2136919039999998;1.257083904;1.4780313600000001;1.00263936;1.0602792959999998;0.551691264;0.732880896;0.834235392;0.562695168;0.493108224;0.344629248;0.288098304;0.29152358399999995;0.27123916800000003;0.166265856;0.19654963199999997;0.14637465600000002;0.17112576;0.171546624;0.114865152;0.06938112;0.08164147199999999;0.08608358399999999;0.090114048;0.092777472;0.077156352;0.081374208;0.063427584;0.04664832;0.044921856;0.030299136;0.039370752;0.024351743999999998;0.028778496;0.032873472;0.027964416000000002;0.016140288;0.017568768;0.014134272000000002;0.020468735999999998;0.029156352;0.02059776;0.011916288;0.01135104;0.016395264;0.01317888;0.0108288;0.010450944;0.00628224;0.008994816000000001;0.009928704;0.009560064;0.004786176;0.003529728;0.004220928;0.0034467839999999996;0.002617344;0.00576;0.006801407999999999;0.004608;0.003959808;0.003431424;0.00605184;0.005541888;0.002663424;0.002617344;0.004125696;0.0035512319999999997;0.002224128;0.001999872;0.0027770879999999996
1790433000,hdr,0.0293;0.03906;0.04883;0.05859;0.06836;0.07813;0.08789;0.09766;0.10742;0.11719;0.12695;0.13672;0.14648;0.15625;0.16602;0.17578;0.18555;0.19531;0.20508;0.21484;0.22461;0.23438;0.24414;0.25391;0.26367;0.27344;0.2832;0.29297;0.30273;0.3125;0.32227;0.33203;0.3418;0.35156;0.36133;0.37109;0.38086;0.39063;0.40039;0.41016;0.41992;0.42969;0.43945;0.44922;0.45898;0.46875;0.47852;0.48828;0.49805;0.50781;0.51758;0.52734;0.53711;0.54688;0.55664;0.56641;0.57617;0.58594;0.5957;0.60547;0.61523;0.625;0.63477;0.64453;0.6543;0.66406;0.67383;0.68359;0.69336;0.70313;0.71289;0.72266;0.73242;0.74219;0.75195;0.76172;0.77148;0.78125;0.79102,0.0044451840000000005;0.016232448;0.024861696;0.036335616;0.15983616;1.74690816;2.9869086719999998;2.164518912;1.965499392;1.6669685760000001;1.7377781760000002;1.725769728;1.1540459520000002;1.11796224;1.159314432;1.191757824;0.805721088;0.6197452800000001;0.50237952;0.283908096;0.20465663999999997;0.22480281600000002;0.28974796799999997;0.28789248000000006;0.15757516800000002;0.16822579199999999;0.20026368;0.200914944;0.175312896;0.14041190399999998;0.148211712;0.114210816;0.095597568;0.084046848;0.069977088;0.05509324799999999;0.04181606400000001;0.03019776;0.027764735999999998;0.029948928000000003;0.042848256;0.036218879999999995;0.023571456;0.020723712;0.023617536;0.027780096;0.021921792000000002;0.016487424;0.015608831999999998;0.012186624;0.018653184;0.014717952000000001;0.009572352;0.011538432;0.010841088;0.007077888;0.011080704;0.010641408;0.009590784000000002;0.007959552;0.007443455999999999;0.007888896;0.004310016;0.00417792;0.004982784;0.005164032;0.00405504;0.004540416;0.003606528;0.0027770879999999996;0.0034805759999999995;0.003913728;0.00342528;0.003311616;0.003434496;0.003028992;0.0028385280000000003;0.0028293120000000005;0.00262656
1790433900,hdr,0.0293;0.03906;0.04883;0.05859;0.06836;0.07813;0.08789;0.09766;0.10742;0.11719;0.12695;0.13672;0.14648;0.15625;0.16602;0.17578;0.18555;0.19531;0.20508;0.21484;0.22461;0.23438;0.24414;0.25391;0.26367;0.27344;0.2832;0.29297;0.30273;0.3125;0.32227;0.33203;0.3418;0.35156;0.36133;0.37109;0.38086;0.39063;0.40039;0.41016;0.41992;0.42969;0.43945;0.44922;0.45898;0.46875;0.47852;0.48828;0.49805;0.50781;0.51758;0.52734;0.53711;0.54688;0.55664;0.56641;0.57617;0.58594;0.5957;0.60547;0.61523;0.625;0.63477;0.64453;0.6543;0.66406;0.67383;0.68359;0.69336;0.70313;0.71289;0.72266;0.73242;0.74219;0.75195;0.76172;0.77148;0.78125;0.79102,0.004374527999999999;0.014022656;0.030517248;0.030687232;0.15491891200000002;0.918382592;1.7257410560000002;1.802622976;1.621444608;1.183358976;1.3144186880000002;0.91609088;0.926232576;0.6677299200000001;0.891789312;1.028192256;1.30556928;0.6418042880000001;0.606081024;0.42900889600000003;0.33880678399999997;0.271992832;0.331384832;0.23863296;0.146671616;0.18676736;0.119549952;0.10962329600000001;0.12066201599999998;0.12059852800000001;0.06433382400000001;0.06372966399999999;0.039618560000000004;0.045205504;0.046915584;0.040323072;0.06367436800000001;0.05143552;0.049549312;0.0434688;0.028995584;0.023001088;0.029413376;0.02105344;0.02281472;0.015566848;0.020867072;0.029810688;0.019597312;0.013877248;0.017086464;0.014344191999999999;0.008372223999999998;0.008730624;0.0073728000000000005;0.008042496;0.007493631999999999;0.01063936;0.0098304;0.0065187840000000006;0.0075223040000000005;0.006868992;0.007915519999999999;0.006754304;0.008316928;0.005693439999999999;0.004511744000000001;0.00433152;0.003295232;0.0038379520000000004;0.00384;0.0026398719999999997;0.0026787839999999996;0.004063232;0.004655103999999999;0.003557376;0.0027156479999999998;0.002654208;0.0017530879999999999
1790434800,hdr,0.0293;0.03906;0.04883;0.05859;0.06836;0.07813;0.08789;0.09766;0.10742;0.11719;0.12695;0.13672;0.14648;0.15625;0.16602;0.17578;0.18555;0.19531;0.20508;0.21484;0.22461;0.23438;0.24414;0.25391;0.26367;0.27344;0.2832;0.29297;0.30273;0.3125;0.32227;0.33203;0.3418;0.35156;0.36133;0.37109;0.38086;0.39063;0.40039;0.41016;0.41992;0.42969;0.43945;0.44922;0.45898;0.46875;0.47852;0.48828;0.49805;0.50781;0.51758;0.52734;0.53711;0.54688;0.55664;0.56641;0.57617;0.58594;0.5957;0.60547;0.61523;0.625;0.63477;0.64453;0.6543;0.66406;0.67383;0.68359;0.69336;0.70313;0.71289;0.72266;0.73242;0.74219;0.75195;0.76172;0.77148;0.78125;0.79102,0.020115455999999997;0.050192384;0.044593152000000004;0.04851712;0.192581632;2.085801984;3.5839139839999996;2.2317178880000004;1.2774522879999999;0.819396608;1.0367016960000002;1.6060825600000002;1.2577218559999999;0.65888256;0.889073664;1.562587136;1.2578652160000001;0.375025664;0.480120832;0.370061312;0.289329152;0.31297536000000004;0.290504704;0.26236928000000004;0.19504332800000002;0.18364825599999998;0.154263552;0.09147596799999999;0.137863168;0.12894208000000001;0.075952128;0.09201664;0.092667904;0.10371072;0.094789632;0.072716288;0.060080128000000003;0.035926016;0.0387072;0.041771008;0.053190655999999996;0.040284160000000006;0.033214464;0.030232576;0.03462348800000001;0.04270899200000001;0.024907776;0.015065087999999999;0.012111872;0.013381632;0.017518592;0.014925824;0.011108352;0.010190848;0.00837632;0.009019392;0.004943871999999999;0.004952064;0.006987776;0.006766592000000001;0.0057999359999999995;0.004501504;0.0033955839999999997;0.004685824000000001;0.006242304;0.006029312;0.004071424000000001;0.003096576;0.002043904;0.0029409279999999998;0.0034488319999999998;0.00274432;0.003002368;0.0027156479999999998;0.00339968;0.002895872;0.0016424959999999998;0.002502656;0.003239936
1790435700,hdr,0.0293;0.03906;0.04883;0.05859;0.06836;0.07813;0.08789;0.09766;0.10742;0.11719;0.12695;0.13672;0.14648;0.15625;0.16602;0.17578;0.18555;0.19531;0.20508;0.21484;0.22461;0.23438;0.24414;0.25391;0.26367;0.27344;0.2832;0.29297;0.30273;0.3125;0.32227;0.33203;0.3418;0.35156;0.36133;0.37109;0.38086;0.39063;0.40039;0.41016;0.41992;0.42969;0.43945;0.44922;0.45898;0.46875;0.47852;0.48828;0.49805;0.50781;0.51758;0.52734;0.53711;0.54688;0.55664;0.56641;0.57617;0.58594;0.5957;0.60547;0.61523;0.625;0.63477;0.64453;0.6543;0.66406;0.67383;0.68359;0.69336;0.70313;0.71289;0.72266;0.73242;0.74219;0.75195;0.76172;0.77148;0.78125;0.79102,0.005357567999999999;0.009216;0.01570816;0.024408064;0.167886848;1.282076672;3.0986854400000006;2.009358336;1.2137431039999997;1.678589952;1.68531968;1.247420416;1.559216128;1.221062656;1.131577344;1.428926464;0.832339968;0.6400573439999999;0.71532544;0.5941739519999999;0.34358067200000003;0.28166553599999994;0.217247744;0.270245888;0.264675328;0.232943616;0.21066137599999998;0.16422912;0.13408256;0.128847872;0.083550208;0.073170944;0.062554112;0.057847808;0.06562611200000001;0.06342656;0.04902502400000001;0.040681472;0.05111808;0.049086464;0.036753408;0.024129536;0.03110912;0.027590655999999998;0.021929984;0.017657856;0.02015232;0.024526848;0.017657856;0.013791232;0.019406848;0.015679488;0.009641984000000001;0.012402688;0.01355776;0.014073856;0.009244671999999999;0.0048783360000000005;0.004841472;0.004870144;0.006152192;0.006905856;0.00602112;0.004161536;0.004325376000000001;0.003956736;0.0026419199999999994;0.0045424639999999995;0.004370432;0.0028385280000000003;0.0031744;0.0027279360000000002;0.00239616;0.00321536;0.002547712;0.0022732800000000004;0.004096;0.0023674879999999996;0.0019210240000000001
1790436600,hdr,0.0293;0.03906;0.04883;0.05859;0.06836;0.07813;0.08789;0.09766;0.10742;0.11719;0.12695;0.13672;0.14648;0.15625;0.16602;0.17578;0.18555;0.19531;0.20508;0.21484;0.22461;0.23438;0.24414;0.25391;0.26367;0.27344;0.2832;0.29297;0.30273;0.3125;0.32227;0.33203;0.3418;0.35156;0.36133;0.37109;0.38086;0.39063;0.40039;0.41016;0.41992;0.42969;0.43945;0.44922;0.45898;0.46875;0.47852;0.48828;0.49805;0.50781;0.51758;0.52734;0.53711;0.54688;0.55664;0.56641;0.57617;0.58594;0.5957;0.60547;0.61523;0.625;0.63477;0.64453;0.6543;0.66406;0.67383;0.68359;0.69336;0.70313;0.71289;0.72266;0.73242;0.74219;0.75195;0.76172;0.77148;0.78125;0.79102,0.012111872;0.023150592;0.022130688;0.043839488;0.217038848;1.522970624;3.219050496;2.3125688319999997;1.185910784;1.527402496;1.4742937600000001;1.155203072;1.1246100479999999;0.91467776;1.0552442880000001;1.07186176;0.783765504;0.567119872;0.294412288;0.306774016;0.400252928;0.364785664;0.258605056;0.218267648;0.206307328;0.17152819199999997;0.131371008;0.214028288;0.17652531200000002;0.14122188800000002;0.10814668799999999;0.13914112;0.107569152;0.076333056;0.084434944;0.060059648;0.045998080000000004;0.034451456;0.031973376;0.046321664;0.041242624;0.022728704000000002;0.026005504;0.035135488000000006;0.032567295999999996;0.017289216;0.020959232;0.02238464;0.017170432;0.013119488;0.014712832;0.009416704;0.004902912;0.011096064000000001;0.011489280000000001;0.005275648;0.005902336;0.006045696000000001;0.007266304;0.010051584;0.007180288;0.004677631999999999;0.003944448;0.006041599999999999;0.004747264;0.003620864;0.004235264;0.004153344;0.003526656;0.0024084479999999997;0.0018718720000000001;0.002596864;0.0039649279999999995;0.003268608;0.001572864;0.00159744;0.003272704;0.00262144;0.002412544
1790437500,hdr,0.0293;0.03906;0.04883;0.05859;0.06836;0.07813;0.08789;0.09766;0.10742;0.11719;0.12695;0.13672;0.14648;0.15625;0.16602;0.17578;0.18555;0.19531;0.20508;0.21484;0.22461;0.23438;0.24414;0.25391;0.26367;0.27344;0.2832;0.29297;0.30273;0.3125;0.32227;0.33203;0.3418;0.35156;0.36133;0.37109;0.38086;0.39063;0.40039;0.41016;0.41992;0.42969;0.43945;0.44922;0.45898;0.46875;0.47852;0.48828;0.49805;0.50781;0.51758;0.52734;0.53711;0.54688;0.55664;0.56641;0.57617;0.58594;0.5957;0.60547;0.61523;0.625;0.63477;0.64453;0.6543;0.66406;0.67383;0.68359;0.69336;0.70313;0.71289;0.72266;0.73242;0.74219;0.75195;0.76172;0.77148;0.78125;0.79102,0.008425472;0.0184832;0.027742208;0.027310079999999997;0.16188416;1.508425728;2.006173696;1.211230208;1.053179904;1.023084544;1.078693888;1.384062976;1.443074048;1.286014976;1.040234496;0.96864256;0.7256842239999999;0.6683443200000001;0.50075648;0.36817919999999993;0.282427392;0.20861952;0.262608896;0.31691980799999997;0.24209203199999998;0.159494144;0.15488204800000002;0.155615232;0.101636096;0.07132774399999998;0.048760832000000004;0.08090623999999999;0.08096768000000001;0.067538944;0.070580224;0.07195647999999999;0.07666483200000002;0.058888192;0.058939392;0.054460416000000005;0.028080127999999996;0.044730368;0.031281152;0.015773696;0.014358528;0.021092352;0.020312063999999998;0.022335488;0.020346879999999998;0.026836991999999997;0.023986175999999998;0.014585856;0.013563904;0.00896;0.012296192;0.00924672;0.0059760640000000005;0.006680576;0.006135808;0.006326272;0.00559104;0.007219199999999999;0.003751936;0.003469312;0.003975168;0.0031928320000000005;0.003100672;0.003024896;0.0035717120000000003;0.003366912;0.002244608;0.002787328;0.0034652159999999997;0.003172352;0.0025210880000000003;0.0027402240000000003;0.002742272;0.002213888;0.002064384
1790438400,hdr,0.0293;0.03906;0.04883;0.05859;0.06836;0.07813;0.08789;0.09766;0.10742;0.11719;0.12695;0.13672;0.14648;0.15625;0.16602;0.17578;0.18555;0.19531;0.20508;0.21484;0.22461;0.23438;0.24414;0.25391;0.26367;0.27344;0.2832;0.29297;0.30273;0.3125;0.32227;0.33203;0.3418;0.35156;0.36133;0.37109;0.38086;0.39063;0.40039;0.41016;0.41992;0.42969;0.43945;0.44922;0.45898;0.46875;0.47852;0.48828;0.49805;0.50781;0.51758;0.52734;0.53711;0.54688;0.55664;0.56641;0.57617;0.58594;0.5957;0.60547;0.61523;0.625;0.63477;0.64453;0.6543;0.66406;0.67383;0.68359;0.69336;0.70313;0.71289;0.72266;0.73242;0.74219;0.75195;0.76172;0.77148;0.78125;0.79102,0.016175104000000003;0.012316672;0.006557696;0.018333696;0.16302080000000002;0.960598016;1.9550986240000001;3.261210624;1.9801047040000002;1.683181568;1.646718976;1.688457216;1.242533888;1.2362711039999998;0.976871424;0.873259008;0.719269888;0.424116224;0.434573312;0.503427072;0.524783616;0.462782464;0.30287462400000004;0.19702988800000001;0.14492876799999999;0.18070323200000002;0.143060992;0.136351744;0.162013184;0.167964672;0.134721536;0.083607552;0.080478208;0.057217024000000005;0.08051507200000001;0.056053759999999994;0.044367871999999996;0.042450944000000004;0.04431872;0.037593088000000004;0.040804352;0.03178496;0.025059328000000002;0.022593536;0.028377087999999998;0.030552064000000004;0.017702912;0.014336;0.013103103999999999;0.01536;0.01292288;0.016171008;0.019517440000000004;0.015917056;0.013463552;0.0126976;0.009744384;0.011132928;0.008871936;0.00468992;0.006279168000000001;0.004874240000000001;0.00493568;0.005607424;0.003391488;0.00407552;0.0035471359999999998;0.005206016;0.005046272;0.0032194560000000003;0.002547712;0.003756032;0.005681152;0.006012928;0.0031088640000000002;0.0023347199999999998;0.003207168;0.0021504000000000002;0.0019210240000000001
1790439300,hdr,0.0293;0.03906;0.04883;0.05859;0.06836;0.07813;0.08789;0.09766;0.10742;0.11719;0.12695;0.13672;0.14648;0.15625;0.16602;0.17578;0.18555;0.19531;0.20508;0.21484;0.22461;0.23438;0.24414;0.25391;0.26367;0.27344;0.2832;0.29297;0.30273;0.3125;0.32227;0.33203;0.3418;0.35156;0.36133;0.37109;0.38086;0.39063;0.40039;0.41016;0.41992;0.42969;0.43945;0.44922;0.45898;0.46875;0.47852;0.48828;0.49805;0.50781;0.51758;0.52734;0.53711;0.54688;0.55664;0.56641;0.57617;0.58594;0.5957;0.60547;0.61523;0.625;0.63477;0.64453;0.6543;0.66406;0.67383;0.68359;0.69336;0.70313;0.71289;0.72266;0.73242;0.74219;0.75195;0.76172;0.77148;0.78125;0.79102,0.017563648;0.027557888;0.018931712;0.028536832;0.11445452799999999;0.902303744;2.210209792;3.140227072;1.807572992;1.487192064;1.5952527359999997;1.4419230720000002;1.693618176;1.080467456;0.82481152;0.642306048;0.6534144000000001;0.34694758400000003;0.36241817600000004;0.34119270399999996;0.229105664;0.222199808;0.222707712;0.231763968;0.15167488;0.146444288;0.19513344;0.17017651199999997;0.13807615999999998;0.10360422400000001;0.08095744;0.112603136;0.09064038399999999;0.09836544;0.073125888;0.053121023999999996;0.06012518399999999;0.06343884799999999;0.06700646399999999;0.05302272;0.042176512;0.021573632000000002;0.034504704;0.040660992;0.03348889599999999;0.023228416;0.015548415999999999;0.01210368;0.010821632;0.015130624;0.011890688;0.01050624;0.014794752;0.011218944000000002;0.011837440000000001;0.00937984;0.011571199999999999;0.011067392;0.009457664;0.0078848;0.009273344;0.00493568;0.0027975680000000003;0.0038993920000000002;0.004427776;0.0049233919999999995;0.005189632;0.0034365439999999997;0.00237568;0.0026705920000000003;0.003211264;0.004227072;0.0030228480000000003;0.00159744;0.002125824;0.001900544;0.0017489920000000002;0.001564672;0.001519616
1790440200,hdr,0.0293;0.03906;0.04883;0.05859;0.06836;0.07813;0.08789;0.09766;0.10742;0.11719;0.12695;0.13672;0.14648;0.15625;0.16602;0.17578;0.18555;0.19531;0.20508;0.21484;0.22461;0.23438;0.24414;0.25391;0.26367;0.27344;0.2832;0.29297;0.30273;0.3125;0.32227;0.33203;0.3418;0.35156;0.36133;0.37109;0.38086;0.39063;0.40039;0.41016;0.41992;0.42969;0.43945;0.44922;0.45898;0.46875;0.47852;0.48828;0.49805;0.50781;0.51758;0.52734;0.53711;0.54688;0.55664;0.56641;0.57617;0.58594;0.5957;0.60547;0.61523;0.625;0.63477;0.64453;0.6543;0.66406;0.67383;0.68359;0.69336;0.70313;0.71289;0.72266;0.73242;0.74219;0.75195;0.76172;0.77148;0.78125;0.79102,0.018671616000000002;0.026517504;0.00923136;0.015559680000000001;0.125334528;1.007210496;1.914313728;2.265894912;1.38072576;1.4465126400000001;1.6908564480000001;1.39935744;1.037193216;0.970478592;0.9817436159999999;1.2217774080000001;0.7267921919999999;0.45965414400000004;0.30903705600000003;0.468999168;0.503559168;0.291953664;0.327220224;0.191299584;0.18434764799999998;0.169844736;0.155824128;0.161826816;0.12620083199999999;0.088894464;0.09683865600000001;0.07970303999999999;0.044516352;0.06870528;0.06891724799999999;0.072732672;0.05528064;0.027801600000000003;0.041674752;0.04890624;0.025731072;0.0331008;0.045100032;0.023497728000000002;0.014865408000000002;0.017068032;0.022852608;0.01953792;0.018035712;0.012527616;0.01156608;0.015344640000000001;0.019823616000000002;0.0140544;0.011225088;0.00953856;0.007898112;0.010527744;0.008871936;0.003944448;0.003483648;0.004558848;0.004224;0.004420608;0.003944448;0.0052746239999999995;0.00377856;0.003698688;0.005336064000000001;0.006165504;0.004205568;0.004119551999999999;0.0033208319999999997;0.002045952;0.002512896;0.001575936;0.001625088;0.0016896;0.001665024
1790441100,hdr,0.0293;0.03906;0.04883;0.05859;0.06836;0.07813;0.08789;0.09766;0.10742;0.11719;0.12695;0.13672;0.14648;0.15625;0.16602;0.17578;0.18555;0.19531;0.20508;0.21484;0.22461;0.23438;0.24414;0.25391;0.26367;0.27344;0.2832;0.29297;0.30273;0.3125;0.32227;0.33203;0.3418;0.35156;0.36133;0.37109;0.38086;0.39063;0.40039;0.41016;0.41992;0.42969;0.43945;0.44922;0.45898;0.46875;0.47852;0.48828;0.49805;0.50781;0.51758;0.52734;0.53711;0.54688;0.55664;0.56641;0.57617;0.58594;0.5957;0.60547;0.61523;0.625;0.63477;0.64453;0.6543;0.66406;0.67383;0.68359;0.69336;0.70313;0.71289;0.72266;0.73242;0.74219;0.75195;0.76172;0.77148;0.78125;0.79102,0.017491968;0.03265536;0.031828992;0.03741696;0.196537344;1.052353536;2.692067328;2.570422272;2.1517608960000003;2.156442624;2.624452608;1.989740544;1.4690304;1.2421939199999998;1.273147392;0.678233088;0.883774464;0.904704;0.653755392;0.36169727999999995;0.28346572800000003;0.285195264;0.25208524800000004;0.22645248;0.113992704;0.10857062399999999;0.07446528;0.08832;0.10679807999999999;0.10551705599999998;0.09965875199999999;0.089899008;0.073214976;0.077208576;0.10776575999999999;0.088298496;0.053962751999999996;0.05078016;0.047121408000000004;0.033017856;0.038221824;0.042817536;0.034455552;0.030621696;0.019067904;0.029779967999999997;0.03059712;0.028369920000000003;0.023187456;0.021175296;0.020563968000000002;0.01204224;0.010355712;0.011802624;0.012684288;0.011062272000000001;0.009022464;0.010825728;0.012982272;0.008792064;0.005326848;0.005053439999999999;0.005809152;0.007176192;0.005071871999999999;0.0061808639999999995;0.0041472;0.0021626880000000003;0.003437568;0.004306944;0.0032870399999999998;0.0031948799999999998;0.004064256;0.003032064;0.0021196799999999997;0.001594368;0.001910784;0.0037908480000000003;0.003652608
1790442000,hdr,0.0293;0.03906;0.04883;0.05859;0.06836;0.07813;0.08789;0.09766;0.10742;0.11719;0.12695;0.13672;0.14648;0.15625;0.16602;0.17578;0.18555;0.19531;0.20508;0.21484;0.22461;0.23438;0.24414;0.25391;0.26367;0.27344;0.2832;0.29297;0.30273;0.3125;0.32227;0.33203;0.3418;0.35156;0.36133;0.37109;0.38086;0.39063;0.40039;0.41016;0.41992;0.42969;0.43945;0.44922;0.45898;0.46875;0.47852;0.48828;0.49805;0.50781;0.51758;0.52734;0.53711;0.54688;0.55664;0.56641;0.57617;0.58594;0.5957;0.60547;0.61523;0.625;0.63477;0.64453;0.6543;0.66406;0.67383;0.68359;0.69336;0.70313;0.71289;0.72266;0.73242;0.74219;0.75195;0.76172;0.77148;0.78125;0.79102,0.009811967999999999;0.019780608;0.031343616000000005;0.04291584;0.16648089600000002;0.999739392;2.847046656;2.620720128;1.460963328;2.226834432;2.46879744;2.305536;2.378406912;1.5025551360000002;1.3826150400000001;0.8607866880000001;0.936665088;0.7658956800000001;0.7185315840000001;0.539231232;0.29613158399999995;0.28807679999999997;0.23031091199999998;0.25189478400000004;0.264167424;0.24343756799999997;0.154070016;0.12240384;0.104343552;0.09675264;0.113651712;0.11201126400000001;0.058435584000000006;0.051913728000000006;0.06343372800000001;0.08335872;0.090479616;0.050479104;0.036673536;0.054147072;0.076701696;0.054819839999999995;0.035567616;0.036077568;0.036836351999999996;0.026345472;0.024062976;0.016214016;0.011569152;0.013188096;0.018997248;0.012887039999999999;0.01287168;0.0072038399999999995;0.0062853119999999995;0.009913344;0.008045568;0.006144;0.006309888;0.0076615680000000005;0.009252864;0.010088448;0.008970239999999999;0.0049059839999999995;0.003818496;0.004094976;0.005157888;0.007421952;0.004672511999999999;0.003965952;0.0037570559999999995;0.0031703039999999997;0.003529728;0.0034713599999999997;0.0030074880000000004;0.002890752;0.0019906560000000004;0.002383872;0.002362368
1790442900,hdr,0.0293;0.03906;0.04883;0.05859;0.06836;0.07813;0.08789;0.09766;0.10742;0.11719;0.12695;0.13672;0.14648;0.15625;0.16602;0.17578;0.18555;0.19531;0.20508;0.21484;0.22461;0.23438;0.24414;0.25391;0.26367;0.27344;0.2832;0.29297;0.30273;0.3125;0.32227;0.33203;0.3418;0.35156;0.36133;0.37109;0.38086;0.39063;0.40039;0.41016;0.41992;0.42969;0.43945;0.44922;0.45898;0.46875;0.47852;0.48828;0.49805;0.50781;0.51758;0.52734;0.53711;0.54688;0.55664;0.56641;0.57617;0.58594;0.5957;0.60547;0.61523;0.625;0.63477;0.64453;0.6543;0.66406;0.67383;0.68359;0.69336;0.70313;0.71289;0.72266;0.73242;0.74219;0.75195;0.76172;0.77148;0.78125;0.79102,0.01426944;0.04245504;0.036796416000000005;0.040009728;0.135124992;1.177749504;2.8459837439999998;2.097420288;0.8433960959999999;1.301750784;1.52941056;1.4166097919999998;1.2061317120000001;1.0948608;1.0325145599999999;0.9641625599999999;0.705140736;0.547264512;0.59331072;0.47847935999999996;0.287824896;0.252060672;0.347139072;0.353654784;0.18064281599999998;0.164542464;0.165715968;0.146402304;0.10926182400000001;0.11038003199999999;0.13631692799999998;0.118996992;0.097047552;0.107864064;0.11392511999999999;0.061605888;0.060300288;0.05796864000000001;0.043972608;0.04329062400000001;0.03526656;0.031527936;0.037914624;0.034523135999999996;0.025734144000000004;0.025506815999999998;0.017261567999999998;0.019574784;0.020462592;0.020465664;0.018272256;0.014168064;0.014742528;0.010140672;0.01007616;0.008687616;0.007732224;0.009501696;0.007735295999999999;0.005756928;0.006045696000000001;0.006322176;0.004073472;0.0046970879999999994;0.004657152;0.004211712;0.005031936;0.005925888;0.005523456;0.00434688;0.0041564160000000005;0.0039936;0.003188736;0.0021565440000000003;0.001668096;0.00213504;0.002055168;0.002107392;0.002660352
1790443800,hdr,0.0293;0.03906;0.04883;0.05859;0.06836;0.07813;0.08789;0.09766;0.10742;0.11719;0.12695;0.13672;0.14648;0.15625;0.16602;0.17578;0.18555;0.19531;0.20508;0.21484;0.22461;0.23438;0.24414;0.25391;0.26367;0.27344;0.2832;0.29297;0.30273;0.3125;0.32227;0.33203;0.3418;0.35156;0.36133;0.37109;0.38086;0.39063;0.40039;0.41016;0.41992;0.42969;0.43945;0.44922;0.45898;0.46875;0.47852;0.48828;0.49805;0.50781;0.51758;0.52734;0.53711;0.54688;0.55664;0.56641;0.57617;0.58594;0.5957;0.60547;0.61523;0.625;0.63477;0.64453;0.6543;0.66406;0.67383;0.68359;0.69336;0.70313;0.71289;0.72266;0.73242;0.74219;0.75195;0.76172;0.77148;0.78125;0.79102,0.011329536;0.024450048000000002;0.024517632;0.029620223999999997;0.08109772800000001;0.758175744;2.358675456;2.081931264;1.5979960320000002;1.77011712;2.469983232;2.189681664;1.5866050559999998;1.466969088;0.884696064;0.6777968639999999;0.612046848;0.66412032;0.532380672;0.413420544;0.217196544;0.20625715200000003;0.34565222400000006;0.300106752;0.174185472;0.18691584;0.141324288;0.099330048;0.17162035199999998;0.146644992;0.115181568;0.10739097600000001;0.10810060799999999;0.079653888;0.088660992;0.067697664;0.045345792;0.06301286399999999;0.047453184;0.033583104;0.050866176;0.0450816;0.03052032;0.021159936;0.02210304;0.036218879999999995;0.025187328;0.021322752;0.023006208;0.020017152000000003;0.011406336000000001;0.009901056;0.01264128;0.0186624;0.013658112000000002;0.010472448;0.010970111999999999;0.009639936;0.008481792;0.006355968;0.007385088;0.006647808;0.005320704;0.004540416;0.005864448;0.004887552;0.008024064000000001;0.007274495999999999;0.00473088;0.0057999359999999995;0.006002688;0.00354816;0.0032040960000000005;0.002153472;0.002583552;0.003105792;0.002254848;0.0035112959999999997;0.003028992
1790444700,hdr,0.0293;0.03906;0.04883;0.05859;0.06836;0.07813;0.08789;0.09766;0.10742;0.11719;0.12695;0.13672;0.14648;0.15625;0.16602;0.17578;0.18555;0.19531;0.20508;0.21484;0.22461;0.23438;0.24414;0.25391;0.26367;0.27344;0.2832;0.29297;0.30273;0.3125;0.32227;0.33203;0.3418;0.35156;0.36133;0.37109;0.38086;0.39063;0.40039;0.41016;0.41992;0.42969;0.43945;0.44922;0.45898;0.46875;0.47852;0.48828;0.49805;0.50781;0.51758;0.52734;0.53711;0.54688;0.55664;0.56641;0.57617;0.58594;0.5957;0.60547;0.61523;0.625;0.63477;0.64453;0.6543;0.66406;0.67383;0.68359;0.69336;0.70313;0.71289;0.72266;0.73242;0.74219;0.75195;0.76172;0.77148;0.78125;0.79102,0.009781248;0.011853823999999999;0.017780736000000002;0.028557311999999998;0.183566336;1.203171328;3.5991552;2.640125952;1.2974653440000001;0.868220928;1.0395607040000001;1.68310784;1.5149137920000002;1.150533632;1.008521216;1.279455232;1.005215744;0.78583808;0.605499392;0.56270848;0.336150528;0.382763008;0.40019148800000004;0.26997555199999995;0.265875456;0.25061785599999997;0.191315968;0.159182848;0.131694592;0.172007424;0.177639424;0.10708582400000001;0.090968064;0.082796544;0.07072972799999999;0.061628416000000005;0.085925888;0.085254144;0.08919859200000001;0.077234176;0.044367871999999996;0.036462592;0.033566719999999994;0.035827712;0.02680832;0.026271744000000003;0.025698304;0.025526271999999996;0.021680128;0.015433728;0.015896576;0.011206656;0.012337152;0.015310848;0.017387519999999997;0.013975552;0.01079296;0.009674752;0.009601024000000001;0.008146944;0.007847936;0.010129408;0.007344128000000001;0.005763072;0.005533696;0.004001792;0.005128192;0.006332416;0.0053248;0.002719744;0.0025108480000000004;0.003723264;0.0023838720000000004;0.002535424;0.002924544;0.0018923520000000001;0.002269184;0.002125824;0.0026624
1790445600,hdr,0.0293;0.03906;0.04883;0.05859;0.06836;0.07813;0.08789;0.09766;0.10742;0.11719;0.12695;0.13672;0.14648;0.15625;0.16602;0.17578;0.18555;0.19531;0.20508;0.21484;0.22461;0.23438;0.24414;0.25391;0.26367;0.27344;0.2832;0.29297;0.30273;0.3125;0.32227;0.33203;0.3418;0.35156;0.36133;0.37109;0.38086;0.39063;0.40039;0.41016;0.41992;0.42969;0.43945;0.44922;0.45898;0.46875;0.47852;0.48828;0.49805;0.50781;0.51758;0.52734;0.53711;0.54688;0.55664;0.56641;0.57617;0.58594;0.5957;0.60547;0.61523;0.625;0.63477;0.64453;0.6543;0.66406;0.67383;0.68359;0.69336;0.70313;0.71289;0.72266;0.73242;0.74219;0.75195;0.76172;0.77148;0.78125;0.79102,0.015086592;0.018883584;0.021768192;0.016084992;0.18556108799999999;1.5789312;2.934660096;2.001795072;1.532694528;1.868676096;1.7091502079999998;1.5976120319999998;1.5084288000000001;1.003232256;0.811505664;1.077676032;0.73602048;0.603067392;0.38010470399999996;0.440964096;0.262382592;0.253553664;0.201326592;0.130489344;0.1623552;0.134095872;0.11849625600000001;0.137161728;0.16016793599999998;0.141447168;0.12507648000000002;0.047806464;0.081506304;0.08943206399999999;0.045941760000000005;0.054150144;0.085137408;0.081810432;0.096724992;0.07047475199999999;0.05056512;0.028652544000000002;0.036286464;0.025485312;0.031939584;0.037828608;0.02440704;0.02002944;0.017875968;0.018041856;0.018004991999999997;0.021086208000000002;0.017590272;0.015194112;0.009034752;0.01039872;0.009729024;0.007216128;0.008736768;0.007888896;0.007523327999999999;0.004187136;0.0049704960000000005;0.006752255999999999;0.0039075839999999995;0.003145728;0.002715648;0.003293184;0.003796992;0.002706432;0.002423808;0.003428352;0.003311616;0.0030044159999999998;0.0024576;0.0024852480000000002;0.00274944;0.002049024;0.00216576
1790446500,hdr,0.0293;0.03906;0.04883;0.05859;0.06836;0.07813;0.08789;0.09766;0.10742;0.11719;0.12695;0.13672;0.14648;0.15625;0.16602;0.17578;0.18555;0.19531;0.20508;0.21484;0.22461;0.23438;0.24414;0.25391;0.26367;0.27344;0.2832;0.29297;0.30273;0.3125;0.32227;0.33203;0.3418;0.35156;0.36133;0.37109;0.38086;0.39063;0.40039;0.41016;0.41992;0.42969;0.43945;0.44922;0.45898;0.46875;0.47852;0.48828;0.49805;0.50781;0.51758;0.52734;0.53711;0.54688;0.55664;0.56641;0.57617;0.58594;0.5957;0.60547;0.61523;0.625;0.63477;0.64453;0.6543;0.66406;0.67383;0.68359;0.69336;0.70313;0.71289;0.72266;0.73242;0.74219;0.75195;0.76172;0.77148;0.78125;0.79102,0.01120256;0.017594368;0.019109888000000002;0.024633344;0.10264780800000001;0.5771878400000001;1.64496384;1.718652928;0.8144814079999999;1.285931008;1.4406840319999998;1.0841866239999998;1.348347904;1.2602347520000001;0.800002048;1.118724096;0.98228224;0.557244416;0.246616064;0.255029248;0.326404096;0.29816012799999997;0.31222784000000003;0.221517824;0.18240512000000003;0.125237248;0.13342720000000002;0.168699904;0.19880345600000002;0.21645721599999998;0.14189158400000002;0.09384959999999999;0.081977344;0.07394918400000002;0.069138432;0.094418944;0.056623104;0.070938624;0.057475072;0.055431167999999996;0.050849792;0.030349312000000003;0.04213555199999999;0.038666240000000004;0.029272063999999997;0.020031488;0.017465344;0.032616448;0.034422784;0.020932607999999995;0.010409984;0.009750527999999998;0.013838336;0.00903168;0.00821248;0.009672703999999999;0.009832448;0.005136384;0.008501248;0.011982848;0.009265152;0.006060031999999999;0.0053248;0.004933632;0.00514048;0.00462848;0.0037191679999999997;0.003026944;0.003745792;0.004464640000000001;0.002428928;0.001503232;0.0032174079999999997;0.003180544;0.002752512;0.0021299199999999996;0.00154624;0.0019886079999999998;0.0018513919999999999
1790447400,hdr,0.0293;0.03906;0.04883;0.05859;0.06836;0.07813;0.08789;0.09766;0.10742;0.11719;0.12695;0.13672;0.14648;0.15625;0.16602;0.17578;0.18555;0.19531;0.20508;0.21484;0.22461;0.23438;0.24414;0.25391;0.26367;0.27344;0.2832;0.29297;0.30273;0.3125;0.32227;0.33203;0.3418;0.35156;0.36133;0.37109;0.38086;0.39063;0.40039;0.41016;0.41992;0.42969;0.43945;0.44922;0.45898;0.46875;0.47852;0.48828;0.49805;0.50781;0.51758;0.52734;0.53711;0.54688;0.55664;0.56641;0.57617;0.58594;0.5957;0.60547;0.61523;0.625;0.63477;0.64453;0.6543;0.66406;0.67383;0.68359;0.69336;0.70313;0.71289;0.72266;0.73242;0.74219;0.75195;0.76172;0.77148;0.78125;0.79102,0.009292799999999999;0.010480640000000001;0.0165632;0.03257856;0.14797823999999998;0.9377024;3.81216768;4.79612416;1.7984;0.78163968;0.97406464;1.18321152;0.9807052799999999;1.30600448;1.16166656;0.905856;1.19668224;1.01244928;0.6953471999999999;0.51994624;0.44543999999999995;0.31746048;0.189952;0.25221119999999997;0.17984000000000003;0.09395711999999999;0.10648576000000001;0.11392;0.08918528;0.07529472;0.07581183999999999;0.08596991999999999;0.08103935999999999;0.05201408;0.069632;0.06490111999999999;0.04547072;0.04406272;0.03561472;0.04865024;0.046397440000000005;0.03682304;0.03280384;0.02459136;0.02633728;0.03698176;0.027637759999999997;0.015882240000000002;0.01302016;0.01033216;0.009794559999999999;0.009640959999999999;0.0132352;0.012313600000000001;0.00781824;0.0088832;0.01189376;0.01074176;0.008734720000000001;0.010362880000000001;0.00685056;0.00712704;0.008524799999999999;0.005913600000000001;0.00324096;0.004715520000000001;0.00506368;0.0043929600000000004;0.0038502399999999996;0.0034304;0.00407552;0.0032768000000000003;0.00241152;0.0026368000000000003;0.0036864000000000003;0.0026623999999999997;0.00218112;0.0018176000000000002;0.00164864
1790448300,hdr,0.0293;0.03906;0.04883;0.05859;0.06836;0.07813;0.08789;0.09766;0.10742;0.11719;0.12695;0.13672;0.14648;0.15625;0.16602;0.17578;0.18555;0.19531;0.20508;0.21484;0.22461;0.23438;0.24414;0.25391;0.26367;0.27344;0.2832;0.29297;0.30273;0.3125;0.32227;0.33203;0.3418;0.35156;0.36133;0.37109;0.38086;0.39063;0.40039;0.41016;0.41992;0.42969;0.43945;0.44922;0.45898;0.46875;0.47852;0.48828;0.49805;0.50781;0.51758;0.52734;0.53711;0.54688;0.55664;0.56641;0.57617;0.58594;0.5957;0.60547;0.61523;0.625;0.63477;0.64453;0.6543;0.66406;0.67383;0.68359;0.69336;0.70313;0.71289;0.72266;0.73242;0.74219;0.75195;0.76172;0.77148;0.78125;0.79102,0.018935808000000002;0.027860991999999998;0.023400448;0.031817727999999997;0.128581632;0.7201300479999999;2.769010688;3.7044797440000004;2.052112384;0.978939904;0.859734016;1.015463936;1.062744064;0.8619253760000001;0.8185774079999999;1.046847488;0.946151424;0.506732544;0.6867271680000001;0.44587007999999995;0.424169472;0.32172032;0.199200768;0.193048576;0.21318041599999998;0.150683648;0.165793792;0.223014912;0.169496576;0.09798451199999998;0.0876544;0.112054272;0.054165504;0.06749388799999999;0.078565376;0.086700032;0.044191744;0.06561792;0.061755392;0.031830016;0.0477184;0.0432128;0.025309184;0.03178496;0.034041856;0.02162688;0.02480128;0.02033664;0.021454848;0.015958016000000002;0.019070976000000003;0.0186368;0.012832768;0.010440704;0.010698752;0.01548288;0.013705216000000001;0.011554816;0.0067583999999999995;0.005410816;0.003555328;0.003309568;0.006684671999999999;0.003928064;0.004456448;0.005353472;0.005103616;0.004153344;0.004845568000000001;0.003731456;0.0019251199999999998;0.0033791999999999997;0.0029859840000000006;0.002420736;0.002453504;0.001716224;0.0024739840000000003;0.002793472;0.0029695999999999998
1790449200,hdr,0.0293;0.03906;0.04883;0.05859;0.06836;0.07813;0.08789;0.09766;0.10742;0.11719;0.12695;0.13672;0.14648;0.15625;0.16602;0.17578;0.18555;0.19531;0.20508;0.21484;0.22461;0.23438;0.24414;0.25391;0.26367;0.27344;0.2832;0.29297;0.30273;0.3125;0.32227;0.33203;0.3418;0.35156;0.36133;0.37109;0.38086;0.39063;0.40039;0.41016;0.41992;0.42969;0.43945;0.44922;0.45898;0.46875;0.47852;0.48828;0.49805;0.50781;0.51758;0.52734;0.53711;0.54688;0.55664;0.56641;0.57617;0.58594;0.5957;0.60547;0.61523;0.625;0.63477;0.64453;0.6543;0.66406;0.67383;0.68359;0.69336;0.70313;0.71289;0.72266;0.73242;0.74219;0.75195;0.76172;0.77148;0.78125;0.79102,0.0059269119999999995;0.017039359999999996;0.026660864000000003;0.020746240000000003;0.14156185599999999;1.095155712;3.7810913279999996;3.309395968;1.8812887040000001;1.3260267520000002;0.882610176;0.901115904;0.877273088;0.974848;0.9845719039999999;0.87719936;0.757039104;0.466321408;0.46294220799999997;0.381915136;0.236556288;0.239239168;0.136204288;0.13953024;0.19949567999999998;0.16813260800000002;0.13635993600000001;0.160567296;0.126590976;0.111550464;0.08180940800000001;0.057184256;0.045662207999999996;0.068231168;0.045817856;0.03557376;0.045248512;0.03862528;0.047398912;0.056762368;0.025841664;0.017633279999999998;0.029102080000000002;0.032407552000000006;0.020975616;0.015740928;0.015171583999999998;0.021573632000000002;0.017088512000000004;0.016609279999999997;0.016760832000000003;0.016793600000000002;0.011513856;0.009248768;0.008781824;0.011685888;0.013897728000000002;0.01150976;0.008773632;0.006492159999999999;0.005337087999999999;0.003923968;0.004530176;0.00391168;0.005234688;0.0055009279999999995;0.004571136000000001;0.0048660479999999996;0.0054435840000000004;0.003076096;0.003035136;0.00352256;0.002691072;0.001486848;0.00270336;0.0035471359999999998;0.002183168;0.0017203200000000002;0.0021504000000000002
1790450100,hdr,0.0293;0.03906;0.04883;0.05859;0.06836;0.07813;0.08789;0.09766;0.10742;0.11719;0.12695;0.13672;0.14648;0.15625;0.16602;0.17578;0.18555;0.19531;0.20508;0.21484;0.22461;0.23438;0.24414;0.25391;0.26367;0.27344;0.2832;0.29297;0.30273;0.3125;0.32227;0.33203;0.3418;0.35156;0.36133;0.37109;0.38086;0.39063;0.40039;0.41016;0.41992;0.42969;0.43945;0.44922;0.45898;0.46875;0.47852;0.48828;0.49805;0.50781;0.51758;0.52734;0.53711;0.54688;0.55664;0.56641;0.57617;0.58594;0.5957;0.60547;0.61523;0.625;0.63477;0.64453;0.6543;0.66406;0.67383;0.68359;0.69336;0.70313;0.71289;0.72266;0.73242;0.74219;0.75195;0.76172;0.77148;0.78125;0.79102,0.018582527999999997;0.021341184000000003;0.016121856;0.024978432;0.11654553599999999;0.6691860479999999;2.0953344;2.2912081920000005;1.1203123199999998;0.7413688319999999;0.763987968;1.001785344;0.790385664;0.6773299199999999;0.8553031680000001;1.0983321600000002;0.9478379520000001;0.8278886399999998;0.9214679039999999;0.6772746239999999;0.529431552;0.290666496;0.3334656;0.351876096;0.316403712;0.238967808;0.320612352;0.20016844799999997;0.157894656;0.14936064;0.109903872;0.07829299199999999;0.046792704000000004;0.058426368;0.054027264;0.07233024;0.05095833599999999;0.037757952;0.023365632;0.030093311999999997;0.042799104;0.034535424;0.02337792;0.014893056;0.020705280000000003;0.019608576000000003;0.013863936;0.008573952000000001;0.014696448;0.018204671999999998;0.010970111999999999;0.010340352;0.009682943999999999;0.010134528;0.011860992;0.00938496;0.008534016;0.01032192;0.007944192000000001;0.006383616;0.009464832000000001;0.008927232;0.005336064000000001;0.003268608;0.004018176;0.005179392;0.005176320000000001;0.004549632;0.0033607679999999997;0.00274944;0.003956736000000001;0.003926016;0.0031426559999999997;0.002651136;0.0027279360000000002;0.002989056;0.002414592;0.001492992;0.001250304
1790451000,hdr,0.0293;0.03906;0.04883;0.05859;0.06836;0.07813;0.08789;0.09766;0.10742;0.11719;0.12695;0.13672;0.14648;0.15625;0.16602;0.17578;0.18555;0.19531;0.20508;0.21484;0.22461;0.23438;0.24414;0.25391;0.26367;0.27344;0.2832;0.29297;0.30273;0.3125;0.32227;0.33203;0.3418;0.35156;0.36133;0.37109;0.38086;0.39063;0.40039;0.41016;0.41992;0.42969;0.43945;0.44922;0.45898;0.46875;0.47852;0.48828;0.49805;0.50781;0.51758;0.52734;0.53711;0.54688;0.55664;0.56641;0.57617;0.58594;0.5957;0.60547;0.61523;0.625;0.63477;0.64453;0.6543;0.66406;0.67383;0.68359;0.69336;0.70313;0.71289;0.72266;0.73242;0.74219;0.75195;0.76172;0.77148;0.78125;0.79102,0.007180288;0.015519743999999999;0.01302528;0.019681280000000002;0.058556416;0.6596608;2.797625344;3.5755663359999996;1.756700672;0.7021117440000001;0.540061696;0.715726848;0.568922112;0.6125404160000001;0.44017664;0.47767961600000003;0.47416524800000004;0.464252928;0.357154816;0.43687936000000005;0.4445184;0.213393408;0.140824576;0.134418432;0.11372953599999999;0.08917811199999999;0.060542976000000005;0.08191180799999999;0.09621913600000001;0.091774976;0.069586944;0.042217472;0.0223232;0.041541631999999995;0.048766976000000004;0.032022528;0.030633984;0.027435008;0.023363584;0.022908928;0.025997312;0.020144127999999997;0.021921792000000002;0.018509823999999998;0.020303872;0.027369472;0.031879168;0.028844032;0.016326656;0.014286848000000001;0.016080895999999997;0.01579008;0.009904128;0.006950911999999999;0.008323072;0.008052736;0.010416128;0.009859072;0.005808128;0.007634943999999999;0.007462912;0.005210112;0.007712768;0.007184384;0.004571136000000001;0.0048332800000000006;0.005791744;0.003960832;0.004210688;0.004202496;0.004931584;0.00335872;0.001626112;0.001605632;0.0013680639999999998;0.002310144;0.001662976;0.001626112;0.0018636800000000002
1790451900,hdr,0.0293;0.03906;0.04883;0.05859;0.06836;0.07813;0.08789;0.09766;0.10742;0.11719;0.12695;0.13672;0.14648;0.15625;0.16602;0.17578;0.18555;0.19531;0.20508;0.21484;0.22461;0.23438;0.24414;0.25391;0.26367;0.27344;0.2832;0.29297;0.30273;0.3125;0.32227;0.33203;0.3418;0.35156;0.36133;0.37109;0.38086;0.39063;0.40039;0.41016;0.41992;0.42969;0.43945;0.44922;0.45898;0.46875;0.47852;0.48828;0.49805;0.50781;0.51758;0.52734;0.53711;0.54688;0.55664;0.56641;0.57617;0.58594;0.5957;0.60547;0.61523;0.625;0.63477;0.64453;0.6543;0.66406;0.67383;0.68359;0.69336;0.70313;0.71289;0.72266;0.73242;0.74219;0.75195;0.76172;0.77148;0.78125;0.79102,0.006692864000000001;0.02285568;0.036704256000000005;0.035913728;0.108699648;0.943456256;3.07554304;2.132533248;1.428893696;0.987553792;0.629354496;0.637415424;0.450183168;0.5240381439999999;0.782450688;1.142136832;0.9822699519999999;0.74631168;0.5879808000000001;0.38405734399999997;0.36149248;0.31289344;0.19945472;0.106487808;0.14647295999999999;0.19106611199999998;0.153309184;0.14282751999999999;0.10254336;0.124928;0.10921984000000001;0.10601267199999999;0.05711872;0.053878784;0.05636096;0.062111743999999997;0.071061504;0.046247936;0.035971072;0.032980992;0.030580736;0.020946944;0.028852224;0.031588352;0.026349568000000004;0.02455552;0.032268288;0.023740416;0.016572416;0.016642048;0.017936384000000003;0.012009472;0.008093696;0.017297408;0.013971456;0.012972032000000001;0.009916415999999999;0.011141120000000001;0.01087488;0.0101376;0.010362880000000001;0.006234112;0.006086656;0.009900032;0.006873087999999999;0.005136384;0.004804608;0.00434176;0.00452608;0.004096;0.003629056;0.0023470080000000003;0.002134016;0.002654208;0.00217088;0.002080768;0.002576384;0.0018636800000000002;0.001998848
