Epoch Time,Processing Source,f,varianceDensity
1789257600,hdr,0.0293;0.03906;0.04883;0.05859;0.06836;0.07813;0.08789;0.09766;0.10742;0.11719;0.12695;0.13672;0.14648;0.15625;0.16602;0.17578;0.18555;0.19531;0.20508;0.21484;0.22461;0.23438;0.24414;0.25391;0.26367;0.27344;0.2832;0.29297;0.30273;0.3125;0.32227;0.33203;0.3418;0.35156;0.36133;0.37109;0.38086;0.39063;0.40039;0.41016;0.41992;0.42969;0.43945;0.44922;0.45898;0.46875;0.47852;0.48828;0.49805;0.50781;0.51758;0.52734;0.53711;0.54688;0.55664;0.56641;0.57617;0.58594;0.5957;0.60547;0.61523;0.625;0.63477;0.64453;0.6543;0.66406;0.67383;0.68359;0.69336;0.70313;0.71289;0.72266;0.73242;0.74219;0.75195;0.76172;0.77148;0.78125;0.79102,0.008242176000000002;0.019677184;0.011779072;0.009348096;0.006700032;0.003572736;0.004825088;0.008580095999999999;0.007042048;0.006112256;0.007268352;0.006112256;0.004112384;0.003416064;0.0019046400000000002;0.0032573439999999997;0.005284863999999999;0.005932032;0.003790848;0.0037468159999999996;0.002349056;0.0027351040000000004;0.002138112;0.001799168;0.002056192;0.0013701120000000002;0.000922624;0.00100352;0.0009216000000000001;0.000548864;0.000661504;0.0006092800000000001;0.00042803200000000007;0.000444416;0.0009205759999999999;0.000756736;0.000649216;0.0011048960000000002;0.001229824;0.001302528;0.0008519679999999999;0.000861184;0.000734208;0.000779264;0.00063488;0.00085504;0.000525312;0.00035532799999999997;0.000579584;0.000596992;0.0006021119999999999;0.000335872;0.000283648;0.000320512;0.000380928;0.00034816000000000003;0.000303104;0.000305152;0.00023142399999999999;0.000197632;0.000234496;0.00027340799999999994;0.000371712;0.00036966399999999996;0.00021401600000000003;0.000217088;0.000222208;0.00018534400000000002;0.000229376;0.00021504000000000003;0.000132096;0.00016691200000000002;0.000193536;0.000165888;0.00018227199999999998;0.000207872;0.00016384;0.00023654400000000002;0.00023552000000000002
1789258500,hdr,0.0293;0.03906;0.04883;0.05859;0.06836;0.07813;0.08789;0.09766;0.10742;0.11719;0.12695;0.13672;0.14648;0.15625;0.16602;0.17578;0.18555;0.19531;0.20508;0.21484;0.22461;0.23438;0.24414;0.25391;0.26367;0.27344;0.2832;0.29297;0.30273;0.3125;0.32227;0.33203;0.3418;0.35156;0.36133;0.37109;0.38086;0.39063;0.40039;0.41016;0.41992;0.42969;0.43945;0.44922;0.45898;0.46875;0.47852;0.48828;0.49805;0.50781;0.51758;0.52734;0.53711;0.54688;0.55664;0.56641;0.57617;0.58594;0.5957;0.60547;0.61523;0.625;0.63477;0.64453;0.6543;0.66406;0.67383;0.68359;0.69336;0.70313;0.71289;0.72266;0.73242;0.74219;0.75195;0.76172;0.77148;0.78125;0.79102,0.003827712;0.00858624;0.006270975999999999;0.005629952000000001;0.008179712;0.008782848;0.007428096;0.009808896000000001;0.015905792;0.008487936;0.006818816;0.009058304;0.007524352000000001;0.0033720319999999996;0.0032583679999999998;0.004267008;0.003767296;0.004839424;0.004301823999999999;0.003002368;0.0016424959999999998;0.001441792;0.001349632;0.001127424;0.0014796800000000001;0.000884736;0.0013660159999999998;0.0011714560000000002;0.0010014719999999998;0.001119232;0.0011120639999999998;0.0006144;0.000617472;0.000601088;0.0008837120000000001;0.001145856;0.001005568;0.000740352;0.001028096;0.000898048;0.001074176;0.001071104;0.00091136;0.00040550399999999994;0.00037478399999999997;0.00043110399999999997;0.000420864;0.000516096;0.000505856;0.0005724160000000001;0.0005898240000000001;0.0004915200000000001;0.000505856;0.000510976;0.000787456;0.0007936;0.000854016;0.0006092800000000001;0.0003072;0.000249856;0.00029081600000000006;0.000237568;0.000178176;0.000195584;0.000248832;0.000193536;0.00025088;0.00020377600000000002;0.00010956799999999999;0.000103424;0.000136192;0.00018124799999999998;0.000233472;0.000244736;0.000217088;0.00020889599999999997;0.00018432000000000002;0.000217088;0.00033382400000000003
1789259400,hdr,0.0293;0.03906;0.04883;0.05859;0.06836;0.07813;0.08789;0.09766;0.10742;0.11719;0.12695;0.13672;0.14648;0.15625;0.16602;0.17578;0.18555;0.19531;0.20508;0.21484;0.22461;0.23438;0.24414;0.25391;0.26367;0.27344;0.2832;0.29297;0.30273;0.3125;0.32227;0.33203;0.3418;0.35156;0.36133;0.37109;0.38086;0.39063;0.40039;0.41016;0.41992;0.42969;0.43945;0.44922;0.45898;0.46875;0.47852;0.48828;0.49805;0.50781;0.51758;0.52734;0.53711;0.54688;0.55664;0.56641;0.57617;0.58594;0.5957;0.60547;0.61523;0.625;0.63477;0.64453;0.6543;0.66406;0.67383;0.68359;0.69336;0.70313;0.71289;0.72266;0.73242;0.74219;0.75195;0.76172;0.77148;0.78125;0.79102,0.005853183999999999;0.00677888;0.006078464;0.005681152;0.007107584;0.004426751999999999;0.005815296;0.00818688;0.012632064;0.010451968;0.008070144000000001;0.008720384;0.006331392;0.005013504;0.0031467520000000005;0.002207744;0.0024545279999999997;0.004321279999999999;0.004285440000000001;0.00264704;0.00323072;0.0026449919999999997;0.002332672;0.0009697280000000001;0.0010608640000000001;0.001217536;0.000878592;0.0007557120000000001;0.0008110079999999999;0.000970752;0.000642048;0.000759808;0.000966656;0.001152;0.000922624;0.00075264;0.000877568;0.0012871680000000002;0.00155648;0.001275904;0.0009943039999999999;0.0006993920000000001;0.000882688;0.00054272;0.000315392;0.000551936;0.0005816320000000001;0.000524288;0.00041779199999999995;0.000771072;0.001089536;0.0005468159999999999;0.00030105599999999996;0.00035328;0.0005713920000000001;0.0008744960000000001;0.000745472;0.000626688;0.000545792;0.000643072;0.000766976;0.00077312;0.000817152;0.00059392;0.000504832;0.00039628799999999996;0.000429056;0.000694272;0.00046796800000000003;0.000275456;0.000316416;0.000315392;0.00040243200000000004;0.000534528;0.000579584;0.000791552;0.000861184;0.0008366080000000001;0.0009041920000000001
1789260300,hdr,0.0293;0.03906;0.04883;0.05859;0.06836;0.07813;0.08789;0.09766;0.10742;0.11719;0.12695;0.13672;0.14648;0.15625;0.16602;0.17578;0.18555;0.19531;0.20508;0.21484;0.22461;0.23438;0.24414;0.25391;0.26367;0.27344;0.2832;0.29297;0.30273;0.3125;0.32227;0.33203;0.3418;0.35156;0.36133;0.37109;0.38086;0.39063;0.40039;0.41016;0.41992;0.42969;0.43945;0.44922;0.45898;0.46875;0.47852;0.48828;0.49805;0.50781;0.51758;0.52734;0.53711;0.54688;0.55664;0.56641;0.57617;0.58594;0.5957;0.60547;0.61523;0.625;0.63477;0.64453;0.6543;0.66406;0.67383;0.68359;0.69336;0.70313;0.71289;0.72266;0.73242;0.74219;0.75195;0.76172;0.77148;0.78125;0.79102,0.019232768;0.027933696;0.018670592;0.013636608;0.021321727999999998;0.010302464;0.003519488;0.00896;0.010156031999999999;0.012776448000000001;0.009383935999999999;0.010350592;0.009951232;0.004562943999999999;0.00375808;0.00267264;0.004315136;0.0036362239999999995;0.003959808;0.003677184;0.0028723200000000003;0.0030361600000000004;0.004968448;0.004365312;0.00187904;0.000955392;0.001286144;0.0008765439999999999;0.001376256;0.0015738879999999998;0.0011264;0.000857088;0.001138688;0.0013793280000000002;0.0008652800000000001;0.0012032;0.001069056;0.00084992;0.000795648;0.000789504;0.001119232;0.000978944;0.000817152;0.000782336;0.00041472;0.00054272;0.00051712;0.00065536;0.00046489599999999996;0.0006082559999999999;0.000703488;0.000672768;0.0006932479999999999;0.000611328;0.00027340799999999994;0.00018534400000000002;0.00032768;0.000415744;0.00042803200000000007;0.00047820800000000004;0.00040755200000000004;0.000357376;0.00031232;0.00032256;0.000221184;0.000205824;0.00024780799999999997;0.00026112;0.00026112;0.000263168;0.00020377600000000002;0.00023859199999999998;0.000260096;0.000259072;0.000335872;0.000452608;0.000448512;0.0006656;0.00076288
1789262100,hdr,0.0293;0.03906;0.04883;0.05859;0.06836;0.07813;0.08789;0.09766;0.10742;0.11719;0.12695;0.13672;0.14648;0.15625;0.16602;0.17578;0.18555;0.19531;0.20508;0.21484;0.22461;0.23438;0.24414;0.25391;0.26367;0.27344;0.2832;0.29297;0.30273;0.3125;0.32227;0.33203;0.3418;0.35156;0.36133;0.37109;0.38086;0.39063;0.40039;0.41016;0.41992;0.42969;0.43945;0.44922;0.45898;0.46875;0.47852;0.48828;0.49805;0.50781;0.51758;0.52734;0.53711;0.54688;0.55664;0.56641;0.57617;0.58594;0.5957;0.60547;0.61523;0.625;0.63477;0.64453;0.6543;0.66406;0.67383;0.68359;0.69336;0.70313;0.71289;0.72266;0.73242;0.74219;0.75195;0.76172;0.77148;0.78125;0.79102,0.003658752;0.009561088;0.011789312;0.004656128;0.004709376;0.005936128;0.010399744;0.009407488000000002;0.005271552;0.008337408;0.010814464;0.015652864;0.009293824000000001;0.005528576;0.0043284479999999995;0.0020183040000000003;0.002373632;0.003136512;0.003432448;0.004514816;0.002911232;0.0032358400000000002;0.002707456;0.0023920639999999997;0.001928192;0.001127424;0.001409024;0.0014878720000000001;0.0018944;0.00115712;0.000908288;0.0007936;0.001015808;0.0011970559999999997;0.001502208;0.0016384000000000001;0.001429504;0.000989184;0.0014919679999999998;0.0013342719999999998;0.0013506560000000002;0.0012605440000000002;0.00143872;0.001253376;0.0009943039999999999;0.0009441279999999999;0.00090112;0.0006891520000000001;0.000744448;0.001130496;0.00087552;0.000466944;0.00045056;0.000515072;0.000545792;0.00041984;0.00042598399999999997;0.000391168;0.00036454399999999996;0.00040448000000000003;0.00024576000000000003;0.00028774400000000004;0.00040448000000000003;0.000360448;0.0005601279999999999;0.000453632;0.00036864000000000005;0.00026521600000000003;0.000197632;0.000169984;0.000207872;0.00018432000000000002;0.00018227199999999998;0.00025497599999999997;0.00028671999999999997;0.000241664;0.00027033600000000004;0.000260096;0.000326656
1789263000,hdr,0.0293;0.03906;0.04883;0.05859;0.06836;0.07813;0.08789;0.09766;0.10742;0.11719;0.12695;0.13672;0.14648;0.15625;0.16602;0.17578;0.18555;0.19531;0.20508;0.21484;0.22461;0.23438;0.24414;0.25391;0.26367;0.27344;0.2832;0.29297;0.30273;0.3125;0.32227;0.33203;0.3418;0.35156;0.36133;0.37109;0.38086;0.39063;0.40039;0.41016;0.41992;0.42969;0.43945;0.44922;0.45898;0.46875;0.47852;0.48828;0.49805;0.50781;0.51758;0.52734;0.53711;0.54688;0.55664;0.56641;0.57617;0.58594;0.5957;0.60547;0.61523;0.625;0.63477;0.64453;0.6543;0.66406;0.67383;0.68359;0.69336;0.70313;0.71289;0.72266;0.73242;0.74219;0.75195;0.76172;0.77148;0.78125;0.79102,0.008315904;0.017188863999999998;0.01100288;0.0073154560000000006;0.008204288;0.009324544;0.010707967999999998;0.009612287999999998;0.008815616;0.007549952;0.007259135999999999;0.005694464;0.0090368;0.007701504;0.006798336;0.006258688;0.0058347519999999995;0.005470208000000001;0.0035932159999999998;0.003675136;0.0031774719999999998;0.00274944;0.002477056;0.0017244159999999999;0.0012247039999999999;0.0009482239999999999;0.001409024;0.001497088;0.0017305600000000001;0.0018278399999999998;0.001846272;0.0019466239999999999;0.00193536;0.001743872;0.002231296;0.0025364479999999997;0.00221696;0.0020858880000000006;0.0017459199999999998;0.0016230399999999999;0.0009359360000000001;0.0004915200000000001;0.001088512;0.0017192959999999997;0.000908288;0.000759808;0.0008458240000000001;0.000949248;0.000775168;0.000535552;0.00059904;0.0005416959999999999;0.000494592;0.000524288;0.000499712;0.000345088;0.00033484799999999995;0.000406528;0.000521216;0.000412672;0.00023552000000000002;0.000205824;0.000234496;0.00030003200000000004;0.000381952;0.00027033600000000004;0.000284672;0.000267264;0.00026521600000000003;0.000267264;0.00028569600000000005;0.00035328;0.000262144;0.00029183999999999997;0.000227328;0.000315392;0.00033484799999999995;0.00041779199999999995;0.00040550399999999994
1789263900,hdr,0.0293;0.03906;0.04883;0.05859;0.06836;0.07813;0.08789;0.09766;0.10742;0.11719;0.12695;0.13672;0.14648;0.15625;0.16602;0.17578;0.18555;0.19531;0.20508;0.21484;0.22461;0.23438;0.24414;0.25391;0.26367;0.27344;0.2832;0.29297;0.30273;0.3125;0.32227;0.33203;0.3418;0.35156;0.36133;0.37109;0.38086;0.39063;0.40039;0.41016;0.41992;0.42969;0.43945;0.44922;0.45898;0.46875;0.47852;0.48828;0.49805;0.50781;0.51758;0.52734;0.53711;0.54688;0.55664;0.56641;0.57617;0.58594;0.5957;0.60547;0.61523;0.625;0.63477;0.64453;0.6543;0.66406;0.67383;0.68359;0.69336;0.70313;0.71289;0.72266;0.73242;0.74219;0.75195;0.76172;0.77148;0.78125;0.79102,0.0060661759999999995;0.007064576;0.011094016;0.007312384;0.005861376000000001;0.007051264;0.010570752000000001;0.017179648000000002;0.011380736;0.007626752;0.014748671999999999;0.014862336;0.011278336;0.00729088;0.006938624;0.00422912;0.0033300480000000004;0.003836928;0.0031559680000000003;0.0034488319999999998;0.002852864;0.003868672;0.0034672640000000003;0.00134656;0.000869376;0.0016732160000000002;0.0013342719999999998;0.001777664;0.002287616;0.0021893120000000005;0.001652736;0.002363392;0.002801664;0.00317952;0.0024299520000000004;0.001682432;0.000857088;0.0012748800000000002;0.001523712;0.0010465279999999997;0.0012687360000000001;0.00115712;0.0010516479999999999;0.0009523200000000001;0.001149952;0.0011837439999999998;0.0007096320000000001;0.000674816;0.000687104;0.0006092800000000001;0.00100352;0.0007946240000000001;0.00045056;0.000580608;0.00046489599999999996;0.000439296;0.0004352;0.000466944;0.000411648;0.000449536;0.00050688;0.000463872;0.00033382400000000003;0.000418816;0.000269312;0.00019865600000000002;0.0002816;0.000233472;0.000325632;0.000288768;0.000350208;0.0003328;0.000196608;0.00024576000000000003;0.00036249599999999997;0.0004352;0.00042803200000000007;0.000339968;0.000398336
1789264800,hdr,0.0293;0.03906;0.04883;0.05859;0.06836;0.07813;0.08789;0.09766;0.10742;0.11719;0.12695;0.13672;0.14648;0.15625;0.16602;0.17578;0.18555;0.19531;0.20508;0.21484;0.22461;0.23438;0.24414;0.25391;0.26367;0.27344;0.2832;0.29297;0.30273;0.3125;0.32227;0.33203;0.3418;0.35156;0.36133;0.37109;0.38086;0.39063;0.40039;0.41016;0.41992;0.42969;0.43945;0.44922;0.45898;0.46875;0.47852;0.48828;0.49805;0.50781;0.51758;0.52734;0.53711;0.54688;0.55664;0.56641;0.57617;0.58594;0.5957;0.60547;0.61523;0.625;0.63477;0.64453;0.6543;0.66406;0.67383;0.68359;0.69336;0.70313;0.71289;0.72266;0.73242;0.74219;0.75195;0.76172;0.77148;0.78125;0.79102,0.004027391999999999;0.013655039999999998;0.013671424000000001;0.0018278399999999998;0.005718016;0.007020544;0.006035456;0.007440384;0.007749632;0.009164799999999999;0.01434112;0.012420096;0.011394047999999999;0.010831872000000001;0.004795392;0.003692544;0.004117504;0.002737152;0.002720768;0.00272896;0.0034048;0.002633728;0.002594816;0.0024739840000000003;0.00178176;0.001358848;0.001333248;0.001134592;0.001312768;0.001381376;0.001164288;0.0014346239999999998;0.002398208;0.002613248;0.0023930880000000002;0.001431552;0.0011161600000000002;0.000964608;0.001257472;0.001316864;0.0011407359999999998;0.0015144960000000002;0.001161216;0.000924672;0.000534528;0.000668672;0.000579584;0.000520192;0.000538624;0.00039219200000000003;0.000485376;0.000827392;0.00067072;0.000812032;0.000620544;0.0006144;0.0007168;0.0006696959999999999;0.0007219199999999999;0.00039628799999999996;0.00052736;0.000423936;0.00029798400000000005;0.00026521600000000003;0.00029593599999999995;0.000267264;0.000262144;0.000329728;0.00031232;0.00034201599999999995;0.00035942400000000006;0.00037068800000000004;0.00023040000000000002;0.00014540800000000003;0.00012185600000000001;0.00018534400000000002;0.0002816;0.000277504;0.000303104
1789265700,hdr,0.0293;0.03906;0.04883;0.05859;0.06836;0.07813;0.08789;0.09766;0.10742;0.11719;0.12695;0.13672;0.14648;0.15625;0.16602;0.17578;0.18555;0.19531;0.20508;0.21484;0.22461;0.23438;0.24414;0.25391;0.26367;0.27344;0.2832;0.29297;0.30273;0.3125;0.32227;0.33203;0.3418;0.35156;0.36133;0.37109;0.38086;0.39063;0.40039;0.41016;0.41992;0.42969;0.43945;0.44922;0.45898;0.46875;0.47852;0.48828;0.49805;0.50781;0.51758;0.52734;0.53711;0.54688;0.55664;0.56641;0.57617;0.58594;0.5957;0.60547;0.61523;0.625;0.63477;0.64453;0.6543;0.66406;0.67383;0.68359;0.69336;0.70313;0.71289;0.72266;0.73242;0.74219;0.75195;0.76172;0.77148;0.78125;0.79102,0.0032256;0.008468479999999999;0.012261376000000001;0.007467008;0.010176512;0.008582144;0.012310528;0.012913664;0.009305088;0.007209984;0.013769728;0.012362752000000001;0.011741184000000002;0.011987968000000002;0.006664192;0.005336064000000001;0.003119104;0.002654208;0.003221504;0.002823168;0.002691072;0.002837504;0.002378752;0.0018800639999999999;0.002115584;0.001922048;0.0015431680000000001;0.001652736;0.00194048;0.00204288;0.0022835200000000003;0.003080192;0.0029470720000000002;0.002377728;0.0025384959999999995;0.002377728;0.001251328;0.001284096;0.001061888;0.000726016;0.00119296;0.001119232;0.0008212479999999999;0.0012072959999999998;0.001036288;0.000945152;0.000828416;0.0005744639999999999;0.000502784;0.000623616;0.0007352319999999999;0.0006963200000000001;0.000582656;0.00045568;0.00030924800000000003;0.000331776;0.00047001599999999997;0.000463872;0.0004956159999999999;0.000351232;0.000316416;0.000308224;0.000234496;0.00034201599999999995;0.000278528;0.000227328;0.000131072;0.00018432000000000002;0.000233472;0.00024063999999999997;0.000159744;0.000205824;0.00035942400000000006;0.00034304;0.000318464;0.000305152;0.000388096;0.000335872;0.00036352
1789266600,hdr,0.0293;0.03906;0.04883;0.05859;0.06836;0.07813;0.08789;0.09766;0.10742;0.11719;0.12695;0.13672;0.14648;0.15625;0.16602;0.17578;0.18555;0.19531;0.20508;0.21484;0.22461;0.23438;0.24414;0.25391;0.26367;0.27344;0.2832;0.29297;0.30273;0.3125;0.32227;0.33203;0.3418;0.35156;0.36133;0.37109;0.38086;0.39063;0.40039;0.41016;0.41992;0.42969;0.43945;0.44922;0.45898;0.46875;0.47852;0.48828;0.49805;0.50781;0.51758;0.52734;0.53711;0.54688;0.55664;0.56641;0.57617;0.58594;0.5957;0.60547;0.61523;0.625;0.63477;0.64453;0.6543;0.66406;0.67383;0.68359;0.69336;0.70313;0.71289;0.72266;0.73242;0.74219;0.75195;0.76172;0.77148;0.78125;0.79102,0.006912;0.008492032;0.006017024;0.0034365439999999997;0.004775936;0.009257984;0.008379392;0.007701504;0.0061532159999999995;0.00822784;0.008565759999999999;0.010175488;0.013725696;0.011398144;0.005648384;0.004292608;0.0020879360000000003;0.0017121280000000003;0.001979392;0.002055168;0.00229888;0.002671616;0.0028057599999999996;0.002299904;0.0012072959999999998;0.0010127360000000002;0.0018944;0.0022394880000000004;0.00164864;0.0018216959999999998;0.0018595839999999998;0.001882112;0.001974272;0.002581504;0.002496512;0.002282496;0.001676288;0.000818176;0.0009021439999999999;0.001084416;0.000910336;0.0012400640000000001;0.0014458880000000002;0.000932864;0.0007976959999999999;0.000894976;0.000654336;0.00068096;0.000842752;0.0007075839999999999;0.001164288;0.0010598399999999998;0.001161216;0.000751616;0.000561152;0.000664576;0.000620544;0.000760832;0.0005847039999999999;0.00062464;0.000466944;0.00048742400000000003;0.00046080000000000003;0.00043008000000000006;0.000611328;0.000519168;0.000453632;0.0005867520000000001;0.000534528;0.00048025600000000003;0.0005703679999999999;0.000576512;0.000720896;0.0008447999999999999;0.00047001599999999997;0.0006789119999999999;0.0010465279999999997;0.000647168;0.000611328
1789267500,hdr,0.0293;0.03906;0.04883;0.05859;0.06836;0.07813;0.08789;0.09766;0.10742;0.11719;0.12695;0.13672;0.14648;0.15625;0.16602;0.17578;0.18555;0.19531;0.20508;0.21484;0.22461;0.23438;0.24414;0.25391;0.26367;0.27344;0.2832;0.29297;0.30273;0.3125;0.32227;0.33203;0.3418;0.35156;0.36133;0.37109;0.38086;0.39063;0.40039;0.41016;0.41992;0.42969;0.43945;0.44922;0.45898;0.46875;0.47852;0.48828;0.49805;0.50781;0.51758;0.52734;0.53711;0.54688;0.55664;0.56641;0.57617;0.58594;0.5957;0.60547;0.61523;0.625;0.63477;0.64453;0.6543;0.66406;0.67383;0.68359;0.69336;0.70313;0.71289;0.72266;0.73242;0.74219;0.75195;0.76172;0.77148;0.78125;0.79102,0.002280448;0.0046540800000000005;0.005177344;0.004723712;0.004518912;0.006839296;0.006873087999999999;0.007031808;0.0048762879999999995;0.006273024;0.01081344;0.02057216;0.018824192;0.012859391999999999;0.005414912;0.003232768;0.0029655040000000003;0.0024227840000000003;0.003707904;0.002572288;0.0032266240000000004;0.004048896000000001;0.005753856;0.001973248;0.001005568;0.001318912;0.001466368;0.001101824;0.0014827520000000002;0.0017623040000000001;0.0015943679999999999;0.001537024;0.0009461760000000001;0.000867328;0.001061888;0.00068608;0.00047104000000000004;0.001079296;0.0007219199999999999;0.0005703679999999999;0.000569344;0.000812032;0.000882688;0.000949248;0.001129472;0.00109056;0.00064;0.000606208;0.000637952;0.000357376;0.000233472;0.000401408;0.000652288;0.0007557120000000001;0.000638976;0.000643072;0.0009297919999999999;0.0008151040000000001;0.000382976;0.000468992;0.000412672;0.000269312;0.000401408;0.0005007359999999999;0.000461824;0.00048742400000000003;0.000434176;0.0008663039999999999;0.001155072;0.0009564160000000001;0.000867328;0.001257472;0.0011233280000000003;0.000979968;0.002117632;0.002089984;0.0012001280000000002;0.001118208;0.001477632
1789268400,hdr,0.0293;0.03906;0.04883;0.05859;0.06836;0.07813;0.08789;0.09766;0.10742;0.11719;0.12695;0.13672;0.14648;0.15625;0.16602;0.17578;0.18555;0.19531;0.20508;0.21484;0.22461;0.23438;0.24414;0.25391;0.26367;0.27344;0.2832;0.29297;0.30273;0.3125;0.32227;0.33203;0.3418;0.35156;0.36133;0.37109;0.38086;0.39063;0.40039;0.41016;0.41992;0.42969;0.43945;0.44922;0.45898;0.46875;0.47852;0.48828;0.49805;0.50781;0.51758;0.52734;0.53711;0.54688;0.55664;0.56641;0.57617;0.58594;0.5957;0.60547;0.61523;0.625;0.63477;0.64453;0.6543;0.66406;0.67383;0.68359;0.69336;0.70313;0.71289;0.72266;0.73242;0.74219;0.75195;0.76172;0.77148;0.78125;0.79102,0.0018524160000000002;0.0032532480000000003;0.006652928;0.004477952;0.005742592;0.006528;0.007033856;0.01472;0.011457536;0.008587263999999999;0.01113088;0.022970368;0.032335872;0.023545856;0.008522752;0.004155392;0.002551808;0.002161664;0.002674688;0.002741248;0.002214912;0.0018636800000000002;0.0020500479999999996;0.001168384;0.001446912;0.0012912639999999999;0.0012625919999999999;0.0013783040000000001;0.0013639680000000001;0.001558528;0.0010127360000000002;0.001138688;0.00116224;0.001229824;0.001343488;0.00097792;0.000889856;0.000525312;0.0005324799999999999;0.001033216;0.001159168;0.0009758719999999999;0.00062976;0.00064;0.00048742400000000003;0.000344064;0.0005089280000000001;0.00068096;0.000801792;0.000668672;0.000520192;0.0006789119999999999;0.000730112;0.00059392;0.000444416;0.000447488;0.000582656;0.000482304;0.00040243200000000004;0.000454656;0.000434176;0.0005580800000000001;0.0006778880000000001;0.000513024;0.0005468159999999999;0.00050176;0.000531456;0.0005089280000000001;0.000186368;0.000339968;0.000726016;0.0009758719999999999;0.000692224;0.0009144320000000001;0.0007106559999999999;0.000605184;0.00113152;0.001139712;0.001107968
1789269300,hdr,0.0293;0.03906;0.04883;0.05859;0.06836;0.07813;0.08789;0.09766;0.10742;0.11719;0.12695;0.13672;0.14648;0.15625;0.16602;0.17578;0.18555;0.19531;0.20508;0.21484;0.22461;0.23438;0.24414;0.25391;0.26367;0.27344;0.2832;0.29297;0.30273;0.3125;0.32227;0.33203;0.3418;0.35156;0.36133;0.37109;0.38086;0.39063;0.40039;0.41016;0.41992;0.42969;0.43945;0.44922;0.45898;0.46875;0.47852;0.48828;0.49805;0.50781;0.51758;0.52734;0.53711;0.54688;0.55664;0.56641;0.57617;0.58594;0.5957;0.60547;0.61523;0.625;0.63477;0.64453;0.6543;0.66406;0.67383;0.68359;0.69336;0.70313;0.71289;0.72266;0.73242;0.74219;0.75195;0.76172;0.77148;0.78125;0.79102,0.006250496;0.012918783999999999;0.010632191999999999;0.007536640000000001;0.009729024000000001;0.009076736;0.011654144;0.010729472;0.009677823999999998;0.01268736;0.012756992;0.023236608;0.016589824;0.009224192;0.006706176;0.00363008;0.0030853119999999998;0.002192384;0.0029378560000000004;0.0035696639999999997;0.0026521599999999998;0.002038784;0.0024616959999999998;0.002193408;0.001575936;0.0014233599999999998;0.00131072;0.0008601600000000001;0.001050624;0.0019169279999999998;0.0018216959999999998;0.0015872;0.001528832;0.001330176;0.0015667199999999997;0.001312768;0.0010178560000000001;0.0011407359999999998;0.0009564160000000001;0.00076288;0.000555008;0.000371712;0.00067584;0.0012165119999999999;0.000889856;0.0005406720000000001;0.000326656;0.000520192;0.000648192;0.000770048;0.000569344;0.000493568;0.000625664;0.000877568;0.000930816;0.00070656;0.000526336;0.00037068800000000004;0.000347136;0.000427008;0.000490496;0.000406528;0.00046489599999999996;0.0005089280000000001;0.00046489599999999996;0.0005478400000000001;0.0006676480000000001;0.00048639999999999995;0.0005089280000000001;0.0006144;0.00048127999999999995;0.000510976;0.00045056;0.000339968;0.00022016;0.000390144;0.000485376;0.000827392;0.0009584639999999999
1789270200,hdr,0.0293;0.03906;0.04883;0.05859;0.06836;0.07813;0.08789;0.09766;0.10742;0.11719;0.12695;0.13672;0.14648;0.15625;0.16602;0.17578;0.18555;0.19531;0.20508;0.21484;0.22461;0.23438;0.24414;0.25391;0.26367;0.27344;0.2832;0.29297;0.30273;0.3125;0.32227;0.33203;0.3418;0.35156;0.36133;0.37109;0.38086;0.39063;0.40039;0.41016;0.41992;0.42969;0.43945;0.44922;0.45898;0.46875;0.47852;0.48828;0.49805;0.50781;0.51758;0.52734;0.53711;0.54688;0.55664;0.56641;0.57617;0.58594;0.5957;0.60547;0.61523;0.625;0.63477;0.64453;0.6543;0.66406;0.67383;0.68359;0.69336;0.70313;0.71289;0.72266;0.73242;0.74219;0.75195;0.76172;0.77148;0.78125;0.79102,0.007182336;0.012659712000000002;0.010489856;0.008933376;0.011608064;0.005636096;0.008748032000000001;0.008745984;0.005225472;0.005767168;0.009957376;0.012865536;0.013174784000000002;0.01334784;0.009156608;0.003429376;0.002568192;0.002766848;0.0027432959999999997;0.0032296959999999998;0.003960832;0.003493888;0.0024709120000000005;0.003279872;0.0028344320000000004;0.001033216;0.0011202559999999998;0.001591296;0.00165376;0.001605632;0.002015232;0.001646592;0.0017203200000000002;0.0012451839999999999;0.00138752;0.000774144;0.0006850560000000001;0.000567296;0.000719872;0.000659456;0.001052672;0.0012154879999999998;0.0007249919999999999;0.000607232;0.000607232;0.0007137280000000001;0.000858112;0.0010608640000000001;0.000891904;0.000610304;0.000734208;0.00084992;0.000842752;0.000652288;0.000482304;0.000635904;0.000636928;0.0008335360000000001;0.001155072;0.000795648;0.000658432;0.0009349119999999999;0.0009400319999999999;0.0019517439999999998;0.002374656;0.002013184;0.001891328;0.0025835520000000002;0.002251776;0.002798592;0.0031938559999999997;0.00316928;0.002382848;0.002871296;0.00382464;0.0026112;0.002817024;0.0034908160000000003;0.004385792
1789271100,hdr,0.0293;0.03906;0.04883;0.05859;0.06836;0.07813;0.08789;0.09766;0.10742;0.11719;0.12695;0.13672;0.14648;0.15625;0.16602;0.17578;0.18555;0.19531;0.20508;0.21484;0.22461;0.23438;0.24414;0.25391;0.26367;0.27344;0.2832;0.29297;0.30273;0.3125;0.32227;0.33203;0.3418;0.35156;0.36133;0.37109;0.38086;0.39063;0.40039;0.41016;0.41992;0.42969;0.43945;0.44922;0.45898;0.46875;0.47852;0.48828;0.49805;0.50781;0.51758;0.52734;0.53711;0.54688;0.55664;0.56641;0.57617;0.58594;0.5957;0.60547;0.61523;0.625;0.63477;0.64453;0.6543;0.66406;0.67383;0.68359;0.69336;0.70313;0.71289;0.72266;0.73242;0.74219;0.75195;0.76172;0.77148;0.78125;0.79102,0.005536768;0.007530496;0.010085376;0.0070942719999999996;0.00498176;0.005248;0.007296;0.010917887999999999;0.01220608;0.008850431999999998;0.008471552000000002;0.016982016000000003;0.017981439999999998;0.013344768;0.009464832000000001;0.006050816;0.0038789120000000004;0.00410112;0.0020101119999999997;0.002308096;0.003009536;0.002879488;0.002067456;0.003002368;0.002994176;0.003168256;0.003518464;0.002852864;0.0020951040000000004;0.002276352;0.0013312;0.001385472;0.00198144;0.0017674240000000003;0.0013393919999999998;0.001461248;0.001153024;0.0011704320000000001;0.00103936;0.0008366080000000001;0.000723968;0.000543744;0.00047411199999999995;0.000825344;0.0010475520000000002;0.000748544;0.0006973439999999999;0.000827392;0.0009287680000000001;0.000989184;0.000703488;0.000538624;0.00054272;0.0005304320000000001;0.000754688;0.0009984;0.0012165119999999999;0.001420288;0.001550336;0.001803264;0.001969152;0.002919424;0.00298496;0.003946496;0.005112832;0.006252544;0.007001088000000001;0.005884928000000001;0.00704;0.00413696;0.00327168;0.0057026559999999995;0.005665791999999999;0.004307968;0.003662848;0.0025262080000000003;0.002890752;0.0017530879999999999;0.0017131520000000001
1789272000,hdr,0.0293;0.03906;0.04883;0.05859;0.06836;0.07813;0.08789;0.09766;0.10742;0.11719;0.12695;0.13672;0.14648;0.15625;0.16602;0.17578;0.18555;0.19531;0.20508;0.21484;0.22461;0.23438;0.24414;0.25391;0.26367;0.27344;0.2832;0.29297;0.30273;0.3125;0.32227;0.33203;0.3418;0.35156;0.36133;0.37109;0.38086;0.39063;0.40039;0.41016;0.41992;0.42969;0.43945;0.44922;0.45898;0.46875;0.47852;0.48828;0.49805;0.50781;0.51758;0.52734;0.53711;0.54688;0.55664;0.56641;0.57617;0.58594;0.5957;0.60547;0.61523;0.625;0.63477;0.64453;0.6543;0.66406;0.67383;0.68359;0.69336;0.70313;0.71289;0.72266;0.73242;0.74219;0.75195;0.76172;0.77148;0.78125;0.79102,0.007972864;0.019442688000000003;0.009734144;0.004750336;0.004242432;0.006585344;0.010264576;0.011837440000000001;0.006602752;0.008403968000000001;0.010675200000000001;0.013504512;0.018596864;0.017095680000000002;0.006776831999999999;0.00404992;0.0034949119999999998;0.0034652159999999997;0.002673664;0.002888704;0.0021268479999999998;0.00234496;0.0026009600000000003;0.00315904;0.005279743999999999;0.005157888;0.0035829760000000003;0.004000768;0.002737152;0.002199552;0.002249728;0.001729536;0.00133632;0.002116608;0.001620992;0.0018800639999999999;0.001534976;0.0011356159999999999;0.0013199359999999999;0.00118272;0.0012154879999999998;0.001077248;0.000809984;0.0009830400000000001;0.00128512;0.0010014719999999998;0.000502784;0.000888832;0.0007423999999999999;0.00082432;0.000915456;0.000781312;0.0008325120000000001;0.0010803199999999998;0.0009543679999999999;0.000775168;0.0005683200000000001;0.000637952;0.001532928;0.002062336;0.0014336;0.001133568;0.0020121600000000003;0.0023838720000000004;0.003134464;0.0035287039999999997;0.0028487680000000002;0.0050350080000000005;0.004934656;0.005152768;0.004652032;0.00525312;0.003748864;0.004448255999999999;0.003612672;0.0028927999999999996;0.003059712;0.0032890880000000003;0.002299904
1789272900,hdr,0.0293;0.03906;0.04883;0.05859;0.06836;0.07813;0.08789;0.09766;0.10742;0.11719;0.12695;0.13672;0.14648;0.15625;0.16602;0.17578;0.18555;0.19531;0.20508;0.21484;0.22461;0.23438;0.24414;0.25391;0.26367;0.27344;0.2832;0.29297;0.30273;0.3125;0.32227;0.33203;0.3418;0.35156;0.36133;0.37109;0.38086;0.39063;0.40039;0.41016;0.41992;0.42969;0.43945;0.44922;0.45898;0.46875;0.47852;0.48828;0.49805;0.50781;0.51758;0.52734;0.53711;0.54688;0.55664;0.56641;0.57617;0.58594;0.5957;0.60547;0.61523;0.625;0.63477;0.64453;0.6543;0.66406;0.67383;0.68359;0.69336;0.70313;0.71289;0.72266;0.73242;0.74219;0.75195;0.76172;0.77148;0.78125;0.79102,0.010855423999999999;0.020605951999999997;0.014792704;0.010320896;0.008871936;0.006232064000000001;0.004808704;0.005106688;0.009076736;0.011448320000000001;0.011428864000000002;0.018883584;0.024150016;0.015014912;0.00781824;0.004767744000000001;0.004862976;0.0024872960000000004;0.0017152;0.0027310080000000005;0.0038635519999999997;0.004464640000000001;0.0034816;0.0024924160000000003;0.003206144;0.003966976;0.003254272;0.003725312;0.002494464;0.001615872;0.0013004800000000001;0.001755136;0.0021903359999999998;0.002067456;0.001371136;0.000869376;0.001261568;0.0011151359999999999;0.001055744;0.00134656;0.0013547519999999999;0.0011489279999999998;0.0008509440000000001;0.001284096;0.001129472;0.001009664;0.000970752;0.000592896;0.000700416;0.001101824;0.001277952;0.0006225919999999999;0.000782336;0.000775168;0.000536576;0.00045056;0.000559104;0.000513024;0.00097792;0.001396736;0.0011366400000000002;0.0009144320000000001;0.0014817279999999999;0.00176128;0.002284544;0.002445312;0.0018944;0.003559424;0.004144128;0.003864576;0.003695616;0.002577408;0.002589696;0.0034385919999999994;0.0022558720000000003;0.001603584;0.0014213119999999999;0.0011489279999999998;0.001296384
1789273800,hdr,0.0293;0.03906;0.04883;0.05859;0.06836;0.07813;0.08789;0.09766;0.10742;0.11719;0.12695;0.13672;0.14648;0.15625;0.16602;0.17578;0.18555;0.19531;0.20508;0.21484;0.22461;0.23438;0.24414;0.25391;0.26367;0.27344;0.2832;0.29297;0.30273;0.3125;0.32227;0.33203;0.3418;0.35156;0.36133;0.37109;0.38086;0.39063;0.40039;0.41016;0.41992;0.42969;0.43945;0.44922;0.45898;0.46875;0.47852;0.48828;0.49805;0.50781;0.51758;0.52734;0.53711;0.54688;0.55664;0.56641;0.57617;0.58594;0.5957;0.60547;0.61523;0.625;0.63477;0.64453;0.6543;0.66406;0.67383;0.68359;0.69336;0.70313;0.71289;0.72266;0.73242;0.74219;0.75195;0.76172;0.77148;0.78125;0.79102,0.005417984;0.010999808;0.01114624;0.005009407999999999;0.0032266240000000004;0.003851264;0.0037621760000000003;0.004329472;0.0055531520000000004;0.009029632;0.01163776;0.012401664000000001;0.012208128;0.013981696;0.013309952;0.006646784;0.0038379520000000004;0.002468864;0.002656256;0.002127872;0.002279424;0.003757056;0.004977664;0.0046069760000000005;0.0062177280000000005;0.004999168;0.0034488319999999998;0.0018575360000000001;0.002566144;0.0021504000000000002;0.001631232;0.001615872;0.0016404479999999999;0.001507328;0.0018800639999999999;0.0014940160000000001;0.00185856;0.001036288;0.0008929280000000001;0.000688128;0.001133568;0.001655808;0.0014561280000000001;0.0010455039999999998;0.000941056;0.00092672;0.001316864;0.001722368;0.00088576;0.000610304;0.0007936;0.0008151040000000001;0.0005744639999999999;0.0006737919999999999;0.000376832;0.000596992;0.0008192000000000001;0.0006789119999999999;0.0006656;0.000751616;0.000702464;0.0009420800000000001;0.00063488;0.000932864;0.001079296;0.000817152;0.001318912;0.001615872;0.0012113920000000002;0.0013240320000000002;0.0028467199999999996;0.003484672;0.0033146879999999997;0.00265728;0.0028149760000000003;0.003605504;0.0029880320000000003;0.0036515840000000003;0.00498176
1789274700,hdr,0.0293;0.03906;0.04883;0.05859;0.06836;0.07813;0.08789;0.09766;0.10742;0.11719;0.12695;0.13672;0.14648;0.15625;0.16602;0.17578;0.18555;0.19531;0.20508;0.21484;0.22461;0.23438;0.24414;0.25391;0.26367;0.27344;0.2832;0.29297;0.30273;0.3125;0.32227;0.33203;0.3418;0.35156;0.36133;0.37109;0.38086;0.39063;0.40039;0.41016;0.41992;0.42969;0.43945;0.44922;0.45898;0.46875;0.47852;0.48828;0.49805;0.50781;0.51758;0.52734;0.53711;0.54688;0.55664;0.56641;0.57617;0.58594;0.5957;0.60547;0.61523;0.625;0.63477;0.64453;0.6543;0.66406;0.67383;0.68359;0.69336;0.70313;0.71289;0.72266;0.73242;0.74219;0.75195;0.76172;0.77148;0.78125;0.79102,0.002683904;0.004568063999999999;0.006598656;0.005568511999999999;0.004364288000000001;0.0074055679999999995;0.009161728000000001;0.009644031999999999;0.006255616;0.008418303999999998;0.013213696;0.015502335999999999;0.020068352;0.019151872;0.008123392;0.004632576;0.00309248;0.0015616000000000002;0.002070528;0.003493888;0.004358144;0.003685376;0.0025088;0.0025088;0.0039034879999999997;0.004700160000000001;0.003513344;0.003081216;0.002072576;0.001835008;0.002046976;0.0015493120000000002;0.001635328;0.001388544;0.001538048;0.001265664;0.001636352;0.001758208;0.001778688;0.00122368;0.00103936;0.0012605440000000002;0.000900096;0.000606208;0.00067072;0.00077312;0.000837632;0.0008837120000000001;0.0014940160000000001;0.001742848;0.001153024;0.0007557120000000001;0.0007925759999999999;0.0007096320000000001;0.000561152;0.000646144;0.0007557120000000001;0.0009543679999999999;0.00103424;0.000980992;0.00067584;0.000688128;0.000623616;0.0005744639999999999;0.000603136;0.0010465279999999997;0.000780288;0.0007249919999999999;0.000863232;0.001283072;0.001007616;0.0014991359999999999;0.001969152;0.0017561599999999999;0.002427904;0.0034990079999999996;0.002671616;0.00200704;0.0018083840000000001
1789275600,hdr,0.0293;0.03906;0.04883;0.05859;0.06836;0.07813;0.08789;0.09766;0.10742;0.11719;0.12695;0.13672;0.14648;0.15625;0.16602;0.17578;0.18555;0.19531;0.20508;0.21484;0.22461;0.23438;0.24414;0.25391;0.26367;0.27344;0.2832;0.29297;0.30273;0.3125;0.32227;0.33203;0.3418;0.35156;0.36133;0.37109;0.38086;0.39063;0.40039;0.41016;0.41992;0.42969;0.43945;0.44922;0.45898;0.46875;0.47852;0.48828;0.49805;0.50781;0.51758;0.52734;0.53711;0.54688;0.55664;0.56641;0.57617;0.58594;0.5957;0.60547;0.61523;0.625;0.63477;0.64453;0.6543;0.66406;0.67383;0.68359;0.69336;0.70313;0.71289;0.72266;0.73242;0.74219;0.75195;0.76172;0.77148;0.78125;0.79102,0.004045824;0.00617984;0.007794688;0.0035368960000000003;0.002638848;0.004539392000000001;0.008008704;0.00763392;0.0053913599999999996;0.0061532159999999995;0.009493504;0.012556288;0.011649024000000001;0.014466048;0.010324992;0.00610816;0.004128768;0.002328576;0.0030853119999999998;0.0035717120000000003;0.004452352;0.005999616;0.0050688;0.004596736;0.0046192640000000005;0.003750912;0.002523136;0.002139136;0.001721344;0.00213504;0.0022302719999999997;0.0020121600000000003;0.0019650559999999997;0.000884736;0.0008622079999999999;0.0013506560000000002;0.001501184;0.0015114240000000001;0.0011468799999999999;0.00165376;0.0017090559999999998;0.0014929920000000003;0.0008222720000000001;0.001033216;0.001312768;0.001399808;0.00080384;0.000790528;0.000800768;0.000979968;0.001220608;0.001217536;0.0008304639999999999;0.0007280640000000001;0.000503808;0.000738304;0.000753664;0.0005980159999999999;0.000664576;0.0008468480000000001;0.000787456;0.000837632;0.000536576;0.0005406720000000001;0.000441344;0.00040960000000000004;0.00042291200000000006;0.000253952;0.000452608;0.00052736;0.0005621760000000001;0.0007229440000000001;0.000861184;0.001281024;0.001155072;0.002069504;0.001973248;0.002013184;0.002208768
1789276500,hdr,0.0293;0.03906;0.04883;0.05859;0.06836;0.07813;0.08789;0.09766;0.10742;0.11719;0.12695;0.13672;0.14648;0.15625;0.16602;0.17578;0.18555;0.19531;0.20508;0.21484;0.22461;0.23438;0.24414;0.25391;0.26367;0.27344;0.2832;0.29297;0.30273;0.3125;0.32227;0.33203;0.3418;0.35156;0.36133;0.37109;0.38086;0.39063;0.40039;0.41016;0.41992;0.42969;0.43945;0.44922;0.45898;0.46875;0.47852;0.48828;0.49805;0.50781;0.51758;0.52734;0.53711;0.54688;0.55664;0.56641;0.57617;0.58594;0.5957;0.60547;0.61523;0.625;0.63477;0.64453;0.6543;0.66406;0.67383;0.68359;0.69336;0.70313;0.71289;0.72266;0.73242;0.74219;0.75195;0.76172;0.77148;0.78125;0.79102,0.003254272;0.004272128000000001;0.006145024000000001;0.002453504;0.001548288;0.004988928;0.005872639999999999;0.005785599999999999;0.00388096;0.004737024;0.012349439999999998;0.012214271999999998;0.01069056;0.012444672;0.012229631999999999;0.009117696;0.005349376;0.003016704;0.003591168;0.004240384;0.0052992;0.006280192;0.00502272;0.006158336;0.005124096;0.0038062079999999997;0.0036730879999999997;0.002286592;0.0022558720000000003;0.0022968320000000004;0.001687552;0.001661952;0.001584128;0.001676288;0.0016977919999999998;0.002284544;0.0017131520000000001;0.0012748800000000002;0.0009973760000000001;0.00123392;0.001521664;0.0008089600000000001;0.001056768;0.0013117439999999999;0.0008366080000000001;0.0006604799999999999;0.001154048;0.00091648;0.000643072;0.000625664;0.00074752;0.000606208;0.00055296;0.000664576;0.000714752;0.000630784;0.000408576;0.000543744;0.00043008000000000006;0.000406528;0.00042291200000000006;0.000489472;0.000387072;0.00046080000000000003;0.000514048;0.00035532799999999997;0.00034201599999999995;0.0003328;0.000288768;0.000516096;0.000492544;0.000515072;0.000659456;0.000842752;0.0011489279999999998;0.001431552;0.001409024;0.001846272;0.0019455999999999998
1789277400,hdr,0.0293;0.03906;0.04883;0.05859;0.06836;0.07813;0.08789;0.09766;0.10742;0.11719;0.12695;0.13672;0.14648;0.15625;0.16602;0.17578;0.18555;0.19531;0.20508;0.21484;0.22461;0.23438;0.24414;0.25391;0.26367;0.27344;0.2832;0.29297;0.30273;0.3125;0.32227;0.33203;0.3418;0.35156;0.36133;0.37109;0.38086;0.39063;0.40039;0.41016;0.41992;0.42969;0.43945;0.44922;0.45898;0.46875;0.47852;0.48828;0.49805;0.50781;0.51758;0.52734;0.53711;0.54688;0.55664;0.56641;0.57617;0.58594;0.5957;0.60547;0.61523;0.625;0.63477;0.64453;0.6543;0.66406;0.67383;0.68359;0.69336;0.70313;0.71289;0.72266;0.73242;0.74219;0.75195;0.76172;0.77148;0.78125;0.79102,0.0038635519999999997;0.009748480000000002;0.009801728000000001;0.004482048;0.00221696;0.006502399999999999;0.008142848000000001;0.011354112000000001;0.006408192;0.006144;0.007533568;0.012272640000000001;0.014206975999999998;0.013656064;0.011244544;0.0040642560000000005;0.0022927360000000005;0.0031969280000000004;0.003950592;0.0041113600000000005;0.004066304;0.006711296;0.0069621760000000005;0.004344832000000001;0.003349504;0.0046346239999999995;0.003898368;0.0034109440000000004;0.001867776;0.001775616;0.0013568;0.001532928;0.0011970559999999997;0.001048576;0.001306624;0.00133632;0.000780288;0.000932864;0.0013557760000000002;0.001282048;0.001451008;0.0007884799999999999;0.000910336;0.000999424;0.00063488;0.0006277120000000001;0.000616448;0.000970752;0.001286144;0.001338368;0.00075264;0.000635904;0.0005918719999999999;0.000766976;0.000635904;0.0004352;0.000576512;0.000970752;0.000601088;0.00041676800000000003;0.0005959680000000001;0.000623616;0.00039936;0.0006277120000000001;0.000704512;0.000483328;0.000513024;0.00054272;0.000544768;0.000714752;0.0006850560000000001;0.000776192;0.0012247039999999999;0.001053696;0.001156096;0.0010833919999999999;0.000919552;0.001004544;0.0013578239999999999
1789278300,hdr,0.0293;0.03906;0.04883;0.05859;0.06836;0.07813;0.08789;0.09766;0.10742;0.11719;0.12695;0.13672;0.14648;0.15625;0.16602;0.17578;0.18555;0.19531;0.20508;0.21484;0.22461;0.23438;0.24414;0.25391;0.26367;0.27344;0.2832;0.29297;0.30273;0.3125;0.32227;0.33203;0.3418;0.35156;0.36133;0.37109;0.38086;0.39063;0.40039;0.41016;0.41992;0.42969;0.43945;0.44922;0.45898;0.46875;0.47852;0.48828;0.49805;0.50781;0.51758;0.52734;0.53711;0.54688;0.55664;0.56641;0.57617;0.58594;0.5957;0.60547;0.61523;0.625;0.63477;0.64453;0.6543;0.66406;0.67383;0.68359;0.69336;0.70313;0.71289;0.72266;0.73242;0.74219;0.75195;0.76172;0.77148;0.78125;0.79102,0.005230592;0.010509312;0.010658816000000002;0.005572608000000001;0.0037396479999999995;0.004404224;0.006659072;0.011835392;0.006304768;0.009488384;0.013118464;0.017977343999999996;0.023518208000000002;0.011862016000000001;0.010685440000000001;0.008282112;0.004483072;0.003483648;0.00342016;0.003618816;0.00545792;0.00477184;0.004895744;0.00625664;0.004719616;0.0030945279999999996;0.0042936319999999995;0.003560448;0.002125824;0.002101248;0.0025989119999999997;0.003456;0.0024002560000000004;0.001830912;0.0024391680000000002;0.00123392;0.001242112;0.001527808;0.001301504;0.001426432;0.001056768;0.000787456;0.000987136;0.000594944;0.0011673599999999999;0.001729536;0.001605632;0.0013946879999999998;0.00122368;0.001432576;0.001069056;0.001849344;0.0016670720000000001;0.00087552;0.000843776;0.001036288;0.001022976;0.000965632;0.001241088;0.001055744;0.000765952;0.0011509760000000002;0.000644096;0.00061952;0.000666624;0.000461824;0.00097792;0.001041408;0.0009564160000000001;0.0008663039999999999;0.00081408;0.001074176;0.0021217280000000002;0.001995776;0.0028303359999999997;0.00318464;0.002228224;0.0023674879999999996;0.002354176
1789279200,hdr,0.0293;0.03906;0.04883;0.05859;0.06836;0.07813;0.08789;0.09766;0.10742;0.11719;0.12695;0.13672;0.14648;0.15625;0.16602;0.17578;0.18555;0.19531;0.20508;0.21484;0.22461;0.23438;0.24414;0.25391;0.26367;0.27344;0.2832;0.29297;0.30273;0.3125;0.32227;0.33203;0.3418;0.35156;0.36133;0.37109;0.38086;0.39063;0.40039;0.41016;0.41992;0.42969;0.43945;0.44922;0.45898;0.46875;0.47852;0.48828;0.49805;0.50781;0.51758;0.52734;0.53711;0.54688;0.55664;0.56641;0.57617;0.58594;0.5957;0.60547;0.61523;0.625;0.63477;0.64453;0.6543;0.66406;0.67383;0.68359;0.69336;0.70313;0.71289;0.72266;0.73242;0.74219;0.75195;0.76172;0.77148;0.78125;0.79102,0.003757056;0.009220095999999999;0.0100352;0.004624384;0.007264255999999999;0.007655424;0.006584319999999999;0.008467456;0.004256768;0.007271424;0.01511424;0.017732608;0.017380351999999998;0.016702464;0.013617152;0.008628224;0.004322304;0.005174272;0.00600064;0.006019072;0.006239232;0.006730752;0.0037990400000000005;0.007489536;0.007610368;0.00283136;0.00200704;0.003011584;0.00374784;0.0038062079999999997;0.004459520000000001;0.003661824;0.0032389119999999996;0.002883584;0.002051072;0.002428928;0.0032839680000000004;0.0022272;0.001323008;0.001393664;0.001559552;0.0016066560000000001;0.001696768;0.0014735360000000001;0.001750016;0.0017397760000000002;0.001009664;0.000858112;0.001028096;0.001253376;0.0010833919999999999;0.0011212799999999999;0.001082368;0.000945152;0.0008744960000000001;0.0010680320000000002;0.000986112;0.0009420800000000001;0.001026048;0.001206272;0.001226752;0.0014243840000000001;0.001154048;0.001210368;0.001089536;0.0010803199999999998;0.0013475839999999998;0.001887232;0.0020582400000000002;0.001890304;0.001681408;0.002402304;0.00292864;0.0026009600000000003;0.0030750720000000003;0.0027473920000000004;0.002244608;0.0037550080000000002;0.0030361600000000004
1789280100,hdr,0.0293;0.03906;0.04883;0.05859;0.06836;0.07813;0.08789;0.09766;0.10742;0.11719;0.12695;0.13672;0.14648;0.15625;0.16602;0.17578;0.18555;0.19531;0.20508;0.21484;0.22461;0.23438;0.24414;0.25391;0.26367;0.27344;0.2832;0.29297;0.30273;0.3125;0.32227;0.33203;0.3418;0.35156;0.36133;0.37109;0.38086;0.39063;0.40039;0.41016;0.41992;0.42969;0.43945;0.44922;0.45898;0.46875;0.47852;0.48828;0.49805;0.50781;0.51758;0.52734;0.53711;0.54688;0.55664;0.56641;0.57617;0.58594;0.5957;0.60547;0.61523;0.625;0.63477;0.64453;0.6543;0.66406;0.67383;0.68359;0.69336;0.70313;0.71289;0.72266;0.73242;0.74219;0.75195;0.76172;0.77148;0.78125;0.79102,0.004242432;0.009580544;0.007503872;0.004543488;0.008240128000000001;0.010130432;0.008368128;0.008875008;0.004013055999999999;0.006605824000000001;0.011682816;0.017281024;0.021111808;0.02172928;0.011823104000000001;0.013963264000000001;0.010114048;0.00481792;0.0033372160000000005;0.004141056;0.004941824000000001;0.00662528;0.0068679679999999995;0.005312512;0.004322304;0.0075448320000000004;0.01044992;0.004996095999999999;0.004020223999999999;0.004683776;0.002530304;0.0028088320000000003;0.002382848;0.002874368;0.002809856;0.0020418560000000003;0.0025333760000000004;0.003011584;0.002291712;0.0026060799999999998;0.002028544;0.0023408640000000002;0.001400832;0.001261568;0.001371136;0.000978944;0.0010250239999999998;0.001061888;0.00092672;0.000923648;0.001243136;0.001152;0.001727488;0.001483776;0.00101888;0.00075776;0.0004915200000000001;0.00064512;0.000939008;0.000775168;0.001079296;0.001061888;0.001107968;0.001107968;0.00131072;0.001092608;0.00097792;0.000761856;0.001666048;0.0021862400000000003;0.0029265919999999996;0.002763776;0.002034688;0.003347456;0.0031232000000000005;0.0027514880000000003;0.002679808;0.0027105280000000002;0.002185216
1789281000,hdr,0.0293;0.03906;0.04883;0.05859;0.06836;0.07813;0.08789;0.09766;0.10742;0.11719;0.12695;0.13672;0.14648;0.15625;0.16602;0.17578;0.18555;0.19531;0.20508;0.21484;0.22461;0.23438;0.24414;0.25391;0.26367;0.27344;0.2832;0.29297;0.30273;0.3125;0.32227;0.33203;0.3418;0.35156;0.36133;0.37109;0.38086;0.39063;0.40039;0.41016;0.41992;0.42969;0.43945;0.44922;0.45898;0.46875;0.47852;0.48828;0.49805;0.50781;0.51758;0.52734;0.53711;0.54688;0.55664;0.56641;0.57617;0.58594;0.5957;0.60547;0.61523;0.625;0.63477;0.64453;0.6543;0.66406;0.67383;0.68359;0.69336;0.70313;0.71289;0.72266;0.73242;0.74219;0.75195;0.76172;0.77148;0.78125;0.79102,0.001395712;0.002277376;0.002816;0.003883008;0.0037396479999999995;0.002961408;0.006383616;0.009306112000000002;0.004396032;0.008218623999999999;0.01141248;0.014749696;0.016898048;0.02035712;0.018443264;0.01371136;0.010720256;0.007519232;0.00614912;0.00882176;0.010397696;0.007373823999999999;0.009734144;0.010622976;0.010279936;0.009365503999999998;0.006223872;0.005138432;0.003872768;0.0035686399999999997;0.004621312;0.00427008;0.002962432;0.0027648;0.0021964800000000002;0.0014745600000000002;0.002522112;0.002315264;0.001790976;0.001651712;0.001412096;0.0017244159999999999;0.001101824;0.0010475520000000002;0.001282048;0.001227776;0.000877568;0.001185792;0.001716224;0.000840704;0.00103424;0.001318912;0.0009420800000000001;0.000939008;0.0011755519999999998;0.00103936;0.0009830400000000001;0.0008468480000000001;0.000702464;0.000603136;0.000896;0.0011694079999999998;0.000873472;0.0007249919999999999;0.000842752;0.00100352;0.0009594880000000001;0.001816576;0.0021903359999999998;0.00257024;0.002356224;0.00178688;0.002069504;0.002020352;0.001944576;0.00256;0.003953664;0.002919424;0.0024227840000000003
1789281900,hdr,0.0293;0.03906;0.04883;0.05859;0.06836;0.07813;0.08789;0.09766;0.10742;0.11719;0.12695;0.13672;0.14648;0.15625;0.16602;0.17578;0.18555;0.19531;0.20508;0.21484;0.22461;0.23438;0.24414;0.25391;0.26367;0.27344;0.2832;0.29297;0.30273;0.3125;0.32227;0.33203;0.3418;0.35156;0.36133;0.37109;0.38086;0.39063;0.40039;0.41016;0.41992;0.42969;0.43945;0.44922;0.45898;0.46875;0.47852;0.48828;0.49805;0.50781;0.51758;0.52734;0.53711;0.54688;0.55664;0.56641;0.57617;0.58594;0.5957;0.60547;0.61523;0.625;0.63477;0.64453;0.6543;0.66406;0.67383;0.68359;0.69336;0.70313;0.71289;0.72266;0.73242;0.74219;0.75195;0.76172;0.77148;0.78125;0.79102,0.00391168;0.00868352;0.005521408;0.004446208000000001;0.0037724160000000002;0.004303872;0.004369408;0.010047487999999999;0.007359487999999999;0.009709568000000002;0.008756224;0.008495104;0.012566528;0.016521216000000002;0.01552896;0.01406976;0.009069568000000002;0.007428096;0.007302144;0.010242048;0.009975808000000001;0.01124352;0.014816256;0.009129984;0.008879103999999999;0.00935936;0.007359487999999999;0.0050749440000000005;0.006674432000000001;0.006163456;0.003299328;0.004140032;0.0031774719999999998;0.003356672;0.003119104;0.003241984;0.002825216;0.0031856640000000004;0.003751936;0.0024616959999999998;0.002316288;0.003134464;0.002056192;0.0013568;0.001636352;0.001954816;0.001929216;0.001293312;0.0008110079999999999;0.0006789119999999999;0.000995328;0.00097792;0.000796672;0.000867328;0.0010250239999999998;0.00082944;0.000989184;0.000775168;0.000801792;0.000905216;0.0009758719999999999;0.000769024;0.001004544;0.001446912;0.001496064;0.0020838399999999996;0.001936384;0.001624064;0.002213888;0.0032604160000000004;0.002696192;0.002316288;0.003296256;0.0047144959999999994;0.005326848;0.0060385280000000005;0.0043806719999999995;0.0042434560000000005;0.003556352
1789282800,hdr,0.0293;0.03906;0.04883;0.05859;0.06836;0.07813;0.08789;0.09766;0.10742;0.11719;0.12695;0.13672;0.14648;0.15625;0.16602;0.17578;0.18555;0.19531;0.20508;0.21484;0.22461;0.23438;0.24414;0.25391;0.26367;0.27344;0.2832;0.29297;0.30273;0.3125;0.32227;0.33203;0.3418;0.35156;0.36133;0.37109;0.38086;0.39063;0.40039;0.41016;0.41992;0.42969;0.43945;0.44922;0.45898;0.46875;0.47852;0.48828;0.49805;0.50781;0.51758;0.52734;0.53711;0.54688;0.55664;0.56641;0.57617;0.58594;0.5957;0.60547;0.61523;0.625;0.63477;0.64453;0.6543;0.66406;0.67383;0.68359;0.69336;0.70313;0.71289;0.72266;0.73242;0.74219;0.75195;0.76172;0.77148;0.78125;0.79102,0.0041492479999999995;0.00285184;0.004352;0.002761728;0.006100992;0.008890368000000001;0.010003456;0.00761344;0.007645184;0.010251264000000001;0.010276864;0.008354816;0.01224704;0.024026112000000002;0.015050751999999999;0.012638208;0.009284608;0.007967743999999999;0.0071413760000000005;0.00662016;0.008940544;0.00719872;0.008016895999999999;0.006416384;0.005864448;0.007017471999999999;0.008035328;0.005723136;0.006222848;0.006969344;0.005873664;0.003677184;0.003127296;0.0032511999999999997;0.003464192;0.004417536;0.003559424;0.002873344;0.0031354879999999996;0.002234368;0.0021667839999999997;0.0018964479999999998;0.0027586560000000004;0.0021207039999999997;0.0016445440000000002;0.0015953919999999997;0.00143872;0.001286144;0.000939008;0.000992256;0.0014448640000000001;0.001145856;0.0013424640000000002;0.001256448;0.0007464960000000001;0.0007372800000000001;0.000559104;0.000592896;0.000731136;0.00052736;0.000577536;0.000611328;0.00092672;0.000915456;0.000992256;0.00092672;0.001267712;0.001084416;0.001156096;0.002031616;0.002341888;0.002231296;0.00363008;0.004713472000000001;0.0036812800000000003;0.003224576;0.004591616;0.004399104;0.002661376
1789283700,hdr,0.0293;0.03906;0.04883;0.05859;0.06836;0.07813;0.08789;0.09766;0.10742;0.11719;0.12695;0.13672;0.14648;0.15625;0.16602;0.17578;0.18555;0.19531;0.20508;0.21484;0.22461;0.23438;0.24414;0.25391;0.26367;0.27344;0.2832;0.29297;0.30273;0.3125;0.32227;0.33203;0.3418;0.35156;0.36133;0.37109;0.38086;0.39063;0.40039;0.41016;0.41992;0.42969;0.43945;0.44922;0.45898;0.46875;0.47852;0.48828;0.49805;0.50781;0.51758;0.52734;0.53711;0.54688;0.55664;0.56641;0.57617;0.58594;0.5957;0.60547;0.61523;0.625;0.63477;0.64453;0.6543;0.66406;0.67383;0.68359;0.69336;0.70313;0.71289;0.72266;0.73242;0.74219;0.75195;0.76172;0.77148;0.78125;0.79102,0.005400576;0.005839871999999999;0.0054558720000000005;0.005634048;0.0037375999999999998;0.0025180159999999997;0.003592192;0.010351616;0.010302464;0.0072161280000000005;0.012331008;0.019707904;0.018373632;0.01622528;0.012167167999999999;0.0104704;0.00875008;0.007107584;0.0063846400000000005;0.008431616;0.011134976000000001;0.011511808;0.010584064;0.010134528;0.007359487999999999;0.005656576;0.005275648;0.006457344;0.005960704;0.004344832000000001;0.006602752;0.0040366080000000006;0.0028272640000000003;0.0032020480000000003;0.0031815679999999996;0.002071552;0.0025374720000000003;0.002966528;0.002417664;0.002185216;0.0020981759999999998;0.00187904;0.0022487040000000002;0.0017305600000000001;0.002014208;0.001850368;0.0017725439999999998;0.001922048;0.00128;0.000719872;0.000499712;0.000913408;0.0011233280000000003;0.001089536;0.0007464960000000001;0.0005007359999999999;0.0007280640000000001;0.00082944;0.0008222720000000001;0.000854016;0.000889856;0.0009943039999999999;0.00057856;0.00035430400000000006;0.00046796800000000003;0.000349184;0.00044544;0.000475136;0.000444416;0.000319488;0.00042598399999999997;0.00040448000000000003;0.000507904;0.001307648;0.001975296;0.001872896;0.001210368;0.0016250880000000002;0.001559552
1789284600,hdr,0.0293;0.03906;0.04883;0.05859;0.06836;0.07813;0.08789;0.09766;0.10742;0.11719;0.12695;0.13672;0.14648;0.15625;0.16602;0.17578;0.18555;0.19531;0.20508;0.21484;0.22461;0.23438;0.24414;0.25391;0.26367;0.27344;0.2832;0.29297;0.30273;0.3125;0.32227;0.33203;0.3418;0.35156;0.36133;0.37109;0.38086;0.39063;0.40039;0.41016;0.41992;0.42969;0.43945;0.44922;0.45898;0.46875;0.47852;0.48828;0.49805;0.50781;0.51758;0.52734;0.53711;0.54688;0.55664;0.56641;0.57617;0.58594;0.5957;0.60547;0.61523;0.625;0.63477;0.64453;0.6543;0.66406;0.67383;0.68359;0.69336;0.70313;0.71289;0.72266;0.73242;0.74219;0.75195;0.76172;0.77148;0.78125;0.79102,0.003521536;0.006682624;0.006798336;0.004494335999999999;0.004824064;0.012541951999999999;0.014247936;0.013266944000000001;0.006684671999999999;0.00564224;0.0071413760000000005;0.012476416;0.01193984;0.013663231999999999;0.013524991999999998;0.012372992;0.008782848;0.00754688;0.007986176000000001;0.008689664000000001;0.009737216;0.008764416;0.006900736;0.007508992;0.006222848;0.004578304;0.0033617919999999997;0.004609024;0.004209664;0.00410112;0.0039874559999999995;0.004465664;0.003765248;0.001564672;0.0013690880000000003;0.002482176;0.0029409279999999998;0.002873344;0.0031324160000000003;0.002532352;0.0022702079999999997;0.001405952;0.00149504;0.0018421759999999998;0.001637376;0.0016230399999999999;0.001887232;0.001662976;0.0011417600000000001;0.0013547519999999999;0.0013240320000000002;0.0008048640000000001;0.0007352319999999999;0.000700416;0.00075776;0.0008652800000000001;0.0007464960000000001;0.000770048;0.000837632;0.000577536;0.00041779199999999995;0.000633856;0.000656384;0.000357376;0.00032256;0.00049664;0.000519168;0.000406528;0.000380928;0.00034304;0.000305152;0.00039628799999999996;0.00030105599999999996;0.000504832;0.000795648;0.000717824;0.000659456;0.000759808;0.001004544
1789285500,hdr,0.0293;0.03906;0.04883;0.05859;0.06836;0.07813;0.08789;0.09766;0.10742;0.11719;0.12695;0.13672;0.14648;0.15625;0.16602;0.17578;0.18555;0.19531;0.20508;0.21484;0.22461;0.23438;0.24414;0.25391;0.26367;0.27344;0.2832;0.29297;0.30273;0.3125;0.32227;0.33203;0.3418;0.35156;0.36133;0.37109;0.38086;0.39063;0.40039;0.41016;0.41992;0.42969;0.43945;0.44922;0.45898;0.46875;0.47852;0.48828;0.49805;0.50781;0.51758;0.52734;0.53711;0.54688;0.55664;0.56641;0.57617;0.58594;0.5957;0.60547;0.61523;0.625;0.63477;0.64453;0.6543;0.66406;0.67383;0.68359;0.69336;0.70313;0.71289;0.72266;0.73242;0.74219;0.75195;0.76172;0.77148;0.78125;0.79102,0.00330752;0.006711296;0.005197823999999999;0.005094400000000001;0.006571008;0.009554944000000001;0.01220096;0.009266176;0.006879232;0.006995968000000001;0.008743935999999999;0.008159231999999999;0.011503616;0.015111168;0.018188288;0.015978496;0.007691264;0.007048192;0.008816639999999999;0.005924864;0.0036239360000000003;0.004688896;0.0055552;0.005576704000000001;0.005206016;0.004296704;0.002874368;0.002451456;0.0033925120000000003;0.00323072;0.0041564160000000005;0.0032296959999999998;0.0027402240000000003;0.005194752;0.004294656;0.002655232;0.0020992000000000003;0.001995776;0.001696768;0.002354176;0.00264704;0.002722816;0.0026531840000000003;0.001579008;0.001232896;0.001416192;0.0015472639999999998;0.0011284479999999998;0.00153088;0.001309696;0.000854016;0.000990208;0.000714752;0.000826368;0.0013117439999999999;0.0010813440000000001;0.000544768;0.000463872;0.00035532799999999997;0.0005632;0.000644096;0.00042496;0.000453632;0.00030617599999999996;0.000418816;0.00039628799999999996;0.000360448;0.00029286400000000005;0.000411648;0.00033484799999999995;0.00029491200000000004;0.00047308800000000003;0.00036966399999999996;0.00029081600000000006;0.000494592;0.0006830079999999999;0.0006952960000000001;0.00046080000000000003;0.0006819840000000001
1789286400,hdr,0.0293;0.03906;0.04883;0.05859;0.06836;0.07813;0.08789;0.09766;0.10742;0.11719;0.12695;0.13672;0.14648;0.15625;0.16602;0.17578;0.18555;0.19531;0.20508;0.21484;0.22461;0.23438;0.24414;0.25391;0.26367;0.27344;0.2832;0.29297;0.30273;0.3125;0.32227;0.33203;0.3418;0.35156;0.36133;0.37109;0.38086;0.39063;0.40039;0.41016;0.41992;0.42969;0.43945;0.44922;0.45898;0.46875;0.47852;0.48828;0.49805;0.50781;0.51758;0.52734;0.53711;0.54688;0.55664;0.56641;0.57617;0.58594;0.5957;0.60547;0.61523;0.625;0.63477;0.64453;0.6543;0.66406;0.67383;0.68359;0.69336;0.70313;0.71289;0.72266;0.73242;0.74219;0.75195;0.76172;0.77148;0.78125;0.79102,0.002661376;0.008368128;0.008040447999999999;0.005805056;0.005532672;0.005403648;0.0068679679999999995;0.008337408;0.006560768;0.007867391999999999;0.011206656;0.008988671999999998;0.010366975999999998;0.01553408;0.018488320000000003;0.008256512;0.009085952000000001;0.00843264;0.00781824;0.006203391999999999;0.00676864;0.010142720000000001;0.005994496;0.004026368;0.004022272;0.00315904;0.004482048;0.005700608;0.004649983999999999;0.00474112;0.005100544;0.003674112;0.0025651199999999997;0.002922496;0.0027217920000000002;0.00272896;0.003707904;0.002762752;0.0019660800000000003;0.0021944319999999996;0.00254464;0.00197632;0.0013342719999999998;0.0014786559999999999;0.001675264;0.0013905920000000002;0.000887808;0.000897024;0.000837632;0.001062912;0.0010833919999999999;0.000642048;0.0005744639999999999;0.000661504;0.000703488;0.0007946240000000001;0.0007229440000000001;0.0007557120000000001;0.000497664;0.00046592000000000004;0.000376832;0.00036249599999999997;0.00031129599999999997;0.0004956159999999999;0.000268288;0.000356352;0.000411648;0.0004956159999999999;0.000387072;0.000393216;0.00043008000000000006;0.00033792;0.000268288;0.000475136;0.000524288;0.00051712;0.000518144;0.000802816;0.001106944
1789287300,hdr,0.0293;0.03906;0.04883;0.05859;0.06836;0.07813;0.08789;0.09766;0.10742;0.11719;0.12695;0.13672;0.14648;0.15625;0.16602;0.17578;0.18555;0.19531;0.20508;0.21484;0.22461;0.23438;0.24414;0.25391;0.26367;0.27344;0.2832;0.29297;0.30273;0.3125;0.32227;0.33203;0.3418;0.35156;0.36133;0.37109;0.38086;0.39063;0.40039;0.41016;0.41992;0.42969;0.43945;0.44922;0.45898;0.46875;0.47852;0.48828;0.49805;0.50781;0.51758;0.52734;0.53711;0.54688;0.55664;0.56641;0.57617;0.58594;0.5957;0.60547;0.61523;0.625;0.63477;0.64453;0.6543;0.66406;0.67383;0.68359;0.69336;0.70313;0.71289;0.72266;0.73242;0.74219;0.75195;0.76172;0.77148;0.78125;0.79102,0.004667392000000001;0.008337408;0.00707584;0.00507392;0.006431744;0.0040345599999999995;0.006220799999999999;0.006146048;0.007124992;0.009136127999999999;0.012143616;0.010425344000000001;0.00805376;0.011602944000000002;0.013959168;0.008910848;0.008790016;0.010530815999999998;0.011850752;0.006856704;0.005011456;0.005226496;0.003999744;0.006658048;0.008600576;0.0062924800000000005;0.003693568;0.004011008;0.0030607359999999997;0.0024330239999999998;0.00443392;0.00566784;0.0048128;0.0029952000000000004;0.003390464;0.00367104;0.002451456;0.002116608;0.0027023359999999996;0.002766848;0.00208896;0.0018944;0.001286144;0.0009605120000000001;0.0011212799999999999;0.001550336;0.0008488959999999999;0.001096704;0.001385472;0.001344512;0.001026048;0.0010649599999999998;0.001256448;0.0012042239999999998;0.001056768;0.001181696;0.0014786559999999999;0.000786432;0.000664576;0.000651264;0.000449536;0.00040960000000000004;0.000714752;0.000704512;0.0005621760000000001;0.0006277120000000001;0.000451584;0.0005232639999999998;0.000535552;0.000518144;0.0004986880000000001;0.0009973760000000001;0.000662528;0.000620544;0.0006154239999999999;0.0008345599999999999;0.001248256;0.0012544;0.0015063040000000002
1789288200,hdr,0.0293;0.03906;0.04883;0.05859;0.06836;0.07813;0.08789;0.09766;0.10742;0.11719;0.12695;0.13672;0.14648;0.15625;0.16602;0.17578;0.18555;0.19531;0.20508;0.21484;0.22461;0.23438;0.24414;0.25391;0.26367;0.27344;0.2832;0.29297;0.30273;0.3125;0.32227;0.33203;0.3418;0.35156;0.36133;0.37109;0.38086;0.39063;0.40039;0.41016;0.41992;0.42969;0.43945;0.44922;0.45898;0.46875;0.47852;0.48828;0.49805;0.50781;0.51758;0.52734;0.53711;0.54688;0.55664;0.56641;0.57617;0.58594;0.5957;0.60547;0.61523;0.625;0.63477;0.64453;0.6543;0.66406;0.67383;0.68359;0.69336;0.70313;0.71289;0.72266;0.73242;0.74219;0.75195;0.76172;0.77148;0.78125;0.79102,0.003376128;0.009056255999999999;0.008150016000000001;0.004797439999999999;0.007065599999999999;0.004432896;0.007279616;0.009641984000000001;0.004851712;0.007448576;0.009220095999999999;0.012104703999999999;0.009299967999999999;0.012309504;0.01071616;0.007882752;0.008697856;0.0061952;0.0084992;0.010329088;0.00620032;0.004258816;0.00673792;0.006239232;0.003442688;0.002909184;0.0036024319999999996;0.00529408;0.0030750720000000003;0.002651136;0.00274432;0.004435968;0.0045312;0.0037632;0.002528256;0.002874368;0.003610624;0.003111936;0.002993152;0.0028764159999999997;0.0015534079999999998;0.0015943679999999999;0.00196096;0.0021913600000000003;0.0011632640000000002;0.001364992;0.001281024;0.0013056;0.001312768;0.001130496;0.0006656;0.000903168;0.000864256;0.0007925759999999999;0.000447488;0.000395264;0.000350208;0.00042291200000000006;0.000531456;0.0007946240000000001;0.000459776;0.00039423999999999997;0.000441344;0.00047104000000000004;0.000375808;0.000325632;0.000280576;0.000258048;0.000321536;0.00035430400000000006;0.0006963200000000001;0.0004956159999999999;0.00048742400000000003;0.001009664;0.0013608960000000001;0.001132544;0.001316864;0.00128;0.0012308479999999999
1789289100,hdr,0.0293;0.03906;0.04883;0.05859;0.06836;0.07813;0.08789;0.09766;0.10742;0.11719;0.12695;0.13672;0.14648;0.15625;0.16602;0.17578;0.18555;0.19531;0.20508;0.21484;0.22461;0.23438;0.24414;0.25391;0.26367;0.27344;0.2832;0.29297;0.30273;0.3125;0.32227;0.33203;0.3418;0.35156;0.36133;0.37109;0.38086;0.39063;0.40039;0.41016;0.41992;0.42969;0.43945;0.44922;0.45898;0.46875;0.47852;0.48828;0.49805;0.50781;0.51758;0.52734;0.53711;0.54688;0.55664;0.56641;0.57617;0.58594;0.5957;0.60547;0.61523;0.625;0.63477;0.64453;0.6543;0.66406;0.67383;0.68359;0.69336;0.70313;0.71289;0.72266;0.73242;0.74219;0.75195;0.76172;0.77148;0.78125;0.79102,0.0070471679999999995;0.012154880000000002;0.008781824;0.006035456;0.004558848;0.001631232;0.004521984;0.0126464;0.006102016;0.0061409279999999995;0.005710848;0.005331967999999999;0.005573631999999999;0.006214656;0.011397119999999998;0.01135104;0.008695808;0.011472896;0.010903552;0.011983872;0.01046016;0.006431744;0.004893696;0.005484544;0.004912128;0.004773888;0.002372608;0.0021534719999999996;0.0037662719999999998;0.0030126080000000004;0.0020838399999999996;0.0032942079999999994;0.004530176;0.003315712;0.002159616;0.001903616;0.003690496;0.0033617919999999997;0.001806336;0.002056192;0.0018042879999999998;0.001714176;0.001601536;0.001276928;0.00150528;0.001385472;0.001099776;0.001847296;0.0009615359999999999;0.001071104;0.0014735360000000001;0.001015808;0.001000448;0.000791552;0.000616448;0.000592896;0.00064;0.000502784;0.00047718399999999996;0.00050688;0.00043110399999999997;0.00031232;0.000224256;0.000207872;0.000159744;0.00023552000000000002;0.000257024;0.000222208;0.000251904;0.00018944;0.00022016;0.000206848;0.00027340799999999994;0.00022528;0.000176128;0.000195584;0.000234496;0.00025088;0.000303104
1789290000,hdr,0.0293;0.03906;0.04883;0.05859;0.06836;0.07813;0.08789;0.09766;0.10742;0.11719;0.12695;0.13672;0.14648;0.15625;0.16602;0.17578;0.18555;0.19531;0.20508;0.21484;0.22461;0.23438;0.24414;0.25391;0.26367;0.27344;0.2832;0.29297;0.30273;0.3125;0.32227;0.33203;0.3418;0.35156;0.36133;0.37109;0.38086;0.39063;0.40039;0.41016;0.41992;0.42969;0.43945;0.44922;0.45898;0.46875;0.47852;0.48828;0.49805;0.50781;0.51758;0.52734;0.53711;0.54688;0.55664;0.56641;0.57617;0.58594;0.5957;0.60547;0.61523;0.625;0.63477;0.64453;0.6543;0.66406;0.67383;0.68359;0.69336;0.70313;0.71289;0.72266;0.73242;0.74219;0.75195;0.76172;0.77148;0.78125;0.79102,0.0016977919999999998;0.003910656;0.0028272640000000003;0.001865728;0.003972096;0.006690816;0.006483968;0.009849856000000002;0.006054912;0.004993024;0.004845568000000001;0.0068352000000000005;0.006649856;0.00331264;0.005459968;0.00848896;0.008195072;0.00876032;0.01046016;0.005909504;0.005359616;0.006488063999999999;0.0071884800000000006;0.005620736;0.002806784;0.002379776;0.004359168000000001;0.0039055360000000003;0.0024156159999999998;0.00245248;0.004294656;0.003268608;0.002673664;0.003207168;0.002712576;0.002362368;0.001639424;0.002914304;0.002386944;0.001744896;0.001913856;0.0016435199999999999;0.002116608;0.002382848;0.00208896;0.0013404159999999999;0.001103872;0.001088512;0.0011356159999999999;0.00089088;0.0009349119999999999;0.00080384;0.00045568;0.00036864000000000005;0.000324608;0.000642048;0.000603136;0.00037068800000000004;0.00029798400000000005;0.000411648;0.00032768;0.000283648;0.000387072;0.000324608;0.00023040000000000002;0.00020992;0.000234496;0.00018739199999999998;0.0001792;0.00015872;0.000126976;0.000162816;0.000126976;0.00011264;0.00014950399999999998;0.00010137599999999999;0.000103424;7.5776e-05;8.192e-05
1789290900,hdr,0.0293;0.03906;0.04883;0.05859;0.06836;0.07813;0.08789;0.09766;0.10742;0.11719;0.12695;0.13672;0.14648;0.15625;0.16602;0.17578;0.18555;0.19531;0.20508;0.21484;0.22461;0.23438;0.24414;0.25391;0.26367;0.27344;0.2832;0.29297;0.30273;0.3125;0.32227;0.33203;0.3418;0.35156;0.36133;0.37109;0.38086;0.39063;0.40039;0.41016;0.41992;0.42969;0.43945;0.44922;0.45898;0.46875;0.47852;0.48828;0.49805;0.50781;0.51758;0.52734;0.53711;0.54688;0.55664;0.56641;0.57617;0.58594;0.5957;0.60547;0.61523;0.625;0.63477;0.64453;0.6543;0.66406;0.67383;0.68359;0.69336;0.70313;0.71289;0.72266;0.73242;0.74219;0.75195;0.76172;0.77148;0.78125;0.79102,0.00155648;0.0020162559999999997;0.002850816;0.002029568;0.001159168;0.000887808;0.004140032;0.016351232;0.011113472;0.005476352000000001;0.005098496;0.0046223359999999995;0.003487744;0.00380416;0.0071464960000000004;0.007107584;0.011725824;0.01320448;0.008584192;0.01040896;0.012118016000000002;0.008365056;0.006144;0.004150272;0.0021032959999999997;0.0016977919999999998;0.0021207039999999997;0.002362368;0.003500032;0.002163712;0.002576384;0.002921472;0.002737152;0.002962432;0.0023511039999999997;0.0018974719999999999;0.0025108480000000004;0.00210944;0.001108992;0.001053696;0.001558528;0.001261568;0.0009482239999999999;0.0014735360000000001;0.001343488;0.00162816;0.001149952;0.000774144;0.0006819840000000001;0.000528384;0.000800768;0.0008355839999999999;0.00082944;0.000692224;0.000413696;0.000606208;0.00043724800000000005;0.00018227199999999998;0.000244736;0.00026623999999999994;0.00036249599999999997;0.00028671999999999997;0.00023552000000000002;0.00019968;0.00018739199999999998;0.00033382400000000003;0.000272384;0.000284672;0.000165888;0.000139264;9.0112e-05;0.000139264;0.00014540800000000003;0.00016896;0.000120832;8.704000000000001e-05;7.782399999999999e-05;6.9632e-05;7.372800000000001e-05
1789291800,hdr,0.0293;0.03906;0.04883;0.05859;0.06836;0.07813;0.08789;0.09766;0.10742;0.11719;0.12695;0.13672;0.14648;0.15625;0.16602;0.17578;0.18555;0.19531;0.20508;0.21484;0.22461;0.23438;0.24414;0.25391;0.26367;0.27344;0.2832;0.29297;0.30273;0.3125;0.32227;0.33203;0.3418;0.35156;0.36133;0.37109;0.38086;0.39063;0.40039;0.41016;0.41992;0.42969;0.43945;0.44922;0.45898;0.46875;0.47852;0.48828;0.49805;0.50781;0.51758;0.52734;0.53711;0.54688;0.55664;0.56641;0.57617;0.58594;0.5957;0.60547;0.61523;0.625;0.63477;0.64453;0.6543;0.66406;0.67383;0.68359;0.69336;0.70313;0.71289;0.72266;0.73242;0.74219;0.75195;0.76172;0.77148;0.78125;0.79102,0.003017728;0.0030341120000000003;0.005475328000000001;0.006106112;0.004461567999999999;0.007964672;0.013809664;0.01290752;0.008737792000000001;0.006569983999999999;0.005132288;0.00742912;0.007519232;0.005440512;0.00708608;0.006728703999999999;0.009056255999999999;0.015574016;0.00865792;0.008690688;0.013024256;0.009304064;0.008820736000000001;0.006144;0.003431424;0.001705984;0.00183296;0.002369536;0.002379776;0.0027402240000000003;0.002286592;0.0017489920000000002;0.002071552;0.001924096;0.002573312;0.0016291839999999999;0.001154048;0.001250304;0.0013793280000000002;0.00163328;0.001563648;0.0011233280000000003;0.001586176;0.001133568;0.000933888;0.0012646399999999998;0.001250304;0.000666624;0.000626688;0.00049664;0.000611328;0.000616448;0.000596992;0.00072704;0.000565248;0.000210944;0.00036864000000000005;0.0005724160000000001;0.00054272;0.000345088;0.00037478399999999997;0.00043315199999999996;0.000323584;0.000218112;0.00014950399999999998;0.000175104;0.00012185600000000001;0.00012185600000000001;0.000176128;0.000164864;0.000157696;0.000132096;0.00012390399999999998;0.000125952;0.00012185600000000001;0.00011776000000000001;8.6016e-05;6.2464e-05;8.9088e-05
1789292700,hdr,0.0293;0.03906;0.04883;0.05859;0.06836;0.07813;0.08789;0.09766;0.10742;0.11719;0.12695;0.13672;0.14648;0.15625;0.16602;0.17578;0.18555;0.19531;0.20508;0.21484;0.22461;0.23438;0.24414;0.25391;0.26367;0.27344;0.2832;0.29297;0.30273;0.3125;0.32227;0.33203;0.3418;0.35156;0.36133;0.37109;0.38086;0.39063;0.40039;0.41016;0.41992;0.42969;0.43945;0.44922;0.45898;0.46875;0.47852;0.48828;0.49805;0.50781;0.51758;0.52734;0.53711;0.54688;0.55664;0.56641;0.57617;0.58594;0.5957;0.60547;0.61523;0.625;0.63477;0.64453;0.6543;0.66406;0.67383;0.68359;0.69336;0.70313;0.71289;0.72266;0.73242;0.74219;0.75195;0.76172;0.77148;0.78125;0.79102,0.005879808;0.010329088;0.00968704;0.004789247999999999;0.0019046400000000002;0.001440768;0.007809024;0.010232832;0.0058941440000000005;0.006395903999999999;0.0032593920000000003;0.00344576;0.006396928;0.0058920959999999994;0.005029888;0.008822784;0.006470656;0.0119552;0.017758207999999998;0.014535679999999999;0.008177664;0.007098368;0.010034176;0.006833152;0.004338688;0.003172352;0.00206848;0.002373632;0.002562048;0.001829888;0.0018862080000000001;0.001787904;0.0020797439999999997;0.0017479680000000001;0.0015144960000000002;0.0022323200000000003;0.0021002239999999995;0.00222208;0.001956864;0.001529856;0.001729536;0.001429504;0.000989184;0.001202176;0.0008704;0.0006830079999999999;0.00064;0.000548864;0.000653312;0.0008519679999999999;0.000715776;0.000748544;0.00042803200000000007;0.00045056;0.000398336;0.00043110399999999997;0.0005836799999999999;0.0005099519999999999;0.000466944;0.000283648;0.00018227199999999998;0.00016896;0.000162816;0.000190464;0.000279552;0.000326656;0.000284672;0.000164864;0.000173056;0.000118784;0.00017100799999999997;0.00012185600000000001;0.000100352;9.0112e-05;0.00014643200000000002;0.00011264;0.000136192;0.000108544;9.113599999999999e-05
1789293600,hdr,0.0293;0.03906;0.04883;0.05859;0.06836;0.07813;0.08789;0.09766;0.10742;0.11719;0.12695;0.13672;0.14648;0.15625;0.16602;0.17578;0.18555;0.19531;0.20508;0.21484;0.22461;0.23438;0.24414;0.25391;0.26367;0.27344;0.2832;0.29297;0.30273;0.3125;0.32227;0.33203;0.3418;0.35156;0.36133;0.37109;0.38086;0.39063;0.40039;0.41016;0.41992;0.42969;0.43945;0.44922;0.45898;0.46875;0.47852;0.48828;0.49805;0.50781;0.51758;0.52734;0.53711;0.54688;0.55664;0.56641;0.57617;0.58594;0.5957;0.60547;0.61523;0.625;0.63477;0.64453;0.6543;0.66406;0.67383;0.68359;0.69336;0.70313;0.71289;0.72266;0.73242;0.74219;0.75195;0.76172;0.77148;0.78125;0.79102,0.0037273600000000003;0.0055705600000000004;0.005180416;0.004540415999999999;0.0053688320000000005;0.0030945279999999996;0.003018752;0.008015872;0.009266176;0.005783552000000001;0.005586944;0.004129792;0.0026419199999999994;0.004047872;0.0051456;0.008317952;0.01220608;0.010902528;0.016822272;0.013684736;0.013130751999999999;0.009417728;0.0063846400000000005;0.005234688;0.00493568;0.0026286079999999997;0.00361472;0.0035706880000000002;0.003975168;0.0035614720000000004;0.003166208;0.0032593920000000003;0.004107264;0.0023889920000000004;0.0029716480000000003;0.002865152;0.001934336;0.002015232;0.002060288;0.0022528;0.002157568;0.0015697920000000002;0.0013506560000000002;0.001460224;0.000858112;0.0006574080000000001;0.001004544;0.00117248;0.000868352;0.000756736;0.000636928;0.000418816;0.000391168;0.00034099200000000003;0.000449536;0.000401408;0.00036864000000000005;0.00031129599999999997;0.00026521600000000003;0.000356352;0.00029593599999999995;0.00023142399999999999;0.00026623999999999994;0.00024063999999999997;0.000228352;0.00023142399999999999;0.000314368;0.000237568;0.000193536;0.000124928;0.000132096;0.00012185600000000001;0.000108544;7.270400000000001e-05;0.00010137599999999999;0.00010956799999999999;9.4208e-05;9.113599999999999e-05;9.932800000000001e-05
1789294500,hdr,0.0293;0.03906;0.04883;0.05859;0.06836;0.07813;0.08789;0.09766;0.10742;0.11719;0.12695;0.13672;0.14648;0.15625;0.16602;0.17578;0.18555;0.19531;0.20508;0.21484;0.22461;0.23438;0.24414;0.25391;0.26367;0.27344;0.2832;0.29297;0.30273;0.3125;0.32227;0.33203;0.3418;0.35156;0.36133;0.37109;0.38086;0.39063;0.40039;0.41016;0.41992;0.42969;0.43945;0.44922;0.45898;0.46875;0.47852;0.48828;0.49805;0.50781;0.51758;0.52734;0.53711;0.54688;0.55664;0.56641;0.57617;0.58594;0.5957;0.60547;0.61523;0.625;0.63477;0.64453;0.6543;0.66406;0.67383;0.68359;0.69336;0.70313;0.71289;0.72266;0.73242;0.74219;0.75195;0.76172;0.77148;0.78125;0.79102,0.007988224;0.00734208;0.0006952960000000001;0.003301376;0.006341632;0.006821888000000001;0.008153088000000001;0.011848704;0.00571392;0.0038266879999999995;0.00272896;0.00414208;0.008205312;0.006059008000000001;0.006320128;0.008349696;0.008328192;0.016044032;0.019528704;0.015262719999999999;0.016430080000000003;0.014954496000000001;0.007051264;0.006040576;0.005994496;0.004875263999999999;0.004551680000000001;0.002722816;0.0031979519999999996;0.004368384;0.004190208000000001;0.0030607359999999997;0.002859008;0.0028190719999999997;0.00305152;0.002761728;0.0025118719999999996;0.00195072;0.001400832;0.0018524160000000002;0.001504256;0.001113088;0.0012707839999999998;0.001030144;0.000867328;0.0009717759999999999;0.001132544;0.0014376960000000002;0.00124928;0.001061888;0.000748544;0.000526336;0.000519168;0.0005232639999999998;0.000550912;0.00041779199999999995;0.00044032;0.00042803200000000007;0.0002816;0.000193536;0.000279552;0.0002816;0.00018944;0.00023244799999999998;0.00020172799999999998;0.000190464;0.00027136;0.00022016;0.00010444799999999999;0.00014950399999999998;0.0001536;0.000144384;0.00010752000000000001;9.6256e-05;8.4992e-05;0.000130048;0.00010444799999999999;8.6016e-05;9.932800000000001e-05
1789295400,hdr,0.0293;0.03906;0.04883;0.05859;0.06836;0.07813;0.08789;0.09766;0.10742;0.11719;0.12695;0.13672;0.14648;0.15625;0.16602;0.17578;0.18555;0.19531;0.20508;0.21484;0.22461;0.23438;0.24414;0.25391;0.26367;0.27344;0.2832;0.29297;0.30273;0.3125;0.32227;0.33203;0.3418;0.35156;0.36133;0.37109;0.38086;0.39063;0.40039;0.41016;0.41992;0.42969;0.43945;0.44922;0.45898;0.46875;0.47852;0.48828;0.49805;0.50781;0.51758;0.52734;0.53711;0.54688;0.55664;0.56641;0.57617;0.58594;0.5957;0.60547;0.61523;0.625;0.63477;0.64453;0.6543;0.66406;0.67383;0.68359;0.69336;0.70313;0.71289;0.72266;0.73242;0.74219;0.75195;0.76172;0.77148;0.78125;0.79102,0.006124544;0.013819904;0.007936;0.0035932159999999998;0.00742912;0.005958656;0.005843968;0.013538304;0.00858624;0.004936704;0.005480448000000001;0.006412288;0.008706048;0.006263808;0.0050401280000000005;0.007117824;0.007227392;0.008565759999999999;0.010199040000000001;0.009245696;0.013100032000000001;0.011631616;0.012798976;0.011452416;0.011405311999999999;0.007620608;0.005588992;0.00398848;0.004804608;0.004375552;0.0035481600000000003;0.0029419520000000003;0.002832384;0.0029409279999999998;0.0026531840000000003;0.001924096;0.0020490240000000004;0.0028057599999999996;0.002444288;0.0029122560000000002;0.001639424;0.0023674879999999996;0.0026296320000000002;0.001247232;0.0009400319999999999;0.000923648;0.0010598399999999998;0.001168384;0.000668672;0.000452608;0.0005406720000000001;0.0005959680000000001;0.000603136;0.000314368;0.00030412799999999997;0.000267264;0.000386048;0.000372736;0.0003328;0.00027136;0.00022323200000000002;0.00030003200000000004;0.000360448;0.00029900799999999997;0.0001792;0.000221184;0.00023040000000000002;0.000211968;0.00020275199999999997;0.00021401600000000003;0.000144384;0.000128;0.00011571199999999999;9.113599999999999e-05;8.4992e-05;9.5232e-05;6.5536e-05;6.0416e-05;7.167999999999999e-05
1789296300,hdr,0.0293;0.03906;0.04883;0.05859;0.06836;0.07813;0.08789;0.09766;0.10742;0.11719;0.12695;0.13672;0.14648;0.15625;0.16602;0.17578;0.18555;0.19531;0.20508;0.21484;0.22461;0.23438;0.24414;0.25391;0.26367;0.27344;0.2832;0.29297;0.30273;0.3125;0.32227;0.33203;0.3418;0.35156;0.36133;0.37109;0.38086;0.39063;0.40039;0.41016;0.41992;0.42969;0.43945;0.44922;0.45898;0.46875;0.47852;0.48828;0.49805;0.50781;0.51758;0.52734;0.53711;0.54688;0.55664;0.56641;0.57617;0.58594;0.5957;0.60547;0.61523;0.625;0.63477;0.64453;0.6543;0.66406;0.67383;0.68359;0.69336;0.70313;0.71289;0.72266;0.73242;0.74219;0.75195;0.76172;0.77148;0.78125;0.79102,0.000658432;0.002864128;0.004865024;0.0022896640000000003;0.00236544;0.002402304;0.002866176;0.00448;0.004645888;0.00643072;0.005249024000000001;0.004364288000000001;0.0046970879999999994;0.006063104000000001;0.005449728;0.007974911999999999;0.008552448;0.008785920000000001;0.021646336000000002;0.027087872;0.0153088;0.015632384;0.015734783999999998;0.01167872;0.008838144000000001;0.011670527999999998;0.008353791999999999;0.0048015359999999995;0.004355072;0.00456192;0.005113856;0.003484672;0.002945024;0.002767872;0.002902016;0.0028620800000000004;0.003063808;0.0017121280000000003;0.001457152;0.001527808;0.001601536;0.001742848;0.001108992;0.0011601919999999998;0.001544192;0.001113088;0.0013506560000000002;0.000930816;0.0005683200000000001;0.000497664;0.000843776;0.000776192;0.000620544;0.0005468159999999999;0.00047616000000000005;0.00047206399999999996;0.0006144;0.000386048;0.000308224;0.000275456;0.00029388799999999996;0.000229376;0.00023859199999999998;0.00026623999999999994;0.000221184;0.00020172799999999998;0.00023552000000000002;0.000136192;0.000124928;0.00014643200000000002;0.00016384;0.00011571199999999999;0.000152576;0.000167936;0.00013311999999999997;8.192e-05;6.144000000000001e-05;5.5296e-05;6.758400000000001e-05
1789297200,hdr,0.0293;0.03906;0.04883;0.05859;0.06836;0.07813;0.08789;0.09766;0.10742;0.11719;0.12695;0.13672;0.14648;0.15625;0.16602;0.17578;0.18555;0.19531;0.20508;0.21484;0.22461;0.23438;0.24414;0.25391;0.26367;0.27344;0.2832;0.29297;0.30273;0.3125;0.32227;0.33203;0.3418;0.35156;0.36133;0.37109;0.38086;0.39063;0.40039;0.41016;0.41992;0.42969;0.43945;0.44922;0.45898;0.46875;0.47852;0.48828;0.49805;0.50781;0.51758;0.52734;0.53711;0.54688;0.55664;0.56641;0.57617;0.58594;0.5957;0.60547;0.61523;0.625;0.63477;0.64453;0.6543;0.66406;0.67383;0.68359;0.69336;0.70313;0.71289;0.72266;0.73242;0.74219;0.75195;0.76172;0.77148;0.78125;0.79102,0.002008064;0.00242176;0.003026944;0.00363008;0.004130816000000001;0.0019148799999999999;0.00183808;0.005693439999999999;0.005497856;0.005867519999999999;0.005317631999999999;0.0063621120000000005;0.0038256640000000003;0.004016128;0.0046745599999999995;0.00433664;0.009773056;0.018542592;0.018760704000000003;0.024416256;0.027365376;0.023283711999999998;0.011630592;0.009667583999999998;0.010481664;0.012093439999999999;0.0064645119999999995;0.005404671999999999;0.0029419520000000003;0.003634176;0.003986432;0.002893824;0.003023872;0.004260864;0.0039874559999999995;0.0031979519999999996;0.002584576;0.00188928;0.0015206400000000002;0.001362944;0.0016148479999999999;0.002015232;0.0022927360000000005;0.0015667199999999997;0.001048576;0.000882688;0.001048576;0.001429504;0.0011202559999999998;0.001110016;0.000714752;0.0006830079999999999;0.000641024;0.000451584;0.00025088;0.000303104;0.00036249599999999997;0.00027340799999999994;0.000316416;0.000284672;0.00023961599999999998;0.00029286400000000005;0.000222208;0.00017715200000000003;0.000221184;0.000172032;0.00017100799999999997;0.000167936;0.000156672;0.0001536;0.00010649599999999999;0.000124928;9.4208e-05;0.00010137599999999999;0.000113664;0.000124928;7.0656e-05;5.1200000000000004e-05;4.6080000000000006e-05
1789298100,hdr,0.0293;0.03906;0.04883;0.05859;0.06836;0.07813;0.08789;0.09766;0.10742;0.11719;0.12695;0.13672;0.14648;0.15625;0.16602;0.17578;0.18555;0.19531;0.20508;0.21484;0.22461;0.23438;0.24414;0.25391;0.26367;0.27344;0.2832;0.29297;0.30273;0.3125;0.32227;0.33203;0.3418;0.35156;0.36133;0.37109;0.38086;0.39063;0.40039;0.41016;0.41992;0.42969;0.43945;0.44922;0.45898;0.46875;0.47852;0.48828;0.49805;0.50781;0.51758;0.52734;0.53711;0.54688;0.55664;0.56641;0.57617;0.58594;0.5957;0.60547;0.61523;0.625;0.63477;0.64453;0.6543;0.66406;0.67383;0.68359;0.69336;0.70313;0.71289;0.72266;0.73242;0.74219;0.75195;0.76172;0.77148;0.78125;0.79102,0.000601088;0.003576832;0.006335487999999999;0.002417664;0.005043199999999999;0.007558144;0.005353472;0.004524032;0.007015424;0.0047636480000000005;0.0049233919999999995;0.004631552;0.005524479999999999;0.004274175999999999;0.003579904;0.004787200000000001;0.006659072;0.013931520000000001;0.022774784;0.01842688;0.01897984;0.016866304;0.014442496;0.008604672;0.005828608;0.007758848;0.00704512;0.005144576;0.004171776000000001;0.003248128;0.003597312;0.002219008;0.0037877759999999996;0.004641792;0.004443136;0.003917824;0.0033310719999999996;0.002886656;0.002197504;0.001293312;0.001542144;0.001119232;0.001313792;0.001728512;0.00122368;0.000800768;0.0006963200000000001;0.0009287680000000001;0.0008151040000000001;0.000688128;0.000521216;0.000515072;0.0007290879999999999;0.000616448;0.000490496;0.0004884479999999999;0.00047001599999999997;0.00042598399999999997;0.000275456;0.00041676800000000003;0.00026623999999999994;0.00021504000000000003;0.00019968;0.00016384;0.000162816;0.000165888;0.00014745600000000002;0.00014745600000000002;0.00019865600000000002;0.0001792;0.00015052799999999998;0.00018944;0.00015052799999999998;0.000175104;0.00013824;7.68e-05;0.00011161600000000001;0.00018534400000000002;0.000157696
1789299000,hdr,0.0293;0.03906;0.04883;0.05859;0.06836;0.07813;0.08789;0.09766;0.10742;0.11719;0.12695;0.13672;0.14648;0.15625;0.16602;0.17578;0.18555;0.19531;0.20508;0.21484;0.22461;0.23438;0.24414;0.25391;0.26367;0.27344;0.2832;0.29297;0.30273;0.3125;0.32227;0.33203;0.3418;0.35156;0.36133;0.37109;0.38086;0.39063;0.40039;0.41016;0.41992;0.42969;0.43945;0.44922;0.45898;0.46875;0.47852;0.48828;0.49805;0.50781;0.51758;0.52734;0.53711;0.54688;0.55664;0.56641;0.57617;0.58594;0.5957;0.60547;0.61523;0.625;0.63477;0.64453;0.6543;0.66406;0.67383;0.68359;0.69336;0.70313;0.71289;0.72266;0.73242;0.74219;0.75195;0.76172;0.77148;0.78125;0.79102,0.0021504000000000002;0.005730304;0.005388288000000001;0.0025989119999999997;0.00237568;0.001164288;0.003311616;0.008246271999999999;0.010897408;0.008414208000000001;0.005347328;0.003889152;0.0027863040000000003;0.0023552;0.003941376;0.006224896000000001;0.006714368;0.010395647999999999;0.022883327999999998;0.017579008;0.017419264;0.013406208;0.01254912;0.010016768;0.00772608;0.005352448;0.0052121599999999995;0.004748288;0.006016;0.00636928;0.006176768;0.007805952;0.0055951360000000006;0.004718592000000001;0.00234496;0.001983488;0.002417664;0.003013632;0.0022097920000000004;0.0013578239999999999;0.001077248;0.001529856;0.00168448;0.001374208;0.00136704;0.00170496;0.0012994559999999998;0.000760832;0.000781312;0.000818176;0.0008458240000000001;0.00046489599999999996;0.00037376;0.000372736;0.00033689599999999994;0.000193536;0.00020172799999999998;0.000264192;0.00026112;0.000398336;0.00039423999999999997;0.00027648;0.00022016;0.000211968;0.00017100799999999997;0.000210944;0.000167936;0.00015052799999999998;0.00011161600000000001;0.000130048;0.00010956799999999999;0.00010444799999999999;0.00014848;0.00014950399999999998;8.3968e-05;5.5296e-05;6.9632e-05;0.00013516800000000002;0.000129024
1789299900,hdr,0.0293;0.03906;0.04883;0.05859;0.06836;0.07813;0.08789;0.09766;0.10742;0.11719;0.12695;0.13672;0.14648;0.15625;0.16602;0.17578;0.18555;0.19531;0.20508;0.21484;0.22461;0.23438;0.24414;0.25391;0.26367;0.27344;0.2832;0.29297;0.30273;0.3125;0.32227;0.33203;0.3418;0.35156;0.36133;0.37109;0.38086;0.39063;0.40039;0.41016;0.41992;0.42969;0.43945;0.44922;0.45898;0.46875;0.47852;0.48828;0.49805;0.50781;0.51758;0.52734;0.53711;0.54688;0.55664;0.56641;0.57617;0.58594;0.5957;0.60547;0.61523;0.625;0.63477;0.64453;0.6543;0.66406;0.67383;0.68359;0.69336;0.70313;0.71289;0.72266;0.73242;0.74219;0.75195;0.76172;0.77148;0.78125;0.79102,0.00870912;0.011190272000000001;0.01017856;0.005840896;0.004145152;0.005251072;0.006529024;0.00982016;0.010450944;0.006929408;0.005679103999999999;0.005618688;0.005118976;0.007457792;0.006432768;0.005384192;0.009095167999999999;0.009456639999999999;0.017864704;0.023339007999999998;0.015872;0.00679936;0.007671808;0.006545408;0.003382272;0.003662848;0.005273600000000001;0.006590464;0.006330368;0.006437888;0.0049479680000000005;0.0028487680000000002;0.003584;0.00410112;0.003054592;0.0018196479999999999;0.0024371200000000005;0.0026060799999999998;0.0018513919999999999;0.001302528;0.001348608;0.002229248;0.0018810880000000002;0.0011601919999999998;0.000799744;0.001009664;0.0010291200000000001;0.001113088;0.000898048;0.00072704;0.000483328;0.000456704;0.00042291200000000006;0.00022016;0.000324608;0.000420864;0.000335872;0.000324608;0.00020480000000000002;0.00025088;0.00031744;0.000262144;0.000237568;0.00024063999999999997;0.0001792;0.00019456;0.000108544;9.0112e-05;0.000113664;0.000136192;0.000140288;9.932800000000001e-05;0.00010444799999999999;9.4208e-05;0.000108544;0.000120832;9.6256e-05;6.0416e-05;5.1200000000000004e-05
1789300800,hdr,0.0293;0.03906;0.04883;0.05859;0.06836;0.07813;0.08789;0.09766;0.10742;0.11719;0.12695;0.13672;0.14648;0.15625;0.16602;0.17578;0.18555;0.19531;0.20508;0.21484;0.22461;0.23438;0.24414;0.25391;0.26367;0.27344;0.2832;0.29297;0.30273;0.3125;0.32227;0.33203;0.3418;0.35156;0.36133;0.37109;0.38086;0.39063;0.40039;0.41016;0.41992;0.42969;0.43945;0.44922;0.45898;0.46875;0.47852;0.48828;0.49805;0.50781;0.51758;0.52734;0.53711;0.54688;0.55664;0.56641;0.57617;0.58594;0.5957;0.60547;0.61523;0.625;0.63477;0.64453;0.6543;0.66406;0.67383;0.68359;0.69336;0.70313;0.71289;0.72266;0.73242;0.74219;0.75195;0.76172;0.77148;0.78125;0.79102,0.002671616;0.008885248000000002;0.010110976;0.0034744320000000004;0.002505728;0.009443327999999999;0.011891711999999999;0.008676351999999998;0.007044096;0.0057477119999999994;0.004043776000000001;0.003976192;0.00382464;0.0033300480000000004;0.00561664;0.00775168;0.009167871999999999;0.014776319999999999;0.019547136;0.021417984;0.020950016000000002;0.018737151999999997;0.018761728000000002;0.015039488000000002;0.007282688;0.0061286399999999994;0.007489536;0.0054312959999999995;0.004896768;0.0043407359999999996;0.004815872;0.0046592;0.0032389119999999996;0.0025384959999999995;0.00178176;0.0016435199999999999;0.0016230399999999999;0.001870848;0.0017377279999999998;0.0015206400000000002;0.0015851519999999998;0.001770496;0.001461248;0.0018687999999999999;0.001611776;0.001544192;0.0014110720000000002;0.0012359679999999998;0.000881664;0.000953344;0.000985088;0.000761856;0.00031744;0.00047718399999999996;0.00031232;0.0003072;0.000379904;0.00040550399999999994;0.00029491200000000004;0.000316416;0.000284672;0.00030208000000000004;0.000241664;0.000183296;0.000206848;0.000222208;0.000218112;0.00013311999999999997;0.00010649599999999999;7.8848e-05;0.000118784;0.000129024;0.000132096;0.000132096;9.6256e-05;8.0896e-05;7.68e-05;6.9632e-05;5.1200000000000004e-05
1789301700,hdr,0.0293;0.03906;0.04883;0.05859;0.06836;0.07813;0.08789;0.09766;0.10742;0.11719;0.12695;0.13672;0.14648;0.15625;0.16602;0.17578;0.18555;0.19531;0.20508;0.21484;0.22461;0.23438;0.24414;0.25391;0.26367;0.27344;0.2832;0.29297;0.30273;0.3125;0.32227;0.33203;0.3418;0.35156;0.36133;0.37109;0.38086;0.39063;0.40039;0.41016;0.41992;0.42969;0.43945;0.44922;0.45898;0.46875;0.47852;0.48828;0.49805;0.50781;0.51758;0.52734;0.53711;0.54688;0.55664;0.56641;0.57617;0.58594;0.5957;0.60547;0.61523;0.625;0.63477;0.64453;0.6543;0.66406;0.67383;0.68359;0.69336;0.70313;0.71289;0.72266;0.73242;0.74219;0.75195;0.76172;0.77148;0.78125;0.79102,0.001343488;0.0028897280000000003;0.0025077759999999998;0.0012912639999999999;0.0025210880000000003;0.002748416;0.0064696319999999995;0.010314752;0.007273472;0.00433664;0.005078015999999999;0.004996095999999999;0.003362816;0.00297472;0.004294656;0.004760576;0.005634048;0.01003008;0.015279104;0.013188096;0.017960959999999998;0.016659456;0.010058752;0.00766976;0.00430592;0.004234239999999999;0.0039895040000000005;0.0033003520000000003;0.003386368;0.003350528;0.002993152;0.002425856;0.0022784000000000003;0.002919424;0.001692672;0.0023470080000000003;0.0027279360000000002;0.002610176;0.0024739840000000003;0.002086912;0.001307648;0.000953344;0.00153088;0.001992704;0.001555456;0.0009727999999999999;0.0009461760000000001;0.000985088;0.000580608;0.000661504;0.001024;0.000672768;0.0008355839999999999;0.000623616;0.000549888;0.0005007359999999999;0.00030412799999999997;0.000251904;0.000206848;0.0001792;0.00024063999999999997;0.000268288;0.000248832;0.000169984;8.8064e-05;0.000144384;0.000165888;0.000173056;0.00021299199999999998;0.00014540800000000003;9.4208e-05;0.000114688;9.6256e-05;6.9632e-05;9.3184e-05;0.000156672;9.932800000000001e-05;7.0656e-05;4.3008e-05
1789302600,hdr,0.0293;0.03906;0.04883;0.05859;0.06836;0.07813;0.08789;0.09766;0.10742;0.11719;0.12695;0.13672;0.14648;0.15625;0.16602;0.17578;0.18555;0.19531;0.20508;0.21484;0.22461;0.23438;0.24414;0.25391;0.26367;0.27344;0.2832;0.29297;0.30273;0.3125;0.32227;0.33203;0.3418;0.35156;0.36133;0.37109;0.38086;0.39063;0.40039;0.41016;0.41992;0.42969;0.43945;0.44922;0.45898;0.46875;0.47852;0.48828;0.49805;0.50781;0.51758;0.52734;0.53711;0.54688;0.55664;0.56641;0.57617;0.58594;0.5957;0.60547;0.61523;0.625;0.63477;0.64453;0.6543;0.66406;0.67383;0.68359;0.69336;0.70313;0.71289;0.72266;0.73242;0.74219;0.75195;0.76172;0.77148;0.78125;0.79102,0.000625664;0.00153088;0.002052096;0.000873472;0.002013184;0.004186111999999999;0.00576;0.006266879999999999;0.003451904;0.004164608;0.0047564799999999996;0.004803584;0.00367616;0.004074496;0.0036976640000000002;0.0050728959999999995;0.008042496;0.009926655999999999;0.010793984;0.016913407999999998;0.026023935999999998;0.022913024;0.013790208;0.007539712;0.006909952;0.007496704000000001;0.006970367999999999;0.005423104000000001;0.006439936;0.00473088;0.005820416;0.002871296;0.003935232;0.0030443519999999997;0.0032256;0.003167232;0.001657856;0.00169472;0.0020930559999999994;0.002106368;0.001242112;0.0015872;0.002193408;0.0020490240000000004;0.000668672;0.000526336;0.000756736;0.00077824;0.000694272;0.000611328;0.0005560319999999999;0.000325632;0.00037888;0.000461824;0.000526336;0.0005836799999999999;0.000325632;0.00020377600000000002;0.000211968;0.000191488;0.00018227199999999998;0.000227328;0.000324608;0.00030208000000000004;0.000251904;0.000137216;0.000139264;0.00013516800000000002;0.0001792;0.00019865600000000002;9.932800000000001e-05;9.6256e-05;0.00011980799999999999;7.782399999999999e-05;3.7888e-05;6.2464e-05;9.216000000000001e-05;7.167999999999999e-05;5.222399999999999e-05
1789303500,hdr,0.0293;0.03906;0.04883;0.05859;0.06836;0.07813;0.08789;0.09766;0.10742;0.11719;0.12695;0.13672;0.14648;0.15625;0.16602;0.17578;0.18555;0.19531;0.20508;0.21484;0.22461;0.23438;0.24414;0.25391;0.26367;0.27344;0.2832;0.29297;0.30273;0.3125;0.32227;0.33203;0.3418;0.35156;0.36133;0.37109;0.38086;0.39063;0.40039;0.41016;0.41992;0.42969;0.43945;0.44922;0.45898;0.46875;0.47852;0.48828;0.49805;0.50781;0.51758;0.52734;0.53711;0.54688;0.55664;0.56641;0.57617;0.58594;0.5957;0.60547;0.61523;0.625;0.63477;0.64453;0.6543;0.66406;0.67383;0.68359;0.69336;0.70313;0.71289;0.72266;0.73242;0.74219;0.75195;0.76172;0.77148;0.78125;0.79102,0.00043008000000000006;0.000534528;0.00079872;0.000759808;0.002110464;0.002362368;0.00689152;0.007862272;0.011087872;0.00813056;0.004626432000000001;0.004767744000000001;0.005289983999999999;0.003396608;0.0028416;0.003757056;0.010351616;0.017334271999999998;0.009905152;0.011431936;0.016119808;0.016778240000000003;0.012341247999999999;0.005360640000000001;0.0032460799999999997;0.0032430080000000003;0.006185984;0.005414912;0.004436992;0.003405824;0.003477504;0.003111936;0.003980288;0.0038993920000000002;0.00351744;0.002637824;0.0026327039999999996;0.001937408;0.0019466239999999999;0.0014632959999999998;0.001714176;0.001373184;0.0013117439999999999;0.0011601919999999998;0.00128;0.0011366400000000002;0.00077824;0.0011919360000000002;0.000843776;0.0008048640000000001;0.000485376;0.00037478399999999997;0.00057856;0.000408576;0.000376832;0.00031129599999999997;0.000279552;0.00035532799999999997;0.00040550399999999994;0.000448512;0.00028774400000000004;0.000224256;0.000175104;0.00015052799999999998;0.000100352;0.00013311999999999997;0.00018432000000000002;0.0001792;0.00020275199999999997;0.00013516800000000002;0.00010444799999999999;9.3184e-05;9.932800000000001e-05;6.8608e-05;6.9632e-05;6.9632e-05;8.0896e-05;7.270400000000001e-05;6.3488e-05
1789305300,hdr,0.0293;0.03906;0.04883;0.05859;0.06836;0.07813;0.08789;0.09766;0.10742;0.11719;0.12695;0.13672;0.14648;0.15625;0.16602;0.17578;0.18555;0.19531;0.20508;0.21484;0.22461;0.23438;0.24414;0.25391;0.26367;0.27344;0.2832;0.29297;0.30273;0.3125;0.32227;0.33203;0.3418;0.35156;0.36133;0.37109;0.38086;0.39063;0.40039;0.41016;0.41992;0.42969;0.43945;0.44922;0.45898;0.46875;0.47852;0.48828;0.49805;0.50781;0.51758;0.52734;0.53711;0.54688;0.55664;0.56641;0.57617;0.58594;0.5957;0.60547;0.61523;0.625;0.63477;0.64453;0.6543;0.66406;0.67383;0.68359;0.69336;0.70313;0.71289;0.72266;0.73242;0.74219;0.75195;0.76172;0.77148;0.78125;0.79102,0.001831936;0.001265664;0.001850368;0.005264384;0.006218752;0.0020357120000000003;0.005984256;0.009780224;0.007888896;0.007035904000000001;0.005837824;0.004077568;0.004084736;0.00400896;0.002681856;0.00469504;0.010433536;0.01171456;0.014309376;0.015601664;0.013382656000000001;0.011867136;0.009465856;0.004920320000000001;0.0031313919999999998;0.004140032;0.003667968;0.002817024;0.003480576;0.004625408;0.005805056;0.006535168;0.006025216000000001;0.0042137599999999996;0.003134464;0.001685504;0.002197504;0.00194048;0.0013824;0.0018944;0.00175104;0.001125376;0.0006840319999999999;0.000658432;0.0012369920000000001;0.001043456;0.001042432;0.0009912319999999999;0.000668672;0.0005416959999999999;0.000715776;0.0005877759999999999;0.00026521600000000003;0.000224256;0.00028671999999999997;0.00047616000000000005;0.000330752;0.00035532799999999997;0.000320512;0.000313344;0.00032870400000000003;0.00032870400000000003;0.00021913599999999998;0.00020889599999999997;0.000246784;0.000197632;0.00012288000000000002;0.00010956799999999999;0.00010649599999999999;0.000120832;0.0001536;0.00015564799999999998;0.000124928;0.000125952;0.000128;9.0112e-05;5.3247999999999996e-05;8.3968e-05;0.00010956799999999999
1789306200,hdr,0.0293;0.03906;0.04883;0.05859;0.06836;0.07813;0.08789;0.09766;0.10742;0.11719;0.12695;0.13672;0.14648;0.15625;0.16602;0.17578;0.18555;0.19531;0.20508;0.21484;0.22461;0.23438;0.24414;0.25391;0.26367;0.27344;0.2832;0.29297;0.30273;0.3125;0.32227;0.33203;0.3418;0.35156;0.36133;0.37109;0.38086;0.39063;0.40039;0.41016;0.41992;0.42969;0.43945;0.44922;0.45898;0.46875;0.47852;0.48828;0.49805;0.50781;0.51758;0.52734;0.53711;0.54688;0.55664;0.56641;0.57617;0.58594;0.5957;0.60547;0.61523;0.625;0.63477;0.64453;0.6543;0.66406;0.67383;0.68359;0.69336;0.70313;0.71289;0.72266;0.73242;0.74219;0.75195;0.76172;0.77148;0.78125;0.79102,0.001226752;0.002982912;0.003649536;0.0045772799999999995;0.005510144;0.005718016;0.0067655680000000004;0.0068454399999999995;0.006611968;0.005554176;0.0057722879999999996;0.00547328;0.005182464000000001;0.0033351680000000003;0.0029173759999999997;0.00418304;0.008947712;0.012777472;0.015526912;0.008229888000000001;0.01171968;0.00989184;0.005624832;0.00499712;0.00558592;0.005215232;0.003421184;0.003813376;0.003315712;0.0031088640000000002;0.003574784;0.0027023359999999996;0.002661376;0.00482304;0.004713472000000001;0.004371456;0.004563968;0.003980288;0.00272384;0.0015411200000000002;0.001488896;0.0018012159999999998;0.0023941119999999995;0.001412096;0.00093696;0.0008386559999999999;0.000606208;0.000884736;0.000817152;0.0008110079999999999;0.0005632;0.00048742400000000003;0.000565248;0.000524288;0.000555008;0.0005734399999999999;0.00036454399999999996;0.000453632;0.000241664;0.00015462400000000002;0.000161792;0.00021299199999999998;0.00021913599999999998;0.00024371200000000001;0.000217088;0.000207872;0.00025088;0.000221184;0.000269312;0.000253952;0.00018534400000000002;0.000183296;0.000160768;0.000161792;0.000196608;0.00014745600000000002;0.00015872;0.00010956799999999999;0.00012185600000000001
1789307100,hdr,0.0293;0.03906;0.04883;0.05859;0.06836;0.07813;0.08789;0.09766;0.10742;0.11719;0.12695;0.13672;0.14648;0.15625;0.16602;0.17578;0.18555;0.19531;0.20508;0.21484;0.22461;0.23438;0.24414;0.25391;0.26367;0.27344;0.2832;0.29297;0.30273;0.3125;0.32227;0.33203;0.3418;0.35156;0.36133;0.37109;0.38086;0.39063;0.40039;0.41016;0.41992;0.42969;0.43945;0.44922;0.45898;0.46875;0.47852;0.48828;0.49805;0.50781;0.51758;0.52734;0.53711;0.54688;0.55664;0.56641;0.57617;0.58594;0.5957;0.60547;0.61523;0.625;0.63477;0.64453;0.6543;0.66406;0.67383;0.68359;0.69336;0.70313;0.71289;0.72266;0.73242;0.74219;0.75195;0.76172;0.77148;0.78125;0.79102,0.0087808;0.024547328;0.025058304;0.008193024;0.004155392;0.006831104;0.009368575999999998;0.008534016;0.008485887999999999;0.008969215999999999;0.006576128;0.006245376;0.005504;0.005211136;0.003661824;0.005602304;0.008602624;0.011403264;0.0122112;0.008621055999999998;0.006322176;0.009285632;0.006800384;0.0046919679999999995;0.0056227840000000005;0.004857856;0.004323328;0.003416064;0.003642368;0.00283648;0.0030853119999999998;0.002659328;0.0021452800000000003;0.0024883199999999996;0.002994176;0.004230144;0.003945472;0.003753984;0.002712576;0.0021360640000000005;0.0017152;0.00115712;0.0008110079999999999;0.0019435519999999999;0.000945152;0.0009594880000000001;0.001306624;0.001220608;0.000531456;0.000635904;0.000659456;0.000841728;0.00062464;0.0005918719999999999;0.000513024;0.000217088;0.00024780799999999997;0.000222208;0.00026112;0.000308224;0.00025497599999999997;0.00032870400000000003;0.000315392;0.000183296;0.000197632;0.000188416;0.00016384;0.00019865600000000002;0.00023961599999999998;0.000151552;9.6256e-05;8.2944e-05;9.8304e-05;0.00011571199999999999;0.00010444799999999999;8.9088e-05;0.000142336;0.000114688;8.704000000000001e-05
1789308000,hdr,0.0293;0.03906;0.04883;0.05859;0.06836;0.07813;0.08789;0.09766;0.10742;0.11719;0.12695;0.13672;0.14648;0.15625;0.16602;0.17578;0.18555;0.19531;0.20508;0.21484;0.22461;0.23438;0.24414;0.25391;0.26367;0.27344;0.2832;0.29297;0.30273;0.3125;0.32227;0.33203;0.3418;0.35156;0.36133;0.37109;0.38086;0.39063;0.40039;0.41016;0.41992;0.42969;0.43945;0.44922;0.45898;0.46875;0.47852;0.48828;0.49805;0.50781;0.51758;0.52734;0.53711;0.54688;0.55664;0.56641;0.57617;0.58594;0.5957;0.60547;0.61523;0.625;0.63477;0.64453;0.6543;0.66406;0.67383;0.68359;0.69336;0.70313;0.71289;0.72266;0.73242;0.74219;0.75195;0.76172;0.77148;0.78125;0.79102,0.006106112;0.008695808;0.008174592000000001;0.005303295999999999;0.01106944;0.003658752;0.010678271999999999;0.021736448000000002;0.01117184;0.008246271999999999;0.010521599999999999;0.014224384;0.009535488000000002;0.0076840960000000005;0.0057948159999999995;0.007072768;0.007780352;0.01170944;0.016925696;0.011188224;0.006985728;0.0048762879999999995;0.0043980799999999995;0.0032593920000000003;0.0030207999999999997;0.00272384;0.003889152;0.004599808;0.0039936;0.002377728;0.002276352;0.002081792;0.00187392;0.001186816;0.001159168;0.001600512;0.0021606399999999997;0.001818624;0.001040384;0.0013199359999999999;0.0012523519999999998;0.001108992;0.001186816;0.000889856;0.001062912;0.001212416;0.000900096;0.000623616;0.000662528;0.0005724160000000001;0.000535552;0.000625664;0.000637952;0.000566272;0.0007413760000000001;0.000518144;0.00042598399999999997;0.000259072;0.000228352;0.00017715200000000003;0.000131072;0.00019865600000000002;0.000144384;0.00019968;0.000242688;0.00032768;0.000221184;0.00014540800000000003;0.000280576;0.00023552000000000002;0.00016384;8.8064e-05;0.00011980799999999999;0.00014848;0.00010649599999999999;9.728e-05;0.000105472;0.000116736;9.932800000000001e-05
1789308900,hdr,0.0293;0.03906;0.04883;0.05859;0.06836;0.07813;0.08789;0.09766;0.10742;0.11719;0.12695;0.13672;0.14648;0.15625;0.16602;0.17578;0.18555;0.19531;0.20508;0.21484;0.22461;0.23438;0.24414;0.25391;0.26367;0.27344;0.2832;0.29297;0.30273;0.3125;0.32227;0.33203;0.3418;0.35156;0.36133;0.37109;0.38086;0.39063;0.40039;0.41016;0.41992;0.42969;0.43945;0.44922;0.45898;0.46875;0.47852;0.48828;0.49805;0.50781;0.51758;0.52734;0.53711;0.54688;0.55664;0.56641;0.57617;0.58594;0.5957;0.60547;0.61523;0.625;0.63477;0.64453;0.6543;0.66406;0.67383;0.68359;0.69336;0.70313;0.71289;0.72266;0.73242;0.74219;0.75195;0.76172;0.77148;0.78125;0.79102,0.000536576;0.0020172799999999998;0.002424832;0.0033955839999999997;0.005164032;0.00255488;0.004274175999999999;0.015944704;0.010141696;0.004944896;0.004219903999999999;0.005234688;0.008408064;0.005372928;0.0068055039999999995;0.008652799999999999;0.00931328;0.011792384;0.007656448000000001;0.010810368;0.0104448;0.005688319999999999;0.003093504;0.003504128;0.003093504;0.002373632;0.0015964160000000002;0.0012072959999999998;0.002117632;0.002171904;0.0023459839999999997;0.002064384;0.001898496;0.0016148479999999999;0.001777664;0.001137664;0.001754112;0.002154496;0.001972224;0.001906688;0.0014346239999999998;0.001248256;0.0014878720000000001;0.0014336;0.0019189760000000002;0.001033216;0.0008601600000000001;0.001065984;0.0009584639999999999;0.00047616000000000005;0.000644096;0.000922624;0.000826368;0.000621568;0.000345088;0.000429056;0.0004352;0.000269312;0.00027136;0.00035430400000000006;0.00030105599999999996;0.000221184;0.00019865600000000002;0.0002816;0.00025497599999999997;0.000277504;0.000268288;0.000193536;0.00015462400000000002;0.00011776000000000001;0.000110592;0.000126976;7.167999999999999e-05;0.000113664;0.000120832;0.000125952;0.00014643200000000002;0.00011161600000000001;9.5232e-05
1789309800,hdr,0.0293;0.03906;0.04883;0.05859;0.06836;0.07813;0.08789;0.09766;0.10742;0.11719;0.12695;0.13672;0.14648;0.15625;0.16602;0.17578;0.18555;0.19531;0.20508;0.21484;0.22461;0.23438;0.24414;0.25391;0.26367;0.27344;0.2832;0.29297;0.30273;0.3125;0.32227;0.33203;0.3418;0.35156;0.36133;0.37109;0.38086;0.39063;0.40039;0.41016;0.41992;0.42969;0.43945;0.44922;0.45898;0.46875;0.47852;0.48828;0.49805;0.50781;0.51758;0.52734;0.53711;0.54688;0.55664;0.56641;0.57617;0.58594;0.5957;0.60547;0.61523;0.625;0.63477;0.64453;0.6543;0.66406;0.67383;0.68359;0.69336;0.70313;0.71289;0.72266;0.73242;0.74219;0.75195;0.76172;0.77148;0.78125;0.79102,0.001533952;0.002618368;0.001176576;0.00019865600000000002;0.0010813440000000001;0.004054016;0.008020992;0.011132928;0.007563264;0.00548352;0.003912704;0.004205568;0.0055531520000000004;0.005179392;0.00553472;0.00454144;0.007370752;0.015479808000000001;0.014491648;0.007362560000000001;0.00679936;0.005753856;0.004056064000000001;0.00287744;0.002210816;0.0027095039999999997;0.002123776;0.00257024;0.002633728;0.0027381760000000006;0.0024576;0.002220032;0.002596864;0.001990656;0.002638848;0.00221696;0.001927168;0.0028999679999999997;0.002071552;0.0011468799999999999;0.001092608;0.001297408;0.0013056;0.001903616;0.0012748800000000002;0.000966656;0.000913408;0.000930816;0.00088064;0.0007219199999999999;0.000676864;0.000923648;0.001317888;0.0013393919999999998;0.0005734399999999999;0.00047616000000000005;0.000949248;0.00082432;0.0006144;0.000775168;0.0006574080000000001;0.000617472;0.0006819840000000001;0.00039423999999999997;0.000393216;0.00025497599999999997;0.00029388799999999996;0.000656384;0.00043315199999999996;0.00038912;0.00041779199999999995;0.00040345599999999995;0.00028774400000000004;0.00025497599999999997;0.00015872;0.000206848;0.00018432000000000002;0.00012185600000000001;0.000114688
1789310700,hdr,0.0293;0.03906;0.04883;0.05859;0.06836;0.07813;0.08789;0.09766;0.10742;0.11719;0.12695;0.13672;0.14648;0.15625;0.16602;0.17578;0.18555;0.19531;0.20508;0.21484;0.22461;0.23438;0.24414;0.25391;0.26367;0.27344;0.2832;0.29297;0.30273;0.3125;0.32227;0.33203;0.3418;0.35156;0.36133;0.37109;0.38086;0.39063;0.40039;0.41016;0.41992;0.42969;0.43945;0.44922;0.45898;0.46875;0.47852;0.48828;0.49805;0.50781;0.51758;0.52734;0.53711;0.54688;0.55664;0.56641;0.57617;0.58594;0.5957;0.60547;0.61523;0.625;0.63477;0.64453;0.6543;0.66406;0.67383;0.68359;0.69336;0.70313;0.71289;0.72266;0.73242;0.74219;0.75195;0.76172;0.77148;0.78125;0.79102,0.0021862400000000003;0.002501632;0.0024340480000000003;0.002026496;0.003591168;0.002676736;0.00777728;0.016395264;0.012486656;0.008245248;0.008930304;0.008906751999999999;0.004406272000000001;0.005599232;0.006224896000000001;0.008636416000000001;0.00759296;0.010372096;0.010612736000000001;0.0073881599999999995;0.003948544;0.004408319999999999;0.00493056;0.002890752;0.002820096;0.002514944;0.001664;0.0019466239999999999;0.003306496;0.00326144;0.0031395840000000004;0.002802688;0.002199552;0.00214016;0.0018411519999999998;0.0015779840000000002;0.0016711679999999998;0.001849344;0.001508352;0.001826816;0.0018216959999999998;0.001810432;0.002147328;0.001721344;0.001155072;0.000919552;0.0009830400000000001;0.000989184;0.000763904;0.00099328;0.0008222720000000001;0.000840704;0.001009664;0.0007137280000000001;0.00079872;0.000923648;0.0008212479999999999;0.0007423999999999999;0.0005980159999999999;0.000519168;0.00062976;0.0007372800000000001;0.000621568;0.000406528;0.00032256;0.000315392;0.00036352;0.000305152;0.000264192;0.000252928;0.00022528;0.000169984;0.000130048;0.00010240000000000001;0.0001536;0.00013516800000000002;9.216000000000001e-05;9.113599999999999e-05;0.00011161600000000001
1789311600,hdr,0.0293;0.03906;0.04883;0.05859;0.06836;0.07813;0.08789;0.09766;0.10742;0.11719;0.12695;0.13672;0.14648;0.15625;0.16602;0.17578;0.18555;0.19531;0.20508;0.21484;0.22461;0.23438;0.24414;0.25391;0.26367;0.27344;0.2832;0.29297;0.30273;0.3125;0.32227;0.33203;0.3418;0.35156;0.36133;0.37109;0.38086;0.39063;0.40039;0.41016;0.41992;0.42969;0.43945;0.44922;0.45898;0.46875;0.47852;0.48828;0.49805;0.50781;0.51758;0.52734;0.53711;0.54688;0.55664;0.56641;0.57617;0.58594;0.5957;0.60547;0.61523;0.625;0.63477;0.64453;0.6543;0.66406;0.67383;0.68359;0.69336;0.70313;0.71289;0.72266;0.73242;0.74219;0.75195;0.76172;0.77148;0.78125;0.79102,0.003735552;0.0052224;0.006940672;0.002581504;0.004493312000000001;0.007571456;0.01024;0.009503743999999998;0.010099712;0.007692287999999999;0.00733184;0.008539136;0.009450496;0.007593984;0.0093184;0.006305792;0.004800512000000001;0.010021888000000001;0.012655616;0.012811264;0.013835264000000002;0.010706944;0.006925312;0.0054138879999999995;0.004909055999999999;0.003757056;0.003365888;0.003204096;0.0022855680000000004;0.002234368;0.0023234560000000002;0.00245248;0.00187904;0.00231936;0.0014172160000000002;0.0016404479999999999;0.00275968;0.002159616;0.0014376960000000002;0.001186816;0.0014827520000000002;0.001847296;0.0016435199999999999;0.001323008;0.000692224;0.000990208;0.0009758719999999999;0.000734208;0.001042432;0.001344512;0.000918528;0.000520192;0.000646144;0.000939008;0.000632832;0.00043724800000000005;0.000314368;0.000401408;0.00046489599999999996;0.00037888;0.000349184;0.000277504;0.00017715200000000003;0.000310272;0.00036761599999999997;0.00020992;0.00022016;0.000228352;0.00023859199999999998;0.000248832;0.00018227199999999998;0.000114688;0.000137216;8.3968e-05;9.216000000000001e-05;0.000116736;0.00012288000000000002;0.000116736;0.000124928
1789312500,hdr,0.0293;0.03906;0.04883;0.05859;0.06836;0.07813;0.08789;0.09766;0.10742;0.11719;0.12695;0.13672;0.14648;0.15625;0.16602;0.17578;0.18555;0.19531;0.20508;0.21484;0.22461;0.23438;0.24414;0.25391;0.26367;0.27344;0.2832;0.29297;0.30273;0.3125;0.32227;0.33203;0.3418;0.35156;0.36133;0.37109;0.38086;0.39063;0.40039;0.41016;0.41992;0.42969;0.43945;0.44922;0.45898;0.46875;0.47852;0.48828;0.49805;0.50781;0.51758;0.52734;0.53711;0.54688;0.55664;0.56641;0.57617;0.58594;0.5957;0.60547;0.61523;0.625;0.63477;0.64453;0.6543;0.66406;0.67383;0.68359;0.69336;0.70313;0.71289;0.72266;0.73242;0.74219;0.75195;0.76172;0.77148;0.78125;0.79102,0.002424832;0.004211712;0.005410816;0.004052992;0.004626432000000001;0.010988544;0.016457727999999998;0.013805567999999999;0.007324672;0.007503872;0.00905216;0.007675904000000001;0.005342208;0.006042624;0.0061532159999999995;0.006042624;0.006585344;0.006792192;0.010053632;0.012151808;0.011363327999999999;0.007460863999999999;0.00605184;0.006610944;0.00556032;0.003649536;0.002646016;0.001661952;0.001436672;0.001615872;0.002134016;0.0047615999999999995;0.003016704;0.0023408640000000002;0.0034795520000000003;0.004139008;0.0025210880000000003;0.0016691199999999998;0.0011007999999999999;0.001028096;0.001225728;0.00091136;0.000654336;0.000999424;0.0014110720000000002;0.001734656;0.0014745600000000002;0.0011468799999999999;0.0007219199999999999;0.000579584;0.000632832;0.000659456;0.0008447999999999999;0.0008458240000000001;0.000753664;0.0007495679999999999;0.000873472;0.0006277120000000001;0.00063488;0.0006184960000000001;0.0005754880000000001;0.000365568;0.000274432;0.000210944;0.000195584;0.000267264;0.00035430400000000006;0.00020172799999999998;0.000186368;0.000206848;0.000207872;0.00022528;0.00021504000000000003;0.00014540800000000003;0.00017408000000000001;0.00017100799999999997;0.00014643200000000002;0.00023961599999999998;0.000165888
1789313400,hdr,0.0293;0.03906;0.04883;0.05859;0.06836;0.07813;0.08789;0.09766;0.10742;0.11719;0.12695;0.13672;0.14648;0.15625;0.16602;0.17578;0.18555;0.19531;0.20508;0.21484;0.22461;0.23438;0.24414;0.25391;0.26367;0.27344;0.2832;0.29297;0.30273;0.3125;0.32227;0.33203;0.3418;0.35156;0.36133;0.37109;0.38086;0.39063;0.40039;0.41016;0.41992;0.42969;0.43945;0.44922;0.45898;0.46875;0.47852;0.48828;0.49805;0.50781;0.51758;0.52734;0.53711;0.54688;0.55664;0.56641;0.57617;0.58594;0.5957;0.60547;0.61523;0.625;0.63477;0.64453;0.6543;0.66406;0.67383;0.68359;0.69336;0.70313;0.71289;0.72266;0.73242;0.74219;0.75195;0.76172;0.77148;0.78125;0.79102,0.003867648;0.010163199999999999;0.010104832000000001;0.00640512;0.00761344;0.00716288;0.011788288000000001;0.0107776;0.0065464320000000005;0.004637696;0.004898815999999999;0.007085055999999999;0.009057280000000001;0.006730752;0.004198400000000001;0.00538112;0.005559295999999999;0.005362688;0.008542208;0.010948608;0.015172608;0.015399936;0.00950784;0.004655103999999999;0.00278016;0.003002368;0.003485696;0.003744768;0.003347456;0.002880512;0.002820096;0.003145728;0.002245632;0.0021606399999999997;0.0022476799999999997;0.001562624;0.002234368;0.0033812479999999995;0.002563072;0.001972224;0.001537024;0.0014991359999999999;0.001089536;0.001193984;0.00131584;0.000801792;0.000922624;0.00082944;0.000982016;0.0013312;0.001130496;0.0009349119999999999;0.00096768;0.0008447999999999999;0.0005724160000000001;0.0005406720000000001;0.0006737919999999999;0.0005468159999999999;0.000549888;0.0005836799999999999;0.000704512;0.0006041600000000001;0.000454656;0.000323584;0.000386048;0.00036147200000000005;0.000579584;0.000548864;0.000842752;0.000656384;0.000534528;0.0005734399999999999;0.0008386559999999999;0.000999424;0.0011694079999999998;0.0016404479999999999;0.0010721279999999999;0.001209344;0.0020858880000000006
1789314300,hdr,0.0293;0.03906;0.04883;0.05859;0.06836;0.07813;0.08789;0.09766;0.10742;0.11719;0.12695;0.13672;0.14648;0.15625;0.16602;0.17578;0.18555;0.19531;0.20508;0.21484;0.22461;0.23438;0.24414;0.25391;0.26367;0.27344;0.2832;0.29297;0.30273;0.3125;0.32227;0.33203;0.3418;0.35156;0.36133;0.37109;0.38086;0.39063;0.40039;0.41016;0.41992;0.42969;0.43945;0.44922;0.45898;0.46875;0.47852;0.48828;0.49805;0.50781;0.51758;0.52734;0.53711;0.54688;0.55664;0.56641;0.57617;0.58594;0.5957;0.60547;0.61523;0.625;0.63477;0.64453;0.6543;0.66406;0.67383;0.68359;0.69336;0.70313;0.71289;0.72266;0.73242;0.74219;0.75195;0.76172;0.77148;0.78125;0.79102,0.0033740800000000002;0.014646271999999998;0.01434624;0.0077465599999999996;0.00743936;0.009732095999999999;0.00371712;0.010266624;0.009387008;0.008733695999999999;0.006928384;0.012290048000000001;0.013425663999999999;0.010554368;0.006986752000000001;0.003592192;0.0032358400000000002;0.0067583999999999995;0.008855552;0.013041664000000001;0.0193536;0.013401088;0.006872064000000001;0.005397504;0.0050176;0.0029173759999999997;0.003530752;0.002850816;0.00198656;0.00159232;0.0021248;0.001985536;0.002494464;0.002558976;0.001795072;0.001683456;0.0030289920000000003;0.002904064;0.0013424640000000002;0.001284096;0.001765376;0.0021329920000000002;0.0015779840000000002;0.001657856;0.00163328;0.000968704;0.000514048;0.000953344;0.000910336;0.000789504;0.000715776;0.0005683200000000001;0.000610304;0.00075776;0.000485376;0.000617472;0.00047104000000000004;0.000616448;0.000671744;0.000529408;0.00039219200000000003;0.000388096;0.000432128;0.00046080000000000003;0.000919552;0.001133568;0.001263616;0.001221632;0.0012707839999999998;0.0014233599999999998;0.001837056;0.0021442559999999998;0.001685504;0.0015513600000000001;0.001550336;0.002009088;0.00207872;0.001985536;0.001358848
1789315200,hdr,0.0293;0.03906;0.04883;0.05859;0.06836;0.07813;0.08789;0.09766;0.10742;0.11719;0.12695;0.13672;0.14648;0.15625;0.16602;0.17578;0.18555;0.19531;0.20508;0.21484;0.22461;0.23438;0.24414;0.25391;0.26367;0.27344;0.2832;0.29297;0.30273;0.3125;0.32227;0.33203;0.3418;0.35156;0.36133;0.37109;0.38086;0.39063;0.40039;0.41016;0.41992;0.42969;0.43945;0.44922;0.45898;0.46875;0.47852;0.48828;0.49805;0.50781;0.51758;0.52734;0.53711;0.54688;0.55664;0.56641;0.57617;0.58594;0.5957;0.60547;0.61523;0.625;0.63477;0.64453;0.6543;0.66406;0.67383;0.68359;0.69336;0.70313;0.71289;0.72266;0.73242;0.74219;0.75195;0.76172;0.77148;0.78125;0.79102,0.012558336000000002;0.016177152;0.018186240000000003;0.00752128;0.015517696;0.013294592000000001;0.013962239999999999;0.022934528;0.015031295999999998;0.007634943999999999;0.009273344;0.0093184;0.009352192;0.010172416;0.007472128;0.006248447999999999;0.003894272;0.00384512;0.006787072;0.0052746239999999995;0.008711168000000002;0.007902207999999999;0.008755200000000001;0.007785472000000001;0.006216704;0.00462848;0.003708928;0.00499712;0.003555328;0.0029306880000000003;0.0025108480000000004;0.002466816;0.001860608;0.001052672;0.00146432;0.002363392;0.001929216;0.001519616;0.001284096;0.0021442559999999998;0.001867776;0.001041408;0.001574912;0.000873472;0.000913408;0.0009625599999999999;0.0008601600000000001;0.00063488;0.0005847039999999999;0.000898048;0.000867328;0.00049664;0.0005754880000000001;0.000466944;0.00048025600000000003;0.000329728;0.000379904;0.000499712;0.00031129599999999997;0.0003328;0.0005724160000000001;0.0004915200000000001;0.000525312;0.000536576;0.000789504;0.000923648;0.00100352;0.001348608;0.001276928;0.001168384;0.00167424;0.0022015999999999997;0.002766848;0.0025384959999999995;0.001878016;0.00247296;0.0020183040000000003;0.001890304;0.0015226880000000001
1789316100,hdr,0.0293;0.03906;0.04883;0.05859;0.06836;0.07813;0.08789;0.09766;0.10742;0.11719;0.12695;0.13672;0.14648;0.15625;0.16602;0.17578;0.18555;0.19531;0.20508;0.21484;0.22461;0.23438;0.24414;0.25391;0.26367;0.27344;0.2832;0.29297;0.30273;0.3125;0.32227;0.33203;0.3418;0.35156;0.36133;0.37109;0.38086;0.39063;0.40039;0.41016;0.41992;0.42969;0.43945;0.44922;0.45898;0.46875;0.47852;0.48828;0.49805;0.50781;0.51758;0.52734;0.53711;0.54688;0.55664;0.56641;0.57617;0.58594;0.5957;0.60547;0.61523;0.625;0.63477;0.64453;0.6543;0.66406;0.67383;0.68359;0.69336;0.70313;0.71289;0.72266;0.73242;0.74219;0.75195;0.76172;0.77148;0.78125;0.79102,0.006617088;0.0067532799999999995;0.004739072;0.003966976;0.00866304;0.012291072;0.015716352;0.016382976;0.00685568;0.002861056;0.00958464;0.009530367999999999;0.008289280000000001;0.009731072;0.010950656000000001;0.007622656;0.00652288;0.0074803199999999995;0.013342719999999999;0.019661824;0.01430528;0.010836992;0.012381184;0.008541183999999999;0.008600576;0.004478976000000001;0.006387711999999999;0.006530048;0.004274175999999999;0.0038594560000000003;0.003605504;0.004350976;0.0035532800000000002;0.00276992;0.0017152;0.0015943679999999999;0.0014530559999999999;0.000985088;0.0018974719999999999;0.001708032;0.0023500800000000005;0.001956864;0.0011151359999999999;0.001283072;0.001344512;0.001401856;0.001079296;0.0012247039999999999;0.000951296;0.00128;0.000995328;0.000738304;0.000551936;0.000439296;0.000731136;0.00119808;0.00133632;0.00093696;0.000596992;0.000489472;0.0007464960000000001;0.000592896;0.000331776;0.000519168;0.000525312;0.00090112;0.000898048;0.000754688;0.000933888;0.0011161600000000002;0.001488896;0.001426432;0.0013557760000000002;0.001611776;0.0015226880000000001;0.0026777600000000004;0.002655232;0.003001344;0.0024811519999999995
1789317000,hdr,0.0293;0.03906;0.04883;0.05859;0.06836;0.07813;0.08789;0.09766;0.10742;0.11719;0.12695;0.13672;0.14648;0.15625;0.16602;0.17578;0.18555;0.19531;0.20508;0.21484;0.22461;0.23438;0.24414;0.25391;0.26367;0.27344;0.2832;0.29297;0.30273;0.3125;0.32227;0.33203;0.3418;0.35156;0.36133;0.37109;0.38086;0.39063;0.40039;0.41016;0.41992;0.42969;0.43945;0.44922;0.45898;0.46875;0.47852;0.48828;0.49805;0.50781;0.51758;0.52734;0.53711;0.54688;0.55664;0.56641;0.57617;0.58594;0.5957;0.60547;0.61523;0.625;0.63477;0.64453;0.6543;0.66406;0.67383;0.68359;0.69336;0.70313;0.71289;0.72266;0.73242;0.74219;0.75195;0.76172;0.77148;0.78125;0.79102,0.005935104;0.012044288;0.014731263999999999;0.012894208;0.008216576;0.010909696;0.0111104;0.010155008;0.007404544;0.01024;0.012097536;0.015722496;0.0143104;0.01230848;0.011534336;0.009631744;0.006880256;0.0067583999999999995;0.012760064;0.018762752;0.017147904000000002;0.018217984;0.012868608;0.007360512;0.007801855999999999;0.007755776;0.004219903999999999;0.004780032;0.004653056000000001;0.004184064;0.0032849919999999996;0.004500479999999999;0.003018752;0.0034990079999999996;0.004154367999999999;0.0030832639999999996;0.002588672;0.002179072;0.0025344;0.002635776;0.001451008;0.001071104;0.0013004800000000001;0.001107968;0.000990208;0.0010199039999999999;0.0011448320000000001;0.001294336;0.0011960319999999999;0.001048576;0.001031168;0.0009359360000000001;0.0005836799999999999;0.000611328;0.0005560319999999999;0.000468992;0.000594944;0.000561152;0.000398336;0.000381952;0.00050176;0.000528384;0.0006021119999999999;0.000641024;0.000861184;0.000789504;0.0006840319999999999;0.0009420800000000001;0.000764928;0.001038336;0.00169472;0.0015544320000000001;0.001263616;0.0018800639999999999;0.002617344;0.00211456;0.002778112;0.002180096;0.00206848
1789317900,hdr,0.0293;0.03906;0.04883;0.05859;0.06836;0.07813;0.08789;0.09766;0.10742;0.11719;0.12695;0.13672;0.14648;0.15625;0.16602;0.17578;0.18555;0.19531;0.20508;0.21484;0.22461;0.23438;0.24414;0.25391;0.26367;0.27344;0.2832;0.29297;0.30273;0.3125;0.32227;0.33203;0.3418;0.35156;0.36133;0.37109;0.38086;0.39063;0.40039;0.41016;0.41992;0.42969;0.43945;0.44922;0.45898;0.46875;0.47852;0.48828;0.49805;0.50781;0.51758;0.52734;0.53711;0.54688;0.55664;0.56641;0.57617;0.58594;0.5957;0.60547;0.61523;0.625;0.63477;0.64453;0.6543;0.66406;0.67383;0.68359;0.69336;0.70313;0.71289;0.72266;0.73242;0.74219;0.75195;0.76172;0.77148;0.78125;0.79102,0.016688128;0.018750464;0.01219072;0.008695808;0.00726528;0.004228096;0.011994112;0.014471168;0.011644928;0.010015744;0.007088128000000001;0.010855423999999999;0.008482815999999999;0.010600448;0.008132608;0.008300544;0.004768768;0.0072806400000000005;0.008388608;0.01428992;0.019844096000000002;0.018399232;0.015998976;0.010244096000000001;0.008060928;0.0062679039999999995;0.004588544;0.005682176000000001;0.00766464;0.00663552;0.003065856;0.0035778560000000004;0.003813376;0.0031928320000000005;0.0028436480000000003;0.002369536;0.002762752;0.002325504;0.001521664;0.0017152;0.001405952;0.0011284479999999998;0.0008202239999999999;0.00142848;0.001277952;0.000744448;0.00124928;0.0010946560000000003;0.000782336;0.00090112;0.001102848;0.0008110079999999999;0.000913408;0.001089536;0.001067008;0.000719872;0.000744448;0.000864256;0.0004884479999999999;0.00037376;0.0005632;0.00046796800000000003;0.000514048;0.0006021119999999999;0.000625664;0.00067072;0.000772096;0.00088064;0.000765952;0.0006963200000000001;0.00091136;0.001101824;0.0018964479999999998;0.00202752;0.001727488;0.00177152;0.00200704;0.0014561280000000001;0.0022835200000000003
1789318800,hdr,0.0293;0.03906;0.04883;0.05859;0.06836;0.07813;0.08789;0.09766;0.10742;0.11719;0.12695;0.13672;0.14648;0.15625;0.16602;0.17578;0.18555;0.19531;0.20508;0.21484;0.22461;0.23438;0.24414;0.25391;0.26367;0.27344;0.2832;0.29297;0.30273;0.3125;0.32227;0.33203;0.3418;0.35156;0.36133;0.37109;0.38086;0.39063;0.40039;0.41016;0.41992;0.42969;0.43945;0.44922;0.45898;0.46875;0.47852;0.48828;0.49805;0.50781;0.51758;0.52734;0.53711;0.54688;0.55664;0.56641;0.57617;0.58594;0.5957;0.60547;0.61523;0.625;0.63477;0.64453;0.6543;0.66406;0.67383;0.68359;0.69336;0.70313;0.71289;0.72266;0.73242;0.74219;0.75195;0.76172;0.77148;0.78125;0.79102,0.008421376;0.013863936000000002;0.011538432000000001;0.004048896000000001;0.010675200000000001;0.010491904;0.010103808;0.011807743999999998;0.009900032;0.006647808;0.008188928000000002;0.010023936;0.01445376;0.009640959999999999;0.007971840000000001;0.006667264;0.006792192;0.008624128;0.009363456000000001;0.017527808000000002;0.021728255999999998;0.024269824;0.024559616;0.01636864;0.008918015999999999;0.006676479999999999;0.006424576;0.0025651199999999997;0.003405824;0.005277696;0.004320256;0.002857984;0.002909184;0.002688;0.003176448;0.0037591039999999997;0.002907136;0.0015953919999999997;0.001840128;0.002321408;0.001716224;0.00134144;0.000910336;0.0013608960000000001;0.0013148160000000001;0.0013393919999999998;0.001385472;0.0006604799999999999;0.000687104;0.000692224;0.0009216000000000001;0.00087552;0.0012154879999999998;0.00136704;0.001096704;0.0006932479999999999;0.000900096;0.000817152;0.000666624;0.000457728;0.000406528;0.000559104;0.000513024;0.000463872;0.00046489599999999996;0.00040243200000000004;0.0005089280000000001;0.000791552;0.0006604799999999999;0.0005580800000000001;0.000482304;0.0005724160000000001;0.000514048;0.000512;0.0006850560000000001;0.00101888;0.00118272;0.0012544;0.0007557120000000001
1789319700,hdr,0.0293;0.03906;0.04883;0.05859;0.06836;0.07813;0.08789;0.09766;0.10742;0.11719;0.12695;0.13672;0.14648;0.15625;0.16602;0.17578;0.18555;0.19531;0.20508;0.21484;0.22461;0.23438;0.24414;0.25391;0.26367;0.27344;0.2832;0.29297;0.30273;0.3125;0.32227;0.33203;0.3418;0.35156;0.36133;0.37109;0.38086;0.39063;0.40039;0.41016;0.41992;0.42969;0.43945;0.44922;0.45898;0.46875;0.47852;0.48828;0.49805;0.50781;0.51758;0.52734;0.53711;0.54688;0.55664;0.56641;0.57617;0.58594;0.5957;0.60547;0.61523;0.625;0.63477;0.64453;0.6543;0.66406;0.67383;0.68359;0.69336;0.70313;0.71289;0.72266;0.73242;0.74219;0.75195;0.76172;0.77148;0.78125;0.79102,0.015327232;0.021320704;0.013831168;0.01483776;0.011556864;0.007585791999999999;0.011428864000000002;0.015473663999999998;0.011315200000000001;0.007247872000000001;0.0064716800000000005;0.008165376;0.009630719999999999;0.010231807999999998;0.014160896;0.011913216;0.005629952000000001;0.010641408;0.013431808000000002;0.019323904;0.022166527999999998;0.021355519999999996;0.01877504;0.008945664;0.011096064000000001;0.008650752000000001;0.007692287999999999;0.00788992;0.008397824;0.00659456;0.004414464;0.003856384;0.0045373440000000004;0.003023872;0.002707456;0.002868224;0.0014581759999999998;0.0019527680000000001;0.00247296;0.00213504;0.002432;0.00203264;0.001687552;0.001442816;0.001528832;0.000927744;0.00111104;0.0015872;0.0015452159999999999;0.001201152;0.000561152;0.0008325120000000001;0.0009748480000000001;0.0010014719999999998;0.0006850560000000001;0.000852992;0.000896;0.000765952;0.0005918719999999999;0.0007096320000000001;0.0005877759999999999;0.000489472;0.00047411199999999995;0.000659456;0.000763904;0.00100352;0.000791552;0.00045568;0.000561152;0.0006737919999999999;0.000748544;0.000536576;0.0003328;0.00036761599999999997;0.000241664;0.000251904;0.00024371200000000001;0.000244736;0.00041984
1789320600,hdr,0.0293;0.03906;0.04883;0.05859;0.06836;0.07813;0.08789;0.09766;0.10742;0.11719;0.12695;0.13672;0.14648;0.15625;0.16602;0.17578;0.18555;0.19531;0.20508;0.21484;0.22461;0.23438;0.24414;0.25391;0.26367;0.27344;0.2832;0.29297;0.30273;0.3125;0.32227;0.33203;0.3418;0.35156;0.36133;0.37109;0.38086;0.39063;0.40039;0.41016;0.41992;0.42969;0.43945;0.44922;0.45898;0.46875;0.47852;0.48828;0.49805;0.50781;0.51758;0.52734;0.53711;0.54688;0.55664;0.56641;0.57617;0.58594;0.5957;0.60547;0.61523;0.625;0.63477;0.64453;0.6543;0.66406;0.67383;0.68359;0.69336;0.70313;0.71289;0.72266;0.73242;0.74219;0.75195;0.76172;0.77148;0.78125;0.79102,0.012363776;0.0152576;0.014049279999999999;0.010960896000000001;0.012604416;0.015331328;0.013266944000000001;0.017422336000000004;0.009234432;0.006967296;0.007078912000000001;0.010888192000000001;0.017785856;0.007059456;0.008415232;0.010253312;0.007281664;0.009709568000000002;0.01756672;0.016357376;0.020678656;0.026516480000000002;0.015960064;0.013058048;0.01189888;0.008475647999999999;0.007834624;0.0069632;0.008788992;0.006047744;0.005058559999999999;0.006142976;0.006473728;0.005945344;0.003121152;0.002031616;0.0020756480000000002;0.003560448;0.00283648;0.002363392;0.0023347199999999998;0.001467392;0.001536;0.0014499839999999999;0.0019435519999999999;0.00176128;0.001570816;0.0013680639999999998;0.001559552;0.001250304;0.001242112;0.0007188480000000001;0.0007352319999999999;0.000758784;0.000533504;0.000594944;0.00044544;0.000263168;0.000577536;0.00068096;0.000520192;0.00046489599999999996;0.0005580800000000001;0.0005683200000000001;0.00040755200000000004;0.000331776;0.000224256;0.00023142399999999999;0.000345088;0.00041062399999999995;0.000375808;0.000257024;0.000320512;0.000492544;0.000475136;0.000331776;0.00050176;0.00036352;0.000256
1789321500,hdr,0.0293;0.03906;0.04883;0.05859;0.06836;0.07813;0.08789;0.09766;0.10742;0.11719;0.12695;0.13672;0.14648;0.15625;0.16602;0.17578;0.18555;0.19531;0.20508;0.21484;0.22461;0.23438;0.24414;0.25391;0.26367;0.27344;0.2832;0.29297;0.30273;0.3125;0.32227;0.33203;0.3418;0.35156;0.36133;0.37109;0.38086;0.39063;0.40039;0.41016;0.41992;0.42969;0.43945;0.44922;0.45898;0.46875;0.47852;0.48828;0.49805;0.50781;0.51758;0.52734;0.53711;0.54688;0.55664;0.56641;0.57617;0.58594;0.5957;0.60547;0.61523;0.625;0.63477;0.64453;0.6543;0.66406;0.67383;0.68359;0.69336;0.70313;0.71289;0.72266;0.73242;0.74219;0.75195;0.76172;0.77148;0.78125;0.79102,0.011227136;0.015351808000000002;0.013257728000000002;0.013471743999999999;0.006933504;0.00689152;0.020938752;0.018929664000000002;0.00790528;0.010793984;0.009148416;0.01083392;0.016326656;0.014477311999999999;0.011695104000000001;0.01374208;0.011234304;0.01189888;0.017181696;0.03113984;0.041430016;0.032570368;0.019874816;0.009560064;0.006637568;0.0090112;0.00870912;0.00794112;0.00906752;0.006975488;0.00570368;0.007270400000000001;0.004818944;0.003700736;0.004813824;0.005118976;0.003058688;0.0031897600000000003;0.0028917760000000004;0.0027566080000000002;0.003700736;0.002444288;0.002630656;0.002015232;0.001586176;0.00183808;0.001999872;0.001898496;0.00159232;0.0009297919999999999;0.000965632;0.001004544;0.001079296;0.001221632;0.0011786239999999999;0.0011909120000000001;0.001065984;0.000774144;0.000827392;0.000791552;0.0005836799999999999;0.000536576;0.0006850560000000001;0.0006225919999999999;0.000483328;0.000318464;0.000454656;0.00046592000000000004;0.0004352;0.00036249599999999997;0.000278528;0.000393216;0.00038912;0.0003328;0.000325632;0.000330752;0.000459776;0.00038912;0.000382976
1789322400,hdr,0.0293;0.03906;0.04883;0.05859;0.06836;0.07813;0.08789;0.09766;0.10742;0.11719;0.12695;0.13672;0.14648;0.15625;0.16602;0.17578;0.18555;0.19531;0.20508;0.21484;0.22461;0.23438;0.24414;0.25391;0.26367;0.27344;0.2832;0.29297;0.30273;0.3125;0.32227;0.33203;0.3418;0.35156;0.36133;0.37109;0.38086;0.39063;0.40039;0.41016;0.41992;0.42969;0.43945;0.44922;0.45898;0.46875;0.47852;0.48828;0.49805;0.50781;0.51758;0.52734;0.53711;0.54688;0.55664;0.56641;0.57617;0.58594;0.5957;0.60547;0.61523;0.625;0.63477;0.64453;0.6543;0.66406;0.67383;0.68359;0.69336;0.70313;0.71289;0.72266;0.73242;0.74219;0.75195;0.76172;0.77148;0.78125;0.79102,0.01024;0.01994752;0.016303104000000002;0.01411584;0.009631744;0.009822208;0.019239936000000003;0.020798464;0.013368320000000001;0.012811264;0.012824576;0.011070464;0.009702400000000002;0.010263552000000002;0.017616896;0.01452544;0.012669952000000002;0.01565184;0.016063488;0.028990464;0.033891328;0.045749248;0.02301952;0.015186944;0.012192768;0.014291968;0.015335423999999999;0.007863296;0.00654336;0.008897536;0.008627200000000002;0.006148096;0.00553472;0.007707648;0.006041599999999999;0.006431744;0.005116928;0.0030976;0.001531904;0.002824192;0.002837504;0.002159616;0.0028538879999999997;0.00272384;0.002571264;0.001927168;0.0016691199999999998;0.00178176;0.002161664;0.0010455039999999998;0.0009431040000000001;0.001165312;0.001384448;0.001758208;0.001974272;0.001168384;0.001258496;0.000951296;0.000557056;0.000644096;0.000671744;0.00091136;0.000625664;0.0006502400000000001;0.000638976;0.000533504;0.000613376;0.0007014399999999999;0.000616448;0.000548864;0.000539648;0.00042496;0.000436224;0.00046284799999999997;0.00031744;0.00036352;0.00027136;0.000357376;0.000453632
1789323300,hdr,0.0293;0.03906;0.04883;0.05859;0.06836;0.07813;0.08789;0.09766;0.10742;0.11719;0.12695;0.13672;0.14648;0.15625;0.16602;0.17578;0.18555;0.19531;0.20508;0.21484;0.22461;0.23438;0.24414;0.25391;0.26367;0.27344;0.2832;0.29297;0.30273;0.3125;0.32227;0.33203;0.3418;0.35156;0.36133;0.37109;0.38086;0.39063;0.40039;0.41016;0.41992;0.42969;0.43945;0.44922;0.45898;0.46875;0.47852;0.48828;0.49805;0.50781;0.51758;0.52734;0.53711;0.54688;0.55664;0.56641;0.57617;0.58594;0.5957;0.60547;0.61523;0.625;0.63477;0.64453;0.6543;0.66406;0.67383;0.68359;0.69336;0.70313;0.71289;0.72266;0.73242;0.74219;0.75195;0.76172;0.77148;0.78125;0.79102,0.006967296;0.013068288;0.011091967999999999;0.012143616;0.010261504000000001;0.0046714880000000005;0.006145024000000001;0.011623423999999999;0.012562431999999998;0.009610239999999999;0.011266047999999999;0.011779072;0.015117311999999999;0.016371712;0.019592191999999998;0.013261824;0.01584128;0.01972736;0.021581824;0.02983424;0.04277248;0.039498752;0.031038463999999998;0.022701056;0.014508031999999999;0.009053183999999999;0.009980928;0.011022335999999999;0.008187904;0.0088576;0.008117247999999999;0.005020672;0.005087232;0.005854208;0.005096447999999999;0.0035481600000000003;0.004176895999999999;0.006539264;0.003680256;0.002486272;0.003002368;0.003130368;0.00275456;0.002689024;0.0023459839999999997;0.001830912;0.002767872;0.003262464;0.0018923520000000001;0.001503232;0.00153088;0.0010178560000000001;0.0008355839999999999;0.0010475520000000002;0.00206848;0.002304;0.001741824;0.00118784;0.000907264;0.00085504;0.000871424;0.001096704;0.000964608;0.0010127360000000002;0.001000448;0.00096768;0.000662528;0.000499712;0.00045056;0.000427008;0.000484352;0.0005580800000000001;0.000457728;0.000485376;0.000533504;0.000483328;0.0005980159999999999;0.000703488;0.00091648
1789324200,hdr,0.0293;0.03906;0.04883;0.05859;0.06836;0.07813;0.08789;0.09766;0.10742;0.11719;0.12695;0.13672;0.14648;0.15625;0.16602;0.17578;0.18555;0.19531;0.20508;0.21484;0.22461;0.23438;0.24414;0.25391;0.26367;0.27344;0.2832;0.29297;0.30273;0.3125;0.32227;0.33203;0.3418;0.35156;0.36133;0.37109;0.38086;0.39063;0.40039;0.41016;0.41992;0.42969;0.43945;0.44922;0.45898;0.46875;0.47852;0.48828;0.49805;0.50781;0.51758;0.52734;0.53711;0.54688;0.55664;0.56641;0.57617;0.58594;0.5957;0.60547;0.61523;0.625;0.63477;0.64453;0.6543;0.66406;0.67383;0.68359;0.69336;0.70313;0.71289;0.72266;0.73242;0.74219;0.75195;0.76172;0.77148;0.78125;0.79102,0.00684032;0.01319424;0.014004224000000001;0.005970944000000001;0.008475647999999999;0.01074688;0.007847936;0.010287104;0.00713216;0.007555072;0.007940095999999999;0.010182655999999998;0.01536;0.015420416;0.020371456;0.021853183999999998;0.015058944;0.019006464;0.021414912;0.025936896;0.030132224000000003;0.025003008;0.027100159999999998;0.018115584;0.013543423999999998;0.010955776;0.006489088;0.008976384;0.007862272;0.0053043199999999995;0.0052121599999999995;0.012027903999999999;0.009844736;0.0059740159999999995;0.006544384;0.004754432;0.0029306880000000003;0.003315712;0.0027023359999999996;0.0036167680000000002;0.00321536;0.004391936000000001;0.002972672;0.0034918399999999995;0.0028672;0.002208768;0.003344384;0.0027473920000000004;0.002907136;0.0020121600000000003;0.0015872;0.000861184;0.001313792;0.002107392;0.0018483199999999999;0.0014592000000000001;0.0013506560000000002;0.00119808;0.000999424;0.001118208;0.00131584;0.000807936;0.000659456;0.0006973439999999999;0.00076288;0.0005847039999999999;0.00054272;0.0005304320000000001;0.000688128;0.0006819840000000001;0.0006778880000000001;0.0005376000000000001;0.000494592;0.000802816;0.00047718399999999996;0.000528384;0.000712704;0.000580608;0.000782336
1789325100,hdr,0.0293;0.03906;0.04883;0.05859;0.06836;0.07813;0.08789;0.09766;0.10742;0.11719;0.12695;0.13672;0.14648;0.15625;0.16602;0.17578;0.18555;0.19531;0.20508;0.21484;0.22461;0.23438;0.24414;0.25391;0.26367;0.27344;0.2832;0.29297;0.30273;0.3125;0.32227;0.33203;0.3418;0.35156;0.36133;0.37109;0.38086;0.39063;0.40039;0.41016;0.41992;0.42969;0.43945;0.44922;0.45898;0.46875;0.47852;0.48828;0.49805;0.50781;0.51758;0.52734;0.53711;0.54688;0.55664;0.56641;0.57617;0.58594;0.5957;0.60547;0.61523;0.625;0.63477;0.64453;0.6543;0.66406;0.67383;0.68359;0.69336;0.70313;0.71289;0.72266;0.73242;0.74219;0.75195;0.76172;0.77148;0.78125;0.79102,0.005383168000000001;0.006115328;0.013965312000000002;0.011129856;0.0051302399999999995;0.002586624;0.005213184;0.009143296;0.006680576;0.0062976;0.005442560000000001;0.0062177280000000005;0.012741632;0.02221056;0.029533183999999997;0.026994688;0.026662912;0.03158528;0.032847872;0.020670464;0.02633216;0.027815936000000003;0.014206975999999998;0.013241343999999999;0.012702719999999999;0.006919168;0.007046144;0.008470528;0.005199872;0.004889599999999999;0.007815167999999999;0.009880575999999999;0.007616512000000001;0.004564992;0.003667968;0.005504;0.00510464;0.005001216;0.0035072000000000002;0.0034488319999999998;0.002783232;0.0033341440000000003;0.003291136;0.00330752;0.0032;0.003401728;0.00334848;0.002409472;0.001907712;0.0018196479999999999;0.00141312;0.0011601919999999998;0.001042432;0.0011970559999999997;0.001381376;0.0012165119999999999;0.00107008;0.000676864;0.000941056;0.001058816;0.0011007999999999999;0.0013475839999999998;0.00159744;0.001000448;0.001106944;0.001061888;0.000787456;0.000490496;0.000553984;0.0007423999999999999;0.000605184;0.00048742400000000003;0.00043827199999999997;0.000499712;0.0005632;0.000533504;0.000528384;0.000646144;0.000605184
1789326000,hdr,0.0293;0.03906;0.04883;0.05859;0.06836;0.07813;0.08789;0.09766;0.10742;0.11719;0.12695;0.13672;0.14648;0.15625;0.16602;0.17578;0.18555;0.19531;0.20508;0.21484;0.22461;0.23438;0.24414;0.25391;0.26367;0.27344;0.2832;0.29297;0.30273;0.3125;0.32227;0.33203;0.3418;0.35156;0.36133;0.37109;0.38086;0.39063;0.40039;0.41016;0.41992;0.42969;0.43945;0.44922;0.45898;0.46875;0.47852;0.48828;0.49805;0.50781;0.51758;0.52734;0.53711;0.54688;0.55664;0.56641;0.57617;0.58594;0.5957;0.60547;0.61523;0.625;0.63477;0.64453;0.6543;0.66406;0.67383;0.68359;0.69336;0.70313;0.71289;0.72266;0.73242;0.74219;0.75195;0.76172;0.77148;0.78125;0.79102,0.003777536;0.010676224;0.006453248000000001;0.003408896;0.007604224000000001;0.0068864;0.004152319999999999;0.008791040000000002;0.009038848;0.005895167999999999;0.005639168;0.00576512;0.011873279999999998;0.022027263999999998;0.034782208;0.045740032;0.06046208;0.056027136;0.041225216;0.0374528;0.032137216;0.026063872;0.018586624;0.013918208000000001;0.0089856;0.013011967999999999;0.013839359999999998;0.01162752;0.008418303999999998;0.007160832000000001;0.010016768;0.010016768;0.01425408;0.009929728;0.005902336;0.00643584;0.005057536;0.003811328;0.004161536;0.004236288;0.00361472;0.0033976320000000003;0.00315904;0.002981888;0.003685376;0.002692096;0.001944576;0.002229248;0.001574912;0.001446912;0.001580032;0.001651712;0.0016148479999999999;0.00151552;0.001787904;0.0014561280000000001;0.001212416;0.0009584639999999999;0.00079872;0.0009943039999999999;0.0009717759999999999;0.00085504;0.0009594880000000001;0.000813056;0.000898048;0.0005713920000000001;0.000441344;0.000621568;0.0006912;0.000553984;0.000733184;0.000990208;0.000692224;0.000180224;0.000257024;0.000372736;0.000463872;0.000395264;0.000566272
1789326900,hdr,0.0293;0.03906;0.04883;0.05859;0.06836;0.07813;0.08789;0.09766;0.10742;0.11719;0.12695;0.13672;0.14648;0.15625;0.16602;0.17578;0.18555;0.19531;0.20508;0.21484;0.22461;0.23438;0.24414;0.25391;0.26367;0.27344;0.2832;0.29297;0.30273;0.3125;0.32227;0.33203;0.3418;0.35156;0.36133;0.37109;0.38086;0.39063;0.40039;0.41016;0.41992;0.42969;0.43945;0.44922;0.45898;0.46875;0.47852;0.48828;0.49805;0.50781;0.51758;0.52734;0.53711;0.54688;0.55664;0.56641;0.57617;0.58594;0.5957;0.60547;0.61523;0.625;0.63477;0.64453;0.6543;0.66406;0.67383;0.68359;0.69336;0.70313;0.71289;0.72266;0.73242;0.74219;0.75195;0.76172;0.77148;0.78125;0.79102,0.00338944;0.005774336000000001;0.0039321600000000005;0.002633728;0.002837504;0.004598784000000001;0.004471808;0.0058122239999999995;0.003917824;0.002720768;0.003960832;0.011411456;0.018367488;0.036498432;0.06376448;0.06436352;0.037908479999999994;0.025639936;0.037839872000000004;0.031320064;0.030235648;0.027267072;0.022212608000000002;0.013405184;0.011716608;0.013491199999999998;0.012651520000000001;0.008562688;0.006912;0.009310207999999999;0.006171648;0.008876032;0.00690176;0.006973440000000001;0.010768384;0.007371776;0.006767616;0.004353024;0.0035287039999999997;0.004957184;0.006080512;0.005078015999999999;0.004400128;0.002638848;0.002051072;0.002373632;0.0019189760000000002;0.003574784;0.0027381760000000006;0.002214912;0.001891328;0.0023818240000000003;0.0020029439999999996;0.002486272;0.0021452800000000003;0.001790976;0.0013690880000000003;0.001422336;0.001634304;0.0012247039999999999;0.001107968;0.001062912;0.001119232;0.001077248;0.0008837120000000001;0.0007833599999999999;0.00073216;0.0006574080000000001;0.000515072;0.000335872;0.00047206399999999996;0.000579584;0.0009758719999999999;0.000668672;0.000607232;0.000714752;0.000497664;0.000308224;0.000318464
1789327800,hdr,0.0293;0.03906;0.04883;0.05859;0.06836;0.07813;0.08789;0.09766;0.10742;0.11719;0.12695;0.13672;0.14648;0.15625;0.16602;0.17578;0.18555;0.19531;0.20508;0.21484;0.22461;0.23438;0.24414;0.25391;0.26367;0.27344;0.2832;0.29297;0.30273;0.3125;0.32227;0.33203;0.3418;0.35156;0.36133;0.37109;0.38086;0.39063;0.40039;0.41016;0.41992;0.42969;0.43945;0.44922;0.45898;0.46875;0.47852;0.48828;0.49805;0.50781;0.51758;0.52734;0.53711;0.54688;0.55664;0.56641;0.57617;0.58594;0.5957;0.60547;0.61523;0.625;0.63477;0.64453;0.6543;0.66406;0.67383;0.68359;0.69336;0.70313;0.71289;0.72266;0.73242;0.74219;0.75195;0.76172;0.77148;0.78125;0.79102,0.0036966399999999997;0.013468672000000001;0.011462656000000002;0.004368384;0.006462464;0.006440959999999999;0.007627776;0.012816384;0.006392832;0.0038635519999999997;0.00417792;0.006796287999999999;0.016653311999999997;0.041266176;0.0663552;0.090281984;0.07400960000000001;0.03949056000000001;0.031432704;0.033888256;0.028341248;0.015627264000000002;0.018151424;0.021151744000000004;0.014959616;0.012324864;0.011321343999999999;0.007790592000000001;0.01081856;0.01302016;0.011573248;0.010958848;0.0070993919999999995;0.006995968000000001;0.007748608000000001;0.004708352;0.006772736;0.008856576000000001;0.00689152;0.005103616;0.003533824;0.005968896;0.004777984000000001;0.0021944319999999996;0.003117056;0.0025108480000000004;0.002601984;0.002418688;0.004018176;0.0027658239999999996;0.001931264;0.002542592;0.002177024;0.0012052480000000001;0.001155072;0.0016128;0.0020838399999999996;0.00206848;0.0015984640000000002;0.000915456;0.000979968;0.001159168;0.000607232;0.000649216;0.0010833919999999999;0.0011601919999999998;0.001117184;0.000774144;0.0006952960000000001;0.000847872;0.000536576;0.0005683200000000001;0.00055296;0.000672768;0.0007086080000000001;0.0005089280000000001;0.000594944;0.0006850560000000001;0.00052736
1789328700,hdr,0.0293;0.03906;0.04883;0.05859;0.06836;0.07813;0.08789;0.09766;0.10742;0.11719;0.12695;0.13672;0.14648;0.15625;0.16602;0.17578;0.18555;0.19531;0.20508;0.21484;0.22461;0.23438;0.24414;0.25391;0.26367;0.27344;0.2832;0.29297;0.30273;0.3125;0.32227;0.33203;0.3418;0.35156;0.36133;0.37109;0.38086;0.39063;0.40039;0.41016;0.41992;0.42969;0.43945;0.44922;0.45898;0.46875;0.47852;0.48828;0.49805;0.50781;0.51758;0.52734;0.53711;0.54688;0.55664;0.56641;0.57617;0.58594;0.5957;0.60547;0.61523;0.625;0.63477;0.64453;0.6543;0.66406;0.67383;0.68359;0.69336;0.70313;0.71289;0.72266;0.73242;0.74219;0.75195;0.76172;0.77148;0.78125;0.79102,0.005777408;0.012419072;0.009690111999999999;0.004612096;0.0042936319999999995;0.005612544;0.008684544;0.012639232;0.012180479999999999;0.006607872;0.007036928;0.006366208000000001;0.015035392;0.040166400000000005;0.096741376;0.08661196800000001;0.033439744;0.031364096;0.038007808;0.026557439999999998;0.023912448;0.014149631999999999;0.01208832;0.01014784;0.008935423999999999;0.011951104;0.01332224;0.014850048;0.011193344;0.009526272;0.009177088;0.009826304;0.010893312;0.006797312;0.005630976;0.0059136;0.0059811840000000005;0.008085504;0.006572032;0.00671744;0.0061255680000000005;0.0037611520000000002;0.004117504;0.004764671999999999;0.0054016;0.0029859840000000006;0.003725312;0.004158464;0.003298304;0.003801088;0.004412416;0.003262464;0.002159616;0.002402304;0.0027392;0.0019435519999999999;0.001850368;0.001441792;0.00181248;0.001714176;0.00229888;0.0017459199999999998;0.001717248;0.0012451839999999999;0.0014346239999999998;0.0013240320000000002;0.001153024;0.001412096;0.001030144;0.0009256959999999999;0.0010014719999999998;0.0010014719999999998;0.000769024;0.00067584;0.0005816320000000001;0.000760832;0.000603136;0.000632832;0.0005478400000000001
1789329600,hdr,0.0293;0.03906;0.04883;0.05859;0.06836;0.07813;0.08789;0.09766;0.10742;0.11719;0.12695;0.13672;0.14648;0.15625;0.16602;0.17578;0.18555;0.19531;0.20508;0.21484;0.22461;0.23438;0.24414;0.25391;0.26367;0.27344;0.2832;0.29297;0.30273;0.3125;0.32227;0.33203;0.3418;0.35156;0.36133;0.37109;0.38086;0.39063;0.40039;0.41016;0.41992;0.42969;0.43945;0.44922;0.45898;0.46875;0.47852;0.48828;0.49805;0.50781;0.51758;0.52734;0.53711;0.54688;0.55664;0.56641;0.57617;0.58594;0.5957;0.60547;0.61523;0.625;0.63477;0.64453;0.6543;0.66406;0.67383;0.68359;0.69336;0.70313;0.71289;0.72266;0.73242;0.74219;0.75195;0.76172;0.77148;0.78125;0.79102,0.006291456;0.009184256;0.008409088;0.005531647999999999;0.009217023999999999;0.00636416;0.005983232;0.010181632;0.007025664;0.007038976;0.008767487999999999;0.013241343999999999;0.036339711999999996;0.084025344;0.10581811199999999;0.06802432000000001;0.037252096000000005;0.034289664000000004;0.028978175999999998;0.020858879999999996;0.012676096;0.015598592000000001;0.01412608;0.010131456;0.010000384;0.0074055679999999995;0.007542784;0.013920255999999999;0.013491199999999998;0.014425087999999999;0.010919936;0.00684032;0.011529216;0.015327232;0.007114752;0.005898240000000001;0.005317631999999999;0.004202496;0.004354048;0.0048363519999999995;0.0042137599999999996;0.004569088;0.005198848;0.005398528;0.0048363519999999995;0.004032511999999999;0.002952192;0.002101248;0.004912128;0.005213184;0.004909055999999999;0.0041564160000000005;0.0032;0.001997824;0.001467392;0.001895424;0.0020592640000000003;0.002630656;0.002386944;0.0021944319999999996;0.0019394560000000002;0.001226752;0.001000448;0.000843776;0.001053696;0.0011601919999999998;0.0012728319999999998;0.000932864;0.000765952;0.0008663039999999999;0.000519168;0.00096768;0.000861184;0.0005713920000000001;0.000528384;0.000679936;0.000519168;0.000648192;0.0007413760000000001
1789330500,hdr,0.0293;0.03906;0.04883;0.05859;0.06836;0.07813;0.08789;0.09766;0.10742;0.11719;0.12695;0.13672;0.14648;0.15625;0.16602;0.17578;0.18555;0.19531;0.20508;0.21484;0.22461;0.23438;0.24414;0.25391;0.26367;0.27344;0.2832;0.29297;0.30273;0.3125;0.32227;0.33203;0.3418;0.35156;0.36133;0.37109;0.38086;0.39063;0.40039;0.41016;0.41992;0.42969;0.43945;0.44922;0.45898;0.46875;0.47852;0.48828;0.49805;0.50781;0.51758;0.52734;0.53711;0.54688;0.55664;0.56641;0.57617;0.58594;0.5957;0.60547;0.61523;0.625;0.63477;0.64453;0.6543;0.66406;0.67383;0.68359;0.69336;0.70313;0.71289;0.72266;0.73242;0.74219;0.75195;0.76172;0.77148;0.78125;0.79102,0.0025374720000000003;0.007008256;0.006728703999999999;0.0035717120000000003;0.0057968640000000005;0.005112832;0.004040704;0.011134976000000001;0.010756096;0.007074815999999999;0.007916544;0.013159424;0.012038144;0.0467712;0.121660416;0.11210751999999999;0.08950783999999999;0.037132288;0.031430656;0.02271232;0.017156096000000003;0.012706816000000001;0.013600768;0.01499136;0.013177856;0.010478592;0.012111872;0.018031615999999997;0.016525311999999997;0.015551488;0.014713855999999999;0.005863424;0.004571136000000001;0.007454720000000001;0.009221120000000001;0.006280192;0.007863296;0.006433792000000001;0.004574208;0.006488063999999999;0.008642559999999999;0.0057200639999999995;0.004673536;0.0037437440000000002;0.003267584;0.00233984;0.003111936;0.002958336;0.002594816;0.0018964479999999998;0.0017530879999999999;0.0017735679999999999;0.003172352;0.002612224;0.002833408;0.003562496;0.00311296;0.00274432;0.002499584;0.001275904;0.000827392;0.0010946560000000003;0.0012625919999999999;0.001127424;0.001043456;0.0012728319999999998;0.0012400640000000001;0.00059904;0.000698368;0.000712704;0.000569344;0.000731136;0.0005324799999999999;0.0006574080000000001;0.0006963200000000001;0.0005376000000000001;0.0006737919999999999;0.000841728;0.0008151040000000001
1789331400,hdr,0.0293;0.03906;0.04883;0.05859;0.06836;0.07813;0.08789;0.09766;0.10742;0.11719;0.12695;0.13672;0.14648;0.15625;0.16602;0.17578;0.18555;0.19531;0.20508;0.21484;0.22461;0.23438;0.24414;0.25391;0.26367;0.27344;0.2832;0.29297;0.30273;0.3125;0.32227;0.33203;0.3418;0.35156;0.36133;0.37109;0.38086;0.39063;0.40039;0.41016;0.41992;0.42969;0.43945;0.44922;0.45898;0.46875;0.47852;0.48828;0.49805;0.50781;0.51758;0.52734;0.53711;0.54688;0.55664;0.56641;0.57617;0.58594;0.5957;0.60547;0.61523;0.625;0.63477;0.64453;0.6543;0.66406;0.67383;0.68359;0.69336;0.70313;0.71289;0.72266;0.73242;0.74219;0.75195;0.76172;0.77148;0.78125;0.79102,0.008781824;0.016313344;0.011190272000000001;0.003093504;0.0032471040000000002;0.009936896;0.014930944;0.015904768;0.007219199999999999;0.004077568;0.0049602560000000006;0.007130111999999999;0.018423808;0.05289472;0.07890431999999999;0.058554367999999996;0.0451328;0.037331968;0.025664512;0.025206784;0.020772864;0.016183296;0.013761536;0.015046656;0.009805824;0.012506112;0.016435199999999997;0.017371136;0.014613504000000001;0.01027072;0.00812544;0.008395776;0.006844416;0.007062528;0.009103360000000001;0.010621952;0.01048576;0.007886848;0.00457216;0.003677184;0.005229568;0.004984832000000001;0.004098048000000001;0.004078592000000001;0.002262016;0.004486144;0.0024504320000000002;0.001763328;0.0030853119999999998;0.002922496;0.0026009600000000003;0.003048448;0.001972224;0.002291712;0.0025937919999999997;0.001856512;0.0015534079999999998;0.0015656959999999999;0.001406976;0.001599488;0.0015411200000000002;0.001396736;0.001273856;0.0010516479999999999;0.0009349119999999999;0.0009482239999999999;0.001026048;0.0011448320000000001;0.00098816;0.0008468480000000001;0.000823296;0.0006912;0.000668672;0.000444416;0.00039423999999999997;0.0007393279999999999;0.000671744;0.000352256;0.00034099200000000003
1789332300,hdr,0.0293;0.03906;0.04883;0.05859;0.06836;0.07813;0.08789;0.09766;0.10742;0.11719;0.12695;0.13672;0.14648;0.15625;0.16602;0.17578;0.18555;0.19531;0.20508;0.21484;0.22461;0.23438;0.24414;0.25391;0.26367;0.27344;0.2832;0.29297;0.30273;0.3125;0.32227;0.33203;0.3418;0.35156;0.36133;0.37109;0.38086;0.39063;0.40039;0.41016;0.41992;0.42969;0.43945;0.44922;0.45898;0.46875;0.47852;0.48828;0.49805;0.50781;0.51758;0.52734;0.53711;0.54688;0.55664;0.56641;0.57617;0.58594;0.5957;0.60547;0.61523;0.625;0.63477;0.64453;0.6543;0.66406;0.67383;0.68359;0.69336;0.70313;0.71289;0.72266;0.73242;0.74219;0.75195;0.76172;0.77148;0.78125;0.79102,0.001343488;0.004035584;0.004054016;0.0038307840000000003;0.004094976;0.00852992;0.009154559999999999;0.008329216;0.00951808;0.006973440000000001;0.009181183999999998;0.0093696;0.016502784;0.055672832000000005;0.089761792;0.06327398399999999;0.050022399999999995;0.056861696;0.042288127999999994;0.035759104;0.017714175999999998;0.011548672000000001;0.012328960000000002;0.011157503999999999;0.013856768;0.015968256;0.013308928;0.009539583999999999;0.009662463999999999;0.010568704;0.011168768;0.00862208;0.009269247999999999;0.009063423999999999;0.01158144;0.008208384;0.008568832;0.010883072;0.006274048;0.0060139519999999995;0.005012480000000001;0.005090304;0.005005312;0.0061255680000000005;0.005321728;0.003469312;0.0034109440000000004;0.004810752;0.003357696;0.0023920639999999997;0.0026296320000000002;0.002973696;0.0030914560000000002;0.00289792;0.0020582400000000002;0.001412096;0.0014940160000000001;0.0016773119999999998;0.001429504;0.00122368;0.0014028799999999998;0.00123392;0.001513472;0.001627136;0.0012318720000000002;0.000951296;0.000965632;0.001152;0.000955392;0.000893952;0.0006891520000000001;0.000672768;0.0009287680000000001;0.001195008;0.001113088;0.0006123519999999999;0.000449536;0.00035942400000000006;0.00040243200000000004
1789333200,hdr,0.0293;0.03906;0.04883;0.05859;0.06836;0.07813;0.08789;0.09766;0.10742;0.11719;0.12695;0.13672;0.14648;0.15625;0.16602;0.17578;0.18555;0.19531;0.20508;0.21484;0.22461;0.23438;0.24414;0.25391;0.26367;0.27344;0.2832;0.29297;0.30273;0.3125;0.32227;0.33203;0.3418;0.35156;0.36133;0.37109;0.38086;0.39063;0.40039;0.41016;0.41992;0.42969;0.43945;0.44922;0.45898;0.46875;0.47852;0.48828;0.49805;0.50781;0.51758;0.52734;0.53711;0.54688;0.55664;0.56641;0.57617;0.58594;0.5957;0.60547;0.61523;0.625;0.63477;0.64453;0.6543;0.66406;0.67383;0.68359;0.69336;0.70313;0.71289;0.72266;0.73242;0.74219;0.75195;0.76172;0.77148;0.78125;0.79102,0.0052418560000000005;0.012075008;0.015015936;0.006687744000000001;0.005521408;0.003745792;0.005742592;0.007917568;0.006444032000000001;0.007061504;0.005897216;0.010611712;0.016665600000000003;0.037670912;0.074586112;0.079000576;0.04301824;0.031820799999999996;0.035447808000000004;0.028024832;0.016542719999999997;0.01570816;0.014724095999999999;0.010043392000000002;0.008617984;0.012345344000000001;0.013008896;0.016999424000000003;0.01237504;0.011072512;0.013416448000000001;0.008253439999999999;0.007221248;0.009378816;0.008839168000000001;0.005364736;0.010326016;0.009551872;0.007028736;0.005404671999999999;0.006111232;0.005984256;0.006254592;0.0048732160000000005;0.003694592;0.004308992;0.003890176;0.003396608;0.003329024;0.00352256;0.0027105280000000002;0.0025210880000000003;0.0022394880000000004;0.002793472;0.002040832;0.001243136;0.0014919679999999998;0.0016906239999999997;0.001626112;0.00164864;0.001316864;0.001636352;0.001570816;0.0009461760000000001;0.0013260799999999999;0.000903168;0.001027072;0.000868352;0.0009041920000000001;0.000941056;0.0006963200000000001;0.00059392;0.000388096;0.000382976;0.00049664;0.00068608;0.0006973439999999999;0.000750592;0.0005847039999999999
1789334100,hdr,0.0293;0.03906;0.04883;0.05859;0.06836;0.07813;0.08789;0.09766;0.10742;0.11719;0.12695;0.13672;0.14648;0.15625;0.16602;0.17578;0.18555;0.19531;0.20508;0.21484;0.22461;0.23438;0.24414;0.25391;0.26367;0.27344;0.2832;0.29297;0.30273;0.3125;0.32227;0.33203;0.3418;0.35156;0.36133;0.37109;0.38086;0.39063;0.40039;0.41016;0.41992;0.42969;0.43945;0.44922;0.45898;0.46875;0.47852;0.48828;0.49805;0.50781;0.51758;0.52734;0.53711;0.54688;0.55664;0.56641;0.57617;0.58594;0.5957;0.60547;0.61523;0.625;0.63477;0.64453;0.6543;0.66406;0.67383;0.68359;0.69336;0.70313;0.71289;0.72266;0.73242;0.74219;0.75195;0.76172;0.77148;0.78125;0.79102,0.002231296;0.005695488;0.0074751999999999996;0.004057088;0.003055616;0.004082688;0.006059008000000001;0.010256384;0.014994431999999999;0.010673152;0.005065728;0.005978112;0.013876224;0.031022079999999997;0.036731904;0.043829248;0.040201216;0.024474624;0.019325952;0.015985664;0.021828608;0.021718016;0.012256256000000002;0.014685183999999999;0.010896384;0.0068505599999999995;0.010220544;0.007606272;0.010919936;0.00743936;0.005670912;0.005902336;0.00392192;0.005134336000000001;0.005372928;0.0049152;0.005168128000000001;0.005276672;0.005226496;0.003391488;0.0034672640000000003;0.005272576;0.005194752;0.005273600000000001;0.003718144;0.003050496;0.00427008;0.004240384;0.0028467199999999996;0.0018698239999999997;0.001650688;0.0011489279999999998;0.001063936;0.0021944319999999996;0.002443264;0.0027156479999999998;0.0019517439999999998;0.001754112;0.001409024;0.000510976;0.001103872;0.0010086399999999999;0.001016832;0.000539648;0.00050176;0.0006502400000000001;0.000817152;0.000625664;0.0006082559999999999;0.000631808;0.000567296;0.000538624;0.0005304320000000001;0.000676864;0.00047923199999999995;0.00037785600000000004;0.000535552;0.000513024;0.00035430400000000006
1789335000,hdr,0.0293;0.03906;0.04883;0.05859;0.06836;0.07813;0.08789;0.09766;0.10742;0.11719;0.12695;0.13672;0.14648;0.15625;0.16602;0.17578;0.18555;0.19531;0.20508;0.21484;0.22461;0.23438;0.24414;0.25391;0.26367;0.27344;0.2832;0.29297;0.30273;0.3125;0.32227;0.33203;0.3418;0.35156;0.36133;0.37109;0.38086;0.39063;0.40039;0.41016;0.41992;0.42969;0.43945;0.44922;0.45898;0.46875;0.47852;0.48828;0.49805;0.50781;0.51758;0.52734;0.53711;0.54688;0.55664;0.56641;0.57617;0.58594;0.5957;0.60547;0.61523;0.625;0.63477;0.64453;0.6543;0.66406;0.67383;0.68359;0.69336;0.70313;0.71289;0.72266;0.73242;0.74219;0.75195;0.76172;0.77148;0.78125;0.79102,0.000456704;0.001337344;0.000520192;0.0021985280000000004;0.005139456;0.00633344;0.005731328000000001;0.00809984;0.00813056;0.008318975999999999;0.0040519679999999995;0.00526336;0.010150912;0.030112768;0.079739904;0.09722060799999999;0.052873216;0.028535808;0.026380288000000002;0.020179967999999996;0.017193984;0.012898304;0.00881152;0.009342976000000001;0.009740288;0.009426944000000001;0.010950656000000001;0.010423296;0.007820288;0.006603776;0.00677376;0.006751232;0.005379072;0.00700416;0.004166656;0.005025792;0.0053463040000000005;0.006162432;0.004426751999999999;0.006187008;0.0057149440000000004;0.004164608;0.0021442559999999998;0.002174976;0.0031467520000000005;0.0040867839999999996;0.003994624;0.0034304;0.003661824;0.002543616;0.001686528;0.001849344;0.001755136;0.00162816;0.001414144;0.001688576;0.0017018880000000001;0.0014458880000000002;0.0011264;0.001328128;0.0017018880000000001;0.0015144960000000002;0.0015943679999999999;0.0013568;0.000700416;0.000656384;0.000596992;0.00062976;0.000720896;0.00088064;0.000894976;0.0007055360000000001;0.0006154239999999999;0.000646144;0.000690176;0.0005918719999999999;0.00044339199999999997;0.000234496;0.00036249599999999997
1789335900,hdr,0.0293;0.03906;0.04883;0.05859;0.06836;0.07813;0.08789;0.09766;0.10742;0.11719;0.12695;0.13672;0.14648;0.15625;0.16602;0.17578;0.18555;0.19531;0.20508;0.21484;0.22461;0.23438;0.24414;0.25391;0.26367;0.27344;0.2832;0.29297;0.30273;0.3125;0.32227;0.33203;0.3418;0.35156;0.36133;0.37109;0.38086;0.39063;0.40039;0.41016;0.41992;0.42969;0.43945;0.44922;0.45898;0.46875;0.47852;0.48828;0.49805;0.50781;0.51758;0.52734;0.53711;0.54688;0.55664;0.56641;0.57617;0.58594;0.5957;0.60547;0.61523;0.625;0.63477;0.64453;0.6543;0.66406;0.67383;0.68359;0.69336;0.70313;0.71289;0.72266;0.73242;0.74219;0.75195;0.76172;0.77148;0.78125;0.79102,0.00033484799999999995;0.001401856;0.001961984;0.0004884479999999999;0.0032511999999999997;0.005788672000000001;0.004762624;0.008978432;0.011036671999999999;0.0050677759999999995;0.00285696;0.003820544;0.007719935999999999;0.012393471999999999;0.027953152;0.055759872;0.029606912;0.031848448;0.02602496;0.018820095999999998;0.01741312;0.013689856000000002;0.010846208000000001;0.007549952;0.007446528;0.008035328;0.008450048;0.012412928000000002;0.009953279999999998;0.006678528;0.008644608;0.009452544;0.007005184;0.0069222400000000005;0.004239359999999999;0.006337536;0.007835648;0.006636544;0.006178816000000001;0.006146048;0.004844544;0.0030904319999999997;0.003423232;0.0040867839999999996;0.003390464;0.002496512;0.00311808;0.00387072;0.003525632;0.0023592960000000003;0.0016988160000000001;0.0011007999999999999;0.0012113920000000002;0.002071552;0.002444288;0.001806336;0.0013895679999999999;0.001181696;0.001306624;0.001512448;0.0018135039999999999;0.00160256;0.001202176;0.000905216;0.001057792;0.000882688;0.0006656;0.000551936;0.000507904;0.000326656;0.000418816;0.0006952960000000001;0.000679936;0.000401408;0.000429056;0.000493568;0.000324608;0.000222208;0.00011776000000000001
1789336800,hdr,0.0293;0.03906;0.04883;0.05859;0.06836;0.07813;0.08789;0.09766;0.10742;0.11719;0.12695;0.13672;0.14648;0.15625;0.16602;0.17578;0.18555;0.19531;0.20508;0.21484;0.22461;0.23438;0.24414;0.25391;0.26367;0.27344;0.2832;0.29297;0.30273;0.3125;0.32227;0.33203;0.3418;0.35156;0.36133;0.37109;0.38086;0.39063;0.40039;0.41016;0.41992;0.42969;0.43945;0.44922;0.45898;0.46875;0.47852;0.48828;0.49805;0.50781;0.51758;0.52734;0.53711;0.54688;0.55664;0.56641;0.57617;0.58594;0.5957;0.60547;0.61523;0.625;0.63477;0.64453;0.6543;0.66406;0.67383;0.68359;0.69336;0.70313;0.71289;0.72266;0.73242;0.74219;0.75195;0.76172;0.77148;0.78125;0.79102,0.0005734399999999999;0.001304576;0.0006041600000000001;0.001091584;0.00316416;0.0046223359999999995;0.008055808000000001;0.009322496;0.007359487999999999;0.0033310719999999996;0.004504576;0.003557376;0.006414336;0.011660287999999998;0.031910912;0.058607616;0.049452032;0.034936832;0.027040768;0.019520512;0.014478336000000001;0.01086464;0.008423424;0.014316544;0.013379583999999998;0.010843135999999998;0.010970112;0.012778496;0.012139519999999999;0.004841472;0.004078592000000001;0.005398528;0.006550528;0.007995392;0.0070492160000000005;0.004061184;0.0046745599999999995;0.004457472;0.0036095999999999997;0.00273408;0.001615872;0.0028221440000000004;0.0033802240000000002;0.001970176;0.00252416;0.002112512;0.002071552;0.0018923520000000001;0.002226176;0.00258048;0.002316288;0.001820672;0.001685504;0.001393664;0.0014499839999999999;0.0018944;0.00221696;0.001646592;0.0016435199999999999;0.001296384;0.00076288;0.001042432;0.0007413760000000001;0.00048639999999999995;0.0005754880000000001;0.000843776;0.0005888;0.00059904;0.0007075839999999999;0.000621568;0.000499712;0.000606208;0.0005836799999999999;0.0005754880000000001;0.000607232;0.000492544;0.00037888;0.00028569600000000005;0.00027648
1789337700,hdr,0.0293;0.03906;0.04883;0.05859;0.06836;0.07813;0.08789;0.09766;0.10742;0.11719;0.12695;0.13672;0.14648;0.15625;0.16602;0.17578;0.18555;0.19531;0.20508;0.21484;0.22461;0.23438;0.24414;0.25391;0.26367;0.27344;0.2832;0.29297;0.30273;0.3125;0.32227;0.33203;0.3418;0.35156;0.36133;0.37109;0.38086;0.39063;0.40039;0.41016;0.41992;0.42969;0.43945;0.44922;0.45898;0.46875;0.47852;0.48828;0.49805;0.50781;0.51758;0.52734;0.53711;0.54688;0.55664;0.56641;0.57617;0.58594;0.5957;0.60547;0.61523;0.625;0.63477;0.64453;0.6543;0.66406;0.67383;0.68359;0.69336;0.70313;0.71289;0.72266;0.73242;0.74219;0.75195;0.76172;0.77148;0.78125;0.79102,0.00030003200000000004;0.00027648;0.000807936;0.000785408;0.0038000639999999997;0.003095552;0.006707200000000001;0.010185728;0.009682944;0.006781952;0.00482304;0.003011584;0.004723712;0.011773951999999999;0.018646015999999998;0.035328;0.038408192;0.032360448;0.03825664;0.025214976;0.015375360000000001;0.010025983999999998;0.013792256;0.019365888;0.0197888;0.019876864;0.013237248;0.013441024000000001;0.015223808;0.011223039999999998;0.008298495999999999;0.009034751999999998;0.008706048;0.005864448;0.005085184;0.004184064;0.00277504;0.0035696639999999997;0.004754432;0.004722688;0.00462848;0.003786752;0.0020500479999999996;0.002432;0.002637824;0.002299904;0.001878016;0.001603584;0.002428928;0.0016435199999999999;0.001521664;0.001734656;0.001895424;0.0015779840000000002;0.0020183040000000003;0.0015452159999999999;0.001250304;0.00126976;0.0012185600000000003;0.0010936319999999998;0.000698368;0.0011796480000000002;0.0009431040000000001;0.000658432;0.000882688;0.001052672;0.0005376000000000001;0.0005406720000000001;0.000642048;0.000549888;0.0006502400000000001;0.000666624;0.0005406720000000001;0.000418816;0.000395264;0.0004915200000000001;0.000267264;0.00040243200000000004;0.000272384
1789338600,hdr,0.0293;0.03906;0.04883;0.05859;0.06836;0.07813;0.08789;0.09766;0.10742;0.11719;0.12695;0.13672;0.14648;0.15625;0.16602;0.17578;0.18555;0.19531;0.20508;0.21484;0.22461;0.23438;0.24414;0.25391;0.26367;0.27344;0.2832;0.29297;0.30273;0.3125;0.32227;0.33203;0.3418;0.35156;0.36133;0.37109;0.38086;0.39063;0.40039;0.41016;0.41992;0.42969;0.43945;0.44922;0.45898;0.46875;0.47852;0.48828;0.49805;0.50781;0.51758;0.52734;0.53711;0.54688;0.55664;0.56641;0.57617;0.58594;0.5957;0.60547;0.61523;0.625;0.63477;0.64453;0.6543;0.66406;0.67383;0.68359;0.69336;0.70313;0.71289;0.72266;0.73242;0.74219;0.75195;0.76172;0.77148;0.78125;0.79102,0.00033484799999999995;0.000513024;0.00027033600000000004;0.000100352;0.000152576;0.0012308479999999999;0.004978688;0.010339328;0.007805952;0.00705024;0.003980288;0.0030750720000000003;0.004982784;0.008856576000000001;0.018883584;0.026961919999999997;0.034071552;0.024501248;0.019325952;0.020749312;0.012877824000000001;0.01532928;0.020730879999999997;0.015859711999999998;0.009840640000000001;0.010885120000000002;0.019004415999999996;0.013427712;0.008472576;0.009537536;0.00851456;0.009146368;0.0071362560000000005;0.005507072;0.00507392;0.0046295039999999996;0.005132288;0.0075673599999999995;0.006813696;0.0040243200000000005;0.0044748800000000005;0.00464384;0.005272576;0.004667392000000001;0.003295232;0.0024719359999999997;0.0027013120000000004;0.0019824639999999998;0.0023674879999999996;0.002635776;0.0021288960000000003;0.002413568;0.0024371200000000005;0.001738752;0.002130944;0.001850368;0.0012687360000000001;0.00125952;0.001542144;0.0013352960000000001;0.001180672;0.001202176;0.000759808;0.0006144;0.000579584;0.0008765439999999999;0.000812032;0.0007280640000000001;0.000702464;0.0007116799999999999;0.00048025600000000003;0.0006092800000000001;0.00041984;0.000325632;0.0005867520000000001;0.000567296;0.000229376;0.00034304;0.00025088
1789339500,hdr,0.0293;0.03906;0.04883;0.05859;0.06836;0.07813;0.08789;0.09766;0.10742;0.11719;0.12695;0.13672;0.14648;0.15625;0.16602;0.17578;0.18555;0.19531;0.20508;0.21484;0.22461;0.23438;0.24414;0.25391;0.26367;0.27344;0.2832;0.29297;0.30273;0.3125;0.32227;0.33203;0.3418;0.35156;0.36133;0.37109;0.38086;0.39063;0.40039;0.41016;0.41992;0.42969;0.43945;0.44922;0.45898;0.46875;0.47852;0.48828;0.49805;0.50781;0.51758;0.52734;0.53711;0.54688;0.55664;0.56641;0.57617;0.58594;0.5957;0.60547;0.61523;0.625;0.63477;0.64453;0.6543;0.66406;0.67383;0.68359;0.69336;0.70313;0.71289;0.72266;0.73242;0.74219;0.75195;0.76172;0.77148;0.78125;0.79102,0.001281024;0.0031815679999999996;0.0017489920000000002;0.00142848;0.001927168;0.002910208;0.004259839999999999;0.005318656;0.007219199999999999;0.007693312;0.003966976;0.002792448;0.00421888;0.005989376;0.013349888;0.018330624;0.025055232;0.037856256;0.021914624;0.011676672;0.014383103999999999;0.018258944;0.013989888;0.006791167999999999;0.008544256000000002;0.013869056000000001;0.012950528000000001;0.009993216000000001;0.010310656;0.009229312;0.00764416;0.010249216;0.009930752000000001;0.008114176;0.0032348159999999997;0.0039495680000000005;0.003644416;0.005197823999999999;0.006288384;0.0051374079999999996;0.003950592;0.0032532480000000003;0.003162112;0.001475584;0.0017766400000000001;0.0026808319999999997;0.0037550080000000002;0.003286016;0.002330624;0.002453504;0.0016609279999999999;0.0013404159999999999;0.002321408;0.0018432000000000001;0.00134144;0.001928192;0.00151552;0.001805312;0.0012871680000000002;0.001263616;0.0014110720000000002;0.0012451839999999999;0.0009564160000000001;0.0009144320000000001;0.000745472;0.00043315199999999996;0.000594944;0.000888832;0.0007168;0.0005601279999999999;0.000510976;0.0005601279999999999;0.000531456;0.0003072;0.0005734399999999999;0.0006912;0.000386048;0.00022016;0.00024780799999999997
1789340400,hdr,0.0293;0.03906;0.04883;0.05859;0.06836;0.07813;0.08789;0.09766;0.10742;0.11719;0.12695;0.13672;0.14648;0.15625;0.16602;0.17578;0.18555;0.19531;0.20508;0.21484;0.22461;0.23438;0.24414;0.25391;0.26367;0.27344;0.2832;0.29297;0.30273;0.3125;0.32227;0.33203;0.3418;0.35156;0.36133;0.37109;0.38086;0.39063;0.40039;0.41016;0.41992;0.42969;0.43945;0.44922;0.45898;0.46875;0.47852;0.48828;0.49805;0.50781;0.51758;0.52734;0.53711;0.54688;0.55664;0.56641;0.57617;0.58594;0.5957;0.60547;0.61523;0.625;0.63477;0.64453;0.6543;0.66406;0.67383;0.68359;0.69336;0.70313;0.71289;0.72266;0.73242;0.74219;0.75195;0.76172;0.77148;0.78125;0.79102,0.000854016;0.001708032;0.001814528;0.00168448;0.001641472;0.003344384;0.0040642560000000005;0.008814592;0.007580671999999999;0.0058869759999999995;0.0032593920000000003;0.00467968;0.005353472;0.004007936;0.008980479999999999;0.014133248;0.017219584000000003;0.016852992;0.021822464;0.020112383999999997;0.014875648;0.011745279999999999;0.006413312;0.010331136000000001;0.012545024;0.010739712000000002;0.008216576;0.008095744;0.006408192;0.006513664000000001;0.008138752;0.009182207999999999;0.006915072;0.0033351680000000003;0.003883008;0.0057948159999999995;0.0062679039999999995;0.004294656;0.003059712;0.0039075839999999995;0.004174848;0.004538368;0.004091904;0.0033464320000000003;0.003035136;0.002148352;0.001787904;0.0026624;0.002269184;0.002531328;0.001688576;0.0019169279999999998;0.001241088;0.001099776;0.002034688;0.001524736;0.00123904;0.0011151359999999999;0.000823296;0.000748544;0.0009584639999999999;0.001333248;0.0008335360000000001;0.001312768;0.000826368;0.0008366080000000001;0.0007106559999999999;0.000949248;0.001180672;0.001014784;0.0006574080000000001;0.000603136;0.000502784;0.00037376;0.000456704;0.000520192;0.00055296;0.00052224;0.00047104000000000004
1789341300,hdr,0.0293;0.03906;0.04883;0.05859;0.06836;0.07813;0.08789;0.09766;0.10742;0.11719;0.12695;0.13672;0.14648;0.15625;0.16602;0.17578;0.18555;0.19531;0.20508;0.21484;0.22461;0.23438;0.24414;0.25391;0.26367;0.27344;0.2832;0.29297;0.30273;0.3125;0.32227;0.33203;0.3418;0.35156;0.36133;0.37109;0.38086;0.39063;0.40039;0.41016;0.41992;0.42969;0.43945;0.44922;0.45898;0.46875;0.47852;0.48828;0.49805;0.50781;0.51758;0.52734;0.53711;0.54688;0.55664;0.56641;0.57617;0.58594;0.5957;0.60547;0.61523;0.625;0.63477;0.64453;0.6543;0.66406;0.67383;0.68359;0.69336;0.70313;0.71289;0.72266;0.73242;0.74219;0.75195;0.76172;0.77148;0.78125;0.79102,0.000178176;0.003713024;0.005283839999999999;0.0016404479999999999;0.00351744;0.0027566080000000002;0.00298496;0.008992768;0.014114815999999999;0.008950784;0.003642368;0.00319488;0.0057794560000000005;0.008100864;0.009791488;0.015407104000000001;0.022608896;0.021483519999999996;0.019983360000000002;0.012060672;0.011175936;0.00666112;0.010604544;0.009942016000000001;0.007735296;0.008987647999999999;0.011615232;0.013170688;0.014135296;0.007289856000000001;0.005844992;0.006349824;0.006823936;0.008619008;0.006632448;0.004601856;0.00413184;0.004172799999999999;0.004922368;0.004189184;0.0027156479999999998;0.003195904;0.00242688;0.003687424;0.0026234879999999998;0.0017192959999999997;0.0022241279999999997;0.002482176;0.002213888;0.0020858880000000006;0.0024391680000000002;0.0022487040000000002;0.001507328;0.001540096;0.001043456;0.0009349119999999999;0.0009584639999999999;0.001055744;0.0011509760000000002;0.0010209280000000002;0.001027072;0.000899072;0.000933888;0.001035264;0.000842752;0.0007925759999999999;0.00045056;0.00039219200000000003;0.000592896;0.00072704;0.000676864;0.000420864;0.000305152;0.000528384;0.000398336;0.0003584;0.00043315199999999996;0.000349184;0.000356352
1789342200,hdr,0.0293;0.03906;0.04883;0.05859;0.06836;0.07813;0.08789;0.09766;0.10742;0.11719;0.12695;0.13672;0.14648;0.15625;0.16602;0.17578;0.18555;0.19531;0.20508;0.21484;0.22461;0.23438;0.24414;0.25391;0.26367;0.27344;0.2832;0.29297;0.30273;0.3125;0.32227;0.33203;0.3418;0.35156;0.36133;0.37109;0.38086;0.39063;0.40039;0.41016;0.41992;0.42969;0.43945;0.44922;0.45898;0.46875;0.47852;0.48828;0.49805;0.50781;0.51758;0.52734;0.53711;0.54688;0.55664;0.56641;0.57617;0.58594;0.5957;0.60547;0.61523;0.625;0.63477;0.64453;0.6543;0.66406;0.67383;0.68359;0.69336;0.70313;0.71289;0.72266;0.73242;0.74219;0.75195;0.76172;0.77148;0.78125;0.79102,0.00018432000000000002;0.002023424;0.0021862400000000003;0.000280576;0.0029255680000000004;0.004426751999999999;0.0029859840000000006;0.013676544;0.028774400000000002;0.012325888;0.0038799359999999996;0.0040796159999999995;0.002267136;0.003428352;0.009175039999999999;0.024206336;0.025157632;0.01888768;0.02264064;0.019301376;0.012052479999999999;0.007969792;0.009494528;0.007244799999999999;0.006580224;0.008495104;0.010981375999999998;0.008547328;0.011186175999999999;0.010389504;0.009503743999999998;0.006329344;0.00580608;0.008240128000000001;0.006934528000000001;0.004277248000000001;0.003273728;0.005693439999999999;0.004870144;0.004660224;0.004212736;0.00354304;0.002973696;0.0022353919999999997;0.0033638400000000003;0.0036239360000000003;0.002482176;0.001865728;0.001915904;0.0018083840000000001;0.00237568;0.001538048;0.001353728;0.00118784;0.001403904;0.001312768;0.0011366400000000002;0.001618944;0.00091648;0.000817152;0.000770048;0.000913408;0.001042432;0.001189888;0.0009216000000000001;0.000996352;0.000924672;0.000453632;0.000648192;0.0006021119999999999;0.00033689599999999994;0.000366592;0.000525312;0.00039936;0.000289792;0.000169984;0.00018227199999999998;0.00029491200000000004;0.000344064
1789343100,hdr,0.0293;0.03906;0.04883;0.05859;0.06836;0.07813;0.08789;0.09766;0.10742;0.11719;0.12695;0.13672;0.14648;0.15625;0.16602;0.17578;0.18555;0.19531;0.20508;0.21484;0.22461;0.23438;0.24414;0.25391;0.26367;0.27344;0.2832;0.29297;0.30273;0.3125;0.32227;0.33203;0.3418;0.35156;0.36133;0.37109;0.38086;0.39063;0.40039;0.41016;0.41992;0.42969;0.43945;0.44922;0.45898;0.46875;0.47852;0.48828;0.49805;0.50781;0.51758;0.52734;0.53711;0.54688;0.55664;0.56641;0.57617;0.58594;0.5957;0.60547;0.61523;0.625;0.63477;0.64453;0.6543;0.66406;0.67383;0.68359;0.69336;0.70313;0.71289;0.72266;0.73242;0.74219;0.75195;0.76172;0.77148;0.78125;0.79102,0.00041062399999999995;0.000937984;0.0014796800000000001;0.001631232;0.001878016;0.0037550080000000002;0.004636672;0.00533504;0.007401472;0.011061248000000001;0.006211584;0.0026112;0.0022814719999999997;0.00562176;0.017467391999999998;0.033072128;0.023085056;0.016236544;0.016747520000000002;0.013690879999999999;0.008708096;0.013641728;0.010447871999999999;0.007943168;0.007270400000000001;0.009338879999999999;0.010287104;0.007586816;0.006970367999999999;0.01019392;0.005665791999999999;0.004835328;0.00551424;0.00486912;0.00494592;0.006293504000000001;0.0063774719999999995;0.006272;0.004851712;0.004237312;0.0033873920000000004;0.003268608;0.003103744;0.004588544;0.002977792;0.002284544;0.0025292799999999996;0.002945024;0.0028549120000000002;0.0019466239999999999;0.001789952;0.001603584;0.001161216;0.0012185600000000003;0.001052672;0.001652736;0.001542144;0.001209344;0.000893952;0.0009615359999999999;0.000905216;0.000847872;0.0007413760000000001;0.00045056;0.000493568;0.000284672;0.00044339199999999997;0.000423936;0.00037888;0.000289792;0.00037888;0.000319488;0.000352256;0.000390144;0.000320512;0.00026521600000000003;0.000303104;0.00037376;0.000242688
