Epoch Time,Processing Source,f,varianceDensity
1788307200,hdr,0.0293;0.03906;0.04883;0.05859;0.06836;0.07813;0.08789;0.09766;0.10742;0.11719;0.12695;0.13672;0.14648;0.15625;0.16602;0.17578;0.18555;0.19531;0.20508;0.21484;0.22461;0.23438;0.24414;0.25391;0.26367;0.27344;0.2832;0.29297;0.30273;0.3125;0.32227;0.33203;0.3418;0.35156;0.36133;0.37109;0.38086;0.39063;0.40039;0.41016;0.41992;0.42969;0.43945;0.44922;0.45898;0.46875;0.47852;0.48828;0.49805;0.50781;0.51758;0.52734;0.53711;0.54688;0.55664;0.56641;0.57617;0.58594;0.5957;0.60547;0.61523;0.625;0.63477;0.64453;0.6543;0.66406;0.67383;0.68359;0.69336;0.70313;0.71289;0.72266;0.73242;0.74219;0.75195;0.76172;0.77148;0.78125;0.79102,0.000548864;0.002982912;0.003714048;0.002353152;0.0063395840000000005;0.004078592000000001;0.004892672000000001;0.004854784000000001;0.004822015999999999;0.004533248;0.003150848;0.002763776;0.002195456;0.001166336;0.000923648;0.0013905920000000002;0.002021376;0.003057664;0.003408896;0.004020223999999999;0.00392192;0.002142208;0.00167936;0.001948672;0.001980416;0.0022732800000000004;0.0024801280000000003;0.002348032;0.003121152;0.005499904;0.012284928;0.012362752000000001;0.017973248000000004;0.015956992;0.009915392;0.008195072;0.009183232;0.009996288;0.008627200000000002;0.008599552;0.008153088000000001;0.006746112;0.005144576;0.0037396479999999995;0.0033812479999999995;0.0039168;0.004232192;0.00334848;0.001893376;0.001902592;0.0015103999999999999;0.001649664;0.00160768;0.001016832;0.0008663039999999999;0.0011212799999999999;0.00136192;0.001222656;0.0012072959999999998;0.000907264;0.000723968;0.0010813440000000001;0.000780288;0.00040755200000000004;0.00047104000000000004;0.00054272;0.00067584;0.000535552;0.000524288;0.00041062399999999995;0.00036864000000000005;0.00032870400000000003;0.00020889599999999997;0.000190464;0.00023142399999999999;0.000210944;0.00015052799999999998;0.000118784;0.000120832
1788308100,hdr,0.0293;0.03906;0.04883;0.05859;0.06836;0.07813;0.08789;0.09766;0.10742;0.11719;0.12695;0.13672;0.14648;0.15625;0.16602;0.17578;0.18555;0.19531;0.20508;0.21484;0.22461;0.23438;0.24414;0.25391;0.26367;0.27344;0.2832;0.29297;0.30273;0.3125;0.32227;0.33203;0.3418;0.35156;0.36133;0.37109;0.38086;0.39063;0.40039;0.41016;0.41992;0.42969;0.43945;0.44922;0.45898;0.46875;0.47852;0.48828;0.49805;0.50781;0.51758;0.52734;0.53711;0.54688;0.55664;0.56641;0.57617;0.58594;0.5957;0.60547;0.61523;0.625;0.63477;0.64453;0.6543;0.66406;0.67383;0.68359;0.69336;0.70313;0.71289;0.72266;0.73242;0.74219;0.75195;0.76172;0.77148;0.78125;0.79102,0.001702912;0.003176448;0.00336896;0.003477504;0.009430016;0.010995712;0.007604224000000001;0.0040366080000000006;0.00351744;0.005175296;0.003021824;0.001862656;0.00187392;0.0011919360000000002;0.001185792;0.001195008;0.002398208;0.003248128;0.003864576;0.003074048;0.00199168;0.001087488;0.001113088;0.0013793280000000002;0.001337344;0.001824768;0.002418688;0.003411968;0.004672512;0.00566784;0.008174592000000001;0.007899136000000001;0.013104128;0.010558464;0.008927232;0.007232512;0.005480448000000001;0.004378624000000001;0.005830656;0.003892224;0.00498176;0.003469312;0.00357376;0.00448;0.004247552;0.004772864000000001;0.0036382720000000006;0.003509248;0.001911808;0.001931264;0.00221184;0.0017848319999999999;0.0016302080000000002;0.001750016;0.0017121280000000003;0.000985088;0.000896;0.0011120639999999998;0.001306624;0.001164288;0.000529408;0.000497664;0.00040345599999999995;0.0007055360000000001;0.000647168;0.000671744;0.0006123519999999999;0.000408576;0.00030924800000000003;0.000315392;0.000282624;0.00027033600000000004;0.000381952;0.000375808;0.00030617599999999996;0.000272384;0.000190464;0.00016896;0.000180224
1788309000,hdr,0.0293;0.03906;0.04883;0.05859;0.06836;0.07813;0.08789;0.09766;0.10742;0.11719;0.12695;0.13672;0.14648;0.15625;0.16602;0.17578;0.18555;0.19531;0.20508;0.21484;0.22461;0.23438;0.24414;0.25391;0.26367;0.27344;0.2832;0.29297;0.30273;0.3125;0.32227;0.33203;0.3418;0.35156;0.36133;0.37109;0.38086;0.39063;0.40039;0.41016;0.41992;0.42969;0.43945;0.44922;0.45898;0.46875;0.47852;0.48828;0.49805;0.50781;0.51758;0.52734;0.53711;0.54688;0.55664;0.56641;0.57617;0.58594;0.5957;0.60547;0.61523;0.625;0.63477;0.64453;0.6543;0.66406;0.67383;0.68359;0.69336;0.70313;0.71289;0.72266;0.73242;0.74219;0.75195;0.76172;0.77148;0.78125;0.79102,0.000398336;0.0009605120000000001;0.0022026240000000002;0.00178176;0.005303295999999999;0.0033617919999999997;0.0022855680000000004;0.004797439999999999;0.004124672;0.0033208319999999997;0.0028723200000000003;0.001004544;0.0006041600000000001;0.001258496;0.00207872;0.0021872639999999995;0.0021442559999999998;0.0034406400000000005;0.0053340160000000005;0.001902592;0.0039168;0.002660352;0.001959936;0.002358272;0.002865152;0.00253952;0.002633728;0.0040366080000000006;0.004011008;0.0058347519999999995;0.0066211840000000004;0.006411264;0.006320128;0.0069324799999999995;0.008359936;0.006239232;0.00817664;0.0070246399999999995;0.004343808;0.0057968640000000005;0.006218752;0.005756928;0.003781632;0.00371712;0.002927616;0.003588096;0.002837504;0.0017663999999999998;0.001664;0.002116608;0.00150016;0.0013557760000000002;0.001624064;0.001337344;0.001359872;0.00117248;0.0007413760000000001;0.001307648;0.001301504;0.000847872;0.0005857280000000001;0.000503808;0.00082432;0.0009615359999999999;0.0007495679999999999;0.000525312;0.00029593599999999995;0.000384;0.000493568;0.00036147200000000005;0.000263168;0.00031129599999999997;0.000242688;0.00018227199999999998;0.000180224;0.00019968;0.00017715200000000003;0.000188416;0.000183296
1788309900,hdr,0.0293;0.03906;0.04883;0.05859;0.06836;0.07813;0.08789;0.09766;0.10742;0.11719;0.12695;0.13672;0.14648;0.15625;0.16602;0.17578;0.18555;0.19531;0.20508;0.21484;0.22461;0.23438;0.24414;0.25391;0.26367;0.27344;0.2832;0.29297;0.30273;0.3125;0.32227;0.33203;0.3418;0.35156;0.36133;0.37109;0.38086;0.39063;0.40039;0.41016;0.41992;0.42969;0.43945;0.44922;0.45898;0.46875;0.47852;0.48828;0.49805;0.50781;0.51758;0.52734;0.53711;0.54688;0.55664;0.56641;0.57617;0.58594;0.5957;0.60547;0.61523;0.625;0.63477;0.64453;0.6543;0.66406;0.67383;0.68359;0.69336;0.70313;0.71289;0.72266;0.73242;0.74219;0.75195;0.76172;0.77148;0.78125;0.79102,0.0009625599999999999;0.0012072959999999998;0.000987136;0.0008601600000000001;0.00310784;0.006530048;0.006319104;0.00654848;0.006100992;0.0017889280000000002;0.00134656;0.00118272;0.0012001280000000002;0.001098752;0.0009625599999999999;0.001635328;0.00176128;0.001302528;0.0019937279999999997;0.003451904;0.00442368;0.002553856;0.001374208;0.001323008;0.002169856;0.0023848959999999996;0.00267264;0.0031160320000000004;0.003961856000000001;0.0035010560000000002;0.005737472;0.00986112;0.009120768;0.0076892160000000005;0.00676864;0.007616512000000001;0.0049080320000000005;0.0040396799999999995;0.005352448;0.004296704;0.002829312;0.00313856;0.004540415999999999;0.00484352;0.00398336;0.0025917439999999996;0.00293888;0.0025651199999999997;0.001903616;0.001759232;0.001890304;0.000996352;0.0007843840000000001;0.00081408;0.000825344;0.0008929280000000001;0.000863232;0.000992256;0.0007884799999999999;0.000754688;0.000812032;0.000671744;0.00042598399999999997;0.0005406720000000001;0.000456704;0.000398336;0.00041984;0.00043110399999999997;0.000436224;0.000339968;0.000357376;0.000195584;0.00014848;0.000190464;0.000200704;0.000195584;0.00015462400000000002;0.000126976;0.00014848
1788311700,hdr,0.0293;0.03906;0.04883;0.05859;0.06836;0.07813;0.08789;0.09766;0.10742;0.11719;0.12695;0.13672;0.14648;0.15625;0.16602;0.17578;0.18555;0.19531;0.20508;0.21484;0.22461;0.23438;0.24414;0.25391;0.26367;0.27344;0.2832;0.29297;0.30273;0.3125;0.32227;0.33203;0.3418;0.35156;0.36133;0.37109;0.38086;0.39063;0.40039;0.41016;0.41992;0.42969;0.43945;0.44922;0.45898;0.46875;0.47852;0.48828;0.49805;0.50781;0.51758;0.52734;0.53711;0.54688;0.55664;0.56641;0.57617;0.58594;0.5957;0.60547;0.61523;0.625;0.63477;0.64453;0.6543;0.66406;0.67383;0.68359;0.69336;0.70313;0.71289;0.72266;0.73242;0.74219;0.75195;0.76172;0.77148;0.78125;0.79102,0.00010137599999999999;0.000764928;0.001738752;0.000601088;0.002601984;0.0031938559999999997;0.004342784;0.004518912;0.004637696;0.003451904;0.002310144;0.001875968;0.0010209280000000002;0.001468416;0.001560576;0.0022538239999999998;0.0029655040000000003;0.002829312;0.0018687999999999999;0.002066432;0.003130368;0.0029122560000000002;0.002172928;0.001872896;0.001987584;0.001975296;0.00203776;0.0031703039999999997;0.0041093119999999995;0.0057446400000000005;0.007414784;0.005516288;0.0040642560000000005;0.0120576;0.010072063999999999;0.005986304;0.0059985920000000005;0.00499712;0.004794368;0.006770688;0.004166656;0.00377856;0.0029880320000000003;0.002578432;0.0027852800000000002;0.002231296;0.002004992;0.002219008;0.0023470080000000003;0.001878016;0.0017643519999999998;0.00087552;0.00088576;0.0010127360000000002;0.00083968;0.000646144;0.000631808;0.00062464;0.00051712;0.000676864;0.000512;0.000468992;0.0005898240000000001;0.000384;0.000216064;0.000339968;0.00036864000000000005;0.000375808;0.00027136;0.000256;0.00021299199999999998;0.000141312;0.000191488;0.00018432000000000002;0.00016384;0.000178176;0.00017100799999999997;9.8304e-05;7.9872e-05
1788312600,hdr,0.0293;0.03906;0.04883;0.05859;0.06836;0.07813;0.08789;0.09766;0.10742;0.11719;0.12695;0.13672;0.14648;0.15625;0.16602;0.17578;0.18555;0.19531;0.20508;0.21484;0.22461;0.23438;0.24414;0.25391;0.26367;0.27344;0.2832;0.29297;0.30273;0.3125;0.32227;0.33203;0.3418;0.35156;0.36133;0.37109;0.38086;0.39063;0.40039;0.41016;0.41992;0.42969;0.43945;0.44922;0.45898;0.46875;0.47852;0.48828;0.49805;0.50781;0.51758;0.52734;0.53711;0.54688;0.55664;0.56641;0.57617;0.58594;0.5957;0.60547;0.61523;0.625;0.63477;0.64453;0.6543;0.66406;0.67383;0.68359;0.69336;0.70313;0.71289;0.72266;0.73242;0.74219;0.75195;0.76172;0.77148;0.78125;0.79102,0.000395264;0.00030208000000000004;0.0004352;0.00035532799999999997;0.0013905920000000002;0.0046223359999999995;0.004099072;0.00320512;0.004298752;0.004282368000000001;0.0024064;0.0016291839999999999;0.0013475839999999998;0.000867328;0.0006092800000000001;0.001359872;0.0026286079999999997;0.001903616;0.0029655040000000003;0.0027842559999999997;0.0026480640000000003;0.0024616959999999998;0.002757632;0.002332672;0.0018718720000000001;0.002356224;0.003309568;0.004013055999999999;0.006794240000000001;0.007929855999999999;0.004130816000000001;0.005139456;0.0060672;0.008328192;0.00476672;0.004158464;0.007708672;0.0070492160000000005;0.007425024;0.004404224;0.003675136;0.003597312;0.003500032;0.002967552;0.00279552;0.0015687680000000001;0.0014243840000000001;0.001496064;0.00171008;0.001528832;0.001292288;0.001243136;0.0008663039999999999;0.0015103999999999999;0.00129024;0.001158144;0.00125952;0.0006850560000000001;0.000704512;0.00047923199999999995;0.000529408;0.0005888;0.000418816;0.000493568;0.000475136;0.000393216;0.00030208000000000004;0.000258048;0.00028569600000000005;0.00025497599999999997;0.00020992;0.000114688;0.00014950399999999998;0.00019968;8.6016e-05;0.000116736;0.00012390399999999998;0.00010137599999999999;0.000118784
1788313500,hdr,0.0293;0.03906;0.04883;0.05859;0.06836;0.07813;0.08789;0.09766;0.10742;0.11719;0.12695;0.13672;0.14648;0.15625;0.16602;0.17578;0.18555;0.19531;0.20508;0.21484;0.22461;0.23438;0.24414;0.25391;0.26367;0.27344;0.2832;0.29297;0.30273;0.3125;0.32227;0.33203;0.3418;0.35156;0.36133;0.37109;0.38086;0.39063;0.40039;0.41016;0.41992;0.42969;0.43945;0.44922;0.45898;0.46875;0.47852;0.48828;0.49805;0.50781;0.51758;0.52734;0.53711;0.54688;0.55664;0.56641;0.57617;0.58594;0.5957;0.60547;0.61523;0.625;0.63477;0.64453;0.6543;0.66406;0.67383;0.68359;0.69336;0.70313;0.71289;0.72266;0.73242;0.74219;0.75195;0.76172;0.77148;0.78125;0.79102,9.5232e-05;0.000493568;0.000434176;0.001662976;0.007236608;0.012488704;0.005654528000000001;0.004857856;0.004716544;0.003237888;0.0027791359999999998;0.00198656;0.000871424;0.0006604799999999999;0.0008366080000000001;0.0010127360000000002;0.002622464;0.00233984;0.0021207039999999997;0.0015769599999999999;0.001575936;0.002212864;0.0016936960000000002;0.0021268479999999998;0.0020756480000000002;0.0037928959999999996;0.004564992;0.003710976;0.004570112;0.004373504;0.00743936;0.005568511999999999;0.005587968;0.004907008;0.003248128;0.002996224;0.004235264;0.004412416;0.0043008000000000005;0.003165184;0.002225152;0.0037591039999999997;0.003508224;0.002816;0.0028487680000000002;0.002776064;0.0015493120000000002;0.0011212799999999999;0.00121344;0.0010956800000000001;0.00111104;0.000918528;0.000937984;0.0007557120000000001;0.000763904;0.0010014719999999998;0.000905216;0.000837632;0.000872448;0.0006830079999999999;0.000672768;0.000534528;0.000413696;0.000344064;0.000226304;0.000221184;0.00023142399999999999;0.00021401600000000003;0.000173056;0.00029388799999999996;0.000356352;0.000347136;0.00019456;0.000246784;0.000249856;0.00010752000000000001;0.000120832;0.00011264;9.216000000000001e-05
1788314400,hdr,0.0293;0.03906;0.04883;0.05859;0.06836;0.07813;0.08789;0.09766;0.10742;0.11719;0.12695;0.13672;0.14648;0.15625;0.16602;0.17578;0.18555;0.19531;0.20508;0.21484;0.22461;0.23438;0.24414;0.25391;0.26367;0.27344;0.2832;0.29297;0.30273;0.3125;0.32227;0.33203;0.3418;0.35156;0.36133;0.37109;0.38086;0.39063;0.40039;0.41016;0.41992;0.42969;0.43945;0.44922;0.45898;0.46875;0.47852;0.48828;0.49805;0.50781;0.51758;0.52734;0.53711;0.54688;0.55664;0.56641;0.57617;0.58594;0.5957;0.60547;0.61523;0.625;0.63477;0.64453;0.6543;0.66406;0.67383;0.68359;0.69336;0.70313;0.71289;0.72266;0.73242;0.74219;0.75195;0.76172;0.77148;0.78125;0.79102,0.000278528;0.0007884799999999999;0.0013639680000000001;0.001864704;0.00187904;0.002996224;0.003373056;0.0031375360000000002;0.0036976640000000002;0.0035010560000000002;0.0012032;0.001325056;0.000915456;0.000909312;0.0015493120000000002;0.001867776;0.00131072;0.001814528;0.0024811519999999995;0.0018288640000000001;0.001865728;0.00165376;0.001651712;0.00126976;0.0012113920000000002;0.002494464;0.0033884159999999996;0.0036864000000000003;0.005284863999999999;0.0060835839999999995;0.006565888;0.004224;0.0049233919999999995;0.006074367999999999;0.005762048;0.004793344;0.002686976;0.004205568;0.00470528;0.004083712000000001;0.00504832;0.003677184;0.0022097920000000004;0.002275328;0.002464768;0.002254848;0.001746944;0.00155648;0.001325056;0.001176576;0.0010496000000000001;0.001139712;0.0011755519999999998;0.0013219840000000002;0.0014847999999999999;0.0008345599999999999;0.0005324799999999999;0.000385024;0.000360448;0.00046489599999999996;0.000550912;0.0004352;0.00035532799999999997;0.0002816;0.00037888;0.00039628799999999996;0.000237568;0.00026521600000000003;0.000188416;0.00018227199999999998;0.00017715200000000003;0.00013824;0.00014335999999999998;0.00012185600000000001;0.000100352;0.000116736;8.4992e-05;0.00011161600000000001;9.5232e-05
1788315300,hdr,0.0293;0.03906;0.04883;0.05859;0.06836;0.07813;0.08789;0.09766;0.10742;0.11719;0.12695;0.13672;0.14648;0.15625;0.16602;0.17578;0.18555;0.19531;0.20508;0.21484;0.22461;0.23438;0.24414;0.25391;0.26367;0.27344;0.2832;0.29297;0.30273;0.3125;0.32227;0.33203;0.3418;0.35156;0.36133;0.37109;0.38086;0.39063;0.40039;0.41016;0.41992;0.42969;0.43945;0.44922;0.45898;0.46875;0.47852;0.48828;0.49805;0.50781;0.51758;0.52734;0.53711;0.54688;0.55664;0.56641;0.57617;0.58594;0.5957;0.60547;0.61523;0.625;0.63477;0.64453;0.6543;0.66406;0.67383;0.68359;0.69336;0.70313;0.71289;0.72266;0.73242;0.74219;0.75195;0.76172;0.77148;0.78125;0.79102,0.000603136;0.001005568;0.00087552;0.001620992;0.008159231999999999;0.0051722240000000004;0.002337792;0.004988928;0.004677631999999999;0.007762944000000001;0.005273600000000001;0.001646592;0.0008069119999999999;0.00059904;0.0008325120000000001;0.00167936;0.002180096;0.002746368;0.002763776;0.002847744;0.002116608;0.0024852480000000002;0.002501632;0.002226176;0.00221184;0.002220032;0.0031733760000000003;0.002615296;0.003710976;0.004661248;0.010151936;0.008782848;0.005619712;0.004453375999999999;0.0055296;0.004829183999999999;0.003687424;0.003629056;0.0033300480000000004;0.003039232;0.002729984;0.002254848;0.001716224;0.001750016;0.002082816;0.0020746239999999997;0.0023674879999999996;0.0014530559999999999;0.0012001280000000002;0.001288192;0.001009664;0.0009400319999999999;0.00116224;0.001408;0.001129472;0.001107968;0.000628736;0.000439296;0.000548864;0.000565248;0.00047206399999999996;0.00042496;0.000272384;0.00027340799999999994;0.000344064;0.00032870400000000003;0.00022016;0.000110592;0.000193536;0.00021504000000000003;0.00021299199999999998;0.000217088;0.00019968;0.00014540800000000003;8.8064e-05;7.372800000000001e-05;0.000103424;0.000124928;0.000103424
1788316200,hdr,0.0293;0.03906;0.04883;0.05859;0.06836;0.07813;0.08789;0.09766;0.10742;0.11719;0.12695;0.13672;0.14648;0.15625;0.16602;0.17578;0.18555;0.19531;0.20508;0.21484;0.22461;0.23438;0.24414;0.25391;0.26367;0.27344;0.2832;0.29297;0.30273;0.3125;0.32227;0.33203;0.3418;0.35156;0.36133;0.37109;0.38086;0.39063;0.40039;0.41016;0.41992;0.42969;0.43945;0.44922;0.45898;0.46875;0.47852;0.48828;0.49805;0.50781;0.51758;0.52734;0.53711;0.54688;0.55664;0.56641;0.57617;0.58594;0.5957;0.60547;0.61523;0.625;0.63477;0.64453;0.6543;0.66406;0.67383;0.68359;0.69336;0.70313;0.71289;0.72266;0.73242;0.74219;0.75195;0.76172;0.77148;0.78125;0.79102,0.000320512;0.0004956159999999999;0.0003584;0.000451584;0.002586624;0.004719616;0.002981888;0.003454976;0.004194304;0.003584;0.0022476799999999997;0.0026900479999999996;0.001265664;0.000813056;0.0011417600000000001;0.001383424;0.00232448;0.001799168;0.0022353919999999997;0.003464192;0.002238464;0.0011161600000000002;0.001997824;0.001548288;0.001316864;0.002951168;0.003231744;0.003298304;0.007041024000000001;0.009090047999999998;0.010385407999999999;0.010459136;0.007438335999999999;0.007465983999999999;0.0068096;0.0046694399999999995;0.0041809920000000006;0.002354176;0.0036311040000000004;0.00481792;0.0027136;0.002566144;0.0021032959999999997;0.0021780479999999997;0.002864128;0.002310144;0.00123904;0.001798144;0.00157184;0.0010475520000000002;0.0007168;0.00061952;0.000704512;0.0006277120000000001;0.0009738240000000001;0.0009625599999999999;0.000666624;0.00044646400000000004;0.000535552;0.000492544;0.000458752;0.00024576000000000003;0.00028774400000000004;0.00023961599999999998;0.000173056;0.00021913599999999998;0.000256;0.000222208;0.00018432000000000002;0.000132096;0.000141312;0.000144384;8.704000000000001e-05;6.0416e-05;6.655999999999999e-05;0.000132096;0.00011776000000000001;8.9088e-05;6.3488e-05
1788317100,hdr,0.0293;0.03906;0.04883;0.05859;0.06836;0.07813;0.08789;0.09766;0.10742;0.11719;0.12695;0.13672;0.14648;0.15625;0.16602;0.17578;0.18555;0.19531;0.20508;0.21484;0.22461;0.23438;0.24414;0.25391;0.26367;0.27344;0.2832;0.29297;0.30273;0.3125;0.32227;0.33203;0.3418;0.35156;0.36133;0.37109;0.38086;0.39063;0.40039;0.41016;0.41992;0.42969;0.43945;0.44922;0.45898;0.46875;0.47852;0.48828;0.49805;0.50781;0.51758;0.52734;0.53711;0.54688;0.55664;0.56641;0.57617;0.58594;0.5957;0.60547;0.61523;0.625;0.63477;0.64453;0.6543;0.66406;0.67383;0.68359;0.69336;0.70313;0.71289;0.72266;0.73242;0.74219;0.75195;0.76172;0.77148;0.78125;0.79102,0.0005724160000000001;0.000831488;0.00010137599999999999;5.4272e-05;0.00090624;0.002660352;0.003282944;0.007123968;0.003591168;0.0026941440000000003;0.00136704;0.001079296;0.00088064;0.000831488;0.0008468480000000001;0.000852992;0.0010680320000000002;0.0014704639999999999;0.001941504;0.002234368;0.0015493120000000002;0.0023132160000000003;0.0028057599999999996;0.002424832;0.0030945279999999996;0.002219008;0.002637824;0.0029870079999999998;0.003736576;0.005994496;0.006736896;0.004558848;0.00681984;0.008410111999999999;0.007809024;0.005854208;0.004372480000000001;0.004902912;0.004758528000000001;0.002654208;0.002062336;0.002929664;0.0035450879999999996;0.002451456;0.002336768;0.002579456;0.0023511039999999997;0.001538048;0.0010455039999999998;0.0010721279999999999;0.0012185600000000003;0.001521664;0.0009594880000000001;0.000805888;0.00075264;0.0008744960000000001;0.000771072;0.0004352;0.00035430400000000006;0.000610304;0.00048025600000000003;0.000305152;0.000319488;0.00034099200000000003;0.000160768;0.00014540800000000003;0.000180224;0.00017100799999999997;0.000176128;0.00011776000000000001;0.000103424;0.000124928;0.00011980799999999999;0.00011161600000000001;9.8304e-05;9.5232e-05;7.8848e-05;9.728e-05;8.0896e-05
1788318000,hdr,0.0293;0.03906;0.04883;0.05859;0.06836;0.07813;0.08789;0.09766;0.10742;0.11719;0.12695;0.13672;0.14648;0.15625;0.16602;0.17578;0.18555;0.19531;0.20508;0.21484;0.22461;0.23438;0.24414;0.25391;0.26367;0.27344;0.2832;0.29297;0.30273;0.3125;0.32227;0.33203;0.3418;0.35156;0.36133;0.37109;0.38086;0.39063;0.40039;0.41016;0.41992;0.42969;0.43945;0.44922;0.45898;0.46875;0.47852;0.48828;0.49805;0.50781;0.51758;0.52734;0.53711;0.54688;0.55664;0.56641;0.57617;0.58594;0.5957;0.60547;0.61523;0.625;0.63477;0.64453;0.6543;0.66406;0.67383;0.68359;0.69336;0.70313;0.71289;0.72266;0.73242;0.74219;0.75195;0.76172;0.77148;0.78125;0.79102,0.000644096;0.000688128;0.0007014399999999999;0.000411648;0.0024104960000000003;0.005822464;0.00362496;0.00623616;0.007402496;0.004877312;0.003175424;0.002459648;0.00137216;0.0009420800000000001;0.00088064;0.001333248;0.001948672;0.0022978559999999996;0.002236416;0.002546688;0.0021442559999999998;0.00146432;0.0025835520000000002;0.0024166400000000003;0.001728512;0.001524736;0.002134016;0.0037591039999999997;0.003255296;0.004627455999999999;0.006856704;0.008131583999999999;0.009371648000000002;0.0064256;0.006690816;0.008152063999999999;0.0055060479999999995;0.004690944000000001;0.0024166400000000003;0.002502656;0.0032768000000000003;0.003712;0.002863104;0.0012032;0.0017459199999999998;0.0018810880000000002;0.00167936;0.001422336;0.001586176;0.001168384;0.00103424;0.000740352;0.000867328;0.001388544;0.000922624;0.000406528;0.000349184;0.000544768;0.0005324799999999999;0.000351232;0.00028671999999999997;0.00040243200000000004;0.000366592;0.00029081600000000006;0.000196608;0.000165888;0.00017715200000000003;0.000136192;0.00019865600000000002;0.00016896;0.000136192;0.000134144;0.000118784;9.8304e-05;0.00014540800000000003;0.000125952;6.9632e-05;6.4512e-05;8.6016e-05
1788318900,hdr,0.0293;0.03906;0.04883;0.05859;0.06836;0.07813;0.08789;0.09766;0.10742;0.11719;0.12695;0.13672;0.14648;0.15625;0.16602;0.17578;0.18555;0.19531;0.20508;0.21484;0.22461;0.23438;0.24414;0.25391;0.26367;0.27344;0.2832;0.29297;0.30273;0.3125;0.32227;0.33203;0.3418;0.35156;0.36133;0.37109;0.38086;0.39063;0.40039;0.41016;0.41992;0.42969;0.43945;0.44922;0.45898;0.46875;0.47852;0.48828;0.49805;0.50781;0.51758;0.52734;0.53711;0.54688;0.55664;0.56641;0.57617;0.58594;0.5957;0.60547;0.61523;0.625;0.63477;0.64453;0.6543;0.66406;0.67383;0.68359;0.69336;0.70313;0.71289;0.72266;0.73242;0.74219;0.75195;0.76172;0.77148;0.78125;0.79102,0.0006574080000000001;0.0015656959999999999;0.00266752;0.0006502400000000001;0.0011735040000000001;0.003013632;0.004129792;0.010039296;0.010445824000000001;0.008496128;0.006065152;0.0035276800000000005;0.001309696;0.000663552;0.000785408;0.001376256;0.001759232;0.001309696;0.0017203200000000002;0.002469888;0.002417664;0.0018432000000000001;0.001564672;0.002000896;0.002719744;0.002420736;0.0028927999999999996;0.003559424;0.005188608;0.004996095999999999;0.005041152;0.012095488;0.013494272000000002;0.012430336000000002;0.008379392;0.00528896;0.005283839999999999;0.004887552000000001;0.004976639999999999;0.004653056000000001;0.003180544;0.002907136;0.0022702079999999997;0.001610752;0.001929216;0.0015943679999999999;0.0014233599999999998;0.001513472;0.001414144;0.0009615359999999999;0.000775168;0.0008601600000000001;0.0012400640000000001;0.0008509440000000001;0.000881664;0.000881664;0.00061952;0.00027648;0.000503808;0.00054272;0.000750592;0.0005959680000000001;0.0003328;0.000274432;0.000210944;0.00014848;0.00020992;0.000278528;0.000159744;0.00014335999999999998;0.00016384;0.000142336;0.000118784;0.00010444799999999999;7.270400000000001e-05;5.222399999999999e-05;7.782399999999999e-05;8.0896e-05;6.2464e-05
1788319800,hdr,0.0293;0.03906;0.04883;0.05859;0.06836;0.07813;0.08789;0.09766;0.10742;0.11719;0.12695;0.13672;0.14648;0.15625;0.16602;0.17578;0.18555;0.19531;0.20508;0.21484;0.22461;0.23438;0.24414;0.25391;0.26367;0.27344;0.2832;0.29297;0.30273;0.3125;0.32227;0.33203;0.3418;0.35156;0.36133;0.37109;0.38086;0.39063;0.40039;0.41016;0.41992;0.42969;0.43945;0.44922;0.45898;0.46875;0.47852;0.48828;0.49805;0.50781;0.51758;0.52734;0.53711;0.54688;0.55664;0.56641;0.57617;0.58594;0.5957;0.60547;0.61523;0.625;0.63477;0.64453;0.6543;0.66406;0.67383;0.68359;0.69336;0.70313;0.71289;0.72266;0.73242;0.74219;0.75195;0.76172;0.77148;0.78125;0.79102,0.0005980159999999999;0.001957888;0.00290816;0.000781312;0.002106368;0.002015232;0.0024954879999999997;0.008482815999999999;0.009029632;0.005710848;0.004525056;0.0036720640000000005;0.0022927360000000005;0.001570816;0.0010373119999999999;0.0012154879999999998;0.0018135039999999999;0.0023019520000000003;0.002060288;0.00180224;0.002280448;0.001915904;0.002337792;0.001995776;0.00229888;0.001984512;0.001247232;0.0023388159999999996;0.002477056;0.004124672;0.005588992;0.0073216;0.006636544;0.008796159999999999;0.006110208000000001;0.004967424;0.005141504;0.003633152;0.004976639999999999;0.004557824;0.003047424;0.0032511999999999997;0.002618368;0.0025917439999999996;0.001980416;0.001408;0.001225728;0.00125952;0.0015779840000000002;0.001050624;0.00136192;0.0007843840000000001;0.000507904;0.0007946240000000001;0.000765952;0.000349184;0.000382976;0.00047206399999999996;0.0006932479999999999;0.0005867520000000001;0.00040550399999999994;0.000525312;0.000441344;0.000310272;0.000191488;0.000272384;0.000120832;9.113599999999999e-05;0.000140288;0.000140288;0.000144384;0.00014848;0.000124928;0.000100352;7.475199999999999e-05;9.6256e-05;7.9872e-05;7.270400000000001e-05;7.5776e-05
1788320700,hdr,0.0293;0.03906;0.04883;0.05859;0.06836;0.07813;0.08789;0.09766;0.10742;0.11719;0.12695;0.13672;0.14648;0.15625;0.16602;0.17578;0.18555;0.19531;0.20508;0.21484;0.22461;0.23438;0.24414;0.25391;0.26367;0.27344;0.2832;0.29297;0.30273;0.3125;0.32227;0.33203;0.3418;0.35156;0.36133;0.37109;0.38086;0.39063;0.40039;0.41016;0.41992;0.42969;0.43945;0.44922;0.45898;0.46875;0.47852;0.48828;0.49805;0.50781;0.51758;0.52734;0.53711;0.54688;0.55664;0.56641;0.57617;0.58594;0.5957;0.60547;0.61523;0.625;0.63477;0.64453;0.6543;0.66406;0.67383;0.68359;0.69336;0.70313;0.71289;0.72266;0.73242;0.74219;0.75195;0.76172;0.77148;0.78125;0.79102,4.096e-06;0.0022015999999999997;0.0027893759999999997;0.000152576;0.002618368;0.004941824000000001;0.005029888;0.006505472;0.012070912;0.008722431999999999;0.0059811840000000005;0.004120576;0.0022835200000000003;0.0018831359999999999;0.001277952;0.001024;0.001803264;0.0017489920000000002;0.0020490240000000004;0.002752512;0.002377728;0.0020797439999999997;0.002418688;0.002674688;0.003305472;0.002217984;0.00246784;0.003898368;0.0039936;0.004245504000000001;0.008593408;0.014003199999999999;0.013469696;0.010163199999999999;0.011712512000000001;0.007638016000000001;0.0044031999999999995;0.004198400000000001;0.004368384;0.003442688;0.003680256;0.004636672;0.0027105280000000002;0.001972224;0.0035481600000000003;0.003712;0.0017674240000000003;0.001579008;0.0015943679999999999;0.0013946879999999998;0.001570816;0.0010127360000000002;0.000720896;0.000740352;0.00075776;0.0008304639999999999;0.0006676480000000001;0.0006574080000000001;0.000449536;0.000321536;0.00028671999999999997;0.000408576;0.00042496;0.000200704;0.00032768;0.000207872;0.00017100799999999997;0.000180224;0.000205824;0.00018739199999999998;0.000172032;0.000224256;0.000222208;0.000200704;0.000139264;0.00011980799999999999;7.68e-05;5.7344e-05;0.000100352
1788321600,hdr,0.0293;0.03906;0.04883;0.05859;0.06836;0.07813;0.08789;0.09766;0.10742;0.11719;0.12695;0.13672;0.14648;0.15625;0.16602;0.17578;0.18555;0.19531;0.20508;0.21484;0.22461;0.23438;0.24414;0.25391;0.26367;0.27344;0.2832;0.29297;0.30273;0.3125;0.32227;0.33203;0.3418;0.35156;0.36133;0.37109;0.38086;0.39063;0.40039;0.41016;0.41992;0.42969;0.43945;0.44922;0.45898;0.46875;0.47852;0.48828;0.49805;0.50781;0.51758;0.52734;0.53711;0.54688;0.55664;0.56641;0.57617;0.58594;0.5957;0.60547;0.61523;0.625;0.63477;0.64453;0.6543;0.66406;0.67383;0.68359;0.69336;0.70313;0.71289;0.72266;0.73242;0.74219;0.75195;0.76172;0.77148;0.78125;0.79102,0.002825216;0.00361472;0.00541184;0.0033679359999999998;0.005764096000000001;0.007298048;0.00525312;0.006926336;0.002123776;0.004501504;0.00517632;0.003765248;0.003828736;0.0019087359999999999;0.0015513600000000001;0.001384448;0.0014530559999999999;0.001893376;0.00213504;0.00234496;0.0015953919999999997;0.001381376;0.001475584;0.001850368;0.0021442559999999998;0.0016670720000000001;0.001893376;0.002939904;0.004995072;0.006452224;0.006370304;0.007686143999999999;0.00899584;0.009252864000000001;0.007415808;0.006569983999999999;0.0076124159999999995;0.006925312;0.00367104;0.00245248;0.001774592;0.002130944;0.0021442559999999998;0.0020244480000000003;0.002258944;0.001999872;0.0017305600000000001;0.001189888;0.0009574399999999999;0.001108992;0.001210368;0.001403904;0.001102848;0.0008929280000000001;0.000858112;0.000617472;0.00055296;0.000344064;0.00047308800000000003;0.000331776;0.000329728;0.000413696;0.000423936;0.000335872;0.000282624;0.000224256;0.00019456;0.000178176;0.000195584;0.00016691200000000002;0.00013311999999999997;0.00015564799999999998;0.000140288;0.000141312;0.000128;5.9392e-05;7.782399999999999e-05;0.00010956799999999999;9.728e-05
1788322500,hdr,0.0293;0.03906;0.04883;0.05859;0.06836;0.07813;0.08789;0.09766;0.10742;0.11719;0.12695;0.13672;0.14648;0.15625;0.16602;0.17578;0.18555;0.19531;0.20508;0.21484;0.22461;0.23438;0.24414;0.25391;0.26367;0.27344;0.2832;0.29297;0.30273;0.3125;0.32227;0.33203;0.3418;0.35156;0.36133;0.37109;0.38086;0.39063;0.40039;0.41016;0.41992;0.42969;0.43945;0.44922;0.45898;0.46875;0.47852;0.48828;0.49805;0.50781;0.51758;0.52734;0.53711;0.54688;0.55664;0.56641;0.57617;0.58594;0.5957;0.60547;0.61523;0.625;0.63477;0.64453;0.6543;0.66406;0.67383;0.68359;0.69336;0.70313;0.71289;0.72266;0.73242;0.74219;0.75195;0.76172;0.77148;0.78125;0.79102,0.004678656;0.007426048;0.009268224;0.004802559999999999;0.006756352;0.009791488;0.011091967999999999;0.009778176;0.009039872000000001;0.006597632;0.006998015999999999;0.005045248;0.003516416;0.002904064;0.00207872;0.002213888;0.001661952;0.002322432;0.002390016;0.003014656;0.0038789120000000004;0.002960384;0.002174976;0.002613248;0.0023439359999999996;0.0019660800000000003;0.002044928;0.0014940160000000001;0.0018135039999999999;0.0025958400000000003;0.004867072;0.00781312;0.005986304;0.006335487999999999;0.009815039999999999;0.0071290880000000004;0.003119104;0.004271104;0.005688319999999999;0.00588288;0.0029798399999999997;0.002097152;0.002080768;0.0018360320000000002;0.001961984;0.0016732160000000002;0.001787904;0.002008064;0.001466368;0.001056768;0.0013056;0.001242112;0.001028096;0.00084992;0.000873472;0.000775168;0.000623616;0.000538624;0.000513024;0.0005683200000000001;0.000427008;0.0003584;0.000458752;0.000398336;0.000303104;0.00029696;0.000262144;0.000249856;0.000192512;0.00014335999999999998;0.000159744;0.000165888;0.000126976;0.000144384;0.000130048;0.000114688;0.00012390399999999998;0.00010956799999999999;0.000108544
1788323400,hdr,0.0293;0.03906;0.04883;0.05859;0.06836;0.07813;0.08789;0.09766;0.10742;0.11719;0.12695;0.13672;0.14648;0.15625;0.16602;0.17578;0.18555;0.19531;0.20508;0.21484;0.22461;0.23438;0.24414;0.25391;0.26367;0.27344;0.2832;0.29297;0.30273;0.3125;0.32227;0.33203;0.3418;0.35156;0.36133;0.37109;0.38086;0.39063;0.40039;0.41016;0.41992;0.42969;0.43945;0.44922;0.45898;0.46875;0.47852;0.48828;0.49805;0.50781;0.51758;0.52734;0.53711;0.54688;0.55664;0.56641;0.57617;0.58594;0.5957;0.60547;0.61523;0.625;0.63477;0.64453;0.6543;0.66406;0.67383;0.68359;0.69336;0.70313;0.71289;0.72266;0.73242;0.74219;0.75195;0.76172;0.77148;0.78125;0.79102,0.0018083840000000001;0.006335487999999999;0.005484544;0.001618944;0.0025497600000000003;0.004031488000000001;0.0038492160000000004;0.004354048;0.0056330239999999995;0.005337087999999999;0.004146176;0.004227072;0.0018012159999999998;0.002895872;0.002448384;0.0014827520000000002;0.0017121280000000003;0.001558528;0.0021370879999999997;0.00198656;0.001907712;0.0021411840000000004;0.001814528;0.001256448;0.00151552;0.0009041920000000001;0.0013557760000000002;0.00170496;0.0025139200000000002;0.0035471359999999998;0.007371776;0.010139648;0.012896256;0.007954431999999999;0.006663168;0.005215232;0.004278272;0.0034795520000000003;0.0020172799999999998;0.002464768;0.002625536;0.003008512;0.0028600319999999998;0.0023019520000000003;0.00182272;0.0021043200000000002;0.00200704;0.0022394880000000004;0.00202752;0.0018083840000000001;0.001253376;0.001011712;0.001061888;0.000630784;0.0006737919999999999;0.000743424;0.000611328;0.000651264;0.000518144;0.000272384;0.00047820800000000004;0.00047718399999999996;0.000391168;0.00036454399999999996;0.000164864;0.000283648;0.00030208000000000004;0.00020275199999999997;0.00019968;0.000211968;0.000142336;0.00012390399999999998;0.000120832;0.000120832;0.000167936;0.000129024;9.932800000000001e-05;8.704000000000001e-05;8.2944e-05
1788324300,hdr,0.0293;0.03906;0.04883;0.05859;0.06836;0.07813;0.08789;0.09766;0.10742;0.11719;0.12695;0.13672;0.14648;0.15625;0.16602;0.17578;0.18555;0.19531;0.20508;0.21484;0.22461;0.23438;0.24414;0.25391;0.26367;0.27344;0.2832;0.29297;0.30273;0.3125;0.32227;0.33203;0.3418;0.35156;0.36133;0.37109;0.38086;0.39063;0.40039;0.41016;0.41992;0.42969;0.43945;0.44922;0.45898;0.46875;0.47852;0.48828;0.49805;0.50781;0.51758;0.52734;0.53711;0.54688;0.55664;0.56641;0.57617;0.58594;0.5957;0.60547;0.61523;0.625;0.63477;0.64453;0.6543;0.66406;0.67383;0.68359;0.69336;0.70313;0.71289;0.72266;0.73242;0.74219;0.75195;0.76172;0.77148;0.78125;0.79102,0.000110592;0.0009594880000000001;0.0025384959999999995;0.001318912;0.004257792000000001;0.008208384;0.0019148799999999999;0.003811328;0.00508928;0.0034406400000000005;0.0056832;0.007000064;0.00324096;0.0023265280000000004;0.002106368;0.002030592;0.0020029439999999996;0.001636352;0.001348608;0.001789952;0.0028999679999999997;0.0035123199999999998;0.0020582400000000002;0.0017397760000000002;0.00150016;0.00164864;0.001467392;0.0015779840000000002;0.001860608;0.001987584;0.003111936;0.004822015999999999;0.00633856;0.006137856;0.00785408;0.005571584;0.005317631999999999;0.00504832;0.0035614720000000004;0.003191808;0.0023019520000000003;0.003270656;0.003567616;0.002304;0.002061312;0.00213504;0.0018237440000000002;0.002045952;0.0022732800000000004;0.001680384;0.001106944;0.00090112;0.000780288;0.000754688;0.000910336;0.000877568;0.000888832;0.000744448;0.00040755200000000004;0.000420864;0.000502784;0.00046284799999999997;0.00024576000000000003;0.000228352;0.000279552;0.00024063999999999997;0.000152576;0.00018432000000000002;0.00028671999999999997;0.000196608;0.00011776000000000001;0.00010137599999999999;0.00013311999999999997;0.000156672;0.00011571199999999999;9.5232e-05;9.4208e-05;0.00010649599999999999;8.8064e-05
1788325200,hdr,0.0293;0.03906;0.04883;0.05859;0.06836;0.07813;0.08789;0.09766;0.10742;0.11719;0.12695;0.13672;0.14648;0.15625;0.16602;0.17578;0.18555;0.19531;0.20508;0.21484;0.22461;0.23438;0.24414;0.25391;0.26367;0.27344;0.2832;0.29297;0.30273;0.3125;0.32227;0.33203;0.3418;0.35156;0.36133;0.37109;0.38086;0.39063;0.40039;0.41016;0.41992;0.42969;0.43945;0.44922;0.45898;0.46875;0.47852;0.48828;0.49805;0.50781;0.51758;0.52734;0.53711;0.54688;0.55664;0.56641;0.57617;0.58594;0.5957;0.60547;0.61523;0.625;0.63477;0.64453;0.6543;0.66406;0.67383;0.68359;0.69336;0.70313;0.71289;0.72266;0.73242;0.74219;0.75195;0.76172;0.77148;0.78125;0.79102,0.0007393279999999999;0.00301056;0.0018974719999999999;0.000140288;0.0028416;0.005665791999999999;0.002712576;0.005153792000000001;0.004744192;0.006904832;0.0069027839999999995;0.004973568;0.006110208000000001;0.004469760000000001;0.002368512;0.001253376;0.0015697920000000002;0.0017305600000000001;0.00137728;0.003047424;0.004190208000000001;0.0026859519999999997;0.0022323200000000003;0.002215936;0.001849344;0.001256448;0.001558528;0.0015943679999999999;0.00321024;0.005194752;0.005049344;0.006961152;0.005925888;0.006224896000000001;0.008628224;0.007371776;0.00499712;0.0031232000000000005;0.002501632;0.002163712;0.0027115520000000003;0.0033638400000000003;0.002771968;0.0017530879999999999;0.001327104;0.00160768;0.001818624;0.001524736;0.001862656;0.001723392;0.0012195840000000001;0.000800768;0.000826368;0.00089088;0.000750592;0.000751616;0.000652288;0.000715776;0.0006021119999999999;0.00032256;0.000444416;0.00041062399999999995;0.000449536;0.0005836799999999999;0.000393216;0.000248832;0.00028774400000000004;0.000315392;0.000275456;0.00023552000000000002;0.000160768;0.000142336;0.000124928;0.00012185600000000001;0.0001536;0.000140288;0.000160768;0.00014950399999999998;0.000126976
1788326100,hdr,0.0293;0.03906;0.04883;0.05859;0.06836;0.07813;0.08789;0.09766;0.10742;0.11719;0.12695;0.13672;0.14648;0.15625;0.16602;0.17578;0.18555;0.19531;0.20508;0.21484;0.22461;0.23438;0.24414;0.25391;0.26367;0.27344;0.2832;0.29297;0.30273;0.3125;0.32227;0.33203;0.3418;0.35156;0.36133;0.37109;0.38086;0.39063;0.40039;0.41016;0.41992;0.42969;0.43945;0.44922;0.45898;0.46875;0.47852;0.48828;0.49805;0.50781;0.51758;0.52734;0.53711;0.54688;0.55664;0.56641;0.57617;0.58594;0.5957;0.60547;0.61523;0.625;0.63477;0.64453;0.6543;0.66406;0.67383;0.68359;0.69336;0.70313;0.71289;0.72266;0.73242;0.74219;0.75195;0.76172;0.77148;0.78125;0.79102,6.8608e-05;0.00030003200000000004;0.000939008;0.00084992;0.002960384;0.007576576;0.00489472;0.005671936;0.005138432;0.005724160000000001;0.0065638400000000005;0.005216255999999999;0.003513344;0.003073024;0.002592768;0.0025405440000000005;0.001155072;0.0012308479999999999;0.0020930559999999994;0.0032471040000000002;0.0027504639999999998;0.002272256;0.0018698239999999997;0.0012195840000000001;0.0012185600000000003;0.001681408;0.001759232;0.00131072;0.001261568;0.001637376;0.002655232;0.003252224;0.005470208000000001;0.006658048;0.004719616;0.004408319999999999;0.004402176;0.003828736;0.004054016;0.00270336;0.0024145919999999997;0.0023173119999999998;0.0015953919999999997;0.001774592;0.0021002239999999995;0.0018421759999999998;0.0013864959999999999;0.00144896;0.000970752;0.0011776;0.001168384;0.0011837439999999998;0.00101376;0.000816128;0.0008447999999999999;0.000756736;0.000872448;0.001073152;0.0007219199999999999;0.000393216;0.00046489599999999996;0.000529408;0.00046284799999999997;0.000385024;0.00029900799999999997;0.00018432000000000002;0.00012390399999999998;0.000152576;0.000188416;0.000264192;0.000151552;0.00010752000000000001;0.00013311999999999997;0.000180224;0.000169984;0.000140288;0.00011776000000000001;6.8608e-05;8.3968e-05
1788327000,hdr,0.0293;0.03906;0.04883;0.05859;0.06836;0.07813;0.08789;0.09766;0.10742;0.11719;0.12695;0.13672;0.14648;0.15625;0.16602;0.17578;0.18555;0.19531;0.20508;0.21484;0.22461;0.23438;0.24414;0.25391;0.26367;0.27344;0.2832;0.29297;0.30273;0.3125;0.32227;0.33203;0.3418;0.35156;0.36133;0.37109;0.38086;0.39063;0.40039;0.41016;0.41992;0.42969;0.43945;0.44922;0.45898;0.46875;0.47852;0.48828;0.49805;0.50781;0.51758;0.52734;0.53711;0.54688;0.55664;0.56641;0.57617;0.58594;0.5957;0.60547;0.61523;0.625;0.63477;0.64453;0.6543;0.66406;0.67383;0.68359;0.69336;0.70313;0.71289;0.72266;0.73242;0.74219;0.75195;0.76172;0.77148;0.78125;0.79102,0.000434176;0.001041408;0.000818176;0.00024576000000000003;0.000519168;0.003542016;0.006398976000000001;0.003939328;0.003996672;0.007861248;0.009644031999999999;0.007598080000000001;0.005733376;0.006135808;0.004586496;0.0018841600000000002;0.0011048960000000002;0.00108544;0.001388544;0.00162816;0.002352128;0.002642944;0.002551808;0.0029009920000000002;0.00242688;0.001755136;0.0014438399999999998;0.00182272;0.001457152;0.002038784;0.005825536;0.006920192;0.004556800000000001;0.00388096;0.0056872960000000005;0.005450752;0.005988352;0.0036433919999999996;0.002127872;0.00206848;0.0012523519999999998;0.002277376;0.00408064;0.0026859519999999997;0.0013209599999999997;0.001189888;0.001681408;0.001651712;0.001477632;0.0012113920000000002;0.000635904;0.00080384;0.000692224;0.0006676480000000001;0.000980992;0.000922624;0.000868352;0.0006696959999999999;0.00047001599999999997;0.00047104000000000004;0.000375808;0.000390144;0.00044646400000000004;0.000388096;0.00018944;0.00020992;0.000269312;0.00035532799999999997;0.000252928;0.00015052799999999998;0.00021504000000000003;0.000200704;0.000136192;0.000120832;9.6256e-05;0.00010444799999999999;0.000128;0.000130048;8.4992e-05
1788327900,hdr,0.0293;0.03906;0.04883;0.05859;0.06836;0.07813;0.08789;0.09766;0.10742;0.11719;0.12695;0.13672;0.14648;0.15625;0.16602;0.17578;0.18555;0.19531;0.20508;0.21484;0.22461;0.23438;0.24414;0.25391;0.26367;0.27344;0.2832;0.29297;0.30273;0.3125;0.32227;0.33203;0.3418;0.35156;0.36133;0.37109;0.38086;0.39063;0.40039;0.41016;0.41992;0.42969;0.43945;0.44922;0.45898;0.46875;0.47852;0.48828;0.49805;0.50781;0.51758;0.52734;0.53711;0.54688;0.55664;0.56641;0.57617;0.58594;0.5957;0.60547;0.61523;0.625;0.63477;0.64453;0.6543;0.66406;0.67383;0.68359;0.69336;0.70313;0.71289;0.72266;0.73242;0.74219;0.75195;0.76172;0.77148;0.78125;0.79102,0.000412672;0.000444416;0.00031232;0.0008069119999999999;0.0019210240000000001;0.00387072;0.004744192;0.00589312;0.005486591999999999;0.006853632;0.010417152;0.008100864;0.005470208000000001;0.005054464;0.003685376;0.0016773119999999998;0.001410048;0.001286144;0.0013393919999999998;0.00134656;0.002349056;0.00275456;0.001758208;0.001006592;0.001588224;0.001504256;0.0013680639999999998;0.0018278399999999998;0.0013752319999999999;0.001809408;0.002620416;0.003277824;0.006767616;0.006246400000000001;0.005563392;0.007287808;0.00615424;0.0025364479999999997;0.0031068159999999997;0.0025671680000000003;0.0036311040000000004;0.002658304;0.0014346239999999998;0.001956864;0.0027013120000000004;0.0035327999999999996;0.00262656;0.001906688;0.0011694079999999998;0.001225728;0.001414144;0.00149504;0.0008335360000000001;0.001180672;0.000753664;0.00052224;0.0008355839999999999;0.0009738240000000001;0.0007495679999999999;0.000381952;0.000385024;0.000381952;0.00043110399999999997;0.000288768;0.000335872;0.000395264;0.00024576000000000003;0.00029696;0.000319488;0.000226304;0.000274432;0.000269312;0.00026112;0.00021913599999999998;0.00018534400000000002;0.00019456;0.000144384;8.8064e-05;0.00011980799999999999
1788328800,hdr,0.0293;0.03906;0.04883;0.05859;0.06836;0.07813;0.08789;0.09766;0.10742;0.11719;0.12695;0.13672;0.14648;0.15625;0.16602;0.17578;0.18555;0.19531;0.20508;0.21484;0.22461;0.23438;0.24414;0.25391;0.26367;0.27344;0.2832;0.29297;0.30273;0.3125;0.32227;0.33203;0.3418;0.35156;0.36133;0.37109;0.38086;0.39063;0.40039;0.41016;0.41992;0.42969;0.43945;0.44922;0.45898;0.46875;0.47852;0.48828;0.49805;0.50781;0.51758;0.52734;0.53711;0.54688;0.55664;0.56641;0.57617;0.58594;0.5957;0.60547;0.61523;0.625;0.63477;0.64453;0.6543;0.66406;0.67383;0.68359;0.69336;0.70313;0.71289;0.72266;0.73242;0.74219;0.75195;0.76172;0.77148;0.78125;0.79102,0.000260096;0.00036864000000000005;0.00028671999999999997;0.00011264;0.001685504;0.0032440319999999996;0.004158464;0.007675904000000001;0.007497728;0.008233984;0.0069222400000000005;0.007320576;0.006523904;0.00618496;0.0048363519999999995;0.004098048000000001;0.0024545279999999997;0.000899072;0.001015808;0.001562624;0.002679808;0.0035368960000000003;0.002783232;0.001862656;0.001664;0.002054144;0.0016988160000000001;0.0013864959999999999;0.001645568;0.001061888;0.002244608;0.003272704;0.0027883520000000005;0.004020223999999999;0.005814272;0.006012928;0.005168128000000001;0.003365888;0.0018176000000000002;0.001696768;0.003590144;0.003406848;0.002168832;0.00168448;0.00171008;0.00135168;0.00116224;0.0012308479999999999;0.001782784;0.001833984;0.0012318720000000002;0.0008601600000000001;0.0008202239999999999;0.0005744639999999999;0.000505856;0.000350208;0.000429056;0.000510976;0.000401408;0.000401408;0.0005713920000000001;0.00062464;0.000401408;0.00023040000000000002;0.00040755200000000004;0.000277504;0.00024371200000000001;0.000175104;0.000207872;0.00029081600000000006;0.000269312;0.00023552000000000002;0.000176128;0.00014848;0.000103424;0.000113664;0.000134144;9.728e-05;9.216000000000001e-05
1788329700,hdr,0.0293;0.03906;0.04883;0.05859;0.06836;0.07813;0.08789;0.09766;0.10742;0.11719;0.12695;0.13672;0.14648;0.15625;0.16602;0.17578;0.18555;0.19531;0.20508;0.21484;0.22461;0.23438;0.24414;0.25391;0.26367;0.27344;0.2832;0.29297;0.30273;0.3125;0.32227;0.33203;0.3418;0.35156;0.36133;0.37109;0.38086;0.39063;0.40039;0.41016;0.41992;0.42969;0.43945;0.44922;0.45898;0.46875;0.47852;0.48828;0.49805;0.50781;0.51758;0.52734;0.53711;0.54688;0.55664;0.56641;0.57617;0.58594;0.5957;0.60547;0.61523;0.625;0.63477;0.64453;0.6543;0.66406;0.67383;0.68359;0.69336;0.70313;0.71289;0.72266;0.73242;0.74219;0.75195;0.76172;0.77148;0.78125;0.79102,0.00024780799999999997;0.000694272;0.000366592;0.000279552;0.004194304;0.01152;0.004360192;0.005117952;0.00605184;0.006330368;0.007799808;0.010268672000000001;0.008367104;0.004499456;0.004488192;0.0034375680000000002;0.002465792;0.001253376;0.001286144;0.00203776;0.0013312;0.0016670720000000001;0.0024801280000000003;0.00217088;0.001716224;0.00237056;0.002859008;0.002030592;0.0018687999999999999;0.0017735679999999999;0.002832384;0.003355648;0.00364544;0.004964352;0.005450752;0.003923968;0.00293888;0.0029573119999999997;0.003183616;0.003165184;0.00326656;0.002491392;0.0025088;0.003018752;0.001345536;0.0016179200000000001;0.0011714560000000002;0.001202176;0.0009984;0.0009768959999999999;0.000743424;0.000843776;0.0007372800000000001;0.00070656;0.0008355839999999999;0.000802816;0.0009523200000000001;0.000764928;0.000617472;0.0006963200000000001;0.000475136;0.0006789119999999999;0.000520192;0.00023142399999999999;0.000222208;0.00039219200000000003;0.000263168;0.00017408000000000001;0.00013516800000000002;0.000175104;0.000206848;0.00017100799999999997;0.00010137599999999999;0.00012390399999999998;0.000100352;7.167999999999999e-05;0.000108544;9.3184e-05;9.216000000000001e-05
1788330600,hdr,0.0293;0.03906;0.04883;0.05859;0.06836;0.07813;0.08789;0.09766;0.10742;0.11719;0.12695;0.13672;0.14648;0.15625;0.16602;0.17578;0.18555;0.19531;0.20508;0.21484;0.22461;0.23438;0.24414;0.25391;0.26367;0.27344;0.2832;0.29297;0.30273;0.3125;0.32227;0.33203;0.3418;0.35156;0.36133;0.37109;0.38086;0.39063;0.40039;0.41016;0.41992;0.42969;0.43945;0.44922;0.45898;0.46875;0.47852;0.48828;0.49805;0.50781;0.51758;0.52734;0.53711;0.54688;0.55664;0.56641;0.57617;0.58594;0.5957;0.60547;0.61523;0.625;0.63477;0.64453;0.6543;0.66406;0.67383;0.68359;0.69336;0.70313;0.71289;0.72266;0.73242;0.74219;0.75195;0.76172;0.77148;0.78125;0.79102,1.024e-06;0.0015892480000000001;0.003095552;0.0008622079999999999;0.0020910079999999997;0.00802816;0.007481344;0.006889472;0.00503296;0.005786624;0.007266304;0.0100096;0.007272447999999999;0.007502848;0.003818496;0.0015769599999999999;0.001323008;0.0012789759999999998;0.001432576;0.002399232;0.002501632;0.002407424;0.001742848;0.002604032;0.002820096;0.002501632;0.002673664;0.0020981759999999998;0.0022405119999999996;0.0020746239999999997;0.002417664;0.003093504;0.003487744;0.005921792;0.00648192;0.005200896000000001;0.004119551999999999;0.003126272;0.002494464;0.002761728;0.0021227520000000003;0.001107968;0.00091136;0.001302528;0.0016988160000000001;0.000807936;0.000642048;0.001071104;0.000893952;0.0007772160000000001;0.0008151040000000001;0.0007219199999999999;0.000607232;0.0006840319999999999;0.00041984;0.00029081600000000006;0.0002816;0.00035430400000000006;0.0006789119999999999;0.00044544;0.000278528;0.000289792;0.000330752;0.000206848;0.000186368;0.00011571199999999999;0.00010956799999999999;0.000156672;0.000139264;0.000118784;0.000116736;9.6256e-05;0.000151552;0.00017408000000000001;0.000137216;0.000139264;0.00012288000000000002;0.00011161600000000001;9.8304e-05
1788331500,hdr,0.0293;0.03906;0.04883;0.05859;0.06836;0.07813;0.08789;0.09766;0.10742;0.11719;0.12695;0.13672;0.14648;0.15625;0.16602;0.17578;0.18555;0.19531;0.20508;0.21484;0.22461;0.23438;0.24414;0.25391;0.26367;0.27344;0.2832;0.29297;0.30273;0.3125;0.32227;0.33203;0.3418;0.35156;0.36133;0.37109;0.38086;0.39063;0.40039;0.41016;0.41992;0.42969;0.43945;0.44922;0.45898;0.46875;0.47852;0.48828;0.49805;0.50781;0.51758;0.52734;0.53711;0.54688;0.55664;0.56641;0.57617;0.58594;0.5957;0.60547;0.61523;0.625;0.63477;0.64453;0.6543;0.66406;0.67383;0.68359;0.69336;0.70313;0.71289;0.72266;0.73242;0.74219;0.75195;0.76172;0.77148;0.78125;0.79102,0.000800768;0.00198656;0.002924544;0.001696768;0.0046049279999999995;0.007627776;0.003313664;0.005189632;0.0051148800000000005;0.00818176;0.008154112;0.005632;0.004037632;0.005467136;0.004004864;0.0032604160000000004;0.001770496;0.0008765439999999999;0.000941056;0.001393664;0.002159616;0.0026777600000000004;0.003279872;0.001963008;0.002060288;0.00170496;0.001048576;0.0011448320000000001;0.001928192;0.001854464;0.002622464;0.0023132160000000003;0.002555904;0.004847616;0.006381567999999999;0.005618688;0.004517888;0.00343552;0.002542592;0.002332672;0.001983488;0.001253376;0.001229824;0.0008560640000000001;0.000743424;0.0010721279999999999;0.000923648;0.000700416;0.0008929280000000001;0.000760832;0.000654336;0.000567296;0.00041472;0.00030924800000000003;0.00048127999999999995;0.00036249599999999997;0.000371712;0.000310272;0.000258048;0.000229376;0.000180224;0.000316416;0.00022016;0.000282624;0.000234496;0.00010752000000000001;9.728e-05;0.00012390399999999998;0.00010137599999999999;0.00010240000000000001;0.000141312;8.8064e-05;5.5296e-05;6.2464e-05;5.3247999999999996e-05;6.2464e-05;5.4272e-05;5.9392e-05;6.4512e-05
1788332400,hdr,0.0293;0.03906;0.04883;0.05859;0.06836;0.07813;0.08789;0.09766;0.10742;0.11719;0.12695;0.13672;0.14648;0.15625;0.16602;0.17578;0.18555;0.19531;0.20508;0.21484;0.22461;0.23438;0.24414;0.25391;0.26367;0.27344;0.2832;0.29297;0.30273;0.3125;0.32227;0.33203;0.3418;0.35156;0.36133;0.37109;0.38086;0.39063;0.40039;0.41016;0.41992;0.42969;0.43945;0.44922;0.45898;0.46875;0.47852;0.48828;0.49805;0.50781;0.51758;0.52734;0.53711;0.54688;0.55664;0.56641;0.57617;0.58594;0.5957;0.60547;0.61523;0.625;0.63477;0.64453;0.6543;0.66406;0.67383;0.68359;0.69336;0.70313;0.71289;0.72266;0.73242;0.74219;0.75195;0.76172;0.77148;0.78125;0.79102,0.0011489279999999998;0.0020582400000000002;0.0034027519999999998;0.0029501439999999996;0.00246272;0.004798464;0.005439488;0.0053340160000000005;0.005325824;0.005636096;0.0068096;0.006638592;0.007984128;0.008539136;0.005855232;0.0030228480000000003;0.0018800639999999999;0.00160768;0.001586176;0.001645568;0.002056192;0.0037683200000000003;0.002516992;0.001685504;0.0024227840000000003;0.0031784960000000003;0.002331648;0.001681408;0.001670144;0.0029429759999999995;0.002878464;0.0034580479999999996;0.0027023359999999996;0.0025088;0.002725888;0.003634176;0.003500032;0.002356224;0.001601536;0.001826816;0.002220032;0.0018278399999999998;0.0013895679999999999;0.0012318720000000002;0.0010455039999999998;0.001214464;0.000919552;0.0006123519999999999;0.000525312;0.000779264;0.000712704;0.000452608;0.00039219200000000003;0.0005406720000000001;0.000420864;0.00041062399999999995;0.00041984;0.000326656;0.000330752;0.00025088;0.000262144;0.000253952;0.00023859199999999998;0.00023244799999999998;0.00020377600000000002;0.000190464;0.00017100799999999997;0.000116736;0.00010752000000000001;0.00010444799999999999;0.00010240000000000001;0.00010956799999999999;8.4992e-05;8.192e-05;9.5232e-05;0.000114688;7.8848e-05;5.5296e-05;7.475199999999999e-05
1788333300,hdr,0.0293;0.03906;0.04883;0.05859;0.06836;0.07813;0.08789;0.09766;0.10742;0.11719;0.12695;0.13672;0.14648;0.15625;0.16602;0.17578;0.18555;0.19531;0.20508;0.21484;0.22461;0.23438;0.24414;0.25391;0.26367;0.27344;0.2832;0.29297;0.30273;0.3125;0.32227;0.33203;0.3418;0.35156;0.36133;0.37109;0.38086;0.39063;0.40039;0.41016;0.41992;0.42969;0.43945;0.44922;0.45898;0.46875;0.47852;0.48828;0.49805;0.50781;0.51758;0.52734;0.53711;0.54688;0.55664;0.56641;0.57617;0.58594;0.5957;0.60547;0.61523;0.625;0.63477;0.64453;0.6543;0.66406;0.67383;0.68359;0.69336;0.70313;0.71289;0.72266;0.73242;0.74219;0.75195;0.76172;0.77148;0.78125;0.79102,0.000594944;0.00088064;0.000823296;0.00115712;0.0042659840000000004;0.010635263999999998;0.008697856;0.005302272;0.004364288000000001;0.007297024;0.005070848;0.006367232;0.008463360000000001;0.007103487999999999;0.00494592;0.004875263999999999;0.0030945279999999996;0.001304576;0.001119232;0.001026048;0.001462272;0.001990656;0.002069504;0.0027852800000000002;0.002419712;0.001174528;0.0012113920000000002;0.0014745600000000002;0.0017530879999999999;0.001451008;0.0014592000000000001;0.002207744;0.003303424;0.0030894080000000005;0.002707456;0.0030894080000000005;0.0035327999999999996;0.00323072;0.002245632;0.001652736;0.00077312;0.0005816320000000001;0.0007772160000000001;0.001537024;0.001404928;0.0006830079999999999;0.001376256;0.001517568;0.0010680320000000002;0.001033216;0.000743424;0.000303104;0.000390144;0.000516096;0.000463872;0.000224256;0.000217088;0.000288768;0.000186368;0.000178176;0.000114688;9.728e-05;0.000137216;0.000129024;0.00019865600000000002;0.00016691200000000002;0.000156672;0.00018124799999999998;0.000110592;9.932800000000001e-05;9.932800000000001e-05;8.3968e-05;6.144000000000001e-05;6.3488e-05;5.0176e-05;2.9696e-05;5.7344e-05;5.4272e-05;3.0720000000000004e-05
1788334200,hdr,0.0293;0.03906;0.04883;0.05859;0.06836;0.07813;0.08789;0.09766;0.10742;0.11719;0.12695;0.13672;0.14648;0.15625;0.16602;0.17578;0.18555;0.19531;0.20508;0.21484;0.22461;0.23438;0.24414;0.25391;0.26367;0.27344;0.2832;0.29297;0.30273;0.3125;0.32227;0.33203;0.3418;0.35156;0.36133;0.37109;0.38086;0.39063;0.40039;0.41016;0.41992;0.42969;0.43945;0.44922;0.45898;0.46875;0.47852;0.48828;0.49805;0.50781;0.51758;0.52734;0.53711;0.54688;0.55664;0.56641;0.57617;0.58594;0.5957;0.60547;0.61523;0.625;0.63477;0.64453;0.6543;0.66406;0.67383;0.68359;0.69336;0.70313;0.71289;0.72266;0.73242;0.74219;0.75195;0.76172;0.77148;0.78125;0.79102,0.00062464;0.001271808;0.001015808;0.000372736;0.0010086399999999999;0.0046469120000000004;0.005615616;0.004996095999999999;0.0056381439999999994;0.006366208000000001;0.006864896;0.0055552;0.005968896;0.008925184;0.006503424;0.004226048;0.001924096;0.002077696;0.00119296;0.001439744;0.001702912;0.001708032;0.0017807360000000002;0.0022835200000000003;0.0025978880000000005;0.002138112;0.002082816;0.001395712;0.00146944;0.001226752;0.0019148799999999999;0.002275328;0.0021196799999999997;0.0029798399999999997;0.00398848;0.00338432;0.0034826239999999997;0.0031979519999999996;0.0031016959999999997;0.001439744;0.001113088;0.00145408;0.001429504;0.00128512;0.001759232;0.0011673599999999999;0.0009461760000000001;0.000964608;0.000782336;0.000658432;0.000529408;0.00033894400000000004;0.000550912;0.0006502400000000001;0.000329728;0.00027033600000000004;0.000216064;0.00023142399999999999;0.000329728;0.000372736;0.000380928;0.00027033600000000004;0.00014643200000000002;0.00018944;0.000161792;0.000142336;0.000139264;0.00011264;0.000116736;8.8064e-05;6.758400000000001e-05;7.8848e-05;7.68e-05;5.7344e-05;7.167999999999999e-05;6.655999999999999e-05;4.9152e-05;5.7344e-05;5.4272e-05
1788335100,hdr,0.0293;0.03906;0.04883;0.05859;0.06836;0.07813;0.08789;0.09766;0.10742;0.11719;0.12695;0.13672;0.14648;0.15625;0.16602;0.17578;0.18555;0.19531;0.20508;0.21484;0.22461;0.23438;0.24414;0.25391;0.26367;0.27344;0.2832;0.29297;0.30273;0.3125;0.32227;0.33203;0.3418;0.35156;0.36133;0.37109;0.38086;0.39063;0.40039;0.41016;0.41992;0.42969;0.43945;0.44922;0.45898;0.46875;0.47852;0.48828;0.49805;0.50781;0.51758;0.52734;0.53711;0.54688;0.55664;0.56641;0.57617;0.58594;0.5957;0.60547;0.61523;0.625;0.63477;0.64453;0.6543;0.66406;0.67383;0.68359;0.69336;0.70313;0.71289;0.72266;0.73242;0.74219;0.75195;0.76172;0.77148;0.78125;0.79102,0.001818624;0.0031887359999999997;0.002855936;0.0024463360000000003;0.0029716480000000003;0.014433280000000001;0.017682431999999998;0.00804352;0.007452672;0.012457984;0.013195264;0.009113600000000001;0.005088256;0.004959232;0.010103808;0.0051650559999999995;0.0027504639999999998;0.0023930880000000002;0.0014847999999999999;0.0012871680000000002;0.0015390719999999998;0.002215936;0.002205696;0.001562624;0.00214016;0.002258944;0.001662976;0.002163712;0.002864128;0.001610752;0.001296384;0.002200576;0.0023357440000000003;0.0021626880000000003;0.003119104;0.003105792;0.002855936;0.002825216;0.003456;0.0026521599999999998;0.0020746239999999997;0.0018237440000000002;0.00134144;0.0013895679999999999;0.00101888;0.001455104;0.001307648;0.000730112;0.000625664;0.0005724160000000001;0.0007464960000000001;0.000626688;0.000420864;0.00048127999999999995;0.000559104;0.000391168;0.00036249599999999997;0.00031232;0.000269312;0.000206848;0.000160768;0.00018739199999999998;0.000289792;0.00030412799999999997;0.000264192;0.00020992;0.00011161600000000001;0.000141312;0.000151552;0.000140288;0.00011264;0.000110592;0.000110592;0.00010240000000000001;0.000128;7.9872e-05;7.270400000000001e-05;5.7344e-05;6.0416e-05
1788336000,hdr,0.0293;0.03906;0.04883;0.05859;0.06836;0.07813;0.08789;0.09766;0.10742;0.11719;0.12695;0.13672;0.14648;0.15625;0.16602;0.17578;0.18555;0.19531;0.20508;0.21484;0.22461;0.23438;0.24414;0.25391;0.26367;0.27344;0.2832;0.29297;0.30273;0.3125;0.32227;0.33203;0.3418;0.35156;0.36133;0.37109;0.38086;0.39063;0.40039;0.41016;0.41992;0.42969;0.43945;0.44922;0.45898;0.46875;0.47852;0.48828;0.49805;0.50781;0.51758;0.52734;0.53711;0.54688;0.55664;0.56641;0.57617;0.58594;0.5957;0.60547;0.61523;0.625;0.63477;0.64453;0.6543;0.66406;0.67383;0.68359;0.69336;0.70313;0.71289;0.72266;0.73242;0.74219;0.75195;0.76172;0.77148;0.78125;0.79102,0.0028385280000000003;0.0038174719999999997;0.004832256;0.004400128;0.00285184;0.008738816;0.010682368000000001;0.008098815999999998;0.005613568;0.01117696;0.010650624;0.007259135999999999;0.008332288;0.010249216;0.005989376;0.003567616;0.0023234560000000002;0.0018810880000000002;0.001681408;0.001399808;0.002015232;0.002387968;0.001998848;0.002403328;0.00336896;0.0028846080000000003;0.0014581759999999998;0.001217536;0.001632256;0.0012308479999999999;0.0011755519999999998;0.001496064;0.00175104;0.002579456;0.0028846080000000003;0.0028999679999999997;0.00269312;0.0025364479999999997;0.003072;0.00245248;0.002123776;0.001601536;0.0012154879999999998;0.001004544;0.000992256;0.001401856;0.001544192;0.0012072959999999998;0.001010688;0.000745472;0.000483328;0.000444416;0.00036864000000000005;0.000267264;0.00048742400000000003;0.000524288;0.000344064;0.000206848;0.00025497599999999997;0.00023654400000000002;0.000330752;0.00036454399999999996;0.000259072;0.00020480000000000002;0.00018739199999999998;0.00017100799999999997;0.0001536;0.000125952;0.00018124799999999998;0.000161792;9.113599999999999e-05;0.00014643200000000002;0.00016896;0.00010240000000000001;0.00010752000000000001;0.00016896;0.000134144;0.000164864;0.00013824
1788336900,hdr,0.0293;0.03906;0.04883;0.05859;0.06836;0.07813;0.08789;0.09766;0.10742;0.11719;0.12695;0.13672;0.14648;0.15625;0.16602;0.17578;0.18555;0.19531;0.20508;0.21484;0.22461;0.23438;0.24414;0.25391;0.26367;0.27344;0.2832;0.29297;0.30273;0.3125;0.32227;0.33203;0.3418;0.35156;0.36133;0.37109;0.38086;0.39063;0.40039;0.41016;0.41992;0.42969;0.43945;0.44922;0.45898;0.46875;0.47852;0.48828;0.49805;0.50781;0.51758;0.52734;0.53711;0.54688;0.55664;0.56641;0.57617;0.58594;0.5957;0.60547;0.61523;0.625;0.63477;0.64453;0.6543;0.66406;0.67383;0.68359;0.69336;0.70313;0.71289;0.72266;0.73242;0.74219;0.75195;0.76172;0.77148;0.78125;0.79102,0.0013322240000000001;0.001820672;0.003349504;0.002435072;0.004190208000000001;0.0063621120000000005;0.008139776;0.009755648;0.009992191999999999;0.00941056;0.008699904;0.007373823999999999;0.009659392;0.009327616;0.011005952000000001;0.006996992;0.0032266240000000004;0.002067456;0.002911232;0.0031027200000000002;0.002852864;0.001864704;0.0018432000000000001;0.002302976;0.002276352;0.0019435519999999999;0.002615296;0.001948672;0.001583104;0.001222656;0.001247232;0.001461248;0.0018513919999999999;0.001941504;0.002021376;0.0027361279999999996;0.004533248;0.0029419520000000003;0.001533952;0.0010178560000000001;0.001731584;0.0014632959999999998;0.001294336;0.000979968;0.00111104;0.001599488;0.0015738879999999998;0.001145856;0.0006144;0.000852992;0.0008304639999999999;0.000565248;0.0005683200000000001;0.000463872;0.000325632;0.00040960000000000004;0.000449536;0.00043315199999999996;0.000418816;0.000319488;0.00016896;0.000253952;0.00028569600000000005;0.00018432000000000002;0.000173056;0.000228352;0.000193536;0.000180224;0.00027033600000000004;0.000192512;0.00014745600000000002;0.00014848;0.00010956799999999999;0.00016691200000000002;0.000129024;0.00011776000000000001;0.000114688;0.000139264;0.00010956799999999999
1788337800,hdr,0.0293;0.03906;0.04883;0.05859;0.06836;0.07813;0.08789;0.09766;0.10742;0.11719;0.12695;0.13672;0.14648;0.15625;0.16602;0.17578;0.18555;0.19531;0.20508;0.21484;0.22461;0.23438;0.24414;0.25391;0.26367;0.27344;0.2832;0.29297;0.30273;0.3125;0.32227;0.33203;0.3418;0.35156;0.36133;0.37109;0.38086;0.39063;0.40039;0.41016;0.41992;0.42969;0.43945;0.44922;0.45898;0.46875;0.47852;0.48828;0.49805;0.50781;0.51758;0.52734;0.53711;0.54688;0.55664;0.56641;0.57617;0.58594;0.5957;0.60547;0.61523;0.625;0.63477;0.64453;0.6543;0.66406;0.67383;0.68359;0.69336;0.70313;0.71289;0.72266;0.73242;0.74219;0.75195;0.76172;0.77148;0.78125;0.79102,0.005988352;0.009812992;0.01052672;0.005143552;0.010407936;0.020179967999999996;0.023051264;0.0072161280000000005;0.006363135999999999;0.006637568;0.01158144;0.007915519999999999;0.007366656;0.009544704;0.006602752;0.006299648;0.004657152;0.0025047039999999995;0.002425856;0.0027351040000000004;0.0028723200000000003;0.0024924160000000003;0.001462272;0.0016732160000000002;0.0021196799999999997;0.0024719359999999997;0.003222528;0.0032276479999999996;0.002543616;0.002763776;0.0015943679999999999;0.00187904;0.002192384;0.002062336;0.002757632;0.0031232000000000005;0.002386944;0.002043904;0.0026112;0.0021043200000000002;0.0016128;0.003043328;0.002061312;0.00137216;0.0013568;0.00108544;0.00158208;0.001497088;0.000690176;0.001052672;0.000698368;0.00049664;0.000674816;0.000548864;0.000375808;0.000390144;0.00024063999999999997;0.000246784;0.00037068800000000004;0.000345088;0.00025088;0.00023142399999999999;0.000227328;0.0001536;0.00015872;0.000279552;0.000233472;0.000234496;0.00019968;0.000140288;0.00012185600000000001;0.0001536;0.00016896;0.000200704;0.000313344;0.000275456;0.000228352;0.00015872;0.000251904
1788338700,hdr,0.0293;0.03906;0.04883;0.05859;0.06836;0.07813;0.08789;0.09766;0.10742;0.11719;0.12695;0.13672;0.14648;0.15625;0.16602;0.17578;0.18555;0.19531;0.20508;0.21484;0.22461;0.23438;0.24414;0.25391;0.26367;0.27344;0.2832;0.29297;0.30273;0.3125;0.32227;0.33203;0.3418;0.35156;0.36133;0.37109;0.38086;0.39063;0.40039;0.41016;0.41992;0.42969;0.43945;0.44922;0.45898;0.46875;0.47852;0.48828;0.49805;0.50781;0.51758;0.52734;0.53711;0.54688;0.55664;0.56641;0.57617;0.58594;0.5957;0.60547;0.61523;0.625;0.63477;0.64453;0.6543;0.66406;0.67383;0.68359;0.69336;0.70313;0.71289;0.72266;0.73242;0.74219;0.75195;0.76172;0.77148;0.78125;0.79102,0.0065587200000000005;0.00641024;0.010376192;0.010747904;0.004813824;0.017102848;0.01709056;0.010123264000000002;0.008919040000000001;0.008364031999999999;0.008674304;0.0072284160000000005;0.005959679999999999;0.005837824;0.006234112;0.007272447999999999;0.00436224;0.00410112;0.002403328;0.001074176;0.001816576;0.002809856;0.001975296;0.003414016;0.0037550080000000002;0.003002368;0.00236032;0.002066432;0.0018718720000000001;0.002249728;0.002386944;0.0021329920000000002;0.002066432;0.002108416;0.002056192;0.002746368;0.0021360640000000005;0.0023930880000000002;0.0029378560000000004;0.002888704;0.0017643519999999998;0.0016220159999999998;0.0019169279999999998;0.001416192;0.001159168;0.000951296;0.0007464960000000001;0.0011356159999999999;0.0009697280000000001;0.00044646400000000004;0.0005683200000000001;0.0005099519999999999;0.000766976;0.0007393279999999999;0.000260096;0.00028569600000000005;0.000375808;0.00034304;0.000387072;0.000318464;0.00037376;0.000371712;0.00030208000000000004;0.000259072;0.00027033600000000004;0.000264192;0.000381952;0.00049664;0.00037068800000000004;0.00021504000000000003;0.0004986880000000001;0.00042803200000000007;0.000843776;0.000557056;0.000776192;0.000601088;0.000789504;0.0010475520000000002;0.000915456
1788339600,hdr,0.0293;0.03906;0.04883;0.05859;0.06836;0.07813;0.08789;0.09766;0.10742;0.11719;0.12695;0.13672;0.14648;0.15625;0.16602;0.17578;0.18555;0.19531;0.20508;0.21484;0.22461;0.23438;0.24414;0.25391;0.26367;0.27344;0.2832;0.29297;0.30273;0.3125;0.32227;0.33203;0.3418;0.35156;0.36133;0.37109;0.38086;0.39063;0.40039;0.41016;0.41992;0.42969;0.43945;0.44922;0.45898;0.46875;0.47852;0.48828;0.49805;0.50781;0.51758;0.52734;0.53711;0.54688;0.55664;0.56641;0.57617;0.58594;0.5957;0.60547;0.61523;0.625;0.63477;0.64453;0.6543;0.66406;0.67383;0.68359;0.69336;0.70313;0.71289;0.72266;0.73242;0.74219;0.75195;0.76172;0.77148;0.78125;0.79102,0.0036812800000000003;0.006907904;0.010835968;0.00843776;0.004395008;0.013947903999999999;0.014767104;0.003485696;0.004870144;0.007422976;0.009400320000000002;0.005917696;0.006295551999999999;0.00556032;0.005501952;0.00625664;0.004011008;0.002929664;0.001632256;0.001096704;0.0013690880000000003;0.0012646399999999998;0.002177024;0.00452096;0.00381952;0.002651136;0.002407424;0.0021893120000000005;0.0017018880000000001;0.00193536;0.0027432959999999997;0.0028764159999999997;0.0011601919999999998;0.001286144;0.002169856;0.003362816;0.0035276800000000005;0.0027586560000000004;0.002568192;0.002086912;0.002081792;0.0014940160000000001;0.000896;0.000968704;0.00096768;0.0006021119999999999;0.000576512;0.000539648;0.0007280640000000001;0.00045056;0.000567296;0.0005621760000000001;0.000590848;0.000616448;0.000625664;0.0006656;0.0009523200000000001;0.001057792;0.0011448320000000001;0.0011909120000000001;0.00109056;0.0010956800000000001;0.0013475839999999998;0.0015953919999999997;0.001531904;0.00183296;0.002143232;0.001652736;0.0024002560000000004;0.002146304;0.002064384;0.001938432;0.00203264;0.001659904;0.001803264;0.00187392;0.001241088;0.001056768;0.000900096
1788340500,hdr,0.0293;0.03906;0.04883;0.05859;0.06836;0.07813;0.08789;0.09766;0.10742;0.11719;0.12695;0.13672;0.14648;0.15625;0.16602;0.17578;0.18555;0.19531;0.20508;0.21484;0.22461;0.23438;0.24414;0.25391;0.26367;0.27344;0.2832;0.29297;0.30273;0.3125;0.32227;0.33203;0.3418;0.35156;0.36133;0.37109;0.38086;0.39063;0.40039;0.41016;0.41992;0.42969;0.43945;0.44922;0.45898;0.46875;0.47852;0.48828;0.49805;0.50781;0.51758;0.52734;0.53711;0.54688;0.55664;0.56641;0.57617;0.58594;0.5957;0.60547;0.61523;0.625;0.63477;0.64453;0.6543;0.66406;0.67383;0.68359;0.69336;0.70313;0.71289;0.72266;0.73242;0.74219;0.75195;0.76172;0.77148;0.78125;0.79102,0.0015964160000000002;0.00331264;0.00363008;0.0023470080000000003;0.0035809279999999997;0.006120448;0.005029888;0.002935808;0.0056176640000000005;0.0074803199999999995;0.005594112;0.006508544;0.0069396480000000005;0.0068577280000000004;0.00999424;0.0069222400000000005;0.003521536;0.002699264;0.002123776;0.001007616;0.001374208;0.001504256;0.001651712;0.002403328;0.0019537919999999998;0.0014827520000000002;0.0022947840000000002;0.00183296;0.001649664;0.00183296;0.002286592;0.001462272;0.001861632;0.0015493120000000002;0.002210816;0.002097152;0.002148352;0.0013352960000000001;0.0013393919999999998;0.00160768;0.0015984640000000002;0.0016220159999999998;0.001125376;0.000823296;0.0007290879999999999;0.0010455039999999998;0.00128512;0.001685504;0.001289216;0.0007249919999999999;0.000761856;0.000776192;0.001893376;0.00187392;0.0014233599999999998;0.001636352;0.0030289920000000003;0.003095552;0.00247808;0.0032337920000000005;0.00301568;0.001647616;0.003152896;0.005797888000000001;0.004962303999999999;0.003252224;0.003805184;0.0031139839999999998;0.0026777600000000004;0.003417088;0.0036321279999999997;0.002581504;0.00247808;0.002674688;0.0016773119999999998;0.001860608;0.001830912;0.0016230399999999999;0.00142848
1788341400,hdr,0.0293;0.03906;0.04883;0.05859;0.06836;0.07813;0.08789;0.09766;0.10742;0.11719;0.12695;0.13672;0.14648;0.15625;0.16602;0.17578;0.18555;0.19531;0.20508;0.21484;0.22461;0.23438;0.24414;0.25391;0.26367;0.27344;0.2832;0.29297;0.30273;0.3125;0.32227;0.33203;0.3418;0.35156;0.36133;0.37109;0.38086;0.39063;0.40039;0.41016;0.41992;0.42969;0.43945;0.44922;0.45898;0.46875;0.47852;0.48828;0.49805;0.50781;0.51758;0.52734;0.53711;0.54688;0.55664;0.56641;0.57617;0.58594;0.5957;0.60547;0.61523;0.625;0.63477;0.64453;0.6543;0.66406;0.67383;0.68359;0.69336;0.70313;0.71289;0.72266;0.73242;0.74219;0.75195;0.76172;0.77148;0.78125;0.79102,0.002509824;0.003710976;0.003831808;0.003959808;0.0053913599999999996;0.015745024;0.020908032;0.011303936;0.007064576;0.0066959359999999996;0.007440384;0.006490112;0.005855232;0.004538368;0.003985408;0.0049879040000000005;0.0027566080000000002;0.001395712;0.002000896;0.0013864959999999999;0.001210368;0.000918528;0.001746944;0.0031774719999999998;0.002914304;0.0018513919999999999;0.001570816;0.001282048;0.001683456;0.00244736;0.0013312;0.001101824;0.0017848319999999999;0.0017131520000000001;0.0013117439999999999;0.001009664;0.0013035520000000001;0.0021207039999999997;0.001688576;0.001954816;0.001583104;0.000738304;0.0006604799999999999;0.0008345599999999999;0.001098752;0.001147904;0.000884736;0.000896;0.0009216000000000001;0.001323008;0.0013424640000000002;0.001412096;0.00314368;0.003006464;0.002325504;0.003807232;0.00474112;0.00394752;0.0024463360000000003;0.003736576;0.00729088;0.006224896000000001;0.006146048;0.005251072;0.004752384;0.003908608;0.004462592;0.005239808;0.0035205120000000004;0.002118656;0.0015103999999999999;0.0018278399999999998;0.001441792;0.00128;0.001574912;0.00188928;0.001502208;0.001009664;0.0012441599999999998
1788342300,hdr,0.0293;0.03906;0.04883;0.05859;0.06836;0.07813;0.08789;0.09766;0.10742;0.11719;0.12695;0.13672;0.14648;0.15625;0.16602;0.17578;0.18555;0.19531;0.20508;0.21484;0.22461;0.23438;0.24414;0.25391;0.26367;0.27344;0.2832;0.29297;0.30273;0.3125;0.32227;0.33203;0.3418;0.35156;0.36133;0.37109;0.38086;0.39063;0.40039;0.41016;0.41992;0.42969;0.43945;0.44922;0.45898;0.46875;0.47852;0.48828;0.49805;0.50781;0.51758;0.52734;0.53711;0.54688;0.55664;0.56641;0.57617;0.58594;0.5957;0.60547;0.61523;0.625;0.63477;0.64453;0.6543;0.66406;0.67383;0.68359;0.69336;0.70313;0.71289;0.72266;0.73242;0.74219;0.75195;0.76172;0.77148;0.78125;0.79102,0.002336768;0.007764992;0.005065728;0.000774144;0.0046970879999999994;0.016458752;0.023937024;0.007933952;0.005632;0.0058818559999999995;0.003360768;0.00283648;0.004279296;0.004376576;0.005640192;0.007488512;0.0038860800000000005;0.00236032;0.0018944;0.0018257920000000001;0.001106944;0.001132544;0.001166336;0.001619968;0.0016732160000000002;0.0024002560000000004;0.002101248;0.001524736;0.001439744;0.001138688;0.0010608640000000001;0.0015656959999999999;0.0019435519999999999;0.001168384;0.000649216;0.0012288;0.00183808;0.0013680639999999998;0.0013393919999999998;0.00157184;0.00139776;0.0007229440000000001;0.000796672;0.0013752319999999999;0.001344512;0.000939008;0.000854016;0.000577536;0.0007946240000000001;0.0008222720000000001;0.001040384;0.001021952;0.001327104;0.001681408;0.0020224;0.0023807999999999998;0.003721216;0.0038799359999999996;0.005646336;0.007851008;0.0079616;0.007175168000000001;0.005226496;0.004596736;0.0037304319999999997;0.003873792;0.003953664;0.0020398079999999997;0.0019046400000000002;0.001528832;0.001188864;0.00128;0.0018135039999999999;0.001572864;0.0014438399999999998;0.001243136;0.0009738240000000001;0.000817152;0.0010496000000000001
1788343200,hdr,0.0293;0.03906;0.04883;0.05859;0.06836;0.07813;0.08789;0.09766;0.10742;0.11719;0.12695;0.13672;0.14648;0.15625;0.16602;0.17578;0.18555;0.19531;0.20508;0.21484;0.22461;0.23438;0.24414;0.25391;0.26367;0.27344;0.2832;0.29297;0.30273;0.3125;0.32227;0.33203;0.3418;0.35156;0.36133;0.37109;0.38086;0.39063;0.40039;0.41016;0.41992;0.42969;0.43945;0.44922;0.45898;0.46875;0.47852;0.48828;0.49805;0.50781;0.51758;0.52734;0.53711;0.54688;0.55664;0.56641;0.57617;0.58594;0.5957;0.60547;0.61523;0.625;0.63477;0.64453;0.6543;0.66406;0.67383;0.68359;0.69336;0.70313;0.71289;0.72266;0.73242;0.74219;0.75195;0.76172;0.77148;0.78125;0.79102,0.004544512;0.0057344;0.00363008;0.003922944;0.003352576;0.01135616;0.022632448;0.010563584;0.009875456;0.009971711999999999;0.00774144;0.006564863999999999;0.006914048;0.005782528;0.004598784000000001;0.00580096;0.005946368;0.004886528;0.0048783360000000005;0.002803712;0.0013240320000000002;0.001221632;0.001944576;0.001750016;0.002609152;0.0023470080000000003;0.0018176000000000002;0.001574912;0.0017336320000000001;0.001929216;0.001866752;0.001632256;0.0014233599999999998;0.00151552;0.001099776;0.0022323200000000003;0.0025139200000000002;0.0030412800000000004;0.002451456;0.002666496;0.0013987840000000001;0.0010209280000000002;0.001384448;0.001265664;0.0012359679999999998;0.000813056;0.0005877759999999999;0.00103936;0.0013209599999999997;0.0011909120000000001;0.00119296;0.001036288;0.0012083200000000001;0.0018278399999999998;0.001968128;0.002661376;0.003815424;0.005275648;0.0062904319999999994;0.006361088;0.00623616;0.006155264;0.005408768;0.00523264;0.005330944;0.003584;0.005008384;0.003279872;0.002423808;0.002584576;0.00269824;0.001941504;0.0016435199999999999;0.0014458880000000002;0.0009349119999999999;0.0012789759999999998;0.001028096;0.001078272;0.00141312
1788344100,hdr,0.0293;0.03906;0.04883;0.05859;0.06836;0.07813;0.08789;0.09766;0.10742;0.11719;0.12695;0.13672;0.14648;0.15625;0.16602;0.17578;0.18555;0.19531;0.20508;0.21484;0.22461;0.23438;0.24414;0.25391;0.26367;0.27344;0.2832;0.29297;0.30273;0.3125;0.32227;0.33203;0.3418;0.35156;0.36133;0.37109;0.38086;0.39063;0.40039;0.41016;0.41992;0.42969;0.43945;0.44922;0.45898;0.46875;0.47852;0.48828;0.49805;0.50781;0.51758;0.52734;0.53711;0.54688;0.55664;0.56641;0.57617;0.58594;0.5957;0.60547;0.61523;0.625;0.63477;0.64453;0.6543;0.66406;0.67383;0.68359;0.69336;0.70313;0.71289;0.72266;0.73242;0.74219;0.75195;0.76172;0.77148;0.78125;0.79102,0.002555904;0.003965952;0.005295104;0.00302592;0.0022896640000000003;0.010591232;0.020758528;0.011274240000000001;0.006935552;0.005471232;0.005049344;0.0028129279999999997;0.001599488;0.003459072;0.005669888;0.00291328;0.0028395519999999995;0.004319232;0.004545536;0.001985536;0.0012871680000000002;0.0018432000000000001;0.001805312;0.001680384;0.001302528;0.0017203200000000002;0.002737152;0.0021442559999999998;0.0017889280000000002;0.0025610240000000003;0.001782784;0.0013701120000000002;0.001933312;0.001036288;0.001327104;0.001502208;0.001963008;0.002176;0.0018042879999999998;0.001410048;0.00159744;0.002056192;0.001757184;0.00143872;0.001468416;0.001837056;0.002972672;0.0027023359999999996;0.003231744;0.003940352;0.005624832;0.0036311040000000004;0.0048609280000000005;0.007714816;0.0076994559999999995;0.007488512;0.009935872;0.006059008000000001;0.006887424;0.007949312;0.004661248;0.005012480000000001;0.004315136;0.002952192;0.002673664;0.003016704;0.0018841600000000002;0.001222656;0.0012871680000000002;0.0020838399999999996;0.002092032;0.00199168;0.002034688;0.0013117439999999999;0.0013547519999999999;0.001114112;0.0005744639999999999;0.000905216;0.001882112
1788345000,hdr,0.0293;0.03906;0.04883;0.05859;0.06836;0.07813;0.08789;0.09766;0.10742;0.11719;0.12695;0.13672;0.14648;0.15625;0.16602;0.17578;0.18555;0.19531;0.20508;0.21484;0.22461;0.23438;0.24414;0.25391;0.26367;0.27344;0.2832;0.29297;0.30273;0.3125;0.32227;0.33203;0.3418;0.35156;0.36133;0.37109;0.38086;0.39063;0.40039;0.41016;0.41992;0.42969;0.43945;0.44922;0.45898;0.46875;0.47852;0.48828;0.49805;0.50781;0.51758;0.52734;0.53711;0.54688;0.55664;0.56641;0.57617;0.58594;0.5957;0.60547;0.61523;0.625;0.63477;0.64453;0.6543;0.66406;0.67383;0.68359;0.69336;0.70313;0.71289;0.72266;0.73242;0.74219;0.75195;0.76172;0.77148;0.78125;0.79102,0.000671744;0.0021442559999999998;0.004880384;0.0035246080000000003;0.0034181119999999996;0.023305216;0.038068224000000005;0.009986048;0.006644736;0.004989951999999999;0.0043827200000000005;0.005711872;0.003172352;0.004224;0.003224576;0.004574208;0.005925888;0.004641792;0.003633152;0.002638848;0.001620992;0.001062912;0.001309696;0.002159616;0.002562048;0.0017530879999999999;0.0015165439999999999;0.0028846080000000003;0.0022886399999999998;0.0027729919999999997;0.002499584;0.003862528;0.00738304;0.0052019200000000005;0.002605056;0.0029859840000000006;0.0025047039999999995;0.002881536;0.00269312;0.002115584;0.0013148160000000001;0.002409472;0.002550784;0.002008064;0.00301056;0.004081664;0.003531776;0.003844096;0.005076991999999999;0.008101888000000002;0.013890560000000001;0.012983295999999998;0.007358464;0.006882304;0.007377919999999999;0.007891968000000001;0.00722944;0.00743424;0.005625855999999999;0.007530496;0.003637248;0.0036116480000000003;0.0035481600000000003;0.00353792;0.0033372160000000005;0.00288256;0.00162816;0.001905664;0.0019712;0.00214016;0.0022241279999999997;0.001911808;0.001726464;0.001964032;0.001202176;0.001058816;0.0017131520000000001;0.001195008;0.000782336
1788345900,hdr,0.0293;0.03906;0.04883;0.05859;0.06836;0.07813;0.08789;0.09766;0.10742;0.11719;0.12695;0.13672;0.14648;0.15625;0.16602;0.17578;0.18555;0.19531;0.20508;0.21484;0.22461;0.23438;0.24414;0.25391;0.26367;0.27344;0.2832;0.29297;0.30273;0.3125;0.32227;0.33203;0.3418;0.35156;0.36133;0.37109;0.38086;0.39063;0.40039;0.41016;0.41992;0.42969;0.43945;0.44922;0.45898;0.46875;0.47852;0.48828;0.49805;0.50781;0.51758;0.52734;0.53711;0.54688;0.55664;0.56641;0.57617;0.58594;0.5957;0.60547;0.61523;0.625;0.63477;0.64453;0.6543;0.66406;0.67383;0.68359;0.69336;0.70313;0.71289;0.72266;0.73242;0.74219;0.75195;0.76172;0.77148;0.78125;0.79102,0.002737152;0.003013632;0.00463872;0.0024494079999999997;0.006035456;0.009766912;0.014380032;0.014223359999999999;0.010246143999999999;0.005376;0.003008512;0.0040796159999999995;0.003726336;0.002692096;0.003057664;0.002399232;0.001870848;0.002881536;0.00293888;0.0025743360000000004;0.0023818240000000003;0.001646592;0.001639424;0.0018636800000000002;0.001818624;0.002337792;0.002589696;0.00229888;0.002373632;0.001799168;0.0015103999999999999;0.00104448;0.00085504;0.0013342719999999998;0.001611776;0.001426432;0.001483776;0.001654784;0.003385344;0.0036812800000000003;0.0024381439999999997;0.001229824;0.0008447999999999999;0.002531328;0.004119551999999999;0.005484544;0.0075898879999999995;0.01207296;0.010664960000000001;0.009239552;0.009203712;0.007967743999999999;0.00920064;0.013563904;0.007729152;0.006385664000000001;0.0053340160000000005;0.003618816;0.004670464;0.00750592;0.005221376;0.00417792;0.004168704;0.0036966399999999997;0.002870272;0.0026531840000000003;0.003084288;0.002172928;0.0017735679999999999;0.002994176;0.002696192;0.0016066560000000001;0.0016404479999999999;0.0011714560000000002;0.0010516479999999999;0.0010250239999999998;0.0010086399999999999;0.0012451839999999999;0.0010455039999999998
1788346800,hdr,0.0293;0.03906;0.04883;0.05859;0.06836;0.07813;0.08789;0.09766;0.10742;0.11719;0.12695;0.13672;0.14648;0.15625;0.16602;0.17578;0.18555;0.19531;0.20508;0.21484;0.22461;0.23438;0.24414;0.25391;0.26367;0.27344;0.2832;0.29297;0.30273;0.3125;0.32227;0.33203;0.3418;0.35156;0.36133;0.37109;0.38086;0.39063;0.40039;0.41016;0.41992;0.42969;0.43945;0.44922;0.45898;0.46875;0.47852;0.48828;0.49805;0.50781;0.51758;0.52734;0.53711;0.54688;0.55664;0.56641;0.57617;0.58594;0.5957;0.60547;0.61523;0.625;0.63477;0.64453;0.6543;0.66406;0.67383;0.68359;0.69336;0.70313;0.71289;0.72266;0.73242;0.74219;0.75195;0.76172;0.77148;0.78125;0.79102,0.006023168;0.006452224;0.0035778560000000004;0.002953216;0.004459520000000001;0.015242239999999999;0.028460032000000003;0.012889088;0.004364288000000001;0.003470336;0.004037632;0.004081664;0.0030822400000000004;0.0043806719999999995;0.004319232;0.003729408;0.0055705600000000004;0.004767744000000001;0.00428032;0.002675712;0.0011673599999999999;0.001412096;0.00178176;0.0016773119999999998;0.0017326079999999998;0.002167808;0.0022978559999999996;0.00213504;0.002134016;0.0015697920000000002;0.001483776;0.001061888;0.0005007359999999999;0.0008222720000000001;0.0017889280000000002;0.0023111679999999997;0.00165888;0.0019968;0.00359936;0.00285696;0.00234496;0.004105216;0.004171776000000001;0.00410112;0.006450175999999999;0.011080704000000002;0.013182976;0.009447424;0.012905472;0.014721024;0.014400512;0.012903423999999998;0.007864320000000001;0.007450624;0.012422144;0.008310784;0.004539392000000001;0.00585728;0.004145152;0.003207168;0.004365312;0.0032133120000000003;0.003347456;0.002543616;0.003360768;0.002871296;0.0020029439999999996;0.00262656;0.001824768;0.0011601919999999998;0.000787456;0.0006000640000000001;0.001153024;0.0010209280000000002;0.0011837439999999998;0.0007116799999999999;0.000776192;0.001117184;0.001134592
1788347700,hdr,0.0293;0.03906;0.04883;0.05859;0.06836;0.07813;0.08789;0.09766;0.10742;0.11719;0.12695;0.13672;0.14648;0.15625;0.16602;0.17578;0.18555;0.19531;0.20508;0.21484;0.22461;0.23438;0.24414;0.25391;0.26367;0.27344;0.2832;0.29297;0.30273;0.3125;0.32227;0.33203;0.3418;0.35156;0.36133;0.37109;0.38086;0.39063;0.40039;0.41016;0.41992;0.42969;0.43945;0.44922;0.45898;0.46875;0.47852;0.48828;0.49805;0.50781;0.51758;0.52734;0.53711;0.54688;0.55664;0.56641;0.57617;0.58594;0.5957;0.60547;0.61523;0.625;0.63477;0.64453;0.6543;0.66406;0.67383;0.68359;0.69336;0.70313;0.71289;0.72266;0.73242;0.74219;0.75195;0.76172;0.77148;0.78125;0.79102,0.0024791039999999998;0.004455424;0.0015779840000000002;0.001273856;0.003929088;0.01147392;0.017655808000000002;0.014084096;0.007371776;0.003122176;0.0033300480000000004;0.003406848;0.0046848;0.004780032;0.003963904;0.0020398079999999997;0.001731584;0.003129344;0.002840576;0.0023336960000000006;0.0023388159999999996;0.001816576;0.001774592;0.0017356799999999999;0.001604608;0.001655808;0.0025118719999999996;0.0018278399999999998;0.001818624;0.001035264;0.0006502400000000001;0.0008304639999999999;0.001145856;0.0010608640000000001;0.001149952;0.001038336;0.0014110720000000002;0.0022067199999999997;0.00280064;0.0031098880000000003;0.003981312;0.005379072;0.007165952000000001;0.01207808;0.009807871999999999;0.014630912000000001;0.009874432;0.011143168;0.010693632;0.013722624;0.010402815999999999;0.009713663999999999;0.009217023999999999;0.007461888;0.005138432;0.0034949119999999998;0.005055488;0.0043980799999999995;0.004682751999999999;0.003981312;0.002760704;0.00331776;0.003920896;0.00283648;0.0018432000000000001;0.0017459199999999998;0.00180224;0.0022937599999999997;0.0029839359999999995;0.0025251839999999998;0.001447936;0.0019189760000000002;0.001371136;0.0010936319999999998;0.001792;0.0011509760000000002;0.000899072;0.0011468799999999999;0.001281024
1788348600,hdr,0.0293;0.03906;0.04883;0.05859;0.06836;0.07813;0.08789;0.09766;0.10742;0.11719;0.12695;0.13672;0.14648;0.15625;0.16602;0.17578;0.18555;0.19531;0.20508;0.21484;0.22461;0.23438;0.24414;0.25391;0.26367;0.27344;0.2832;0.29297;0.30273;0.3125;0.32227;0.33203;0.3418;0.35156;0.36133;0.37109;0.38086;0.39063;0.40039;0.41016;0.41992;0.42969;0.43945;0.44922;0.45898;0.46875;0.47852;0.48828;0.49805;0.50781;0.51758;0.52734;0.53711;0.54688;0.55664;0.56641;0.57617;0.58594;0.5957;0.60547;0.61523;0.625;0.63477;0.64453;0.6543;0.66406;0.67383;0.68359;0.69336;0.70313;0.71289;0.72266;0.73242;0.74219;0.75195;0.76172;0.77148;0.78125;0.79102,0.0008325120000000001;0.002302976;0.002615296;0.001550336;0.0030832639999999996;0.019153919999999998;0.022788095999999997;0.010476543999999999;0.0035809279999999997;0.004033536;0.004310016;0.00343552;0.00336896;0.00204288;0.0028221440000000004;0.002013184;0.001502208;0.0023439359999999996;0.002707456;0.001999872;0.001678336;0.001789952;0.001477632;0.002048;0.001030144;0.00136704;0.00157184;0.001583104;0.0015411200000000002;0.0010833919999999999;0.001217536;0.001403904;0.001529856;0.001850368;0.0023807999999999998;0.002072576;0.0020121600000000003;0.0034611200000000003;0.004747264;0.0027279360000000002;0.00413184;0.0068577280000000004;0.005833728;0.009854976000000001;0.012068864;0.01664512;0.019059712;0.017819648;0.014559232;0.011570176;0.0081152;0.005439488;0.009214976;0.006415359999999999;0.007353344;0.006431744;0.004585472000000001;0.002531328;0.002778112;0.003208192;0.002516992;0.00269824;0.002625536;0.0025200640000000002;0.002445312;0.0019169279999999998;0.0025036800000000003;0.0013568;0.001941504;0.002423808;0.002009088;0.001928192;0.00165888;0.0015206400000000002;0.0015851519999999998;0.001373184;0.001874944;0.00119296;0.0009297919999999999
1788349500,hdr,0.0293;0.03906;0.04883;0.05859;0.06836;0.07813;0.08789;0.09766;0.10742;0.11719;0.12695;0.13672;0.14648;0.15625;0.16602;0.17578;0.18555;0.19531;0.20508;0.21484;0.22461;0.23438;0.24414;0.25391;0.26367;0.27344;0.2832;0.29297;0.30273;0.3125;0.32227;0.33203;0.3418;0.35156;0.36133;0.37109;0.38086;0.39063;0.40039;0.41016;0.41992;0.42969;0.43945;0.44922;0.45898;0.46875;0.47852;0.48828;0.49805;0.50781;0.51758;0.52734;0.53711;0.54688;0.55664;0.56641;0.57617;0.58594;0.5957;0.60547;0.61523;0.625;0.63477;0.64453;0.6543;0.66406;0.67383;0.68359;0.69336;0.70313;0.71289;0.72266;0.73242;0.74219;0.75195;0.76172;0.77148;0.78125;0.79102,0.000628736;0.0027852800000000002;0.0023500800000000005;0.0025036800000000003;0.004407296;0.013923327999999999;0.020094975999999997;0.012926976;0.00705024;0.006069247999999999;0.0046694399999999995;0.002625536;0.0022906879999999995;0.0029695999999999998;0.004258816;0.00413184;0.0020838399999999996;0.002156544;0.001682432;0.003134464;0.0031784960000000003;0.001811456;0.000915456;0.0011755519999999998;0.001811456;0.001201152;0.001242112;0.0021411840000000004;0.002106368;0.001537024;0.001009664;0.001147904;0.001654784;0.002096128;0.0015872;0.0019937279999999997;0.002366464;0.004373504;0.007732224;0.0077189120000000005;0.00706048;0.008472576;0.015526912;0.019625984;0.013720576;0.008139776;0.007789568;0.016754688;0.011972608;0.00905216;0.007458816;0.0073185279999999995;0.008413183999999999;0.005301248000000001;0.004673536;0.004975616;0.003848192;0.003795968;0.0018636800000000002;0.002767872;0.00351744;0.0029911039999999996;0.0033791999999999997;0.0036864000000000003;0.0026419199999999994;0.002725888;0.0026480640000000003;0.0015411200000000002;0.0008601600000000001;0.001035264;0.001107968;0.001053696;0.001323008;0.001316864;0.001455104;0.001193984;0.0013322240000000001;0.00154624;0.001202176
1788350400,hdr,0.0293;0.03906;0.04883;0.05859;0.06836;0.07813;0.08789;0.09766;0.10742;0.11719;0.12695;0.13672;0.14648;0.15625;0.16602;0.17578;0.18555;0.19531;0.20508;0.21484;0.22461;0.23438;0.24414;0.25391;0.26367;0.27344;0.2832;0.29297;0.30273;0.3125;0.32227;0.33203;0.3418;0.35156;0.36133;0.37109;0.38086;0.39063;0.40039;0.41016;0.41992;0.42969;0.43945;0.44922;0.45898;0.46875;0.47852;0.48828;0.49805;0.50781;0.51758;0.52734;0.53711;0.54688;0.55664;0.56641;0.57617;0.58594;0.5957;0.60547;0.61523;0.625;0.63477;0.64453;0.6543;0.66406;0.67383;0.68359;0.69336;0.70313;0.71289;0.72266;0.73242;0.74219;0.75195;0.76172;0.77148;0.78125;0.79102,0.002352128;0.003991552;0.003295232;0.003369984;0.0027105280000000002;0.008036352;0.018961408;0.006453248000000001;0.0054312959999999995;0.003941376;0.0034027519999999998;0.00369152;0.001632256;0.002040832;0.0035205120000000004;0.002111488;0.001975296;0.002469888;0.002927616;0.0015185919999999998;0.0010475520000000002;0.0013342719999999998;0.001891328;0.001601536;0.00131584;0.0020418560000000003;0.00225792;0.002054144;0.0021248;0.001860608;0.0013557760000000002;0.0013783040000000001;0.0022886399999999998;0.002717696;0.0036884480000000004;0.003414016;0.004231168;0.006193152;0.006304768;0.006454272;0.010402815999999999;0.013312;0.012914688;0.017160191999999998;0.015627264000000002;0.016685056;0.014246912;0.011429888000000001;0.013305856;0.00978944;0.007440384;0.006468607999999999;0.004917248;0.009047040000000001;0.007015424;0.003828736;0.004176895999999999;0.005085184;0.004472832;0.003129344;0.0020910079999999997;0.00234496;0.0019476480000000002;0.0020879360000000003;0.00195072;0.001716224;0.002432;0.0021032959999999997;0.0023111679999999997;0.0017561599999999999;0.001933312;0.0020224;0.001778688;0.001906688;0.0017623040000000001;0.00091136;0.001082368;0.000949248;0.0009482239999999999
1788351300,hdr,0.0293;0.03906;0.04883;0.05859;0.06836;0.07813;0.08789;0.09766;0.10742;0.11719;0.12695;0.13672;0.14648;0.15625;0.16602;0.17578;0.18555;0.19531;0.20508;0.21484;0.22461;0.23438;0.24414;0.25391;0.26367;0.27344;0.2832;0.29297;0.30273;0.3125;0.32227;0.33203;0.3418;0.35156;0.36133;0.37109;0.38086;0.39063;0.40039;0.41016;0.41992;0.42969;0.43945;0.44922;0.45898;0.46875;0.47852;0.48828;0.49805;0.50781;0.51758;0.52734;0.53711;0.54688;0.55664;0.56641;0.57617;0.58594;0.5957;0.60547;0.61523;0.625;0.63477;0.64453;0.6543;0.66406;0.67383;0.68359;0.69336;0.70313;0.71289;0.72266;0.73242;0.74219;0.75195;0.76172;0.77148;0.78125;0.79102,0.00335872;0.008656895999999999;0.007118848;0.0033464320000000003;0.0034416639999999997;0.029604863999999998;0.04278784;0.010908672;0.004098048000000001;0.003617792;0.002880512;0.0031354879999999996;0.002052096;0.003366912;0.003274752;0.003801088;0.003191808;0.0022814719999999997;0.001726464;0.001682432;0.0012687360000000001;0.001125376;0.0013783040000000001;0.000896;0.0010803199999999998;0.0016732160000000002;0.001998848;0.002356224;0.002654208;0.002833408;0.0026808319999999997;0.003915776;0.0065515519999999995;0.004810752;0.003853312;0.0053913599999999996;0.006483968;0.007159808;0.007875584;0.011854848;0.011692032;0.007541760000000001;0.012260351999999999;0.014562304;0.012827647999999999;0.008929280000000001;0.011040768;0.009435136;0.006977536;0.005103616;0.0036843519999999997;0.00352256;0.007095296;0.00742912;0.007657472;0.0038461439999999997;0.004185088000000001;0.003683328;0.003703808;0.00270848;0.002374656;0.003924992;0.0030945279999999996;0.0034078719999999997;0.003422208;0.003268608;0.002117632;0.0022661120000000002;0.0026531840000000003;0.0022906879999999995;0.0017121280000000003;0.0015411200000000002;0.0014704639999999999;0.0015544320000000001;0.0013864959999999999;0.001358848;0.00183296;0.0007086080000000001;0.000613376
1788352200,hdr,0.0293;0.03906;0.04883;0.05859;0.06836;0.07813;0.08789;0.09766;0.10742;0.11719;0.12695;0.13672;0.14648;0.15625;0.16602;0.17578;0.18555;0.19531;0.20508;0.21484;0.22461;0.23438;0.24414;0.25391;0.26367;0.27344;0.2832;0.29297;0.30273;0.3125;0.32227;0.33203;0.3418;0.35156;0.36133;0.37109;0.38086;0.39063;0.40039;0.41016;0.41992;0.42969;0.43945;0.44922;0.45898;0.46875;0.47852;0.48828;0.49805;0.50781;0.51758;0.52734;0.53711;0.54688;0.55664;0.56641;0.57617;0.58594;0.5957;0.60547;0.61523;0.625;0.63477;0.64453;0.6543;0.66406;0.67383;0.68359;0.69336;0.70313;0.71289;0.72266;0.73242;0.74219;0.75195;0.76172;0.77148;0.78125;0.79102,0.009207808000000001;0.0146688;0.006111232;0.004491264;0.003621888;0.02786816;0.039110655999999994;0.012651520000000001;0.006941696;0.004110336;0.004647936;0.004023296;0.002686976;0.002304;0.001870848;0.002081792;0.0023132160000000003;0.002208768;0.002993152;0.002217984;0.003134464;0.002092032;0.0021196799999999997;0.001876992;0.00137216;0.001659904;0.002502656;0.0030361600000000004;0.004397056000000001;0.006020096;0.007996416000000001;0.00964608;0.016336896;0.014963711999999999;0.016793600000000002;0.021296128;0.014258176000000001;0.014127104;0.014084096;0.013427712;0.011643903999999998;0.011488255999999999;0.009270272000000001;0.0071393279999999995;0.00851456;0.006614016;0.006943744;0.004665344;0.0045199360000000004;0.004588544;0.005385215999999999;0.00835072;0.008121344;0.004839424;0.0040765440000000005;0.003027968;0.004015104;0.005533696;0.005206016;0.005124096;0.003610624;0.0031406079999999996;0.00270336;0.001234944;0.001560576;0.002212864;0.002620416;0.002177024;0.001512448;0.001641472;0.0020490240000000004;0.001472512;0.001601536;0.0017018880000000001;0.001647616;0.0020183040000000003;0.001700864;0.000651264;0.00067072
1788353100,hdr,0.0293;0.03906;0.04883;0.05859;0.06836;0.07813;0.08789;0.09766;0.10742;0.11719;0.12695;0.13672;0.14648;0.15625;0.16602;0.17578;0.18555;0.19531;0.20508;0.21484;0.22461;0.23438;0.24414;0.25391;0.26367;0.27344;0.2832;0.29297;0.30273;0.3125;0.32227;0.33203;0.3418;0.35156;0.36133;0.37109;0.38086;0.39063;0.40039;0.41016;0.41992;0.42969;0.43945;0.44922;0.45898;0.46875;0.47852;0.48828;0.49805;0.50781;0.51758;0.52734;0.53711;0.54688;0.55664;0.56641;0.57617;0.58594;0.5957;0.60547;0.61523;0.625;0.63477;0.64453;0.6543;0.66406;0.67383;0.68359;0.69336;0.70313;0.71289;0.72266;0.73242;0.74219;0.75195;0.76172;0.77148;0.78125;0.79102,0.004015104;0.0070144000000000005;0.006168576;0.004289536;0.008252416;0.020929536;0.020891648000000002;0.009792512000000001;0.009788416;0.0051025919999999995;0.005156864;0.0057047040000000005;0.003714048;0.00269312;0.0022947840000000002;0.002961408;0.002127872;0.00245248;0.00384512;0.0023439359999999996;0.002064384;0.001639424;0.001763328;0.00226304;0.002179072;0.0022947840000000002;0.00413696;0.004191232;0.005003264;0.00512;0.0054272;0.006500352000000001;0.009020416000000002;0.013177856;0.017089536;0.018610176;0.018521087999999998;0.017528832;0.015470592;0.0069375999999999995;0.0072806400000000005;0.006525952;0.007536640000000001;0.00636928;0.0031979519999999996;0.0037632;0.004917248;0.007035904000000001;0.006305792;0.002601984;0.00338944;0.003206144;0.0027975680000000003;0.003478528;0.003208192;0.0038819839999999998;0.003364864;0.002404352;0.003807232;0.004742143999999999;0.005192703999999999;0.004119551999999999;0.002390016;0.0018360320000000002;0.002427904;0.003166208;0.0029880320000000003;0.002172928;0.001924096;0.002424832;0.002101248;0.002497536;0.00215552;0.001161216;0.001122304;0.000930816;0.001004544;0.0010516479999999999;0.001145856
1788354900,hdr,0.0293;0.03906;0.04883;0.05859;0.06836;0.07813;0.08789;0.09766;0.10742;0.11719;0.12695;0.13672;0.14648;0.15625;0.16602;0.17578;0.18555;0.19531;0.20508;0.21484;0.22461;0.23438;0.24414;0.25391;0.26367;0.27344;0.2832;0.29297;0.30273;0.3125;0.32227;0.33203;0.3418;0.35156;0.36133;0.37109;0.38086;0.39063;0.40039;0.41016;0.41992;0.42969;0.43945;0.44922;0.45898;0.46875;0.47852;0.48828;0.49805;0.50781;0.51758;0.52734;0.53711;0.54688;0.55664;0.56641;0.57617;0.58594;0.5957;0.60547;0.61523;0.625;0.63477;0.64453;0.6543;0.66406;0.67383;0.68359;0.69336;0.70313;0.71289;0.72266;0.73242;0.74219;0.75195;0.76172;0.77148;0.78125;0.79102,0.004074496;0.006834176;0.008713216;0.0052520959999999995;0.0069324799999999995;0.017327104;0.020983808;0.008267776;0.0052572159999999995;0.005931008000000001;0.0063232;0.007058432;0.005907456;0.004558848;0.003862528;0.002960384;0.0022896640000000003;0.001304576;0.001861632;0.002409472;0.001286144;0.001649664;0.00157184;0.0015544320000000001;0.001480704;0.0014653440000000002;0.001668096;0.003596288;0.004918272;0.004117504;0.005669888;0.00781312;0.011119616;0.01031168;0.009793536;0.010269696;0.008882176;0.006731776;0.00558592;0.00526336;0.008048640000000001;0.008082432;0.004409344;0.002655232;0.0035450879999999996;0.0030863360000000003;0.0037877759999999996;0.0031027200000000002;0.003324928;0.0036157439999999997;0.00386048;0.0024104960000000003;0.0021872639999999995;0.0023111679999999997;0.002612224;0.0026490879999999995;0.00244736;0.002497536;0.002642944;0.0028385280000000003;0.002501632;0.00194048;0.001475584;0.001528832;0.001542144;0.001460224;0.00091648;0.00109056;0.001251328;0.001258496;0.001512448;0.0015472639999999998;0.00080384;0.000987136;0.0007946240000000001;0.000638976;0.000897024;0.001301504;0.00097792
1788355800,hdr,0.0293;0.03906;0.04883;0.05859;0.06836;0.07813;0.08789;0.09766;0.10742;0.11719;0.12695;0.13672;0.14648;0.15625;0.16602;0.17578;0.18555;0.19531;0.20508;0.21484;0.22461;0.23438;0.24414;0.25391;0.26367;0.27344;0.2832;0.29297;0.30273;0.3125;0.32227;0.33203;0.3418;0.35156;0.36133;0.37109;0.38086;0.39063;0.40039;0.41016;0.41992;0.42969;0.43945;0.44922;0.45898;0.46875;0.47852;0.48828;0.49805;0.50781;0.51758;0.52734;0.53711;0.54688;0.55664;0.56641;0.57617;0.58594;0.5957;0.60547;0.61523;0.625;0.63477;0.64453;0.6543;0.66406;0.67383;0.68359;0.69336;0.70313;0.71289;0.72266;0.73242;0.74219;0.75195;0.76172;0.77148;0.78125;0.79102,0.00230912;0.002086912;0.001610752;0.003366912;0.0059791359999999995;0.020092928;0.02612224;0.016695296;0.006537216;0.00462336;0.004292608;0.0025405440000000005;0.001927168;0.002741248;0.0023019520000000003;0.002139136;0.00270848;0.001410048;0.001550336;0.0017408;0.001560576;0.001902592;0.0011264;0.001534976;0.00239616;0.00193024;0.002084864;0.002491392;0.003336192;0.005971968000000001;0.008887295999999998;0.009085952000000001;0.011548672000000001;0.013673471999999999;0.019146752;0.014621696;0.0089344;0.010657792000000001;0.01120256;0.008256512;0.005660671999999999;0.0043806719999999995;0.004902912;0.005099520000000001;0.0027453439999999994;0.002686976;0.003042304;0.002366464;0.0020910079999999997;0.001942528;0.0015943679999999999;0.002944;0.002651136;0.003084288;0.0025415679999999997;0.001855488;0.0026624;0.00207872;0.001497088;0.001645568;0.002081792;0.0019466239999999999;0.002395136;0.002776064;0.001754112;0.001400832;0.00180736;0.00154624;0.0014704639999999999;0.0013608960000000001;0.0011694079999999998;0.000995328;0.0012185600000000003;0.001420288;0.001542144;0.0009318400000000001;0.0010291200000000001;0.001364992;0.001129472
1788356700,hdr,0.0293;0.03906;0.04883;0.05859;0.06836;0.07813;0.08789;0.09766;0.10742;0.11719;0.12695;0.13672;0.14648;0.15625;0.16602;0.17578;0.18555;0.19531;0.20508;0.21484;0.22461;0.23438;0.24414;0.25391;0.26367;0.27344;0.2832;0.29297;0.30273;0.3125;0.32227;0.33203;0.3418;0.35156;0.36133;0.37109;0.38086;0.39063;0.40039;0.41016;0.41992;0.42969;0.43945;0.44922;0.45898;0.46875;0.47852;0.48828;0.49805;0.50781;0.51758;0.52734;0.53711;0.54688;0.55664;0.56641;0.57617;0.58594;0.5957;0.60547;0.61523;0.625;0.63477;0.64453;0.6543;0.66406;0.67383;0.68359;0.69336;0.70313;0.71289;0.72266;0.73242;0.74219;0.75195;0.76172;0.77148;0.78125;0.79102,0.0032276479999999996;0.002310144;0.002646016;0.0026685439999999997;0.004755456;0.012347392;0.030081023999999998;0.018423808;0.006859776;0.004973568;0.004393983999999999;0.0023275519999999997;0.001501184;0.002048;0.003054592;0.003195904;0.0040867839999999996;0.002896896;0.003422208;0.0027822079999999996;0.002302976;0.001702912;0.001401856;0.001723392;0.001513472;0.0015892480000000001;0.0020910079999999997;0.003946496;0.004815872;0.004550656;0.006780928;0.010541055999999998;0.013448192000000001;0.010674175999999999;0.016607232;0.012683264;0.008435712000000001;0.007873536;0.009344;0.004627455999999999;0.004941824000000001;0.005237759999999999;0.004108288;0.004227072;0.003444736;0.003382272;0.003021824;0.004025343999999999;0.0034795520000000003;0.003451904;0.002125824;0.004104192;0.002231296;0.002071552;0.0031488;0.002627584;0.001856512;0.0026490879999999995;0.005004288;0.0049664;0.00433152;0.0038092800000000004;0.003876864;0.003591168;0.0029184000000000002;0.0023500800000000005;0.00194048;0.001599488;0.001509376;0.001261568;0.00091648;0.000989184;0.001483776;0.001692672;0.00196096;0.00202752;0.001289216;0.001101824;0.001584128
1788357600,hdr,0.0293;0.03906;0.04883;0.05859;0.06836;0.07813;0.08789;0.09766;0.10742;0.11719;0.12695;0.13672;0.14648;0.15625;0.16602;0.17578;0.18555;0.19531;0.20508;0.21484;0.22461;0.23438;0.24414;0.25391;0.26367;0.27344;0.2832;0.29297;0.30273;0.3125;0.32227;0.33203;0.3418;0.35156;0.36133;0.37109;0.38086;0.39063;0.40039;0.41016;0.41992;0.42969;0.43945;0.44922;0.45898;0.46875;0.47852;0.48828;0.49805;0.50781;0.51758;0.52734;0.53711;0.54688;0.55664;0.56641;0.57617;0.58594;0.5957;0.60547;0.61523;0.625;0.63477;0.64453;0.6543;0.66406;0.67383;0.68359;0.69336;0.70313;0.71289;0.72266;0.73242;0.74219;0.75195;0.76172;0.77148;0.78125;0.79102,0.006018048000000001;0.007168;0.006732800000000001;0.007971840000000001;0.012101632;0.020675584;0.024510464;0.008324096000000001;0.008108032;0.010765311999999999;0.008262655999999998;0.005001216;0.00256;0.002588672;0.00380416;0.0045475839999999995;0.004245504000000001;0.003104768;0.002776064;0.0037273600000000003;0.0022947840000000002;0.001155072;0.001154048;0.0015390719999999998;0.001700864;0.001717248;0.001811456;0.002364416;0.004191232;0.006848512000000001;0.005238784;0.006782976;0.016889856;0.018874368000000002;0.012592128000000001;0.008938496;0.009938944;0.009285632;0.007447552;0.007221248;0.0061706239999999996;0.005132288;0.00370688;0.004317184;0.004574208;0.003452928;0.003267584;0.004539392000000001;0.004356095999999999;0.0033044479999999998;0.005380095999999999;0.004968448;0.0036976640000000002;0.003613696;0.004946944;0.0060610559999999996;0.005108736000000001;0.0031406079999999996;0.003223552;0.003928064;0.003795968;0.00296448;0.002802688;0.0032921599999999997;0.0031897600000000003;0.00252416;0.002399232;0.002654208;0.0029870079999999998;0.0021524480000000004;0.001903616;0.00131072;0.001759232;0.002123776;0.0013608960000000001;0.002102272;0.002407424;0.0017848319999999999;0.0015738879999999998
1788358500,hdr,0.0293;0.03906;0.04883;0.05859;0.06836;0.07813;0.08789;0.09766;0.10742;0.11719;0.12695;0.13672;0.14648;0.15625;0.16602;0.17578;0.18555;0.19531;0.20508;0.21484;0.22461;0.23438;0.24414;0.25391;0.26367;0.27344;0.2832;0.29297;0.30273;0.3125;0.32227;0.33203;0.3418;0.35156;0.36133;0.37109;0.38086;0.39063;0.40039;0.41016;0.41992;0.42969;0.43945;0.44922;0.45898;0.46875;0.47852;0.48828;0.49805;0.50781;0.51758;0.52734;0.53711;0.54688;0.55664;0.56641;0.57617;0.58594;0.5957;0.60547;0.61523;0.625;0.63477;0.64453;0.6543;0.66406;0.67383;0.68359;0.69336;0.70313;0.71289;0.72266;0.73242;0.74219;0.75195;0.76172;0.77148;0.78125;0.79102,0.003948544;0.010164224;0.0075776;0.004737024;0.010696704;0.031666176;0.025160704;0.009938944;0.008280064;0.00644608;0.004178944;0.002910208;0.0023500800000000005;0.00207872;0.0016936960000000002;0.002043904;0.0025415679999999997;0.002332672;0.00192;0.0012646399999999998;0.001634304;0.001306624;0.001304576;0.001217536;0.00131072;0.001716224;0.0013660159999999998;0.002577408;0.002829312;0.004999168;0.00818688;0.009608192000000002;0.011129856;0.01892352;0.018968575999999997;0.021113856;0.0155392;0.008167424000000001;0.006972416;0.004737024;0.005285888;0.005332992;0.005031936;0.0048486399999999995;0.00771584;0.006572032;0.004153344;0.004209664;0.0055132160000000005;0.003095552;0.0033310719999999996;0.005316608;0.005424127999999999;0.005220352;0.003067904;0.0037027839999999998;0.004315136;0.002484224;0.003237888;0.00339456;0.003816448;0.0032532480000000003;0.002143232;0.0030863360000000003;0.004361215999999999;0.003269632;0.0019251199999999998;0.001502208;0.0024494079999999997;0.002200576;0.001708032;0.001978368;0.00143872;0.001646592;0.001345536;0.001447936;0.001519616;0.0015513600000000001;0.001426432
1788359400,hdr,0.0293;0.03906;0.04883;0.05859;0.06836;0.07813;0.08789;0.09766;0.10742;0.11719;0.12695;0.13672;0.14648;0.15625;0.16602;0.17578;0.18555;0.19531;0.20508;0.21484;0.22461;0.23438;0.24414;0.25391;0.26367;0.27344;0.2832;0.29297;0.30273;0.3125;0.32227;0.33203;0.3418;0.35156;0.36133;0.37109;0.38086;0.39063;0.40039;0.41016;0.41992;0.42969;0.43945;0.44922;0.45898;0.46875;0.47852;0.48828;0.49805;0.50781;0.51758;0.52734;0.53711;0.54688;0.55664;0.56641;0.57617;0.58594;0.5957;0.60547;0.61523;0.625;0.63477;0.64453;0.6543;0.66406;0.67383;0.68359;0.69336;0.70313;0.71289;0.72266;0.73242;0.74219;0.75195;0.76172;0.77148;0.78125;0.79102,0.0057948159999999995;0.010580992000000001;0.008775680000000001;0.008627200000000002;0.008484864;0.019771392;0.015751168;0.011986944;0.009989119999999999;0.0075171840000000005;0.0071936000000000005;0.004406272000000001;0.0028876799999999997;0.0028897280000000003;0.0033464320000000003;0.003951616;0.004813824;0.003710976;0.002958336;0.0025978880000000005;0.0022702079999999997;0.0015964160000000002;0.001820672;0.001533952;0.0010813440000000001;0.00103424;0.0016148479999999999;0.001467392;0.0020838399999999996;0.004385792;0.006881280000000001;0.012479487999999999;0.018224128;0.033270784;0.023251968;0.013613056;0.01284608;0.010208256;0.008307712;0.009905152;0.008937472;0.007003135999999999;0.007571456;0.008327168;0.009151488000000001;0.007333888;0.005854208;0.0069632;0.006273024;0.00678912;0.006294528;0.0036474880000000004;0.003610624;0.00516096;0.004184064;0.004451328;0.006547456;0.005735424;0.0026808319999999997;0.004317184;0.0033228800000000003;0.002992128;0.00234496;0.002208768;0.0037273600000000003;0.003104768;0.002605056;0.001987584;0.002203648;0.0023132160000000003;0.002159616;0.0029573119999999997;0.003191808;0.001995776;0.001241088;0.0018483199999999999;0.00170496;0.001711104;0.0015493120000000002
1788360300,hdr,0.0293;0.03906;0.04883;0.05859;0.06836;0.07813;0.08789;0.09766;0.10742;0.11719;0.12695;0.13672;0.14648;0.15625;0.16602;0.17578;0.18555;0.19531;0.20508;0.21484;0.22461;0.23438;0.24414;0.25391;0.26367;0.27344;0.2832;0.29297;0.30273;0.3125;0.32227;0.33203;0.3418;0.35156;0.36133;0.37109;0.38086;0.39063;0.40039;0.41016;0.41992;0.42969;0.43945;0.44922;0.45898;0.46875;0.47852;0.48828;0.49805;0.50781;0.51758;0.52734;0.53711;0.54688;0.55664;0.56641;0.57617;0.58594;0.5957;0.60547;0.61523;0.625;0.63477;0.64453;0.6543;0.66406;0.67383;0.68359;0.69336;0.70313;0.71289;0.72266;0.73242;0.74219;0.75195;0.76172;0.77148;0.78125;0.79102,0.007743488000000001;0.010580992000000001;0.007916544;0.0022323200000000003;0.011449343999999998;0.034629632;0.034912256;0.015525888000000002;0.012225536;0.013398016;0.007617536;0.0041564160000000005;0.003514368;0.00351744;0.0026624;0.002972672;0.0031928320000000005;0.0025344;0.001391616;0.002054144;0.0028467199999999996;0.002028544;0.002054144;0.001790976;0.001882112;0.0024371200000000005;0.0025384959999999995;0.004263936;0.007346175999999999;0.008512511999999998;0.009565184000000001;0.011631616;0.013638655999999999;0.019096575999999997;0.020463615999999997;0.017086464;0.02036224;0.015970304;0.010496;0.006756352;0.005957632000000001;0.0057200639999999995;0.006724608;0.006818816;0.007822336000000001;0.006559744;0.004093952;0.009959424000000001;0.00963584;0.008208384;0.010032128000000001;0.007554048;0.005654528000000001;0.005910528;0.008950784;0.0075776;0.005785599999999999;0.0052469759999999996;0.005190656;0.004372480000000001;0.004488192;0.004291584000000001;0.003892224;0.002911232;0.0029184000000000002;0.0036280320000000002;0.002674688;0.002366464;0.001849344;0.001734656;0.001529856;0.001349632;0.002015232;0.001574912;0.001460224;0.001301504;0.00111104;0.0008704;0.000780288
1788361200,hdr,0.0293;0.03906;0.04883;0.05859;0.06836;0.07813;0.08789;0.09766;0.10742;0.11719;0.12695;0.13672;0.14648;0.15625;0.16602;0.17578;0.18555;0.19531;0.20508;0.21484;0.22461;0.23438;0.24414;0.25391;0.26367;0.27344;0.2832;0.29297;0.30273;0.3125;0.32227;0.33203;0.3418;0.35156;0.36133;0.37109;0.38086;0.39063;0.40039;0.41016;0.41992;0.42969;0.43945;0.44922;0.45898;0.46875;0.47852;0.48828;0.49805;0.50781;0.51758;0.52734;0.53711;0.54688;0.55664;0.56641;0.57617;0.58594;0.5957;0.60547;0.61523;0.625;0.63477;0.64453;0.6543;0.66406;0.67383;0.68359;0.69336;0.70313;0.71289;0.72266;0.73242;0.74219;0.75195;0.76172;0.77148;0.78125;0.79102,0.006152192;0.006694912;0.003720192;0.003315712;0.0075898879999999995;0.02742272;0.037272576;0.016279552;0.013178879999999999;0.009324544;0.005322752;0.003700736;0.002659328;0.002960384;0.003195904;0.0022538239999999998;0.0020992000000000003;0.002778112;0.004071424000000001;0.0033464320000000003;0.002658304;0.0021985280000000004;0.001746944;0.001811456;0.002712576;0.0027310080000000005;0.0018176000000000002;0.002337792;0.0031232000000000005;0.006776831999999999;0.0122624;0.01804288;0.016345088;0.018460671999999997;0.020794367999999997;0.019702784;0.017798144000000002;0.012054528;0.012673024;0.013447167999999999;0.006514687999999999;0.0065464320000000005;0.01135616;0.008569855999999999;0.011286528;0.01054208;0.0067235839999999995;0.00762368;0.007712768;0.006676479999999999;0.010037248;0.01504256;0.014140416;0.006918144;0.005200896000000001;0.006961152;0.007096320000000001;0.0068106239999999995;0.005469184;0.0042137599999999996;0.00451584;0.003975168;0.0032;0.0035932159999999998;0.003862528;0.00421888;0.005231616;0.004021248;0.002896896;0.002840576;0.00392704;0.002752512;0.002205696;0.0017623040000000001;0.001860608;0.00292864;0.0030607359999999997;0.002328576;0.001271808
1788362100,hdr,0.0293;0.03906;0.04883;0.05859;0.06836;0.07813;0.08789;0.09766;0.10742;0.11719;0.12695;0.13672;0.14648;0.15625;0.16602;0.17578;0.18555;0.19531;0.20508;0.21484;0.22461;0.23438;0.24414;0.25391;0.26367;0.27344;0.2832;0.29297;0.30273;0.3125;0.32227;0.33203;0.3418;0.35156;0.36133;0.37109;0.38086;0.39063;0.40039;0.41016;0.41992;0.42969;0.43945;0.44922;0.45898;0.46875;0.47852;0.48828;0.49805;0.50781;0.51758;0.52734;0.53711;0.54688;0.55664;0.56641;0.57617;0.58594;0.5957;0.60547;0.61523;0.625;0.63477;0.64453;0.6543;0.66406;0.67383;0.68359;0.69336;0.70313;0.71289;0.72266;0.73242;0.74219;0.75195;0.76172;0.77148;0.78125;0.79102,0.006161407999999999;0.010641408;0.010677248000000002;0.006864896;0.005240832;0.019303424;0.021993472;0.01426432;0.010070016000000001;0.007621632;0.006774784000000001;0.005354496;0.004487168;0.003386368;0.0037437440000000002;0.004780032;0.005110783999999999;0.003909632;0.0035368960000000003;0.00269312;0.0022487040000000002;0.0014745600000000002;0.00203264;0.0025292799999999996;0.0017930239999999998;0.001651712;0.002579456;0.004404224;0.006559744;0.00979456;0.013039616;0.018784256;0.02656768;0.020876288;0.019712;0.019427327999999997;0.016793600000000002;0.022535167999999998;0.019006464;0.010420224;0.0072161280000000005;0.008633344;0.0081408;0.01069056;0.013618176;0.008655872000000002;0.008982528;0.00726528;0.00883712;0.010157056000000001;0.007097344;0.0049479680000000005;0.006823936;0.007600127999999999;0.008015872;0.006416384;0.004886528;0.00543232;0.005915648;0.004518912;0.005235712000000001;0.005099520000000001;0.004247552;0.004361215999999999;0.005569536;0.005070848;0.004158464;0.0047861760000000005;0.005859328;0.00388096;0.0025200640000000002;0.00242688;0.0032604160000000004;0.00289792;0.00153088;0.0018278399999999998;0.002030592;0.0023470080000000003;0.003002368
1788363000,hdr,0.0293;0.03906;0.04883;0.05859;0.06836;0.07813;0.08789;0.09766;0.10742;0.11719;0.12695;0.13672;0.14648;0.15625;0.16602;0.17578;0.18555;0.19531;0.20508;0.21484;0.22461;0.23438;0.24414;0.25391;0.26367;0.27344;0.2832;0.29297;0.30273;0.3125;0.32227;0.33203;0.3418;0.35156;0.36133;0.37109;0.38086;0.39063;0.40039;0.41016;0.41992;0.42969;0.43945;0.44922;0.45898;0.46875;0.47852;0.48828;0.49805;0.50781;0.51758;0.52734;0.53711;0.54688;0.55664;0.56641;0.57617;0.58594;0.5957;0.60547;0.61523;0.625;0.63477;0.64453;0.6543;0.66406;0.67383;0.68359;0.69336;0.70313;0.71289;0.72266;0.73242;0.74219;0.75195;0.76172;0.77148;0.78125;0.79102,0.00470528;0.007038976;0.007235584;0.005792768;0.007065599999999999;0.019992576;0.017308672;0.0078110720000000005;0.010102784;0.011245568000000001;0.007568384;0.0066304;0.003951616;0.00283136;0.002885632;0.00271872;0.0022528;0.001910784;0.0023234560000000002;0.0015656959999999999;0.0018944;0.002123776;0.0021534719999999996;0.002110464;0.002030592;0.001656832;0.001959936;0.005673983999999999;0.008553472;0.012234752;0.01400832;0.019837952000000002;0.034125824;0.035716095999999996;0.022277119999999997;0.023563264;0.021024768;0.021410816;0.025618431999999997;0.019663872000000002;0.01060352;0.012147712;0.017097728;0.019243008;0.017388544;0.013483008;0.012676096;0.012193792;0.005914623999999999;0.003308544;0.00779776;0.009977856;0.006907904;0.00749056;0.008681471999999999;0.005249024000000001;0.003610624;0.00413696;0.003943424;0.004284416;0.004666368000000001;0.006503424;0.005430272000000001;0.004422656;0.003172352;0.004617216;0.004957184;0.003400704;0.002845696;0.002823168;0.0031539199999999997;0.003252224;0.0024371200000000005;0.0018974719999999999;0.0016435199999999999;0.002000896;0.0022558720000000003;0.002225152;0.001243136
1788363900,hdr,0.0293;0.03906;0.04883;0.05859;0.06836;0.07813;0.08789;0.09766;0.10742;0.11719;0.12695;0.13672;0.14648;0.15625;0.16602;0.17578;0.18555;0.19531;0.20508;0.21484;0.22461;0.23438;0.24414;0.25391;0.26367;0.27344;0.2832;0.29297;0.30273;0.3125;0.32227;0.33203;0.3418;0.35156;0.36133;0.37109;0.38086;0.39063;0.40039;0.41016;0.41992;0.42969;0.43945;0.44922;0.45898;0.46875;0.47852;0.48828;0.49805;0.50781;0.51758;0.52734;0.53711;0.54688;0.55664;0.56641;0.57617;0.58594;0.5957;0.60547;0.61523;0.625;0.63477;0.64453;0.6543;0.66406;0.67383;0.68359;0.69336;0.70313;0.71289;0.72266;0.73242;0.74219;0.75195;0.76172;0.77148;0.78125;0.79102,0.00534528;0.004408319999999999;0.007881728;0.006873087999999999;0.007183360000000001;0.012003327999999999;0.013858816;0.014357504;0.014256128;0.010866688;0.008394752;0.0047841279999999995;0.003516416;0.00310784;0.002054144;0.0021032959999999997;0.002886656;0.00275968;0.002161664;0.00160768;0.0015206400000000002;0.001226752;0.0013946879999999998;0.001145856;0.001872896;0.0036321279999999997;0.00589312;0.010830848;0.015284224;0.014974976000000001;0.021993472;0.030698496;0.050136064;0.062298112;0.05438873600000001;0.037122048000000005;0.022801408;0.022110208;0.017726464;0.009542655999999998;0.015585279999999998;0.023871487999999996;0.015186944;0.012512256000000001;0.0077987840000000004;0.007098368;0.006039551999999999;0.0094464;0.009597952;0.0073154560000000006;0.006114304;0.006486016000000001;0.006499328;0.0033218559999999998;0.005716992000000001;0.004484096000000001;0.004731904;0.004656128;0.006417408;0.009093120000000001;0.004924416;0.00305664;0.004062208;0.004687871999999999;0.003934208;0.0026327039999999996;0.0028344320000000004;0.002799616;0.002363392;0.0032204799999999995;0.0026245120000000003;0.0020183040000000003;0.002070528;0.001513472;0.00263168;0.002139136;0.002004992;0.001559552;0.001395712
1788364800,hdr,0.0293;0.03906;0.04883;0.05859;0.06836;0.07813;0.08789;0.09766;0.10742;0.11719;0.12695;0.13672;0.14648;0.15625;0.16602;0.17578;0.18555;0.19531;0.20508;0.21484;0.22461;0.23438;0.24414;0.25391;0.26367;0.27344;0.2832;0.29297;0.30273;0.3125;0.32227;0.33203;0.3418;0.35156;0.36133;0.37109;0.38086;0.39063;0.40039;0.41016;0.41992;0.42969;0.43945;0.44922;0.45898;0.46875;0.47852;0.48828;0.49805;0.50781;0.51758;0.52734;0.53711;0.54688;0.55664;0.56641;0.57617;0.58594;0.5957;0.60547;0.61523;0.625;0.63477;0.64453;0.6543;0.66406;0.67383;0.68359;0.69336;0.70313;0.71289;0.72266;0.73242;0.74219;0.75195;0.76172;0.77148;0.78125;0.79102,0.003136512;0.009570304;0.012494848;0.008308735999999999;0.007113728;0.01733632;0.023744512;0.009665536;0.012521472;0.00994816;0.007632896;0.005384192;0.003912704;0.0034078719999999997;0.004022272;0.0035645440000000002;0.003095552;0.002615296;0.00307712;0.0019517439999999998;0.00267264;0.001681408;0.001911808;0.00300032;0.002919424;0.0032583679999999998;0.008159231999999999;0.010573824;0.01566208;0.028280832;0.040257536000000003;0.043264;0.036488191999999996;0.022535167999999998;0.021736448000000002;0.019808256;0.020634624;0.021133312;0.014941184;0.017374208;0.010317824;0.007463936000000001;0.010591232;0.010426368;0.010151936;0.007964672;0.0071393279999999995;0.006368255999999999;0.00645632;0.006500352000000001;0.0073185279999999995;0.0088832;0.009933823999999999;0.005405696;0.0054138879999999995;0.005374976000000001;0.00398848;0.0037693439999999996;0.004292608;0.003876864;0.004400128;0.003801088;0.002798592;0.0023818240000000003;0.0034959360000000003;0.00343552;0.00264704;0.002204672;0.002174976;0.002663424;0.001847296;0.0016988160000000001;0.001792;0.0018135039999999999;0.001358848;0.001532928;0.001466368;0.001286144;0.002062336
1788365700,hdr,0.0293;0.03906;0.04883;0.05859;0.06836;0.07813;0.08789;0.09766;0.10742;0.11719;0.12695;0.13672;0.14648;0.15625;0.16602;0.17578;0.18555;0.19531;0.20508;0.21484;0.22461;0.23438;0.24414;0.25391;0.26367;0.27344;0.2832;0.29297;0.30273;0.3125;0.32227;0.33203;0.3418;0.35156;0.36133;0.37109;0.38086;0.39063;0.40039;0.41016;0.41992;0.42969;0.43945;0.44922;0.45898;0.46875;0.47852;0.48828;0.49805;0.50781;0.51758;0.52734;0.53711;0.54688;0.55664;0.56641;0.57617;0.58594;0.5957;0.60547;0.61523;0.625;0.63477;0.64453;0.6543;0.66406;0.67383;0.68359;0.69336;0.70313;0.71289;0.72266;0.73242;0.74219;0.75195;0.76172;0.77148;0.78125;0.79102,0.004477952;0.0048711679999999995;0.0029409279999999998;0.001655808;0.008207359999999999;0.022054912;0.02969088;0.022093824;0.01961984;0.010848255999999999;0.007704576;0.007250944;0.008569855999999999;0.004688896;0.003198976;0.003111936;0.0029470720000000002;0.0029757440000000002;0.002799616;0.002086912;0.0018432000000000001;0.001777664;0.002040832;0.002793472;0.004903935999999999;0.005198848;0.01101824;0.013466624;0.024051712;0.030401536;0.034527232;0.045272064;0.041839616;0.029005824;0.028649472;0.029129728;0.027107327999999997;0.028617728;0.020864;0.010142720000000001;0.009563136;0.006555648;0.006278144;0.009217023999999999;0.012519424000000001;0.010450944;0.0102912;0.009422848;0.007476224;0.007705599999999999;0.007057407999999999;0.005891072;0.0038379520000000004;0.004145152;0.004471808;0.004321279999999999;0.003120128;0.004047872;0.0039168;0.00331264;0.003600384;0.00321536;0.003161088;0.002661376;0.001600512;0.0014827520000000002;0.0026060799999999998;0.0038430719999999995;0.002659328;0.002425856;0.00183808;0.002101248;0.001707008;0.002374656;0.0023173119999999998;0.002006016;0.001829888;0.0018216959999999998;0.001164288
1788366600,hdr,0.0293;0.03906;0.04883;0.05859;0.06836;0.07813;0.08789;0.09766;0.10742;0.11719;0.12695;0.13672;0.14648;0.15625;0.16602;0.17578;0.18555;0.19531;0.20508;0.21484;0.22461;0.23438;0.24414;0.25391;0.26367;0.27344;0.2832;0.29297;0.30273;0.3125;0.32227;0.33203;0.3418;0.35156;0.36133;0.37109;0.38086;0.39063;0.40039;0.41016;0.41992;0.42969;0.43945;0.44922;0.45898;0.46875;0.47852;0.48828;0.49805;0.50781;0.51758;0.52734;0.53711;0.54688;0.55664;0.56641;0.57617;0.58594;0.5957;0.60547;0.61523;0.625;0.63477;0.64453;0.6543;0.66406;0.67383;0.68359;0.69336;0.70313;0.71289;0.72266;0.73242;0.74219;0.75195;0.76172;0.77148;0.78125;0.79102,0.006418432;0.011013120000000001;0.016369664;0.021710847999999998;0.011173888;0.022720511999999998;0.024973312;0.01931776;0.017646591999999996;0.01065984;0.015552512000000001;0.012684288;0.009783296;0.006873087999999999;0.004631552;0.003008512;0.002809856;0.002532352;0.003129344;0.00287744;0.0032511999999999997;0.004369408;0.003121152;0.0030535679999999996;0.005405696;0.010424319999999999;0.021272576;0.026810368;0.036517888;0.054555648;0.078242816;0.082569216;0.05673472;0.037886975999999996;0.02555904;0.016200704000000003;0.021690367999999998;0.020430848;0.011840512000000001;0.0123136;0.010025983999999998;0.012982272000000001;0.011392;0.009223168;0.007994368;0.007401472;0.0074803199999999995;0.006785024000000001;0.00624128;0.006382591999999999;0.0066662399999999995;0.005284863999999999;0.004772864000000001;0.0037048320000000004;0.003013632;0.003305472;0.004195328;0.002966528;0.0023203839999999996;0.0036352000000000003;0.002363392;0.001829888;0.0018575360000000001;0.003038208;0.003596288;0.0022947840000000002;0.003995648;0.0033218559999999998;0.0017408;0.001624064;0.001963008;0.002131968;0.0025088;0.0021370879999999997;0.0016066560000000001;0.0021913600000000003;0.001878016;0.0020418560000000003;0.001574912
1788367500,hdr,0.0293;0.03906;0.04883;0.05859;0.06836;0.07813;0.08789;0.09766;0.10742;0.11719;0.12695;0.13672;0.14648;0.15625;0.16602;0.17578;0.18555;0.19531;0.20508;0.21484;0.22461;0.23438;0.24414;0.25391;0.26367;0.27344;0.2832;0.29297;0.30273;0.3125;0.32227;0.33203;0.3418;0.35156;0.36133;0.37109;0.38086;0.39063;0.40039;0.41016;0.41992;0.42969;0.43945;0.44922;0.45898;0.46875;0.47852;0.48828;0.49805;0.50781;0.51758;0.52734;0.53711;0.54688;0.55664;0.56641;0.57617;0.58594;0.5957;0.60547;0.61523;0.625;0.63477;0.64453;0.6543;0.66406;0.67383;0.68359;0.69336;0.70313;0.71289;0.72266;0.73242;0.74219;0.75195;0.76172;0.77148;0.78125;0.79102,0.013028352;0.011674624;0.006797312;0.006761472000000001;0.009739264000000001;0.028783615999999998;0.023881727999999998;0.015090688;0.01638912;0.009490432;0.011921408;0.011108352;0.008769536;0.005327872;0.004465664;0.003904512;0.002149376;0.0022097920000000004;0.00198656;0.0013752319999999999;0.0027852800000000002;0.0029655040000000003;0.0029870079999999998;0.005742592;0.008866816000000001;0.010550272;0.020919295999999997;0.04002508799999999;0.049974272;0.07407820799999999;0.065462272;0.052632576;0.043845632;0.021302271999999997;0.017490943999999998;0.013264896;0.010138624;0.017162240000000002;0.025164799999999998;0.014542848;0.011840512000000001;0.009342976000000001;0.012227584000000001;0.0114176;0.005370879999999999;0.008257536;0.006919168;0.0071014400000000005;0.008949760000000001;0.009961471999999999;0.009764864;0.007904256;0.0053463040000000005;0.005273600000000001;0.006479872;0.005069824;0.0038307840000000003;0.005813247999999999;0.00575488;0.004566016000000001;0.003943424;0.003212288;0.004018176;0.0033638400000000003;0.003511296;0.003360768;0.0029163519999999997;0.0023767040000000003;0.0034498560000000003;0.003386368;0.003063808;0.0027729919999999997;0.00209408;0.0022528;0.00229888;0.000992256;0.0008560640000000001;0.0010649599999999998;0.0011366400000000002
1788368400,hdr,0.0293;0.03906;0.04883;0.05859;0.06836;0.07813;0.08789;0.09766;0.10742;0.11719;0.12695;0.13672;0.14648;0.15625;0.16602;0.17578;0.18555;0.19531;0.20508;0.21484;0.22461;0.23438;0.24414;0.25391;0.26367;0.27344;0.2832;0.29297;0.30273;0.3125;0.32227;0.33203;0.3418;0.35156;0.36133;0.37109;0.38086;0.39063;0.40039;0.41016;0.41992;0.42969;0.43945;0.44922;0.45898;0.46875;0.47852;0.48828;0.49805;0.50781;0.51758;0.52734;0.53711;0.54688;0.55664;0.56641;0.57617;0.58594;0.5957;0.60547;0.61523;0.625;0.63477;0.64453;0.6543;0.66406;0.67383;0.68359;0.69336;0.70313;0.71289;0.72266;0.73242;0.74219;0.75195;0.76172;0.77148;0.78125;0.79102,0.009877504;0.014183424;0.0069498879999999996;0.004232192;0.00419328;0.015239167999999999;0.020514815999999998;0.013179904000000001;0.011682816;0.007908352;0.008303616;0.014586880000000002;0.011716608;0.005189632;0.003678208;0.001969152;0.002089984;0.0028088320000000003;0.002850816;0.002386944;0.002212864;0.0034385919999999994;0.004413439999999999;0.006586368;0.009614336;0.012888064000000001;0.02218496;0.02395136;0.047372288;0.038355968000000004;0.061307904;0.057270272;0.051999744;0.032087040000000004;0.019170304;0.011523072;0.014424064;0.017511424;0.015040511999999999;0.014129152;0.010227712;0.011564031999999998;0.013095935999999999;0.01539072;0.010107904000000001;0.008510464;0.008470528;0.010863616;0.005825536;0.00992768;0.01155584;0.013258751999999999;0.007917568;0.005353472;0.006023168;0.006687744000000001;0.006438912000000001;0.0073472;0.007320576;0.004091904;0.0031539199999999997;0.003400704;0.005576704000000001;0.005671936;0.0037601279999999997;0.00392704;0.002778112;0.002931712;0.002953216;0.0023357440000000003;0.0019650559999999997;0.0018360320000000002;0.001758208;0.0013568;0.0019476480000000002;0.00210944;0.0018196479999999999;0.00129024;0.001152
1788369300,hdr,0.0293;0.03906;0.04883;0.05859;0.06836;0.07813;0.08789;0.09766;0.10742;0.11719;0.12695;0.13672;0.14648;0.15625;0.16602;0.17578;0.18555;0.19531;0.20508;0.21484;0.22461;0.23438;0.24414;0.25391;0.26367;0.27344;0.2832;0.29297;0.30273;0.3125;0.32227;0.33203;0.3418;0.35156;0.36133;0.37109;0.38086;0.39063;0.40039;0.41016;0.41992;0.42969;0.43945;0.44922;0.45898;0.46875;0.47852;0.48828;0.49805;0.50781;0.51758;0.52734;0.53711;0.54688;0.55664;0.56641;0.57617;0.58594;0.5957;0.60547;0.61523;0.625;0.63477;0.64453;0.6543;0.66406;0.67383;0.68359;0.69336;0.70313;0.71289;0.72266;0.73242;0.74219;0.75195;0.76172;0.77148;0.78125;0.79102,0.004235264;0.012845056;0.013075456000000001;0.004414464;0.0068997120000000006;0.017804288;0.01951232;0.018179072;0.015816704;0.019726336;0.017139711999999998;0.009151488000000001;0.005541888;0.004227072;0.0027893759999999997;0.0028344320000000004;0.002791424;0.0018831359999999999;0.0018196479999999999;0.002316288;0.0023111679999999997;0.0031488;0.0065740799999999995;0.011865088;0.018061312000000003;0.024985600000000004;0.024246272;0.045853696;0.053858303999999996;0.056411136;0.060079104;0.049552384000000005;0.025618431999999997;0.023585792;0.022672384;0.01706496;0.020632576;0.022146047999999998;0.017193984;0.01377792;0.013628415999999999;0.014052352;0.009089024;0.011626495999999998;0.008423424;0.006007808;0.01065472;0.010259456;0.00794112;0.0064256;0.006885376;0.008623104;0.00833024;0.0065187840000000006;0.004496384;0.003590144;0.004552704;0.0032573439999999997;0.0034672640000000003;0.005653504;0.003897344;0.004258816;0.0061952;0.003995648;0.003309568;0.0024002560000000004;0.003377152;0.003039232;0.002260992;0.0023767040000000003;0.003166208;0.002763776;0.002464768;0.002453504;0.0026777600000000004;0.003154944;0.002509824;0.00165888;0.001405952
1788370200,hdr,0.0293;0.03906;0.04883;0.05859;0.06836;0.07813;0.08789;0.09766;0.10742;0.11719;0.12695;0.13672;0.14648;0.15625;0.16602;0.17578;0.18555;0.19531;0.20508;0.21484;0.22461;0.23438;0.24414;0.25391;0.26367;0.27344;0.2832;0.29297;0.30273;0.3125;0.32227;0.33203;0.3418;0.35156;0.36133;0.37109;0.38086;0.39063;0.40039;0.41016;0.41992;0.42969;0.43945;0.44922;0.45898;0.46875;0.47852;0.48828;0.49805;0.50781;0.51758;0.52734;0.53711;0.54688;0.55664;0.56641;0.57617;0.58594;0.5957;0.60547;0.61523;0.625;0.63477;0.64453;0.6543;0.66406;0.67383;0.68359;0.69336;0.70313;0.71289;0.72266;0.73242;0.74219;0.75195;0.76172;0.77148;0.78125;0.79102,0.002770944;0.0073953280000000005;0.006658048;0.0024064;0.006881280000000001;0.011066368;0.015730688;0.025695232;0.025185279999999997;0.016637951999999998;0.009550848;0.008549376000000001;0.006510592;0.005186560000000001;0.0032348159999999997;0.0019466239999999999;0.0011694079999999998;0.00305664;0.004194304;0.003518464;0.003526656;0.003847168;0.004185088000000001;0.009988096000000002;0.018137088;0.026120192;0.04670873600000001;0.06904832000000001;0.09699737600000001;0.110012416;0.07081267200000001;0.062949376;0.07311974399999999;0.037911552;0.028670975999999997;0.016432127999999997;0.024419328;0.012647424;0.012984319999999999;0.017912832000000004;0.017846271999999996;0.015604736000000001;0.017940479999999998;0.01490432;0.011809792;0.008766464;0.009436159999999999;0.010911744000000001;0.010651648;0.013704192;0.014475264;0.007479295999999999;0.005985280000000001;0.006414336;0.006235136;0.005325824;0.005071872000000001;0.0053288960000000005;0.006426624000000001;0.006075392;0.006198272;0.003596288;0.00327168;0.0034713599999999997;0.003872768;0.00384;0.003936256;0.0037027839999999998;0.002878464;0.003419136;0.002286592;0.001835008;0.001968128;0.002243584;0.0024371200000000005;0.001659904;0.001330176;0.0010465279999999997;0.0011704320000000001
1788371100,hdr,0.0293;0.03906;0.04883;0.05859;0.06836;0.07813;0.08789;0.09766;0.10742;0.11719;0.12695;0.13672;0.14648;0.15625;0.16602;0.17578;0.18555;0.19531;0.20508;0.21484;0.22461;0.23438;0.24414;0.25391;0.26367;0.27344;0.2832;0.29297;0.30273;0.3125;0.32227;0.33203;0.3418;0.35156;0.36133;0.37109;0.38086;0.39063;0.40039;0.41016;0.41992;0.42969;0.43945;0.44922;0.45898;0.46875;0.47852;0.48828;0.49805;0.50781;0.51758;0.52734;0.53711;0.54688;0.55664;0.56641;0.57617;0.58594;0.5957;0.60547;0.61523;0.625;0.63477;0.64453;0.6543;0.66406;0.67383;0.68359;0.69336;0.70313;0.71289;0.72266;0.73242;0.74219;0.75195;0.76172;0.77148;0.78125;0.79102,0.019463168;0.030615552;0.018466816000000004;0.01491456;0.009852928;0.024682495999999998;0.039283712;0.027995136;0.016648192000000003;0.014489599999999998;0.01649664;0.010871807999999998;0.010309632;0.008439807999999998;0.006234112;0.0034580479999999996;0.0037386240000000003;0.0039649279999999995;0.0039495680000000005;0.007000064;0.007989248;0.012567552;0.023653376;0.023880704000000003;0.040272896;0.090126336;0.142792704;0.116026368;0.0960512;0.08718438399999999;0.069402624;0.03354726399999999;0.03895808;0.033787903999999994;0.018750464;0.020450304;0.011841536;0.006303744;0.012091392000000001;0.008931328;0.009640959999999999;0.018250751999999995;0.014047232;0.011376639999999999;0.014349312;0.009558015999999999;0.011184127999999998;0.012135424;0.008237056000000001;0.006390784;0.00785408;0.008213504000000002;0.007831552;0.005269504000000001;0.00639488;0.004703232;0.005848064;0.005316608;0.004757504;0.00427008;0.004089856;0.004458496;0.004770816;0.0037058559999999996;0.00359936;0.00278016;0.0037396479999999995;0.003610624;0.0038881280000000002;0.002535424;0.002151424;0.002302976;0.001874944;0.0016291839999999999;0.001631232;0.002070528;0.001601536;0.001371136;0.000955392
1788372000,hdr,0.0293;0.03906;0.04883;0.05859;0.06836;0.07813;0.08789;0.09766;0.10742;0.11719;0.12695;0.13672;0.14648;0.15625;0.16602;0.17578;0.18555;0.19531;0.20508;0.21484;0.22461;0.23438;0.24414;0.25391;0.26367;0.27344;0.2832;0.29297;0.30273;0.3125;0.32227;0.33203;0.3418;0.35156;0.36133;0.37109;0.38086;0.39063;0.40039;0.41016;0.41992;0.42969;0.43945;0.44922;0.45898;0.46875;0.47852;0.48828;0.49805;0.50781;0.51758;0.52734;0.53711;0.54688;0.55664;0.56641;0.57617;0.58594;0.5957;0.60547;0.61523;0.625;0.63477;0.64453;0.6543;0.66406;0.67383;0.68359;0.69336;0.70313;0.71289;0.72266;0.73242;0.74219;0.75195;0.76172;0.77148;0.78125;0.79102,0.004938752;0.007860223999999999;0.004797439999999999;0.006880256;0.008157184000000001;0.021779456;0.042464256;0.018092032;0.010107904000000001;0.013586432;0.013050879999999999;0.010203136;0.008311807999999999;0.0070891520000000005;0.00631296;0.0033167360000000002;0.003122176;0.003371008;0.003994624;0.007501824;0.007514112;0.019917824;0.030434304;0.055029760000000004;0.09566208;0.123644928;0.11551641600000001;0.079637504;0.078073856;0.093948928;0.073078784;0.046338048;0.0442112;0.027997184;0.027352064;0.02619904;0.017604608;0.017093631999999997;0.021746687999999997;0.013436927999999999;0.013125632;0.010126336;0.00859648;0.009138176;0.00835584;0.0075796480000000005;0.006975488;0.008527872;0.00721408;0.006817792;0.007224319999999999;0.005897216;0.004630528;0.006707200000000001;0.006900736;0.0068126720000000005;0.004285440000000001;0.004303872;0.00443904;0.002868224;0.00263168;0.002807808;0.002902016;0.002767872;0.002023424;0.00277504;0.0016220159999999998;0.0011919360000000002;0.0018944;0.00165376;0.001359872;0.001414144;0.001752064;0.001875968;0.0018718720000000001;0.0017356799999999999;0.00141824;0.001683456;0.00183808
1788372900,hdr,0.0293;0.03906;0.04883;0.05859;0.06836;0.07813;0.08789;0.09766;0.10742;0.11719;0.12695;0.13672;0.14648;0.15625;0.16602;0.17578;0.18555;0.19531;0.20508;0.21484;0.22461;0.23438;0.24414;0.25391;0.26367;0.27344;0.2832;0.29297;0.30273;0.3125;0.32227;0.33203;0.3418;0.35156;0.36133;0.37109;0.38086;0.39063;0.40039;0.41016;0.41992;0.42969;0.43945;0.44922;0.45898;0.46875;0.47852;0.48828;0.49805;0.50781;0.51758;0.52734;0.53711;0.54688;0.55664;0.56641;0.57617;0.58594;0.5957;0.60547;0.61523;0.625;0.63477;0.64453;0.6543;0.66406;0.67383;0.68359;0.69336;0.70313;0.71289;0.72266;0.73242;0.74219;0.75195;0.76172;0.77148;0.78125;0.79102,0.012197888;0.014580736;0.016351232;0.008570880000000001;0.006849536;0.02081792;0.022324224000000004;0.015935487999999998;0.017189888;0.016193536;0.010661888;0.016134144;0.009651199999999999;0.006710272;0.004855808;0.0027586560000000004;0.002753536;0.00185344;0.001969152;0.004486144;0.008169472;0.012965887999999998;0.022836224000000002;0.053670912;0.123763712;0.12857753600000002;0.166028288;0.178768896;0.0968192;0.059835392;0.037950464;0.036143104;0.020272127999999997;0.023021568;0.026834944;0.026129408000000003;0.035712;0.021098495999999998;0.014022656;0.013566976000000001;0.009227263999999999;0.007878656;0.007179264;0.007753728;0.009827328;0.00752128;0.007768064000000001;0.006994944;0.004774911999999999;0.00464384;0.0045322240000000005;0.006676479999999999;0.006126591999999999;0.004000768;0.004814848;0.004462592;0.003823616;0.004072447999999999;0.00494592;0.004545536;0.004601856;0.004564992;0.0028272640000000003;0.002275328;0.0024299520000000004;0.0021626880000000003;0.0015472639999999998;0.001915904;0.002573312;0.0019496960000000001;0.002096128;0.002197504;0.001209344;0.0009420800000000001;0.0014336;0.001242112;0.0018575360000000001;0.0016711679999999998;0.001071104
1788373800,hdr,0.0293;0.03906;0.04883;0.05859;0.06836;0.07813;0.08789;0.09766;0.10742;0.11719;0.12695;0.13672;0.14648;0.15625;0.16602;0.17578;0.18555;0.19531;0.20508;0.21484;0.22461;0.23438;0.24414;0.25391;0.26367;0.27344;0.2832;0.29297;0.30273;0.3125;0.32227;0.33203;0.3418;0.35156;0.36133;0.37109;0.38086;0.39063;0.40039;0.41016;0.41992;0.42969;0.43945;0.44922;0.45898;0.46875;0.47852;0.48828;0.49805;0.50781;0.51758;0.52734;0.53711;0.54688;0.55664;0.56641;0.57617;0.58594;0.5957;0.60547;0.61523;0.625;0.63477;0.64453;0.6543;0.66406;0.67383;0.68359;0.69336;0.70313;0.71289;0.72266;0.73242;0.74219;0.75195;0.76172;0.77148;0.78125;0.79102,0.008463360000000001;0.01356288;0.01029632;0.006771711999999999;0.0071116799999999996;0.016643072000000002;0.031029248;0.019812352;0.015904768;0.017440768;0.014739456;0.01065472;0.011022335999999999;0.011384832;0.008011775999999998;0.0042414079999999995;0.002936832;0.001999872;0.0019496960000000001;0.0036608;0.0076595199999999995;0.009233408000000002;0.022413312;0.05612032;0.117925888;0.13416140799999998;0.106971136;0.106636288;0.096144384;0.05666816;0.033703936000000004;0.030098432;0.026733568000000003;0.036743168;0.04107264;0.026254336;0.017325056000000002;0.013121536;0.015873024;0.01702912;0.011288576000000002;0.010565632000000002;0.014999552;0.013222912;0.008322048;0.006102016;0.005955584;0.00671232;0.006572032;0.004964352;0.005860352;0.006711296;0.005896192;0.00296448;0.002516992;0.0042035200000000005;0.005269504000000001;0.005187583999999999;0.002512896;0.002729984;0.0037375999999999998;0.0023408640000000002;0.0030863360000000003;0.0034416639999999997;0.001906688;0.002046976;0.002612224;0.001987584;0.0018800639999999999;0.00256;0.002325504;0.0014274560000000001;0.001253376;0.001118208;0.001508352;0.001024;0.000828416;0.000802816;0.000787456
1788374700,hdr,0.0293;0.03906;0.04883;0.05859;0.06836;0.07813;0.08789;0.09766;0.10742;0.11719;0.12695;0.13672;0.14648;0.15625;0.16602;0.17578;0.18555;0.19531;0.20508;0.21484;0.22461;0.23438;0.24414;0.25391;0.26367;0.27344;0.2832;0.29297;0.30273;0.3125;0.32227;0.33203;0.3418;0.35156;0.36133;0.37109;0.38086;0.39063;0.40039;0.41016;0.41992;0.42969;0.43945;0.44922;0.45898;0.46875;0.47852;0.48828;0.49805;0.50781;0.51758;0.52734;0.53711;0.54688;0.55664;0.56641;0.57617;0.58594;0.5957;0.60547;0.61523;0.625;0.63477;0.64453;0.6543;0.66406;0.67383;0.68359;0.69336;0.70313;0.71289;0.72266;0.73242;0.74219;0.75195;0.76172;0.77148;0.78125;0.79102,0.009878528;0.014882816;0.01399296;0.00520704;0.005009407999999999;0.010985472;0.014962688;0.013304831999999999;0.011559936;0.013032448;0.012424191999999999;0.009345024;0.009882624;0.008461312;0.004656128;0.0029859840000000006;0.0025364479999999997;0.0024166400000000003;0.002807808;0.0051251199999999995;0.0076666880000000005;0.019335167999999996;0.04367667200000001;0.059788288;0.08090623999999999;0.129101824;0.140928;0.094308352;0.110424064;0.07129395200000001;0.05134336;0.044275712;0.030819327999999997;0.021311488;0.016054272;0.018126847999999997;0.01788416;0.018103296;0.016243711999999997;0.009314304;0.0069621760000000005;0.011516928;0.010605568;0.005682176000000001;0.0030289920000000003;0.003749888;0.006555648;0.00634368;0.005833728;0.006022144;0.003531776;0.0031744;0.003018752;0.004690944000000001;0.004605952;0.005906432;0.004711424;0.003152896;0.002803712;0.004421632;0.003270656;0.0024719359999999997;0.001903616;0.002466816;0.0027381760000000006;0.001184768;0.0010127360000000002;0.001050624;0.001304576;0.001728512;0.001803264;0.002043904;0.001882112;0.001588224;0.0014817279999999999;0.00158208;0.001333248;0.0009359360000000001;0.000982016
1788375600,hdr,0.0293;0.03906;0.04883;0.05859;0.06836;0.07813;0.08789;0.09766;0.10742;0.11719;0.12695;0.13672;0.14648;0.15625;0.16602;0.17578;0.18555;0.19531;0.20508;0.21484;0.22461;0.23438;0.24414;0.25391;0.26367;0.27344;0.2832;0.29297;0.30273;0.3125;0.32227;0.33203;0.3418;0.35156;0.36133;0.37109;0.38086;0.39063;0.40039;0.41016;0.41992;0.42969;0.43945;0.44922;0.45898;0.46875;0.47852;0.48828;0.49805;0.50781;0.51758;0.52734;0.53711;0.54688;0.55664;0.56641;0.57617;0.58594;0.5957;0.60547;0.61523;0.625;0.63477;0.64453;0.6543;0.66406;0.67383;0.68359;0.69336;0.70313;0.71289;0.72266;0.73242;0.74219;0.75195;0.76172;0.77148;0.78125;0.79102,0.004327424;0.00944128;0.010319871999999999;0.005428224000000001;0.008334336000000001;0.008039424;0.015169536;0.013784064;0.011526144;0.014154752;0.013503488000000001;0.012039168;0.013799424000000001;0.009064448000000001;0.003068928;0.002527232;0.002617344;0.002174976;0.0023818240000000003;0.007307264;0.012360704;0.02103808;0.043009024;0.068230144;0.096159744;0.085075968;0.090018816;0.093510656;0.081318912;0.083587072;0.049870848;0.040689664;0.020434944000000003;0.014153727999999999;0.013349888;0.013236224;0.013703168;0.00835584;0.00836096;0.011751424000000002;0.009689088;0.011322368000000001;0.009437184000000001;0.011001855999999999;0.013588480000000002;0.009526272;0.00554496;0.006192128000000001;0.008357888;0.0053688320000000005;0.0027381760000000006;0.003756032;0.003994624;0.004824064;0.005490687999999999;0.00538624;0.003777536;0.00342016;0.00349696;0.0030986240000000003;0.004062208;0.002881536;0.002499584;0.001913856;0.001800192;0.001782784;0.0023807999999999998;0.002336768;0.002238464;0.001542144;0.00207872;0.0020951040000000004;0.001250304;0.001302528;0.00137216;0.0010762240000000002;0.000939008;0.00109056;0.000966656
1788376500,hdr,0.0293;0.03906;0.04883;0.05859;0.06836;0.07813;0.08789;0.09766;0.10742;0.11719;0.12695;0.13672;0.14648;0.15625;0.16602;0.17578;0.18555;0.19531;0.20508;0.21484;0.22461;0.23438;0.24414;0.25391;0.26367;0.27344;0.2832;0.29297;0.30273;0.3125;0.32227;0.33203;0.3418;0.35156;0.36133;0.37109;0.38086;0.39063;0.40039;0.41016;0.41992;0.42969;0.43945;0.44922;0.45898;0.46875;0.47852;0.48828;0.49805;0.50781;0.51758;0.52734;0.53711;0.54688;0.55664;0.56641;0.57617;0.58594;0.5957;0.60547;0.61523;0.625;0.63477;0.64453;0.6543;0.66406;0.67383;0.68359;0.69336;0.70313;0.71289;0.72266;0.73242;0.74219;0.75195;0.76172;0.77148;0.78125;0.79102,0.003301376;0.004348928;0.0049152;0.003929088;0.003504128;0.007297024;0.020310016;0.018089984;0.012512256000000001;0.010047487999999999;0.009534464;0.013305856;0.01261056;0.010200063999999998;0.007780352;0.003740672;0.00188928;0.0019169279999999998;0.0025139200000000002;0.00594944;0.009563136;0.019335167999999996;0.032014336;0.030754816000000004;0.052391936;0.104255488;0.147633152;0.119077888;0.106500096;0.05661593599999999;0.054242304;0.042464256;0.026037248000000002;0.025655295999999998;0.021364736000000002;0.012429312;0.012395519999999998;0.013520896000000001;0.010753024;0.008544256000000002;0.011408384;0.012293120000000001;0.008751104;0.012007424000000001;0.007391232;0.006595584;0.004780032;0.004955136000000001;0.006337536;0.004672512;0.0035368960000000003;0.00331776;0.004176895999999999;0.003232768;0.004551680000000001;0.004018176;0.0041512960000000005;0.003687424;0.004931584;0.004543488;0.003728384;0.0019937279999999997;0.0031569919999999995;0.002635776;0.002030592;0.001782784;0.001234944;0.002163712;0.001900544;0.001006592;0.001759232;0.00183808;0.0016138239999999998;0.0025210880000000003;0.0013475839999999998;0.0013608960000000001;0.001186816;0.001102848;0.001086464
1788377400,hdr,0.0293;0.03906;0.04883;0.05859;0.06836;0.07813;0.08789;0.09766;0.10742;0.11719;0.12695;0.13672;0.14648;0.15625;0.16602;0.17578;0.18555;0.19531;0.20508;0.21484;0.22461;0.23438;0.24414;0.25391;0.26367;0.27344;0.2832;0.29297;0.30273;0.3125;0.32227;0.33203;0.3418;0.35156;0.36133;0.37109;0.38086;0.39063;0.40039;0.41016;0.41992;0.42969;0.43945;0.44922;0.45898;0.46875;0.47852;0.48828;0.49805;0.50781;0.51758;0.52734;0.53711;0.54688;0.55664;0.56641;0.57617;0.58594;0.5957;0.60547;0.61523;0.625;0.63477;0.64453;0.6543;0.66406;0.67383;0.68359;0.69336;0.70313;0.71289;0.72266;0.73242;0.74219;0.75195;0.76172;0.77148;0.78125;0.79102,0.005661696;0.010805248000000002;0.006433792000000001;0.005179392;0.0028989440000000005;0.009378816;0.023706624;0.010652672;0.01373696;0.012710912;0.011885568;0.007118848;0.009848832;0.00943104;0.005715968;0.0032460799999999997;0.0022405119999999996;0.001675264;0.002008064;0.004123648;0.00743424;0.014925824;0.047300608;0.06665420799999999;0.07154176;0.126198784;0.074873856;0.06553497600000001;0.06193664;0.048545792000000004;0.029315072;0.017805312;0.0275712;0.016759808;0.010599424000000001;0.011731968;0.010054655999999999;0.010439679999999998;0.012669952000000002;0.010720256;0.008215552000000001;0.006249472;0.008767487999999999;0.011715584;0.00968192;0.006115328;0.006055936;0.006905856;0.0046919679999999995;0.004190208000000001;0.005218304;0.004415488;0.0038174719999999997;0.00459776;0.003782656;0.003290112;0.0038082560000000003;0.003336192;0.002845696;0.0019968;0.0016250880000000002;0.002605056;0.002052096;0.00154624;0.00099328;0.001432576;0.001282048;0.00211456;0.002404352;0.0020797439999999997;0.001243136;0.0017623040000000001;0.001271808;0.0013660159999999998;0.00109056;0.0009144320000000001;0.001021952;0.0010291200000000001;0.000790528
1788378300,hdr,0.0293;0.03906;0.04883;0.05859;0.06836;0.07813;0.08789;0.09766;0.10742;0.11719;0.12695;0.13672;0.14648;0.15625;0.16602;0.17578;0.18555;0.19531;0.20508;0.21484;0.22461;0.23438;0.24414;0.25391;0.26367;0.27344;0.2832;0.29297;0.30273;0.3125;0.32227;0.33203;0.3418;0.35156;0.36133;0.37109;0.38086;0.39063;0.40039;0.41016;0.41992;0.42969;0.43945;0.44922;0.45898;0.46875;0.47852;0.48828;0.49805;0.50781;0.51758;0.52734;0.53711;0.54688;0.55664;0.56641;0.57617;0.58594;0.5957;0.60547;0.61523;0.625;0.63477;0.64453;0.6543;0.66406;0.67383;0.68359;0.69336;0.70313;0.71289;0.72266;0.73242;0.74219;0.75195;0.76172;0.77148;0.78125;0.79102,0.004468736;0.010402815999999999;0.011435008;0.0085504;0.005059584;0.00837632;0.018594816000000004;0.013890560000000001;0.00784384;0.013362176;0.014048255999999999;0.013078528;0.01206784;0.011698176;0.009104384;0.004239359999999999;0.003245056;0.0027432959999999997;0.0019517439999999998;0.004189184;0.011152384;0.011548672000000001;0.02850816;0.06085632;0.052452352;0.08502988800000001;0.075549696;0.056440832;0.035618816;0.029072384;0.050089984000000004;0.028537856;0.016238592;0.015655936;0.014746624;0.01457664;0.012780544000000001;0.011251711999999999;0.011743232;0.014475264;0.011852800000000002;0.007123968;0.00894464;0.006493184;0.0053288960000000005;0.007083008000000001;0.005414912;0.005025792;0.006365184;0.004811776;0.002691072;0.0032921599999999997;0.003698688;0.0031395840000000004;0.0035368960000000003;0.003293184;0.003472384;0.002793472;0.002280448;0.0015892480000000001;0.0023674879999999996;0.00290816;0.0022968320000000004;0.001312768;0.0022896640000000003;0.002733056;0.0017039359999999999;0.001435648;0.0010752000000000001;0.000964608;0.000908288;0.0012646399999999998;0.001114112;0.001056768;0.000863232;0.000882688;0.001002496;0.001166336;0.0009441279999999999
1788379200,hdr,0.0293;0.03906;0.04883;0.05859;0.06836;0.07813;0.08789;0.09766;0.10742;0.11719;0.12695;0.13672;0.14648;0.15625;0.16602;0.17578;0.18555;0.19531;0.20508;0.21484;0.22461;0.23438;0.24414;0.25391;0.26367;0.27344;0.2832;0.29297;0.30273;0.3125;0.32227;0.33203;0.3418;0.35156;0.36133;0.37109;0.38086;0.39063;0.40039;0.41016;0.41992;0.42969;0.43945;0.44922;0.45898;0.46875;0.47852;0.48828;0.49805;0.50781;0.51758;0.52734;0.53711;0.54688;0.55664;0.56641;0.57617;0.58594;0.5957;0.60547;0.61523;0.625;0.63477;0.64453;0.6543;0.66406;0.67383;0.68359;0.69336;0.70313;0.71289;0.72266;0.73242;0.74219;0.75195;0.76172;0.77148;0.78125;0.79102,0.005343232;0.005392384;0.004321279999999999;0.004199424;0.004197376;0.018289663999999997;0.05124096;0.017153023999999996;0.008882176;0.011475968000000001;0.007926784;0.010463232;0.01133056;0.010891264;0.008404992;0.004727808;0.002953216;0.0021524480000000004;0.003103744;0.005086208;0.008403968000000001;0.012954624000000001;0.023851008;0.039353344;0.0742656;0.075778048;0.096262144;0.098715648;0.0753408;0.057545728;0.029748224000000004;0.023984127999999997;0.019347456000000002;0.015724544;0.013893632;0.015033343999999999;0.013716480000000001;0.014171136;0.013937664;0.016268288;0.010427392;0.009304064;0.008256512;0.011569152;0.007202816000000001;0.005181440000000001;0.004652032;0.004324352;0.0058818559999999995;0.006403072;0.0052746239999999995;0.0040796159999999995;0.003678208;0.003745792;0.0036239360000000003;0.0023439359999999996;0.0024719359999999997;0.001783808;0.001956864;0.001550336;0.002019328;0.0015493120000000002;0.001603584;0.001531904;0.0018575360000000001;0.0019394560000000002;0.001542144;0.001574912;0.00118272;0.0007936;0.000864256;0.001472512;0.0011007999999999999;0.0009584639999999999;0.001349632;0.0013783040000000001;0.001352704;0.001031168;0.001098752
1788380100,hdr,0.0293;0.03906;0.04883;0.05859;0.06836;0.07813;0.08789;0.09766;0.10742;0.11719;0.12695;0.13672;0.14648;0.15625;0.16602;0.17578;0.18555;0.19531;0.20508;0.21484;0.22461;0.23438;0.24414;0.25391;0.26367;0.27344;0.2832;0.29297;0.30273;0.3125;0.32227;0.33203;0.3418;0.35156;0.36133;0.37109;0.38086;0.39063;0.40039;0.41016;0.41992;0.42969;0.43945;0.44922;0.45898;0.46875;0.47852;0.48828;0.49805;0.50781;0.51758;0.52734;0.53711;0.54688;0.55664;0.56641;0.57617;0.58594;0.5957;0.60547;0.61523;0.625;0.63477;0.64453;0.6543;0.66406;0.67383;0.68359;0.69336;0.70313;0.71289;0.72266;0.73242;0.74219;0.75195;0.76172;0.77148;0.78125;0.79102,0.004027391999999999;0.007519232;0.011879424000000001;0.00918016;0.008221696;0.010199040000000001;0.020258816;0.01591296;0.007785472000000001;0.007924736;0.005466112;0.006710272;0.005677056000000001;0.005216255999999999;0.004809728;0.00424448;0.00442368;0.0030945279999999996;0.003718144;0.005608448;0.007959552;0.013374463999999999;0.027736063999999998;0.05068288;0.07018803200000001;0.10610688;0.072876032;0.078025728;0.046210048000000004;0.04086988800000001;0.04382208;0.031953920000000004;0.023710719999999998;0.016828416000000002;0.014618624;0.00888832;0.014670848;0.016167936;0.013594624;0.010790912;0.015604736000000001;0.014810112;0.007561216;0.007729152;0.008783872000000002;0.006944768;0.004851712;0.0038297599999999998;0.006009856;0.005025792;0.004002816;0.003803136;0.003629056;0.002516992;0.0027852800000000002;0.003693568;0.002944;0.00237056;0.003079168;0.002982912;0.0027504639999999998;0.0021862400000000003;0.0017971200000000001;0.001876992;0.001811456;0.001409024;0.001376256;0.00143872;0.001685504;0.002251776;0.001560576;0.001624064;0.001490944;0.001313792;0.001106944;0.001521664;0.00214016;0.001277952;0.000891904
1788381000,hdr,0.0293;0.03906;0.04883;0.05859;0.06836;0.07813;0.08789;0.09766;0.10742;0.11719;0.12695;0.13672;0.14648;0.15625;0.16602;0.17578;0.18555;0.19531;0.20508;0.21484;0.22461;0.23438;0.24414;0.25391;0.26367;0.27344;0.2832;0.29297;0.30273;0.3125;0.32227;0.33203;0.3418;0.35156;0.36133;0.37109;0.38086;0.39063;0.40039;0.41016;0.41992;0.42969;0.43945;0.44922;0.45898;0.46875;0.47852;0.48828;0.49805;0.50781;0.51758;0.52734;0.53711;0.54688;0.55664;0.56641;0.57617;0.58594;0.5957;0.60547;0.61523;0.625;0.63477;0.64453;0.6543;0.66406;0.67383;0.68359;0.69336;0.70313;0.71289;0.72266;0.73242;0.74219;0.75195;0.76172;0.77148;0.78125;0.79102,0.0019476480000000002;0.004163584;0.004957184;0.003598336;0.006355968;0.014486528;0.039898112;0.019730432;0.007882752;0.007220224;0.0073410559999999994;0.009787392;0.008119296;0.008680448;0.00731648;0.003508224;0.001847296;0.001532928;0.0031375360000000002;0.003726336;0.005354496;0.011414528;0.030340095999999997;0.040424447999999995;0.043858944000000004;0.09542451199999999;0.09347584;0.056431616000000004;0.043045888;0.028865536;0.029689856;0.037799936;0.030526464;0.021868544;0.020421632;0.020377600000000003;0.017458176000000002;0.008547328;0.016026624000000003;0.01284096;0.008772608;0.009162751999999998;0.008275968000000002;0.005260288;0.0051251199999999995;0.005878784;0.007071744;0.007730176;0.008194048;0.0072038399999999995;0.005393408000000001;0.004475903999999999;0.00512;0.004926464;0.004539392000000001;0.0037191679999999997;0.0035348480000000006;0.0021329920000000002;0.0022927360000000005;0.0021370879999999997;0.002072576;0.0027473920000000004;0.002459648;0.001497088;0.001477632;0.001089536;0.0011796480000000002;0.000843776;0.0010721279999999999;0.001048576;0.001053696;0.000913408;0.00115712;0.000826368;0.000909312;0.0008488959999999999;0.001114112;0.00128512;0.001247232
1788381900,hdr,0.0293;0.03906;0.04883;0.05859;0.06836;0.07813;0.08789;0.09766;0.10742;0.11719;0.12695;0.13672;0.14648;0.15625;0.16602;0.17578;0.18555;0.19531;0.20508;0.21484;0.22461;0.23438;0.24414;0.25391;0.26367;0.27344;0.2832;0.29297;0.30273;0.3125;0.32227;0.33203;0.3418;0.35156;0.36133;0.37109;0.38086;0.39063;0.40039;0.41016;0.41992;0.42969;0.43945;0.44922;0.45898;0.46875;0.47852;0.48828;0.49805;0.50781;0.51758;0.52734;0.53711;0.54688;0.55664;0.56641;0.57617;0.58594;0.5957;0.60547;0.61523;0.625;0.63477;0.64453;0.6543;0.66406;0.67383;0.68359;0.69336;0.70313;0.71289;0.72266;0.73242;0.74219;0.75195;0.76172;0.77148;0.78125;0.79102,0.003708928;0.00871424;0.011508736;0.005446656;0.0026685439999999997;0.011272192;0.057647104;0.044214272000000006;0.01087488;0.0073082880000000005;0.008203264000000002;0.009621504;0.01202176;0.00821248;0.0070297599999999995;0.00452608;0.002919424;0.0026695679999999998;0.0021944319999999996;0.0023357440000000003;0.0032194560000000003;0.009832448;0.034496512;0.042663936;0.033094656;0.069920768;0.087602176;0.03846144;0.05892096;0.056316928;0.047497216;0.021234687999999998;0.017805312;0.014290944;0.01616384;0.013433856;0.013444095999999999;0.01969152;0.024039424;0.009499648000000001;0.016964608;0.012824576;0.007815167999999999;0.006228992;0.00774144;0.005994496;0.008455167999999999;0.006503424;0.003505152;0.004258816;0.00486912;0.004099072;0.00538624;0.00314368;0.003273728;0.004231168;0.00262656;0.0031160320000000004;0.002753536;0.002922496;0.003720192;0.003366912;0.0038819839999999998;0.003099648;0.002458624;0.001864704;0.00177152;0.002204672;0.0017848319999999999;0.00164864;0.001586176;0.001722368;0.001452032;0.001288192;0.00165376;0.001210368;0.000897024;0.0012554240000000002;0.001304576
1788382800,hdr,0.0293;0.03906;0.04883;0.05859;0.06836;0.07813;0.08789;0.09766;0.10742;0.11719;0.12695;0.13672;0.14648;0.15625;0.16602;0.17578;0.18555;0.19531;0.20508;0.21484;0.22461;0.23438;0.24414;0.25391;0.26367;0.27344;0.2832;0.29297;0.30273;0.3125;0.32227;0.33203;0.3418;0.35156;0.36133;0.37109;0.38086;0.39063;0.40039;0.41016;0.41992;0.42969;0.43945;0.44922;0.45898;0.46875;0.47852;0.48828;0.49805;0.50781;0.51758;0.52734;0.53711;0.54688;0.55664;0.56641;0.57617;0.58594;0.5957;0.60547;0.61523;0.625;0.63477;0.64453;0.6543;0.66406;0.67383;0.68359;0.69336;0.70313;0.71289;0.72266;0.73242;0.74219;0.75195;0.76172;0.77148;0.78125;0.79102,0.004296704;0.008444928;0.0038307840000000003;0.0046991360000000005;0.00477696;0.0042905600000000006;0.015770624;0.019621888;0.010786816000000001;0.005325824;0.006416384;0.006929408;0.008288256;0.008769536;0.00531456;0.003733504;0.002011136;0.001035264;0.001604608;0.003646464;0.005750784000000001;0.009905152;0.015502335999999999;0.049024;0.072829952;0.065968128;0.05743308799999999;0.046992384;0.03305472;0.032720896000000006;0.030053376;0.036851712;0.031679488;0.019244031999999998;0.015547392;0.017040384;0.014512128000000001;0.008939520000000001;0.014652416000000001;0.010849280000000001;0.0067235839999999995;0.01054208;0.008983551999999999;0.008303616;0.007263232;0.005356544;0.0043980799999999995;0.005348352;0.007380992;0.007204863999999999;0.006746112;0.006041599999999999;0.004448255999999999;0.003584;0.0034037760000000003;0.00410624;0.0036239360000000003;0.004222976;0.003935232;0.0046295039999999996;0.005058559999999999;0.003779584;0.003204096;0.002603008;0.0022302719999999997;0.0032604160000000004;0.004285440000000001;0.002594816;0.001507328;0.0028549120000000002;0.002236416;0.00202752;0.0021903359999999998;0.00155648;0.001503232;0.0014796800000000001;0.001557504;0.0017131520000000001;0.001073152
1788383700,hdr,0.0293;0.03906;0.04883;0.05859;0.06836;0.07813;0.08789;0.09766;0.10742;0.11719;0.12695;0.13672;0.14648;0.15625;0.16602;0.17578;0.18555;0.19531;0.20508;0.21484;0.22461;0.23438;0.24414;0.25391;0.26367;0.27344;0.2832;0.29297;0.30273;0.3125;0.32227;0.33203;0.3418;0.35156;0.36133;0.37109;0.38086;0.39063;0.40039;0.41016;0.41992;0.42969;0.43945;0.44922;0.45898;0.46875;0.47852;0.48828;0.49805;0.50781;0.51758;0.52734;0.53711;0.54688;0.55664;0.56641;0.57617;0.58594;0.5957;0.60547;0.61523;0.625;0.63477;0.64453;0.6543;0.66406;0.67383;0.68359;0.69336;0.70313;0.71289;0.72266;0.73242;0.74219;0.75195;0.76172;0.77148;0.78125;0.79102,0.0033884159999999996;0.0077465599999999996;0.006028288;0.00388096;0.005088256;0.006433792000000001;0.021141504000000002;0.028421119999999998;0.010643456;0.009151488000000001;0.014027776;0.009649152;0.010448896;0.007663616;0.004903935999999999;0.0032757759999999998;0.0030033919999999997;0.0019712;0.00180224;0.003180544;0.006979584;0.017451008;0.020708352000000003;0.03524096;0.05495808;0.09101311999999999;0.07935283200000001;0.044643327999999996;0.056555520000000005;0.037073919999999996;0.018471935999999998;0.019061759999999997;0.019603456000000002;0.020656128;0.019751936;0.01737728;0.010691584;0.011090944;0.011641855999999999;0.014329856;0.009335808000000001;0.008348672;0.0075673599999999995;0.008414208000000001;0.009652224000000001;0.006944768;0.006457344;0.006071296;0.004737024;0.004849664;0.004737024;0.005501952;0.0049080320000000005;0.004946944;0.005409792;0.004916224;0.00341504;0.0033423359999999996;0.003382272;0.00551936;0.003801088;0.003122176;0.003484672;0.0031016959999999997;0.003009536;0.002861056;0.002659328;0.00180224;0.001763328;0.001967104;0.0013240320000000002;0.001810432;0.002902016;0.0026245120000000003;0.001794048;0.001635328;0.000970752;0.0011960319999999999;0.001258496
1788384600,hdr,0.0293;0.03906;0.04883;0.05859;0.06836;0.07813;0.08789;0.09766;0.10742;0.11719;0.12695;0.13672;0.14648;0.15625;0.16602;0.17578;0.18555;0.19531;0.20508;0.21484;0.22461;0.23438;0.24414;0.25391;0.26367;0.27344;0.2832;0.29297;0.30273;0.3125;0.32227;0.33203;0.3418;0.35156;0.36133;0.37109;0.38086;0.39063;0.40039;0.41016;0.41992;0.42969;0.43945;0.44922;0.45898;0.46875;0.47852;0.48828;0.49805;0.50781;0.51758;0.52734;0.53711;0.54688;0.55664;0.56641;0.57617;0.58594;0.5957;0.60547;0.61523;0.625;0.63477;0.64453;0.6543;0.66406;0.67383;0.68359;0.69336;0.70313;0.71289;0.72266;0.73242;0.74219;0.75195;0.76172;0.77148;0.78125;0.79102,0.0023572479999999997;0.0066734080000000005;0.005445632;0.000919552;0.001931264;0.0058521599999999995;0.038836224;0.05426483199999999;0.020718592;0.008921087999999999;0.009908224;0.011795456;0.0053043199999999995;0.007932928;0.009421824;0.005310464;0.003637248;0.00311808;0.0022323200000000003;0.00341504;0.007488512;0.013699072;0.029741056000000002;0.058843136;0.057317376;0.051985408000000004;0.06229504;0.061211647999999994;0.053383167999999995;0.044481536;0.04478464000000001;0.027626496;0.01734144;0.01617408;0.017676288000000002;0.022888448;0.019816448;0.012987392;0.010561536;0.009883648000000002;0.007451647999999999;0.007787519999999999;0.00941056;0.0087808;0.00836608;0.007571456;0.00685568;0.005012480000000001;0.005823488;0.005957632000000001;0.0055951360000000006;0.00714752;0.008419328;0.006050816;0.004235264;0.004687871999999999;0.005612544;0.005634048;0.00452096;0.003713024;0.004553728;0.0041512960000000005;0.004917248;0.004314112;0.0036608;0.00183808;0.002464768;0.0027514880000000003;0.001666048;0.0018513919999999999;0.0010752000000000001;0.00123904;0.00181248;0.001722368;0.0018687999999999999;0.0016097280000000002;0.001686528;0.001847296;0.00143872
1788385500,hdr,0.0293;0.03906;0.04883;0.05859;0.06836;0.07813;0.08789;0.09766;0.10742;0.11719;0.12695;0.13672;0.14648;0.15625;0.16602;0.17578;0.18555;0.19531;0.20508;0.21484;0.22461;0.23438;0.24414;0.25391;0.26367;0.27344;0.2832;0.29297;0.30273;0.3125;0.32227;0.33203;0.3418;0.35156;0.36133;0.37109;0.38086;0.39063;0.40039;0.41016;0.41992;0.42969;0.43945;0.44922;0.45898;0.46875;0.47852;0.48828;0.49805;0.50781;0.51758;0.52734;0.53711;0.54688;0.55664;0.56641;0.57617;0.58594;0.5957;0.60547;0.61523;0.625;0.63477;0.64453;0.6543;0.66406;0.67383;0.68359;0.69336;0.70313;0.71289;0.72266;0.73242;0.74219;0.75195;0.76172;0.77148;0.78125;0.79102,0.001186816;0.0052121599999999995;0.005762048;0.00375296;0.003432448;0.009174016;0.02805248;0.030577663999999997;0.016185344;0.010451968;0.011806720000000001;0.011104256;0.010560512;0.012745728;0.00945152;0.004810752;0.004115456;0.002852864;0.0021534719999999996;0.002994176;0.0057477119999999994;0.009462784;0.020626432;0.04278784;0.06629068800000001;0.06868070400000001;0.061805568;0.048912384;0.035209216;0.03296870400000001;0.036026367999999996;0.03944448;0.022012928;0.018721792;0.013755392;0.013807616;0.01051648;0.015588352000000001;0.010242048;0.009916415999999999;0.012407808;0.012786688000000001;0.00677376;0.004805632000000001;0.006828032;0.005521408;0.005931008000000001;0.005266432;0.006462464;0.006351872000000001;0.004038656;0.005699584;0.004371456;0.003473408;0.003856384;0.003786752;0.0045424639999999995;0.003933184;0.0028487680000000002;0.0028088320000000003;0.00283648;0.0030330879999999998;0.0029788160000000004;0.0022097920000000004;0.00195584;0.003008512;0.0030863360000000003;0.003325952;0.002174976;0.0013148160000000001;0.0009625599999999999;0.001015808;0.0011837439999999998;0.001789952;0.001887232;0.001309696;0.001557504;0.00119808;0.0009984
1788386400,hdr,0.0293;0.03906;0.04883;0.05859;0.06836;0.07813;0.08789;0.09766;0.10742;0.11719;0.12695;0.13672;0.14648;0.15625;0.16602;0.17578;0.18555;0.19531;0.20508;0.21484;0.22461;0.23438;0.24414;0.25391;0.26367;0.27344;0.2832;0.29297;0.30273;0.3125;0.32227;0.33203;0.3418;0.35156;0.36133;0.37109;0.38086;0.39063;0.40039;0.41016;0.41992;0.42969;0.43945;0.44922;0.45898;0.46875;0.47852;0.48828;0.49805;0.50781;0.51758;0.52734;0.53711;0.54688;0.55664;0.56641;0.57617;0.58594;0.5957;0.60547;0.61523;0.625;0.63477;0.64453;0.6543;0.66406;0.67383;0.68359;0.69336;0.70313;0.71289;0.72266;0.73242;0.74219;0.75195;0.76172;0.77148;0.78125;0.79102,0.0031569919999999995;0.008192;0.009008127999999999;0.00545792;0.006489088;0.005569536;0.021865472;0.029416448;0.018184192;0.013889536;0.01101824;0.010790912;0.008681471999999999;0.005885951999999999;0.006150144000000001;0.005798911999999999;0.004317184;0.00300032;0.002436096;0.0030750720000000003;0.00371712;0.006934528000000001;0.015945728;0.038616064;0.057617407999999995;0.06302719999999999;0.078948352;0.090707968;0.048662528;0.036671487999999995;0.021653504;0.015666176;0.021704704;0.017649664;0.017306624;0.017114111999999997;0.01737728;0.0137728;0.008841215999999999;0.008851456;0.007793664;0.011508736;0.009996288;0.0061829120000000005;0.005901312;0.005439488;0.005096447999999999;0.006132736000000001;0.005763072;0.005937152;0.004178944;0.004023296;0.00357376;0.0028549120000000002;0.003325952;0.004571136000000001;0.004605952;0.00282624;0.001528832;0.002115584;0.004015104;0.002499584;0.0027453439999999994;0.002802688;0.00178176;0.0020500479999999996;0.002601984;0.003452928;0.0017725439999999998;0.0012912639999999999;0.0011048960000000002;0.001544192;0.001668096;0.00119808;0.001210368;0.000939008;0.0013701120000000002;0.000965632;0.00077312
1788387300,hdr,0.0293;0.03906;0.04883;0.05859;0.06836;0.07813;0.08789;0.09766;0.10742;0.11719;0.12695;0.13672;0.14648;0.15625;0.16602;0.17578;0.18555;0.19531;0.20508;0.21484;0.22461;0.23438;0.24414;0.25391;0.26367;0.27344;0.2832;0.29297;0.30273;0.3125;0.32227;0.33203;0.3418;0.35156;0.36133;0.37109;0.38086;0.39063;0.40039;0.41016;0.41992;0.42969;0.43945;0.44922;0.45898;0.46875;0.47852;0.48828;0.49805;0.50781;0.51758;0.52734;0.53711;0.54688;0.55664;0.56641;0.57617;0.58594;0.5957;0.60547;0.61523;0.625;0.63477;0.64453;0.6543;0.66406;0.67383;0.68359;0.69336;0.70313;0.71289;0.72266;0.73242;0.74219;0.75195;0.76172;0.77148;0.78125;0.79102,0.0031068159999999997;0.003013632;0.0022026240000000002;0.002515968;0.0014581759999999998;0.004359168000000001;0.036460544000000004;0.032023552000000004;0.008093696;0.0068096;0.006491136000000001;0.009610239999999999;0.006670336000000001;0.00415744;0.00504832;0.0042905600000000006;0.003920896;0.0033228800000000003;0.00190976;0.0038799359999999996;0.006879232;0.016306176000000002;0.027082752;0.060521472;0.043216896;0.025284608;0.046645248;0.049210368000000004;0.047885312;0.045580288000000004;0.042435584;0.022919167999999997;0.013536256;0.018424832;0.014850048;0.011384832;0.010135551999999999;0.011162624;0.010553344;0.005398528;0.006365184;0.007550976000000001;0.0060672;0.006697984000000001;0.006982656000000001;0.006977536;0.0054138879999999995;0.006853632;0.005967871999999999;0.0050104319999999996;0.004797439999999999;0.006099968;0.006185984;0.0042905600000000006;0.001890304;0.002269184;0.002707456;0.002618368;0.0025825279999999997;0.002981888;0.002589696;0.002980864;0.0017530879999999999;0.0013056;0.001646592;0.001452032;0.001409024;0.001538048;0.001496064;0.0015964160000000002;0.0015267839999999998;0.001467392;0.001062912;0.000555008;0.000733184;0.001107968;0.0008345599999999999;0.001050624;0.0012687360000000001
1788388200,hdr,0.0293;0.03906;0.04883;0.05859;0.06836;0.07813;0.08789;0.09766;0.10742;0.11719;0.12695;0.13672;0.14648;0.15625;0.16602;0.17578;0.18555;0.19531;0.20508;0.21484;0.22461;0.23438;0.24414;0.25391;0.26367;0.27344;0.2832;0.29297;0.30273;0.3125;0.32227;0.33203;0.3418;0.35156;0.36133;0.37109;0.38086;0.39063;0.40039;0.41016;0.41992;0.42969;0.43945;0.44922;0.45898;0.46875;0.47852;0.48828;0.49805;0.50781;0.51758;0.52734;0.53711;0.54688;0.55664;0.56641;0.57617;0.58594;0.5957;0.60547;0.61523;0.625;0.63477;0.64453;0.6543;0.66406;0.67383;0.68359;0.69336;0.70313;0.71289;0.72266;0.73242;0.74219;0.75195;0.76172;0.77148;0.78125;0.79102,0.001330176;0.0010803199999999998;0.00168448;0.001381376;0.001406976;0.004632576;0.019838975999999998;0.032277504;0.023181312;0.008088576;0.006311936000000001;0.008031232;0.0066734080000000005;0.007363584000000001;0.00377856;0.003613696;0.0034826239999999997;0.00499712;0.004191232;0.003957759999999999;0.010046464;0.012971008;0.017248256;0.035724288;0.036665343999999996;0.043198464;0.049015807999999994;0.039759872;0.018244608;0.019542016;0.027159552;0.033748992;0.022692864;0.015289344;0.025337856;0.025575424000000003;0.017034240000000003;0.012434431999999999;0.01117696;0.008222720000000001;0.0039168;0.0074874880000000005;0.005131264;0.0030627840000000003;0.003898368;0.003642368;0.0037928959999999996;0.0049233919999999995;0.0045875199999999994;0.00331264;0.0036280320000000002;0.0054272;0.0034037760000000003;0.00251904;0.002020352;0.00258048;0.002532352;0.003478528;0.003024896;0.003198976;0.002368512;0.001714176;0.0015984640000000002;0.002172928;0.002081792;0.00167936;0.002267136;0.001512448;0.001110016;0.001153024;0.00169984;0.0012001280000000002;0.001181696;0.001406976;0.0012871680000000002;0.000912384;0.0009615359999999999;0.0009605120000000001;0.001004544
1788389100,hdr,0.0293;0.03906;0.04883;0.05859;0.06836;0.07813;0.08789;0.09766;0.10742;0.11719;0.12695;0.13672;0.14648;0.15625;0.16602;0.17578;0.18555;0.19531;0.20508;0.21484;0.22461;0.23438;0.24414;0.25391;0.26367;0.27344;0.2832;0.29297;0.30273;0.3125;0.32227;0.33203;0.3418;0.35156;0.36133;0.37109;0.38086;0.39063;0.40039;0.41016;0.41992;0.42969;0.43945;0.44922;0.45898;0.46875;0.47852;0.48828;0.49805;0.50781;0.51758;0.52734;0.53711;0.54688;0.55664;0.56641;0.57617;0.58594;0.5957;0.60547;0.61523;0.625;0.63477;0.64453;0.6543;0.66406;0.67383;0.68359;0.69336;0.70313;0.71289;0.72266;0.73242;0.74219;0.75195;0.76172;0.77148;0.78125;0.79102,0.000785408;0.001743872;0.001682432;0.001247232;0.002783232;0.004837376;0.028351488;0.059127808000000004;0.028402688000000002;0.00903168;0.0072263679999999995;0.004583424;0.003892224;0.006956032;0.0057077759999999995;0.00364544;0.003212288;0.003538944;0.004397056000000001;0.0062648320000000006;0.012644352;0.019852288;0.027027456000000002;0.037516288;0.055616512;0.079688704;0.057860096;0.039332864;0.029710336000000004;0.018752512;0.016144383999999998;0.01304576;0.016615424;0.022722560000000003;0.017303552;0.019757056;0.011938816;0.011401216;0.009243648000000002;0.008413183999999999;0.008121344;0.008539136;0.0065167359999999995;0.006228992;0.00516608;0.0035532800000000002;0.004540415999999999;0.004500479999999999;0.004568063999999999;0.004025343999999999;0.004667392000000001;0.00638976;0.003666944;0.003303424;0.0033638400000000003;0.0025118719999999996;0.0035583999999999998;0.003203072;0.002468864;0.002341888;0.001251328;0.00163328;0.0022231040000000005;0.00167936;0.002111488;0.001845248;0.000817152;0.000872448;0.0011284479999999998;0.000789504;0.001156096;0.001281024;0.00088576;0.0006502400000000001;0.000449536;0.0008386559999999999;0.000775168;0.0005898240000000001;0.000679936
1788390000,hdr,0.0293;0.03906;0.04883;0.05859;0.06836;0.07813;0.08789;0.09766;0.10742;0.11719;0.12695;0.13672;0.14648;0.15625;0.16602;0.17578;0.18555;0.19531;0.20508;0.21484;0.22461;0.23438;0.24414;0.25391;0.26367;0.27344;0.2832;0.29297;0.30273;0.3125;0.32227;0.33203;0.3418;0.35156;0.36133;0.37109;0.38086;0.39063;0.40039;0.41016;0.41992;0.42969;0.43945;0.44922;0.45898;0.46875;0.47852;0.48828;0.49805;0.50781;0.51758;0.52734;0.53711;0.54688;0.55664;0.56641;0.57617;0.58594;0.5957;0.60547;0.61523;0.625;0.63477;0.64453;0.6543;0.66406;0.67383;0.68359;0.69336;0.70313;0.71289;0.72266;0.73242;0.74219;0.75195;0.76172;0.77148;0.78125;0.79102,0.000444416;0.00075264;0.0007096320000000001;0.0009349119999999999;0.002824192;0.006196224;0.040119296;0.063397888;0.022355968;0.009225216;0.004473856;0.004533248;0.005496832;0.005985280000000001;0.005840896;0.004867072;0.004242432;0.008593408;0.011354112000000001;0.012123136;0.010139648;0.012884992;0.029691904;0.048494591999999996;0.052553728;0.03750297599999999;0.024810495999999998;0.027552768;0.026522623999999998;0.016120832;0.014522368;0.018808831999999998;0.023687168;0.019611648;0.017501183999999996;0.018307072;0.018210816;0.010474496000000002;0.011259904000000001;0.011080704000000002;0.009775104000000001;0.009832448;0.012283904;0.007286783999999999;0.009566207999999998;0.009839616;0.007097344;0.004610047999999999;0.0023572479999999997;0.001741824;0.0032256;0.004859904000000001;0.00435712;0.00331776;0.0030361600000000004;0.0018135039999999999;0.001759232;0.00155648;0.002325504;0.002146304;0.001874944;0.001523712;0.001854464;0.0011755519999999998;0.000816128;0.0008652800000000001;0.001517568;0.0015114240000000001;0.001728512;0.0007116799999999999;0.00072704;0.0010455039999999998;0.0007352319999999999;0.000499712;0.0007976959999999999;0.0008304639999999999;0.00046489599999999996;0.00052736;0.0005089280000000001
1788390900,hdr,0.0293;0.03906;0.04883;0.05859;0.06836;0.07813;0.08789;0.09766;0.10742;0.11719;0.12695;0.13672;0.14648;0.15625;0.16602;0.17578;0.18555;0.19531;0.20508;0.21484;0.22461;0.23438;0.24414;0.25391;0.26367;0.27344;0.2832;0.29297;0.30273;0.3125;0.32227;0.33203;0.3418;0.35156;0.36133;0.37109;0.38086;0.39063;0.40039;0.41016;0.41992;0.42969;0.43945;0.44922;0.45898;0.46875;0.47852;0.48828;0.49805;0.50781;0.51758;0.52734;0.53711;0.54688;0.55664;0.56641;0.57617;0.58594;0.5957;0.60547;0.61523;0.625;0.63477;0.64453;0.6543;0.66406;0.67383;0.68359;0.69336;0.70313;0.71289;0.72266;0.73242;0.74219;0.75195;0.76172;0.77148;0.78125;0.79102,0.001680384;0.003318784;0.002269184;0.0013608960000000001;0.001383424;0.004015104;0.020502528000000003;0.022325248;0.008772608;0.0062054400000000004;0.00672256;0.006730752;0.005183487999999999;0.0033146879999999997;0.002188288;0.00325632;0.005185536;0.005955584;0.005286912;0.01535488;0.025242623999999998;0.034968576;0.033652735999999996;0.050490367999999994;0.054517760000000005;0.03136512;0.039483392;0.03339775999999999;0.021636095999999997;0.019182592000000002;0.031007744;0.025298944;0.01697792;0.016157696000000003;0.011670527999999998;0.008180736;0.009478144;0.009494528;0.012085248;0.012076031999999999;0.008768512;0.008348672;0.005669888;0.004007936;0.0071936000000000005;0.006682624;0.005186560000000001;0.005569536;0.004753408000000001;0.0028221440000000004;0.002528256;0.003274752;0.0024811519999999995;0.002705408;0.002579456;0.002962432;0.002968576;0.001933312;0.001531904;0.0015779840000000002;0.001599488;0.001536;0.0012912639999999999;0.00141824;0.0009584639999999999;0.00092672;0.001590272;0.0012369920000000001;0.0009205759999999999;0.0012687360000000001;0.001062912;0.000702464;0.000666624;0.001086464;0.000889856;0.000601088;0.000519168;0.000535552;0.00048639999999999995
1788391800,hdr,0.0293;0.03906;0.04883;0.05859;0.06836;0.07813;0.08789;0.09766;0.10742;0.11719;0.12695;0.13672;0.14648;0.15625;0.16602;0.17578;0.18555;0.19531;0.20508;0.21484;0.22461;0.23438;0.24414;0.25391;0.26367;0.27344;0.2832;0.29297;0.30273;0.3125;0.32227;0.33203;0.3418;0.35156;0.36133;0.37109;0.38086;0.39063;0.40039;0.41016;0.41992;0.42969;0.43945;0.44922;0.45898;0.46875;0.47852;0.48828;0.49805;0.50781;0.51758;0.52734;0.53711;0.54688;0.55664;0.56641;0.57617;0.58594;0.5957;0.60547;0.61523;0.625;0.63477;0.64453;0.6543;0.66406;0.67383;0.68359;0.69336;0.70313;0.71289;0.72266;0.73242;0.74219;0.75195;0.76172;0.77148;0.78125;0.79102,5.9392e-05;0.000347136;0.000186368;0.000674816;0.001752064;0.002489344;0.025992192;0.06741401600000001;0.03142144;0.00654336;0.005561344;0.006539264;0.006183936;0.005716992000000001;0.0051722240000000004;0.0038410239999999997;0.003994624;0.004841472;0.009513984;0.026230784;0.037731328;0.032870399999999994;0.032505856;0.044910592000000006;0.045022208;0.031844352;0.018812928;0.018223104;0.029938687999999998;0.02488832;0.024399872;0.024620032;0.024631295999999997;0.01567744;0.013449216;0.01452544;0.009797631999999999;0.009521152;0.00691712;0.00707584;0.0044748800000000005;0.005279743999999999;0.005767168;0.005312512;0.0058869759999999995;0.004310016;0.002859008;0.002696192;0.003416064;0.0023592960000000003;0.002952192;0.002592768;0.002245632;0.001927168;0.0015206400000000002;0.00213504;0.00175104;0.0018216959999999998;0.001041408;0.001032192;0.0010475520000000002;0.001147904;0.000858112;0.0009431040000000001;0.0008591359999999999;0.00075776;0.000625664;0.000950272;0.000809984;0.000704512;0.000625664;0.000799744;0.000459776;0.00037068800000000004;0.00050688;0.000579584;0.000518144;0.00041779199999999995;0.000456704
1788392700,hdr,0.0293;0.03906;0.04883;0.05859;0.06836;0.07813;0.08789;0.09766;0.10742;0.11719;0.12695;0.13672;0.14648;0.15625;0.16602;0.17578;0.18555;0.19531;0.20508;0.21484;0.22461;0.23438;0.24414;0.25391;0.26367;0.27344;0.2832;0.29297;0.30273;0.3125;0.32227;0.33203;0.3418;0.35156;0.36133;0.37109;0.38086;0.39063;0.40039;0.41016;0.41992;0.42969;0.43945;0.44922;0.45898;0.46875;0.47852;0.48828;0.49805;0.50781;0.51758;0.52734;0.53711;0.54688;0.55664;0.56641;0.57617;0.58594;0.5957;0.60547;0.61523;0.625;0.63477;0.64453;0.6543;0.66406;0.67383;0.68359;0.69336;0.70313;0.71289;0.72266;0.73242;0.74219;0.75195;0.76172;0.77148;0.78125;0.79102,0.000812032;0.002300928;0.0024739840000000003;0.00178176;0.00300544;0.007862272;0.039428095999999996;0.060154879999999994;0.02315776;0.007432192;0.00717824;0.005219328;0.004447232;0.004256768;0.003897344;0.00375808;0.0057794560000000005;0.004670464;0.010179584;0.019223552000000005;0.049093632;0.064075776;0.04224716800000001;0.046820351999999996;0.04709888;0.031225856;0.027341824;0.022959104;0.029405183999999997;0.026289152000000003;0.01874944;0.020967424000000002;0.019710975999999998;0.014432256000000001;0.014087167999999999;0.011767808000000001;0.011377664;0.00969216;0.014476288;0.012022784;0.00581632;0.0032471040000000002;0.00338432;0.003117056;0.003152896;0.003172352;0.003214336;0.0025978880000000005;0.002460672;0.002287616;0.0022272;0.001728512;0.00182272;0.001461248;0.002159616;0.0020500479999999996;0.0013148160000000001;0.0018810880000000002;0.001870848;0.0014827520000000002;0.001796096;0.0020736;0.00136704;0.001267712;0.0012195840000000001;0.0011212799999999999;0.0008089600000000001;0.000700416;0.000515072;0.000493568;0.0008488959999999999;0.0008601600000000001;0.00075776;0.000664576;0.0006963200000000001;0.00036864000000000005;0.00036147200000000005;0.000439296;0.000555008
