Epoch Time,Processing Source,f,varianceDensity
1788393600,hdr,0.0293;0.03906;0.04883;0.05859;0.06836;0.07813;0.08789;0.09766;0.10742;0.11719;0.12695;0.13672;0.14648;0.15625;0.16602;0.17578;0.18555;0.19531;0.20508;0.21484;0.22461;0.23438;0.24414;0.25391;0.26367;0.27344;0.2832;0.29297;0.30273;0.3125;0.32227;0.33203;0.3418;0.35156;0.36133;0.37109;0.38086;0.39063;0.40039;0.41016;0.41992;0.42969;0.43945;0.44922;0.45898;0.46875;0.47852;0.48828;0.49805;0.50781;0.51758;0.52734;0.53711;0.54688;0.55664;0.56641;0.57617;0.58594;0.5957;0.60547;0.61523;0.625;0.63477;0.64453;0.6543;0.66406;0.67383;0.68359;0.69336;0.70313;0.71289;0.72266;0.73242;0.74219;0.75195;0.76172;0.77148;0.78125;0.79102,0.0023388159999999996;0.004576256;0.004995072;0.001193984;0.002020352;0.0007976959999999999;0.024251392;0.04709888;0.035649536;0.016067584;0.007096320000000001;0.005245952;0.004484096000000001;0.00426496;0.004031488000000001;0.003182592;0.002482176;0.005823488;0.015244287999999998;0.02831872;0.058566656;0.06808064;0.07003238399999999;0.050390016;0.038857728;0.031168512;0.028994560000000003;0.022956031999999998;0.026867712;0.020278272;0.013630464;0.013679616;0.010469376;0.00854016;0.011606016;0.010650624;0.010450944;0.013405184;0.010968064;0.008346624;0.00469504;0.003708928;0.005854208;0.00691712;0.004052992;0.0034027519999999998;0.004022272;0.003663872;0.0021944319999999996;0.002861056;0.00254464;0.002084864;0.002455552;0.002241536;0.0016773119999999998;0.002262016;0.002056192;0.0016087039999999999;0.001403904;0.000924672;0.00090624;0.000631808;0.0005847039999999999;0.00085504;0.001006592;0.000842752;0.0009912319999999999;0.00119296;0.000751616;0.00045056;0.0006912;0.000712704;0.00042598399999999997;0.00061952;0.0008519679999999999;0.000580608;0.000576512;0.00047616000000000005;0.000453632
1788394500,hdr,0.0293;0.03906;0.04883;0.05859;0.06836;0.07813;0.08789;0.09766;0.10742;0.11719;0.12695;0.13672;0.14648;0.15625;0.16602;0.17578;0.18555;0.19531;0.20508;0.21484;0.22461;0.23438;0.24414;0.25391;0.26367;0.27344;0.2832;0.29297;0.30273;0.3125;0.32227;0.33203;0.3418;0.35156;0.36133;0.37109;0.38086;0.39063;0.40039;0.41016;0.41992;0.42969;0.43945;0.44922;0.45898;0.46875;0.47852;0.48828;0.49805;0.50781;0.51758;0.52734;0.53711;0.54688;0.55664;0.56641;0.57617;0.58594;0.5957;0.60547;0.61523;0.625;0.63477;0.64453;0.6543;0.66406;0.67383;0.68359;0.69336;0.70313;0.71289;0.72266;0.73242;0.74219;0.75195;0.76172;0.77148;0.78125;0.79102,0.003023872;0.005228544;0.003648512;0.000398336;0.001948672;0.003515392;0.033026048;0.06933708799999999;0.037076991999999996;0.016326656;0.005516288;0.00489984;0.00383488;0.0039075839999999995;0.00396288;0.00285696;0.0019455999999999998;0.0032276479999999996;0.007124992;0.019449856;0.045280256;0.059625472;0.061857792;0.101202944;0.077155328;0.049992704000000006;0.034340864;0.018572288;0.031229952000000002;0.030853119999999998;0.021303296;0.012797952000000001;0.01609216;0.016447488;0.007824384;0.009601024000000001;0.007460863999999999;0.007118848;0.010431488;0.007691264;0.005204992;0.004580352000000001;0.0028927999999999996;0.0029880320000000003;0.003637248;0.003110912;0.00361984;0.004098048000000001;0.00281088;0.001707008;0.002105344;0.002067456;0.001708032;0.0014376960000000002;0.001307648;0.001664;0.001431552;0.0015687680000000001;0.001312768;0.001074176;0.001042432;0.001065984;0.000544768;0.000769024;0.001022976;0.000807936;0.000636928;0.0005888;0.00041779199999999995;0.00032870400000000003;0.000626688;0.0007290879999999999;0.00039936;0.00062976;0.000504832;0.00047616000000000005;0.00035532799999999997;0.000269312;0.000323584
1788395400,hdr,0.0293;0.03906;0.04883;0.05859;0.06836;0.07813;0.08789;0.09766;0.10742;0.11719;0.12695;0.13672;0.14648;0.15625;0.16602;0.17578;0.18555;0.19531;0.20508;0.21484;0.22461;0.23438;0.24414;0.25391;0.26367;0.27344;0.2832;0.29297;0.30273;0.3125;0.32227;0.33203;0.3418;0.35156;0.36133;0.37109;0.38086;0.39063;0.40039;0.41016;0.41992;0.42969;0.43945;0.44922;0.45898;0.46875;0.47852;0.48828;0.49805;0.50781;0.51758;0.52734;0.53711;0.54688;0.55664;0.56641;0.57617;0.58594;0.5957;0.60547;0.61523;0.625;0.63477;0.64453;0.6543;0.66406;0.67383;0.68359;0.69336;0.70313;0.71289;0.72266;0.73242;0.74219;0.75195;0.76172;0.77148;0.78125;0.79102,0.005154816;0.01238528;0.009486336;0.004056064000000001;0.0030228480000000003;0.004747264;0.03186688;0.08057856;0.036659199999999996;0.010002432;0.007764992;0.005679103999999999;0.004220928;0.005186560000000001;0.004805632000000001;0.004426751999999999;0.004261888;0.0067205120000000005;0.009136127999999999;0.0176896;0.05766656;0.10735104;0.12465664;0.075666432;0.057939968;0.037413888;0.021658624;0.014168064;0.017398784;0.014698496000000002;0.014833664;0.027721727999999998;0.021076992000000003;0.014086144;0.016157696000000003;0.01224192;0.011590656;0.010304512;0.009597952;0.004322304;0.0036608;0.005216255999999999;0.006896639999999999;0.005308416;0.0035522559999999997;0.0037888;0.003121152;0.00283648;0.0024637440000000004;0.0031395840000000004;0.002241536;0.001353728;0.0018278399999999998;0.0020183040000000003;0.002407424;0.0013342719999999998;0.0012288;0.000933888;0.0006789119999999999;0.000658432;0.000449536;0.000408576;0.000390144;0.000436224;0.000638976;0.000658432;0.000510976;0.00055296;0.000785408;0.000493568;0.00047411199999999995;0.000766976;0.00077312;0.0007423999999999999;0.000590848;0.00075264;0.00075776;0.0007280640000000001;0.0005888
1788396300,hdr,0.0293;0.03906;0.04883;0.05859;0.06836;0.07813;0.08789;0.09766;0.10742;0.11719;0.12695;0.13672;0.14648;0.15625;0.16602;0.17578;0.18555;0.19531;0.20508;0.21484;0.22461;0.23438;0.24414;0.25391;0.26367;0.27344;0.2832;0.29297;0.30273;0.3125;0.32227;0.33203;0.3418;0.35156;0.36133;0.37109;0.38086;0.39063;0.40039;0.41016;0.41992;0.42969;0.43945;0.44922;0.45898;0.46875;0.47852;0.48828;0.49805;0.50781;0.51758;0.52734;0.53711;0.54688;0.55664;0.56641;0.57617;0.58594;0.5957;0.60547;0.61523;0.625;0.63477;0.64453;0.6543;0.66406;0.67383;0.68359;0.69336;0.70313;0.71289;0.72266;0.73242;0.74219;0.75195;0.76172;0.77148;0.78125;0.79102,0.001820672;0.008538111999999999;0.010297344000000002;0.002934784;0.003035136;0.00428032;0.022096896;0.052877312;0.053699584;0.017977343999999996;0.0030853119999999998;0.004202496;0.0041809920000000006;0.003785728;0.0033351680000000003;0.002566144;0.00398336;0.00891392;0.013703168;0.022582272;0.0513536;0.0888064;0.09878528;0.06730752;0.051680256;0.050025472;0.033076224;0.02653696;0.016909312;0.015857664;0.011400192000000002;0.0107008;0.012322815999999999;0.009737216;0.011810816;0.015232;0.009362432;0.006222848;0.006672384;0.005751808;0.005954559999999999;0.0026777600000000004;0.004950016;0.005793792;0.0031969280000000004;0.0017971200000000001;0.0032819200000000002;0.002200576;0.001798144;0.002180096;0.0025671680000000003;0.001540096;0.00141312;0.0016435199999999999;0.0016670720000000001;0.001666048;0.001455104;0.00146944;0.001837056;0.002436096;0.0017182719999999999;0.0015851519999999998;0.001627136;0.000891904;0.000740352;0.000791552;0.00113152;0.00134656;0.00119296;0.0011786239999999999;0.000898048;0.0007280640000000001;0.0009400319999999999;0.000802816;0.00047616000000000005;0.000442368;0.000524288;0.000482304;0.000613376
1788398100,hdr,0.0293;0.03906;0.04883;0.05859;0.06836;0.07813;0.08789;0.09766;0.10742;0.11719;0.12695;0.13672;0.14648;0.15625;0.16602;0.17578;0.18555;0.19531;0.20508;0.21484;0.22461;0.23438;0.24414;0.25391;0.26367;0.27344;0.2832;0.29297;0.30273;0.3125;0.32227;0.33203;0.3418;0.35156;0.36133;0.37109;0.38086;0.39063;0.40039;0.41016;0.41992;0.42969;0.43945;0.44922;0.45898;0.46875;0.47852;0.48828;0.49805;0.50781;0.51758;0.52734;0.53711;0.54688;0.55664;0.56641;0.57617;0.58594;0.5957;0.60547;0.61523;0.625;0.63477;0.64453;0.6543;0.66406;0.67383;0.68359;0.69336;0.70313;0.71289;0.72266;0.73242;0.74219;0.75195;0.76172;0.77148;0.78125;0.79102,0.0024012799999999996;0.001168384;0.00297472;0.004580352000000001;0.00425472;0.004160512;0.032999424;0.04184576;0.044412928;0.034779135999999995;0.010760191999999998;0.006497279999999999;0.005297152;0.005264384;0.003411968;0.003141632;0.0023848959999999996;0.0042414079999999995;0.00601088;0.019775487999999997;0.05560832;0.081733632;0.070987776;0.050188288;0.035367936;0.027879424;0.024353792;0.016886784;0.013527039999999999;0.009757696;0.015262719999999999;0.015091712;0.013875199999999999;0.011198464;0.009349119999999999;0.009926655999999999;0.007554048;0.004323328;0.0035246080000000003;0.005497856;0.004685824000000001;0.0036382720000000006;0.003050496;0.00311296;0.00384512;0.00198656;0.0014028799999999998;0.00172544;0.002147328;0.002719744;0.0018483199999999999;0.002171904;0.0019394560000000002;0.001452032;0.001964032;0.002045952;0.0012523519999999998;0.001074176;0.0012666880000000002;0.0011837439999999998;0.001393664;0.001337344;0.000927744;0.0013752319999999999;0.0013568;0.00119296;0.000576512;0.000666624;0.000607232;0.000651264;0.000625664;0.00048127999999999995;0.000357376;0.000356352;0.00047308800000000003;0.000475136;0.000592896;0.00067072;0.000320512
1788399000,hdr,0.0293;0.03906;0.04883;0.05859;0.06836;0.07813;0.08789;0.09766;0.10742;0.11719;0.12695;0.13672;0.14648;0.15625;0.16602;0.17578;0.18555;0.19531;0.20508;0.21484;0.22461;0.23438;0.24414;0.25391;0.26367;0.27344;0.2832;0.29297;0.30273;0.3125;0.32227;0.33203;0.3418;0.35156;0.36133;0.37109;0.38086;0.39063;0.40039;0.41016;0.41992;0.42969;0.43945;0.44922;0.45898;0.46875;0.47852;0.48828;0.49805;0.50781;0.51758;0.52734;0.53711;0.54688;0.55664;0.56641;0.57617;0.58594;0.5957;0.60547;0.61523;0.625;0.63477;0.64453;0.6543;0.66406;0.67383;0.68359;0.69336;0.70313;0.71289;0.72266;0.73242;0.74219;0.75195;0.76172;0.77148;0.78125;0.79102,0.0058316800000000005;0.008315904;0.013196287999999999;0.00983552;0.007940095999999999;0.01097216;0.027242495999999998;0.043188224;0.04279091199999999;0.028097536;0.009747456;0.004742143999999999;0.003909632;0.0036823039999999995;0.002312192;0.002650112;0.006011904;0.007568384;0.006358016;0.013059072;0.059907072;0.08949760000000001;0.083390464;0.06467891199999999;0.029703168000000002;0.027885568;0.023478272;0.012234752;0.0215808;0.023179263999999998;0.019110912;0.014118912;0.014270464;0.013641728;0.008787967999999998;0.009911296;0.005989376;0.006531072;0.008068096;0.00602112;0.00489984;0.004160512;0.004267008;0.004277248000000001;0.0046817280000000005;0.00261632;0.002893824;0.0029593600000000003;0.00209408;0.0019886079999999998;0.002655232;0.0022487040000000002;0.00215552;0.001744896;0.001098752;0.001283072;0.0014028799999999998;0.0013260799999999999;0.001052672;0.000909312;0.000891904;0.0012318720000000002;0.0013987840000000001;0.000842752;0.000827392;0.0013260799999999999;0.000871424;0.001082368;0.0007884799999999999;0.000872448;0.001048576;0.000714752;0.00043008000000000006;0.0007290879999999999;0.0007086080000000001;0.000483328;0.0005478400000000001;0.000499712;0.00043827199999999997
1788399900,hdr,0.0293;0.03906;0.04883;0.05859;0.06836;0.07813;0.08789;0.09766;0.10742;0.11719;0.12695;0.13672;0.14648;0.15625;0.16602;0.17578;0.18555;0.19531;0.20508;0.21484;0.22461;0.23438;0.24414;0.25391;0.26367;0.27344;0.2832;0.29297;0.30273;0.3125;0.32227;0.33203;0.3418;0.35156;0.36133;0.37109;0.38086;0.39063;0.40039;0.41016;0.41992;0.42969;0.43945;0.44922;0.45898;0.46875;0.47852;0.48828;0.49805;0.50781;0.51758;0.52734;0.53711;0.54688;0.55664;0.56641;0.57617;0.58594;0.5957;0.60547;0.61523;0.625;0.63477;0.64453;0.6543;0.66406;0.67383;0.68359;0.69336;0.70313;0.71289;0.72266;0.73242;0.74219;0.75195;0.76172;0.77148;0.78125;0.79102,0.0079872;0.013315072;0.015366144;0.013143039999999998;0.011568128;0.00761344;0.022260736;0.033963008;0.033668095999999995;0.021203968;0.014436352;0.007892992;0.0041492479999999995;0.005792768;0.0037836799999999998;0.0023357440000000003;0.004517888;0.005374976000000001;0.005866496;0.013807616;0.039441408000000004;0.062324736000000006;0.085926912;0.063470592;0.04647424000000001;0.026468352;0.020848639999999998;0.020346879999999998;0.019299327999999998;0.018799616;0.011992063999999998;0.010628096;0.010267647999999999;0.011502592;0.010244096000000001;0.012079103999999998;0.007754751999999999;0.006455295999999999;0.00677888;0.005181440000000001;0.006535168;0.004158464;0.00360448;0.0038860800000000005;0.002874368;0.00226304;0.003145728;0.0023818240000000003;0.00167424;0.0018442240000000002;0.001922048;0.0014243840000000001;0.001624064;0.00177152;0.0019773440000000002;0.0016087039999999999;0.0014028799999999998;0.002061312;0.001536;0.001086464;0.0009041920000000001;0.000786432;0.00074752;0.001165312;0.000642048;0.000664576;0.0010178560000000001;0.000807936;0.0010680320000000002;0.0014233599999999998;0.001027072;0.000566272;0.000651264;0.0007086080000000001;0.0010086399999999999;0.0010721279999999999;0.0008366080000000001;0.0005232639999999998;0.000388096
1788400800,hdr,0.0293;0.03906;0.04883;0.05859;0.06836;0.07813;0.08789;0.09766;0.10742;0.11719;0.12695;0.13672;0.14648;0.15625;0.16602;0.17578;0.18555;0.19531;0.20508;0.21484;0.22461;0.23438;0.24414;0.25391;0.26367;0.27344;0.2832;0.29297;0.30273;0.3125;0.32227;0.33203;0.3418;0.35156;0.36133;0.37109;0.38086;0.39063;0.40039;0.41016;0.41992;0.42969;0.43945;0.44922;0.45898;0.46875;0.47852;0.48828;0.49805;0.50781;0.51758;0.52734;0.53711;0.54688;0.55664;0.56641;0.57617;0.58594;0.5957;0.60547;0.61523;0.625;0.63477;0.64453;0.6543;0.66406;0.67383;0.68359;0.69336;0.70313;0.71289;0.72266;0.73242;0.74219;0.75195;0.76172;0.77148;0.78125;0.79102,0.0018923520000000001;0.003562496;0.003158016;0.0037386240000000003;0.0033679359999999998;0.007738368000000001;0.025773056;0.043106304000000005;0.040716288;0.024113152;0.011367424;0.006588415999999999;0.005296128000000001;0.004283392;0.00354304;0.0030535679999999996;0.0029491200000000004;0.008534016;0.013862912;0.016723968000000002;0.039810048;0.070098944;0.08404479999999999;0.086153216;0.05289472;0.030851072;0.028576768;0.025017344;0.018884608;0.009686016;0.010458111999999999;0.009238528000000001;0.010329088;0.012683264;0.011986944;0.010719232;0.008397824;0.0062976;0.006278144;0.006647808;0.004653056000000001;0.003538944;0.00256;0.0037048320000000004;0.003555328;0.0019660800000000003;0.001656832;0.001460224;0.0021452800000000003;0.0019937279999999997;0.0017684480000000002;0.001559552;0.0014448640000000001;0.002101248;0.002284544;0.0013209599999999997;0.001174528;0.0009482239999999999;0.001000448;0.001137664;0.001028096;0.000907264;0.0009205759999999999;0.0012052480000000001;0.000881664;0.000738304;0.0005089280000000001;0.000674816;0.000703488;0.0005724160000000001;0.0005406720000000001;0.00047206399999999996;0.0006973439999999999;0.0007557120000000001;0.00075776;0.000567296;0.000499712;0.00062976;0.0006850560000000001
1788401700,hdr,0.0293;0.03906;0.04883;0.05859;0.06836;0.07813;0.08789;0.09766;0.10742;0.11719;0.12695;0.13672;0.14648;0.15625;0.16602;0.17578;0.18555;0.19531;0.20508;0.21484;0.22461;0.23438;0.24414;0.25391;0.26367;0.27344;0.2832;0.29297;0.30273;0.3125;0.32227;0.33203;0.3418;0.35156;0.36133;0.37109;0.38086;0.39063;0.40039;0.41016;0.41992;0.42969;0.43945;0.44922;0.45898;0.46875;0.47852;0.48828;0.49805;0.50781;0.51758;0.52734;0.53711;0.54688;0.55664;0.56641;0.57617;0.58594;0.5957;0.60547;0.61523;0.625;0.63477;0.64453;0.6543;0.66406;0.67383;0.68359;0.69336;0.70313;0.71289;0.72266;0.73242;0.74219;0.75195;0.76172;0.77148;0.78125;0.79102,0.00190976;0.002714624;0.002203648;0.0009625599999999999;0.0005683200000000001;0.006060031999999999;0.024139776;0.03372544;0.038385664;0.024046592000000002;0.012363776;0.004402176;0.002921472;0.0033740800000000002;0.002397184;0.001155072;0.00249344;0.005206016;0.010750975999999999;0.012090368;0.031123456;0.06495744;0.05369856;0.053136383999999995;0.03428454399999999;0.028075008000000002;0.021695488000000002;0.01852928;0.018457599999999998;0.015575039999999998;0.014557183999999999;0.01778688;0.016475135999999998;0.008684544;0.009213952000000001;0.005952512;0.00784896;0.005731328000000001;0.0040294400000000005;0.006976512;0.0052746239999999995;0.002578432;0.003165184;0.003364864;0.002638848;0.003127296;0.002445312;0.0028538879999999997;0.001818624;0.001125376;0.001052672;0.0014172160000000002;0.0014929920000000003;0.0013608960000000001;0.001289216;0.001327104;0.000759808;0.001082368;0.000800768;0.001517568;0.001353728;0.000714752;0.000592896;0.000800768;0.00101376;0.0008488959999999999;0.000672768;0.000400384;0.000526336;0.00041779199999999995;0.00046284799999999997;0.000759808;0.0005406720000000001;0.000482304;0.000400384;0.00030003200000000004;0.000289792;0.00033792;0.000345088
1788402600,hdr,0.0293;0.03906;0.04883;0.05859;0.06836;0.07813;0.08789;0.09766;0.10742;0.11719;0.12695;0.13672;0.14648;0.15625;0.16602;0.17578;0.18555;0.19531;0.20508;0.21484;0.22461;0.23438;0.24414;0.25391;0.26367;0.27344;0.2832;0.29297;0.30273;0.3125;0.32227;0.33203;0.3418;0.35156;0.36133;0.37109;0.38086;0.39063;0.40039;0.41016;0.41992;0.42969;0.43945;0.44922;0.45898;0.46875;0.47852;0.48828;0.49805;0.50781;0.51758;0.52734;0.53711;0.54688;0.55664;0.56641;0.57617;0.58594;0.5957;0.60547;0.61523;0.625;0.63477;0.64453;0.6543;0.66406;0.67383;0.68359;0.69336;0.70313;0.71289;0.72266;0.73242;0.74219;0.75195;0.76172;0.77148;0.78125;0.79102,0.0076666880000000005;0.008479744;0.0038840320000000004;0.002725888;0.0014346239999999998;0.00377344;0.022262784;0.048569344;0.041447424;0.04437504;0.010559487999999999;0.004926464;0.004045824;0.00414208;0.0034242560000000005;0.003790848;0.006612992;0.009240576;0.012110848;0.024865791999999998;0.030799872;0.03363328;0.04754944;0.036013055999999995;0.032795648000000004;0.021869568;0.015796224;0.017872896;0.017909759999999997;0.015940608;0.010596351999999998;0.01293824;0.011388928;0.011094016;0.009400320000000002;0.005753856;0.0065566719999999995;0.005807104;0.004941824000000001;0.005630976;0.004996095999999999;0.0046694399999999995;0.00370176;0.0036556799999999997;0.004393983999999999;0.002803712;0.0019650559999999997;0.002811904;0.0021872639999999995;0.0012728319999999998;0.0012195840000000001;0.001374208;0.0019230719999999998;0.0021944319999999996;0.0021360640000000005;0.001581056;0.0011417600000000001;0.000982016;0.0012247039999999999;0.001161216;0.00067584;0.00076288;0.000970752;0.000610304;0.000526336;0.000664576;0.0004915200000000001;0.0005867520000000001;0.0006000640000000001;0.000502784;0.000279552;0.000371712;0.00046489599999999996;0.00043827199999999997;0.00036147200000000005;0.00030105599999999996;0.00029286400000000005;0.00043110399999999997;0.000398336
1788403500,hdr,0.0293;0.03906;0.04883;0.05859;0.06836;0.07813;0.08789;0.09766;0.10742;0.11719;0.12695;0.13672;0.14648;0.15625;0.16602;0.17578;0.18555;0.19531;0.20508;0.21484;0.22461;0.23438;0.24414;0.25391;0.26367;0.27344;0.2832;0.29297;0.30273;0.3125;0.32227;0.33203;0.3418;0.35156;0.36133;0.37109;0.38086;0.39063;0.40039;0.41016;0.41992;0.42969;0.43945;0.44922;0.45898;0.46875;0.47852;0.48828;0.49805;0.50781;0.51758;0.52734;0.53711;0.54688;0.55664;0.56641;0.57617;0.58594;0.5957;0.60547;0.61523;0.625;0.63477;0.64453;0.6543;0.66406;0.67383;0.68359;0.69336;0.70313;0.71289;0.72266;0.73242;0.74219;0.75195;0.76172;0.77148;0.78125;0.79102,0.003150848;0.002236416;0.0018012159999999998;0.00129024;0.0026347520000000006;0.009521152;0.033819648;0.035913728;0.036742144;0.053515264;0.023225344000000002;0.008000512000000001;0.005787648;0.002716672;0.002637824;0.003549184;0.004655103999999999;0.005741568;0.0073881599999999995;0.014025728000000001;0.028135424;0.038834176;0.068248576;0.05946367999999999;0.029976576;0.024651776;0.016410624;0.018241536;0.012690431999999998;0.014708736;0.021505023999999998;0.01464832;0.009164799999999999;0.008361984000000001;0.008853503999999998;0.010392576;0.007499776;0.005805056;0.005302272;0.005456896000000001;0.00579072;0.005628928;0.0039168;0.003249152;0.0025856;0.001590272;0.001806336;0.003047424;0.003017728;0.002766848;0.0015687680000000001;0.001758208;0.0013752319999999999;0.001129472;0.001461248;0.001348608;0.001276928;0.000743424;0.000626688;0.000649216;0.0007557120000000001;0.00088064;0.000715776;0.000790528;0.000857088;0.000386048;0.0004884479999999999;0.0004986880000000001;0.00041472;0.00028569600000000005;0.00047923199999999995;0.000466944;0.00047923199999999995;0.0005734399999999999;0.000366592;0.000256;0.000326656;0.000316416;0.000269312
1788404400,hdr,0.0293;0.03906;0.04883;0.05859;0.06836;0.07813;0.08789;0.09766;0.10742;0.11719;0.12695;0.13672;0.14648;0.15625;0.16602;0.17578;0.18555;0.19531;0.20508;0.21484;0.22461;0.23438;0.24414;0.25391;0.26367;0.27344;0.2832;0.29297;0.30273;0.3125;0.32227;0.33203;0.3418;0.35156;0.36133;0.37109;0.38086;0.39063;0.40039;0.41016;0.41992;0.42969;0.43945;0.44922;0.45898;0.46875;0.47852;0.48828;0.49805;0.50781;0.51758;0.52734;0.53711;0.54688;0.55664;0.56641;0.57617;0.58594;0.5957;0.60547;0.61523;0.625;0.63477;0.64453;0.6543;0.66406;0.67383;0.68359;0.69336;0.70313;0.71289;0.72266;0.73242;0.74219;0.75195;0.76172;0.77148;0.78125;0.79102,0.002138112;0.00546304;0.004486144;0.002982912;0.005864448;0.007605247999999999;0.033110016000000006;0.0406016;0.02599936;0.027179007999999998;0.015493119999999999;0.005863424;0.0029306880000000003;0.002572288;0.0022568959999999996;0.0036433919999999996;0.005536768;0.006151168;0.011270144000000001;0.018678784;0.02415104;0.036478976;0.052084736;0.041691136;0.036881408000000004;0.022921216;0.020699136;0.021716992;0.011820032;0.009279488;0.007244799999999999;0.011634688;0.011088896;0.006617088;0.005414912;0.00832512;0.006337536;0.0067235839999999995;0.007323648;0.005537792;0.004011008;0.00321536;0.003851264;0.0030894080000000005;0.0022538239999999998;0.003126272;0.001887232;0.00207872;0.002484224;0.001931264;0.0021442559999999998;0.00188928;0.0014274560000000001;0.000979968;0.0007075839999999999;0.00124928;0.001021952;0.0012288;0.000750592;0.0005304320000000001;0.000703488;0.0008335360000000001;0.0007168;0.000651264;0.0006082559999999999;0.000703488;0.000513024;0.000315392;0.00046489599999999996;0.0007290879999999999;0.000524288;0.000388096;0.000662528;0.000643072;0.000628736;0.0007372800000000001;0.00044646400000000004;0.0003328;0.000229376
1788405300,hdr,0.0293;0.03906;0.04883;0.05859;0.06836;0.07813;0.08789;0.09766;0.10742;0.11719;0.12695;0.13672;0.14648;0.15625;0.16602;0.17578;0.18555;0.19531;0.20508;0.21484;0.22461;0.23438;0.24414;0.25391;0.26367;0.27344;0.2832;0.29297;0.30273;0.3125;0.32227;0.33203;0.3418;0.35156;0.36133;0.37109;0.38086;0.39063;0.40039;0.41016;0.41992;0.42969;0.43945;0.44922;0.45898;0.46875;0.47852;0.48828;0.49805;0.50781;0.51758;0.52734;0.53711;0.54688;0.55664;0.56641;0.57617;0.58594;0.5957;0.60547;0.61523;0.625;0.63477;0.64453;0.6543;0.66406;0.67383;0.68359;0.69336;0.70313;0.71289;0.72266;0.73242;0.74219;0.75195;0.76172;0.77148;0.78125;0.79102,0.00272384;0.004469760000000001;0.0028487680000000002;0.0025374720000000003;0.003282944;0.00652288;0.030901248;0.037988351999999996;0.03826483199999999;0.028860416;0.017915904000000003;0.00772608;0.003750912;0.0029378560000000004;0.001954816;0.0040396799999999995;0.00724992;0.005948416;0.011184127999999998;0.018208768;0.030722048000000002;0.044919808000000006;0.050115584;0.045451264000000005;0.03873792;0.021515264;0.012125184;0.015834112;0.013131776;0.015833088;0.011367424;0.007190527999999999;0.00599552;0.006832128;0.005325824;0.005737472;0.007348224;0.006136832;0.004195328;0.005462016000000001;0.005472255999999999;0.004636672;0.003751936;0.002932736;0.0033546239999999996;0.0033208319999999997;0.002089984;0.00199168;0.001907712;0.001550336;0.001358848;0.001798144;0.001847296;0.001830912;0.00137216;0.000898048;0.0007137280000000001;0.00059904;0.000930816;0.0007168;0.000636928;0.001028096;0.0008601600000000001;0.0005416959999999999;0.00059904;0.00047718399999999996;0.00041062399999999995;0.00062464;0.000719872;0.000715776;0.0005642239999999999;0.000607232;0.0005888;0.00047411199999999995;0.000688128;0.00049664;0.000439296;0.00029593599999999995;0.000284672
1788406200,hdr,0.0293;0.03906;0.04883;0.05859;0.06836;0.07813;0.08789;0.09766;0.10742;0.11719;0.12695;0.13672;0.14648;0.15625;0.16602;0.17578;0.18555;0.19531;0.20508;0.21484;0.22461;0.23438;0.24414;0.25391;0.26367;0.27344;0.2832;0.29297;0.30273;0.3125;0.32227;0.33203;0.3418;0.35156;0.36133;0.37109;0.38086;0.39063;0.40039;0.41016;0.41992;0.42969;0.43945;0.44922;0.45898;0.46875;0.47852;0.48828;0.49805;0.50781;0.51758;0.52734;0.53711;0.54688;0.55664;0.56641;0.57617;0.58594;0.5957;0.60547;0.61523;0.625;0.63477;0.64453;0.6543;0.66406;0.67383;0.68359;0.69336;0.70313;0.71289;0.72266;0.73242;0.74219;0.75195;0.76172;0.77148;0.78125;0.79102,0.0021667839999999997;0.006072320000000001;0.004859904000000001;0.0022476799999999997;0.0045076479999999995;0.004402176;0.028178432;0.06914969600000001;0.04309504;0.042042368000000004;0.021271552;0.008996864;0.004804608;0.00357376;0.0030300159999999995;0.00216576;0.0027883520000000005;0.004558848;0.008727552;0.018340864000000002;0.030825472000000003;0.036242432;0.022212608000000002;0.03598336;0.046952447999999994;0.035217408;0.012828672;0.008658944;0.016387072;0.015126528;0.01147392;0.011988992;0.009290752;0.007324672;0.009643008;0.00922624;0.008254464;0.008835072;0.005367808;0.005412864;0.005967871999999999;0.002665472;0.0034385919999999994;0.0040448;0.003917824;0.0032389119999999996;0.002468864;0.0017684480000000002;0.0014991359999999999;0.001284096;0.002215936;0.0025671680000000003;0.00198656;0.001958912;0.0015267839999999998;0.001435648;0.0012288;0.0011694079999999998;0.001103872;0.0008202239999999999;0.0011909120000000001;0.0013864959999999999;0.0007106559999999999;0.0005867520000000001;0.0007557120000000001;0.0009420800000000001;0.00047001599999999997;0.000776192;0.000823296;0.0008355839999999999;0.000840704;0.0005232639999999998;0.00046592000000000004;0.0005232639999999998;0.00047923199999999995;0.000643072;0.0006144;0.000533504;0.000447488
1788407100,hdr,0.0293;0.03906;0.04883;0.05859;0.06836;0.07813;0.08789;0.09766;0.10742;0.11719;0.12695;0.13672;0.14648;0.15625;0.16602;0.17578;0.18555;0.19531;0.20508;0.21484;0.22461;0.23438;0.24414;0.25391;0.26367;0.27344;0.2832;0.29297;0.30273;0.3125;0.32227;0.33203;0.3418;0.35156;0.36133;0.37109;0.38086;0.39063;0.40039;0.41016;0.41992;0.42969;0.43945;0.44922;0.45898;0.46875;0.47852;0.48828;0.49805;0.50781;0.51758;0.52734;0.53711;0.54688;0.55664;0.56641;0.57617;0.58594;0.5957;0.60547;0.61523;0.625;0.63477;0.64453;0.6543;0.66406;0.67383;0.68359;0.69336;0.70313;0.71289;0.72266;0.73242;0.74219;0.75195;0.76172;0.77148;0.78125;0.79102,0.000828416;0.002927616;0.00375808;0.002803712;0.0034826239999999997;0.007377919999999999;0.033785856;0.036334592000000006;0.03557888;0.020196352000000004;0.009785344000000001;0.010761215999999999;0.006713344;0.003560448;0.0033105920000000002;0.002929664;0.00392704;0.006235136;0.013053952;0.02035712;0.027417599999999997;0.031543296000000005;0.025758720000000002;0.023773184000000003;0.02281472;0.016685056;0.011940863999999999;0.027185151999999997;0.026935296;0.017895424;0.01279488;0.010903552;0.008557568;0.009641984000000001;0.008466432;0.006426624000000001;0.006147071999999999;0.009339904000000001;0.008215552000000001;0.005768192;0.004285440000000001;0.004072447999999999;0.005054464;0.00476672;0.0035706880000000002;0.002997248;0.001895424;0.002861056;0.002260992;0.0020981759999999998;0.00217088;0.002451456;0.0021288960000000003;0.001528832;0.0014745600000000002;0.001721344;0.001559552;0.001323008;0.001666048;0.0010086399999999999;0.00077312;0.000429056;0.0005416959999999999;0.00091136;0.001102848;0.000636928;0.0007946240000000001;0.000812032;0.0007352319999999999;0.0006021119999999999;0.00064512;0.0006021119999999999;0.000653312;0.001028096;0.000898048;0.000910336;0.000986112;0.000510976;0.00048742400000000003
1788408000,hdr,0.0293;0.03906;0.04883;0.05859;0.06836;0.07813;0.08789;0.09766;0.10742;0.11719;0.12695;0.13672;0.14648;0.15625;0.16602;0.17578;0.18555;0.19531;0.20508;0.21484;0.22461;0.23438;0.24414;0.25391;0.26367;0.27344;0.2832;0.29297;0.30273;0.3125;0.32227;0.33203;0.3418;0.35156;0.36133;0.37109;0.38086;0.39063;0.40039;0.41016;0.41992;0.42969;0.43945;0.44922;0.45898;0.46875;0.47852;0.48828;0.49805;0.50781;0.51758;0.52734;0.53711;0.54688;0.55664;0.56641;0.57617;0.58594;0.5957;0.60547;0.61523;0.625;0.63477;0.64453;0.6543;0.66406;0.67383;0.68359;0.69336;0.70313;0.71289;0.72266;0.73242;0.74219;0.75195;0.76172;0.77148;0.78125;0.79102,0.0033310719999999996;0.00641024;0.004239359999999999;0.003713024;0.004788223999999999;0.005141504;0.018122751999999995;0.027745280000000004;0.028194815999999998;0.025059328000000002;0.024290304;0.011316224;0.006070272;0.003018752;0.002096128;0.002609152;0.003908608;0.007819264;0.012105728;0.020538367999999998;0.036425728000000004;0.058707968;0.04353536;0.025645056;0.021238784;0.019738624;0.023322624;0.01912832;0.011014144;0.011916288;0.012076031999999999;0.010060800000000002;0.009777152;0.012056576;0.011400192000000002;0.006189055999999999;0.004929536;0.004834304;0.0046817280000000005;0.0036311040000000004;0.004366336;0.0055459839999999995;0.006882304;0.005869568;0.003675136;0.002316288;0.001890304;0.001752064;0.002241536;0.002195456;0.00234496;0.0018862080000000001;0.0017377279999999998;0.002142208;0.00137216;0.001110016;0.001110016;0.000525312;0.000611328;0.0006912;0.0013608960000000001;0.0011601919999999998;0.000877568;0.0009594880000000001;0.0009041920000000001;0.0005867520000000001;0.000740352;0.0007096320000000001;0.0007352319999999999;0.000492544;0.000745472;0.000688128;0.0005703679999999999;0.0005959680000000001;0.00039219200000000003;0.000321536;0.0005324799999999999;0.00047923199999999995;0.000344064
1788408900,hdr,0.0293;0.03906;0.04883;0.05859;0.06836;0.07813;0.08789;0.09766;0.10742;0.11719;0.12695;0.13672;0.14648;0.15625;0.16602;0.17578;0.18555;0.19531;0.20508;0.21484;0.22461;0.23438;0.24414;0.25391;0.26367;0.27344;0.2832;0.29297;0.30273;0.3125;0.32227;0.33203;0.3418;0.35156;0.36133;0.37109;0.38086;0.39063;0.40039;0.41016;0.41992;0.42969;0.43945;0.44922;0.45898;0.46875;0.47852;0.48828;0.49805;0.50781;0.51758;0.52734;0.53711;0.54688;0.55664;0.56641;0.57617;0.58594;0.5957;0.60547;0.61523;0.625;0.63477;0.64453;0.6543;0.66406;0.67383;0.68359;0.69336;0.70313;0.71289;0.72266;0.73242;0.74219;0.75195;0.76172;0.77148;0.78125;0.79102,0.004158464;0.007103487999999999;0.0047104;0.004118528000000001;0.006644736;0.006589439999999999;0.024199168;0.052626432;0.077366272;0.048809983999999994;0.01970688;0.009984;0.005803008;0.00397824;0.004165632;0.003503104;0.0034826239999999997;0.004089856;0.008712191999999999;0.016067584;0.027084800000000003;0.03003904;0.034999296;0.026447872;0.018507775999999997;0.016794624;0.018425856;0.012018687999999998;0.009762816;0.0126976;0.010609664000000001;0.010103808;0.008417280000000001;0.005698559999999999;0.007824384;0.008841215999999999;0.006479872;0.00666112;0.005153792000000001;0.004105216;0.003204096;0.004139008;0.0034078719999999997;0.0032849919999999996;0.0014919679999999998;0.0019230719999999998;0.0025139200000000002;0.0022026240000000002;0.0021944319999999996;0.0017889280000000002;0.001079296;0.001590272;0.0016066560000000001;0.001338368;0.0011120639999999998;0.001021952;0.0011468799999999999;0.0009717759999999999;0.0007557120000000001;0.0005836799999999999;0.00067584;0.001101824;0.0008458240000000001;0.000653312;0.00088576;0.001055744;0.000674816;0.0006082559999999999;0.0007557120000000001;0.00082432;0.000782336;0.0005560319999999999;0.00057856;0.000548864;0.000698368;0.0006144;0.00039731200000000003;0.000330752;0.000380928
1788409800,hdr,0.0293;0.03906;0.04883;0.05859;0.06836;0.07813;0.08789;0.09766;0.10742;0.11719;0.12695;0.13672;0.14648;0.15625;0.16602;0.17578;0.18555;0.19531;0.20508;0.21484;0.22461;0.23438;0.24414;0.25391;0.26367;0.27344;0.2832;0.29297;0.30273;0.3125;0.32227;0.33203;0.3418;0.35156;0.36133;0.37109;0.38086;0.39063;0.40039;0.41016;0.41992;0.42969;0.43945;0.44922;0.45898;0.46875;0.47852;0.48828;0.49805;0.50781;0.51758;0.52734;0.53711;0.54688;0.55664;0.56641;0.57617;0.58594;0.5957;0.60547;0.61523;0.625;0.63477;0.64453;0.6543;0.66406;0.67383;0.68359;0.69336;0.70313;0.71289;0.72266;0.73242;0.74219;0.75195;0.76172;0.77148;0.78125;0.79102,0.00160256;0.005046272;0.008207359999999999;0.0053248;0.0034365439999999997;0.00555008;0.031420416;0.065973248;0.053086207999999996;0.030538752;0.017359872;0.009280512000000001;0.0064696319999999995;0.006586368;0.003369984;0.0017377279999999998;0.0041144319999999995;0.004564992;0.0103936;0.022605823999999997;0.032277504;0.028804096;0.025504768;0.025239552;0.026012671999999997;0.021963775999999997;0.017633279999999998;0.017138688;0.010249216;0.010999808;0.009056255999999999;0.00636928;0.005420032;0.0034365439999999997;0.0037058559999999996;0.005268480000000001;0.006162432;0.0049080320000000005;0.0020183040000000003;0.0019660800000000003;0.003221504;0.005384192;0.004007936;0.00291328;0.003603456;0.00315904;0.0020490240000000004;0.0016773119999999998;0.001631232;0.0015493120000000002;0.001933312;0.0025384959999999995;0.001682432;0.000765952;0.001659904;0.001779712;0.0012072959999999998;0.0008458240000000001;0.0009584639999999999;0.0009830400000000001;0.0008447999999999999;0.00042803200000000007;0.000544768;0.0007168;0.000319488;0.000391168;0.000795648;0.0005959680000000001;0.0006952960000000001;0.000694272;0.000515072;0.000441344;0.000371712;0.000454656;0.0005898240000000001;0.000388096;0.00031744;0.000387072;0.000485376
1788410700,hdr,0.0293;0.03906;0.04883;0.05859;0.06836;0.07813;0.08789;0.09766;0.10742;0.11719;0.12695;0.13672;0.14648;0.15625;0.16602;0.17578;0.18555;0.19531;0.20508;0.21484;0.22461;0.23438;0.24414;0.25391;0.26367;0.27344;0.2832;0.29297;0.30273;0.3125;0.32227;0.33203;0.3418;0.35156;0.36133;0.37109;0.38086;0.39063;0.40039;0.41016;0.41992;0.42969;0.43945;0.44922;0.45898;0.46875;0.47852;0.48828;0.49805;0.50781;0.51758;0.52734;0.53711;0.54688;0.55664;0.56641;0.57617;0.58594;0.5957;0.60547;0.61523;0.625;0.63477;0.64453;0.6543;0.66406;0.67383;0.68359;0.69336;0.70313;0.71289;0.72266;0.73242;0.74219;0.75195;0.76172;0.77148;0.78125;0.79102,0.006094848;0.01679872;0.011426816000000001;0.005490687999999999;0.003803136;0.00564224;0.03966464;0.059202559999999994;0.051961856;0.039635968;0.02624512;0.019716096000000002;0.009337856;0.004297728;0.0022097920000000004;0.0027351040000000004;0.003332096;0.00396288;0.008623104;0.015859711999999998;0.01510912;0.017165312000000002;0.01521664;0.016636928;0.017479679999999997;0.022162432;0.015088639999999999;0.013978624;0.01211392;0.008616960000000002;0.006272;0.008009728;0.005574656;0.0059238400000000005;0.00508928;0.004501504;0.005579776;0.004187135999999999;0.003649536;0.004096;0.004631552;0.004374527999999999;0.002936832;0.0019230719999999998;0.0016291839999999999;0.0022661120000000002;0.002558976;0.002015232;0.001503232;0.0015472639999999998;0.0016384000000000001;0.001885184;0.002299904;0.0012032;0.001364992;0.001550336;0.001432576;0.001238016;0.0009318400000000001;0.00073216;0.000903168;0.00091136;0.000751616;0.001042432;0.0014151679999999999;0.0008560640000000001;0.000620544;0.000905216;0.001069056;0.000712704;0.000867328;0.000818176;0.000893952;0.00089088;0.000698368;0.000621568;0.000897024;0.000854016;0.00051712
1788411600,hdr,0.0293;0.03906;0.04883;0.05859;0.06836;0.07813;0.08789;0.09766;0.10742;0.11719;0.12695;0.13672;0.14648;0.15625;0.16602;0.17578;0.18555;0.19531;0.20508;0.21484;0.22461;0.23438;0.24414;0.25391;0.26367;0.27344;0.2832;0.29297;0.30273;0.3125;0.32227;0.33203;0.3418;0.35156;0.36133;0.37109;0.38086;0.39063;0.40039;0.41016;0.41992;0.42969;0.43945;0.44922;0.45898;0.46875;0.47852;0.48828;0.49805;0.50781;0.51758;0.52734;0.53711;0.54688;0.55664;0.56641;0.57617;0.58594;0.5957;0.60547;0.61523;0.625;0.63477;0.64453;0.6543;0.66406;0.67383;0.68359;0.69336;0.70313;0.71289;0.72266;0.73242;0.74219;0.75195;0.76172;0.77148;0.78125;0.79102,0.007691264;0.00771584;0.007387136;0.009503743999999998;0.004456448;0.010300416000000001;0.061973504;0.067354624;0.044747776;0.025242623999999998;0.023929856;0.012125184;0.008776704;0.0073881599999999995;0.005609472000000001;0.003827712;0.004084736;0.005234688;0.0053688320000000005;0.009945088;0.026658816000000002;0.02632192;0.014205951999999999;0.010742784;0.014388223999999998;0.018592768;0.025781248000000003;0.017002496;0.013718527999999999;0.010621952;0.007296;0.014274559999999999;0.01318912;0.008762368;0.0057999359999999995;0.0034990079999999996;0.0035061759999999997;0.004092928;0.004593664000000001;0.0031477759999999997;0.00324096;0.0027904;0.0020572159999999997;0.002108416;0.0022405119999999996;0.0020858880000000006;0.00119296;0.0011356159999999999;0.001087488;0.0015063040000000002;0.002868224;0.0024422399999999996;0.001810432;0.001174528;0.001027072;0.001149952;0.0016445440000000002;0.00144896;0.00146432;0.0014530559999999999;0.0012165119999999999;0.001010688;0.001057792;0.001010688;0.001147904;0.001056768;0.001035264;0.000769024;0.000913408;0.0006656;0.000671744;0.0011796480000000002;0.001288192;0.001550336;0.001282048;0.0010813440000000001;0.0009973760000000001;0.000955392;0.0008202239999999999
1788412500,hdr,0.0293;0.03906;0.04883;0.05859;0.06836;0.07813;0.08789;0.09766;0.10742;0.11719;0.12695;0.13672;0.14648;0.15625;0.16602;0.17578;0.18555;0.19531;0.20508;0.21484;0.22461;0.23438;0.24414;0.25391;0.26367;0.27344;0.2832;0.29297;0.30273;0.3125;0.32227;0.33203;0.3418;0.35156;0.36133;0.37109;0.38086;0.39063;0.40039;0.41016;0.41992;0.42969;0.43945;0.44922;0.45898;0.46875;0.47852;0.48828;0.49805;0.50781;0.51758;0.52734;0.53711;0.54688;0.55664;0.56641;0.57617;0.58594;0.5957;0.60547;0.61523;0.625;0.63477;0.64453;0.6543;0.66406;0.67383;0.68359;0.69336;0.70313;0.71289;0.72266;0.73242;0.74219;0.75195;0.76172;0.77148;0.78125;0.79102,0.0088832;0.021329920000000002;0.016540672000000003;0.007274496;0.005276672;0.005164032;0.03368448;0.07196672;0.045155327999999995;0.018475007999999998;0.012440576;0.010191872;0.008373248;0.0058019840000000005;0.00314368;0.002419712;0.003301376;0.004942848;0.009051136;0.014359552000000001;0.017692672000000003;0.021516288;0.01435648;0.016861184;0.022776831999999997;0.0182528;0.012777472;0.010029056;0.009822208;0.008932352;0.011493376;0.010103808;0.008653824000000001;0.008361984000000001;0.0056350720000000005;0.003318784;0.0044103680000000004;0.005082112;0.00384;0.0032819200000000002;0.003214336;0.003228672;0.00334848;0.004401152;0.003103744;0.002154496;0.0015687680000000001;0.002419712;0.002089984;0.0020224;0.002179072;0.0020654080000000003;0.0021207039999999997;0.0016916480000000002;0.000995328;0.001289216;0.001931264;0.00146432;0.001258496;0.001318912;0.0017192959999999997;0.001133568;0.001227776;0.0016404479999999999;0.0019466239999999999;0.002026496;0.001906688;0.002142208;0.001440768;0.001275904;0.001820672;0.001574912;0.002069504;0.001770496;0.001089536;0.00085504;0.0014561280000000001;0.0009256959999999999;0.0011694079999999998
1788413400,hdr,0.0293;0.03906;0.04883;0.05859;0.06836;0.07813;0.08789;0.09766;0.10742;0.11719;0.12695;0.13672;0.14648;0.15625;0.16602;0.17578;0.18555;0.19531;0.20508;0.21484;0.22461;0.23438;0.24414;0.25391;0.26367;0.27344;0.2832;0.29297;0.30273;0.3125;0.32227;0.33203;0.3418;0.35156;0.36133;0.37109;0.38086;0.39063;0.40039;0.41016;0.41992;0.42969;0.43945;0.44922;0.45898;0.46875;0.47852;0.48828;0.49805;0.50781;0.51758;0.52734;0.53711;0.54688;0.55664;0.56641;0.57617;0.58594;0.5957;0.60547;0.61523;0.625;0.63477;0.64453;0.6543;0.66406;0.67383;0.68359;0.69336;0.70313;0.71289;0.72266;0.73242;0.74219;0.75195;0.76172;0.77148;0.78125;0.79102,0.002282496;0.006572032;0.0036966399999999997;0.004533248;0.001755136;0.0063078399999999995;0.019830784;0.04304076799999999;0.04703743999999999;0.029423616;0.01661952;0.015922176;0.009474048;0.007454720000000001;0.0040396799999999995;0.002742272;0.0022323200000000003;0.0026296320000000002;0.007912448;0.011527167999999999;0.013305856;0.015804415999999998;0.015396864000000001;0.018233344;0.016854016000000003;0.016158719999999998;0.016095232;0.014288895999999999;0.009579520000000001;0.011339776;0.008067072;0.007885824000000001;0.009071616;0.0069847039999999996;0.004850688;0.004716544;0.005003264;0.005315584000000001;0.0069621760000000005;0.005423104000000001;0.0025937919999999997;0.00167424;0.0030607359999999997;0.001989632;0.001575936;0.00272384;0.002688;0.001092608;0.001777664;0.002177024;0.002269184;0.002558976;0.00211456;0.002277376;0.002179072;0.0016066560000000001;0.001359872;0.001790976;0.001296384;0.0014346239999999998;0.002023424;0.0021370879999999997;0.0014458880000000002;0.00203776;0.002276352;0.002300928;0.0017930239999999998;0.001586176;0.00185856;0.00171008;0.0017121280000000003;0.002105344;0.001130496;0.0012052480000000001;0.001078272;0.0009584639999999999;0.001672192;0.001521664;0.001528832
1788414300,hdr,0.0293;0.03906;0.04883;0.05859;0.06836;0.07813;0.08789;0.09766;0.10742;0.11719;0.12695;0.13672;0.14648;0.15625;0.16602;0.17578;0.18555;0.19531;0.20508;0.21484;0.22461;0.23438;0.24414;0.25391;0.26367;0.27344;0.2832;0.29297;0.30273;0.3125;0.32227;0.33203;0.3418;0.35156;0.36133;0.37109;0.38086;0.39063;0.40039;0.41016;0.41992;0.42969;0.43945;0.44922;0.45898;0.46875;0.47852;0.48828;0.49805;0.50781;0.51758;0.52734;0.53711;0.54688;0.55664;0.56641;0.57617;0.58594;0.5957;0.60547;0.61523;0.625;0.63477;0.64453;0.6543;0.66406;0.67383;0.68359;0.69336;0.70313;0.71289;0.72266;0.73242;0.74219;0.75195;0.76172;0.77148;0.78125;0.79102,0.003774464;0.002932736;0.0013312;0.00285184;0.0018964479999999998;0.002676736;0.031017984;0.035473408;0.035143680000000004;0.03712;0.023870464;0.018605056000000002;0.010964992;0.009832448;0.0059740159999999995;0.0032440319999999996;0.002936832;0.004652032;0.006653952;0.007958528;0.016499712;0.016050176000000003;0.01970688;0.015178751999999998;0.019175424;0.0150528;0.019734528;0.014661632;0.012305407999999999;0.016171008;0.011270144000000001;0.008322048;0.005866496;0.004509696;0.005465088;0.005138432;0.005369856000000001;0.005231616;0.005169152;0.002768896;0.0030750720000000003;0.003478528;0.002660352;0.0021248;0.0024371200000000005;0.002204672;0.001922048;0.0018237440000000002;0.001938432;0.0023050239999999997;0.0024145919999999997;0.0021411840000000004;0.002282496;0.001905664;0.0015493120000000002;0.001742848;0.0019210240000000001;0.001727488;0.0018135039999999999;0.0020838399999999996;0.0015616000000000002;0.0014376960000000002;0.0012554240000000002;0.000877568;0.001893376;0.0025528319999999997;0.0020162559999999997;0.001488896;0.001403904;0.001645568;0.0013568;0.0014561280000000001;0.0013824;0.0008765439999999999;0.000927744;0.00099328;0.0013209599999999997;0.0012308479999999999;0.000894976
1788415200,hdr,0.0293;0.03906;0.04883;0.05859;0.06836;0.07813;0.08789;0.09766;0.10742;0.11719;0.12695;0.13672;0.14648;0.15625;0.16602;0.17578;0.18555;0.19531;0.20508;0.21484;0.22461;0.23438;0.24414;0.25391;0.26367;0.27344;0.2832;0.29297;0.30273;0.3125;0.32227;0.33203;0.3418;0.35156;0.36133;0.37109;0.38086;0.39063;0.40039;0.41016;0.41992;0.42969;0.43945;0.44922;0.45898;0.46875;0.47852;0.48828;0.49805;0.50781;0.51758;0.52734;0.53711;0.54688;0.55664;0.56641;0.57617;0.58594;0.5957;0.60547;0.61523;0.625;0.63477;0.64453;0.6543;0.66406;0.67383;0.68359;0.69336;0.70313;0.71289;0.72266;0.73242;0.74219;0.75195;0.76172;0.77148;0.78125;0.79102,0.0025907200000000003;0.005895167999999999;0.002274304;0.001404928;0.003100672;0.003212288;0.02304512;0.049946624;0.060954624000000006;0.042115072;0.025409536;0.01757696;0.014118912;0.007307264;0.003377152;0.0022015999999999997;0.00275456;0.005602304;0.005947392;0.006739968;0.014887936;0.021135359999999995;0.018142208;0.016668672000000002;0.01929728;0.011117568000000001;0.010305536;0.011919359999999999;0.010873856;0.01092608;0.007537664;0.007450624;0.010631168000000002;0.008669184;0.005640192;0.004148224;0.004153344;0.005243904;0.005097472;0.003724288;0.003352576;0.003518464;0.001774592;0.00267264;0.00305664;0.001975296;0.0016220159999999998;0.002895872;0.003263488;0.002683904;0.002013184;0.001654784;0.001328128;0.001559552;0.00098816;0.001071104;0.001412096;0.0011919360000000002;0.001900544;0.0020910079999999997;0.0015656959999999999;0.0014847999999999999;0.001736704;0.001695744;0.0012072959999999998;0.0008519679999999999;0.0009318400000000001;0.001430528;0.001277952;0.001442816;0.0010649599999999998;0.000918528;0.000873472;0.000930816;0.00090624;0.00116224;0.0011243520000000001;0.000816128;0.000873472
1788416100,hdr,0.0293;0.03906;0.04883;0.05859;0.06836;0.07813;0.08789;0.09766;0.10742;0.11719;0.12695;0.13672;0.14648;0.15625;0.16602;0.17578;0.18555;0.19531;0.20508;0.21484;0.22461;0.23438;0.24414;0.25391;0.26367;0.27344;0.2832;0.29297;0.30273;0.3125;0.32227;0.33203;0.3418;0.35156;0.36133;0.37109;0.38086;0.39063;0.40039;0.41016;0.41992;0.42969;0.43945;0.44922;0.45898;0.46875;0.47852;0.48828;0.49805;0.50781;0.51758;0.52734;0.53711;0.54688;0.55664;0.56641;0.57617;0.58594;0.5957;0.60547;0.61523;0.625;0.63477;0.64453;0.6543;0.66406;0.67383;0.68359;0.69336;0.70313;0.71289;0.72266;0.73242;0.74219;0.75195;0.76172;0.77148;0.78125;0.79102,0.002185216;0.006818816;0.0027514880000000003;0.002855936;0.0031784960000000003;0.004035584;0.028772352;0.05078835200000001;0.033243136;0.030385152000000002;0.024996863999999997;0.017517568;0.016852992;0.0094976;0.005111808;0.00247808;0.00195584;0.0035860479999999997;0.0046714880000000005;0.006252544;0.010906624000000002;0.012199936;0.010988544;0.011388928;0.011710464;0.009536512;0.010198016;0.008262655999999998;0.011813888000000002;0.011919359999999999;0.008557568;0.011036671999999999;0.010172416;0.010161152;0.005660671999999999;0.004247552;0.0031139839999999998;0.003279872;0.005434368;0.004795392;0.004560896;0.0038092800000000004;0.002251776;0.003013632;0.0022374400000000003;0.0014172160000000002;0.0017530879999999999;0.0018155520000000002;0.0017623040000000001;0.0016097280000000002;0.0020633599999999998;0.001789952;0.0013680639999999998;0.001130496;0.0012544;0.001243136;0.00141824;0.001318912;0.0008622079999999999;0.0010475520000000002;0.0008325120000000001;0.000504832;0.000733184;0.0008704;0.0012318720000000002;0.001129472;0.001107968;0.0009287680000000001;0.000795648;0.000652288;0.000550912;0.0007936;0.000758784;0.00062464;0.000610304;0.000764928;0.000780288;0.000620544;0.0005478400000000001
1788417000,hdr,0.0293;0.03906;0.04883;0.05859;0.06836;0.07813;0.08789;0.09766;0.10742;0.11719;0.12695;0.13672;0.14648;0.15625;0.16602;0.17578;0.18555;0.19531;0.20508;0.21484;0.22461;0.23438;0.24414;0.25391;0.26367;0.27344;0.2832;0.29297;0.30273;0.3125;0.32227;0.33203;0.3418;0.35156;0.36133;0.37109;0.38086;0.39063;0.40039;0.41016;0.41992;0.42969;0.43945;0.44922;0.45898;0.46875;0.47852;0.48828;0.49805;0.50781;0.51758;0.52734;0.53711;0.54688;0.55664;0.56641;0.57617;0.58594;0.5957;0.60547;0.61523;0.625;0.63477;0.64453;0.6543;0.66406;0.67383;0.68359;0.69336;0.70313;0.71289;0.72266;0.73242;0.74219;0.75195;0.76172;0.77148;0.78125;0.79102,0.001312768;0.002418688;0.003377152;0.0026081279999999995;0.0025497600000000003;0.003798016;0.026770432;0.055928832000000005;0.045540352;0.034300928;0.015105024;0.009536512;0.009437184000000001;0.012622848;0.008671232;0.0035399679999999997;0.001876992;0.002236416;0.0029952000000000004;0.0058122239999999995;0.012086271999999999;0.01491456;0.013804544;0.016236544;0.014630912000000001;0.012321792;0.009448448;0.009260032000000001;0.015774720000000002;0.014292992000000001;0.010053632;0.009442304;0.007945216;0.0061777920000000005;0.005978112;0.005727232;0.006181888;0.00406528;0.00375296;0.0034078719999999997;0.003382272;0.003554304;0.002453504;0.002859008;0.001890304;0.00144896;0.001307648;0.001527808;0.0014745600000000002;0.002028544;0.0013260799999999999;0.0013793280000000002;0.001414144;0.001349632;0.0011673599999999999;0.0011151359999999999;0.0012462080000000002;0.00118272;0.0014110720000000002;0.000704512;0.000649216;0.000841728;0.000674816;0.000750592;0.00059392;0.000565248;0.000731136;0.000781312;0.000601088;0.000679936;0.00081408;0.00045056;0.0005621760000000001;0.000658432;0.000690176;0.0005304320000000001;0.00034201599999999995;0.000288768;0.00035328
1788417900,hdr,0.0293;0.03906;0.04883;0.05859;0.06836;0.07813;0.08789;0.09766;0.10742;0.11719;0.12695;0.13672;0.14648;0.15625;0.16602;0.17578;0.18555;0.19531;0.20508;0.21484;0.22461;0.23438;0.24414;0.25391;0.26367;0.27344;0.2832;0.29297;0.30273;0.3125;0.32227;0.33203;0.3418;0.35156;0.36133;0.37109;0.38086;0.39063;0.40039;0.41016;0.41992;0.42969;0.43945;0.44922;0.45898;0.46875;0.47852;0.48828;0.49805;0.50781;0.51758;0.52734;0.53711;0.54688;0.55664;0.56641;0.57617;0.58594;0.5957;0.60547;0.61523;0.625;0.63477;0.64453;0.6543;0.66406;0.67383;0.68359;0.69336;0.70313;0.71289;0.72266;0.73242;0.74219;0.75195;0.76172;0.77148;0.78125;0.79102,0.002308096;0.002902016;0.0027361279999999996;0.001938432;0.00285184;0.0026859519999999997;0.00804352;0.033937407999999995;0.037849088;0.025036799999999998;0.020230144;0.024806400000000003;0.025430016;0.008860671999999998;0.004258816;0.0034672640000000003;0.003198976;0.0051456;0.006623232;0.004377600000000001;0.009674752;0.01060352;0.012132351999999999;0.01745408;0.012305407999999999;0.010071040000000002;0.011681792;0.009758720000000002;0.008264704;0.006589439999999999;0.0067184639999999995;0.006519808;0.004832256;0.002914304;0.004202496;0.0027904;0.0044953599999999995;0.0049653760000000005;0.0034334720000000003;0.002118656;0.00199168;0.0024299520000000004;0.002832384;0.003021824;0.002127872;0.002108416;0.002458624;0.0024852480000000002;0.001742848;0.001143808;0.001099776;0.00167936;0.00215552;0.002071552;0.00165888;0.00165888;0.0012554240000000002;0.001344512;0.0012625919999999999;0.0013926400000000001;0.000884736;0.0008622079999999999;0.000828416;0.0008837120000000001;0.0010762240000000002;0.0006840319999999999;0.0005416959999999999;0.000401408;0.000526336;0.000754688;0.000714752;0.000504832;0.000736256;0.000843776;0.0007055360000000001;0.000357376;0.000256;0.000324608;0.00030412799999999997
1788418800,hdr,0.0293;0.03906;0.04883;0.05859;0.06836;0.07813;0.08789;0.09766;0.10742;0.11719;0.12695;0.13672;0.14648;0.15625;0.16602;0.17578;0.18555;0.19531;0.20508;0.21484;0.22461;0.23438;0.24414;0.25391;0.26367;0.27344;0.2832;0.29297;0.30273;0.3125;0.32227;0.33203;0.3418;0.35156;0.36133;0.37109;0.38086;0.39063;0.40039;0.41016;0.41992;0.42969;0.43945;0.44922;0.45898;0.46875;0.47852;0.48828;0.49805;0.50781;0.51758;0.52734;0.53711;0.54688;0.55664;0.56641;0.57617;0.58594;0.5957;0.60547;0.61523;0.625;0.63477;0.64453;0.6543;0.66406;0.67383;0.68359;0.69336;0.70313;0.71289;0.72266;0.73242;0.74219;0.75195;0.76172;0.77148;0.78125;0.79102,0.00459776;0.004194304;0.008681471999999999;0.008124416;0.004527104;0.006763519999999999;0.038003712;0.052640768000000004;0.023790592;0.015739904;0.012569599999999998;0.019659776;0.012300288000000001;0.010614784;0.00632832;0.006024192;0.00392704;0.0031907839999999995;0.006925312;0.010597376;0.009989119999999999;0.011055104;0.01095168;0.01321472;0.014213120000000001;0.009263104;0.011315200000000001;0.009632768;0.011728896;0.009876480000000002;0.005408768;0.005168128000000001;0.004516864;0.004297728;0.0032870399999999998;0.003329024;0.003145728;0.003306496;0.0030207999999999997;0.0026941440000000003;0.0030300159999999995;0.0028221440000000004;0.002859008;0.001796096;0.0016732160000000002;0.0031324160000000003;0.00209408;0.001944576;0.001995776;0.001507328;0.001042432;0.000828416;0.001114112;0.001854464;0.0017489920000000002;0.001221632;0.000996352;0.000923648;0.0008509440000000001;0.00091648;0.0012666880000000002;0.000903168;0.000772096;0.001127424;0.0007423999999999999;0.0006993920000000001;0.000714752;0.000733184;0.0008089600000000001;0.0007229440000000001;0.00088064;0.000494592;0.000513024;0.000576512;0.00046592000000000004;0.000520192;0.00059904;0.00043315199999999996;0.0004956159999999999
1788419700,hdr,0.0293;0.03906;0.04883;0.05859;0.06836;0.07813;0.08789;0.09766;0.10742;0.11719;0.12695;0.13672;0.14648;0.15625;0.16602;0.17578;0.18555;0.19531;0.20508;0.21484;0.22461;0.23438;0.24414;0.25391;0.26367;0.27344;0.2832;0.29297;0.30273;0.3125;0.32227;0.33203;0.3418;0.35156;0.36133;0.37109;0.38086;0.39063;0.40039;0.41016;0.41992;0.42969;0.43945;0.44922;0.45898;0.46875;0.47852;0.48828;0.49805;0.50781;0.51758;0.52734;0.53711;0.54688;0.55664;0.56641;0.57617;0.58594;0.5957;0.60547;0.61523;0.625;0.63477;0.64453;0.6543;0.66406;0.67383;0.68359;0.69336;0.70313;0.71289;0.72266;0.73242;0.74219;0.75195;0.76172;0.77148;0.78125;0.79102,0.004488192;0.010710016;0.009767936000000001;0.00444928;0.004282368000000001;0.0055459839999999995;0.024359936000000002;0.039094272;0.028630016;0.018534400000000003;0.016244736;0.016740352000000003;0.014377984;0.012593152;0.007248896;0.004755456;0.003622912;0.003963904;0.004499456;0.0075950079999999994;0.01013248;0.007078912000000001;0.012962816;0.013010944;0.0062750720000000005;0.008659967999999999;0.011425791999999999;0.01035264;0.0075100160000000004;0.004753408000000001;0.0075796480000000005;0.008240128000000001;0.00596992;0.004726784;0.003581952;0.003478528;0.004504576;0.004415488;0.0032583679999999998;0.001562624;0.00245248;0.002620416;0.002322432;0.00317952;0.00369152;0.002491392;0.0027392;0.0026490879999999995;0.0031027200000000002;0.002127872;0.001004544;0.00093696;0.0023767040000000003;0.0023234560000000002;0.0015452159999999999;0.00113152;0.001247232;0.001820672;0.0018575360000000001;0.001451008;0.001206272;0.0012544;0.0011212799999999999;0.00097792;0.000781312;0.00134656;0.0011243520000000001;0.0006696959999999999;0.000644096;0.0008622079999999999;0.00110592;0.0010608640000000001;0.000569344;0.0005918719999999999;0.000912384;0.00096768;0.0010475520000000002;0.000753664;0.000868352
1788420600,hdr,0.0293;0.03906;0.04883;0.05859;0.06836;0.07813;0.08789;0.09766;0.10742;0.11719;0.12695;0.13672;0.14648;0.15625;0.16602;0.17578;0.18555;0.19531;0.20508;0.21484;0.22461;0.23438;0.24414;0.25391;0.26367;0.27344;0.2832;0.29297;0.30273;0.3125;0.32227;0.33203;0.3418;0.35156;0.36133;0.37109;0.38086;0.39063;0.40039;0.41016;0.41992;0.42969;0.43945;0.44922;0.45898;0.46875;0.47852;0.48828;0.49805;0.50781;0.51758;0.52734;0.53711;0.54688;0.55664;0.56641;0.57617;0.58594;0.5957;0.60547;0.61523;0.625;0.63477;0.64453;0.6543;0.66406;0.67383;0.68359;0.69336;0.70313;0.71289;0.72266;0.73242;0.74219;0.75195;0.76172;0.77148;0.78125;0.79102,0.00430592;0.0056350720000000005;0.0051148800000000005;0.005098496;0.007764992;0.009610239999999999;0.046180352;0.060895232;0.034115584;0.015033343999999999;0.013991936000000002;0.017577984;0.01199104;0.014426112;0.007896064;0.004050944000000001;0.002802688;0.003345408;0.004271104;0.004595711999999999;0.007672831999999999;0.01224192;0.011332608000000001;0.006926336;0.0067583999999999995;0.01257984;0.008648704;0.0056002560000000005;0.006478848;0.005643264;0.00642048;0.005619712;0.0061777920000000005;0.0057149440000000004;0.0039301119999999995;0.0042414079999999995;0.004718592000000001;0.004898815999999999;0.00336896;0.003063808;0.00210944;0.001405952;0.0018411519999999998;0.0026449919999999997;0.002989056;0.0022968320000000004;0.001610752;0.0020490240000000004;0.002015232;0.00193024;0.00138752;0.0020838399999999996;0.0017192959999999997;0.0015779840000000002;0.0018810880000000002;0.0015513600000000001;0.001168384;0.001078272;0.0009472;0.0011151359999999999;0.001086464;0.000852992;0.0009441279999999999;0.001637376;0.00142848;0.000905216;0.001086464;0.000989184;0.000626688;0.0008488959999999999;0.0013568;0.0009697280000000001;0.000963584;0.0010178560000000001;0.001056768;0.001306624;0.001118208;0.000607232;0.00063488
1788421500,hdr,0.0293;0.03906;0.04883;0.05859;0.06836;0.07813;0.08789;0.09766;0.10742;0.11719;0.12695;0.13672;0.14648;0.15625;0.16602;0.17578;0.18555;0.19531;0.20508;0.21484;0.22461;0.23438;0.24414;0.25391;0.26367;0.27344;0.2832;0.29297;0.30273;0.3125;0.32227;0.33203;0.3418;0.35156;0.36133;0.37109;0.38086;0.39063;0.40039;0.41016;0.41992;0.42969;0.43945;0.44922;0.45898;0.46875;0.47852;0.48828;0.49805;0.50781;0.51758;0.52734;0.53711;0.54688;0.55664;0.56641;0.57617;0.58594;0.5957;0.60547;0.61523;0.625;0.63477;0.64453;0.6543;0.66406;0.67383;0.68359;0.69336;0.70313;0.71289;0.72266;0.73242;0.74219;0.75195;0.76172;0.77148;0.78125;0.79102,0.004971519999999999;0.008305664;0.009203712;0.0055930879999999995;0.00407552;0.00317952;0.028493824;0.059254784;0.038235135999999996;0.016509951999999998;0.012009472;0.017510400000000002;0.012818432;0.010975232;0.015081472;0.007018496;0.003805184;0.004483072;0.004052992;0.004217856000000001;0.005736448;0.007969792;0.009063423999999999;0.009621504;0.009493504;0.010551296;0.009938944;0.009609216;0.00726528;0.005348352;0.0076769279999999995;0.004566016000000001;0.005240832;0.005682176000000001;0.007508992;0.006397952;0.0065464320000000005;0.005701632;0.0028999679999999997;0.002064384;0.003018752;0.003252224;0.0024903679999999997;0.002955264;0.0027320319999999997;0.001548288;0.0024924160000000003;0.002528256;0.0026368000000000003;0.003326976;0.002436096;0.002023424;0.0017848319999999999;0.0022784000000000003;0.0021534719999999996;0.0013547519999999999;0.001385472;0.001155072;0.001242112;0.00125952;0.0011755519999999998;0.00126976;0.00123904;0.0016230399999999999;0.001447936;0.000968704;0.0007976959999999999;0.0008765439999999999;0.001152;0.00104448;0.001161216;0.000734208;0.001125376;0.0016435199999999999;0.001537024;0.001337344;0.000909312;0.000868352;0.0008355839999999999
1788422400,hdr,0.0293;0.03906;0.04883;0.05859;0.06836;0.07813;0.08789;0.09766;0.10742;0.11719;0.12695;0.13672;0.14648;0.15625;0.16602;0.17578;0.18555;0.19531;0.20508;0.21484;0.22461;0.23438;0.24414;0.25391;0.26367;0.27344;0.2832;0.29297;0.30273;0.3125;0.32227;0.33203;0.3418;0.35156;0.36133;0.37109;0.38086;0.39063;0.40039;0.41016;0.41992;0.42969;0.43945;0.44922;0.45898;0.46875;0.47852;0.48828;0.49805;0.50781;0.51758;0.52734;0.53711;0.54688;0.55664;0.56641;0.57617;0.58594;0.5957;0.60547;0.61523;0.625;0.63477;0.64453;0.6543;0.66406;0.67383;0.68359;0.69336;0.70313;0.71289;0.72266;0.73242;0.74219;0.75195;0.76172;0.77148;0.78125;0.79102,0.009608192000000002;0.011589631999999999;0.009596928;0.006040576;0.004573184;0.005358592;0.025929728;0.04881305600000001;0.032004095999999996;0.014888960000000001;0.017792;0.016582655999999998;0.009199616;0.016098303999999997;0.012624895999999998;0.006751232;0.005044224;0.004855808;0.005803008;0.006472704000000001;0.007586816;0.00984576;0.008584192;0.013252608;0.012788736;0.010784768;0.009073664;0.008544256000000002;0.009165824000000001;0.005746688;0.00490496;0.006967296;0.007626752;0.006387711999999999;0.003931136;0.00367616;0.0032839680000000004;0.003922944;0.0038789120000000004;0.001922048;0.001799168;0.001557504;0.0019210240000000001;0.0028948479999999998;0.003798016;0.003864576;0.0035829760000000003;0.002844672;0.002348032;0.002417664;0.0021207039999999997;0.0020029439999999996;0.001678336;0.001620992;0.001906688;0.00128512;0.001420288;0.001096704;0.001271808;0.001057792;0.0007188480000000001;0.00055296;0.0010250239999999998;0.001337344;0.0011448320000000001;0.001158144;0.0012318720000000002;0.0011366400000000002;0.001206272;0.001263616;0.00134656;0.001408;0.001509376;0.001277952;0.0012400640000000001;0.0010178560000000001;0.000826368;0.001286144;0.001337344
1788423300,hdr,0.0293;0.03906;0.04883;0.05859;0.06836;0.07813;0.08789;0.09766;0.10742;0.11719;0.12695;0.13672;0.14648;0.15625;0.16602;0.17578;0.18555;0.19531;0.20508;0.21484;0.22461;0.23438;0.24414;0.25391;0.26367;0.27344;0.2832;0.29297;0.30273;0.3125;0.32227;0.33203;0.3418;0.35156;0.36133;0.37109;0.38086;0.39063;0.40039;0.41016;0.41992;0.42969;0.43945;0.44922;0.45898;0.46875;0.47852;0.48828;0.49805;0.50781;0.51758;0.52734;0.53711;0.54688;0.55664;0.56641;0.57617;0.58594;0.5957;0.60547;0.61523;0.625;0.63477;0.64453;0.6543;0.66406;0.67383;0.68359;0.69336;0.70313;0.71289;0.72266;0.73242;0.74219;0.75195;0.76172;0.77148;0.78125;0.79102,0.00852992;0.017690624;0.0121856;0.011030528;0.011126784;0.008445952;0.017477632;0.027516928;0.021536768;0.015323136000000001;0.022207488;0.02545152;0.015196160000000002;0.014134272;0.010979328000000002;0.008567808;0.006112256;0.004050944000000001;0.003950592;0.005692416;0.006680576;0.010053632;0.012179456;0.008241152;0.008411136;0.010346496;0.005875712000000001;0.007742464;0.008810496000000001;0.007205888;0.005952512;0.004950016;0.006309888;0.005532672;0.00398848;0.00442368;0.004883456;0.002469888;0.003198976;0.003324928;0.004197376;0.004225024;0.0033617919999999997;0.002045952;0.001705984;0.001928192;0.0027852800000000002;0.0026439680000000004;0.0024832;0.00193536;0.001590272;0.002627584;0.0028487680000000002;0.002970624;0.002138112;0.0020930559999999994;0.001654784;0.0011427840000000002;0.001050624;0.00154624;0.001316864;0.0010199039999999999;0.001790976;0.001133568;0.0008325120000000001;0.00077312;0.0012625919999999999;0.00139776;0.00135168;0.0010598399999999998;0.00091648;0.000893952;0.0006850560000000001;0.00077824;0.001002496;0.001071104;0.001164288;0.001027072;0.001352704
1788424200,hdr,0.0293;0.03906;0.04883;0.05859;0.06836;0.07813;0.08789;0.09766;0.10742;0.11719;0.12695;0.13672;0.14648;0.15625;0.16602;0.17578;0.18555;0.19531;0.20508;0.21484;0.22461;0.23438;0.24414;0.25391;0.26367;0.27344;0.2832;0.29297;0.30273;0.3125;0.32227;0.33203;0.3418;0.35156;0.36133;0.37109;0.38086;0.39063;0.40039;0.41016;0.41992;0.42969;0.43945;0.44922;0.45898;0.46875;0.47852;0.48828;0.49805;0.50781;0.51758;0.52734;0.53711;0.54688;0.55664;0.56641;0.57617;0.58594;0.5957;0.60547;0.61523;0.625;0.63477;0.64453;0.6543;0.66406;0.67383;0.68359;0.69336;0.70313;0.71289;0.72266;0.73242;0.74219;0.75195;0.76172;0.77148;0.78125;0.79102,0.0054138879999999995;0.0072806400000000005;0.00760832;0.007875584;0.008638464;0.004552704;0.02013184;0.040242176;0.023788544000000002;0.011633663999999998;0.019649536;0.02493952;0.0160256;0.007762944000000001;0.010859520000000001;0.005820416;0.002776064;0.00293888;0.003646464;0.0049704960000000005;0.004207616;0.00553472;0.008000512000000001;0.006660096000000001;0.00651776;0.006972416;0.0058818559999999995;0.008515584000000001;0.0065617919999999995;0.005718016;0.00334336;0.003712;0.006030336;0.006063104000000001;0.0033976320000000003;0.002778112;0.003493888;0.003485696;0.004599808;0.004450304;0.0039649279999999995;0.006600704000000001;0.0057088;0.001811456;0.0030863360000000003;0.004938752;0.003986432;0.0021534719999999996;0.00290816;0.0029255680000000004;0.002733056;0.002614272;0.00261632;0.0014243840000000001;0.000891904;0.0016424959999999998;0.0017858560000000002;0.0010721279999999999;0.00150016;0.001156096;0.0012369920000000001;0.001963008;0.001659904;0.0009523200000000001;0.001143808;0.001225728;0.0013793280000000002;0.0010608640000000001;0.00048639999999999995;0.000539648;0.000858112;0.001058816;0.00092672;0.0014581759999999998;0.0010086399999999999;0.000766976;0.0013793280000000002;0.0011120639999999998;0.00116224
1788425100,hdr,0.0293;0.03906;0.04883;0.05859;0.06836;0.07813;0.08789;0.09766;0.10742;0.11719;0.12695;0.13672;0.14648;0.15625;0.16602;0.17578;0.18555;0.19531;0.20508;0.21484;0.22461;0.23438;0.24414;0.25391;0.26367;0.27344;0.2832;0.29297;0.30273;0.3125;0.32227;0.33203;0.3418;0.35156;0.36133;0.37109;0.38086;0.39063;0.40039;0.41016;0.41992;0.42969;0.43945;0.44922;0.45898;0.46875;0.47852;0.48828;0.49805;0.50781;0.51758;0.52734;0.53711;0.54688;0.55664;0.56641;0.57617;0.58594;0.5957;0.60547;0.61523;0.625;0.63477;0.64453;0.6543;0.66406;0.67383;0.68359;0.69336;0.70313;0.71289;0.72266;0.73242;0.74219;0.75195;0.76172;0.77148;0.78125;0.79102,0.006391808;0.011930623999999999;0.008583168000000002;0.0065812480000000005;0.006426624000000001;0.004924416;0.023272448;0.042342399999999995;0.023557120000000004;0.018522112;0.016485376;0.01547776;0.019254272;0.013535232;0.008655872000000002;0.004635648;0.0045076479999999995;0.004653056000000001;0.0038502399999999996;0.005054464;0.0044902399999999995;0.007037951999999999;0.01129472;0.007454720000000001;0.006541312;0.01010688;0.010055680000000001;0.007410688;0.005571584;0.0066437119999999995;0.006734848;0.005521408;0.004682751999999999;0.005211136;0.007729152;0.0059136;0.003811328;0.004563968;0.005177344;0.00490496;0.004235264;0.006270975999999999;0.006076416;0.004272128000000001;0.0035645440000000002;0.0027586560000000004;0.001979392;0.002173952;0.002033664;0.002403328;0.0028999679999999997;0.002642944;0.001536;0.0009216000000000001;0.001031168;0.0010496000000000001;0.0014735360000000001;0.001999872;0.00185856;0.000949248;0.001201152;0.001414144;0.00104448;0.000891904;0.001058816;0.00064512;0.000648192;0.000596992;0.0005888;0.000878592;0.000941056;0.00045568;0.000490496;0.00043827199999999997;0.000663552;0.0009615359999999999;0.00098816;0.000813056;0.000641024
1788426000,hdr,0.0293;0.03906;0.04883;0.05859;0.06836;0.07813;0.08789;0.09766;0.10742;0.11719;0.12695;0.13672;0.14648;0.15625;0.16602;0.17578;0.18555;0.19531;0.20508;0.21484;0.22461;0.23438;0.24414;0.25391;0.26367;0.27344;0.2832;0.29297;0.30273;0.3125;0.32227;0.33203;0.3418;0.35156;0.36133;0.37109;0.38086;0.39063;0.40039;0.41016;0.41992;0.42969;0.43945;0.44922;0.45898;0.46875;0.47852;0.48828;0.49805;0.50781;0.51758;0.52734;0.53711;0.54688;0.55664;0.56641;0.57617;0.58594;0.5957;0.60547;0.61523;0.625;0.63477;0.64453;0.6543;0.66406;0.67383;0.68359;0.69336;0.70313;0.71289;0.72266;0.73242;0.74219;0.75195;0.76172;0.77148;0.78125;0.79102,0.005351424;0.005030912;0.0044605439999999994;0.005230592;0.0032511999999999997;0.0051374079999999996;0.027525120000000004;0.044868608;0.03650150399999999;0.020194304;0.015327232;0.009382911999999998;0.009161728000000001;0.007605247999999999;0.0069324799999999995;0.004709376;0.003519488;0.004903935999999999;0.004898815999999999;0.007536640000000001;0.010973183999999999;0.011199488;0.007667711999999999;0.008247296;0.00749568;0.005919743999999999;0.004790272;0.009566207999999998;0.008967168;0.005439488;0.0062126080000000005;0.006774784000000001;0.006619136;0.007899136000000001;0.006687744000000001;0.006583296;0.00559104;0.006632448;0.00783872;0.004976639999999999;0.005024768;0.00375808;0.0020183040000000003;0.0035778560000000004;0.003115008;0.0023275519999999997;0.0027822079999999996;0.003095552;0.001861632;0.0022241279999999997;0.0021360640000000005;0.002484224;0.00157184;0.001763328;0.001477632;0.001422336;0.000963584;0.001007616;0.001097728;0.0011417600000000001;0.001242112;0.000863232;0.0009431040000000001;0.000786432;0.001005568;0.001009664;0.0007014399999999999;0.000786432;0.0005980159999999999;0.0009349119999999999;0.001030144;0.000592896;0.0007884799999999999;0.0005713920000000001;0.000603136;0.000458752;0.000507904;0.000712704;0.000642048
1788426900,hdr,0.0293;0.03906;0.04883;0.05859;0.06836;0.07813;0.08789;0.09766;0.10742;0.11719;0.12695;0.13672;0.14648;0.15625;0.16602;0.17578;0.18555;0.19531;0.20508;0.21484;0.22461;0.23438;0.24414;0.25391;0.26367;0.27344;0.2832;0.29297;0.30273;0.3125;0.32227;0.33203;0.3418;0.35156;0.36133;0.37109;0.38086;0.39063;0.40039;0.41016;0.41992;0.42969;0.43945;0.44922;0.45898;0.46875;0.47852;0.48828;0.49805;0.50781;0.51758;0.52734;0.53711;0.54688;0.55664;0.56641;0.57617;0.58594;0.5957;0.60547;0.61523;0.625;0.63477;0.64453;0.6543;0.66406;0.67383;0.68359;0.69336;0.70313;0.71289;0.72266;0.73242;0.74219;0.75195;0.76172;0.77148;0.78125;0.79102,0.0057251839999999995;0.005611519999999999;0.002419712;0.003408896;0.005936128;0.002992128;0.0148224;0.053976064;0.040656896;0.022351872;0.009107456;0.008341504000000001;0.006350848;0.00900608;0.010554368;0.00643584;0.00505344;0.002691072;0.0038144;0.006498304;0.008243200000000001;0.006346752000000001;0.007248896;0.006868992;0.006098944;0.00651264;0.008704;0.008150016000000001;0.005300224;0.009718784;0.010051584;0.009113600000000001;0.007313408;0.006607872;0.00726016;0.006502399999999999;0.006136832;0.004724736;0.0061532159999999995;0.006122496;0.004737024;0.005625855999999999;0.0058122239999999995;0.006218752;0.003352576;0.003724288;0.003332096;0.002243584;0.0024739840000000003;0.002551808;0.002013184;0.0020797439999999997;0.001906688;0.001383424;0.001226752;0.001005568;0.000751616;0.000987136;0.000871424;0.0017663999999999998;0.001265664;0.000566272;0.0005836799999999999;0.00061952;0.000421888;0.000457728;0.0008560640000000001;0.0009349119999999999;0.000664576;0.00043008000000000006;0.00041472;0.0005744639999999999;0.000548864;0.000557056;0.000497664;0.000444416;0.000513024;0.000582656;0.0005898240000000001
1788427800,hdr,0.0293;0.03906;0.04883;0.05859;0.06836;0.07813;0.08789;0.09766;0.10742;0.11719;0.12695;0.13672;0.14648;0.15625;0.16602;0.17578;0.18555;0.19531;0.20508;0.21484;0.22461;0.23438;0.24414;0.25391;0.26367;0.27344;0.2832;0.29297;0.30273;0.3125;0.32227;0.33203;0.3418;0.35156;0.36133;0.37109;0.38086;0.39063;0.40039;0.41016;0.41992;0.42969;0.43945;0.44922;0.45898;0.46875;0.47852;0.48828;0.49805;0.50781;0.51758;0.52734;0.53711;0.54688;0.55664;0.56641;0.57617;0.58594;0.5957;0.60547;0.61523;0.625;0.63477;0.64453;0.6543;0.66406;0.67383;0.68359;0.69336;0.70313;0.71289;0.72266;0.73242;0.74219;0.75195;0.76172;0.77148;0.78125;0.79102,0.001401856;0.0020992000000000003;0.0025456639999999996;0.002522112;0.0033955839999999997;0.004347904;0.013746175999999999;0.02233856;0.013592575999999999;0.010596351999999998;0.01378816;0.014012416;0.015913984;0.012979200000000001;0.00901632;0.005912576;0.004777984000000001;0.003596288;0.003581952;0.006294528;0.007727103999999999;0.009560064;0.01062912;0.012049408;0.010475519999999999;0.007335936;0.005192703999999999;0.003933184;0.004234239999999999;0.006248447999999999;0.010645504;0.009849856000000002;0.005820416;0.004717568;0.0057896959999999996;0.006164480000000001;0.00472064;0.005750784000000001;0.0057497600000000005;0.005895167999999999;0.006418432;0.0048209920000000005;0.002086912;0.0023173119999999998;0.003278848;0.004163584;0.0038911999999999996;0.003618816;0.0030914560000000002;0.003393536;0.002115584;0.0016916480000000002;0.0015697920000000002;0.001683456;0.001302528;0.00080384;0.0007843840000000001;0.00119808;0.0008704;0.00043315199999999996;0.000802816;0.00113152;0.0009625599999999999;0.000616448;0.00047308800000000003;0.0007352319999999999;0.0006778880000000001;0.0005406720000000001;0.00047411199999999995;0.00033382400000000003;0.00048742400000000003;0.00041062399999999995;0.000497664;0.000529408;0.000371712;0.000325632;0.000221184;0.000200704;0.00037068800000000004
1788428700,hdr,0.0293;0.03906;0.04883;0.05859;0.06836;0.07813;0.08789;0.09766;0.10742;0.11719;0.12695;0.13672;0.14648;0.15625;0.16602;0.17578;0.18555;0.19531;0.20508;0.21484;0.22461;0.23438;0.24414;0.25391;0.26367;0.27344;0.2832;0.29297;0.30273;0.3125;0.32227;0.33203;0.3418;0.35156;0.36133;0.37109;0.38086;0.39063;0.40039;0.41016;0.41992;0.42969;0.43945;0.44922;0.45898;0.46875;0.47852;0.48828;0.49805;0.50781;0.51758;0.52734;0.53711;0.54688;0.55664;0.56641;0.57617;0.58594;0.5957;0.60547;0.61523;0.625;0.63477;0.64453;0.6543;0.66406;0.67383;0.68359;0.69336;0.70313;0.71289;0.72266;0.73242;0.74219;0.75195;0.76172;0.77148;0.78125;0.79102,0.000278528;0.001074176;0.0014561280000000001;0.0032430080000000003;0.002871296;0.0034242560000000005;0.018548736;0.033055744;0.025049088;0.016544768;0.013746175999999999;0.009815039999999999;0.010150912;0.012154880000000002;0.006305792;0.005193728;0.004493312000000001;0.00395264;0.00393728;0.002870272;0.0070246399999999995;0.009862144;0.011076608;0.008906751999999999;0.010488832;0.010835968;0.008578048000000001;0.0069222400000000005;0.006221824;0.006468607999999999;0.006571008;0.005286912;0.004528127999999999;0.004886528;0.0057344;0.005676032;0.005278720000000001;0.005833728;0.005582848;0.004448255999999999;0.0036966399999999997;0.0035010560000000002;0.004283392;0.0033832960000000005;0.0026777600000000004;0.00193024;0.0020756480000000002;0.001900544;0.001811456;0.0016977919999999998;0.0018974719999999999;0.001533952;0.001168384;0.000966656;0.000827392;0.00088576;0.0008867839999999999;0.000765952;0.000753664;0.000360448;0.00040550399999999994;0.000518144;0.000654336;0.000483328;0.000664576;0.0005857280000000001;0.000372736;0.00029593599999999995;0.00024576000000000003;0.000211968;0.00035430400000000006;0.00037068800000000004;0.000412672;0.000475136;0.00039423999999999997;0.000429056;0.0003584;0.00027136;0.000205824
1788429600,hdr,0.0293;0.03906;0.04883;0.05859;0.06836;0.07813;0.08789;0.09766;0.10742;0.11719;0.12695;0.13672;0.14648;0.15625;0.16602;0.17578;0.18555;0.19531;0.20508;0.21484;0.22461;0.23438;0.24414;0.25391;0.26367;0.27344;0.2832;0.29297;0.30273;0.3125;0.32227;0.33203;0.3418;0.35156;0.36133;0.37109;0.38086;0.39063;0.40039;0.41016;0.41992;0.42969;0.43945;0.44922;0.45898;0.46875;0.47852;0.48828;0.49805;0.50781;0.51758;0.52734;0.53711;0.54688;0.55664;0.56641;0.57617;0.58594;0.5957;0.60547;0.61523;0.625;0.63477;0.64453;0.6543;0.66406;0.67383;0.68359;0.69336;0.70313;0.71289;0.72266;0.73242;0.74219;0.75195;0.76172;0.77148;0.78125;0.79102,0.001973248;0.005454848;0.008333312;0.0050104319999999996;0.003295232;0.000664576;0.010014720000000001;0.027091968;0.016861184;0.008090624;0.009404415999999999;0.010005504;0.01147904;0.009453568;0.008217599999999999;0.0051671040000000005;0.004148224;0.0029429759999999995;0.0034498560000000003;0.006167552;0.010676224;0.01112064;0.01408;0.011078656000000001;0.007399424;0.006565888;0.010606591999999998;0.009637888;0.006326272;0.0063621120000000005;0.008055808000000001;0.0070471679999999995;0.005568511999999999;0.004944896;0.007744512;0.008526848;0.0066304;0.0062976;0.005613568;0.005945344;0.004609024;0.0036382720000000006;0.002681856;0.001774592;0.001849344;0.00192;0.002477056;0.00209408;0.0017848319999999999;0.0014899199999999998;0.0019394560000000002;0.001847296;0.001201152;0.000970752;0.000953344;0.000672768;0.001067008;0.000837632;0.000879616;0.00070656;0.000668672;0.00035532799999999997;0.0006502400000000001;0.000774144;0.000553984;0.00040755200000000004;0.00022528;0.00026623999999999994;0.00025497599999999997;0.000318464;0.00023961599999999998;0.000277504;0.000325632;0.000326656;0.00024371200000000001;0.000169984;0.000206848;0.000175104;0.00011980799999999999
1788430500,hdr,0.0293;0.03906;0.04883;0.05859;0.06836;0.07813;0.08789;0.09766;0.10742;0.11719;0.12695;0.13672;0.14648;0.15625;0.16602;0.17578;0.18555;0.19531;0.20508;0.21484;0.22461;0.23438;0.24414;0.25391;0.26367;0.27344;0.2832;0.29297;0.30273;0.3125;0.32227;0.33203;0.3418;0.35156;0.36133;0.37109;0.38086;0.39063;0.40039;0.41016;0.41992;0.42969;0.43945;0.44922;0.45898;0.46875;0.47852;0.48828;0.49805;0.50781;0.51758;0.52734;0.53711;0.54688;0.55664;0.56641;0.57617;0.58594;0.5957;0.60547;0.61523;0.625;0.63477;0.64453;0.6543;0.66406;0.67383;0.68359;0.69336;0.70313;0.71289;0.72266;0.73242;0.74219;0.75195;0.76172;0.77148;0.78125;0.79102,0.0010803199999999998;0.0026296320000000002;0.0017326079999999998;0.001887232;0.004749312;0.003293184;0.01491456;0.04626841600000001;0.04518912;0.020739072;0.011123712;0.0133632;0.009710592;0.006248447999999999;0.007044096;0.00611328;0.004315136;0.00356352;0.00460288;0.006334464;0.008955904;0.008906751999999999;0.006856704;0.00818176;0.008798208;0.010573824;0.0092416;0.007337984;0.006365184;0.005706752;0.003707904;0.005787648;0.006172672000000001;0.004913152;0.005146624;0.00413184;0.00498688;0.006344704;0.006100992;0.00554496;0.005305344;0.0055705600000000004;0.0032532480000000003;0.002881536;0.002464768;0.00180224;0.0027013120000000004;0.003154944;0.001503232;0.001065984;0.0012544;0.0012605440000000002;0.0010516479999999999;0.0010833919999999999;0.0009420800000000001;0.000775168;0.000986112;0.000801792;0.000995328;0.000754688;0.00044339199999999997;0.000590848;0.00067072;0.0005416959999999999;0.000621568;0.000674816;0.000453632;0.000442368;0.000325632;0.00027136;0.00029798400000000005;0.000315392;0.00023654400000000002;0.000221184;0.000196608;0.000183296;0.00014745600000000002;0.00018432000000000002;0.000210944
1788431400,hdr,0.0293;0.03906;0.04883;0.05859;0.06836;0.07813;0.08789;0.09766;0.10742;0.11719;0.12695;0.13672;0.14648;0.15625;0.16602;0.17578;0.18555;0.19531;0.20508;0.21484;0.22461;0.23438;0.24414;0.25391;0.26367;0.27344;0.2832;0.29297;0.30273;0.3125;0.32227;0.33203;0.3418;0.35156;0.36133;0.37109;0.38086;0.39063;0.40039;0.41016;0.41992;0.42969;0.43945;0.44922;0.45898;0.46875;0.47852;0.48828;0.49805;0.50781;0.51758;0.52734;0.53711;0.54688;0.55664;0.56641;0.57617;0.58594;0.5957;0.60547;0.61523;0.625;0.63477;0.64453;0.6543;0.66406;0.67383;0.68359;0.69336;0.70313;0.71289;0.72266;0.73242;0.74219;0.75195;0.76172;0.77148;0.78125;0.79102,0.005372928;0.006145024000000001;0.007566335999999999;0.01210368;0.008621055999999998;0.004211712;0.007561216;0.021415935999999997;0.016940032;0.009196544;0.009197568000000001;0.0068157439999999994;0.011987968000000002;0.011716608;0.008571904;0.00590848;0.00451584;0.002576384;0.003352576;0.005088256;0.0053616639999999995;0.006378496;0.010016768;0.00884736;0.010278912;0.01033216;0.007247872000000001;0.008420351999999999;0.008796159999999999;0.0072335360000000005;0.005753856;0.005584896;0.00651264;0.00776192;0.006259712000000001;0.005451776;0.005395456;0.004653056000000001;0.006458368000000001;0.00542208;0.0042885119999999995;0.004788223999999999;0.004969472;0.004127744;0.003214336;0.003805184;0.002970624;0.00246272;0.001956864;0.002332672;0.00136704;0.001069056;0.001672192;0.001882112;0.0012154879999999998;0.001201152;0.00107008;0.000661504;0.001130496;0.0008663039999999999;0.0005713920000000001;0.00064;0.000664576;0.00052736;0.000528384;0.0005898240000000001;0.000463872;0.000494592;0.0005744639999999999;0.0006819840000000001;0.000648192;0.000603136;0.000502784;0.000521216;0.000447488;0.000344064;0.000352256;0.000375808;0.000519168
1788432300,hdr,0.0293;0.03906;0.04883;0.05859;0.06836;0.07813;0.08789;0.09766;0.10742;0.11719;0.12695;0.13672;0.14648;0.15625;0.16602;0.17578;0.18555;0.19531;0.20508;0.21484;0.22461;0.23438;0.24414;0.25391;0.26367;0.27344;0.2832;0.29297;0.30273;0.3125;0.32227;0.33203;0.3418;0.35156;0.36133;0.37109;0.38086;0.39063;0.40039;0.41016;0.41992;0.42969;0.43945;0.44922;0.45898;0.46875;0.47852;0.48828;0.49805;0.50781;0.51758;0.52734;0.53711;0.54688;0.55664;0.56641;0.57617;0.58594;0.5957;0.60547;0.61523;0.625;0.63477;0.64453;0.6543;0.66406;0.67383;0.68359;0.69336;0.70313;0.71289;0.72266;0.73242;0.74219;0.75195;0.76172;0.77148;0.78125;0.79102,0.0038492160000000004;0.010090496;0.007460863999999999;0.007658496;0.008476672000000001;0.003935232;0.005557248000000001;0.027933696;0.024525824;0.01051136;0.012082176000000002;0.011390976;0.011416576;0.007963648;0.006757376;0.007410688;0.005310464;0.003985408;0.00451072;0.006770688;0.011535360000000001;0.016246784;0.013365248;0.010635263999999998;0.010638336000000002;0.008029184000000002;0.0110592;0.00927744;0.007890944;0.007171072;0.00477696;0.0055705600000000004;0.007576576;0.006642688;0.004551680000000001;0.0030976;0.003726336;0.002777088;0.003463168;0.003503104;0.003920896;0.004322304;0.002857984;0.00408064;0.001998848;0.0025077759999999998;0.002512896;0.0015411200000000002;0.0010496000000000001;0.0013209599999999997;0.001176576;0.001243136;0.001352704;0.00116224;0.0006225919999999999;0.000750592;0.001201152;0.0009830400000000001;0.000738304;0.0009021439999999999;0.000768;0.0007075839999999999;0.0012400640000000001;0.001134592;0.000694272;0.0008560640000000001;0.00077824;0.000919552;0.000596992;0.0008345599999999999;0.0008560640000000001;0.0009349119999999999;0.0009727999999999999;0.000980992;0.001006592;0.001005568;0.001147904;0.001329152;0.001152
1788433200,hdr,0.0293;0.03906;0.04883;0.05859;0.06836;0.07813;0.08789;0.09766;0.10742;0.11719;0.12695;0.13672;0.14648;0.15625;0.16602;0.17578;0.18555;0.19531;0.20508;0.21484;0.22461;0.23438;0.24414;0.25391;0.26367;0.27344;0.2832;0.29297;0.30273;0.3125;0.32227;0.33203;0.3418;0.35156;0.36133;0.37109;0.38086;0.39063;0.40039;0.41016;0.41992;0.42969;0.43945;0.44922;0.45898;0.46875;0.47852;0.48828;0.49805;0.50781;0.51758;0.52734;0.53711;0.54688;0.55664;0.56641;0.57617;0.58594;0.5957;0.60547;0.61523;0.625;0.63477;0.64453;0.6543;0.66406;0.67383;0.68359;0.69336;0.70313;0.71289;0.72266;0.73242;0.74219;0.75195;0.76172;0.77148;0.78125;0.79102,0.001036288;0.0033925120000000003;0.006545408;0.0058992639999999995;0.008124416;0.008415232;0.010968064;0.030839808;0.034612224;0.017298431999999996;0.0019824639999999998;0.004478976000000001;0.007036928;0.0067583999999999995;0.005128192;0.0043284479999999995;0.004436992;0.003515392;0.00392704;0.00418816;0.007085055999999999;0.015436799999999999;0.017513472000000002;0.022479871999999998;0.013965312000000002;0.012094464;0.010980352;0.009545728000000002;0.01229824;0.0060682240000000005;0.005605376;0.006203391999999999;0.00605184;0.004549632;0.004197376;0.006045696000000001;0.004680704000000001;0.00366592;0.00404992;0.003798016;0.00266752;0.0027279360000000002;0.0028272640000000003;0.0037058559999999996;0.0022231040000000005;0.0017356799999999999;0.0023930880000000002;0.003352576;0.001800192;0.002014208;0.0015656959999999999;0.00164864;0.0017684480000000002;0.001408;0.00133632;0.000990208;0.0009523200000000001;0.001558528;0.00125952;0.00118784;0.000932864;0.0014172160000000002;0.0011417600000000001;0.000999424;0.001461248;0.000939008;0.0008458240000000001;0.00116224;0.001532928;0.0014632959999999998;0.0020930559999999994;0.002097152;0.001461248;0.0023296;0.002515968;0.001765376;0.001995776;0.002460672;0.002163712
1788434100,hdr,0.0293;0.03906;0.04883;0.05859;0.06836;0.07813;0.08789;0.09766;0.10742;0.11719;0.12695;0.13672;0.14648;0.15625;0.16602;0.17578;0.18555;0.19531;0.20508;0.21484;0.22461;0.23438;0.24414;0.25391;0.26367;0.27344;0.2832;0.29297;0.30273;0.3125;0.32227;0.33203;0.3418;0.35156;0.36133;0.37109;0.38086;0.39063;0.40039;0.41016;0.41992;0.42969;0.43945;0.44922;0.45898;0.46875;0.47852;0.48828;0.49805;0.50781;0.51758;0.52734;0.53711;0.54688;0.55664;0.56641;0.57617;0.58594;0.5957;0.60547;0.61523;0.625;0.63477;0.64453;0.6543;0.66406;0.67383;0.68359;0.69336;0.70313;0.71289;0.72266;0.73242;0.74219;0.75195;0.76172;0.77148;0.78125;0.79102,0.00258048;0.004533248;0.00555008;0.005694464;0.004170752000000001;0.003472384;0.009176064000000001;0.03941376;0.028832768;0.010366975999999998;0.010848255999999999;0.01081344;0.009191423999999998;0.006544384;0.004770816;0.005673983999999999;0.0049807359999999995;0.003731456;0.005659648;0.0064296959999999995;0.009858048000000001;0.014485504000000001;0.024361984;0.027011072;0.016006144;0.016434175999999998;0.013293568;0.009375743999999998;0.007656448000000001;0.008794112000000001;0.007815167999999999;0.005682176000000001;0.00556032;0.004573184;0.005494784000000001;0.005510144;0.004069376;0.003724288;0.002569216;0.0022067199999999997;0.003412992;0.0032276479999999996;0.00213504;0.002243584;0.0021524480000000004;0.002036736;0.00341504;0.0027392;0.002254848;0.002967552;0.0023429120000000004;0.0018974719999999999;0.001661952;0.00192;0.002213888;0.001831936;0.0026531840000000003;0.002579456;0.002791424;0.0029429759999999995;0.0034078719999999997;0.002448384;0.004118528000000001;0.0035061759999999997;0.002106368;0.003508224;0.005189632;0.003027968;0.001913856;0.001528832;0.0021268479999999998;0.00287744;0.00386048;0.0026112;0.001846272;0.0022978559999999996;0.002112512;0.0019394560000000002;0.00178176
1788435000,hdr,0.0293;0.03906;0.04883;0.05859;0.06836;0.07813;0.08789;0.09766;0.10742;0.11719;0.12695;0.13672;0.14648;0.15625;0.16602;0.17578;0.18555;0.19531;0.20508;0.21484;0.22461;0.23438;0.24414;0.25391;0.26367;0.27344;0.2832;0.29297;0.30273;0.3125;0.32227;0.33203;0.3418;0.35156;0.36133;0.37109;0.38086;0.39063;0.40039;0.41016;0.41992;0.42969;0.43945;0.44922;0.45898;0.46875;0.47852;0.48828;0.49805;0.50781;0.51758;0.52734;0.53711;0.54688;0.55664;0.56641;0.57617;0.58594;0.5957;0.60547;0.61523;0.625;0.63477;0.64453;0.6543;0.66406;0.67383;0.68359;0.69336;0.70313;0.71289;0.72266;0.73242;0.74219;0.75195;0.76172;0.77148;0.78125;0.79102,0.00082944;0.0022937599999999997;0.00192;0.0036556799999999997;0.003298304;0.0011919360000000002;0.00724992;0.027173888000000004;0.021492736000000002;0.010533887999999998;0.009001984000000001;0.007385088;0.005293056;0.007232512;0.005641216;0.002922496;0.0042936319999999995;0.006054912;0.006658048;0.009678848;0.012806144;0.021074943999999998;0.02413568;0.019572736;0.017276928;0.010210304;0.0098816;0.009326592;0.009655296;0.009808896000000001;0.005310464;0.004184064;0.007213056;0.005859328;0.004998144;0.003431424;0.0037754880000000005;0.005629952000000001;0.004755456;0.004170752000000001;0.0028897280000000003;0.002515968;0.003198976;0.003549184;0.004042752;0.0038420480000000003;0.003767296;0.004216832;0.004097024;0.003375104;0.003074048;0.0029952000000000004;0.0033024;0.0026071040000000003;0.00336896;0.003933184;0.003856384;0.0035942400000000003;0.003992576;0.004517888;0.0026705920000000003;0.0030750720000000003;0.004307968;0.004066304;0.003180544;0.0026060799999999998;0.003223552;0.002204672;0.001353728;0.002040832;0.0016670720000000001;0.00136704;0.001605632;0.0014858240000000002;0.0012994559999999998;0.001591296;0.001533952;0.00134656;0.001317888
1788435900,hdr,0.0293;0.03906;0.04883;0.05859;0.06836;0.07813;0.08789;0.09766;0.10742;0.11719;0.12695;0.13672;0.14648;0.15625;0.16602;0.17578;0.18555;0.19531;0.20508;0.21484;0.22461;0.23438;0.24414;0.25391;0.26367;0.27344;0.2832;0.29297;0.30273;0.3125;0.32227;0.33203;0.3418;0.35156;0.36133;0.37109;0.38086;0.39063;0.40039;0.41016;0.41992;0.42969;0.43945;0.44922;0.45898;0.46875;0.47852;0.48828;0.49805;0.50781;0.51758;0.52734;0.53711;0.54688;0.55664;0.56641;0.57617;0.58594;0.5957;0.60547;0.61523;0.625;0.63477;0.64453;0.6543;0.66406;0.67383;0.68359;0.69336;0.70313;0.71289;0.72266;0.73242;0.74219;0.75195;0.76172;0.77148;0.78125;0.79102,0.001410048;0.001711104;0.00165376;0.004911104;0.008872960000000001;0.001325056;0.001854464;0.016987136;0.021259264000000003;0.010530815999999998;0.004615167999999999;0.004814848;0.003744768;0.00366592;0.0038256640000000003;0.002893824;0.003299328;0.003675136;0.004950016;0.00582144;0.011981823999999999;0.022394880000000002;0.023855104;0.020267008000000003;0.021293056;0.016851968000000002;0.011506688;0.016728063999999997;0.018681856;0.01076736;0.006729728;0.006417408;0.006253567999999999;0.007117824;0.006059008000000001;0.00347648;0.003069952;0.003782656;0.0041216000000000004;0.005116928;0.00611328;0.0059115520000000005;0.004760576;0.0030832639999999996;0.0022394880000000004;0.00254464;0.004742143999999999;0.004045824;0.002895872;0.004009984;0.0027023359999999996;0.004615167999999999;0.004150272;0.003011584;0.003452928;0.0045076479999999995;0.003526656;0.0025753599999999996;0.003677184;0.00317952;0.00245248;0.00367616;0.004153344;0.0038789120000000004;0.0036505599999999997;0.0024739840000000003;0.001796096;0.00198144;0.00136192;0.0017244159999999999;0.002115584;0.0020572159999999997;0.0015872;0.0014878720000000001;0.0012871680000000002;0.001400832;0.001755136;0.0011407359999999998;0.001127424
1788436800,hdr,0.0293;0.03906;0.04883;0.05859;0.06836;0.07813;0.08789;0.09766;0.10742;0.11719;0.12695;0.13672;0.14648;0.15625;0.16602;0.17578;0.18555;0.19531;0.20508;0.21484;0.22461;0.23438;0.24414;0.25391;0.26367;0.27344;0.2832;0.29297;0.30273;0.3125;0.32227;0.33203;0.3418;0.35156;0.36133;0.37109;0.38086;0.39063;0.40039;0.41016;0.41992;0.42969;0.43945;0.44922;0.45898;0.46875;0.47852;0.48828;0.49805;0.50781;0.51758;0.52734;0.53711;0.54688;0.55664;0.56641;0.57617;0.58594;0.5957;0.60547;0.61523;0.625;0.63477;0.64453;0.6543;0.66406;0.67383;0.68359;0.69336;0.70313;0.71289;0.72266;0.73242;0.74219;0.75195;0.76172;0.77148;0.78125;0.79102,0.0026490879999999995;0.004199424;0.007353344;0.006787072;0.004538368;0.00469504;0.008387584;0.022883327999999998;0.021248;0.012299264;0.008961024;0.009154559999999999;0.0074455039999999995;0.005336064000000001;0.004893696;0.005388288000000001;0.004936704;0.005805056;0.004712448;0.007657472;0.017837056;0.019982336;0.02066944;0.024487936000000002;0.015864832;0.014756864;0.018205696;0.022878208000000004;0.016652288;0.011782144;0.007655424;0.0075673599999999995;0.00589312;0.006034432;0.005170175999999999;0.006656;0.006744063999999999;0.004226048;0.00330752;0.0025671680000000003;0.0033146879999999997;0.003001344;0.002935808;0.0028549120000000002;0.002502656;0.0032501760000000005;0.003559424;0.00375808;0.004032511999999999;0.0042752;0.004529152;0.003286016;0.00232448;0.002428928;0.002663424;0.002688;0.003206144;0.0021032959999999997;0.001584128;0.002052096;0.0036556799999999997;0.00361984;0.001646592;0.002015232;0.002654208;0.003095552;0.0022784000000000003;0.001650688;0.001467392;0.001798144;0.001507328;0.001855488;0.001685504;0.001799168;0.00203776;0.001759232;0.00134656;0.0011407359999999998;0.001286144
1788437700,hdr,0.0293;0.03906;0.04883;0.05859;0.06836;0.07813;0.08789;0.09766;0.10742;0.11719;0.12695;0.13672;0.14648;0.15625;0.16602;0.17578;0.18555;0.19531;0.20508;0.21484;0.22461;0.23438;0.24414;0.25391;0.26367;0.27344;0.2832;0.29297;0.30273;0.3125;0.32227;0.33203;0.3418;0.35156;0.36133;0.37109;0.38086;0.39063;0.40039;0.41016;0.41992;0.42969;0.43945;0.44922;0.45898;0.46875;0.47852;0.48828;0.49805;0.50781;0.51758;0.52734;0.53711;0.54688;0.55664;0.56641;0.57617;0.58594;0.5957;0.60547;0.61523;0.625;0.63477;0.64453;0.6543;0.66406;0.67383;0.68359;0.69336;0.70313;0.71289;0.72266;0.73242;0.74219;0.75195;0.76172;0.77148;0.78125;0.79102,0.004918272;0.012233728;0.007657472;0.0037386240000000003;0.006053888;0.007414784;0.005602304;0.01257984;0.014350336000000002;0.00785408;0.00571392;0.006913024;0.004933632;0.004189184;0.005670912;0.003299328;0.002939904;0.0029593600000000003;0.005587968;0.009629696;0.012299264;0.021065728;0.017983488000000002;0.024514559999999998;0.024643584;0.024974336;0.015115264;0.0151808;0.01721344;0.021082111999999997;0.013739008;0.008008704;0.00505344;0.005541888;0.005873664;0.006586368;0.00580608;0.004087808;0.004017152;0.005211136;0.003972096;0.0027269119999999997;0.0024954879999999997;0.001507328;0.001312768;0.002197504;0.0019660800000000003;0.0027320319999999997;0.003272704;0.00301568;0.002066432;0.00162816;0.0029757440000000002;0.0033812479999999995;0.002161664;0.002258944;0.0022026240000000002;0.001071104;0.001222656;0.0012789759999999998;0.0013926400000000001;0.0016250880000000002;0.0012646399999999998;0.001065984;0.0015144960000000002;0.001645568;0.001014784;0.0015769599999999999;0.00113152;0.001180672;0.0011837439999999998;0.0010721279999999999;0.001154048;0.001371136;0.001462272;0.0010752000000000001;0.0008325120000000001;0.000823296;0.0007884799999999999
1788438600,hdr,0.0293;0.03906;0.04883;0.05859;0.06836;0.07813;0.08789;0.09766;0.10742;0.11719;0.12695;0.13672;0.14648;0.15625;0.16602;0.17578;0.18555;0.19531;0.20508;0.21484;0.22461;0.23438;0.24414;0.25391;0.26367;0.27344;0.2832;0.29297;0.30273;0.3125;0.32227;0.33203;0.3418;0.35156;0.36133;0.37109;0.38086;0.39063;0.40039;0.41016;0.41992;0.42969;0.43945;0.44922;0.45898;0.46875;0.47852;0.48828;0.49805;0.50781;0.51758;0.52734;0.53711;0.54688;0.55664;0.56641;0.57617;0.58594;0.5957;0.60547;0.61523;0.625;0.63477;0.64453;0.6543;0.66406;0.67383;0.68359;0.69336;0.70313;0.71289;0.72266;0.73242;0.74219;0.75195;0.76172;0.77148;0.78125;0.79102,0.0031559680000000003;0.009005056;0.008312832000000001;0.009105408;0.01272832;0.006979584;0.00672256;0.028050432;0.030629888;0.01739264;0.007876608;0.005199872;0.004865024;0.0063846400000000005;0.005029888;0.0031815679999999996;0.004546560000000001;0.00614912;0.006687744000000001;0.00807424;0.010230784;0.017269760000000002;0.026553344;0.024177664;0.028211200000000002;0.029420543999999996;0.014017536;0.016940032;0.010791936;0.013039616;0.011492352;0.00776704;0.007585791999999999;0.006943744;0.006382591999999999;0.005133312;0.004472832;0.005943296000000001;0.006994944;0.003728384;0.0035440640000000004;0.0036843519999999997;0.0036116480000000003;0.00251904;0.0033372160000000005;0.00300032;0.0028723200000000003;0.003396608;0.0035010560000000002;0.004217856000000001;0.00353792;0.002673664;0.00249344;0.001958912;0.00178176;0.002151424;0.002225152;0.001895424;0.00193024;0.001948672;0.001799168;0.0010946560000000003;0.0013322240000000001;0.002028544;0.001833984;0.0019773440000000002;0.002229248;0.001220608;0.000764928;0.001199104;0.001153024;0.0006840319999999999;0.000852992;0.0012113920000000002;0.000923648;0.000635904;0.000633856;0.000748544;0.001074176
1788439500,hdr,0.0293;0.03906;0.04883;0.05859;0.06836;0.07813;0.08789;0.09766;0.10742;0.11719;0.12695;0.13672;0.14648;0.15625;0.16602;0.17578;0.18555;0.19531;0.20508;0.21484;0.22461;0.23438;0.24414;0.25391;0.26367;0.27344;0.2832;0.29297;0.30273;0.3125;0.32227;0.33203;0.3418;0.35156;0.36133;0.37109;0.38086;0.39063;0.40039;0.41016;0.41992;0.42969;0.43945;0.44922;0.45898;0.46875;0.47852;0.48828;0.49805;0.50781;0.51758;0.52734;0.53711;0.54688;0.55664;0.56641;0.57617;0.58594;0.5957;0.60547;0.61523;0.625;0.63477;0.64453;0.6543;0.66406;0.67383;0.68359;0.69336;0.70313;0.71289;0.72266;0.73242;0.74219;0.75195;0.76172;0.77148;0.78125;0.79102,0.003080192;0.0044953599999999995;0.004593664000000001;0.008292352;0.007273472;0.006818816;0.011163648000000002;0.029499392;0.03647795200000001;0.019526656;0.009376768;0.0042496;0.0033536000000000004;0.003720192;0.002620416;0.0032808959999999997;0.00353792;0.004326399999999999;0.0070195200000000004;0.00532992;0.015325183999999999;0.021466112;0.027823103999999998;0.032654336;0.031995904;0.022529024;0.01865216;0.016592896;0.014018560000000001;0.011308032;0.015879168;0.01319424;0.010202112;0.010602496000000001;0.009412608;0.006347775999999999;0.007787519999999999;0.005943296000000001;0.004038656;0.004647936;0.004555776;0.003713024;0.00342016;0.004257792000000001;0.005028863999999999;0.004452352;0.002820096;0.002980864;0.0020633599999999998;0.0017848319999999999;0.002369536;0.003166208;0.0028989440000000005;0.002505728;0.001850368;0.002515968;0.0035522559999999997;0.002673664;0.0018083840000000001;0.001680384;0.002004992;0.002475008;0.002300928;0.001446912;0.0012308479999999999;0.001987584;0.0018800639999999999;0.0010598399999999998;0.001125376;0.001193984;0.001073152;0.001061888;0.0010813440000000001;0.00079872;0.001092608;0.0011489279999999998;0.001373184;0.001153024;0.0009420800000000001
1788441300,hdr,0.0293;0.03906;0.04883;0.05859;0.06836;0.07813;0.08789;0.09766;0.10742;0.11719;0.12695;0.13672;0.14648;0.15625;0.16602;0.17578;0.18555;0.19531;0.20508;0.21484;0.22461;0.23438;0.24414;0.25391;0.26367;0.27344;0.2832;0.29297;0.30273;0.3125;0.32227;0.33203;0.3418;0.35156;0.36133;0.37109;0.38086;0.39063;0.40039;0.41016;0.41992;0.42969;0.43945;0.44922;0.45898;0.46875;0.47852;0.48828;0.49805;0.50781;0.51758;0.52734;0.53711;0.54688;0.55664;0.56641;0.57617;0.58594;0.5957;0.60547;0.61523;0.625;0.63477;0.64453;0.6543;0.66406;0.67383;0.68359;0.69336;0.70313;0.71289;0.72266;0.73242;0.74219;0.75195;0.76172;0.77148;0.78125;0.79102,0.005610496;0.010302464;0.010653696;0.008266752;0.0049858559999999994;0.003779584;0.00528896;0.014317568;0.022979583999999997;0.019048448;0.015125504;0.008899584;0.00370176;0.0030443519999999997;0.0038911999999999996;0.004159487999999999;0.00582656;0.0068997120000000006;0.00836096;0.009298944000000002;0.008910848;0.017178624;0.026897408;0.03823104;0.037226496;0.030262272;0.028605440000000003;0.022729728;0.013402112;0.008887295999999998;0.007392256;0.007931904;0.01135616;0.00538112;0.0056176640000000005;0.0068608;0.006858752;0.005388288000000001;0.0036976640000000002;0.005358592;0.003721216;0.0034713599999999997;0.003900416;0.003396608;0.00236032;0.002402304;0.002386944;0.002528256;0.001717248;0.0023019520000000003;0.0016148479999999999;0.001736704;0.002151424;0.002110464;0.0020500479999999996;0.002505728;0.001619968;0.0013547519999999999;0.001615872;0.0018944;0.0022814719999999997;0.001560576;0.0018012159999999998;0.0022558720000000003;0.001529856;0.00111104;0.001323008;0.0018360320000000002;0.0021248;0.0011694079999999998;0.001107968;0.001166336;0.001028096;0.0008304639999999999;0.000791552;0.0009420800000000001;0.0014346239999999998;0.001101824;0.0007843840000000001
1788442200,hdr,0.0293;0.03906;0.04883;0.05859;0.06836;0.07813;0.08789;0.09766;0.10742;0.11719;0.12695;0.13672;0.14648;0.15625;0.16602;0.17578;0.18555;0.19531;0.20508;0.21484;0.22461;0.23438;0.24414;0.25391;0.26367;0.27344;0.2832;0.29297;0.30273;0.3125;0.32227;0.33203;0.3418;0.35156;0.36133;0.37109;0.38086;0.39063;0.40039;0.41016;0.41992;0.42969;0.43945;0.44922;0.45898;0.46875;0.47852;0.48828;0.49805;0.50781;0.51758;0.52734;0.53711;0.54688;0.55664;0.56641;0.57617;0.58594;0.5957;0.60547;0.61523;0.625;0.63477;0.64453;0.6543;0.66406;0.67383;0.68359;0.69336;0.70313;0.71289;0.72266;0.73242;0.74219;0.75195;0.76172;0.77148;0.78125;0.79102,0.003171328;0.00550912;0.00493056;0.006189055999999999;0.005317631999999999;0.003625984;0.006619136;0.017691648;0.031195136000000002;0.017878016;0.007283712;0.004827136;0.004926464;0.004412416;0.0032430080000000003;0.0022353919999999997;0.0030668799999999997;0.004337664;0.006371328000000001;0.010656768;0.02009088;0.028189696;0.037174272;0.042042368000000004;0.04502016;0.030227456;0.018454527999999998;0.017017856;0.014465024;0.011140096;0.010394624;0.012351487999999999;0.009544704;0.005957632000000001;0.006774784000000001;0.00495104;0.004482048;0.005190656;0.006080512;0.004233216;0.0029982719999999997;0.004493312000000001;0.00262144;0.002793472;0.0030986240000000003;0.003597312;0.003695616;0.0036403200000000003;0.00292864;0.0015103999999999999;0.001468416;0.002318336;0.002691072;0.001668096;0.002251776;0.00204288;0.001127424;0.001258496;0.0009738240000000001;0.001777664;0.0018257920000000001;0.0020654080000000003;0.0014878720000000001;0.001035264;0.00121344;0.00230912;0.002776064;0.00157184;0.0017182719999999999;0.0010956800000000001;0.000800768;0.0008212479999999999;0.000774144;0.0009021439999999999;0.00090112;0.000987136;0.000654336;0.000605184;0.000648192
1788443100,hdr,0.0293;0.03906;0.04883;0.05859;0.06836;0.07813;0.08789;0.09766;0.10742;0.11719;0.12695;0.13672;0.14648;0.15625;0.16602;0.17578;0.18555;0.19531;0.20508;0.21484;0.22461;0.23438;0.24414;0.25391;0.26367;0.27344;0.2832;0.29297;0.30273;0.3125;0.32227;0.33203;0.3418;0.35156;0.36133;0.37109;0.38086;0.39063;0.40039;0.41016;0.41992;0.42969;0.43945;0.44922;0.45898;0.46875;0.47852;0.48828;0.49805;0.50781;0.51758;0.52734;0.53711;0.54688;0.55664;0.56641;0.57617;0.58594;0.5957;0.60547;0.61523;0.625;0.63477;0.64453;0.6543;0.66406;0.67383;0.68359;0.69336;0.70313;0.71289;0.72266;0.73242;0.74219;0.75195;0.76172;0.77148;0.78125;0.79102,0.0041963519999999995;0.006978559999999999;0.00907776;0.005766143999999999;0.008179712;0.011200512000000001;0.007469056000000001;0.01079808;0.028391424;0.025930751999999998;0.013784064;0.004400128;0.004281344;0.004502528;0.004228096;0.00316928;0.00502272;0.008050687999999999;0.009710592;0.018593792;0.026944512;0.028785664;0.039977983999999994;0.045841408;0.039394304;0.020158464;0.015320064;0.014939136;0.010440704;0.009020416000000002;0.008788992;0.010322943999999999;0.009001984000000001;0.006106112;0.008589312;0.006766592000000001;0.00514048;0.006727680000000001;0.00514048;0.004148224;0.003658752;0.00311296;0.0034795520000000003;0.0029757440000000002;0.0022835200000000003;0.0029122560000000002;0.002117632;0.002586624;0.0042485760000000004;0.0040796159999999995;0.0036812800000000003;0.0035276800000000005;0.0027432959999999997;0.0017326079999999998;0.0021299199999999996;0.0026009600000000003;0.0031313919999999998;0.003065856;0.002556928;0.00213504;0.002161664;0.002395136;0.002909184;0.004385792;0.002615296;0.0015964160000000002;0.002081792;0.002033664;0.0015697920000000002;0.0010199039999999999;0.002441216;0.003059712;0.002038784;0.0011489279999999998;0.000877568;0.001106944;0.0009584639999999999;0.00125952;0.0011468799999999999
1788444000,hdr,0.0293;0.03906;0.04883;0.05859;0.06836;0.07813;0.08789;0.09766;0.10742;0.11719;0.12695;0.13672;0.14648;0.15625;0.16602;0.17578;0.18555;0.19531;0.20508;0.21484;0.22461;0.23438;0.24414;0.25391;0.26367;0.27344;0.2832;0.29297;0.30273;0.3125;0.32227;0.33203;0.3418;0.35156;0.36133;0.37109;0.38086;0.39063;0.40039;0.41016;0.41992;0.42969;0.43945;0.44922;0.45898;0.46875;0.47852;0.48828;0.49805;0.50781;0.51758;0.52734;0.53711;0.54688;0.55664;0.56641;0.57617;0.58594;0.5957;0.60547;0.61523;0.625;0.63477;0.64453;0.6543;0.66406;0.67383;0.68359;0.69336;0.70313;0.71289;0.72266;0.73242;0.74219;0.75195;0.76172;0.77148;0.78125;0.79102,0.001092608;0.0022538239999999998;0.004005887999999999;0.004140032;0.00349696;0.003039232;0.0032256;0.017852416;0.072543232;0.042725375999999995;0.012460032;0.00729088;0.006980608;0.004441088;0.004202496;0.00321536;0.0025835520000000002;0.004334592;0.006317056;0.013312;0.019186688;0.030398464;0.038144;0.053835776;0.034137087999999996;0.020744192;0.011316224;0.013734912;0.012514304;0.010592256000000001;0.007437312000000001;0.006254592;0.005251072;0.0071065600000000005;0.005943296000000001;0.005255168;0.006872064000000001;0.00726528;0.004787200000000001;0.005691392;0.004754432;0.004263936;0.004419584000000001;0.005029888;0.005036031999999999;0.0027156479999999998;0.004210688;0.005129216000000001;0.003209216;0.0024391680000000002;0.002515968;0.002569216;0.002086912;0.002250752;0.001846272;0.0015779840000000002;0.0017889280000000002;0.0023132160000000003;0.001990656;0.00196096;0.00144896;0.001548288;0.0012625919999999999;0.001670144;0.001304576;0.000898048;0.001480704;0.0020254720000000004;0.0021268479999999998;0.001509376;0.001185792;0.00131072;0.001736704;0.001199104;0.001746944;0.001442816;0.0009605120000000001;0.001024;0.0009216000000000001
1788444900,hdr,0.0293;0.03906;0.04883;0.05859;0.06836;0.07813;0.08789;0.09766;0.10742;0.11719;0.12695;0.13672;0.14648;0.15625;0.16602;0.17578;0.18555;0.19531;0.20508;0.21484;0.22461;0.23438;0.24414;0.25391;0.26367;0.27344;0.2832;0.29297;0.30273;0.3125;0.32227;0.33203;0.3418;0.35156;0.36133;0.37109;0.38086;0.39063;0.40039;0.41016;0.41992;0.42969;0.43945;0.44922;0.45898;0.46875;0.47852;0.48828;0.49805;0.50781;0.51758;0.52734;0.53711;0.54688;0.55664;0.56641;0.57617;0.58594;0.5957;0.60547;0.61523;0.625;0.63477;0.64453;0.6543;0.66406;0.67383;0.68359;0.69336;0.70313;0.71289;0.72266;0.73242;0.74219;0.75195;0.76172;0.77148;0.78125;0.79102,0.006627328;0.005403648;0.007979008000000001;0.008544256000000002;0.00514048;0.002407424;0.004540415999999999;0.018178048;0.02816;0.024417280000000003;0.010692608000000001;0.0049008640000000004;0.002505728;0.004113408;0.005156864;0.002766848;0.002850816;0.007409664000000001;0.015238144;0.024118272;0.027090944;0.051340288;0.037605375999999996;0.028254208;0.024585216;0.018942976000000004;0.014363648;0.014025728000000001;0.015415296;0.009571327999999999;0.00571904;0.008198144;0.009163776;0.007110656;0.009102335999999999;0.008223744;0.0063744;0.006304768;0.0051374079999999996;0.0061757439999999995;0.006933504;0.004660224;0.003161088;0.003095552;0.003306496;0.00295424;0.0027381760000000006;0.0028416;0.00300032;0.00198656;0.001795072;0.00170496;0.0017643519999999998;0.0019937279999999997;0.002322432;0.002217984;0.00230912;0.001507328;0.001011712;0.0014561280000000001;0.001779712;0.001468416;0.0013547519999999999;0.001199104;0.0011161600000000002;0.001523712;0.001323008;0.001132544;0.00131072;0.001575936;0.00109056;0.000918528;0.001138688;0.0009400319999999999;0.0007833599999999999;0.0008488959999999999;0.001153024;0.00117248;0.001400832
1788445800,hdr,0.0293;0.03906;0.04883;0.05859;0.06836;0.07813;0.08789;0.09766;0.10742;0.11719;0.12695;0.13672;0.14648;0.15625;0.16602;0.17578;0.18555;0.19531;0.20508;0.21484;0.22461;0.23438;0.24414;0.25391;0.26367;0.27344;0.2832;0.29297;0.30273;0.3125;0.32227;0.33203;0.3418;0.35156;0.36133;0.37109;0.38086;0.39063;0.40039;0.41016;0.41992;0.42969;0.43945;0.44922;0.45898;0.46875;0.47852;0.48828;0.49805;0.50781;0.51758;0.52734;0.53711;0.54688;0.55664;0.56641;0.57617;0.58594;0.5957;0.60547;0.61523;0.625;0.63477;0.64453;0.6543;0.66406;0.67383;0.68359;0.69336;0.70313;0.71289;0.72266;0.73242;0.74219;0.75195;0.76172;0.77148;0.78125;0.79102,0.009004032;0.018906112000000003;0.020440063999999997;0.008250368000000001;0.007460863999999999;0.0074751999999999996;0.0074004480000000004;0.01651712;0.03748352;0.02712064;0.01324032;0.005738495999999999;0.005265407999999999;0.003318784;0.003504128;0.004161536;0.005848064;0.009761792;0.010327040000000001;0.014767104;0.022933504;0.033690623999999995;0.026281984;0.023966719999999997;0.012464128000000001;0.017944576;0.011932672;0.01425408;0.012470272;0.009075712;0.010251264000000001;0.01092608;0.005619712;0.004551680000000001;0.006253567999999999;0.006605824000000001;0.0067655680000000004;0.007634943999999999;0.0042536959999999995;0.003919872;0.004404224;0.004409344;0.0039301119999999995;0.003035136;0.002502656;0.00187904;0.001901568;0.001837056;0.001763328;0.001876992;0.001680384;0.001770496;0.001992704;0.0022702079999999997;0.00200192;0.001840128;0.002176;0.002466816;0.0018923520000000001;0.0013056;0.001031168;0.000978944;0.0012912639999999999;0.0011776;0.000881664;0.0012707839999999998;0.0014581759999999998;0.000989184;0.000964608;0.001028096;0.00108544;0.000837632;0.00067072;0.000912384;0.000915456;0.000841728;0.00103424;0.00088576;0.000415744
1788446700,hdr,0.0293;0.03906;0.04883;0.05859;0.06836;0.07813;0.08789;0.09766;0.10742;0.11719;0.12695;0.13672;0.14648;0.15625;0.16602;0.17578;0.18555;0.19531;0.20508;0.21484;0.22461;0.23438;0.24414;0.25391;0.26367;0.27344;0.2832;0.29297;0.30273;0.3125;0.32227;0.33203;0.3418;0.35156;0.36133;0.37109;0.38086;0.39063;0.40039;0.41016;0.41992;0.42969;0.43945;0.44922;0.45898;0.46875;0.47852;0.48828;0.49805;0.50781;0.51758;0.52734;0.53711;0.54688;0.55664;0.56641;0.57617;0.58594;0.5957;0.60547;0.61523;0.625;0.63477;0.64453;0.6543;0.66406;0.67383;0.68359;0.69336;0.70313;0.71289;0.72266;0.73242;0.74219;0.75195;0.76172;0.77148;0.78125;0.79102,0.002233344;0.004775936;0.00444416;0.004063232;0.0021288960000000003;0.0034918399999999995;0.0025958400000000003;0.007332864;0.033742848000000006;0.05031936;0.022349824;0.00766976;0.0043182080000000005;0.001936384;0.002737152;0.005103616;0.004200447999999999;0.006432768;0.013138944;0.022361088;0.028985344;0.029881343999999997;0.028676096;0.032224256;0.034473984000000006;0.017408;0.016490496;0.015679488;0.012551168;0.009304064;0.006501376;0.011663360000000001;0.012641280000000001;0.012109824;0.011617279999999999;0.007368703999999999;0.004459520000000001;0.004006912;0.003377152;0.004012032;0.004199424;0.005738495999999999;0.0042496;0.003587072;0.004027391999999999;0.002936832;0.0024545279999999997;0.002501632;0.002640896;0.003050496;0.002312192;0.001809408;0.002076672;0.00196096;0.0016404479999999999;0.002069504;0.001826816;0.001296384;0.00101376;0.001328128;0.001498112;0.0015165439999999999;0.00169472;0.0011366400000000002;0.0009625599999999999;0.001455104;0.001714176;0.001079296;0.00108544;0.001258496;0.000831488;0.00055296;0.000468992;0.000621568;0.0007116799999999999;0.0005406720000000001;0.0007055360000000001;0.001053696;0.0007925759999999999
1788447600,hdr,0.0293;0.03906;0.04883;0.05859;0.06836;0.07813;0.08789;0.09766;0.10742;0.11719;0.12695;0.13672;0.14648;0.15625;0.16602;0.17578;0.18555;0.19531;0.20508;0.21484;0.22461;0.23438;0.24414;0.25391;0.26367;0.27344;0.2832;0.29297;0.30273;0.3125;0.32227;0.33203;0.3418;0.35156;0.36133;0.37109;0.38086;0.39063;0.40039;0.41016;0.41992;0.42969;0.43945;0.44922;0.45898;0.46875;0.47852;0.48828;0.49805;0.50781;0.51758;0.52734;0.53711;0.54688;0.55664;0.56641;0.57617;0.58594;0.5957;0.60547;0.61523;0.625;0.63477;0.64453;0.6543;0.66406;0.67383;0.68359;0.69336;0.70313;0.71289;0.72266;0.73242;0.74219;0.75195;0.76172;0.77148;0.78125;0.79102,0.0012001280000000002;0.005414912;0.007374848;0.005189632;0.00287744;0.0037150720000000003;0.004564992;0.012278784;0.04231168;0.03439103999999999;0.023013376;0.008237056000000001;0.003016704;0.0026705920000000003;0.004268032;0.003122176;0.004642816;0.006622207999999999;0.011737088;0.024532992;0.033953792000000003;0.047885312;0.065437696;0.045361151999999995;0.026181632;0.020878336;0.019109888000000002;0.00944128;0.007803904;0.010039296;0.007399424;0.010292223999999999;0.012550144000000001;0.010970112;0.008900608;0.004406272000000001;0.0028764159999999997;0.003492864;0.005054464;0.004938752;0.003908608;0.002279424;0.001998848;0.002399232;0.002407424;0.0032942079999999994;0.003786752;0.0042536959999999995;0.0022097920000000004;0.001795072;0.002459648;0.0026071040000000003;0.0020224;0.0012369920000000001;0.0016097280000000002;0.0014940160000000001;0.00150528;0.00190976;0.0018944;0.0013260799999999999;0.001532928;0.0013056;0.001097728;0.001122304;0.00150528;0.0013312;0.001214464;0.001646592;0.0009256959999999999;0.00093696;0.0009441279999999999;0.000955392;0.0011407359999999998;0.0010721279999999999;0.000805888;0.000666624;0.0005918719999999999;0.001102848;0.0011489279999999998
1788448500,hdr,0.0293;0.03906;0.04883;0.05859;0.06836;0.07813;0.08789;0.09766;0.10742;0.11719;0.12695;0.13672;0.14648;0.15625;0.16602;0.17578;0.18555;0.19531;0.20508;0.21484;0.22461;0.23438;0.24414;0.25391;0.26367;0.27344;0.2832;0.29297;0.30273;0.3125;0.32227;0.33203;0.3418;0.35156;0.36133;0.37109;0.38086;0.39063;0.40039;0.41016;0.41992;0.42969;0.43945;0.44922;0.45898;0.46875;0.47852;0.48828;0.49805;0.50781;0.51758;0.52734;0.53711;0.54688;0.55664;0.56641;0.57617;0.58594;0.5957;0.60547;0.61523;0.625;0.63477;0.64453;0.6543;0.66406;0.67383;0.68359;0.69336;0.70313;0.71289;0.72266;0.73242;0.74219;0.75195;0.76172;0.77148;0.78125;0.79102,0.005987327999999999;0.0089856;0.004813824;0.003910656;0.00431104;0.0038338559999999996;0.004219903999999999;0.020856832000000002;0.060374015999999996;0.043421695999999996;0.016264192;0.0056832;0.003457024;0.0022394880000000004;0.004278272;0.0028538879999999997;0.00274944;0.005063679999999999;0.011933696;0.014169088;0.023085056;0.041979904;0.043982848;0.038534144;0.024078336;0.029498367999999997;0.032187392;0.019718144;0.01197568;0.011350016;0.010225664;0.011196415999999999;0.013120512;0.007491584;0.005055488;0.006035456;0.006452224;0.007350272;0.008636416000000001;0.006834176;0.009100288;0.006445056;0.003400704;0.0029491200000000004;0.00338944;0.003801088;0.004346879999999999;0.005849088;0.004172799999999999;0.0022835200000000003;0.0032593920000000003;0.004551680000000001;0.00358912;0.0025036800000000003;0.002874368;0.003110912;0.0022712319999999998;0.0019394560000000002;0.0018841600000000002;0.003393536;0.0026398719999999997;0.0025989119999999997;0.0025856;0.001938432;0.001472512;0.001410048;0.0014919679999999998;0.00203776;0.002302976;0.0024330239999999998;0.001968128;0.00204288;0.001507328;0.0009584639999999999;0.0011233280000000003;0.0020582400000000002;0.00221184;0.001809408;0.001717248
1788449400,hdr,0.0293;0.03906;0.04883;0.05859;0.06836;0.07813;0.08789;0.09766;0.10742;0.11719;0.12695;0.13672;0.14648;0.15625;0.16602;0.17578;0.18555;0.19531;0.20508;0.21484;0.22461;0.23438;0.24414;0.25391;0.26367;0.27344;0.2832;0.29297;0.30273;0.3125;0.32227;0.33203;0.3418;0.35156;0.36133;0.37109;0.38086;0.39063;0.40039;0.41016;0.41992;0.42969;0.43945;0.44922;0.45898;0.46875;0.47852;0.48828;0.49805;0.50781;0.51758;0.52734;0.53711;0.54688;0.55664;0.56641;0.57617;0.58594;0.5957;0.60547;0.61523;0.625;0.63477;0.64453;0.6543;0.66406;0.67383;0.68359;0.69336;0.70313;0.71289;0.72266;0.73242;0.74219;0.75195;0.76172;0.77148;0.78125;0.79102,0.0026808319999999997;0.002048;0.003618816;0.007241728;0.0076318720000000005;0.00670208;0.007298048;0.023304191999999998;0.04791808;0.056583167999999996;0.028848128;0.01118208;0.00614912;0.004124672;0.002366464;0.002164736;0.00366592;0.007748608000000001;0.013026304;0.013784064;0.026516480000000002;0.04590796799999999;0.05598720000000001;0.029712384;0.01741824;0.015198208;0.017975295999999998;0.019536895999999998;0.014322688;0.007109632;0.009573376;0.010522624;0.010857472;0.008978432;0.005521408;0.004574208;0.006029312;0.008020992;0.00888832;0.005628928;0.004501504;0.005479424;0.005174272;0.006418432;0.005950464;0.004032511999999999;0.002706432;0.0035399679999999997;0.003780608;0.004469760000000001;0.005698559999999999;0.004189184;0.003166208;0.003255296;0.003453952;0.0035778560000000004;0.0038952960000000003;0.002716672;0.003588096;0.003938304;0.0028999679999999997;0.00275968;0.003125248;0.0035010560000000002;0.003364864;0.002968576;0.003439616;0.002409472;0.0026521599999999998;0.0027893759999999997;0.002245632;0.001736704;0.001956864;0.0025456639999999996;0.001639424;0.00183296;0.002118656;0.001792;0.00175104
1788450300,hdr,0.0293;0.03906;0.04883;0.05859;0.06836;0.07813;0.08789;0.09766;0.10742;0.11719;0.12695;0.13672;0.14648;0.15625;0.16602;0.17578;0.18555;0.19531;0.20508;0.21484;0.22461;0.23438;0.24414;0.25391;0.26367;0.27344;0.2832;0.29297;0.30273;0.3125;0.32227;0.33203;0.3418;0.35156;0.36133;0.37109;0.38086;0.39063;0.40039;0.41016;0.41992;0.42969;0.43945;0.44922;0.45898;0.46875;0.47852;0.48828;0.49805;0.50781;0.51758;0.52734;0.53711;0.54688;0.55664;0.56641;0.57617;0.58594;0.5957;0.60547;0.61523;0.625;0.63477;0.64453;0.6543;0.66406;0.67383;0.68359;0.69336;0.70313;0.71289;0.72266;0.73242;0.74219;0.75195;0.76172;0.77148;0.78125;0.79102,0.002982912;0.005677056000000001;0.006862848;0.009255936;0.006969344;0.00391168;0.004038656;0.022486016;0.045190143999999995;0.042843136;0.021339135999999998;0.013641728;0.0053463040000000005;0.001657856;0.0031477759999999997;0.0031139839999999998;0.004303872;0.00373248;0.010715135999999998;0.018607104;0.027445248;0.038319104;0.038651904;0.043472896000000004;0.021849088;0.018449408;0.022969344000000003;0.013677568000000001;0.009457664;0.011361280000000001;0.011216896;0.007881728;0.00776704;0.009840640000000001;0.007933952;0.005380095999999999;0.005191680000000001;0.00835072;0.008574975999999998;0.008963072;0.00553472;0.006714368;0.006169600000000001;0.0045844480000000005;0.005462016000000001;0.006912;0.005279743999999999;0.0042065919999999994;0.00380416;0.004953088;0.0032839680000000004;0.0033024;0.003885056;0.004802559999999999;0.0045475839999999995;0.0039055360000000003;0.003350528;0.003301376;0.003897344;0.00370688;0.004509696;0.005039104;0.0046766080000000005;0.0026439680000000004;0.0021606399999999997;0.0021985280000000004;0.002009088;0.0018698239999999997;0.0022896640000000003;0.0017489920000000002;0.001593344;0.001624064;0.001692672;0.002373632;0.002625536;0.001792;0.0015206400000000002;0.001736704;0.001586176
1788451200,hdr,0.0293;0.03906;0.04883;0.05859;0.06836;0.07813;0.08789;0.09766;0.10742;0.11719;0.12695;0.13672;0.14648;0.15625;0.16602;0.17578;0.18555;0.19531;0.20508;0.21484;0.22461;0.23438;0.24414;0.25391;0.26367;0.27344;0.2832;0.29297;0.30273;0.3125;0.32227;0.33203;0.3418;0.35156;0.36133;0.37109;0.38086;0.39063;0.40039;0.41016;0.41992;0.42969;0.43945;0.44922;0.45898;0.46875;0.47852;0.48828;0.49805;0.50781;0.51758;0.52734;0.53711;0.54688;0.55664;0.56641;0.57617;0.58594;0.5957;0.60547;0.61523;0.625;0.63477;0.64453;0.6543;0.66406;0.67383;0.68359;0.69336;0.70313;0.71289;0.72266;0.73242;0.74219;0.75195;0.76172;0.77148;0.78125;0.79102,0.009070591999999999;0.00835584;0.005653504;0.00510464;0.004672512;0.00808448;0.007918592;0.021797887999999998;0.039983104;0.039812096;0.027005952;0.014508031999999999;0.007539712;0.005021696000000001;0.0037273600000000003;0.0033300480000000004;0.004933632;0.003941376;0.00973824;0.014825472;0.033527808;0.05697024;0.070839296;0.042252288;0.037016576;0.02261504;0.020594688000000003;0.020965376;0.019192832;0.011885568;0.0126464;0.014010368;0.0133376;0.012327936;0.01161216;0.008436735999999999;0.010223616;0.007005184;0.004794368;0.004350976;0.005142528;0.0036966399999999997;0.004061184;0.004539392000000001;0.004896768;0.006281215999999999;0.00493568;0.003423232;0.00299008;0.003729408;0.003252224;0.002011136;0.003344384;0.003264512;0.00164864;0.003311616;0.0039321600000000005;0.0035532800000000002;0.003040256;0.0027023359999999996;0.0020183040000000003;0.001845248;0.003603456;0.003212288;0.00168448;0.002210816;0.002130944;0.001661952;0.0014499839999999999;0.002200576;0.002258944;0.002241536;0.00195072;0.0021442559999999998;0.00180736;0.001915904;0.0014192640000000002;0.001078272;0.0015206400000000002
1788452100,hdr,0.0293;0.03906;0.04883;0.05859;0.06836;0.07813;0.08789;0.09766;0.10742;0.11719;0.12695;0.13672;0.14648;0.15625;0.16602;0.17578;0.18555;0.19531;0.20508;0.21484;0.22461;0.23438;0.24414;0.25391;0.26367;0.27344;0.2832;0.29297;0.30273;0.3125;0.32227;0.33203;0.3418;0.35156;0.36133;0.37109;0.38086;0.39063;0.40039;0.41016;0.41992;0.42969;0.43945;0.44922;0.45898;0.46875;0.47852;0.48828;0.49805;0.50781;0.51758;0.52734;0.53711;0.54688;0.55664;0.56641;0.57617;0.58594;0.5957;0.60547;0.61523;0.625;0.63477;0.64453;0.6543;0.66406;0.67383;0.68359;0.69336;0.70313;0.71289;0.72266;0.73242;0.74219;0.75195;0.76172;0.77148;0.78125;0.79102,0.00462336;0.007220224;0.009585663999999999;0.010427392;0.009721856000000001;0.00476672;0.008566784;0.015364095999999999;0.04682547199999999;0.051182592;0.0420608;0.019121152;0.00714752;0.0051968;0.0054016;0.005654528000000001;0.005659648;0.006817792;0.016238592;0.025866240000000002;0.024688639999999998;0.02164224;0.027728896;0.025674752000000002;0.019424256;0.017399808;0.018171904000000003;0.014439424000000001;0.013961216;0.013800447999999998;0.009308160000000001;0.0146432;0.013502464;0.007558144;0.006089728;0.0068679679999999995;0.005757952;0.005965824;0.006503424;0.005664768;0.005762048;0.005240832;0.004402176;0.003904512;0.0047636480000000005;0.00327168;0.0039874559999999995;0.00525824;0.005182464000000001;0.0032204799999999995;0.00326144;0.004470783999999999;0.00362496;0.0026695679999999998;0.0017735679999999999;0.0021872639999999995;0.0024576;0.00236544;0.0023173119999999998;0.00195072;0.0016424959999999998;0.002214912;0.004028416;0.002505728;0.001349632;0.0015114240000000001;0.00109056;0.001103872;0.0015984640000000002;0.0016445440000000002;0.001782784;0.001455104;0.001043456;0.0012451839999999999;0.0010496000000000001;0.0008704;0.0007413760000000001;0.001028096;0.0007219199999999999
1788453000,hdr,0.0293;0.03906;0.04883;0.05859;0.06836;0.07813;0.08789;0.09766;0.10742;0.11719;0.12695;0.13672;0.14648;0.15625;0.16602;0.17578;0.18555;0.19531;0.20508;0.21484;0.22461;0.23438;0.24414;0.25391;0.26367;0.27344;0.2832;0.29297;0.30273;0.3125;0.32227;0.33203;0.3418;0.35156;0.36133;0.37109;0.38086;0.39063;0.40039;0.41016;0.41992;0.42969;0.43945;0.44922;0.45898;0.46875;0.47852;0.48828;0.49805;0.50781;0.51758;0.52734;0.53711;0.54688;0.55664;0.56641;0.57617;0.58594;0.5957;0.60547;0.61523;0.625;0.63477;0.64453;0.6543;0.66406;0.67383;0.68359;0.69336;0.70313;0.71289;0.72266;0.73242;0.74219;0.75195;0.76172;0.77148;0.78125;0.79102,0.014232575999999999;0.019468288;0.010699776;0.010238975999999999;0.010891264;0.010423296;0.012463104;0.035426304000000006;0.060395519999999994;0.054098944;0.038202368;0.015921152;0.006034432;0.00678912;0.008493055999999999;0.005627904;0.00415744;0.0076892160000000005;0.01464832;0.026430464;0.039894016000000004;0.042259456;0.028557311999999998;0.027317248;0.018873344;0.013364224000000001;0.021392383999999997;0.017503232;0.014096384;0.010953728;0.012964864;0.011882496;0.008843264;0.007651328000000001;0.01129984;0.012803072;0.008472576;0.006335487999999999;0.006445056;0.0066457600000000006;0.00463872;0.0058245120000000004;0.006849536;0.006807552000000001;0.004548608;0.005536768;0.007041024000000001;0.003969024;0.0027310080000000005;0.002613248;0.002992128;0.002973696;0.001814528;0.002699264;0.0020910079999999997;0.001524736;0.0015964160000000002;0.001476608;0.001798144;0.0018698239999999997;0.001800192;0.001995776;0.0029470720000000002;0.001723392;0.0015872;0.0019087359999999999;0.001263616;0.0011366400000000002;0.001006592;0.001521664;0.001439744;0.001686528;0.002127872;0.001837056;0.0017848319999999999;0.001362944;0.0009287680000000001;0.0009768959999999999;0.001062912
1788453900,hdr,0.0293;0.03906;0.04883;0.05859;0.06836;0.07813;0.08789;0.09766;0.10742;0.11719;0.12695;0.13672;0.14648;0.15625;0.16602;0.17578;0.18555;0.19531;0.20508;0.21484;0.22461;0.23438;0.24414;0.25391;0.26367;0.27344;0.2832;0.29297;0.30273;0.3125;0.32227;0.33203;0.3418;0.35156;0.36133;0.37109;0.38086;0.39063;0.40039;0.41016;0.41992;0.42969;0.43945;0.44922;0.45898;0.46875;0.47852;0.48828;0.49805;0.50781;0.51758;0.52734;0.53711;0.54688;0.55664;0.56641;0.57617;0.58594;0.5957;0.60547;0.61523;0.625;0.63477;0.64453;0.6543;0.66406;0.67383;0.68359;0.69336;0.70313;0.71289;0.72266;0.73242;0.74219;0.75195;0.76172;0.77148;0.78125;0.79102,0.007180288;0.012109824;0.008532992;0.006027264;0.006039551999999999;0.003043328;0.004175872000000001;0.026281984;0.051280896;0.07000473599999998;0.05994496;0.04333568;0.0155904;0.007182336;0.005905408;0.005721088;0.007298048;0.008341504000000001;0.017025023999999996;0.024491008;0.036190208;0.057701376000000006;0.06682316799999999;0.044319744;0.027511808;0.022724608;0.013946880000000002;0.013999104000000002;0.011952128000000001;0.009882624;0.010672128000000001;0.009536512;0.010640384;0.011218944000000002;0.006385664000000001;0.004335616;0.003579904;0.004488192;0.007083008000000001;0.008522752;0.00723456;0.005129216000000001;0.006592512;0.006252544;0.00576;0.005693439999999999;0.005562368000000001;0.0055306240000000005;0.004018176;0.003519488;0.003581952;0.003014656;0.002054144;0.00198144;0.0027811840000000003;0.001983488;0.002852864;0.00205312;0.0008151040000000001;0.001937408;0.0026787839999999996;0.00239616;0.00177152;0.0016988160000000001;0.0018288640000000001;0.002163712;0.0023459839999999997;0.001462272;0.001757184;0.0017561599999999999;0.00154624;0.0013557760000000002;0.001292288;0.00104448;0.001524736;0.0023388159999999996;0.0015390719999999998;0.00090112;0.0012666880000000002
1788454800,hdr,0.0293;0.03906;0.04883;0.05859;0.06836;0.07813;0.08789;0.09766;0.10742;0.11719;0.12695;0.13672;0.14648;0.15625;0.16602;0.17578;0.18555;0.19531;0.20508;0.21484;0.22461;0.23438;0.24414;0.25391;0.26367;0.27344;0.2832;0.29297;0.30273;0.3125;0.32227;0.33203;0.3418;0.35156;0.36133;0.37109;0.38086;0.39063;0.40039;0.41016;0.41992;0.42969;0.43945;0.44922;0.45898;0.46875;0.47852;0.48828;0.49805;0.50781;0.51758;0.52734;0.53711;0.54688;0.55664;0.56641;0.57617;0.58594;0.5957;0.60547;0.61523;0.625;0.63477;0.64453;0.6543;0.66406;0.67383;0.68359;0.69336;0.70313;0.71289;0.72266;0.73242;0.74219;0.75195;0.76172;0.77148;0.78125;0.79102,0.015483904;0.020102144;0.011868159999999999;0.013140992;0.0060672;0.00329728;0.007243776;0.029474815999999997;0.042345472;0.051395584;0.052874239999999996;0.028802048;0.010793984;0.005351424;0.005239808;0.00594944;0.004774911999999999;0.008118272;0.011287552;0.022119424;0.038349824;0.047008768000000006;0.05282816;0.039038975999999996;0.040689664;0.032637952;0.020667392;0.012950528000000001;0.013978624;0.01009664;0.00918016;0.007346175999999999;0.005810176;0.007097344;0.008006656;0.007345152;0.00817664;0.008732672;0.007389184;0.006964224;0.006915072;0.003728384;0.00528896;0.004683776;0.005184512;0.0052019200000000005;0.004527104;0.004842496;0.004762624;0.0030853119999999998;0.002776064;0.002849792;0.0028149760000000003;0.0027402240000000003;0.0020572159999999997;0.003357696;0.0043008000000000005;0.003735552;0.002310144;0.001861632;0.0020357120000000003;0.001998848;0.001564672;0.001657856;0.001292288;0.001373184;0.0010465279999999997;0.000953344;0.0018483199999999999;0.003288064;0.002642944;0.002277376;0.0011489279999999998;0.001103872;0.001345536;0.0011960319999999999;0.00101376;0.001058816;0.001127424
1788455700,hdr,0.0293;0.03906;0.04883;0.05859;0.06836;0.07813;0.08789;0.09766;0.10742;0.11719;0.12695;0.13672;0.14648;0.15625;0.16602;0.17578;0.18555;0.19531;0.20508;0.21484;0.22461;0.23438;0.24414;0.25391;0.26367;0.27344;0.2832;0.29297;0.30273;0.3125;0.32227;0.33203;0.3418;0.35156;0.36133;0.37109;0.38086;0.39063;0.40039;0.41016;0.41992;0.42969;0.43945;0.44922;0.45898;0.46875;0.47852;0.48828;0.49805;0.50781;0.51758;0.52734;0.53711;0.54688;0.55664;0.56641;0.57617;0.58594;0.5957;0.60547;0.61523;0.625;0.63477;0.64453;0.6543;0.66406;0.67383;0.68359;0.69336;0.70313;0.71289;0.72266;0.73242;0.74219;0.75195;0.76172;0.77148;0.78125;0.79102,0.004580352000000001;0.003786752;0.004719616;0.009160704000000002;0.008472576;0.002666496;0.007248896;0.035371008;0.059288576;0.048719872000000004;0.036448256;0.024929279999999998;0.014209023999999999;0.008787967999999998;0.007276544000000001;0.006004736;0.005221376;0.008948736;0.015506432;0.018669568000000004;0.04605030399999999;0.062717952;0.050241536;0.035560448;0.011713536;0.015312896000000001;0.019984383999999997;0.014829568;0.015587328;0.010853376;0.00999424;0.007945216;0.009970688;0.009071616;0.008229888000000001;0.006142976;0.008424448000000001;0.007481344;0.006452224;0.0046592;0.002968576;0.003058688;0.0037191679999999997;0.004458496;0.004425728;0.003551232;0.005684224;0.004736;0.004862976;0.00379392;0.002604032;0.003454976;0.002456576;0.002612224;0.002179072;0.0029460479999999997;0.0027975680000000003;0.0014592000000000001;0.0017408;0.001824768;0.002489344;0.001599488;0.002569216;0.002714624;0.002801664;0.001603584;0.001887232;0.00175104;0.0017039359999999999;0.001688576;0.002033664;0.0017725439999999998;0.0014929920000000003;0.001400832;0.00180224;0.0016128;0.0010496000000000001;0.001221632;0.0016128
1788456600,hdr,0.0293;0.03906;0.04883;0.05859;0.06836;0.07813;0.08789;0.09766;0.10742;0.11719;0.12695;0.13672;0.14648;0.15625;0.16602;0.17578;0.18555;0.19531;0.20508;0.21484;0.22461;0.23438;0.24414;0.25391;0.26367;0.27344;0.2832;0.29297;0.30273;0.3125;0.32227;0.33203;0.3418;0.35156;0.36133;0.37109;0.38086;0.39063;0.40039;0.41016;0.41992;0.42969;0.43945;0.44922;0.45898;0.46875;0.47852;0.48828;0.49805;0.50781;0.51758;0.52734;0.53711;0.54688;0.55664;0.56641;0.57617;0.58594;0.5957;0.60547;0.61523;0.625;0.63477;0.64453;0.6543;0.66406;0.67383;0.68359;0.69336;0.70313;0.71289;0.72266;0.73242;0.74219;0.75195;0.76172;0.77148;0.78125;0.79102,0.007552;0.016505856;0.01484288;0.009731072;0.004484096000000001;0.003074048;0.010382336;0.033335296;0.09258393599999999;0.11408998399999999;0.067456;0.033956864;0.017171455999999998;0.010661888;0.005326848;0.003533824;0.00366592;0.00621568;0.010233856;0.016332799999999998;0.02172928;0.031430656;0.02438144;0.032168959999999996;0.028466176;0.019741696;0.016214016;0.008846336000000002;0.012144640000000002;0.011305984;0.00677376;0.005822464;0.009171967999999999;0.00776192;0.006385664000000001;0.006721536;0.005123071999999999;0.005960704;0.006407168;0.005041152;0.005735424;0.0061829120000000005;0.005679103999999999;0.005352448;0.004144128;0.003439616;0.004042752;0.003976192;0.003948544;0.0047564799999999996;0.004892672000000001;0.0034263040000000002;0.002532352;0.0025344;0.002762752;0.003080192;0.002231296;0.0022272;0.002509824;0.002130944;0.002982912;0.003567616;0.002806784;0.0024299520000000004;0.001659904;0.001814528;0.0023203839999999996;0.002158592;0.00108544;0.001265664;0.001816576;0.001422336;0.00133632;0.000868352;0.00115712;0.001564672;0.00160256;0.001744896;0.001345536
1788457500,hdr,0.0293;0.03906;0.04883;0.05859;0.06836;0.07813;0.08789;0.09766;0.10742;0.11719;0.12695;0.13672;0.14648;0.15625;0.16602;0.17578;0.18555;0.19531;0.20508;0.21484;0.22461;0.23438;0.24414;0.25391;0.26367;0.27344;0.2832;0.29297;0.30273;0.3125;0.32227;0.33203;0.3418;0.35156;0.36133;0.37109;0.38086;0.39063;0.40039;0.41016;0.41992;0.42969;0.43945;0.44922;0.45898;0.46875;0.47852;0.48828;0.49805;0.50781;0.51758;0.52734;0.53711;0.54688;0.55664;0.56641;0.57617;0.58594;0.5957;0.60547;0.61523;0.625;0.63477;0.64453;0.6543;0.66406;0.67383;0.68359;0.69336;0.70313;0.71289;0.72266;0.73242;0.74219;0.75195;0.76172;0.77148;0.78125;0.79102,0.003656704;0.005880831999999999;0.006387711999999999;0.005378048;0.004846592;0.005043199999999999;0.013268992;0.047043584;0.07246438399999999;0.06948761600000002;0.072113152;0.045028352;0.013825024000000002;0.011890688;0.010560512;0.008731648;0.006012928;0.007339008;0.012537856;0.029254656;0.044867584;0.059839488;0.049041407999999995;0.029571072;0.026418175999999998;0.01711616;0.012865536;0.008605696;0.01130496;0.010986496000000002;0.008650752000000001;0.008601600000000001;0.008558592;0.010838015999999999;0.008822784;0.011010048;0.010345472;0.008113151999999998;0.00786944;0.004788223999999999;0.005179392;0.007137279999999999;0.006890496;0.0061808639999999995;0.0059238400000000005;0.004783103999999999;0.0070768639999999996;0.004557824;0.002387968;0.0022712319999999998;0.002459648;0.0027842559999999997;0.002707456;0.003295232;0.0032593920000000003;0.002028544;0.00236032;0.00330752;0.0027095039999999997;0.003299328;0.0023336960000000006;0.0015656959999999999;0.001731584;0.0024391680000000002;0.0024576;0.002569216;0.001775616;0.001891328;0.002516992;0.00153088;0.00169984;0.001688576;0.0012308479999999999;0.000999424;0.001738752;0.001174528;0.001406976;0.001532928;0.000984064
1788458400,hdr,0.0293;0.03906;0.04883;0.05859;0.06836;0.07813;0.08789;0.09766;0.10742;0.11719;0.12695;0.13672;0.14648;0.15625;0.16602;0.17578;0.18555;0.19531;0.20508;0.21484;0.22461;0.23438;0.24414;0.25391;0.26367;0.27344;0.2832;0.29297;0.30273;0.3125;0.32227;0.33203;0.3418;0.35156;0.36133;0.37109;0.38086;0.39063;0.40039;0.41016;0.41992;0.42969;0.43945;0.44922;0.45898;0.46875;0.47852;0.48828;0.49805;0.50781;0.51758;0.52734;0.53711;0.54688;0.55664;0.56641;0.57617;0.58594;0.5957;0.60547;0.61523;0.625;0.63477;0.64453;0.6543;0.66406;0.67383;0.68359;0.69336;0.70313;0.71289;0.72266;0.73242;0.74219;0.75195;0.76172;0.77148;0.78125;0.79102,0.009798656;0.012881919999999998;0.0074352640000000005;0.012669952000000002;0.013864959999999999;0.006511616;0.00592896;0.0241408;0.04666368;0.09610649600000001;0.0713472;0.041570304;0.023607296000000003;0.013894655999999998;0.011661312;0.0067358719999999995;0.00571904;0.007330816;0.009816064000000001;0.019412991999999997;0.03170816;0.04542976;0.052045824;0.050650112000000004;0.029745152;0.013929472;0.010129408;0.012353536;0.01591808;0.011483136;0.007463936000000001;0.003725312;0.00525312;0.008421376;0.005950464;0.008435712000000001;0.010676224;0.008863744;0.007057407999999999;0.007503872;0.00685568;0.005307392;0.005349376;0.004011008;0.005740544;0.0073728000000000005;0.005056512;0.0040243200000000005;0.004145152;0.003725312;0.00377344;0.0036823039999999995;0.00370176;0.003183616;0.0022568959999999996;0.00300032;0.002806784;0.002096128;0.0018360320000000002;0.001707008;0.0016087039999999999;0.0017643519999999998;0.00245248;0.002712576;0.00211456;0.00138752;0.0021299199999999996;0.0026480640000000003;0.0030453760000000002;0.0024381439999999997;0.001410048;0.0014714879999999997;0.001542144;0.001243136;0.0011509760000000002;0.0011202559999999998;0.0009482239999999999;0.0015667199999999997;0.0014786559999999999
1788459300,hdr,0.0293;0.03906;0.04883;0.05859;0.06836;0.07813;0.08789;0.09766;0.10742;0.11719;0.12695;0.13672;0.14648;0.15625;0.16602;0.17578;0.18555;0.19531;0.20508;0.21484;0.22461;0.23438;0.24414;0.25391;0.26367;0.27344;0.2832;0.29297;0.30273;0.3125;0.32227;0.33203;0.3418;0.35156;0.36133;0.37109;0.38086;0.39063;0.40039;0.41016;0.41992;0.42969;0.43945;0.44922;0.45898;0.46875;0.47852;0.48828;0.49805;0.50781;0.51758;0.52734;0.53711;0.54688;0.55664;0.56641;0.57617;0.58594;0.5957;0.60547;0.61523;0.625;0.63477;0.64453;0.6543;0.66406;0.67383;0.68359;0.69336;0.70313;0.71289;0.72266;0.73242;0.74219;0.75195;0.76172;0.77148;0.78125;0.79102,0.002886656;0.007222272;0.008507391999999999;0.0056975360000000004;0.00670208;0.007901184;0.012914688;0.039195648;0.065686528;0.09696051199999998;0.077111296;0.026140672;0.021254144;0.012439552000000001;0.007007232;0.005243904;0.00925696;0.012834816;0.013674496;0.030350336;0.034869248;0.042744832;0.046810111999999994;0.027208704;0.019998719999999998;0.020716543999999996;0.013349888;0.008004608;0.00845824;0.008174592000000001;0.011026432000000001;0.008705023999999999;0.00636416;0.00984576;0.0064419839999999996;0.0049233919999999995;0.006577152;0.007017471999999999;0.005515264;0.00379392;0.005049344;0.010242048;0.006489088;0.0032808959999999997;0.0030300159999999995;0.004727808;0.004107264;0.003332096;0.002307072;0.002542592;0.003811328;0.003324928;0.0019527680000000001;0.002304;0.0042137599999999996;0.003136512;0.002752512;0.0018288640000000001;0.001475584;0.001926144;0.002448384;0.002363392;0.0025077759999999998;0.002791424;0.002675712;0.001734656;0.001420288;0.0014028799999999998;0.001574912;0.0012154879999999998;0.0013660159999999998;0.0011233280000000003;0.0014592000000000001;0.0018278399999999998;0.001744896;0.00104448;0.0012154879999999998;0.001439744;0.001247232
1788460200,hdr,0.0293;0.03906;0.04883;0.05859;0.06836;0.07813;0.08789;0.09766;0.10742;0.11719;0.12695;0.13672;0.14648;0.15625;0.16602;0.17578;0.18555;0.19531;0.20508;0.21484;0.22461;0.23438;0.24414;0.25391;0.26367;0.27344;0.2832;0.29297;0.30273;0.3125;0.32227;0.33203;0.3418;0.35156;0.36133;0.37109;0.38086;0.39063;0.40039;0.41016;0.41992;0.42969;0.43945;0.44922;0.45898;0.46875;0.47852;0.48828;0.49805;0.50781;0.51758;0.52734;0.53711;0.54688;0.55664;0.56641;0.57617;0.58594;0.5957;0.60547;0.61523;0.625;0.63477;0.64453;0.6543;0.66406;0.67383;0.68359;0.69336;0.70313;0.71289;0.72266;0.73242;0.74219;0.75195;0.76172;0.77148;0.78125;0.79102,0.009840640000000001;0.015665152;0.009580544;0.006856704;0.009683968000000001;0.005623808;0.008655872000000002;0.022506496;0.027296768;0.08658534400000001;0.068006912;0.040776704000000004;0.021405696;0.025153536;0.008839168000000001;0.008177664;0.006583296;0.007189504;0.012545024;0.017789952;0.038596608;0.045340672;0.046123008;0.043683839999999995;0.029573119999999998;0.019600384;0.021159935999999997;0.019933184;0.012122111999999999;0.007529472;0.007994368;0.00906752;0.009798656;0.007325696;0.007155712000000001;0.008055808000000001;0.007758848;0.0058941440000000005;0.0073410559999999994;0.01010176;0.008949760000000001;0.005818368;0.004287487999999999;0.003984384;0.0037375999999999998;0.002691072;0.004585472000000001;0.008925184;0.006030336;0.004027391999999999;0.00544768;0.003851264;0.002825216;0.0032471040000000002;0.0033003520000000003;0.002217984;0.001805312;0.002260992;0.002369536;0.00255488;0.0018575360000000001;0.001416192;0.001887232;0.002482176;0.001717248;0.002019328;0.002382848;0.001472512;0.001462272;0.0012451839999999999;0.001711104;0.002444288;0.001783808;0.0013905920000000002;0.001425408;0.001548288;0.0018155520000000002;0.001664;0.0013404159999999999
1788461100,hdr,0.0293;0.03906;0.04883;0.05859;0.06836;0.07813;0.08789;0.09766;0.10742;0.11719;0.12695;0.13672;0.14648;0.15625;0.16602;0.17578;0.18555;0.19531;0.20508;0.21484;0.22461;0.23438;0.24414;0.25391;0.26367;0.27344;0.2832;0.29297;0.30273;0.3125;0.32227;0.33203;0.3418;0.35156;0.36133;0.37109;0.38086;0.39063;0.40039;0.41016;0.41992;0.42969;0.43945;0.44922;0.45898;0.46875;0.47852;0.48828;0.49805;0.50781;0.51758;0.52734;0.53711;0.54688;0.55664;0.56641;0.57617;0.58594;0.5957;0.60547;0.61523;0.625;0.63477;0.64453;0.6543;0.66406;0.67383;0.68359;0.69336;0.70313;0.71289;0.72266;0.73242;0.74219;0.75195;0.76172;0.77148;0.78125;0.79102,0.008876032;0.0151552;0.011696128;0.006484992;0.012412928000000002;0.006139904;0.014509056;0.05232230400000001;0.055483392;0.07328768;0.066886656;0.041949184;0.02103296;0.009434112000000001;0.010887168000000001;0.00815104;0.00699904;0.008993791999999999;0.031163392000000005;0.034916352000000005;0.023163904;0.032965631999999995;0.029348864;0.0418048;0.023198720000000003;0.018192384000000002;0.015638528;0.015236096;0.017673216000000002;0.01071616;0.007652352;0.010797056;0.011219967999999999;0.008980479999999999;0.011672575999999999;0.009166848;0.007502848;0.0072857600000000005;0.0075202559999999995;0.008964096;0.006807552000000001;0.0029163519999999997;0.004558848;0.00503296;0.004790272;0.004343808;0.0044677119999999996;0.004803584;0.004670464;0.0023941119999999995;0.003503104;0.00262144;0.002576384;0.003145728;0.0020244480000000003;0.002619392;0.002675712;0.0025978880000000005;0.00231424;0.003344384;0.002315264;0.002300928;0.001905664;0.002397184;0.0022568959999999996;0.001885184;0.002138112;0.001963008;0.0014448640000000001;0.0014458880000000002;0.0021360640000000005;0.002023424;0.001885184;0.001619968;0.00129024;0.0014110720000000002;0.00175104;0.0017459199999999998;0.001401856
1788462000,hdr,0.0293;0.03906;0.04883;0.05859;0.06836;0.07813;0.08789;0.09766;0.10742;0.11719;0.12695;0.13672;0.14648;0.15625;0.16602;0.17578;0.18555;0.19531;0.20508;0.21484;0.22461;0.23438;0.24414;0.25391;0.26367;0.27344;0.2832;0.29297;0.30273;0.3125;0.32227;0.33203;0.3418;0.35156;0.36133;0.37109;0.38086;0.39063;0.40039;0.41016;0.41992;0.42969;0.43945;0.44922;0.45898;0.46875;0.47852;0.48828;0.49805;0.50781;0.51758;0.52734;0.53711;0.54688;0.55664;0.56641;0.57617;0.58594;0.5957;0.60547;0.61523;0.625;0.63477;0.64453;0.6543;0.66406;0.67383;0.68359;0.69336;0.70313;0.71289;0.72266;0.73242;0.74219;0.75195;0.76172;0.77148;0.78125;0.79102,0.013740032;0.025302016;0.014778368;0.007302144;0.011149312;0.013867008;0.020917248;0.028066815999999998;0.039694336000000004;0.051220480000000006;0.09941811199999999;0.10291712;0.04279808;0.015582207999999998;0.015618048;0.010064895999999999;0.008954879999999998;0.009517056000000001;0.02487808;0.026645503999999997;0.023384064;0.022690816000000003;0.02242048;0.025645056;0.019539967999999998;0.020518912;0.018137088;0.018019328;0.014409727999999998;0.015546367999999998;0.006450175999999999;0.005763072;0.007168;0.009572352000000001;0.007396352;0.008321024;0.010062848;0.010454016;0.00679936;0.006081536;0.00543744;0.005481471999999999;0.009427968;0.008313856;0.005941248;0.005300224;0.005872639999999999;0.005307392;0.004500479999999999;0.00323072;0.004543488;0.005510144;0.0031856640000000004;0.002619392;0.003069952;0.0029695999999999998;0.00385536;0.00380416;0.0035706880000000002;0.0027269119999999997;0.004282368000000001;0.004752384;0.0046540800000000005;0.004774911999999999;0.0028272640000000003;0.002295808;0.00251904;0.0028395519999999995;0.002302976;0.001769472;0.001744896;0.002043904;0.002934784;0.002386944;0.001544192;0.001588224;0.00200192;0.001605632;0.001393664
1788462900,hdr,0.0293;0.03906;0.04883;0.05859;0.06836;0.07813;0.08789;0.09766;0.10742;0.11719;0.12695;0.13672;0.14648;0.15625;0.16602;0.17578;0.18555;0.19531;0.20508;0.21484;0.22461;0.23438;0.24414;0.25391;0.26367;0.27344;0.2832;0.29297;0.30273;0.3125;0.32227;0.33203;0.3418;0.35156;0.36133;0.37109;0.38086;0.39063;0.40039;0.41016;0.41992;0.42969;0.43945;0.44922;0.45898;0.46875;0.47852;0.48828;0.49805;0.50781;0.51758;0.52734;0.53711;0.54688;0.55664;0.56641;0.57617;0.58594;0.5957;0.60547;0.61523;0.625;0.63477;0.64453;0.6543;0.66406;0.67383;0.68359;0.69336;0.70313;0.71289;0.72266;0.73242;0.74219;0.75195;0.76172;0.77148;0.78125;0.79102,0.012607488;0.011180032000000001;0.012371968;0.012108800000000001;0.0039546880000000005;0.001098752;0.005579776;0.023896063999999998;0.047930368;0.078285824;0.09590988799999998;0.054994944;0.032018432;0.026223615999999998;0.016048128;0.008255488;0.012563456;0.010055680000000001;0.019946495999999998;0.027153408;0.03919872;0.03126784;0.025269248;0.029619200000000002;0.019456;0.020516864000000003;0.01662976;0.009586688;0.010610688;0.013583360000000001;0.012741632;0.009949184000000002;0.007548928;0.007757824000000001;0.0046714880000000005;0.005957632000000001;0.007882752;0.005605376;0.005169152;0.004670464;0.005218304;0.007346175999999999;0.007227392;0.005330944;0.004047872;0.004793344;0.003934208;0.0035809279999999997;0.004347904;0.004261888;0.005912576;0.004793344;0.0036433919999999996;0.005056512;0.004569088;0.003168256;0.003574784;0.005264384;0.005947392;0.004450304;0.003610624;0.003373056;0.002880512;0.003007488;0.002568192;0.0034713599999999997;0.002792448;0.0036720640000000005;0.003525632;0.002840576;0.0030832639999999996;0.0023674879999999996;0.002101248;0.001555456;0.002051072;0.002199552;0.001531904;0.002030592;0.002033664
1788463800,hdr,0.0293;0.03906;0.04883;0.05859;0.06836;0.07813;0.08789;0.09766;0.10742;0.11719;0.12695;0.13672;0.14648;0.15625;0.16602;0.17578;0.18555;0.19531;0.20508;0.21484;0.22461;0.23438;0.24414;0.25391;0.26367;0.27344;0.2832;0.29297;0.30273;0.3125;0.32227;0.33203;0.3418;0.35156;0.36133;0.37109;0.38086;0.39063;0.40039;0.41016;0.41992;0.42969;0.43945;0.44922;0.45898;0.46875;0.47852;0.48828;0.49805;0.50781;0.51758;0.52734;0.53711;0.54688;0.55664;0.56641;0.57617;0.58594;0.5957;0.60547;0.61523;0.625;0.63477;0.64453;0.6543;0.66406;0.67383;0.68359;0.69336;0.70313;0.71289;0.72266;0.73242;0.74219;0.75195;0.76172;0.77148;0.78125;0.79102,0.005817344;0.0075898879999999995;0.009621504;0.009731072;0.010547200000000001;0.007994368;0.016162816;0.034127872000000004;0.04257792;0.072282112;0.06326272;0.048242688;0.030927872;0.023557120000000004;0.015624192;0.00826368;0.01101824;0.012809215999999998;0.021588992;0.037626879999999994;0.057264128;0.04752896;0.039163904;0.042394624000000006;0.0217088;0.010764288;0.012275712;0.014769152;0.011084799999999999;0.010021888000000001;0.0111616;0.01152512;0.006926336;0.006320128;0.01010688;0.011401216;0.0070297599999999995;0.005291008;0.007780352;0.00764416;0.005844992;0.005163008;0.0055552;0.005349376;0.003958784;0.005233664;0.005862399999999999;0.006017024;0.00525312;0.005927936;0.005660671999999999;0.005676032;0.003735552;0.0023552;0.00377856;0.005445632;0.0034959360000000003;0.002356224;0.004182015999999999;0.0033740800000000002;0.002199552;0.0032583679999999998;0.003515392;0.003267584;0.0032573439999999997;0.001882112;0.0019435519999999999;0.002992128;0.003122176;0.003162112;0.003121152;0.0025907200000000003;0.00172544;0.001603584;0.0016066560000000001;0.00136192;0.001816576;0.0018974719999999999;0.0011632640000000002
1788464700,hdr,0.0293;0.03906;0.04883;0.05859;0.06836;0.07813;0.08789;0.09766;0.10742;0.11719;0.12695;0.13672;0.14648;0.15625;0.16602;0.17578;0.18555;0.19531;0.20508;0.21484;0.22461;0.23438;0.24414;0.25391;0.26367;0.27344;0.2832;0.29297;0.30273;0.3125;0.32227;0.33203;0.3418;0.35156;0.36133;0.37109;0.38086;0.39063;0.40039;0.41016;0.41992;0.42969;0.43945;0.44922;0.45898;0.46875;0.47852;0.48828;0.49805;0.50781;0.51758;0.52734;0.53711;0.54688;0.55664;0.56641;0.57617;0.58594;0.5957;0.60547;0.61523;0.625;0.63477;0.64453;0.6543;0.66406;0.67383;0.68359;0.69336;0.70313;0.71289;0.72266;0.73242;0.74219;0.75195;0.76172;0.77148;0.78125;0.79102,0.005681152;0.016542719999999997;0.016504832;0.015345663999999998;0.015809536;0.008737792000000001;0.012920832;0.028514304;0.042857472;0.0594944;0.07049728;0.07243263999999999;0.036968448;0.019984383999999997;0.016324608;0.012122111999999999;0.008179712;0.014446592000000001;0.027553792;0.040610816;0.053108736;0.0352;0.027292671999999997;0.033820671999999996;0.021800959999999998;0.019960831999999998;0.010537984;0.008805376;0.007747584;0.009330688;0.009669632;0.007220224;0.0058019840000000005;0.00758784;0.009545728000000002;0.009437184000000001;0.009234432;0.008725504;0.008112128000000001;0.005607424;0.006905856;0.005169152;0.004258816;0.004818944;0.004696064;0.0034795520000000003;0.005614592;0.003319808;0.005746688;0.00623616;0.004564992;0.004438016;0.005400576;0.005561344;0.004299776;0.003356672;0.0035010560000000002;0.0033536000000000004;0.0043827200000000005;0.004153344;0.004104192;0.003009536;0.0028221440000000004;0.002464768;0.00320512;0.002902016;0.002476032;0.002030592;0.0016711679999999998;0.001958912;0.0017203200000000002;0.001069056;0.001328128;0.0013987840000000001;0.001517568;0.001854464;0.001856512;0.001882112;0.001067008
1788465600,hdr,0.0293;0.03906;0.04883;0.05859;0.06836;0.07813;0.08789;0.09766;0.10742;0.11719;0.12695;0.13672;0.14648;0.15625;0.16602;0.17578;0.18555;0.19531;0.20508;0.21484;0.22461;0.23438;0.24414;0.25391;0.26367;0.27344;0.2832;0.29297;0.30273;0.3125;0.32227;0.33203;0.3418;0.35156;0.36133;0.37109;0.38086;0.39063;0.40039;0.41016;0.41992;0.42969;0.43945;0.44922;0.45898;0.46875;0.47852;0.48828;0.49805;0.50781;0.51758;0.52734;0.53711;0.54688;0.55664;0.56641;0.57617;0.58594;0.5957;0.60547;0.61523;0.625;0.63477;0.64453;0.6543;0.66406;0.67383;0.68359;0.69336;0.70313;0.71289;0.72266;0.73242;0.74219;0.75195;0.76172;0.77148;0.78125;0.79102,0.007825408;0.007888896;0.006450175999999999;0.00890368;0.008897536;0.00416256;0.007246848;0.026253312;0.04514304;0.056031232;0.07013273599999999;0.061042688;0.035212288;0.022394880000000002;0.017708032;0.01447424;0.01296384;0.019613696;0.037363712;0.057353216;0.080232448;0.08356352;0.06692659200000001;0.042742784;0.024419328;0.025964544000000003;0.017039359999999996;0.017479679999999997;0.015353855999999999;0.017184768;0.012533759999999998;0.013142016;0.009596928;0.006767616;0.008365056;0.010078208;0.011382784;0.011640832;0.005043199999999999;0.005569536;0.005692416;0.005423104000000001;0.007883776;0.00821248;0.008701952;0.006432768;0.0047810560000000005;0.00301568;0.0035532800000000002;0.003026944;0.002697216;0.0030535679999999996;0.003995648;0.0032583679999999998;0.003018752;0.003144704;0.0029839359999999995;0.003946496;0.0032604160000000004;0.00341504;0.0035829760000000003;0.0026644480000000003;0.0022026240000000002;0.002982912;0.0030371839999999996;0.001956864;0.002358272;0.003364864;0.003641344;0.002034688;0.0013783040000000001;0.001209344;0.001243136;0.001711104;0.0017725439999999998;0.002111488;0.0021032959999999997;0.001416192;0.0013240320000000002
1788466500,hdr,0.0293;0.03906;0.04883;0.05859;0.06836;0.07813;0.08789;0.09766;0.10742;0.11719;0.12695;0.13672;0.14648;0.15625;0.16602;0.17578;0.18555;0.19531;0.20508;0.21484;0.22461;0.23438;0.24414;0.25391;0.26367;0.27344;0.2832;0.29297;0.30273;0.3125;0.32227;0.33203;0.3418;0.35156;0.36133;0.37109;0.38086;0.39063;0.40039;0.41016;0.41992;0.42969;0.43945;0.44922;0.45898;0.46875;0.47852;0.48828;0.49805;0.50781;0.51758;0.52734;0.53711;0.54688;0.55664;0.56641;0.57617;0.58594;0.5957;0.60547;0.61523;0.625;0.63477;0.64453;0.6543;0.66406;0.67383;0.68359;0.69336;0.70313;0.71289;0.72266;0.73242;0.74219;0.75195;0.76172;0.77148;0.78125;0.79102,0.0028753920000000005;0.008889343999999999;0.006093823999999999;0.003779584;0.00611328;0.001933312;0.004089856;0.031054848;0.044595199999999995;0.051637248;0.06589030400000001;0.043393023999999995;0.05479936;0.043150336000000004;0.034219008;0.032792576;0.018500608;0.02013184;0.024675328;0.04183552;0.070946816;0.067273728;0.042102784;0.042422272;0.036558848;0.028519423999999998;0.019072;0.008966144;0.015096832;0.015167488000000002;0.009596928;0.011072512;0.011762688;0.008485887999999999;0.0045322240000000005;0.006147071999999999;0.00769536;0.005705728;0.007258112;0.0075724799999999995;0.006253567999999999;0.00592896;0.0070942719999999996;0.007042048;0.007258112;0.0057968640000000005;0.0067952640000000005;0.004677631999999999;0.003777536;0.006071296;0.005920768;0.003067904;0.0022476799999999997;0.002761728;0.0021862400000000003;0.001763328;0.002443264;0.0026296320000000002;0.0027504639999999998;0.002008064;0.002569216;0.003452928;0.002719744;0.002427904;0.002845696;0.002423808;0.00169472;0.001636352;0.002082816;0.00251904;0.0028876799999999997;0.001814528;0.0013209599999999997;0.0013690880000000003;0.001831936;0.0021821440000000004;0.0014858240000000002;0.001028096;0.0009205759999999999
1788467400,hdr,0.0293;0.03906;0.04883;0.05859;0.06836;0.07813;0.08789;0.09766;0.10742;0.11719;0.12695;0.13672;0.14648;0.15625;0.16602;0.17578;0.18555;0.19531;0.20508;0.21484;0.22461;0.23438;0.24414;0.25391;0.26367;0.27344;0.2832;0.29297;0.30273;0.3125;0.32227;0.33203;0.3418;0.35156;0.36133;0.37109;0.38086;0.39063;0.40039;0.41016;0.41992;0.42969;0.43945;0.44922;0.45898;0.46875;0.47852;0.48828;0.49805;0.50781;0.51758;0.52734;0.53711;0.54688;0.55664;0.56641;0.57617;0.58594;0.5957;0.60547;0.61523;0.625;0.63477;0.64453;0.6543;0.66406;0.67383;0.68359;0.69336;0.70313;0.71289;0.72266;0.73242;0.74219;0.75195;0.76172;0.77148;0.78125;0.79102,0.005014528;0.006331392;0.007095296;0.005958656;0.006542335999999999;0.0036382720000000006;0.009416704;0.026688511999999998;0.03483648;0.04118630399999999;0.052494335999999996;0.071607296;0.07391744;0.049895424;0.039726080000000004;0.031362048000000003;0.024912896;0.019636223999999997;0.044394496;0.050674688;0.060539904000000005;0.046403584000000005;0.044597248;0.034650112000000004;0.02958848;0.030176256;0.012339200000000002;0.008679424;0.010251264000000001;0.008558592;0.013124608;0.014542848;0.010153983999999998;0.008219648;0.012555264;0.012535807999999999;0.007979008000000001;0.009060352;0.008910848;0.0045373440000000004;0.0058347519999999995;0.005146624;0.004600831999999999;0.004675584;0.003810304;0.004677631999999999;0.00477696;0.004325376000000001;0.004077568;0.003325952;0.00480768;0.002700288;0.002890752;0.0025958400000000003;0.002015232;0.0028876799999999997;0.00329728;0.0029634559999999997;0.001997824;0.001741824;0.0017663999999999998;0.00131072;0.001073152;0.0017244159999999999;0.0022302719999999997;0.002163712;0.00111104;0.00133632;0.0017530879999999999;0.001700864;0.001997824;0.001409024;0.0013199359999999999;0.0011202559999999998;0.001502208;0.001462272;0.001330176;0.001396736;0.001210368
1788468300,hdr,0.0293;0.03906;0.04883;0.05859;0.06836;0.07813;0.08789;0.09766;0.10742;0.11719;0.12695;0.13672;0.14648;0.15625;0.16602;0.17578;0.18555;0.19531;0.20508;0.21484;0.22461;0.23438;0.24414;0.25391;0.26367;0.27344;0.2832;0.29297;0.30273;0.3125;0.32227;0.33203;0.3418;0.35156;0.36133;0.37109;0.38086;0.39063;0.40039;0.41016;0.41992;0.42969;0.43945;0.44922;0.45898;0.46875;0.47852;0.48828;0.49805;0.50781;0.51758;0.52734;0.53711;0.54688;0.55664;0.56641;0.57617;0.58594;0.5957;0.60547;0.61523;0.625;0.63477;0.64453;0.6543;0.66406;0.67383;0.68359;0.69336;0.70313;0.71289;0.72266;0.73242;0.74219;0.75195;0.76172;0.77148;0.78125;0.79102,0.004476928;0.00395264;0.003740672;0.007783424;0.0055582719999999995;0.0031139839999999998;0.006192128000000001;0.021636095999999997;0.023289856;0.041233408;0.062675968;0.074612736;0.053896192;0.048790528;0.060822528;0.08366489599999999;0.057703423999999996;0.02662912;0.028676096;0.044397568;0.054709248;0.063568896;0.029151232;0.025864191999999998;0.01982464;0.013233152;0.014729215999999998;0.014736384;0.012489727999999999;0.012831744;0.008617984;0.010145791999999999;0.010005504;0.005278720000000001;0.004777984000000001;0.00453632;0.0038266879999999995;0.005784576;0.006257664;0.004924416;0.005733376;0.007007232;0.005668864000000001;0.005197823999999999;0.00418304;0.004140032;0.004665344;0.003874816;0.002707456;0.001937408;0.001744896;0.00334848;0.003678208;0.00317952;0.002855936;0.002341888;0.001954816;0.001872896;0.00185344;0.00169984;0.001727488;0.001777664;0.0016906239999999997;0.00118784;0.001225728;0.0012646399999999998;0.0011417600000000001;0.001700864;0.0013987840000000001;0.000852992;0.0015984640000000002;0.002020352;0.001528832;0.00145408;0.001248256;0.001195008;0.00163328;0.001154048;0.000867328
1788469200,hdr,0.0293;0.03906;0.04883;0.05859;0.06836;0.07813;0.08789;0.09766;0.10742;0.11719;0.12695;0.13672;0.14648;0.15625;0.16602;0.17578;0.18555;0.19531;0.20508;0.21484;0.22461;0.23438;0.24414;0.25391;0.26367;0.27344;0.2832;0.29297;0.30273;0.3125;0.32227;0.33203;0.3418;0.35156;0.36133;0.37109;0.38086;0.39063;0.40039;0.41016;0.41992;0.42969;0.43945;0.44922;0.45898;0.46875;0.47852;0.48828;0.49805;0.50781;0.51758;0.52734;0.53711;0.54688;0.55664;0.56641;0.57617;0.58594;0.5957;0.60547;0.61523;0.625;0.63477;0.64453;0.6543;0.66406;0.67383;0.68359;0.69336;0.70313;0.71289;0.72266;0.73242;0.74219;0.75195;0.76172;0.77148;0.78125;0.79102,0.0043182080000000005;0.008543232;0.007518207999999999;0.005277696;0.008769536;0.006929408;0.007508992;0.016294912;0.029248512;0.040460288;0.078508032;0.10337382399999999;0.09309184000000001;0.06743244799999999;0.08274432000000001;0.06814822400000001;0.051099648000000004;0.041412608000000004;0.015581184000000001;0.029032448;0.032930816;0.054474752;0.065599488;0.047093760000000005;0.038767616;0.03956736;0.033143808;0.018198528;0.011283456;0.013064192;0.014814208;0.01529856;0.018036736;0.011840512000000001;0.009998336;0.008582144;0.008098815999999998;0.006403072;0.0068126720000000005;0.005307392;0.0045793280000000006;0.005484544;0.005389312;0.003279872;0.0029163519999999997;0.003521536;0.003161088;0.003121152;0.002505728;0.0029009920000000002;0.0023050239999999997;0.0027504639999999998;0.0019886079999999998;0.0016936960000000002;0.001388544;0.001189888;0.001405952;0.001376256;0.000898048;0.0008765439999999999;0.001258496;0.0017930239999999998;0.00269824;0.0023296;0.0015667199999999997;0.002184192;0.002197504;0.0015452159999999999;0.000768;0.0012247039999999999;0.001004544;0.001281024;0.001247232;0.00091648;0.001461248;0.001055744;0.0008447999999999999;0.000933888;0.000966656
1788470100,hdr,0.0293;0.03906;0.04883;0.05859;0.06836;0.07813;0.08789;0.09766;0.10742;0.11719;0.12695;0.13672;0.14648;0.15625;0.16602;0.17578;0.18555;0.19531;0.20508;0.21484;0.22461;0.23438;0.24414;0.25391;0.26367;0.27344;0.2832;0.29297;0.30273;0.3125;0.32227;0.33203;0.3418;0.35156;0.36133;0.37109;0.38086;0.39063;0.40039;0.41016;0.41992;0.42969;0.43945;0.44922;0.45898;0.46875;0.47852;0.48828;0.49805;0.50781;0.51758;0.52734;0.53711;0.54688;0.55664;0.56641;0.57617;0.58594;0.5957;0.60547;0.61523;0.625;0.63477;0.64453;0.6543;0.66406;0.67383;0.68359;0.69336;0.70313;0.71289;0.72266;0.73242;0.74219;0.75195;0.76172;0.77148;0.78125;0.79102,0.007892992;0.010269696;0.00991232;0.008261632000000001;0.006053888;0.005019648;0.009742335999999999;0.020994047999999998;0.039797759999999995;0.066746368;0.09667481600000001;0.1693184;0.16888115199999998;0.09381888;0.08468070400000001;0.092333056;0.078811136;0.063106048;0.040595455999999995;0.070152192;0.079143936;0.075466752;0.07866368;0.041811968;0.023501824;0.013939712;0.014439424000000001;0.012870656000000001;0.0142848;0.013580288;0.011451392;0.010839040000000001;0.012478464;0.011268096;0.004944896;0.00476672;0.007584768;0.0077711360000000005;0.006750208;0.003965952;0.005394432;0.004345856;0.004023296;0.004598784000000001;0.004498432;0.003401728;0.003926016;0.004031488000000001;0.003315712;0.003047424;0.002571264;0.001410048;0.002208768;0.0032174079999999997;0.002818048;0.0014940160000000001;0.001845248;0.002589696;0.00159744;0.0015411200000000002;0.001810432;0.001497088;0.001876992;0.001670144;0.001352704;0.001388544;0.001420288;0.000802816;0.0009144320000000001;0.0010199039999999999;0.000884736;0.000868352;0.001130496;0.001006592;0.000907264;0.001102848;0.0011120639999999998;0.000879616;0.000896
1788471000,hdr,0.0293;0.03906;0.04883;0.05859;0.06836;0.07813;0.08789;0.09766;0.10742;0.11719;0.12695;0.13672;0.14648;0.15625;0.16602;0.17578;0.18555;0.19531;0.20508;0.21484;0.22461;0.23438;0.24414;0.25391;0.26367;0.27344;0.2832;0.29297;0.30273;0.3125;0.32227;0.33203;0.3418;0.35156;0.36133;0.37109;0.38086;0.39063;0.40039;0.41016;0.41992;0.42969;0.43945;0.44922;0.45898;0.46875;0.47852;0.48828;0.49805;0.50781;0.51758;0.52734;0.53711;0.54688;0.55664;0.56641;0.57617;0.58594;0.5957;0.60547;0.61523;0.625;0.63477;0.64453;0.6543;0.66406;0.67383;0.68359;0.69336;0.70313;0.71289;0.72266;0.73242;0.74219;0.75195;0.76172;0.77148;0.78125;0.79102,0.003687424;0.006816768;0.006957056;0.008166399999999999;0.008453120000000001;0.003208192;0.004611072;0.025704448;0.035811328;0.048878592;0.092612608;0.131745792;0.14178406400000002;0.176889856;0.16953139200000003;0.09795072;0.098782208;0.126806016;0.08850944000000001;0.06857728;0.06626304000000001;0.07140761600000001;0.050916352000000005;0.039292928;0.036666368;0.025460736;0.018451456;0.014709759999999999;0.017196032;0.011908096000000002;0.008675328;0.008838144000000001;0.006272;0.00632832;0.005224448;0.0047104;0.008799232;0.007933952;0.008154112;0.007305216;0.006199296;0.004035584;0.004551680000000001;0.0040396799999999995;0.002832384;0.0020951040000000004;0.0024811519999999995;0.002548736;0.002881536;0.0033351680000000003;0.0017018880000000001;0.00185856;0.0021002239999999995;0.002069504;0.0021913600000000003;0.001410048;0.001632256;0.0017623040000000001;0.002077696;0.0015534079999999998;0.0010936319999999998;0.001374208;0.0014827520000000002;0.0011048960000000002;0.000720896;0.0008355839999999999;0.0010608640000000001;0.001221632;0.0012185600000000003;0.0011837439999999998;0.00110592;0.0009727999999999999;0.0013660159999999998;0.0011007999999999999;0.0009441279999999999;0.000910336;0.000807936;0.00108544;0.0013680639999999998
1788471900,hdr,0.0293;0.03906;0.04883;0.05859;0.06836;0.07813;0.08789;0.09766;0.10742;0.11719;0.12695;0.13672;0.14648;0.15625;0.16602;0.17578;0.18555;0.19531;0.20508;0.21484;0.22461;0.23438;0.24414;0.25391;0.26367;0.27344;0.2832;0.29297;0.30273;0.3125;0.32227;0.33203;0.3418;0.35156;0.36133;0.37109;0.38086;0.39063;0.40039;0.41016;0.41992;0.42969;0.43945;0.44922;0.45898;0.46875;0.47852;0.48828;0.49805;0.50781;0.51758;0.52734;0.53711;0.54688;0.55664;0.56641;0.57617;0.58594;0.5957;0.60547;0.61523;0.625;0.63477;0.64453;0.6543;0.66406;0.67383;0.68359;0.69336;0.70313;0.71289;0.72266;0.73242;0.74219;0.75195;0.76172;0.77148;0.78125;0.79102,0.003464192;0.015378432000000001;0.015458304;0.007007232;0.007112704;0.0054435840000000004;0.007036928;0.023826432;0.041629696;0.049156095999999996;0.05857792;0.077606912;0.188053504;0.275549184;0.23151411200000002;0.215431168;0.22684774400000002;0.11610316799999999;0.08232447999999999;0.077845504;0.084214784;0.045394944000000007;0.037348352;0.032733184;0.020974592;0.02985984;0.019918848000000003;0.015366144;0.020598784;0.01887744;0.010607616;0.007006208;0.007888896;0.009151488000000001;0.0064645119999999995;0.00794112;0.01235968;0.008358912;0.005541888;0.005213184;0.0057026559999999995;0.005149696;0.00283136;0.0031979519999999996;0.003531776;0.0046766080000000005;0.005619712;0.004709376;0.0029593600000000003;0.0031098880000000003;0.00302592;0.0018135039999999999;0.001273856;0.002596864;0.0024903679999999997;0.00064;0.00113152;0.001188864;0.0012707839999999998;0.0012625919999999999;0.000990208;0.001293312;0.0011468799999999999;0.0011909120000000001;0.0012318720000000002;0.0008151040000000001;0.00082944;0.0009594880000000001;0.000692224;0.00107008;0.001425408;0.001406976;0.001022976;0.001110016;0.000982016;0.000611328;0.000648192;0.000987136;0.001000448
1788472800,hdr,0.0293;0.03906;0.04883;0.05859;0.06836;0.07813;0.08789;0.09766;0.10742;0.11719;0.12695;0.13672;0.14648;0.15625;0.16602;0.17578;0.18555;0.19531;0.20508;0.21484;0.22461;0.23438;0.24414;0.25391;0.26367;0.27344;0.2832;0.29297;0.30273;0.3125;0.32227;0.33203;0.3418;0.35156;0.36133;0.37109;0.38086;0.39063;0.40039;0.41016;0.41992;0.42969;0.43945;0.44922;0.45898;0.46875;0.47852;0.48828;0.49805;0.50781;0.51758;0.52734;0.53711;0.54688;0.55664;0.56641;0.57617;0.58594;0.5957;0.60547;0.61523;0.625;0.63477;0.64453;0.6543;0.66406;0.67383;0.68359;0.69336;0.70313;0.71289;0.72266;0.73242;0.74219;0.75195;0.76172;0.77148;0.78125;0.79102,0.003515392;0.007706624;0.007872512;0.008492032;0.008937472;0.0034334720000000003;0.005960704;0.019912704;0.040205312;0.05415424;0.08270540800000001;0.129132544;0.19565260799999998;0.326817792;0.542529536;0.49556582400000004;0.188616704;0.1138944;0.12675788799999999;0.080222208;0.073695232;0.044591104;0.035986432;0.045937663999999996;0.019910656;0.029802496;0.03228672;0.019394559999999998;0.011821056;0.015294464;0.018845696;0.011577344000000002;0.010011648;0.014306304;0.011422719999999999;0.005376;0.005261312;0.006719488;0.005740544;0.003678208;0.0045424639999999995;0.005855232;0.005374976000000001;0.004675584;0.003480576;0.003694592;0.004178944;0.00280064;0.002019328;0.001810432;0.0022394880000000004;0.0020490240000000004;0.002229248;0.001903616;0.0021299199999999996;0.001847296;0.0013946879999999998;0.0011202559999999998;0.0012462080000000002;0.003462144;0.0030873599999999995;0.001425408;0.0016670720000000001;0.002067456;0.001799168;0.001806336;0.00098816;0.001380352;0.00159232;0.0012001280000000002;0.0010803199999999998;0.00097792;0.001016832;0.001117184;0.0011243520000000001;0.001004544;0.001021952;0.000878592;0.0007393279999999999
1788473700,hdr,0.0293;0.03906;0.04883;0.05859;0.06836;0.07813;0.08789;0.09766;0.10742;0.11719;0.12695;0.13672;0.14648;0.15625;0.16602;0.17578;0.18555;0.19531;0.20508;0.21484;0.22461;0.23438;0.24414;0.25391;0.26367;0.27344;0.2832;0.29297;0.30273;0.3125;0.32227;0.33203;0.3418;0.35156;0.36133;0.37109;0.38086;0.39063;0.40039;0.41016;0.41992;0.42969;0.43945;0.44922;0.45898;0.46875;0.47852;0.48828;0.49805;0.50781;0.51758;0.52734;0.53711;0.54688;0.55664;0.56641;0.57617;0.58594;0.5957;0.60547;0.61523;0.625;0.63477;0.64453;0.6543;0.66406;0.67383;0.68359;0.69336;0.70313;0.71289;0.72266;0.73242;0.74219;0.75195;0.76172;0.77148;0.78125;0.79102,0.0019773440000000002;0.0031784960000000003;0.002226176;0.005467136;0.008708096;0.003167232;0.001839104;0.012556288;0.033665024;0.054054912000000004;0.072082432;0.141191168;0.16306380799999998;0.331896832;0.414993408;0.395875328;0.28763955199999997;0.155362304;0.07958016;0.090124288;0.090919936;0.08399769600000001;0.05847552;0.043383808;0.024477696;0.018280448;0.023069696;0.029203456;0.019516416;0.022729728;0.022403072;0.01591808;0.013333504;0.008521728;0.011145216000000001;0.012611584;0.009748480000000002;0.006754304;0.007120896;0.0051025919999999995;0.0036280320000000002;0.00383488;0.0034048;0.003997696;0.0035205120000000004;0.0027822079999999996;0.001816576;0.0019517439999999998;0.0025528319999999997;0.0025333760000000004;0.00269824;0.0033812479999999995;0.0033146879999999997;0.0028876799999999997;0.003002368;0.002131968;0.001948672;0.0022814719999999997;0.001927168;0.0014243840000000001;0.001537024;0.001538048;0.0017930239999999998;0.00160256;0.002052096;0.001472512;0.001250304;0.0012359679999999998;0.0012001280000000002;0.0009359360000000001;0.001316864;0.001086464;0.001127424;0.000999424;0.000903168;0.001011712;0.00105472;0.00123392;0.001296384
1788474600,hdr,0.0293;0.03906;0.04883;0.05859;0.06836;0.07813;0.08789;0.09766;0.10742;0.11719;0.12695;0.13672;0.14648;0.15625;0.16602;0.17578;0.18555;0.19531;0.20508;0.21484;0.22461;0.23438;0.24414;0.25391;0.26367;0.27344;0.2832;0.29297;0.30273;0.3125;0.32227;0.33203;0.3418;0.35156;0.36133;0.37109;0.38086;0.39063;0.40039;0.41016;0.41992;0.42969;0.43945;0.44922;0.45898;0.46875;0.47852;0.48828;0.49805;0.50781;0.51758;0.52734;0.53711;0.54688;0.55664;0.56641;0.57617;0.58594;0.5957;0.60547;0.61523;0.625;0.63477;0.64453;0.6543;0.66406;0.67383;0.68359;0.69336;0.70313;0.71289;0.72266;0.73242;0.74219;0.75195;0.76172;0.77148;0.78125;0.79102,0.003084288;0.00513536;0.006687744000000001;0.009524224;0.009795584000000001;0.004097024;0.001742848;0.009964544;0.030032896;0.05470310400000001;0.120920064;0.23314739199999998;0.34364108800000004;0.40051712;0.34215014400000004;0.236333056;0.34215321600000004;0.198172672;0.13107507200000001;0.097707008;0.080830464;0.045520896;0.055937023999999995;0.05215232;0.045369344;0.030067712;0.021947392;0.023042048000000002;0.018888704000000003;0.01087488;0.012165120000000001;0.012249088;0.013818879999999999;0.011506688;0.0152576;0.014994431999999999;0.011650048000000001;0.005618688;0.0057999359999999995;0.005842944;0.00553984;0.005495808;0.006131712;0.005163008;0.003452928;0.004534272;0.003733504;0.0029061119999999998;0.0031016959999999997;0.0022538239999999998;0.00258048;0.003813376;0.004158464;0.003456;0.002225152;0.0014233599999999998;0.002199552;0.0025344;0.002131968;0.00206848;0.001746944;0.0014243840000000001;0.001174528;0.0014448640000000001;0.001528832;0.00239104;0.00214016;0.001298432;0.0017152;0.001728512;0.0013547519999999999;0.0024064;0.0018442240000000002;0.000915456;0.000730112;0.001026048;0.001132544;0.0011161600000000002;0.001599488
1788475500,hdr,0.0293;0.03906;0.04883;0.05859;0.06836;0.07813;0.08789;0.09766;0.10742;0.11719;0.12695;0.13672;0.14648;0.15625;0.16602;0.17578;0.18555;0.19531;0.20508;0.21484;0.22461;0.23438;0.24414;0.25391;0.26367;0.27344;0.2832;0.29297;0.30273;0.3125;0.32227;0.33203;0.3418;0.35156;0.36133;0.37109;0.38086;0.39063;0.40039;0.41016;0.41992;0.42969;0.43945;0.44922;0.45898;0.46875;0.47852;0.48828;0.49805;0.50781;0.51758;0.52734;0.53711;0.54688;0.55664;0.56641;0.57617;0.58594;0.5957;0.60547;0.61523;0.625;0.63477;0.64453;0.6543;0.66406;0.67383;0.68359;0.69336;0.70313;0.71289;0.72266;0.73242;0.74219;0.75195;0.76172;0.77148;0.78125;0.79102,0.00414208;0.00889344;0.006228992;0.007841792;0.008819712000000002;0.006228992;0.00590848;0.026009599999999997;0.033491968000000004;0.04760064;0.12192153600000001;0.279904256;0.283546624;0.2961664;0.285546496;0.35208703999999996;0.285536256;0.180154368;0.108445696;0.07549644800000001;0.072137728;0.04944384;0.032924672;0.029262848;0.036609024;0.041674752;0.029285376000000002;0.02225664;0.01536;0.013131776;0.012183552000000002;0.007707648;0.009061375999999998;0.011242496;0.008650752000000001;0.007858176;0.008419328;0.006133759999999999;0.00460288;0.002960384;0.0027904;0.002977792;0.00339968;0.00544768;0.004005887999999999;0.003096576;0.0027648;0.002725888;0.0025989119999999997;0.0020981759999999998;0.002742272;0.0031979519999999996;0.003063808;0.0028344320000000004;0.002244608;0.0023019520000000003;0.002700288;0.003447808;0.0020633599999999998;0.001404928;0.001263616;0.00109056;0.002286592;0.00249344;0.002980864;0.0017152;0.00137728;0.001294336;0.001185792;0.00123904;0.001253376;0.0012605440000000002;0.001626112;0.001604608;0.0012001280000000002;0.0011366400000000002;0.0013035520000000001;0.001636352;0.001769472
1788476400,hdr,0.0293;0.03906;0.04883;0.05859;0.06836;0.07813;0.08789;0.09766;0.10742;0.11719;0.12695;0.13672;0.14648;0.15625;0.16602;0.17578;0.18555;0.19531;0.20508;0.21484;0.22461;0.23438;0.24414;0.25391;0.26367;0.27344;0.2832;0.29297;0.30273;0.3125;0.32227;0.33203;0.3418;0.35156;0.36133;0.37109;0.38086;0.39063;0.40039;0.41016;0.41992;0.42969;0.43945;0.44922;0.45898;0.46875;0.47852;0.48828;0.49805;0.50781;0.51758;0.52734;0.53711;0.54688;0.55664;0.56641;0.57617;0.58594;0.5957;0.60547;0.61523;0.625;0.63477;0.64453;0.6543;0.66406;0.67383;0.68359;0.69336;0.70313;0.71289;0.72266;0.73242;0.74219;0.75195;0.76172;0.77148;0.78125;0.79102,0.0036843519999999997;0.0054609920000000005;0.0045312;0.004964352;0.002159616;0.00508416;0.008004608;0.010399744;0.025036799999999998;0.03160576;0.046705663999999994;0.10386432000000001;0.23751372799999998;0.39856537599999997;0.32575488;0.37949952000000003;0.42750361600000003;0.331374592;0.13523865599999998;0.110112768;0.063162368;0.044333055999999996;0.046260224;0.036256768;0.031876096;0.046507008;0.017913856;0.017626111999999996;0.01355776;0.016372736;0.014175232;0.01197568;0.01399808;0.015099904;0.007834624;0.0064768000000000004;0.007701504;0.008621055999999998;0.008111104;0.009240576;0.007410688;0.007414784;0.0058839040000000006;0.005147648;0.00781824;0.0053688320000000005;0.003129344;0.0035778560000000004;0.004383743999999999;0.0026234879999999998;0.003040256;0.003048448;0.002369536;0.0021032959999999997;0.002640896;0.00272384;0.0027013120000000004;0.0027863040000000003;0.00231424;0.002742272;0.0029593600000000003;0.002904064;0.002407424;0.002180096;0.001905664;0.001296384;0.0010465279999999997;0.001084416;0.00159744;0.001343488;0.001040384;0.001143808;0.001158144;0.00221696;0.001731584;0.001154048;0.001159168;0.000740352;0.001468416
1788477300,hdr,0.0293;0.03906;0.04883;0.05859;0.06836;0.07813;0.08789;0.09766;0.10742;0.11719;0.12695;0.13672;0.14648;0.15625;0.16602;0.17578;0.18555;0.19531;0.20508;0.21484;0.22461;0.23438;0.24414;0.25391;0.26367;0.27344;0.2832;0.29297;0.30273;0.3125;0.32227;0.33203;0.3418;0.35156;0.36133;0.37109;0.38086;0.39063;0.40039;0.41016;0.41992;0.42969;0.43945;0.44922;0.45898;0.46875;0.47852;0.48828;0.49805;0.50781;0.51758;0.52734;0.53711;0.54688;0.55664;0.56641;0.57617;0.58594;0.5957;0.60547;0.61523;0.625;0.63477;0.64453;0.6543;0.66406;0.67383;0.68359;0.69336;0.70313;0.71289;0.72266;0.73242;0.74219;0.75195;0.76172;0.77148;0.78125;0.79102,0.001496064;0.004216832;0.003442688;0.003004416;0.004658176;0.00180224;0.0025856;0.016359424;0.027079680000000002;0.046513151999999995;0.095255552;0.113404928;0.19344896;0.365033472;0.373018624;0.388681728;0.318670848;0.21568409600000002;0.172329984;0.140324864;0.12737024;0.063650816;0.030987264;0.029339648;0.024571904;0.024197120000000003;0.025725952;0.019857408;0.020683776;0.019452928;0.016231424;0.013309952;0.016809984;0.007018496;0.015367168;0.011689984;0.00767488;0.0055930879999999995;0.0061757439999999995;0.0063232;0.005732352;0.005844992;0.007112704;0.007258112;0.004670464;0.005235712000000001;0.00229888;0.0016609279999999999;0.0034406400000000005;0.003596288;0.002571264;0.003555328;0.0045670400000000005;0.002502656;0.002435072;0.002960384;0.002125824;0.0020736;0.001837056;0.002568192;0.0026245120000000003;0.0018135039999999999;0.0017684480000000002;0.0019046400000000002;0.001574912;0.00152576;0.0021667839999999997;0.001967104;0.001512448;0.0015063040000000002;0.00167424;0.001313792;0.001373184;0.001344512;0.001180672;0.001442816;0.0013895679999999999;0.001184768;0.00137216
1788478200,hdr,0.0293;0.03906;0.04883;0.05859;0.06836;0.07813;0.08789;0.09766;0.10742;0.11719;0.12695;0.13672;0.14648;0.15625;0.16602;0.17578;0.18555;0.19531;0.20508;0.21484;0.22461;0.23438;0.24414;0.25391;0.26367;0.27344;0.2832;0.29297;0.30273;0.3125;0.32227;0.33203;0.3418;0.35156;0.36133;0.37109;0.38086;0.39063;0.40039;0.41016;0.41992;0.42969;0.43945;0.44922;0.45898;0.46875;0.47852;0.48828;0.49805;0.50781;0.51758;0.52734;0.53711;0.54688;0.55664;0.56641;0.57617;0.58594;0.5957;0.60547;0.61523;0.625;0.63477;0.64453;0.6543;0.66406;0.67383;0.68359;0.69336;0.70313;0.71289;0.72266;0.73242;0.74219;0.75195;0.76172;0.77148;0.78125;0.79102,0.001134592;0.004466688;0.004738048;0.006422528;0.005618688;0.0016179200000000001;0.0022323200000000003;0.01913856;0.030000128;0.045497343999999995;0.08987955200000002;0.178439168;0.321713152;0.327254016;0.41573990400000005;0.41216;0.245052416;0.261108736;0.197433344;0.13866393600000002;0.13392588799999997;0.10944716800000001;0.045940736;0.033502208000000006;0.034992128000000004;0.034520063999999996;0.03789312;0.029928448;0.020337664000000002;0.016811008000000002;0.015469568000000001;0.013331456;0.020810752000000002;0.0132096;0.009754624;0.00916992;0.009284608;0.010612736000000001;0.011229184;0.009486336;0.008312832000000001;0.004440064;0.005200896000000001;0.007386112;0.00546304;0.0038656000000000003;0.004896768;0.005338112;0.004325376000000001;0.003254272;0.002961408;0.00183296;0.001839104;0.0034488319999999998;0.003579904;0.00202752;0.002427904;0.0025579519999999996;0.0024719359999999997;0.0024340480000000003;0.0017735679999999999;0.001618944;0.00192;0.001385472;0.001917952;0.002321408;0.002081792;0.0015892480000000001;0.0018237440000000002;0.002275328;0.00159744;0.001446912;0.0015769599999999999;0.001911808;0.001610752;0.00150528;0.000894976;0.0012052480000000001;0.001181696
1788479100,hdr,0.0293;0.03906;0.04883;0.05859;0.06836;0.07813;0.08789;0.09766;0.10742;0.11719;0.12695;0.13672;0.14648;0.15625;0.16602;0.17578;0.18555;0.19531;0.20508;0.21484;0.22461;0.23438;0.24414;0.25391;0.26367;0.27344;0.2832;0.29297;0.30273;0.3125;0.32227;0.33203;0.3418;0.35156;0.36133;0.37109;0.38086;0.39063;0.40039;0.41016;0.41992;0.42969;0.43945;0.44922;0.45898;0.46875;0.47852;0.48828;0.49805;0.50781;0.51758;0.52734;0.53711;0.54688;0.55664;0.56641;0.57617;0.58594;0.5957;0.60547;0.61523;0.625;0.63477;0.64453;0.6543;0.66406;0.67383;0.68359;0.69336;0.70313;0.71289;0.72266;0.73242;0.74219;0.75195;0.76172;0.77148;0.78125;0.79102,0.0019824639999999998;0.003263488;0.004535295999999999;0.006828032;0.003622912;0.003093504;0.0030904319999999997;0.023634943999999998;0.035885056;0.039898112;0.063491072;0.116038656;0.32687104;0.420206592;0.326529024;0.280100864;0.1979648;0.12879872;0.135310336;0.094297088;0.105740288;0.086003712;0.038410240000000005;0.040961024000000006;0.029591552;0.018312191999999998;0.021743615999999997;0.022004736;0.021259264000000003;0.02003968;0.014205951999999999;0.011523072;0.01112064;0.01035776;0.008162304;0.008480768;0.009913344000000001;0.006344704;0.005990400000000001;0.008818688;0.006571008;0.005283839999999999;0.006030336;0.008427519999999999;0.003960832;0.005179392;0.003847168;0.00383488;0.003351552;0.003556352;0.002803712;0.002197504;0.002310144;0.002982912;0.00194048;0.002236416;0.002373632;0.002362368;0.0013783040000000001;0.001670144;0.00185344;0.0018944;0.002221056;0.0019087359999999999;0.001457152;0.002071552;0.001969152;0.00162816;0.0017408;0.001352704;0.000852992;0.00093696;0.0012953600000000002;0.0011837439999999998;0.0010014719999999998;0.00175104;0.001288192;0.000770048;0.000932864
