Epoch Time,Processing Source,f,varianceDensity
1789776000,hdr,0.0293;0.03906;0.04883;0.05859;0.06836;0.07813;0.08789;0.09766;0.10742;0.11719;0.12695;0.13672;0.14648;0.15625;0.16602;0.17578;0.18555;0.19531;0.20508;0.21484;0.22461;0.23438;0.24414;0.25391;0.26367;0.27344;0.2832;0.29297;0.30273;0.3125;0.32227;0.33203;0.3418;0.35156;0.36133;0.37109;0.38086;0.39063;0.40039;0.41016;0.41992;0.42969;0.43945;0.44922;0.45898;0.46875;0.47852;0.48828;0.49805;0.50781;0.51758;0.52734;0.53711;0.54688;0.55664;0.56641;0.57617;0.58594;0.5957;0.60547;0.61523;0.625;0.63477;0.64453;0.6543;0.66406;0.67383;0.68359;0.69336;0.70313;0.71289;0.72266;0.73242;0.74219;0.75195;0.76172;0.77148;0.78125;0.79102,0.004427776;0.012230656;0.00794624;0.005442560000000001;0.01217024;0.032656384000000004;0.039148544;0.019613696;0.018215936;0.037974016;0.060213248;0.03729715199999999;0.021584896;0.014787584000000001;0.018081792000000003;0.012336128;0.008510464;0.006728703999999999;0.005658624;0.005696512000000001;0.004232192;0.004155392;0.0025262080000000003;0.002596864;0.002405376;0.001846272;0.0021217280000000002;0.0014233599999999998;0.00119296;0.0013004800000000001;0.0013199359999999999;0.001509376;0.001529856;0.0012400640000000001;0.000996352;0.0011417600000000001;0.0011837439999999998;0.001176576;0.0012032;0.0013199359999999999;0.0011601919999999998;0.001234944;0.001655808;0.0021207039999999997;0.00175104;0.00229888;0.00314368;0.0034181119999999996;0.005136384;0.005651455999999999;0.006076416;0.0074874880000000005;0.00643584;0.007703552000000001;0.0073216;0.006375424;0.0063723519999999995;0.004992;0.005231616;0.003477504;0.005174272;0.005694464;0.004902912;0.004549632;0.0023818240000000003;0.00273408;0.0022558720000000003;0.003460096;0.0025743360000000004;0.0028927999999999996;0.003221504;0.002542592;0.002464768;0.002072576;0.002760704;0.002185216;0.0014796800000000001;0.00134656;0.00171008
1789776900,hdr,0.0293;0.03906;0.04883;0.05859;0.06836;0.07813;0.08789;0.09766;0.10742;0.11719;0.12695;0.13672;0.14648;0.15625;0.16602;0.17578;0.18555;0.19531;0.20508;0.21484;0.22461;0.23438;0.24414;0.25391;0.26367;0.27344;0.2832;0.29297;0.30273;0.3125;0.32227;0.33203;0.3418;0.35156;0.36133;0.37109;0.38086;0.39063;0.40039;0.41016;0.41992;0.42969;0.43945;0.44922;0.45898;0.46875;0.47852;0.48828;0.49805;0.50781;0.51758;0.52734;0.53711;0.54688;0.55664;0.56641;0.57617;0.58594;0.5957;0.60547;0.61523;0.625;0.63477;0.64453;0.6543;0.66406;0.67383;0.68359;0.69336;0.70313;0.71289;0.72266;0.73242;0.74219;0.75195;0.76172;0.77148;0.78125;0.79102,0.0026009600000000003;0.007638016000000001;0.010079232;0.005612544;0.012094464;0.047186943999999995;0.044216319999999996;0.011070464;0.018839552;0.021746687999999997;0.023049216;0.016233472;0.013584384;0.022028288;0.013018112000000002;0.009516031999999999;0.006654976;0.002671616;0.0036730879999999997;0.005716992000000001;0.004464640000000001;0.00493056;0.004326399999999999;0.001872896;0.001343488;0.001659904;0.0014796800000000001;0.001010688;0.001692672;0.001376256;0.001220608;0.0016435199999999999;0.001293312;0.0011673599999999999;0.00146432;0.0010516479999999999;0.001016832;0.000854016;0.000662528;0.0008151040000000001;0.0007014399999999999;0.0007290879999999999;0.000879616;0.000679936;0.0006912;0.001180672;0.0016291839999999999;0.00181248;0.00222208;0.002280448;0.0018360320000000002;0.0030300159999999995;0.003362816;0.0032174079999999997;0.003658752;0.00516608;0.003422208;0.004252672;0.00671744;0.006651904;0.003912704;0.003129344;0.002890752;0.002550784;0.002096128;0.001550336;0.0018257920000000001;0.001572864;0.002089984;0.0020756480000000002;0.002070528;0.0021913600000000003;0.001626112;0.001164288;0.001082368;0.000912384;0.0010455039999999998;0.0012687360000000001;0.001316864
1789777800,hdr,0.0293;0.03906;0.04883;0.05859;0.06836;0.07813;0.08789;0.09766;0.10742;0.11719;0.12695;0.13672;0.14648;0.15625;0.16602;0.17578;0.18555;0.19531;0.20508;0.21484;0.22461;0.23438;0.24414;0.25391;0.26367;0.27344;0.2832;0.29297;0.30273;0.3125;0.32227;0.33203;0.3418;0.35156;0.36133;0.37109;0.38086;0.39063;0.40039;0.41016;0.41992;0.42969;0.43945;0.44922;0.45898;0.46875;0.47852;0.48828;0.49805;0.50781;0.51758;0.52734;0.53711;0.54688;0.55664;0.56641;0.57617;0.58594;0.5957;0.60547;0.61523;0.625;0.63477;0.64453;0.6543;0.66406;0.67383;0.68359;0.69336;0.70313;0.71289;0.72266;0.73242;0.74219;0.75195;0.76172;0.77148;0.78125;0.79102,0.009327616;0.018237439999999997;0.014958591999999998;0.008037376;0.00760832;0.021630976;0.03480064;0.022211584;0.019185664;0.01324032;0.023579647999999998;0.023671807999999996;0.020327424;0.020950016000000002;0.013024256;0.010220544;0.008722431999999999;0.0050104319999999996;0.003877888;0.004447232;0.0049664;0.001967104;0.0018278399999999998;0.003530752;0.002761728;0.002143232;0.002482176;0.002321408;0.0018964479999999998;0.002300928;0.0015656959999999999;0.000826368;0.001557504;0.001480704;0.0013219840000000002;0.0013117439999999999;0.00101376;0.000666624;0.001069056;0.000897024;0.0006850560000000001;0.001099776;0.001089536;0.00101888;0.000966656;0.0006737919999999999;0.001139712;0.0020981759999999998;0.001816576;0.001833984;0.001593344;0.002766848;0.003152896;0.0030822400000000004;0.004159487999999999;0.00430592;0.004344832000000001;0.00562688;0.004381696;0.003371008;0.005069824;0.0065791999999999995;0.005547008;0.003218432;0.003103744;0.00239104;0.002164736;0.0022978559999999996;0.0021452800000000003;0.0016895999999999999;0.00226816;0.001540096;0.0012369920000000001;0.0013547519999999999;0.001097728;0.0013148160000000001;0.001721344;0.001631232;0.001241088
1789778700,hdr,0.0293;0.03906;0.04883;0.05859;0.06836;0.07813;0.08789;0.09766;0.10742;0.11719;0.12695;0.13672;0.14648;0.15625;0.16602;0.17578;0.18555;0.19531;0.20508;0.21484;0.22461;0.23438;0.24414;0.25391;0.26367;0.27344;0.2832;0.29297;0.30273;0.3125;0.32227;0.33203;0.3418;0.35156;0.36133;0.37109;0.38086;0.39063;0.40039;0.41016;0.41992;0.42969;0.43945;0.44922;0.45898;0.46875;0.47852;0.48828;0.49805;0.50781;0.51758;0.52734;0.53711;0.54688;0.55664;0.56641;0.57617;0.58594;0.5957;0.60547;0.61523;0.625;0.63477;0.64453;0.6543;0.66406;0.67383;0.68359;0.69336;0.70313;0.71289;0.72266;0.73242;0.74219;0.75195;0.76172;0.77148;0.78125;0.79102,0.010274815999999999;0.02940416;0.030528511999999997;0.016485376;0.015951872;0.027860991999999998;0.036503551999999995;0.01801216;0.018661376;0.023207936000000002;0.029566976;0.025010176;0.015558655999999999;0.013839359999999998;0.016311296;0.007489536;0.005105663999999999;0.00295424;0.004315136;0.004530176;0.004425728;0.003535872;0.0030330879999999998;0.0025937919999999997;0.0021985280000000004;0.0017121280000000003;0.001789952;0.001722368;0.001282048;0.000873472;0.0015431680000000001;0.002553856;0.001593344;0.00194048;0.001790976;0.000982016;0.0011489279999999998;0.001133568;0.000714752;0.0008386559999999999;0.00126976;0.000964608;0.000760832;0.0009564160000000001;0.0017039359999999999;0.001837056;0.001337344;0.0013148160000000001;0.00116224;0.000764928;0.001388544;0.001770496;0.0020398079999999997;0.0019148799999999999;0.002823168;0.0031887359999999997;0.003469312;0.0042137599999999996;0.004400128;0.005255168;0.00498688;0.004554752;0.00313856;0.002477056;0.0022712319999999998;0.0018216959999999998;0.001763328;0.001292288;0.00139776;0.001626112;0.002040832;0.002013184;0.001816576;0.001668096;0.00146944;0.0010608640000000001;0.0013680639999999998;0.001373184;0.0010833919999999999
1789780500,hdr,0.0293;0.03906;0.04883;0.05859;0.06836;0.07813;0.08789;0.09766;0.10742;0.11719;0.12695;0.13672;0.14648;0.15625;0.16602;0.17578;0.18555;0.19531;0.20508;0.21484;0.22461;0.23438;0.24414;0.25391;0.26367;0.27344;0.2832;0.29297;0.30273;0.3125;0.32227;0.33203;0.3418;0.35156;0.36133;0.37109;0.38086;0.39063;0.40039;0.41016;0.41992;0.42969;0.43945;0.44922;0.45898;0.46875;0.47852;0.48828;0.49805;0.50781;0.51758;0.52734;0.53711;0.54688;0.55664;0.56641;0.57617;0.58594;0.5957;0.60547;0.61523;0.625;0.63477;0.64453;0.6543;0.66406;0.67383;0.68359;0.69336;0.70313;0.71289;0.72266;0.73242;0.74219;0.75195;0.76172;0.77148;0.78125;0.79102,0.001856512;0.005820416;0.012409856;0.010049536;0.012490752;0.024388608;0.03441152;0.014800896000000001;0.010042368000000001;0.030787584;0.047560703999999995;0.03648;0.018781184;0.012089344;0.008095744;0.005097472;0.004458496;0.006091776000000001;0.005126144;0.003844096;0.0037048320000000004;0.00383488;0.0025364479999999997;0.001837056;0.0019527680000000001;0.001990656;0.001901568;0.001097728;0.0011212799999999999;0.0008663039999999999;0.0012400640000000001;0.00180736;0.001307648;0.0009973760000000001;0.0011407359999999998;0.0006737919999999999;0.000676864;0.0009697280000000001;0.001137664;0.000996352;0.000872448;0.0005888;0.000999424;0.0010465279999999997;0.0008202239999999999;0.000720896;0.0006277120000000001;0.000937984;0.0011366400000000002;0.000825344;0.000900096;0.0010680320000000002;0.001063936;0.00093696;0.0009984;0.001061888;0.0009625599999999999;0.001202176;0.0007096320000000001;0.000525312;0.0008110079999999999;0.000949248;0.0008069119999999999;0.001097728;0.001061888;0.000900096;0.000766976;0.0008591359999999999;0.000980992;0.0011366400000000002;0.001461248;0.001927168;0.0017305600000000001;0.001795072;0.00247808;0.00180224;0.001498112;0.00134656;0.001490944
1789781400,hdr,0.0293;0.03906;0.04883;0.05859;0.06836;0.07813;0.08789;0.09766;0.10742;0.11719;0.12695;0.13672;0.14648;0.15625;0.16602;0.17578;0.18555;0.19531;0.20508;0.21484;0.22461;0.23438;0.24414;0.25391;0.26367;0.27344;0.2832;0.29297;0.30273;0.3125;0.32227;0.33203;0.3418;0.35156;0.36133;0.37109;0.38086;0.39063;0.40039;0.41016;0.41992;0.42969;0.43945;0.44922;0.45898;0.46875;0.47852;0.48828;0.49805;0.50781;0.51758;0.52734;0.53711;0.54688;0.55664;0.56641;0.57617;0.58594;0.5957;0.60547;0.61523;0.625;0.63477;0.64453;0.6543;0.66406;0.67383;0.68359;0.69336;0.70313;0.71289;0.72266;0.73242;0.74219;0.75195;0.76172;0.77148;0.78125;0.79102,0.0039424;0.012108800000000001;0.01003008;0.006612992;0.011000832;0.03093504;0.063064064;0.034008064;0.006160384;0.017149951999999996;0.032790528;0.027404288;0.016777216;0.01439744;0.005572608000000001;0.003472384;0.003922944;0.003057664;0.0025047039999999995;0.002614272;0.0027136;0.0015677439999999998;0.002605056;0.002440192;0.0018995200000000002;0.00119808;0.0012646399999999998;0.001188864;0.0014172160000000002;0.001159168;0.0014530559999999999;0.001103872;0.0018012159999999998;0.0012707839999999998;0.001209344;0.00108544;0.0007946240000000001;0.000621568;0.0005744639999999999;0.000576512;0.000702464;0.000905216;0.0006973439999999999;0.0007075839999999999;0.000857088;0.0009216000000000001;0.00101888;0.000766976;0.0009021439999999999;0.0014243840000000001;0.0019394560000000002;0.00169472;0.001101824;0.001056768;0.001775616;0.001752064;0.001532928;0.001186816;0.0011427840000000002;0.0011202559999999998;0.001645568;0.0026327039999999996;0.0025958400000000003;0.0016250880000000002;0.00145408;0.0015872;0.00180224;0.002801664;0.002847744;0.0034406400000000005;0.0027392;0.003232768;0.00253952;0.002656256;0.00236544;0.0028057599999999996;0.001989632;0.001726464;0.002051072
1789782300,hdr,0.0293;0.03906;0.04883;0.05859;0.06836;0.07813;0.08789;0.09766;0.10742;0.11719;0.12695;0.13672;0.14648;0.15625;0.16602;0.17578;0.18555;0.19531;0.20508;0.21484;0.22461;0.23438;0.24414;0.25391;0.26367;0.27344;0.2832;0.29297;0.30273;0.3125;0.32227;0.33203;0.3418;0.35156;0.36133;0.37109;0.38086;0.39063;0.40039;0.41016;0.41992;0.42969;0.43945;0.44922;0.45898;0.46875;0.47852;0.48828;0.49805;0.50781;0.51758;0.52734;0.53711;0.54688;0.55664;0.56641;0.57617;0.58594;0.5957;0.60547;0.61523;0.625;0.63477;0.64453;0.6543;0.66406;0.67383;0.68359;0.69336;0.70313;0.71289;0.72266;0.73242;0.74219;0.75195;0.76172;0.77148;0.78125;0.79102,0.003447808;0.004849664;0.000723968;0.003818496;0.01013248;0.016105472;0.026479616;0.014818304000000001;0.00735232;0.016098303999999997;0.024922111999999996;0.017101824;0.007627776;0.007018496;0.003986432;0.0033105920000000002;0.0036433919999999996;0.0028692479999999996;0.002932736;0.002304;0.0023234560000000002;0.002386944;0.0023265280000000004;0.001512448;0.00180224;0.001759232;0.001189888;0.0016087039999999999;0.001212416;0.000807936;0.000549888;0.00096768;0.0011970559999999997;0.0011233280000000003;0.0010086399999999999;0.00090112;0.00083968;0.0005918719999999999;0.0007393279999999999;0.000912384;0.000703488;0.000623616;0.000812032;0.000905216;0.0013905920000000002;0.0021862400000000003;0.003049472;0.003554304;0.004452352;0.006529024;0.005624832;0.0063723519999999995;0.004668415999999999;0.003885056;0.004321279999999999;0.005238784;0.00477696;0.004098048000000001;0.004517888;0.003622912;0.003633152;0.004404224;0.003728384;0.0022487040000000002;0.00283648;0.004413439999999999;0.004728832;0.0040765440000000005;0.00341504;0.0032256;0.0041093119999999995;0.003228672;0.0030863360000000003;0.00205312;0.001501184;0.0018012159999999998;0.00194048;0.002960384;0.0034990079999999996
1789783200,hdr,0.0293;0.03906;0.04883;0.05859;0.06836;0.07813;0.08789;0.09766;0.10742;0.11719;0.12695;0.13672;0.14648;0.15625;0.16602;0.17578;0.18555;0.19531;0.20508;0.21484;0.22461;0.23438;0.24414;0.25391;0.26367;0.27344;0.2832;0.29297;0.30273;0.3125;0.32227;0.33203;0.3418;0.35156;0.36133;0.37109;0.38086;0.39063;0.40039;0.41016;0.41992;0.42969;0.43945;0.44922;0.45898;0.46875;0.47852;0.48828;0.49805;0.50781;0.51758;0.52734;0.53711;0.54688;0.55664;0.56641;0.57617;0.58594;0.5957;0.60547;0.61523;0.625;0.63477;0.64453;0.6543;0.66406;0.67383;0.68359;0.69336;0.70313;0.71289;0.72266;0.73242;0.74219;0.75195;0.76172;0.77148;0.78125;0.79102,0.0060262399999999995;0.011494400000000002;0.010279936;0.0054210560000000005;0.0067583999999999995;0.016291840000000002;0.030918656;0.012612608;0.008407040000000001;0.015300608;0.026601472;0.026524672;0.01536;0.011952128000000001;0.008897536;0.008245248;0.003856384;0.002601984;0.00295424;0.002714624;0.002236416;0.001905664;0.0023234560000000002;0.002778112;0.0018257920000000001;0.0014878720000000001;0.001408;0.0010649599999999998;0.000723968;0.00044339199999999997;0.000603136;0.000893952;0.0009441279999999999;0.001058816;0.001043456;0.00101376;0.000965632;0.000937984;0.001507328;0.000941056;0.0008765439999999999;0.000714752;0.0009041920000000001;0.0015103999999999999;0.0022978559999999996;0.002272256;0.002403328;0.003877888;0.005107712;0.00641024;0.007817216;0.006951936;0.005735424;0.0037918720000000004;0.005071872000000001;0.006710272;0.0049858559999999994;0.003416064;0.004262912000000001;0.003016704;0.00199168;0.001870848;0.0019169279999999998;0.002205696;0.00234496;0.00281088;0.003439616;0.003206144;0.003209216;0.003023872;0.002440192;0.0020592640000000003;0.001301504;0.001702912;0.001910784;0.002279424;0.001692672;0.0014530559999999999;0.001289216
1789784100,hdr,0.0293;0.03906;0.04883;0.05859;0.06836;0.07813;0.08789;0.09766;0.10742;0.11719;0.12695;0.13672;0.14648;0.15625;0.16602;0.17578;0.18555;0.19531;0.20508;0.21484;0.22461;0.23438;0.24414;0.25391;0.26367;0.27344;0.2832;0.29297;0.30273;0.3125;0.32227;0.33203;0.3418;0.35156;0.36133;0.37109;0.38086;0.39063;0.40039;0.41016;0.41992;0.42969;0.43945;0.44922;0.45898;0.46875;0.47852;0.48828;0.49805;0.50781;0.51758;0.52734;0.53711;0.54688;0.55664;0.56641;0.57617;0.58594;0.5957;0.60547;0.61523;0.625;0.63477;0.64453;0.6543;0.66406;0.67383;0.68359;0.69336;0.70313;0.71289;0.72266;0.73242;0.74219;0.75195;0.76172;0.77148;0.78125;0.79102,0.001754112;0.006541312;0.008656895999999999;0.003521536;0.014170111999999999;0.042973184000000005;0.040029184;0.016237568;0.00566784;0.019886079999999997;0.024833024000000002;0.016936959999999997;0.011839487999999999;0.011307008;0.009360384;0.0071290880000000004;0.005562368000000001;0.0035778560000000004;0.00287744;0.002200576;0.0023234560000000002;0.0025989119999999997;0.001936384;0.00217088;0.001830912;0.0017305600000000001;0.001655808;0.001431552;0.001414144;0.001591296;0.001201152;0.001353728;0.001238016;0.000872448;0.000781312;0.001082368;0.001026048;0.001860608;0.001750016;0.001383424;0.0011755519999999998;0.001682432;0.001574912;0.0021964800000000002;0.002004992;0.0022855680000000004;0.002890752;0.007600127999999999;0.007762944000000001;0.00901632;0.0069898239999999995;0.008337408;0.007959552;0.0073062399999999994;0.008889343999999999;0.006465536;0.005394432;0.0050176;0.002961408;0.0047104;0.005735424;0.003248128;0.003360768;0.002968576;0.0035778560000000004;0.003668992;0.00269312;0.00362496;0.004463616;0.005030912;0.003004416;0.001856512;0.00183296;0.0019189760000000002;0.00215552;0.002660352;0.00267264;0.00214016;0.001570816
1789785000,hdr,0.0293;0.03906;0.04883;0.05859;0.06836;0.07813;0.08789;0.09766;0.10742;0.11719;0.12695;0.13672;0.14648;0.15625;0.16602;0.17578;0.18555;0.19531;0.20508;0.21484;0.22461;0.23438;0.24414;0.25391;0.26367;0.27344;0.2832;0.29297;0.30273;0.3125;0.32227;0.33203;0.3418;0.35156;0.36133;0.37109;0.38086;0.39063;0.40039;0.41016;0.41992;0.42969;0.43945;0.44922;0.45898;0.46875;0.47852;0.48828;0.49805;0.50781;0.51758;0.52734;0.53711;0.54688;0.55664;0.56641;0.57617;0.58594;0.5957;0.60547;0.61523;0.625;0.63477;0.64453;0.6543;0.66406;0.67383;0.68359;0.69336;0.70313;0.71289;0.72266;0.73242;0.74219;0.75195;0.76172;0.77148;0.78125;0.79102,0.005912576;0.007507968;0.004175872000000001;0.0038881280000000002;0.012484608;0.029043712;0.024134655999999997;0.009910272000000001;0.01020416;0.014851072;0.026676224000000002;0.023173120000000002;0.011001855999999999;0.009636864;0.01055232;0.008300544;0.003718144;0.003324928;0.001787904;0.001258496;0.001388544;0.002000896;0.002705408;0.0024739840000000003;0.0018237440000000002;0.0017377279999999998;0.0014735360000000001;0.0011489279999999998;0.000950272;0.000951296;0.0008837120000000001;0.001381376;0.00205312;0.003771392;0.005003264;0.0025262080000000003;0.001948672;0.0021606399999999997;0.002696192;0.00339968;0.002435072;0.003679232;0.004355072;0.004916224;0.004125696;0.0065218559999999995;0.009299967999999999;0.011137023999999999;0.012052479999999999;0.010124288;0.012133376;0.007536640000000001;0.00769024;0.00860672;0.007092224;0.005746688;0.005690368;0.00505344;0.003531776;0.006093823999999999;0.0044851199999999996;0.004473856;0.004360192;0.0025405440000000005;0.0026685439999999997;0.003364864;0.004431872;0.004473856;0.003587072;0.002307072;0.0016650240000000002;0.001983488;0.002707456;0.004040704;0.003416064;0.0019455999999999998;0.0014899199999999998;0.001850368;0.0020183040000000003
1789785900,hdr,0.0293;0.03906;0.04883;0.05859;0.06836;0.07813;0.08789;0.09766;0.10742;0.11719;0.12695;0.13672;0.14648;0.15625;0.16602;0.17578;0.18555;0.19531;0.20508;0.21484;0.22461;0.23438;0.24414;0.25391;0.26367;0.27344;0.2832;0.29297;0.30273;0.3125;0.32227;0.33203;0.3418;0.35156;0.36133;0.37109;0.38086;0.39063;0.40039;0.41016;0.41992;0.42969;0.43945;0.44922;0.45898;0.46875;0.47852;0.48828;0.49805;0.50781;0.51758;0.52734;0.53711;0.54688;0.55664;0.56641;0.57617;0.58594;0.5957;0.60547;0.61523;0.625;0.63477;0.64453;0.6543;0.66406;0.67383;0.68359;0.69336;0.70313;0.71289;0.72266;0.73242;0.74219;0.75195;0.76172;0.77148;0.78125;0.79102,0.003831808;0.008989696;0.012803072;0.011749376;0.018860032;0.0358144;0.032311295999999996;0.018931712;0.007540736;0.016802815999999998;0.035022848;0.023878655999999998;0.010708992;0.008537088000000002;0.006310912;0.0062054400000000004;0.004842496;0.0036403200000000003;0.003694592;0.002378752;0.0014243840000000001;0.00084992;0.001811456;0.002432;0.002304;0.001503232;0.0014786559999999999;0.0006696959999999999;0.000873472;0.001101824;0.0015063040000000002;0.0023203839999999996;0.002512896;0.002072576;0.004580352000000001;0.007043072;0.006771711999999999;0.005962752;0.006445056;0.0056330239999999995;0.004707328;0.007067648;0.008233984;0.00769536;0.01017856;0.012594176;0.014136319999999999;0.016502784;0.020698111999999998;0.009991168;0.009419776;0.006721536;0.005031936;0.00786944;0.00793088;0.005922816;0.0035287039999999997;0.001754112;0.00231424;0.0028876799999999997;0.003186688;0.0035942400000000003;0.00310784;0.0027893759999999997;0.002514944;0.0018196479999999999;0.0025262080000000003;0.003002368;0.002866176;0.002038784;0.0016066560000000001;0.0018176000000000002;0.0018810880000000002;0.002151424;0.0020162559999999997;0.001723392;0.00113152;0.00123904;0.0014827520000000002
1789786800,hdr,0.0293;0.03906;0.04883;0.05859;0.06836;0.07813;0.08789;0.09766;0.10742;0.11719;0.12695;0.13672;0.14648;0.15625;0.16602;0.17578;0.18555;0.19531;0.20508;0.21484;0.22461;0.23438;0.24414;0.25391;0.26367;0.27344;0.2832;0.29297;0.30273;0.3125;0.32227;0.33203;0.3418;0.35156;0.36133;0.37109;0.38086;0.39063;0.40039;0.41016;0.41992;0.42969;0.43945;0.44922;0.45898;0.46875;0.47852;0.48828;0.49805;0.50781;0.51758;0.52734;0.53711;0.54688;0.55664;0.56641;0.57617;0.58594;0.5957;0.60547;0.61523;0.625;0.63477;0.64453;0.6543;0.66406;0.67383;0.68359;0.69336;0.70313;0.71289;0.72266;0.73242;0.74219;0.75195;0.76172;0.77148;0.78125;0.79102,0.0029306880000000003;0.009037824;0.0074823680000000005;0.008364031999999999;0.018935808000000002;0.039556096;0.034502656;0.01583616;0.0071413760000000005;0.008697856;0.018884608;0.015243264;0.010364928000000002;0.004655103999999999;0.006117376;0.006929408;0.005641216;0.004269055999999999;0.0031068159999999997;0.0019527680000000001;0.001779712;0.002023424;0.001789952;0.0012195840000000001;0.001531904;0.001426432;0.0009584639999999999;0.0011673599999999999;0.00123904;0.001147904;0.000945152;0.0012318720000000002;0.00175104;0.00118272;0.0019527680000000001;0.00208896;0.001816576;0.003144704;0.0030894080000000005;0.0029655040000000003;0.0022927360000000005;0.0028753920000000005;0.0035778560000000004;0.004632576;0.0059269119999999995;0.007683072;0.009602048;0.00973312;0.011808768;0.009720832;0.009303039999999999;0.009768959999999998;0.009349119999999999;0.006486016000000001;0.0071393279999999995;0.0045475839999999995;0.0028989440000000005;0.00275968;0.0023234560000000002;0.002399232;0.00269312;0.002147328;0.002123776;0.002816;0.0023889920000000004;0.0018360320000000002;0.0025978880000000005;0.0024422399999999996;0.002528256;0.0018411519999999998;0.001839104;0.00178688;0.0017397760000000002;0.0016445440000000002;0.0016691199999999998;0.001452032;0.001432576;0.0016906239999999997;0.0024504320000000002
1789787700,hdr,0.0293;0.03906;0.04883;0.05859;0.06836;0.07813;0.08789;0.09766;0.10742;0.11719;0.12695;0.13672;0.14648;0.15625;0.16602;0.17578;0.18555;0.19531;0.20508;0.21484;0.22461;0.23438;0.24414;0.25391;0.26367;0.27344;0.2832;0.29297;0.30273;0.3125;0.32227;0.33203;0.3418;0.35156;0.36133;0.37109;0.38086;0.39063;0.40039;0.41016;0.41992;0.42969;0.43945;0.44922;0.45898;0.46875;0.47852;0.48828;0.49805;0.50781;0.51758;0.52734;0.53711;0.54688;0.55664;0.56641;0.57617;0.58594;0.5957;0.60547;0.61523;0.625;0.63477;0.64453;0.6543;0.66406;0.67383;0.68359;0.69336;0.70313;0.71289;0.72266;0.73242;0.74219;0.75195;0.76172;0.77148;0.78125;0.79102,0.007985152;0.00573952;0.005502976000000001;0.003807232;0.007860223999999999;0.034230272;0.038311936000000005;0.010919936;0.00652288;0.012151808;0.02459136;0.014810112;0.010988544;0.008716288;0.006831104;0.004281344;0.005611519999999999;0.0026695679999999998;0.003047424;0.00278016;0.002158592;0.0020172799999999998;0.00176128;0.00141312;0.0008386559999999999;0.000754688;0.001021952;0.0014714879999999997;0.000999424;0.0008468480000000001;0.001281024;0.001036288;0.000816128;0.0015165439999999999;0.002225152;0.0021626880000000003;0.002210816;0.0036157439999999997;0.00577024;0.005210112;0.003708928;0.0030361600000000004;0.00222208;0.002976768;0.0057497600000000005;0.004716544;0.003709952;0.003885056;0.005143552;0.006489088;0.008905728;0.008271872;0.007822336000000001;0.007288832;0.004220928;0.004047872;0.0034918399999999995;0.0038000639999999997;0.0029593600000000003;0.002566144;0.002084864;0.002905088;0.002655232;0.0024156159999999998;0.00200704;0.002204672;0.001765376;0.001711104;0.001999872;0.001634304;0.0015851519999999998;0.001705984;0.0013312;0.00150016;0.001664;0.0009912319999999999;0.001166336;0.0016977919999999998;0.00136192
1789788600,hdr,0.0293;0.03906;0.04883;0.05859;0.06836;0.07813;0.08789;0.09766;0.10742;0.11719;0.12695;0.13672;0.14648;0.15625;0.16602;0.17578;0.18555;0.19531;0.20508;0.21484;0.22461;0.23438;0.24414;0.25391;0.26367;0.27344;0.2832;0.29297;0.30273;0.3125;0.32227;0.33203;0.3418;0.35156;0.36133;0.37109;0.38086;0.39063;0.40039;0.41016;0.41992;0.42969;0.43945;0.44922;0.45898;0.46875;0.47852;0.48828;0.49805;0.50781;0.51758;0.52734;0.53711;0.54688;0.55664;0.56641;0.57617;0.58594;0.5957;0.60547;0.61523;0.625;0.63477;0.64453;0.6543;0.66406;0.67383;0.68359;0.69336;0.70313;0.71289;0.72266;0.73242;0.74219;0.75195;0.76172;0.77148;0.78125;0.79102,0.0008335360000000001;0.007770112;0.013147136;0.006041599999999999;0.011644928;0.033079296;0.026832896000000002;0.012872704;0.007943168;0.009893888;0.016128;0.010524672;0.01086464;0.007627776;0.00588288;0.003677184;0.0016066560000000001;0.002134016;0.002055168;0.001798144;0.001639424;0.0012369920000000001;0.0010178560000000001;0.0013209599999999997;0.001062912;0.000731136;0.00082944;0.001098752;0.001318912;0.001137664;0.000812032;0.00091136;0.000992256;0.001261568;0.0015431680000000001;0.001882112;0.0016435199999999999;0.0020797439999999997;0.004872192;0.005784576;0.0050155519999999995;0.004796416;0.005354496;0.005374976000000001;0.0048762879999999995;0.005875712000000001;0.005665791999999999;0.0059514880000000004;0.009217023999999999;0.009773056;0.00742912;0.008501248;0.007793664;0.007634943999999999;0.006336512;0.0062904319999999994;0.005156864;0.002578432;0.003885056;0.003390464;0.00237056;0.0023807999999999998;0.0026787839999999996;0.0024391680000000002;0.001441792;0.002069504;0.003168256;0.001934336;0.0021893120000000005;0.00213504;0.002020352;0.001696768;0.00188928;0.0022015999999999997;0.00131072;0.0008837120000000001;0.0014561280000000001;0.001603584;0.0013680639999999998
1789789500,hdr,0.0293;0.03906;0.04883;0.05859;0.06836;0.07813;0.08789;0.09766;0.10742;0.11719;0.12695;0.13672;0.14648;0.15625;0.16602;0.17578;0.18555;0.19531;0.20508;0.21484;0.22461;0.23438;0.24414;0.25391;0.26367;0.27344;0.2832;0.29297;0.30273;0.3125;0.32227;0.33203;0.3418;0.35156;0.36133;0.37109;0.38086;0.39063;0.40039;0.41016;0.41992;0.42969;0.43945;0.44922;0.45898;0.46875;0.47852;0.48828;0.49805;0.50781;0.51758;0.52734;0.53711;0.54688;0.55664;0.56641;0.57617;0.58594;0.5957;0.60547;0.61523;0.625;0.63477;0.64453;0.6543;0.66406;0.67383;0.68359;0.69336;0.70313;0.71289;0.72266;0.73242;0.74219;0.75195;0.76172;0.77148;0.78125;0.79102,0.003985408;0.009701376;0.016528383999999997;0.011447296000000001;0.01271808;0.033812480000000006;0.03026432;0.016224256000000003;0.010937344;0.01383424;0.020196352000000004;0.020970495999999998;0.0152576;0.011910144000000001;0.00801792;0.004637696;0.0022394880000000004;0.002881536;0.003654656;0.0021862400000000003;0.0012871680000000002;0.0015063040000000002;0.00177152;0.0009564160000000001;0.0011673599999999999;0.001133568;0.000913408;0.000765952;0.00048127999999999995;0.001027072;0.000823296;0.0008202239999999999;0.001036288;0.001139712;0.001388544;0.0010496000000000001;0.002173952;0.0023500800000000005;0.001922048;0.001978368;0.002776064;0.0034611200000000003;0.005668864000000001;0.004852736;0.004360192;0.00721408;0.0066713599999999994;0.006580224;0.00869888;0.007243776;0.008795135999999999;0.008438784;0.00462336;0.003659776;0.004482048;0.003572736;0.0036095999999999997;0.003126272;0.00247808;0.004146176;0.0031703039999999997;0.002809856;0.002547712;0.00207872;0.002980864;0.0021862400000000003;0.0025456639999999996;0.0023572479999999997;0.0017408;0.002163712;0.00165888;0.001152;0.000826368;0.0009216000000000001;0.001086464;0.0008335360000000001;0.001147904;0.001345536;0.0010803199999999998
1789790400,hdr,0.0293;0.03906;0.04883;0.05859;0.06836;0.07813;0.08789;0.09766;0.10742;0.11719;0.12695;0.13672;0.14648;0.15625;0.16602;0.17578;0.18555;0.19531;0.20508;0.21484;0.22461;0.23438;0.24414;0.25391;0.26367;0.27344;0.2832;0.29297;0.30273;0.3125;0.32227;0.33203;0.3418;0.35156;0.36133;0.37109;0.38086;0.39063;0.40039;0.41016;0.41992;0.42969;0.43945;0.44922;0.45898;0.46875;0.47852;0.48828;0.49805;0.50781;0.51758;0.52734;0.53711;0.54688;0.55664;0.56641;0.57617;0.58594;0.5957;0.60547;0.61523;0.625;0.63477;0.64453;0.6543;0.66406;0.67383;0.68359;0.69336;0.70313;0.71289;0.72266;0.73242;0.74219;0.75195;0.76172;0.77148;0.78125;0.79102,0.005470208000000001;0.007130111999999999;0.006549504;0.005393408000000001;0.018238464;0.059843584000000005;0.039118848;0.009486336;0.006022144;0.018134016;0.0307968;0.025653248;0.012108800000000001;0.007102464;0.006057984000000001;0.004777984000000001;0.005003264;0.0025907200000000003;0.002336768;0.002195456;0.00261632;0.001840128;0.0009523200000000001;0.001396736;0.0016087039999999999;0.001521664;0.001381376;0.00098816;0.001069056;0.001523712;0.001176576;0.0009697280000000001;0.0009472;0.0012318720000000002;0.00082432;0.0009973760000000001;0.001716224;0.001865728;0.0019937279999999997;0.001969152;0.00247296;0.001686528;0.002254848;0.0027269119999999997;0.0027432959999999997;0.002852864;0.0058019840000000005;0.00747008;0.008963072;0.00966144;0.004538368;0.003154944;0.004488192;0.0030781439999999997;0.0033791999999999997;0.004059136;0.003924992;0.002914304;0.0038717440000000003;0.002179072;0.001581056;0.00170496;0.0022026240000000002;0.001348608;0.0014919679999999998;0.0022640639999999997;0.0016906239999999997;0.001232896;0.001212416;0.001529856;0.001113088;0.0011673599999999999;0.001302528;0.001527808;0.001680384;0.001562624;0.0013824;0.001461248;0.0013004800000000001
1789791300,hdr,0.0293;0.03906;0.04883;0.05859;0.06836;0.07813;0.08789;0.09766;0.10742;0.11719;0.12695;0.13672;0.14648;0.15625;0.16602;0.17578;0.18555;0.19531;0.20508;0.21484;0.22461;0.23438;0.24414;0.25391;0.26367;0.27344;0.2832;0.29297;0.30273;0.3125;0.32227;0.33203;0.3418;0.35156;0.36133;0.37109;0.38086;0.39063;0.40039;0.41016;0.41992;0.42969;0.43945;0.44922;0.45898;0.46875;0.47852;0.48828;0.49805;0.50781;0.51758;0.52734;0.53711;0.54688;0.55664;0.56641;0.57617;0.58594;0.5957;0.60547;0.61523;0.625;0.63477;0.64453;0.6543;0.66406;0.67383;0.68359;0.69336;0.70313;0.71289;0.72266;0.73242;0.74219;0.75195;0.76172;0.77148;0.78125;0.79102,0.0029306880000000003;0.00473088;0.006582272;0.0036648960000000004;0.007153664;0.025076736000000002;0.032595968;0.019083264;0.009010176;0.011401216;0.019724288;0.020076543999999998;0.013451264;0.007297024;0.003519488;0.0035399679999999997;0.002630656;0.0029788160000000004;0.0027269119999999997;0.0028129279999999997;0.0020224;0.0015943679999999999;0.00169472;0.001729536;0.001077248;0.0013148160000000001;0.00117248;0.001461248;0.00165376;0.001212416;0.0012666880000000002;0.001905664;0.002666496;0.00257024;0.002048;0.00204288;0.00131072;0.001024;0.001404928;0.001792;0.00222208;0.002179072;0.0022640639999999997;0.00213504;0.0024903679999999997;0.0037693439999999996;0.003016704;0.0028620800000000004;0.0026849280000000005;0.004027391999999999;0.005142528;0.005054464;0.0036403200000000003;0.0034334720000000003;0.00434176;0.003484672;0.0032174079999999997;0.003453952;0.0020121600000000003;0.001860608;0.003023872;0.001854464;0.001659904;0.00210944;0.00272384;0.0027883520000000005;0.0017131520000000001;0.001477632;0.0012687360000000001;0.001800192;0.001687552;0.0010721279999999999;0.000663552;0.000743424;0.001338368;0.00183296;0.0011407359999999998;0.000889856;0.000745472
1789792200,hdr,0.0293;0.03906;0.04883;0.05859;0.06836;0.07813;0.08789;0.09766;0.10742;0.11719;0.12695;0.13672;0.14648;0.15625;0.16602;0.17578;0.18555;0.19531;0.20508;0.21484;0.22461;0.23438;0.24414;0.25391;0.26367;0.27344;0.2832;0.29297;0.30273;0.3125;0.32227;0.33203;0.3418;0.35156;0.36133;0.37109;0.38086;0.39063;0.40039;0.41016;0.41992;0.42969;0.43945;0.44922;0.45898;0.46875;0.47852;0.48828;0.49805;0.50781;0.51758;0.52734;0.53711;0.54688;0.55664;0.56641;0.57617;0.58594;0.5957;0.60547;0.61523;0.625;0.63477;0.64453;0.6543;0.66406;0.67383;0.68359;0.69336;0.70313;0.71289;0.72266;0.73242;0.74219;0.75195;0.76172;0.77148;0.78125;0.79102,0.002020352;0.002770944;0.005292032;0.0035327999999999996;0.009253887999999998;0.01490432;0.016507904;0.010251264000000001;0.010392576;0.012434431999999999;0.014102528;0.013956096000000001;0.013591552;0.008010752000000001;0.005237759999999999;0.003807232;0.0046295039999999996;0.004556800000000001;0.0020582400000000002;0.002885632;0.003032064;0.0020654080000000003;0.001769472;0.001639424;0.0015114240000000001;0.0015677439999999998;0.001306624;0.0009625599999999999;0.000842752;0.0012083200000000001;0.001325056;0.001683456;0.001726464;0.0022067199999999997;0.003313664;0.004718592000000001;0.003417088;0.003357696;0.003016704;0.0017971200000000001;0.002633728;0.002180096;0.001605632;0.00237568;0.0022097920000000004;0.0024156159999999998;0.001460224;0.0016895999999999999;0.001574912;0.001226752;0.001212416;0.00167424;0.002046976;0.002220032;0.003478528;0.003237888;0.0028917760000000004;0.0031897600000000003;0.0032194560000000003;0.003658752;0.0033638400000000003;0.003598336;0.002535424;0.00222208;0.002021376;0.001998848;0.001087488;0.0012195840000000001;0.001902592;0.001403904;0.001429504;0.0007229440000000001;0.000970752;0.001501184;0.0011714560000000002;0.0010127360000000002;0.0010475520000000002;0.000692224;0.00068608
1789793100,hdr,0.0293;0.03906;0.04883;0.05859;0.06836;0.07813;0.08789;0.09766;0.10742;0.11719;0.12695;0.13672;0.14648;0.15625;0.16602;0.17578;0.18555;0.19531;0.20508;0.21484;0.22461;0.23438;0.24414;0.25391;0.26367;0.27344;0.2832;0.29297;0.30273;0.3125;0.32227;0.33203;0.3418;0.35156;0.36133;0.37109;0.38086;0.39063;0.40039;0.41016;0.41992;0.42969;0.43945;0.44922;0.45898;0.46875;0.47852;0.48828;0.49805;0.50781;0.51758;0.52734;0.53711;0.54688;0.55664;0.56641;0.57617;0.58594;0.5957;0.60547;0.61523;0.625;0.63477;0.64453;0.6543;0.66406;0.67383;0.68359;0.69336;0.70313;0.71289;0.72266;0.73242;0.74219;0.75195;0.76172;0.77148;0.78125;0.79102,0.005554176;0.007810048;0.006199296;0.00669184;0.009918464;0.013386752;0.010038271999999999;0.008978432;0.0056555519999999995;0.008984576000000001;0.010694656;0.013538304;0.009632768;0.005689344;0.004815872;0.00306176;0.00275968;0.002650112;0.00316416;0.002312192;0.000992256;0.001221632;0.0013568;0.0005601279999999999;0.0008366080000000001;0.0014172160000000002;0.00168448;0.001393664;0.0008048640000000001;0.0008519679999999999;0.0012072959999999998;0.001242112;0.000813056;0.0012871680000000002;0.001865728;0.002021376;0.001809408;0.0014438399999999998;0.002062336;0.003311616;0.0023592960000000003;0.0010813440000000001;0.001558528;0.001631232;0.0013322240000000001;0.000799744;0.001153024;0.0015431680000000001;0.001161216;0.000987136;0.0015063040000000002;0.001165312;0.001082368;0.000990208;0.0015943679999999999;0.001810432;0.0023296;0.002316288;0.0035471359999999998;0.0025047039999999995;0.00226816;0.002245632;0.0016066560000000001;0.001750016;0.0018687999999999999;0.0018575360000000001;0.0012605440000000002;0.00136192;0.001353728;0.0017356799999999999;0.0015697920000000002;0.00087552;0.001113088;0.00100352;0.0007946240000000001;0.0009717759999999999;0.0008591359999999999;0.001267712;0.001248256
1789794000,hdr,0.0293;0.03906;0.04883;0.05859;0.06836;0.07813;0.08789;0.09766;0.10742;0.11719;0.12695;0.13672;0.14648;0.15625;0.16602;0.17578;0.18555;0.19531;0.20508;0.21484;0.22461;0.23438;0.24414;0.25391;0.26367;0.27344;0.2832;0.29297;0.30273;0.3125;0.32227;0.33203;0.3418;0.35156;0.36133;0.37109;0.38086;0.39063;0.40039;0.41016;0.41992;0.42969;0.43945;0.44922;0.45898;0.46875;0.47852;0.48828;0.49805;0.50781;0.51758;0.52734;0.53711;0.54688;0.55664;0.56641;0.57617;0.58594;0.5957;0.60547;0.61523;0.625;0.63477;0.64453;0.6543;0.66406;0.67383;0.68359;0.69336;0.70313;0.71289;0.72266;0.73242;0.74219;0.75195;0.76172;0.77148;0.78125;0.79102,0.003175424;0.004726784;0.0038000639999999997;0.005444607999999999;0.013818879999999999;0.017846271999999996;0.019550208000000003;0.018581504;0.006909952;0.005848064;0.014222336;0.018369536;0.009153536;0.0068055039999999995;0.006073344;0.002225152;0.001902592;0.002418688;0.002896896;0.0032839680000000004;0.0027392;0.002312192;0.001810432;0.001593344;0.0014581759999999998;0.000878592;0.0011202559999999998;0.0009605120000000001;0.0009748480000000001;0.0009144320000000001;0.000751616;0.000869376;0.0011264;0.001077248;0.0016384000000000001;0.001409024;0.001601536;0.001329152;0.0020172799999999998;0.002275328;0.0013701120000000002;0.002113536;0.00230912;0.001685504;0.0017807360000000002;0.0014929920000000003;0.002700288;0.002306048;0.001811456;0.00160768;0.001010688;0.0014172160000000002;0.001989632;0.0022947840000000002;0.002733056;0.0010956800000000001;0.0009594880000000001;0.001441792;0.002062336;0.001442816;0.0017326079999999998;0.001989632;0.002228224;0.0024903679999999997;0.002055168;0.002108416;0.001533952;0.001948672;0.002604032;0.001552384;0.002308096;0.002382848;0.002300928;0.0017090559999999998;0.0015185919999999998;0.0020244480000000003;0.001763328;0.0014346239999999998;0.001426432
1789794900,hdr,0.0293;0.03906;0.04883;0.05859;0.06836;0.07813;0.08789;0.09766;0.10742;0.11719;0.12695;0.13672;0.14648;0.15625;0.16602;0.17578;0.18555;0.19531;0.20508;0.21484;0.22461;0.23438;0.24414;0.25391;0.26367;0.27344;0.2832;0.29297;0.30273;0.3125;0.32227;0.33203;0.3418;0.35156;0.36133;0.37109;0.38086;0.39063;0.40039;0.41016;0.41992;0.42969;0.43945;0.44922;0.45898;0.46875;0.47852;0.48828;0.49805;0.50781;0.51758;0.52734;0.53711;0.54688;0.55664;0.56641;0.57617;0.58594;0.5957;0.60547;0.61523;0.625;0.63477;0.64453;0.6543;0.66406;0.67383;0.68359;0.69336;0.70313;0.71289;0.72266;0.73242;0.74219;0.75195;0.76172;0.77148;0.78125;0.79102,0.00689152;0.011240448;0.013348864000000002;0.010688511999999999;0.017389567999999998;0.034262016000000006;0.023543807999999996;0.009481216;0.010994688;0.00835584;0.011270144000000001;0.024572928;0.015200255999999999;0.0041216000000000004;0.004291584000000001;0.004414464;0.003165184;0.0018278399999999998;0.002455552;0.002262016;0.002746368;0.002445312;0.001588224;0.002044928;0.0016732160000000002;0.001323008;0.0013987840000000001;0.0007249919999999999;0.001107968;0.0013148160000000001;0.000897024;0.0018237440000000002;0.00134656;0.0006912;0.000888832;0.00091136;0.001127424;0.0013547519999999999;0.001774592;0.001466368;0.001750016;0.0015063040000000002;0.001509376;0.001292288;0.0012666880000000002;0.001512448;0.0017121280000000003;0.00136192;0.00160768;0.001435648;0.0013608960000000001;0.001615872;0.001570816;0.0008325120000000001;0.001983488;0.002729984;0.0019773440000000002;0.002163712;0.002885632;0.0022015999999999997;0.001736704;0.002425856;0.0032133120000000003;0.0033423359999999996;0.002929664;0.00401408;0.003820544;0.002069504;0.0028467199999999996;0.0020838399999999996;0.0018442240000000002;0.002048;0.0018237440000000002;0.001755136;0.001849344;0.0020224;0.003065856;0.0024227840000000003;0.001757184
1789795800,hdr,0.0293;0.03906;0.04883;0.05859;0.06836;0.07813;0.08789;0.09766;0.10742;0.11719;0.12695;0.13672;0.14648;0.15625;0.16602;0.17578;0.18555;0.19531;0.20508;0.21484;0.22461;0.23438;0.24414;0.25391;0.26367;0.27344;0.2832;0.29297;0.30273;0.3125;0.32227;0.33203;0.3418;0.35156;0.36133;0.37109;0.38086;0.39063;0.40039;0.41016;0.41992;0.42969;0.43945;0.44922;0.45898;0.46875;0.47852;0.48828;0.49805;0.50781;0.51758;0.52734;0.53711;0.54688;0.55664;0.56641;0.57617;0.58594;0.5957;0.60547;0.61523;0.625;0.63477;0.64453;0.6543;0.66406;0.67383;0.68359;0.69336;0.70313;0.71289;0.72266;0.73242;0.74219;0.75195;0.76172;0.77148;0.78125;0.79102,0.007061504;0.010753024;0.009696255999999999;0.006929408;0.01581056;0.02522624;0.015387648;0.011172864000000001;0.008515584000000001;0.012707839999999998;0.01182208;0.016601088;0.021016576000000002;0.006436864;0.004395008;0.003386368;0.0032501760000000005;0.002110464;0.0015984640000000002;0.002642944;0.002307072;0.002642944;0.001790976;0.001404928;0.00110592;0.000641024;0.0008591359999999999;0.000918528;0.0007352319999999999;0.0008622079999999999;0.000889856;0.0005816320000000001;0.000899072;0.0008488959999999999;0.000603136;0.000631808;0.000842752;0.001359872;0.0013701120000000002;0.001455104;0.0016066560000000001;0.001057792;0.0008468480000000001;0.001406976;0.0011233280000000003;0.000923648;0.000984064;0.0013905920000000002;0.001560576;0.001708032;0.0020858880000000006;0.00353792;0.003416064;0.003566592;0.004031488000000001;0.004074496;0.0038082560000000003;0.00561664;0.005041152;0.004600831999999999;0.0037898240000000002;0.00547328;0.0033146879999999997;0.003699712;0.003551232;0.003827712;0.00391168;0.0043182080000000005;0.003724288;0.003960832;0.003203072;0.0025210880000000003;0.0021002239999999995;0.0023592960000000003;0.002768896;0.002349056;0.001645568;0.0023439359999999996;0.001830912
1789796700,hdr,0.0293;0.03906;0.04883;0.05859;0.06836;0.07813;0.08789;0.09766;0.10742;0.11719;0.12695;0.13672;0.14648;0.15625;0.16602;0.17578;0.18555;0.19531;0.20508;0.21484;0.22461;0.23438;0.24414;0.25391;0.26367;0.27344;0.2832;0.29297;0.30273;0.3125;0.32227;0.33203;0.3418;0.35156;0.36133;0.37109;0.38086;0.39063;0.40039;0.41016;0.41992;0.42969;0.43945;0.44922;0.45898;0.46875;0.47852;0.48828;0.49805;0.50781;0.51758;0.52734;0.53711;0.54688;0.55664;0.56641;0.57617;0.58594;0.5957;0.60547;0.61523;0.625;0.63477;0.64453;0.6543;0.66406;0.67383;0.68359;0.69336;0.70313;0.71289;0.72266;0.73242;0.74219;0.75195;0.76172;0.77148;0.78125;0.79102,0.00435712;0.0036085759999999996;0.006995968000000001;0.008253439999999999;0.017161216;0.019360768;0.01547776;0.014246912;0.008406015999999999;0.004744192;0.010081279999999998;0.019056640000000003;0.014238720000000002;0.007312384;0.005122048000000001;0.0031488;0.0017131520000000001;0.003396608;0.002464768;0.003073024;0.002092032;0.000764928;0.000690176;0.00116224;0.001166336;0.0011417600000000001;0.001325056;0.00142848;0.0014110720000000002;0.001024;0.000653312;0.000812032;0.000799744;0.00050688;0.000900096;0.000893952;0.000818176;0.000632832;0.001248256;0.001837056;0.001696768;0.001517568;0.0019773440000000002;0.00187392;0.003084288;0.003150848;0.003299328;0.004321279999999999;0.004750336;0.006063104000000001;0.008630272;0.007535616;0.005041152;0.00436736;0.004231168;0.005382144;0.009147391999999999;0.009179136000000001;0.008784896;0.006346752000000001;0.007380992;0.006928384;0.006600704000000001;0.007010304;0.00556032;0.006173696;0.004897792000000001;0.0053688320000000005;0.004084736;0.0024801280000000003;0.0029337599999999997;0.0037058559999999996;0.002849792;0.00160256;0.0022968320000000004;0.0029880320000000003;0.003099648;0.0017623040000000001;0.00242688
1789797600,hdr,0.0293;0.03906;0.04883;0.05859;0.06836;0.07813;0.08789;0.09766;0.10742;0.11719;0.12695;0.13672;0.14648;0.15625;0.16602;0.17578;0.18555;0.19531;0.20508;0.21484;0.22461;0.23438;0.24414;0.25391;0.26367;0.27344;0.2832;0.29297;0.30273;0.3125;0.32227;0.33203;0.3418;0.35156;0.36133;0.37109;0.38086;0.39063;0.40039;0.41016;0.41992;0.42969;0.43945;0.44922;0.45898;0.46875;0.47852;0.48828;0.49805;0.50781;0.51758;0.52734;0.53711;0.54688;0.55664;0.56641;0.57617;0.58594;0.5957;0.60547;0.61523;0.625;0.63477;0.64453;0.6543;0.66406;0.67383;0.68359;0.69336;0.70313;0.71289;0.72266;0.73242;0.74219;0.75195;0.76172;0.77148;0.78125;0.79102,0.0027392;0.009164799999999999;0.01251328;0.014187519999999999;0.021004288;0.032166912000000006;0.014980096;0.010726399999999999;0.014223359999999999;0.010005504;0.01254912;0.01634816;0.014376960000000001;0.009586688;0.004077568;0.002407424;0.001891328;0.001998848;0.00208896;0.001318912;0.0013506560000000002;0.001911808;0.0019210240000000001;0.00103424;0.00080384;0.0007925759999999999;0.0006021119999999999;0.0008765439999999999;0.001058816;0.0011407359999999998;0.0011601919999999998;0.000922624;0.0006891520000000001;0.0008744960000000001;0.000827392;0.0008110079999999999;0.000603136;0.0006830079999999999;0.001143808;0.001143808;0.0014991359999999999;0.00206848;0.002308096;0.00302592;0.00398848;0.004978688;0.0057088;0.0080384;0.006955008;0.007858176;0.00771584;0.010862591999999999;0.009133056;0.008079359999999999;0.009595904;0.008701952;0.005394432;0.005071872000000001;0.006438912000000001;0.005454848;0.005660671999999999;0.009316352;0.007250944;0.006544384;0.0055183359999999996;0.004271104;0.0028917760000000004;0.003936256;0.003007488;0.0044974080000000005;0.004635648;0.0035348480000000006;0.003345408;0.0020858880000000006;0.003414016;0.00362496;0.002905088;0.002766848;0.002895872
1789798500,hdr,0.0293;0.03906;0.04883;0.05859;0.06836;0.07813;0.08789;0.09766;0.10742;0.11719;0.12695;0.13672;0.14648;0.15625;0.16602;0.17578;0.18555;0.19531;0.20508;0.21484;0.22461;0.23438;0.24414;0.25391;0.26367;0.27344;0.2832;0.29297;0.30273;0.3125;0.32227;0.33203;0.3418;0.35156;0.36133;0.37109;0.38086;0.39063;0.40039;0.41016;0.41992;0.42969;0.43945;0.44922;0.45898;0.46875;0.47852;0.48828;0.49805;0.50781;0.51758;0.52734;0.53711;0.54688;0.55664;0.56641;0.57617;0.58594;0.5957;0.60547;0.61523;0.625;0.63477;0.64453;0.6543;0.66406;0.67383;0.68359;0.69336;0.70313;0.71289;0.72266;0.73242;0.74219;0.75195;0.76172;0.77148;0.78125;0.79102,0.005149696;0.016582655999999998;0.013104128;0.016585727999999998;0.024214528000000003;0.034716672000000004;0.020330496;0.008511488;0.009877504;0.011375616;0.01140736;0.012326912;0.01464832;0.006027264;0.00502272;0.003516416;0.003047424;0.0030228480000000003;0.0035614720000000004;0.0023848959999999996;0.002373632;0.001467392;0.001209344;0.001296384;0.0011448320000000001;0.001636352;0.001308672;0.000674816;0.0006819840000000001;0.0007116799999999999;0.0007946240000000001;0.00108544;0.0006696959999999999;0.000603136;0.000452608;0.000915456;0.00159744;0.00198656;0.00200192;0.003427328;0.004335616;0.004996095999999999;0.006534144;0.006109184;0.006774784000000001;0.008800256;0.011680768;0.006638592;0.007038976;0.008672256000000001;0.010840064;0.014553088000000002;0.009244671999999999;0.00910848;0.011465728000000001;0.0064419839999999996;0.00361984;0.009444352000000001;0.00859648;0.010490880000000001;0.009889792;0.0077864959999999995;0.0047339520000000005;0.004150272;0.00639488;0.006244352;0.007084032;0.00505344;0.0045076479999999995;0.003818496;0.0045875199999999994;0.0044451840000000005;0.003096576;0.00396288;0.0046868479999999995;0.004744192;0.002799616;0.0018698239999999997;0.0017889280000000002
1789799400,hdr,0.0293;0.03906;0.04883;0.05859;0.06836;0.07813;0.08789;0.09766;0.10742;0.11719;0.12695;0.13672;0.14648;0.15625;0.16602;0.17578;0.18555;0.19531;0.20508;0.21484;0.22461;0.23438;0.24414;0.25391;0.26367;0.27344;0.2832;0.29297;0.30273;0.3125;0.32227;0.33203;0.3418;0.35156;0.36133;0.37109;0.38086;0.39063;0.40039;0.41016;0.41992;0.42969;0.43945;0.44922;0.45898;0.46875;0.47852;0.48828;0.49805;0.50781;0.51758;0.52734;0.53711;0.54688;0.55664;0.56641;0.57617;0.58594;0.5957;0.60547;0.61523;0.625;0.63477;0.64453;0.6543;0.66406;0.67383;0.68359;0.69336;0.70313;0.71289;0.72266;0.73242;0.74219;0.75195;0.76172;0.77148;0.78125;0.79102,0.007298048;0.009693184;0.0026808319999999997;0.006665216000000001;0.017344512000000003;0.0305408;0.015909888;0.010508288000000001;0.009623552;0.006030336;0.011174912;0.019923967999999997;0.027682816;0.012138495999999999;0.005356544;0.0034078719999999997;0.0034580479999999996;0.003126272;0.00274944;0.0036976640000000002;0.0025610240000000003;0.0014827520000000002;0.000891904;0.001032192;0.0009912319999999999;0.0011417600000000001;0.0009758719999999999;0.00047206399999999996;0.0013056;0.001425408;0.0008929280000000001;0.001137664;0.001783808;0.0017623040000000001;0.002374656;0.002584576;0.0026624;0.003892224;0.004494335999999999;0.005456896000000001;0.006086656;0.005075968;0.005945344;0.005810176;0.013300736;0.013017088;0.010734592;0.013462528;0.012951552;0.008460288;0.0067358719999999995;0.005755904;0.005281792;0.006724608;0.006008832;0.005932032;0.008505344;0.007757824000000001;0.006366208000000001;0.00494592;0.005574656;0.005062656;0.004747264;0.002910208;0.0035481600000000003;0.003386368;0.003919872;0.005223424;0.0046469120000000004;0.0036239360000000003;0.0029122560000000002;0.00249344;0.003191808;0.00344576;0.003313664;0.004117504;0.0027863040000000003;0.001862656;0.0022568959999999996
1789800300,hdr,0.0293;0.03906;0.04883;0.05859;0.06836;0.07813;0.08789;0.09766;0.10742;0.11719;0.12695;0.13672;0.14648;0.15625;0.16602;0.17578;0.18555;0.19531;0.20508;0.21484;0.22461;0.23438;0.24414;0.25391;0.26367;0.27344;0.2832;0.29297;0.30273;0.3125;0.32227;0.33203;0.3418;0.35156;0.36133;0.37109;0.38086;0.39063;0.40039;0.41016;0.41992;0.42969;0.43945;0.44922;0.45898;0.46875;0.47852;0.48828;0.49805;0.50781;0.51758;0.52734;0.53711;0.54688;0.55664;0.56641;0.57617;0.58594;0.5957;0.60547;0.61523;0.625;0.63477;0.64453;0.6543;0.66406;0.67383;0.68359;0.69336;0.70313;0.71289;0.72266;0.73242;0.74219;0.75195;0.76172;0.77148;0.78125;0.79102,0.00331264;0.003011584;0.003088384;0.004173824;0.018567168;0.028181504;0.011535360000000001;0.0093696;0.006870016;0.00592896;0.01398272;0.02461696;0.019362815999999998;0.010044415999999999;0.007420928;0.003820544;0.0027453439999999994;0.00290816;0.0017489920000000002;0.001289216;0.00137216;0.00121344;0.001403904;0.001486848;0.0006154239999999999;0.000610304;0.0008591359999999999;0.0009697280000000001;0.000768;0.000714752;0.00092672;0.0006502400000000001;0.0007884799999999999;0.001528832;0.001461248;0.00154624;0.001754112;0.0021248;0.003944448;0.004226048;0.005248;0.0071915519999999995;0.0084992;0.009988096000000002;0.008886272;0.008117247999999999;0.00717312;0.007033856;0.0049807359999999995;0.006284288000000001;0.009091072;0.006141952;0.0070195200000000004;0.008697856;0.007027712;0.005395456;0.005277696;0.00580608;0.006685696;0.0062648320000000006;0.004630528;0.004155392;0.004523008;0.0054016;0.004269055999999999;0.005499904;0.00419328;0.002555904;0.003349504;0.0030228480000000003;0.002955264;0.0027586560000000004;0.002766848;0.0037273600000000003;0.0019230719999999998;0.002951168;0.0025139200000000002;0.002724864;0.00290304
1789801200,hdr,0.0293;0.03906;0.04883;0.05859;0.06836;0.07813;0.08789;0.09766;0.10742;0.11719;0.12695;0.13672;0.14648;0.15625;0.16602;0.17578;0.18555;0.19531;0.20508;0.21484;0.22461;0.23438;0.24414;0.25391;0.26367;0.27344;0.2832;0.29297;0.30273;0.3125;0.32227;0.33203;0.3418;0.35156;0.36133;0.37109;0.38086;0.39063;0.40039;0.41016;0.41992;0.42969;0.43945;0.44922;0.45898;0.46875;0.47852;0.48828;0.49805;0.50781;0.51758;0.52734;0.53711;0.54688;0.55664;0.56641;0.57617;0.58594;0.5957;0.60547;0.61523;0.625;0.63477;0.64453;0.6543;0.66406;0.67383;0.68359;0.69336;0.70313;0.71289;0.72266;0.73242;0.74219;0.75195;0.76172;0.77148;0.78125;0.79102,0.0050350080000000005;0.014195712;0.009740288;0.009618432000000001;0.01377792;0.014838783999999999;0.014569472;0.008745984;0.0085504;0.012215296;0.014439424000000001;0.021317632000000003;0.026279935999999997;0.00852992;0.002879488;0.0021985280000000004;0.001983488;0.001604608;0.002158592;0.001755136;0.0014192640000000002;0.0009482239999999999;0.001560576;0.001273856;0.0005683200000000001;0.000738304;0.0008366080000000001;0.0007229440000000001;0.000623616;0.000626688;0.000653312;0.000545792;0.0008622079999999999;0.001030144;0.001563648;0.001850368;0.0017182719999999999;0.0019455999999999998;0.002792448;0.003596288;0.0044902399999999995;0.006725632;0.0070942719999999996;0.006084608;0.006761472000000001;0.005878784;0.008396800000000001;0.008308735999999999;0.009884672;0.009044992;0.008413183999999999;0.006792192;0.005066752000000001;0.005097472;0.0064348159999999995;0.005449728;0.004502528;0.005392384;0.004132864;0.004002816;0.00484352;0.0033638400000000003;0.0033617919999999997;0.003375104;0.004938752;0.005978112;0.00565248;0.005446656;0.004247552;0.0036648960000000004;0.003924992;0.005380095999999999;0.0044748800000000005;0.005430272000000001;0.005112832;0.0036433919999999996;0.003554304;0.0032348159999999997;0.0039495680000000005
1789802100,hdr,0.0293;0.03906;0.04883;0.05859;0.06836;0.07813;0.08789;0.09766;0.10742;0.11719;0.12695;0.13672;0.14648;0.15625;0.16602;0.17578;0.18555;0.19531;0.20508;0.21484;0.22461;0.23438;0.24414;0.25391;0.26367;0.27344;0.2832;0.29297;0.30273;0.3125;0.32227;0.33203;0.3418;0.35156;0.36133;0.37109;0.38086;0.39063;0.40039;0.41016;0.41992;0.42969;0.43945;0.44922;0.45898;0.46875;0.47852;0.48828;0.49805;0.50781;0.51758;0.52734;0.53711;0.54688;0.55664;0.56641;0.57617;0.58594;0.5957;0.60547;0.61523;0.625;0.63477;0.64453;0.6543;0.66406;0.67383;0.68359;0.69336;0.70313;0.71289;0.72266;0.73242;0.74219;0.75195;0.76172;0.77148;0.78125;0.79102,0.005610496;0.0111104;0.009250816;0.009967616;0.021619712;0.043854847999999995;0.015067136;0.007832576;0.010578944;0.012693504000000001;0.01632256;0.014273536;0.017687552;0.010330111999999999;0.003443712;0.002909184;0.002130944;0.001580032;0.0014172160000000002;0.001480704;0.001432576;0.001015808;0.001088512;0.000884736;0.0007413760000000001;0.0006092800000000001;0.000719872;0.000816128;0.0007096320000000001;0.000662528;0.000395264;0.00046284799999999997;0.000854016;0.000964608;0.001181696;0.0021227520000000003;0.0024309759999999996;0.0022702079999999997;0.0015267839999999998;0.0020633599999999998;0.002147328;0.0026419199999999994;0.003821568;0.006397952;0.005186560000000001;0.006603776;0.00860672;0.005993472;0.007474175999999999;0.009090047999999998;0.0066048;0.005777408;0.006093823999999999;0.006280192;0.00424448;0.0044974080000000005;0.004599808;0.0045875199999999994;0.005042176000000001;0.003398656;0.00399872;0.0037048320000000004;0.003670016;0.00275456;0.004148224;0.00476672;0.005354496;0.0032296959999999998;0.0031938559999999997;0.002921472;0.003666944;0.0042035200000000005;0.0040796159999999995;0.0036864000000000003;0.004688896;0.004278272;0.0032204799999999995;0.003613696;0.00311296
1789803000,hdr,0.0293;0.03906;0.04883;0.05859;0.06836;0.07813;0.08789;0.09766;0.10742;0.11719;0.12695;0.13672;0.14648;0.15625;0.16602;0.17578;0.18555;0.19531;0.20508;0.21484;0.22461;0.23438;0.24414;0.25391;0.26367;0.27344;0.2832;0.29297;0.30273;0.3125;0.32227;0.33203;0.3418;0.35156;0.36133;0.37109;0.38086;0.39063;0.40039;0.41016;0.41992;0.42969;0.43945;0.44922;0.45898;0.46875;0.47852;0.48828;0.49805;0.50781;0.51758;0.52734;0.53711;0.54688;0.55664;0.56641;0.57617;0.58594;0.5957;0.60547;0.61523;0.625;0.63477;0.64453;0.6543;0.66406;0.67383;0.68359;0.69336;0.70313;0.71289;0.72266;0.73242;0.74219;0.75195;0.76172;0.77148;0.78125;0.79102,0.003355648;0.015450112;0.017819648;0.007179264;0.013092864000000001;0.020997119999999998;0.016820223999999998;0.00935936;0.005880831999999999;0.008297472000000002;0.016156672;0.025538560000000002;0.017612799999999998;0.011611136000000001;0.007554048;0.0035440640000000004;0.00255488;0.0017479680000000001;0.0010250239999999998;0.001325056;0.001412096;0.000937984;0.001186816;0.000932864;0.00062976;0.000764928;0.001316864;0.0008355839999999999;0.0005744639999999999;0.0009256959999999999;0.00075776;0.0007925759999999999;0.001010688;0.000891904;0.00152576;0.00119808;0.0010956800000000001;0.00111104;0.0010373119999999999;0.0025405440000000005;0.00311296;0.002665472;0.003530752;0.004652032;0.007334912;0.006239232;0.004476928;0.006322176;0.009435136;0.007420928;0.008860671999999998;0.00726528;0.007888896;0.006424576;0.004842496;0.005323776;0.007213056;0.004166656;0.004740096;0.003718144;0.003898368;0.003254272;0.002909184;0.003767296;0.004793344;0.004948991999999999;0.003653632;0.002419712;0.002302976;0.003710976;0.003687424;0.0038635519999999997;0.002097152;0.003079168;0.0028272640000000003;0.0025251839999999998;0.002407424;0.0014233599999999998;0.0018155520000000002
1789803900,hdr,0.0293;0.03906;0.04883;0.05859;0.06836;0.07813;0.08789;0.09766;0.10742;0.11719;0.12695;0.13672;0.14648;0.15625;0.16602;0.17578;0.18555;0.19531;0.20508;0.21484;0.22461;0.23438;0.24414;0.25391;0.26367;0.27344;0.2832;0.29297;0.30273;0.3125;0.32227;0.33203;0.3418;0.35156;0.36133;0.37109;0.38086;0.39063;0.40039;0.41016;0.41992;0.42969;0.43945;0.44922;0.45898;0.46875;0.47852;0.48828;0.49805;0.50781;0.51758;0.52734;0.53711;0.54688;0.55664;0.56641;0.57617;0.58594;0.5957;0.60547;0.61523;0.625;0.63477;0.64453;0.6543;0.66406;0.67383;0.68359;0.69336;0.70313;0.71289;0.72266;0.73242;0.74219;0.75195;0.76172;0.77148;0.78125;0.79102,0.00299008;0.009611264000000001;0.011491328;0.007175168000000001;0.011762688;0.024446976;0.017475584000000002;0.008515584000000001;0.012137472000000002;0.020713471999999997;0.02225152;0.022864896;0.030276608;0.017696768;0.005245952;0.0032348159999999997;0.0019947520000000002;0.001840128;0.001661952;0.0013608960000000001;0.00138752;0.001650688;0.00167936;0.001581056;0.0014172160000000002;0.0007843840000000001;0.000768;0.000635904;0.0007495679999999999;0.000468992;0.0004884479999999999;0.0006676480000000001;0.0007833599999999999;0.001078272;0.00110592;0.001210368;0.0010209280000000002;0.001862656;0.002390016;0.00262144;0.002840576;0.003070976;0.003110912;0.0046592;0.0046817280000000005;0.0030341120000000003;0.003079168;0.005359616;0.004307968;0.00398336;0.007471104;0.008129536;0.00767488;0.00758784;0.005374976000000001;0.003777536;0.002962432;0.0029952000000000004;0.003318784;0.002568192;0.004805632000000001;0.004163584;0.003565568;0.002676736;0.0022835200000000003;0.003432448;0.003068928;0.0033955839999999997;0.002397184;0.001910784;0.002015232;0.002107392;0.0014233599999999998;0.0016138239999999998;0.0023357440000000003;0.00261632;0.0028927999999999996;0.00169984;0.001805312
1789804800,hdr,0.0293;0.03906;0.04883;0.05859;0.06836;0.07813;0.08789;0.09766;0.10742;0.11719;0.12695;0.13672;0.14648;0.15625;0.16602;0.17578;0.18555;0.19531;0.20508;0.21484;0.22461;0.23438;0.24414;0.25391;0.26367;0.27344;0.2832;0.29297;0.30273;0.3125;0.32227;0.33203;0.3418;0.35156;0.36133;0.37109;0.38086;0.39063;0.40039;0.41016;0.41992;0.42969;0.43945;0.44922;0.45898;0.46875;0.47852;0.48828;0.49805;0.50781;0.51758;0.52734;0.53711;0.54688;0.55664;0.56641;0.57617;0.58594;0.5957;0.60547;0.61523;0.625;0.63477;0.64453;0.6543;0.66406;0.67383;0.68359;0.69336;0.70313;0.71289;0.72266;0.73242;0.74219;0.75195;0.76172;0.77148;0.78125;0.79102,0.003958784;0.007656448000000001;0.0021667839999999997;0.003021824;0.008675328;0.025519104;0.012048384;0.004750336;0.005774336000000001;0.011596799999999999;0.015997952;0.015355904;0.014759936;0.012566528;0.012017664;0.005332992;0.0024852480000000002;0.002532352;0.002568192;0.0017889280000000002;0.001042432;0.0009318400000000001;0.0009830400000000001;0.000937984;0.001011712;0.000764928;0.00104448;0.00092672;0.00075264;0.000514048;0.000249856;0.0004884479999999999;0.000877568;0.000745472;0.000610304;0.001137664;0.0017182719999999999;0.002546688;0.002562048;0.0020490240000000004;0.003678208;0.005897216;0.0041216000000000004;0.0044605439999999994;0.004615167999999999;0.00767488;0.008451072;0.007183360000000001;0.009787392;0.007367680000000001;0.00370688;0.005280768;0.006259712000000001;0.008723456000000001;0.004764671999999999;0.003618816;0.003070976;0.003269632;0.003516416;0.004704256;0.0054312959999999995;0.004337664;0.0037877759999999996;0.004377600000000001;0.0035717120000000003;0.001759232;0.002159616;0.002282496;0.002348032;0.00311808;0.002332672;0.001666048;0.0021944319999999996;0.003429376;0.0031375360000000002;0.0024883199999999996;0.002911232;0.0029992960000000003;0.0019937279999999997
1789805700,hdr,0.0293;0.03906;0.04883;0.05859;0.06836;0.07813;0.08789;0.09766;0.10742;0.11719;0.12695;0.13672;0.14648;0.15625;0.16602;0.17578;0.18555;0.19531;0.20508;0.21484;0.22461;0.23438;0.24414;0.25391;0.26367;0.27344;0.2832;0.29297;0.30273;0.3125;0.32227;0.33203;0.3418;0.35156;0.36133;0.37109;0.38086;0.39063;0.40039;0.41016;0.41992;0.42969;0.43945;0.44922;0.45898;0.46875;0.47852;0.48828;0.49805;0.50781;0.51758;0.52734;0.53711;0.54688;0.55664;0.56641;0.57617;0.58594;0.5957;0.60547;0.61523;0.625;0.63477;0.64453;0.6543;0.66406;0.67383;0.68359;0.69336;0.70313;0.71289;0.72266;0.73242;0.74219;0.75195;0.76172;0.77148;0.78125;0.79102,0.0034713599999999997;0.004489216;0.0060262399999999995;0.009066496;0.011188224;0.01279488;0.007583744000000001;0.009905152;0.00880128;0.012901376;0.018543616000000002;0.016428032000000002;0.021213183999999996;0.02033664;0.009893888;0.004261888;0.002515968;0.002716672;0.0022528;0.001404928;0.00084992;0.000840704;0.00118272;0.001063936;0.0007055360000000001;0.00052736;0.000750592;0.000756736;0.000950272;0.0013199359999999999;0.00123904;0.0011735040000000001;0.001002496;0.000932864;0.001816576;0.001746944;0.001416192;0.001686528;0.0015534079999999998;0.001763328;0.0022814719999999997;0.002117632;0.0028047360000000004;0.002551808;0.003390464;0.00512;0.005819392;0.004758528000000001;0.007276544000000001;0.008926208;0.009537536;0.006711296;0.005643264;0.005355520000000001;0.006934528000000001;0.007712768;0.0061808639999999995;0.005321728;0.004271104;0.00401408;0.004099072;0.003892224;0.0039700479999999995;0.0032460799999999997;0.002874368;0.0024924160000000003;0.0028538879999999997;0.00293888;0.002881536;0.0024002560000000004;0.001637376;0.0015953919999999997;0.00231424;0.0021893120000000005;0.0018595839999999998;0.0016066560000000001;0.001687552;0.0020183040000000003;0.002813952
1789806600,hdr,0.0293;0.03906;0.04883;0.05859;0.06836;0.07813;0.08789;0.09766;0.10742;0.11719;0.12695;0.13672;0.14648;0.15625;0.16602;0.17578;0.18555;0.19531;0.20508;0.21484;0.22461;0.23438;0.24414;0.25391;0.26367;0.27344;0.2832;0.29297;0.30273;0.3125;0.32227;0.33203;0.3418;0.35156;0.36133;0.37109;0.38086;0.39063;0.40039;0.41016;0.41992;0.42969;0.43945;0.44922;0.45898;0.46875;0.47852;0.48828;0.49805;0.50781;0.51758;0.52734;0.53711;0.54688;0.55664;0.56641;0.57617;0.58594;0.5957;0.60547;0.61523;0.625;0.63477;0.64453;0.6543;0.66406;0.67383;0.68359;0.69336;0.70313;0.71289;0.72266;0.73242;0.74219;0.75195;0.76172;0.77148;0.78125;0.79102,0.0023388159999999996;0.005141504;0.006662143999999999;0.0032593920000000003;0.006160384;0.011971584;0.010356735999999998;0.005470208000000001;0.007377919999999999;0.014696448;0.01899008;0.027757568;0.037499904;0.025202687999999997;0.012121088;0.003653632;0.002464768;0.001333248;0.001243136;0.001429504;0.000996352;0.0011048960000000002;0.0013639680000000001;0.000881664;0.000738304;0.000621568;0.0007106559999999999;0.000698368;0.000526336;0.000483328;0.0006912;0.0010291200000000001;0.001058816;0.001087488;0.001122304;0.001467392;0.0014110720000000002;0.001895424;0.0014151679999999999;0.001523712;0.0013987840000000001;0.0016988160000000001;0.0017336320000000001;0.0027965439999999998;0.00345088;0.002844672;0.0033372160000000005;0.003848192;0.0038963199999999996;0.008587263999999999;0.014835712;0.009432064;0.007810048;0.00877056;0.008274944;0.006746112;0.005030912;0.004117504;0.004793344;0.0043284479999999995;0.0024494079999999997;0.0033372160000000005;0.00431104;0.004042752;0.0037888;0.002904064;0.002407424;0.00210944;0.002921472;0.001961984;0.0014991359999999999;0.0014028799999999998;0.001302528;0.0019394560000000002;0.0022978559999999996;0.0017930239999999998;0.001717248;0.001692672;0.0026705920000000003
1789807500,hdr,0.0293;0.03906;0.04883;0.05859;0.06836;0.07813;0.08789;0.09766;0.10742;0.11719;0.12695;0.13672;0.14648;0.15625;0.16602;0.17578;0.18555;0.19531;0.20508;0.21484;0.22461;0.23438;0.24414;0.25391;0.26367;0.27344;0.2832;0.29297;0.30273;0.3125;0.32227;0.33203;0.3418;0.35156;0.36133;0.37109;0.38086;0.39063;0.40039;0.41016;0.41992;0.42969;0.43945;0.44922;0.45898;0.46875;0.47852;0.48828;0.49805;0.50781;0.51758;0.52734;0.53711;0.54688;0.55664;0.56641;0.57617;0.58594;0.5957;0.60547;0.61523;0.625;0.63477;0.64453;0.6543;0.66406;0.67383;0.68359;0.69336;0.70313;0.71289;0.72266;0.73242;0.74219;0.75195;0.76172;0.77148;0.78125;0.79102,0.00160256;0.0016230399999999999;0.008601600000000001;0.010876928;0.006818816;0.005781504;0.004813824;0.005088256;0.012815360000000001;0.017712128;0.0157696;0.023081983999999996;0.028369920000000003;0.02115072;0.014071808000000002;0.006281215999999999;0.0021821440000000004;0.00169984;0.0027013120000000004;0.002179072;0.0022968320000000004;0.000968704;0.0005816320000000001;0.000590848;0.000760832;0.0006840319999999999;0.0009349119999999999;0.0008110079999999999;0.00063488;0.000772096;0.000754688;0.000828416;0.00068608;0.000748544;0.001014784;0.001000448;0.0024719359999999997;0.001728512;0.001014784;0.0014919679999999998;0.001574912;0.0013608960000000001;0.001358848;0.001498112;0.001958912;0.0031569919999999995;0.004882432;0.002592768;0.00390144;0.003396608;0.004298752;0.005639168;0.007309312;0.00512;0.005532672;0.006545408;0.003862528;0.0039495680000000005;0.005071872000000001;0.004165632;0.003382272;0.002113536;0.0020244480000000003;0.004255744;0.003749888;0.003038208;0.002929664;0.003144704;0.002398208;0.0016128;0.001406976;0.0012605440000000002;0.0016168960000000003;0.0019128320000000002;0.001532928;0.0010946560000000003;0.000779264;0.001063936;0.0013035520000000001
1789808400,hdr,0.0293;0.03906;0.04883;0.05859;0.06836;0.07813;0.08789;0.09766;0.10742;0.11719;0.12695;0.13672;0.14648;0.15625;0.16602;0.17578;0.18555;0.19531;0.20508;0.21484;0.22461;0.23438;0.24414;0.25391;0.26367;0.27344;0.2832;0.29297;0.30273;0.3125;0.32227;0.33203;0.3418;0.35156;0.36133;0.37109;0.38086;0.39063;0.40039;0.41016;0.41992;0.42969;0.43945;0.44922;0.45898;0.46875;0.47852;0.48828;0.49805;0.50781;0.51758;0.52734;0.53711;0.54688;0.55664;0.56641;0.57617;0.58594;0.5957;0.60547;0.61523;0.625;0.63477;0.64453;0.6543;0.66406;0.67383;0.68359;0.69336;0.70313;0.71289;0.72266;0.73242;0.74219;0.75195;0.76172;0.77148;0.78125;0.79102,0.007398399999999999;0.011234304;0.009188352;0.010877952000000001;0.013376512;0.017537024;0.007428096;0.005997568;0.0074332159999999994;0.014475264;0.0219136;0.022892544;0.018115584;0.027327487999999997;0.021142527999999997;0.008352768;0.0031815679999999996;0.0017725439999999998;0.0016424959999999998;0.001374208;0.0012953600000000002;0.001292288;0.00158208;0.001409024;0.001188864;0.000774144;0.00052736;0.00084992;0.00089088;0.000807936;0.001306624;0.00142848;0.001508352;0.001472512;0.001371136;0.00146432;0.001371136;0.00157184;0.001024;0.0008212479999999999;0.001734656;0.002865152;0.003733504;0.004649983999999999;0.005151744;0.005569536;0.0051271680000000005;0.007294976000000001;0.006407168;0.006611968;0.009596928;0.010780671999999998;0.005392384;0.003699712;0.004169728;0.005694464;0.007083008000000001;0.0046223359999999995;0.004964352;0.004516864;0.002576384;0.00247296;0.003708928;0.003756032;0.003889152;0.0031027200000000002;0.002250752;0.002060288;0.002051072;0.001412096;0.001572864;0.001975296;0.001839104;0.00135168;0.0015185919999999998;0.002188288;0.00129024;0.0016230399999999999;0.001967104
1789809300,hdr,0.0293;0.03906;0.04883;0.05859;0.06836;0.07813;0.08789;0.09766;0.10742;0.11719;0.12695;0.13672;0.14648;0.15625;0.16602;0.17578;0.18555;0.19531;0.20508;0.21484;0.22461;0.23438;0.24414;0.25391;0.26367;0.27344;0.2832;0.29297;0.30273;0.3125;0.32227;0.33203;0.3418;0.35156;0.36133;0.37109;0.38086;0.39063;0.40039;0.41016;0.41992;0.42969;0.43945;0.44922;0.45898;0.46875;0.47852;0.48828;0.49805;0.50781;0.51758;0.52734;0.53711;0.54688;0.55664;0.56641;0.57617;0.58594;0.5957;0.60547;0.61523;0.625;0.63477;0.64453;0.6543;0.66406;0.67383;0.68359;0.69336;0.70313;0.71289;0.72266;0.73242;0.74219;0.75195;0.76172;0.77148;0.78125;0.79102,0.00404992;0.008173567999999999;0.004783103999999999;0.0026368000000000003;0.00290304;0.017009664;0.020677631999999998;0.009157631999999999;0.005921792;0.01782784;0.031214592;0.03323392;0.023980032000000002;0.013284352000000001;0.011191296;0.006586368;0.002304;0.001570816;0.0012154879999999998;0.0016384000000000001;0.0014878720000000001;0.00206848;0.00152576;0.000970752;0.001166336;0.000871424;0.000698368;0.000772096;0.0007168;0.0005744639999999999;0.000380928;0.00079872;0.0010455039999999998;0.0011960319999999999;0.0010475520000000002;0.002258944;0.0018687999999999999;0.0018196479999999999;0.002226176;0.0023111679999999997;0.0018432000000000001;0.001777664;0.0028395519999999995;0.0042035200000000005;0.004486144;0.006074367999999999;0.006199296;0.0053913599999999996;0.007022592;0.00502272;0.004942848;0.004645888;0.0050728959999999995;0.005532672;0.008462336;0.007426048;0.005059584;0.004641792;0.0045076479999999995;0.00485888;0.003067904;0.00245248;0.00298496;0.0065740799999999995;0.005231616;0.003820544;0.0032020480000000003;0.002112512;0.002618368;0.00329728;0.00269824;0.0028723200000000003;0.0025415679999999997;0.0025651199999999997;0.0025651199999999997;0.001970176;0.001562624;0.0022937599999999997;0.002929664
1789810200,hdr,0.0293;0.03906;0.04883;0.05859;0.06836;0.07813;0.08789;0.09766;0.10742;0.11719;0.12695;0.13672;0.14648;0.15625;0.16602;0.17578;0.18555;0.19531;0.20508;0.21484;0.22461;0.23438;0.24414;0.25391;0.26367;0.27344;0.2832;0.29297;0.30273;0.3125;0.32227;0.33203;0.3418;0.35156;0.36133;0.37109;0.38086;0.39063;0.40039;0.41016;0.41992;0.42969;0.43945;0.44922;0.45898;0.46875;0.47852;0.48828;0.49805;0.50781;0.51758;0.52734;0.53711;0.54688;0.55664;0.56641;0.57617;0.58594;0.5957;0.60547;0.61523;0.625;0.63477;0.64453;0.6543;0.66406;0.67383;0.68359;0.69336;0.70313;0.71289;0.72266;0.73242;0.74219;0.75195;0.76172;0.77148;0.78125;0.79102,0.000246784;0.0023818240000000003;0.004810752;0.001221632;0.004261888;0.021165056;0.00766976;0.005417984;0.00811008;0.00933376;0.009106432000000001;0.014235648;0.015648768;0.011834368;0.018204671999999998;0.010171392000000001;0.0029788160000000004;0.001133568;0.0013793280000000002;0.0012666880000000002;0.000992256;0.000995328;0.000782336;0.00064;0.0006912;0.000790528;0.0005304320000000001;0.000576512;0.000873472;0.000766976;0.00092672;0.00090112;0.000774144;0.001277952;0.001426432;0.002139136;0.002807808;0.00358912;0.00444416;0.005496832;0.0032266240000000004;0.0049602560000000006;0.004478976000000001;0.003356672;0.00262656;0.0040448;0.005787648;0.005966848;0.005583872;0.0064256;0.015323136000000001;0.014483456;0.008179712;0.009034751999999998;0.00508928;0.006495232;0.0062699520000000005;0.003969024;0.0023429120000000004;0.002143232;0.002996224;0.004983808;0.003168256;0.0022968320000000004;0.002331648;0.002967552;0.00374784;0.004621312;0.004204544;0.00306176;0.0030033919999999997;0.0022886399999999998;0.0027392;0.0016906239999999997;0.001301504;0.00131584;0.0012451839999999999;0.001263616;0.00131584
1789811100,hdr,0.0293;0.03906;0.04883;0.05859;0.06836;0.07813;0.08789;0.09766;0.10742;0.11719;0.12695;0.13672;0.14648;0.15625;0.16602;0.17578;0.18555;0.19531;0.20508;0.21484;0.22461;0.23438;0.24414;0.25391;0.26367;0.27344;0.2832;0.29297;0.30273;0.3125;0.32227;0.33203;0.3418;0.35156;0.36133;0.37109;0.38086;0.39063;0.40039;0.41016;0.41992;0.42969;0.43945;0.44922;0.45898;0.46875;0.47852;0.48828;0.49805;0.50781;0.51758;0.52734;0.53711;0.54688;0.55664;0.56641;0.57617;0.58594;0.5957;0.60547;0.61523;0.625;0.63477;0.64453;0.6543;0.66406;0.67383;0.68359;0.69336;0.70313;0.71289;0.72266;0.73242;0.74219;0.75195;0.76172;0.77148;0.78125;0.79102,0.002464768;0.0019773440000000002;0.002275328;0.004538368;0.009348096;0.009066496;0.006043648;0.003974144;0.011068416;0.020905984;0.01901568;0.026271744000000003;0.020797440000000004;0.020252672;0.017026048;0.01160192;0.003731456;0.002112512;0.001992704;0.00182272;0.001488896;0.000837632;0.00096768;0.001498112;0.000817152;0.000557056;0.0005713920000000001;0.000398336;0.0007106559999999999;0.001030144;0.0007936;0.0009205759999999999;0.001168384;0.001373184;0.0016302080000000002;0.00290816;0.004491264;0.004291584000000001;0.003700736;0.004576256;0.006037504;0.00555008;0.0077711360000000005;0.004268032;0.002663424;0.002673664;0.002993152;0.004262912000000001;0.0033832960000000005;0.005907456;0.005885951999999999;0.005363712;0.006994944;0.0070942719999999996;0.006326272;0.006016;0.006183936;0.0044851199999999996;0.004914176;0.006603776;0.005966848;0.0083712;0.005761024;0.002658304;0.0031488;0.004430848;0.0019947520000000002;0.001924096;0.003446784;0.003393536;0.002729984;0.0024104960000000003;0.0023173119999999998;0.001496064;0.001763328;0.0017152;0.001439744;0.001777664;0.002528256
1789812000,hdr,0.0293;0.03906;0.04883;0.05859;0.06836;0.07813;0.08789;0.09766;0.10742;0.11719;0.12695;0.13672;0.14648;0.15625;0.16602;0.17578;0.18555;0.19531;0.20508;0.21484;0.22461;0.23438;0.24414;0.25391;0.26367;0.27344;0.2832;0.29297;0.30273;0.3125;0.32227;0.33203;0.3418;0.35156;0.36133;0.37109;0.38086;0.39063;0.40039;0.41016;0.41992;0.42969;0.43945;0.44922;0.45898;0.46875;0.47852;0.48828;0.49805;0.50781;0.51758;0.52734;0.53711;0.54688;0.55664;0.56641;0.57617;0.58594;0.5957;0.60547;0.61523;0.625;0.63477;0.64453;0.6543;0.66406;0.67383;0.68359;0.69336;0.70313;0.71289;0.72266;0.73242;0.74219;0.75195;0.76172;0.77148;0.78125;0.79102,0.004578304;0.007687167999999999;0.006115328;0.006065152;0.005208064;0.006303744;0.009464832000000001;0.007512064;0.009565184000000001;0.023179263999999998;0.025310207999999997;0.010881024;0.016164864;0.018742272;0.013536256;0.005649408000000001;0.00292864;0.001770496;0.0016087039999999999;0.00283648;0.002455552;0.0020244480000000003;0.0011776;0.0009912319999999999;0.000766976;0.000795648;0.0006000640000000001;0.000543744;0.000995328;0.000723968;0.0005621760000000001;0.000812032;0.001087488;0.0014530559999999999;0.0018575360000000001;0.0020633599999999998;0.003067904;0.003574784;0.003931136;0.00350208;0.004081664;0.004748288;0.003818496;0.0020981759999999998;0.002419712;0.004523008;0.005044224;0.00385536;0.00404992;0.004601856;0.004855808;0.003206144;0.002193408;0.0031907839999999995;0.006211584;0.0054159360000000005;0.005260288;0.004971519999999999;0.0060016639999999994;0.006978559999999999;0.004412416;0.007779327999999999;0.006181888;0.004166656;0.004658176;0.003151872;0.00386048;0.0045312;0.003687424;0.002609152;0.0028088320000000003;0.002107392;0.001010688;0.0015226880000000001;0.00249856;0.001637376;0.0013793280000000002;0.00202752;0.002404352
1789812900,hdr,0.0293;0.03906;0.04883;0.05859;0.06836;0.07813;0.08789;0.09766;0.10742;0.11719;0.12695;0.13672;0.14648;0.15625;0.16602;0.17578;0.18555;0.19531;0.20508;0.21484;0.22461;0.23438;0.24414;0.25391;0.26367;0.27344;0.2832;0.29297;0.30273;0.3125;0.32227;0.33203;0.3418;0.35156;0.36133;0.37109;0.38086;0.39063;0.40039;0.41016;0.41992;0.42969;0.43945;0.44922;0.45898;0.46875;0.47852;0.48828;0.49805;0.50781;0.51758;0.52734;0.53711;0.54688;0.55664;0.56641;0.57617;0.58594;0.5957;0.60547;0.61523;0.625;0.63477;0.64453;0.6543;0.66406;0.67383;0.68359;0.69336;0.70313;0.71289;0.72266;0.73242;0.74219;0.75195;0.76172;0.77148;0.78125;0.79102,0.0028344320000000004;0.002555904;0.002802688;0.0037304319999999997;0.004133888;0.017254400000000003;0.009875456;0.004998144;0.008950784;0.013360127999999999;0.026620928;0.01959936;0.012957696;0.021047296;0.015696896000000002;0.008613887999999998;0.00233984;0.001619968;0.000790528;0.001429504;0.001507328;0.0013475839999999998;0.000858112;0.000582656;0.000800768;0.0008325120000000001;0.0009564160000000001;0.0009205759999999999;0.000968704;0.0008386559999999999;0.00052736;0.000349184;0.0009216000000000001;0.0010373119999999999;0.0015206400000000002;0.00197632;0.00327168;0.0029163519999999997;0.002609152;0.002871296;0.00347648;0.0027217920000000002;0.003350528;0.0024156159999999998;0.002783232;0.002980864;0.003008512;0.0029695999999999998;0.0027392;0.003103744;0.002849792;0.004052992;0.003920896;0.00486912;0.0044031999999999995;0.00464896;0.00426496;0.0038062079999999997;0.005090304;0.0054784;0.0059811840000000005;0.005464063999999999;0.004934656;0.00636928;0.006552576;0.007083008000000001;0.006976512;0.005909504;0.005189632;0.00516096;0.00361984;0.0029655040000000003;0.002909184;0.002213888;0.00172544;0.001758208;0.00170496;0.0017305600000000001;0.00176128
1789813800,hdr,0.0293;0.03906;0.04883;0.05859;0.06836;0.07813;0.08789;0.09766;0.10742;0.11719;0.12695;0.13672;0.14648;0.15625;0.16602;0.17578;0.18555;0.19531;0.20508;0.21484;0.22461;0.23438;0.24414;0.25391;0.26367;0.27344;0.2832;0.29297;0.30273;0.3125;0.32227;0.33203;0.3418;0.35156;0.36133;0.37109;0.38086;0.39063;0.40039;0.41016;0.41992;0.42969;0.43945;0.44922;0.45898;0.46875;0.47852;0.48828;0.49805;0.50781;0.51758;0.52734;0.53711;0.54688;0.55664;0.56641;0.57617;0.58594;0.5957;0.60547;0.61523;0.625;0.63477;0.64453;0.6543;0.66406;0.67383;0.68359;0.69336;0.70313;0.71289;0.72266;0.73242;0.74219;0.75195;0.76172;0.77148;0.78125;0.79102,0.0022968320000000004;0.005231616;0.0029337599999999997;0.0032583679999999998;0.007133184;0.012403712;0.014821376;0.008424448000000001;0.007560192;0.012176384;0.013210623999999999;0.014354431999999999;0.018357248;0.013908992;0.011708416;0.008162304;0.004562943999999999;0.0023511039999999997;0.0021217280000000002;0.0012462080000000002;0.000867328;0.0009717759999999999;0.001251328;0.000907264;0.000611328;0.000661504;0.000580608;0.0005857280000000001;0.0008304639999999999;0.001030144;0.00098816;0.000692224;0.0006830079999999999;0.001005568;0.001529856;0.0012288;0.001416192;0.001891328;0.00183808;0.002286592;0.0030863360000000003;0.003309568;0.0027729919999999997;0.002604032;0.00404992;0.0036382720000000006;0.002929664;0.002767872;0.005269504000000001;0.005323776;0.006193152;0.00430592;0.0038932479999999998;0.0049408;0.005977087999999999;0.00631296;0.006254592;0.004323328;0.005888;0.004636672;0.006705152;0.007196672;0.005993472;0.0049858559999999994;0.00377856;0.004896768;0.003765248;0.0025978880000000005;0.0050104319999999996;0.004603904000000001;0.003885056;0.002620416;0.001905664;0.001734656;0.00237056;0.0023275519999999997;0.0022968320000000004;0.002040832;0.001380352
1789814700,hdr,0.0293;0.03906;0.04883;0.05859;0.06836;0.07813;0.08789;0.09766;0.10742;0.11719;0.12695;0.13672;0.14648;0.15625;0.16602;0.17578;0.18555;0.19531;0.20508;0.21484;0.22461;0.23438;0.24414;0.25391;0.26367;0.27344;0.2832;0.29297;0.30273;0.3125;0.32227;0.33203;0.3418;0.35156;0.36133;0.37109;0.38086;0.39063;0.40039;0.41016;0.41992;0.42969;0.43945;0.44922;0.45898;0.46875;0.47852;0.48828;0.49805;0.50781;0.51758;0.52734;0.53711;0.54688;0.55664;0.56641;0.57617;0.58594;0.5957;0.60547;0.61523;0.625;0.63477;0.64453;0.6543;0.66406;0.67383;0.68359;0.69336;0.70313;0.71289;0.72266;0.73242;0.74219;0.75195;0.76172;0.77148;0.78125;0.79102,0.007479295999999999;0.006283264;0.004837376;0.002111488;0.005363712;0.010840064;0.008443904;0.007783424;0.011185152;0.019656704;0.018335743999999998;0.0170752;0.019863552;0.017915904000000003;0.017094656;0.008638464;0.0033546239999999996;0.0018257920000000001;0.001165312;0.0008488959999999999;0.001042432;0.0009041920000000001;0.000774144;0.0007976959999999999;0.0008744960000000001;0.000688128;0.000590848;0.000809984;0.000989184;0.000672768;0.0005724160000000001;0.0007833599999999999;0.000858112;0.00100352;0.001352704;0.0012544;0.001106944;0.001468416;0.001765376;0.0021893120000000005;0.002417664;0.0022231040000000005;0.0022978559999999996;0.003269632;0.002792448;0.002861056;0.0028487680000000002;0.002397184;0.002358272;0.003154944;0.005466112;0.007875584;0.004343808;0.006619136;0.008805376;0.0039055360000000003;0.005649408000000001;0.0074332159999999994;0.006162432;0.004769791999999999;0.004412416;0.00452608;0.005912576;0.005322752;0.004767744000000001;0.003562496;0.0045322240000000005;0.003468288;0.0034713599999999997;0.0028467199999999996;0.003551232;0.0035932159999999998;0.002994176;0.0027217920000000002;0.0019128320000000002;0.0020162559999999997;0.003209216;0.0019128320000000002;0.001147904
1789815600,hdr,0.0293;0.03906;0.04883;0.05859;0.06836;0.07813;0.08789;0.09766;0.10742;0.11719;0.12695;0.13672;0.14648;0.15625;0.16602;0.17578;0.18555;0.19531;0.20508;0.21484;0.22461;0.23438;0.24414;0.25391;0.26367;0.27344;0.2832;0.29297;0.30273;0.3125;0.32227;0.33203;0.3418;0.35156;0.36133;0.37109;0.38086;0.39063;0.40039;0.41016;0.41992;0.42969;0.43945;0.44922;0.45898;0.46875;0.47852;0.48828;0.49805;0.50781;0.51758;0.52734;0.53711;0.54688;0.55664;0.56641;0.57617;0.58594;0.5957;0.60547;0.61523;0.625;0.63477;0.64453;0.6543;0.66406;0.67383;0.68359;0.69336;0.70313;0.71289;0.72266;0.73242;0.74219;0.75195;0.76172;0.77148;0.78125;0.79102,0.00433152;0.009735167999999999;0.009347072;0.0048332800000000006;0.008565759999999999;0.021710847999999998;0.018192384000000002;0.006877183999999999;0.011809792;0.013903872;0.01058816;0.013191168;0.019748864;0.016745471999999997;0.015574016;0.0083712;0.0027883520000000005;0.001452032;0.0017018880000000001;0.00198144;0.001875968;0.0019886079999999998;0.0014796800000000001;0.000714752;0.000712704;0.0008089600000000001;0.0007557120000000001;0.00054272;0.000801792;0.00100352;0.000413696;0.00036352;0.000939008;0.00178688;0.0026624;0.002315264;0.002992128;0.002883584;0.002021376;0.002056192;0.0024811519999999995;0.002592768;0.001974272;0.002096128;0.00242176;0.002594816;0.0039546880000000005;0.0038307840000000003;0.004909055999999999;0.008758272;0.009524224;0.009965568;0.012126208000000001;0.009107456;0.005777408;0.0077864959999999995;0.008915967999999998;0.008015872;0.008758272;0.0055552;0.0024924160000000003;0.003923968;0.007508992;0.0035123199999999998;0.004996095999999999;0.00427008;0.003488768;0.00422912;0.003971072;0.002801664;0.001861632;0.001659904;0.0017807360000000002;0.002420736;0.002500608;0.002287616;0.0033105920000000002;0.002760704;0.002500608
1789816500,hdr,0.0293;0.03906;0.04883;0.05859;0.06836;0.07813;0.08789;0.09766;0.10742;0.11719;0.12695;0.13672;0.14648;0.15625;0.16602;0.17578;0.18555;0.19531;0.20508;0.21484;0.22461;0.23438;0.24414;0.25391;0.26367;0.27344;0.2832;0.29297;0.30273;0.3125;0.32227;0.33203;0.3418;0.35156;0.36133;0.37109;0.38086;0.39063;0.40039;0.41016;0.41992;0.42969;0.43945;0.44922;0.45898;0.46875;0.47852;0.48828;0.49805;0.50781;0.51758;0.52734;0.53711;0.54688;0.55664;0.56641;0.57617;0.58594;0.5957;0.60547;0.61523;0.625;0.63477;0.64453;0.6543;0.66406;0.67383;0.68359;0.69336;0.70313;0.71289;0.72266;0.73242;0.74219;0.75195;0.76172;0.77148;0.78125;0.79102,0.010085376;0.017906687999999997;0.013797376;0.012337152;0.008706048;0.015986688;0.025455615999999997;0.014224384;0.010129408;0.017103872;0.018817024;0.014487552;0.014067712;0.010353664;0.007292928;0.00503296;0.005467136;0.003351552;0.002859008;0.002110464;0.0012400640000000001;0.001257472;0.00136704;0.001263616;0.001234944;0.001087488;0.000630784;0.000782336;0.0009400319999999999;0.000654336;0.0014499839999999999;0.001063936;0.000520192;0.0008151040000000001;0.000910336;0.000893952;0.001641472;0.001488896;0.0018288640000000001;0.0031395840000000004;0.002456576;0.001497088;0.001895424;0.003340288;0.003559424;0.0021626880000000003;0.0028047360000000004;0.0038430719999999995;0.007279616;0.00889856;0.006218752;0.00336896;0.006964224;0.008252416;0.005352448;0.0051619840000000005;0.011355136;0.0077987840000000004;0.004260864;0.005323776;0.004407296;0.0043806719999999995;0.003493888;0.0029429759999999995;0.004130816000000001;0.0035471359999999998;0.003597312;0.0039424;0.003191808;0.0032573439999999997;0.00258048;0.002108416;0.003874816;0.0026286079999999997;0.002456576;0.002952192;0.0021964800000000002;0.00151552;0.0014858240000000002
1789817400,hdr,0.0293;0.03906;0.04883;0.05859;0.06836;0.07813;0.08789;0.09766;0.10742;0.11719;0.12695;0.13672;0.14648;0.15625;0.16602;0.17578;0.18555;0.19531;0.20508;0.21484;0.22461;0.23438;0.24414;0.25391;0.26367;0.27344;0.2832;0.29297;0.30273;0.3125;0.32227;0.33203;0.3418;0.35156;0.36133;0.37109;0.38086;0.39063;0.40039;0.41016;0.41992;0.42969;0.43945;0.44922;0.45898;0.46875;0.47852;0.48828;0.49805;0.50781;0.51758;0.52734;0.53711;0.54688;0.55664;0.56641;0.57617;0.58594;0.5957;0.60547;0.61523;0.625;0.63477;0.64453;0.6543;0.66406;0.67383;0.68359;0.69336;0.70313;0.71289;0.72266;0.73242;0.74219;0.75195;0.76172;0.77148;0.78125;0.79102,0.009153536;0.017740799999999998;0.015271936;0.0078110720000000005;0.009889792;0.013031424;0.009607168;0.0071464960000000004;0.00631296;0.013504512;0.012480512;0.010005504;0.008580095999999999;0.008180736;0.003816448;0.004603904000000001;0.004845568000000001;0.0030361600000000004;0.001670144;0.001611776;0.001672192;0.0017602560000000002;0.00158208;0.001529856;0.001125376;0.001057792;0.0011284479999999998;0.000616448;0.0006830079999999999;0.000779264;0.00067072;0.000903168;0.001273856;0.000986112;0.001455104;0.0013547519999999999;0.00169472;0.002697216;0.0029695999999999998;0.0028989440000000005;0.0018718720000000001;0.00192;0.001754112;0.002873344;0.003080192;0.0031969280000000004;0.004026368;0.005062656;0.004326399999999999;0.005065728;0.006596608;0.00829952;0.008148992;0.0050155519999999995;0.004688896;0.005128192;0.0031539199999999997;0.005262336;0.004370432;0.006041599999999999;0.005342208;0.0032849919999999996;0.004481023999999999;0.0030668799999999997;0.004590591999999999;0.004175872000000001;0.0035788799999999996;0.002464768;0.003079168;0.00247296;0.0031979519999999996;0.003714048;0.002275328;0.000987136;0.001978368;0.002006016;0.001692672;0.0011212799999999999;0.001486848
1789818300,hdr,0.0293;0.03906;0.04883;0.05859;0.06836;0.07813;0.08789;0.09766;0.10742;0.11719;0.12695;0.13672;0.14648;0.15625;0.16602;0.17578;0.18555;0.19531;0.20508;0.21484;0.22461;0.23438;0.24414;0.25391;0.26367;0.27344;0.2832;0.29297;0.30273;0.3125;0.32227;0.33203;0.3418;0.35156;0.36133;0.37109;0.38086;0.39063;0.40039;0.41016;0.41992;0.42969;0.43945;0.44922;0.45898;0.46875;0.47852;0.48828;0.49805;0.50781;0.51758;0.52734;0.53711;0.54688;0.55664;0.56641;0.57617;0.58594;0.5957;0.60547;0.61523;0.625;0.63477;0.64453;0.6543;0.66406;0.67383;0.68359;0.69336;0.70313;0.71289;0.72266;0.73242;0.74219;0.75195;0.76172;0.77148;0.78125;0.79102,0.0028723200000000003;0.0072314879999999995;0.004877312;0.002556928;0.006820864;0.017905664;0.016231424;0.00516608;0.009434112000000001;0.014160896;0.015830016;0.01611264;0.010128384;0.009640959999999999;0.0064419839999999996;0.0038082560000000003;0.0038082560000000003;0.0026419199999999994;0.002427904;0.00183296;0.001405952;0.001132544;0.001527808;0.001527808;0.001137664;0.0012083200000000001;0.0010721279999999999;0.0005642239999999999;0.000482304;0.000842752;0.000964608;0.001139712;0.0013312;0.001282048;0.0016384000000000001;0.002040832;0.002081792;0.0021913600000000003;0.0024494079999999997;0.00281088;0.003047424;0.0030330879999999998;0.004016128;0.002671616;0.003160064;0.003909632;0.006131712;0.007112704;0.006408192;0.006854656;0.00942592;0.014065664;0.010230784;0.006736896;0.007705599999999999;0.008843264;0.00398848;0.006327296;0.008155136;0.008046592;0.006309888;0.004194304;0.003729408;0.003531776;0.0027658239999999996;0.002674688;0.004568063999999999;0.004464640000000001;0.002102272;0.002287616;0.0035706880000000002;0.00374784;0.0026327039999999996;0.002763776;0.002902016;0.0025139200000000002;0.001810432;0.002420736;0.002214912
1789819200,hdr,0.0293;0.03906;0.04883;0.05859;0.06836;0.07813;0.08789;0.09766;0.10742;0.11719;0.12695;0.13672;0.14648;0.15625;0.16602;0.17578;0.18555;0.19531;0.20508;0.21484;0.22461;0.23438;0.24414;0.25391;0.26367;0.27344;0.2832;0.29297;0.30273;0.3125;0.32227;0.33203;0.3418;0.35156;0.36133;0.37109;0.38086;0.39063;0.40039;0.41016;0.41992;0.42969;0.43945;0.44922;0.45898;0.46875;0.47852;0.48828;0.49805;0.50781;0.51758;0.52734;0.53711;0.54688;0.55664;0.56641;0.57617;0.58594;0.5957;0.60547;0.61523;0.625;0.63477;0.64453;0.6543;0.66406;0.67383;0.68359;0.69336;0.70313;0.71289;0.72266;0.73242;0.74219;0.75195;0.76172;0.77148;0.78125;0.79102,0.003180544;0.005458943999999999;0.005233664;0.0035778560000000004;0.01108992;0.021628928;0.022775808;0.009278464;0.005608448;0.008495104;0.007339008;0.004132864;0.00624128;0.009061375999999998;0.008413183999999999;0.007672831999999999;0.0031907839999999995;0.001944576;0.0016384000000000001;0.001323008;0.0017848319999999999;0.0022886399999999998;0.002101248;0.00134656;0.001316864;0.001414144;0.000765952;0.00115712;0.001004544;0.001261568;0.00197632;0.0017182719999999999;0.001422336;0.000979968;0.0013701120000000002;0.0028385280000000003;0.002477056;0.0032471040000000002;0.00343552;0.003918848;0.00291328;0.003782656;0.0076994559999999995;0.010244096000000001;0.009884672;0.012645376;0.0128512;0.012165120000000001;0.009800704;0.009263104;0.013471743999999999;0.010619904000000001;0.008019968;0.009171967999999999;0.009151488000000001;0.00636928;0.0059760640000000005;0.003129344;0.005986304;0.0078592;0.006943744;0.0039424;0.0036116480000000003;0.003966976;0.004074496;0.003823616;0.003040256;0.003904512;0.003832832;0.0031897600000000003;0.004063232;0.003929088;0.00253952;0.002689024;0.0026787839999999996;0.0021872639999999995;0.0020736;0.002762752;0.002584576
1789820100,hdr,0.0293;0.03906;0.04883;0.05859;0.06836;0.07813;0.08789;0.09766;0.10742;0.11719;0.12695;0.13672;0.14648;0.15625;0.16602;0.17578;0.18555;0.19531;0.20508;0.21484;0.22461;0.23438;0.24414;0.25391;0.26367;0.27344;0.2832;0.29297;0.30273;0.3125;0.32227;0.33203;0.3418;0.35156;0.36133;0.37109;0.38086;0.39063;0.40039;0.41016;0.41992;0.42969;0.43945;0.44922;0.45898;0.46875;0.47852;0.48828;0.49805;0.50781;0.51758;0.52734;0.53711;0.54688;0.55664;0.56641;0.57617;0.58594;0.5957;0.60547;0.61523;0.625;0.63477;0.64453;0.6543;0.66406;0.67383;0.68359;0.69336;0.70313;0.71289;0.72266;0.73242;0.74219;0.75195;0.76172;0.77148;0.78125;0.79102,0.002272256;0.00515584;0.006144;0.003096576;0.0060385280000000005;0.014132224;0.009449472;0.006744063999999999;0.00648192;0.0066304;0.004939776;0.003151872;0.007955456;0.00690176;0.00345088;0.0028897280000000003;0.002970624;0.002299904;0.003836928;0.00272384;0.0012748800000000002;0.0019189760000000002;0.00158208;0.00141824;0.0011735040000000001;0.00109056;0.001253376;0.001161216;0.0010721279999999999;0.0012687360000000001;0.001180672;0.001974272;0.002399232;0.0017131520000000001;0.001241088;0.0023818240000000003;0.002620416;0.003021824;0.003360768;0.00358912;0.00401408;0.0058245120000000004;0.005628928;0.0070993919999999995;0.009100288;0.01000448;0.010287104;0.011302911999999998;0.012066816;0.015082496;0.01569792;0.012335104;0.011040768;0.009250816;0.008056832;0.004636672;0.0039874559999999995;0.004421632;0.006160384;0.0053411840000000006;0.003144704;0.00390144;0.004957184;0.004563968;0.0036474880000000004;0.004802559999999999;0.00417792;0.004824064;0.003796992;0.002829312;0.0028897280000000003;0.003237888;0.002195456;0.0013783040000000001;0.0017848319999999999;0.002902016;0.0020183040000000003;0.0010803199999999998;0.001277952
1789821000,hdr,0.0293;0.03906;0.04883;0.05859;0.06836;0.07813;0.08789;0.09766;0.10742;0.11719;0.12695;0.13672;0.14648;0.15625;0.16602;0.17578;0.18555;0.19531;0.20508;0.21484;0.22461;0.23438;0.24414;0.25391;0.26367;0.27344;0.2832;0.29297;0.30273;0.3125;0.32227;0.33203;0.3418;0.35156;0.36133;0.37109;0.38086;0.39063;0.40039;0.41016;0.41992;0.42969;0.43945;0.44922;0.45898;0.46875;0.47852;0.48828;0.49805;0.50781;0.51758;0.52734;0.53711;0.54688;0.55664;0.56641;0.57617;0.58594;0.5957;0.60547;0.61523;0.625;0.63477;0.64453;0.6543;0.66406;0.67383;0.68359;0.69336;0.70313;0.71289;0.72266;0.73242;0.74219;0.75195;0.76172;0.77148;0.78125;0.79102,0.003324928;0.002852864;0.006116352;0.005250047999999999;0.010187775999999999;0.017518592;0.015004671999999998;0.00659456;0.012348416000000001;0.01021952;0.008979456;0.00399872;0.0030300159999999995;0.00454144;0.004709376;0.0048609280000000005;0.003206144;0.002613248;0.002717696;0.002527232;0.002089984;0.001721344;0.0018278399999999998;0.001682432;0.002008064;0.002444288;0.0030822400000000004;0.003055616;0.00324096;0.002861056;0.003670016;0.005124096;0.00610304;0.005409792;0.004250624;0.004559872;0.004416512;0.004658176;0.0061757439999999995;0.004656128;0.004550656;0.006126591999999999;0.009367552;0.012570623999999999;0.009481216;0.011054079999999999;0.016570368;0.018465792;0.020228096;0.012594176;0.014404608000000001;0.011668480000000002;0.009875456;0.0102144;0.006885376;0.00507904;0.005547008;0.005347328;0.003653632;0.004489216;0.0037345280000000004;0.004222976;0.004893696;0.00477696;0.00386048;0.003324928;0.0029880320000000003;0.002888704;0.004002816;0.002417664;0.002061312;0.0018411519999999998;0.001462272;0.0020357120000000003;0.00241152;0.002082816;0.002435072;0.002840576;0.0023674879999999996
1789821900,hdr,0.0293;0.03906;0.04883;0.05859;0.06836;0.07813;0.08789;0.09766;0.10742;0.11719;0.12695;0.13672;0.14648;0.15625;0.16602;0.17578;0.18555;0.19531;0.20508;0.21484;0.22461;0.23438;0.24414;0.25391;0.26367;0.27344;0.2832;0.29297;0.30273;0.3125;0.32227;0.33203;0.3418;0.35156;0.36133;0.37109;0.38086;0.39063;0.40039;0.41016;0.41992;0.42969;0.43945;0.44922;0.45898;0.46875;0.47852;0.48828;0.49805;0.50781;0.51758;0.52734;0.53711;0.54688;0.55664;0.56641;0.57617;0.58594;0.5957;0.60547;0.61523;0.625;0.63477;0.64453;0.6543;0.66406;0.67383;0.68359;0.69336;0.70313;0.71289;0.72266;0.73242;0.74219;0.75195;0.76172;0.77148;0.78125;0.79102,0.048001023999999996;0.068497408;0.058863616;0.04647424000000001;0.033052672;0.029395968;0.03579392;0.022747136;0.021925887999999998;0.039460864;0.026305536;0.016147455999999998;0.015553536;0.01260032;0.01204224;0.008389632000000001;0.006651904;0.006503424;0.00482816;0.0029982719999999997;0.002896896;0.003744768;0.0034816;0.003668992;0.0051650559999999995;0.004221952;0.004716544;0.00905216;0.006005760000000001;0.003530752;0.004596736;0.0042885119999999995;0.0046991360000000005;0.004326399999999999;0.005374976000000001;0.005262336;0.005423104000000001;0.007770112;0.006890496;0.005426176;0.0061532159999999995;0.0067532799999999995;0.00884736;0.00858624;0.014839808;0.018717696;0.016784384;0.015756288;0.018071552;0.013824;0.014693376000000001;0.010303488;0.007367680000000001;0.006961152;0.009989119999999999;0.007263232;0.007283712;0.007977984;0.00524288;0.006766592000000001;0.004023296;0.003838976;0.005385215999999999;0.004793344;0.002896896;0.002733056;0.002809856;0.0032890880000000003;0.0028692479999999996;0.003237888;0.003105792;0.004176895999999999;0.003965952;0.003323904;0.001860608;0.0014847999999999999;0.001783808;0.001856512;0.001401856
1789823700,hdr,0.0293;0.03906;0.04883;0.05859;0.06836;0.07813;0.08789;0.09766;0.10742;0.11719;0.12695;0.13672;0.14648;0.15625;0.16602;0.17578;0.18555;0.19531;0.20508;0.21484;0.22461;0.23438;0.24414;0.25391;0.26367;0.27344;0.2832;0.29297;0.30273;0.3125;0.32227;0.33203;0.3418;0.35156;0.36133;0.37109;0.38086;0.39063;0.40039;0.41016;0.41992;0.42969;0.43945;0.44922;0.45898;0.46875;0.47852;0.48828;0.49805;0.50781;0.51758;0.52734;0.53711;0.54688;0.55664;0.56641;0.57617;0.58594;0.5957;0.60547;0.61523;0.625;0.63477;0.64453;0.6543;0.66406;0.67383;0.68359;0.69336;0.70313;0.71289;0.72266;0.73242;0.74219;0.75195;0.76172;0.77148;0.78125;0.79102,0.002102272;0.008600576;0.014475264;0.010343424;0.0076595199999999995;0.014917632;0.025974784;0.012751872000000001;0.00867328;0.013477888;0.01128448;0.006345728;0.007190527999999999;0.008279040000000001;0.004476928;0.003385344;0.003771392;0.002055168;0.00275968;0.0020121600000000003;0.0020592640000000003;0.001133568;0.001041408;0.0016977919999999998;0.00249856;0.002107392;0.0028416;0.001968128;0.002811904;0.002407424;0.003006464;0.0026449919999999997;0.003296256;0.00454144;0.0032819200000000002;0.0029122560000000002;0.005840896;0.008416256;0.009305088;0.017128448;0.01673728;0.020007936;0.021501951999999998;0.021003264000000004;0.016724992;0.022718464;0.031896576;0.021209088;0.013125632;0.012319744;0.013232128;0.008246271999999999;0.006912;0.005874688;0.007916544;0.010443776;0.007660544;0.005909504;0.005417984;0.004159487999999999;0.00433152;0.004656128;0.00297472;0.002291712;0.004148224;0.004219903999999999;0.003070976;0.003867648;0.00249344;0.0014940160000000001;0.001680384;0.002212864;0.0021893120000000005;0.002008064;0.001651712;0.0014499839999999999;0.0012605440000000002;0.001770496;0.001682432
1789824600,hdr,0.0293;0.03906;0.04883;0.05859;0.06836;0.07813;0.08789;0.09766;0.10742;0.11719;0.12695;0.13672;0.14648;0.15625;0.16602;0.17578;0.18555;0.19531;0.20508;0.21484;0.22461;0.23438;0.24414;0.25391;0.26367;0.27344;0.2832;0.29297;0.30273;0.3125;0.32227;0.33203;0.3418;0.35156;0.36133;0.37109;0.38086;0.39063;0.40039;0.41016;0.41992;0.42969;0.43945;0.44922;0.45898;0.46875;0.47852;0.48828;0.49805;0.50781;0.51758;0.52734;0.53711;0.54688;0.55664;0.56641;0.57617;0.58594;0.5957;0.60547;0.61523;0.625;0.63477;0.64453;0.6543;0.66406;0.67383;0.68359;0.69336;0.70313;0.71289;0.72266;0.73242;0.74219;0.75195;0.76172;0.77148;0.78125;0.79102,0.002592768;0.00836096;0.0132608;0.012456960000000001;0.01319936;0.03183104;0.039333888;0.009162751999999998;0.007536640000000001;0.009833472;0.009255936;0.005520384;0.003121152;0.0026347520000000006;0.003674112;0.004310016;0.00353792;0.002081792;0.00115712;0.001176576;0.001519616;0.003172352;0.002003968;0.00153088;0.00164864;0.001948672;0.001837056;0.002980864;0.002762752;0.00206848;0.0029265919999999996;0.004182015999999999;0.004656128;0.004926464;0.003492864;0.0046592;0.0042065919999999994;0.0034795520000000003;0.0059965439999999995;0.010300416000000001;0.013472768;0.010331136000000001;0.011102207999999999;0.021211136;0.026689536;0.014921727999999999;0.020252672;0.017312768;0.010597376;0.009442304;0.008477696;0.006009856;0.00769536;0.008364031999999999;0.004152319999999999;0.004401152;0.004097024;0.004683776;0.004426751999999999;0.00247296;0.0029429759999999995;0.004069376;0.0037724160000000002;0.0025856;0.0031887359999999997;0.002794496;0.001902592;0.0022896640000000003;0.00268288;0.002368512;0.0025047039999999995;0.00279552;0.002077696;0.0015063040000000002;0.00208896;0.002258944;0.0026777600000000004;0.001168384;0.0013793280000000002
1789825500,hdr,0.0293;0.03906;0.04883;0.05859;0.06836;0.07813;0.08789;0.09766;0.10742;0.11719;0.12695;0.13672;0.14648;0.15625;0.16602;0.17578;0.18555;0.19531;0.20508;0.21484;0.22461;0.23438;0.24414;0.25391;0.26367;0.27344;0.2832;0.29297;0.30273;0.3125;0.32227;0.33203;0.3418;0.35156;0.36133;0.37109;0.38086;0.39063;0.40039;0.41016;0.41992;0.42969;0.43945;0.44922;0.45898;0.46875;0.47852;0.48828;0.49805;0.50781;0.51758;0.52734;0.53711;0.54688;0.55664;0.56641;0.57617;0.58594;0.5957;0.60547;0.61523;0.625;0.63477;0.64453;0.6543;0.66406;0.67383;0.68359;0.69336;0.70313;0.71289;0.72266;0.73242;0.74219;0.75195;0.76172;0.77148;0.78125;0.79102,0.004216832;0.012254208;0.009693184;0.003981312;0.008019968;0.01606656;0.019270656;0.00764416;0.007615488;0.009427968;0.005637120000000001;0.003360768;0.002844672;0.005036031999999999;0.0054435840000000004;0.0031774719999999998;0.002994176;0.002435072;0.0019773440000000002;0.0017663999999999998;0.001890304;0.0021217280000000002;0.002062336;0.0014561280000000001;0.0014499839999999999;0.001938432;0.002584576;0.0023296;0.0021667839999999997;0.0030228480000000003;0.00291328;0.0031242239999999997;0.001992704;0.0029429759999999995;0.0031027200000000002;0.002874368;0.0032337920000000005;0.0031897600000000003;0.0029255680000000004;0.004868096000000001;0.004374527999999999;0.006073344;0.009788416;0.011717632;0.010053632;0.015600639999999999;0.015921152;0.014189568;0.009805824;0.008129536;0.010740736;0.008711168000000002;0.004658176;0.0046049279999999995;0.005293056;0.0065791999999999995;0.006614016;0.004830208;0.004642816;0.0037048320000000004;0.0047841279999999995;0.003938304;0.004581375999999999;0.0025610240000000003;0.001794048;0.0030289920000000003;0.002794496;0.0018432000000000001;0.0012554240000000002;0.001503232;0.001651712;0.001688576;0.0018995200000000002;0.00209408;0.002127872;0.00187392;0.002377728;0.00237056;0.00188928
1789826400,hdr,0.0293;0.03906;0.04883;0.05859;0.06836;0.07813;0.08789;0.09766;0.10742;0.11719;0.12695;0.13672;0.14648;0.15625;0.16602;0.17578;0.18555;0.19531;0.20508;0.21484;0.22461;0.23438;0.24414;0.25391;0.26367;0.27344;0.2832;0.29297;0.30273;0.3125;0.32227;0.33203;0.3418;0.35156;0.36133;0.37109;0.38086;0.39063;0.40039;0.41016;0.41992;0.42969;0.43945;0.44922;0.45898;0.46875;0.47852;0.48828;0.49805;0.50781;0.51758;0.52734;0.53711;0.54688;0.55664;0.56641;0.57617;0.58594;0.5957;0.60547;0.61523;0.625;0.63477;0.64453;0.6543;0.66406;0.67383;0.68359;0.69336;0.70313;0.71289;0.72266;0.73242;0.74219;0.75195;0.76172;0.77148;0.78125;0.79102,0.006647808;0.007274496;0.005746688;0.005028863999999999;0.009047040000000001;0.023903232;0.026494976000000003;0.011567104000000002;0.008351744000000001;0.008148992;0.012637184;0.005940224;0.0038174719999999997;0.0042035200000000005;0.003741696;0.004886528;0.002681856;0.0015144960000000002;0.001425408;0.0018012159999999998;0.00109056;0.0011735040000000001;0.00124928;0.001229824;0.001504256;0.001726464;0.0023674879999999996;0.001639424;0.001972224;0.001708032;0.00275456;0.003695616;0.0028149760000000003;0.002658304;0.004471808;0.004610047999999999;0.0034304;0.004154367999999999;0.0049879040000000005;0.005999616;0.0070144000000000005;0.008135680000000001;0.006831104;0.0069427199999999994;0.016679936000000003;0.015239167999999999;0.0077240320000000005;0.009987072;0.010207232;0.009531392;0.007705599999999999;0.005885951999999999;0.00684032;0.006525952;0.006475776;0.0057344;0.003223552;0.003286016;0.0038696959999999997;0.0028989440000000005;0.003063808;0.0027361279999999996;0.002171904;0.003296256;0.0028948479999999998;0.0021288960000000003;0.0015103999999999999;0.0020582400000000002;0.00172544;0.001872896;0.001265664;0.001277952;0.00167424;0.0025262080000000003;0.0028088320000000003;0.001176576;0.00072704;0.00068096;0.0009605120000000001
1789827300,hdr,0.0293;0.03906;0.04883;0.05859;0.06836;0.07813;0.08789;0.09766;0.10742;0.11719;0.12695;0.13672;0.14648;0.15625;0.16602;0.17578;0.18555;0.19531;0.20508;0.21484;0.22461;0.23438;0.24414;0.25391;0.26367;0.27344;0.2832;0.29297;0.30273;0.3125;0.32227;0.33203;0.3418;0.35156;0.36133;0.37109;0.38086;0.39063;0.40039;0.41016;0.41992;0.42969;0.43945;0.44922;0.45898;0.46875;0.47852;0.48828;0.49805;0.50781;0.51758;0.52734;0.53711;0.54688;0.55664;0.56641;0.57617;0.58594;0.5957;0.60547;0.61523;0.625;0.63477;0.64453;0.6543;0.66406;0.67383;0.68359;0.69336;0.70313;0.71289;0.72266;0.73242;0.74219;0.75195;0.76172;0.77148;0.78125;0.79102,0.0011960319999999999;0.0027217920000000002;0.004478976000000001;0.007275520000000001;0.009357312;0.026396672;0.033959936;0.013507584;0.010221567999999999;0.01147392;0.010211327999999999;0.005650432;0.003168256;0.003329024;0.00295424;0.002316288;0.002249728;0.002092032;0.001605632;0.001289216;0.002373632;0.0017131520000000001;0.001652736;0.0016384000000000001;0.0018360320000000002;0.00167936;0.002070528;0.00278016;0.00264704;0.002568192;0.00339968;0.003117056;0.0026327039999999996;0.002733056;0.001867776;0.004388863999999999;0.004979712000000001;0.00714752;0.005746688;0.00520704;0.00538624;0.0048332800000000006;0.0057477119999999994;0.005648384;0.008620032;0.008207359999999999;0.008749055999999998;0.010114048;0.008542208;0.00677376;0.008833024;0.009325568000000001;0.006346752000000001;0.007610368;0.005516288;0.00492544;0.004137984000000001;0.0031559680000000003;0.002635776;0.003076096;0.003204096;0.0025108480000000004;0.0023511039999999997;0.001650688;0.00197632;0.0016895999999999999;0.0016148479999999999;0.002418688;0.001885184;0.001067008;0.0009973760000000001;0.002362368;0.002599936;0.001580032;0.0012462080000000002;0.00134144;0.001513472;0.000923648;0.0011407359999999998
1789828200,hdr,0.0293;0.03906;0.04883;0.05859;0.06836;0.07813;0.08789;0.09766;0.10742;0.11719;0.12695;0.13672;0.14648;0.15625;0.16602;0.17578;0.18555;0.19531;0.20508;0.21484;0.22461;0.23438;0.24414;0.25391;0.26367;0.27344;0.2832;0.29297;0.30273;0.3125;0.32227;0.33203;0.3418;0.35156;0.36133;0.37109;0.38086;0.39063;0.40039;0.41016;0.41992;0.42969;0.43945;0.44922;0.45898;0.46875;0.47852;0.48828;0.49805;0.50781;0.51758;0.52734;0.53711;0.54688;0.55664;0.56641;0.57617;0.58594;0.5957;0.60547;0.61523;0.625;0.63477;0.64453;0.6543;0.66406;0.67383;0.68359;0.69336;0.70313;0.71289;0.72266;0.73242;0.74219;0.75195;0.76172;0.77148;0.78125;0.79102,0.0044902399999999995;0.0057149440000000004;0.004104192;0.004852736;0.010884096;0.011910144000000001;0.009836544;0.004867072;0.0066437119999999995;0.015468543999999999;0.014408704;0.004013055999999999;0.0025456639999999996;0.001666048;0.0017725439999999998;0.0022353919999999997;0.002084864;0.0021534719999999996;0.002064384;0.001657856;0.002341888;0.002200576;0.0018964479999999998;0.00196096;0.0025036800000000003;0.001878016;0.0027013120000000004;0.0031815679999999996;0.0029859840000000006;0.002622464;0.002948096;0.00410112;0.003744768;0.005180416;0.005312512;0.0043335679999999994;0.0072806400000000005;0.005902336;0.005960704;0.007153664;0.006904832;0.007652352;0.009964544;0.007212032;0.00694784;0.009152512;0.010416128;0.006653952;0.010914816;0.013786112;0.010902528;0.007026688;0.005322752;0.005825536;0.006428672;0.005567488000000001;0.004994048000000001;0.005774336000000001;0.003751936;0.002818048;0.00278016;0.002225152;0.002336768;0.0018636800000000002;0.0020582400000000002;0.001975296;0.00209408;0.0013117439999999999;0.000999424;0.0015872;0.001688576;0.0015114240000000001;0.001483776;0.0009605120000000001;0.0014274560000000001;0.0012912639999999999;0.0017192959999999997;0.0012646399999999998;0.0015411200000000002
1789829100,hdr,0.0293;0.03906;0.04883;0.05859;0.06836;0.07813;0.08789;0.09766;0.10742;0.11719;0.12695;0.13672;0.14648;0.15625;0.16602;0.17578;0.18555;0.19531;0.20508;0.21484;0.22461;0.23438;0.24414;0.25391;0.26367;0.27344;0.2832;0.29297;0.30273;0.3125;0.32227;0.33203;0.3418;0.35156;0.36133;0.37109;0.38086;0.39063;0.40039;0.41016;0.41992;0.42969;0.43945;0.44922;0.45898;0.46875;0.47852;0.48828;0.49805;0.50781;0.51758;0.52734;0.53711;0.54688;0.55664;0.56641;0.57617;0.58594;0.5957;0.60547;0.61523;0.625;0.63477;0.64453;0.6543;0.66406;0.67383;0.68359;0.69336;0.70313;0.71289;0.72266;0.73242;0.74219;0.75195;0.76172;0.77148;0.78125;0.79102,0.002157568;0.0027791359999999998;0.003291136;0.005009407999999999;0.006515712;0.013461504;0.014532608;0.0060262399999999995;0.006694912;0.006767616;0.006767616;0.0029409279999999998;0.0013660159999999998;0.002156544;0.00139776;0.0021207039999999997;0.0028385280000000003;0.0015513600000000001;0.001634304;0.0014592000000000001;0.002407424;0.00245248;0.0013148160000000001;0.001610752;0.0010608640000000001;0.00139776;0.002014208;0.0027975680000000003;0.003385344;0.004459520000000001;0.004952064;0.0044288;0.0035327999999999996;0.004184064;0.00481792;0.005594112;0.004865024;0.003986432;0.007602176;0.010770431999999998;0.008732672;0.008343552000000002;0.009309184;0.007775232;0.010551296;0.010843135999999998;0.013549568000000001;0.010128384;0.009782272000000002;0.009939968;0.0061532159999999995;0.00381952;0.004471808;0.00581632;0.00507392;0.004015104;0.005738495999999999;0.006197248000000001;0.0035287039999999997;0.003463168;0.00221184;0.002873344;0.003365888;0.0026849280000000005;0.002352128;0.001856512;0.002371584;0.001924096;0.0020592640000000003;0.0020101119999999997;0.00160768;0.00163328;0.0016220159999999998;0.0010014719999999998;0.000787456;0.000698368;0.001021952;0.0012605440000000002;0.0009564160000000001
1789830000,hdr,0.0293;0.03906;0.04883;0.05859;0.06836;0.07813;0.08789;0.09766;0.10742;0.11719;0.12695;0.13672;0.14648;0.15625;0.16602;0.17578;0.18555;0.19531;0.20508;0.21484;0.22461;0.23438;0.24414;0.25391;0.26367;0.27344;0.2832;0.29297;0.30273;0.3125;0.32227;0.33203;0.3418;0.35156;0.36133;0.37109;0.38086;0.39063;0.40039;0.41016;0.41992;0.42969;0.43945;0.44922;0.45898;0.46875;0.47852;0.48828;0.49805;0.50781;0.51758;0.52734;0.53711;0.54688;0.55664;0.56641;0.57617;0.58594;0.5957;0.60547;0.61523;0.625;0.63477;0.64453;0.6543;0.66406;0.67383;0.68359;0.69336;0.70313;0.71289;0.72266;0.73242;0.74219;0.75195;0.76172;0.77148;0.78125;0.79102,0.001685504;0.004113408;0.004639744;0.0067358719999999995;0.007114752;0.021128192;0.027635712000000003;0.013092864000000001;0.0098816;0.01198592;0.014136319999999999;0.0047339520000000005;0.002031616;0.001910784;0.001232896;0.002169856;0.00268288;0.002269184;0.001605632;0.0011407359999999998;0.000617472;0.0010209280000000002;0.001824768;0.00133632;0.0013393919999999998;0.001878016;0.0022231040000000005;0.002062336;0.0013506560000000002;0.001961984;0.00247808;0.004641792;0.0046745599999999995;0.0036894719999999996;0.0047144959999999994;0.006982656000000001;0.007683072;0.007299072;0.00636928;0.010755072000000001;0.012347392;0.008991744000000001;0.00812544;0.00571904;0.007081984;0.008117247999999999;0.011244544;0.007135232;0.007944192;0.010160128000000001;0.0063723519999999995;0.007615488;0.007558144;0.0035287039999999997;0.003406848;0.004102144;0.003936256;0.0029306880000000003;0.001833984;0.004083712000000001;0.003914752;0.002395136;0.002829312;0.002792448;0.001932288;0.001758208;0.002159616;0.00183296;0.001065984;0.000897024;0.001241088;0.0009461760000000001;0.000899072;0.000949248;0.0006656;0.000610304;0.0009205759999999999;0.00087552;0.000782336
1789830900,hdr,0.0293;0.03906;0.04883;0.05859;0.06836;0.07813;0.08789;0.09766;0.10742;0.11719;0.12695;0.13672;0.14648;0.15625;0.16602;0.17578;0.18555;0.19531;0.20508;0.21484;0.22461;0.23438;0.24414;0.25391;0.26367;0.27344;0.2832;0.29297;0.30273;0.3125;0.32227;0.33203;0.3418;0.35156;0.36133;0.37109;0.38086;0.39063;0.40039;0.41016;0.41992;0.42969;0.43945;0.44922;0.45898;0.46875;0.47852;0.48828;0.49805;0.50781;0.51758;0.52734;0.53711;0.54688;0.55664;0.56641;0.57617;0.58594;0.5957;0.60547;0.61523;0.625;0.63477;0.64453;0.6543;0.66406;0.67383;0.68359;0.69336;0.70313;0.71289;0.72266;0.73242;0.74219;0.75195;0.76172;0.77148;0.78125;0.79102,0.00075776;0.009306112000000002;0.006344704;0.0025210880000000003;0.006462464;0.045239296000000005;0.038560768;0.007300096;0.006069247999999999;0.007970816;0.0108288;0.0057026559999999995;0.0011509760000000002;0.0014827520000000002;0.002771968;0.001969152;0.001289216;0.00141312;0.00126976;0.001746944;0.001774592;0.00167424;0.001544192;0.001129472;0.0013946879999999998;0.00208896;0.003446784;0.00199168;0.002637824;0.003431424;0.00396288;0.003049472;0.00364544;0.0045199360000000004;0.004381696;0.004125696;0.005761024;0.00507904;0.004663296;0.00817664;0.008882176;0.007683072;0.0065464320000000005;0.0057948159999999995;0.00435712;0.004371456;0.004632576;0.004802559999999999;0.006413312;0.005093376;0.007943168;0.007164928;0.0050749440000000005;0.004594688;0.0027217920000000002;0.002970624;0.0026521599999999998;0.001441792;0.00197632;0.002180096;0.002229248;0.002610176;0.00210944;0.00160256;0.002019328;0.001436672;0.002405376;0.001754112;0.0012748800000000002;0.0011448320000000001;0.001328128;0.001082368;0.0010199039999999999;0.000951296;0.0008929280000000001;0.000864256;0.00064512;0.0005416959999999999;0.0005468159999999999
1789831800,hdr,0.0293;0.03906;0.04883;0.05859;0.06836;0.07813;0.08789;0.09766;0.10742;0.11719;0.12695;0.13672;0.14648;0.15625;0.16602;0.17578;0.18555;0.19531;0.20508;0.21484;0.22461;0.23438;0.24414;0.25391;0.26367;0.27344;0.2832;0.29297;0.30273;0.3125;0.32227;0.33203;0.3418;0.35156;0.36133;0.37109;0.38086;0.39063;0.40039;0.41016;0.41992;0.42969;0.43945;0.44922;0.45898;0.46875;0.47852;0.48828;0.49805;0.50781;0.51758;0.52734;0.53711;0.54688;0.55664;0.56641;0.57617;0.58594;0.5957;0.60547;0.61523;0.625;0.63477;0.64453;0.6543;0.66406;0.67383;0.68359;0.69336;0.70313;0.71289;0.72266;0.73242;0.74219;0.75195;0.76172;0.77148;0.78125;0.79102,0.000979968;0.002009088;0.0009564160000000001;0.000912384;0.004670464;0.013796352000000001;0.01577984;0.008976384;0.008044544;0.00754688;0.007319552;0.0046940160000000005;0.002030592;0.00177152;0.00198144;0.001097728;0.001682432;0.001430528;0.0007086080000000001;0.000817152;0.0011776;0.001637376;0.001328128;0.001185792;0.0026849280000000005;0.002066432;0.002020352;0.00170496;0.0020398079999999997;0.002341888;0.002760704;0.004146176;0.0048660479999999996;0.004324352;0.004378624000000001;0.006488063999999999;0.0046848;0.003960832;0.004712448;0.0037468159999999996;0.00326656;0.004924416;0.0040704;0.002871296;0.004884479999999999;0.0070471679999999995;0.006043648;0.005501952;0.0041963519999999995;0.0035246080000000003;0.005285888;0.005398528;0.004117504;0.002921472;0.0041809920000000006;0.0049408;0.00181248;0.003352576;0.0033740800000000002;0.0026071040000000003;0.002724864;0.0025610240000000003;0.00180736;0.001380352;0.001755136;0.00097792;0.001155072;0.001924096;0.001117184;0.0008304639999999999;0.0014192640000000002;0.0011796480000000002;0.000918528;0.000903168;0.000745472;0.000623616;0.000648192;0.000791552;0.00047718399999999996
1789832700,hdr,0.0293;0.03906;0.04883;0.05859;0.06836;0.07813;0.08789;0.09766;0.10742;0.11719;0.12695;0.13672;0.14648;0.15625;0.16602;0.17578;0.18555;0.19531;0.20508;0.21484;0.22461;0.23438;0.24414;0.25391;0.26367;0.27344;0.2832;0.29297;0.30273;0.3125;0.32227;0.33203;0.3418;0.35156;0.36133;0.37109;0.38086;0.39063;0.40039;0.41016;0.41992;0.42969;0.43945;0.44922;0.45898;0.46875;0.47852;0.48828;0.49805;0.50781;0.51758;0.52734;0.53711;0.54688;0.55664;0.56641;0.57617;0.58594;0.5957;0.60547;0.61523;0.625;0.63477;0.64453;0.6543;0.66406;0.67383;0.68359;0.69336;0.70313;0.71289;0.72266;0.73242;0.74219;0.75195;0.76172;0.77148;0.78125;0.79102,0.002845696;0.004571136000000001;0.013254656;0.007275520000000001;0.008812544000000002;0.023994368000000002;0.020325376;0.009634816000000001;0.007995392;0.010198016;0.012183552000000002;0.004144128;0.0014499839999999999;0.003172352;0.002459648;0.002143232;0.001874944;0.001726464;0.001646592;0.001902592;0.0018012159999999998;0.002072576;0.004376576;0.0036362239999999995;0.002116608;0.0021207039999999997;0.0033740800000000002;0.003166208;0.002997248;0.001941504;0.002491392;0.0028948479999999998;0.003009536;0.0032430080000000003;0.004110336;0.005060608;0.003472384;0.003264512;0.004645888;0.0038963199999999996;0.004214784;0.004323328;0.003805184;0.004750336;0.004170752000000001;0.003513344;0.0051599359999999995;0.00363008;0.0038819839999999998;0.003457024;0.002127872;0.003356672;0.0040448;0.00340992;0.0015431680000000001;0.002179072;0.002592768;0.0021360640000000005;0.001847296;0.002622464;0.001820672;0.000927744;0.0014592000000000001;0.0021207039999999997;0.0014438399999999998;0.00103936;0.000968704;0.000652288;0.00068096;0.0009287680000000001;0.00084992;0.0011284479999999998;0.0012441599999999998;0.000668672;0.0008325120000000001;0.001435648;0.000764928;0.0008447999999999999;0.0006082559999999999
1789833600,hdr,0.0293;0.03906;0.04883;0.05859;0.06836;0.07813;0.08789;0.09766;0.10742;0.11719;0.12695;0.13672;0.14648;0.15625;0.16602;0.17578;0.18555;0.19531;0.20508;0.21484;0.22461;0.23438;0.24414;0.25391;0.26367;0.27344;0.2832;0.29297;0.30273;0.3125;0.32227;0.33203;0.3418;0.35156;0.36133;0.37109;0.38086;0.39063;0.40039;0.41016;0.41992;0.42969;0.43945;0.44922;0.45898;0.46875;0.47852;0.48828;0.49805;0.50781;0.51758;0.52734;0.53711;0.54688;0.55664;0.56641;0.57617;0.58594;0.5957;0.60547;0.61523;0.625;0.63477;0.64453;0.6543;0.66406;0.67383;0.68359;0.69336;0.70313;0.71289;0.72266;0.73242;0.74219;0.75195;0.76172;0.77148;0.78125;0.79102,0.0041564160000000005;0.011965439999999999;0.013840384;0.007305216;0.008937472;0.020177920000000002;0.030270464;0.016782336;0.012521472;0.007333888;0.011237376;0.008885248000000002;0.003401728;0.002233344;0.0024504320000000002;0.001498112;0.00164864;0.0014233599999999998;0.001359872;0.001537024;0.0017674240000000003;0.001774592;0.003700736;0.002592768;0.003590144;0.0034406400000000005;0.0020858880000000006;0.0029788160000000004;0.005279743999999999;0.004543488;0.0027320319999999997;0.00196096;0.0014028799999999998;0.0018595839999999998;0.002852864;0.004657152;0.003432448;0.002823168;0.003115008;0.003920896;0.004555776;0.0036577280000000003;0.0042936319999999995;0.003588096;0.004554752;0.004228096;0.00489472;0.004093952;0.004482048;0.00433664;0.004127744;0.0031815679999999996;0.0030668799999999997;0.003526656;0.0034744320000000004;0.002920448;0.001782784;0.002161664;0.001931264;0.001352704;0.000884736;0.000692224;0.001209344;0.0013004800000000001;0.001714176;0.0016916480000000002;0.001696768;0.0013240320000000002;0.001400832;0.001810432;0.001798144;0.00118784;0.001042432;0.0010465279999999997;0.0011427840000000002;0.000643072;0.000882688;0.000919552;0.000717824
1789834500,hdr,0.0293;0.03906;0.04883;0.05859;0.06836;0.07813;0.08789;0.09766;0.10742;0.11719;0.12695;0.13672;0.14648;0.15625;0.16602;0.17578;0.18555;0.19531;0.20508;0.21484;0.22461;0.23438;0.24414;0.25391;0.26367;0.27344;0.2832;0.29297;0.30273;0.3125;0.32227;0.33203;0.3418;0.35156;0.36133;0.37109;0.38086;0.39063;0.40039;0.41016;0.41992;0.42969;0.43945;0.44922;0.45898;0.46875;0.47852;0.48828;0.49805;0.50781;0.51758;0.52734;0.53711;0.54688;0.55664;0.56641;0.57617;0.58594;0.5957;0.60547;0.61523;0.625;0.63477;0.64453;0.6543;0.66406;0.67383;0.68359;0.69336;0.70313;0.71289;0.72266;0.73242;0.74219;0.75195;0.76172;0.77148;0.78125;0.79102,0.007862272;0.013317119999999998;0.012769280000000001;0.011874304;0.014942208;0.036645888;0.035030016000000004;0.009503743999999998;0.00871936;0.010159103999999999;0.011511808;0.00749568;0.0028620800000000004;0.002249728;0.003007488;0.002484224;0.001574912;0.00139776;0.00146432;0.001600512;0.0026900479999999996;0.0025671680000000003;0.0027975680000000003;0.003308544;0.0024852480000000002;0.0029265919999999996;0.0034744320000000004;0.0023838720000000004;0.002031616;0.0029470720000000002;0.0029429759999999995;0.002112512;0.003356672;0.003487744;0.002977792;0.002423808;0.004359168000000001;0.00425472;0.0034652159999999997;0.003540992;0.0029184000000000002;0.00231424;0.002801664;0.0037621760000000003;0.002604032;0.0030781439999999997;0.004608;0.004465664;0.0032;0.004867072;0.004521984;0.0026624;0.003279872;0.0037191679999999997;0.004549632;0.005458943999999999;0.002919424;0.0028620800000000004;0.002277376;0.002562048;0.0033720319999999996;0.002349056;0.001052672;0.0012247039999999999;0.001769472;0.0015063040000000002;0.0015206400000000002;0.001540096;0.001304576;0.0009216000000000001;0.0009943039999999999;0.0008601600000000001;0.000763904;0.001108992;0.000978944;0.0005601279999999999;0.000736256;0.0007106559999999999;0.000871424
1789835400,hdr,0.0293;0.03906;0.04883;0.05859;0.06836;0.07813;0.08789;0.09766;0.10742;0.11719;0.12695;0.13672;0.14648;0.15625;0.16602;0.17578;0.18555;0.19531;0.20508;0.21484;0.22461;0.23438;0.24414;0.25391;0.26367;0.27344;0.2832;0.29297;0.30273;0.3125;0.32227;0.33203;0.3418;0.35156;0.36133;0.37109;0.38086;0.39063;0.40039;0.41016;0.41992;0.42969;0.43945;0.44922;0.45898;0.46875;0.47852;0.48828;0.49805;0.50781;0.51758;0.52734;0.53711;0.54688;0.55664;0.56641;0.57617;0.58594;0.5957;0.60547;0.61523;0.625;0.63477;0.64453;0.6543;0.66406;0.67383;0.68359;0.69336;0.70313;0.71289;0.72266;0.73242;0.74219;0.75195;0.76172;0.77148;0.78125;0.79102,0.008838144000000001;0.010123264000000002;0.013208576000000001;0.01339392;0.014622719999999999;0.029498367999999997;0.031455232;0.011141120000000001;0.009281535999999998;0.015064064;0.019083264;0.008334336000000001;0.004067328;0.002451456;0.00200704;0.002553856;0.0030863360000000003;0.00251904;0.0020162559999999997;0.0029184000000000002;0.0036894719999999996;0.0030412800000000004;0.003781632;0.0040294400000000005;0.003692544;0.0032204799999999995;0.004796416;0.00605184;0.0022855680000000004;0.001371136;0.0013199359999999999;0.0012083200000000001;0.0023408640000000002;0.0036730879999999997;0.0034385919999999994;0.003434496;0.003971072;0.0037693439999999996;0.003069952;0.002038784;0.0026296320000000002;0.0032604160000000004;0.0036362239999999995;0.003598336;0.0024709120000000005;0.003110912;0.002936832;0.004234239999999999;0.0038993920000000002;0.003525632;0.00275968;0.002683904;0.002231296;0.001680384;0.003151872;0.002890752;0.002866176;0.003487744;0.00258048;0.002056192;0.001816576;0.00249344;0.0023347199999999998;0.0022272;0.0020930559999999994;0.001328128;0.000884736;0.00108544;0.0009420800000000001;0.0009472;0.0011704320000000001;0.001113088;0.000922624;0.00101888;0.001181696;0.000630784;0.000924672;0.001503232;0.0012154879999999998
1789836300,hdr,0.0293;0.03906;0.04883;0.05859;0.06836;0.07813;0.08789;0.09766;0.10742;0.11719;0.12695;0.13672;0.14648;0.15625;0.16602;0.17578;0.18555;0.19531;0.20508;0.21484;0.22461;0.23438;0.24414;0.25391;0.26367;0.27344;0.2832;0.29297;0.30273;0.3125;0.32227;0.33203;0.3418;0.35156;0.36133;0.37109;0.38086;0.39063;0.40039;0.41016;0.41992;0.42969;0.43945;0.44922;0.45898;0.46875;0.47852;0.48828;0.49805;0.50781;0.51758;0.52734;0.53711;0.54688;0.55664;0.56641;0.57617;0.58594;0.5957;0.60547;0.61523;0.625;0.63477;0.64453;0.6543;0.66406;0.67383;0.68359;0.69336;0.70313;0.71289;0.72266;0.73242;0.74219;0.75195;0.76172;0.77148;0.78125;0.79102,0.0029409279999999998;0.00805376;0.007031808;0.006492159999999999;0.011716608;0.026898432;0.022423552;0.012791807999999998;0.012852224;0.013251583999999999;0.009329664;0.005874688;0.004700160000000001;0.002576384;0.002023424;0.0026480640000000003;0.004556800000000001;0.004500479999999999;0.005398528;0.0036382720000000006;0.0032890880000000003;0.0031488;0.005481471999999999;0.003685376;0.003115008;0.00230912;0.002051072;0.002760704;0.005028863999999999;0.003428352;0.00209408;0.0031774719999999998;0.003279872;0.0022097920000000004;0.001973248;0.0010946560000000003;0.001820672;0.0022528;0.003252224;0.002615296;0.0024166400000000003;0.0028129279999999997;0.002961408;0.0038379520000000004;0.004570112;0.0031733760000000003;0.003503104;0.0022599680000000002;0.00194048;0.00085504;0.002176;0.003171328;0.003349504;0.002958336;0.002451456;0.002427904;0.002706432;0.00313856;0.0027555839999999997;0.0021964800000000002;0.002157568;0.002221056;0.00246784;0.002304;0.0018810880000000002;0.00142848;0.001079296;0.0012052480000000001;0.000985088;0.000750592;0.000996352;0.0011960319999999999;0.001147904;0.0008704;0.001292288;0.00146944;0.000968704;0.000704512;0.000548864
1789837200,hdr,0.0293;0.03906;0.04883;0.05859;0.06836;0.07813;0.08789;0.09766;0.10742;0.11719;0.12695;0.13672;0.14648;0.15625;0.16602;0.17578;0.18555;0.19531;0.20508;0.21484;0.22461;0.23438;0.24414;0.25391;0.26367;0.27344;0.2832;0.29297;0.30273;0.3125;0.32227;0.33203;0.3418;0.35156;0.36133;0.37109;0.38086;0.39063;0.40039;0.41016;0.41992;0.42969;0.43945;0.44922;0.45898;0.46875;0.47852;0.48828;0.49805;0.50781;0.51758;0.52734;0.53711;0.54688;0.55664;0.56641;0.57617;0.58594;0.5957;0.60547;0.61523;0.625;0.63477;0.64453;0.6543;0.66406;0.67383;0.68359;0.69336;0.70313;0.71289;0.72266;0.73242;0.74219;0.75195;0.76172;0.77148;0.78125;0.79102,0.008158208;0.010870784;0.008512511999999998;0.00751616;0.0103424;0.024303616;0.023026688;0.01221632;0.009601024000000001;0.01115136;0.01599488;0.011384832;0.006951936;0.005146624;0.005266432;0.004320256;0.00456192;0.005445632;0.0042936319999999995;0.0030607359999999997;0.0019712;0.0028753920000000005;0.005219328;0.005494784000000001;0.004959232;0.00441856;0.004425728;0.006017024;0.006247424;0.00662016;0.004759552;0.005943296000000001;0.00523264;0.004102144;0.00398336;0.003598336;0.003186688;0.002655232;0.001978368;0.003122176;0.0025651199999999997;0.0025251839999999998;0.0031406079999999996;0.002696192;0.003079168;0.002742272;0.0018442240000000002;0.00317952;0.0035522559999999997;0.003406848;0.0024166400000000003;0.0037375999999999998;0.003027968;0.0033679359999999998;0.003648512;0.0043929600000000004;0.002725888;0.002424832;0.002420736;0.0024954879999999997;0.0023838720000000004;0.001839104;0.002006016;0.0023347199999999998;0.001911808;0.001905664;0.0017725439999999998;0.0015513600000000001;0.0016066560000000001;0.0017848319999999999;0.0014110720000000002;0.001176576;0.00139776;0.001053696;0.001032192;0.0009973760000000001;0.0008304639999999999;0.000869376;0.001186816
1789838100,hdr,0.0293;0.03906;0.04883;0.05859;0.06836;0.07813;0.08789;0.09766;0.10742;0.11719;0.12695;0.13672;0.14648;0.15625;0.16602;0.17578;0.18555;0.19531;0.20508;0.21484;0.22461;0.23438;0.24414;0.25391;0.26367;0.27344;0.2832;0.29297;0.30273;0.3125;0.32227;0.33203;0.3418;0.35156;0.36133;0.37109;0.38086;0.39063;0.40039;0.41016;0.41992;0.42969;0.43945;0.44922;0.45898;0.46875;0.47852;0.48828;0.49805;0.50781;0.51758;0.52734;0.53711;0.54688;0.55664;0.56641;0.57617;0.58594;0.5957;0.60547;0.61523;0.625;0.63477;0.64453;0.6543;0.66406;0.67383;0.68359;0.69336;0.70313;0.71289;0.72266;0.73242;0.74219;0.75195;0.76172;0.77148;0.78125;0.79102,0.007181312;0.020034559999999996;0.012430336000000002;0.014811135999999999;0.017230848000000003;0.036058112;0.042284032000000006;0.015855616;0.010025983999999998;0.01029632;0.012717056;0.008306688;0.002776064;0.0018196479999999999;0.002067456;0.0022937599999999997;0.001898496;0.0017305600000000001;0.00269312;0.00272896;0.004297728;0.005315584000000001;0.007880704;0.005476352000000001;0.002829312;0.003454976;0.003428352;0.0045312;0.0062699520000000005;0.004349952;0.00317952;0.0034795520000000003;0.004214784;0.0031375360000000002;0.003753984;0.003745792;0.0026296320000000002;0.0018718720000000001;0.003980288;0.004001792;0.0030986240000000003;0.00390656;0.0036823039999999995;0.003311616;0.004712448;0.0042035200000000005;0.002761728;0.003685376;0.003948544;0.0031139839999999998;0.002981888;0.0029009920000000002;0.0043284479999999995;0.003483648;0.00311808;0.0043929600000000004;0.0033423359999999996;0.003414016;0.0024330239999999998;0.002171904;0.00301056;0.00209408;0.001426432;0.0019087359999999999;0.0024145919999999997;0.002500608;0.0016609279999999999;0.0024954879999999997;0.00206848;0.0018524160000000002;0.001560576;0.001809408;0.00172544;0.001559552;0.001496064;0.001527808;0.0017377279999999998;0.001317888;0.0009523200000000001
1789839000,hdr,0.0293;0.03906;0.04883;0.05859;0.06836;0.07813;0.08789;0.09766;0.10742;0.11719;0.12695;0.13672;0.14648;0.15625;0.16602;0.17578;0.18555;0.19531;0.20508;0.21484;0.22461;0.23438;0.24414;0.25391;0.26367;0.27344;0.2832;0.29297;0.30273;0.3125;0.32227;0.33203;0.3418;0.35156;0.36133;0.37109;0.38086;0.39063;0.40039;0.41016;0.41992;0.42969;0.43945;0.44922;0.45898;0.46875;0.47852;0.48828;0.49805;0.50781;0.51758;0.52734;0.53711;0.54688;0.55664;0.56641;0.57617;0.58594;0.5957;0.60547;0.61523;0.625;0.63477;0.64453;0.6543;0.66406;0.67383;0.68359;0.69336;0.70313;0.71289;0.72266;0.73242;0.74219;0.75195;0.76172;0.77148;0.78125;0.79102,0.013786112;0.01438208;0.010624;0.010078208;0.011563008;0.019007487999999996;0.018066432;0.013277184;0.015826944;0.020072448;0.014686208000000001;0.007473152;0.00508928;0.003581952;0.003134464;0.0022732800000000004;0.0019251199999999998;0.002250752;0.0036352000000000003;0.003359744;0.0034365439999999997;0.004272128000000001;0.0033812479999999995;0.004166656;0.008726528;0.016420864;0.022395904;0.016534528000000003;0.005587968;0.001958912;0.002295808;0.003421184;0.00452096;0.00316928;0.001263616;0.002123776;0.0030945279999999996;0.002148352;0.002692096;0.0022394880000000004;0.001650688;0.0019712;0.002445312;0.00312832;0.003004416;0.003889152;0.003252224;0.004002816;0.005910528;0.004408319999999999;0.002476032;0.003642368;0.003618816;0.004178944;0.004591616;0.0033167360000000002;0.0033218559999999998;0.004231168;0.0034365439999999997;0.0025364479999999997;0.001824768;0.002522112;0.0034037760000000003;0.0021227520000000003;0.002234368;0.0019660800000000003;0.0024002560000000004;0.00210944;0.001053696;0.001107968;0.0015431680000000001;0.001722368;0.001432576;0.00185856;0.0014438399999999998;0.0012001280000000002;0.001409024;0.001289216;0.0011673599999999999
1789839900,hdr,0.0293;0.03906;0.04883;0.05859;0.06836;0.07813;0.08789;0.09766;0.10742;0.11719;0.12695;0.13672;0.14648;0.15625;0.16602;0.17578;0.18555;0.19531;0.20508;0.21484;0.22461;0.23438;0.24414;0.25391;0.26367;0.27344;0.2832;0.29297;0.30273;0.3125;0.32227;0.33203;0.3418;0.35156;0.36133;0.37109;0.38086;0.39063;0.40039;0.41016;0.41992;0.42969;0.43945;0.44922;0.45898;0.46875;0.47852;0.48828;0.49805;0.50781;0.51758;0.52734;0.53711;0.54688;0.55664;0.56641;0.57617;0.58594;0.5957;0.60547;0.61523;0.625;0.63477;0.64453;0.6543;0.66406;0.67383;0.68359;0.69336;0.70313;0.71289;0.72266;0.73242;0.74219;0.75195;0.76172;0.77148;0.78125;0.79102,0.013779968;0.015924224;0.017314816;0.020429824;0.025423872;0.035453952;0.031277056;0.014301184;0.007998464;0.011102207999999999;0.013984768;0.008562688;0.0058869759999999995;0.0038696959999999997;0.002944;0.003698688;0.00283648;0.002341888;0.0029061119999999998;0.0047636480000000005;0.004438016;0.002828288;0.004133888;0.005822464;0.005481471999999999;0.004189184;0.006246400000000001;0.007651328000000001;0.007165952000000001;0.004775936;0.0045322240000000005;0.005280768;0.003961856000000001;0.003912704;0.003518464;0.004880384;0.006754304;0.007149568;0.0050278400000000004;0.004765696;0.005698559999999999;0.002596864;0.0027504639999999998;0.00374784;0.0036270079999999997;0.0031027200000000002;0.002371584;0.002341888;0.0015185919999999998;0.0020981759999999998;0.003480576;0.002870272;0.0033372160000000005;0.004765696;0.003995648;0.003290112;0.003419136;0.002962432;0.0038871039999999997;0.003375104;0.00300544;0.002948096;0.0025528319999999997;0.0020838399999999996;0.003021824;0.002173952;0.001854464;0.0016988160000000001;0.0015697920000000002;0.0012195840000000001;0.001275904;0.001757184;0.00090112;0.001053696;0.00089088;0.0012195840000000001;0.00153088;0.0015144960000000002;0.001217536
1789840800,hdr,0.0293;0.03906;0.04883;0.05859;0.06836;0.07813;0.08789;0.09766;0.10742;0.11719;0.12695;0.13672;0.14648;0.15625;0.16602;0.17578;0.18555;0.19531;0.20508;0.21484;0.22461;0.23438;0.24414;0.25391;0.26367;0.27344;0.2832;0.29297;0.30273;0.3125;0.32227;0.33203;0.3418;0.35156;0.36133;0.37109;0.38086;0.39063;0.40039;0.41016;0.41992;0.42969;0.43945;0.44922;0.45898;0.46875;0.47852;0.48828;0.49805;0.50781;0.51758;0.52734;0.53711;0.54688;0.55664;0.56641;0.57617;0.58594;0.5957;0.60547;0.61523;0.625;0.63477;0.64453;0.6543;0.66406;0.67383;0.68359;0.69336;0.70313;0.71289;0.72266;0.73242;0.74219;0.75195;0.76172;0.77148;0.78125;0.79102,0.007272447999999999;0.015072256;0.009797631999999999;0.00807424;0.012274688;0.030705663999999997;0.022137856;0.009019392;0.0071014400000000005;0.012609536;0.009402367999999998;0.010292223999999999;0.008280064;0.0033812479999999995;0.001910784;0.002146304;0.0031733760000000003;0.0025579519999999996;0.002700288;0.00303104;0.003172352;0.0025743360000000004;0.004487168;0.006404096000000001;0.005919743999999999;0.008400895999999998;0.008674304;0.00661504;0.005961728;0.0044544;0.0041564160000000005;0.0025907200000000003;0.0017090559999999998;0.0012318720000000002;0.002219008;0.00237056;0.0021370879999999997;0.00193024;0.001934336;0.0015390719999999998;0.0015851519999999998;0.001537024;0.0017356799999999999;0.001251328;0.001149952;0.001406976;0.0020029439999999996;0.001562624;0.001688576;0.001637376;0.002535424;0.0032256;0.003483648;0.003513344;0.004363264;0.004140032;0.002674688;0.002397184;0.0025364479999999997;0.00251904;0.0022906879999999995;0.002110464;0.001999872;0.001636352;0.001455104;0.001096704;0.0013701120000000002;0.0016220159999999998;0.001330176;0.0013209599999999997;0.00111104;0.000919552;0.000734208;0.000789504;0.000872448;0.0012083200000000001;0.0011796480000000002;0.001286144;0.001343488
1789841700,hdr,0.0293;0.03906;0.04883;0.05859;0.06836;0.07813;0.08789;0.09766;0.10742;0.11719;0.12695;0.13672;0.14648;0.15625;0.16602;0.17578;0.18555;0.19531;0.20508;0.21484;0.22461;0.23438;0.24414;0.25391;0.26367;0.27344;0.2832;0.29297;0.30273;0.3125;0.32227;0.33203;0.3418;0.35156;0.36133;0.37109;0.38086;0.39063;0.40039;0.41016;0.41992;0.42969;0.43945;0.44922;0.45898;0.46875;0.47852;0.48828;0.49805;0.50781;0.51758;0.52734;0.53711;0.54688;0.55664;0.56641;0.57617;0.58594;0.5957;0.60547;0.61523;0.625;0.63477;0.64453;0.6543;0.66406;0.67383;0.68359;0.69336;0.70313;0.71289;0.72266;0.73242;0.74219;0.75195;0.76172;0.77148;0.78125;0.79102,0.0021534719999999996;0.007951360000000001;0.0072161280000000005;0.005947392;0.010191872;0.022597632000000003;0.024889344;0.010382336;0.009802752;0.015154176;0.019404800000000003;0.016365568;0.004320256;0.0043980799999999995;0.002407424;0.002069504;0.002486272;0.003049472;0.0025405440000000005;0.002161664;0.003432448;0.005085184;0.003751936;0.003279872;0.00387584;0.0031897600000000003;0.003740672;0.006027264;0.004755456;0.0030627840000000003;0.002131968;0.00225792;0.001957888;0.0017971200000000001;0.001911808;0.00331264;0.003867648;0.003914752;0.003412992;0.0041492479999999995;0.005859328;0.005305344;0.0039649279999999995;0.004317184;0.003104768;0.002082816;0.00203264;0.001575936;0.0014376960000000002;0.0016148479999999999;0.0023930880000000002;0.002348032;0.001849344;0.0015667199999999997;0.0037683200000000003;0.00334848;0.002879488;0.002630656;0.002006016;0.0014438399999999998;0.0020398079999999997;0.0020572159999999997;0.001959936;0.001714176;0.00118272;0.000965632;0.000590848;0.000873472;0.001265664;0.001101824;0.000985088;0.0009717759999999999;0.001074176;0.00096768;0.001069056;0.0009625599999999999;0.001009664;0.0009727999999999999;0.0009717759999999999
1789842600,hdr,0.0293;0.03906;0.04883;0.05859;0.06836;0.07813;0.08789;0.09766;0.10742;0.11719;0.12695;0.13672;0.14648;0.15625;0.16602;0.17578;0.18555;0.19531;0.20508;0.21484;0.22461;0.23438;0.24414;0.25391;0.26367;0.27344;0.2832;0.29297;0.30273;0.3125;0.32227;0.33203;0.3418;0.35156;0.36133;0.37109;0.38086;0.39063;0.40039;0.41016;0.41992;0.42969;0.43945;0.44922;0.45898;0.46875;0.47852;0.48828;0.49805;0.50781;0.51758;0.52734;0.53711;0.54688;0.55664;0.56641;0.57617;0.58594;0.5957;0.60547;0.61523;0.625;0.63477;0.64453;0.6543;0.66406;0.67383;0.68359;0.69336;0.70313;0.71289;0.72266;0.73242;0.74219;0.75195;0.76172;0.77148;0.78125;0.79102,0.006065152;0.008773632;0.013252608;0.014266368;0.018036736;0.026354687999999998;0.023742464;0.014255104;0.016797696;0.022731776000000002;0.018522112;0.017224703999999997;0.009970688;0.00339968;0.0019947520000000002;0.002051072;0.002349056;0.0027658239999999996;0.003798016;0.003990528;0.001885184;0.0022855680000000004;0.0032133120000000003;0.004172799999999999;0.0037550080000000002;0.006746112;0.008833024;0.007202816000000001;0.006788096;0.00689152;0.004103168000000001;0.001521664;0.0021862400000000003;0.0025077759999999998;0.0024381439999999997;0.002197504;0.001497088;0.001087488;0.0015226880000000001;0.0017858560000000002;0.001325056;0.000898048;0.0014172160000000002;0.0017192959999999997;0.000879616;0.001410048;0.002371584;0.001837056;0.0013322240000000001;0.00196096;0.003282944;0.004294656;0.003161088;0.0029593600000000003;0.0022702079999999997;0.002276352;0.0027023359999999996;0.00269312;0.003248128;0.0036648960000000004;0.0023019520000000003;0.002361344;0.0025907200000000003;0.001580032;0.001831936;0.0022097920000000004;0.0017858560000000002;0.00122368;0.000987136;0.0009625599999999999;0.0009748480000000001;0.00070656;0.000566272;0.0011417600000000001;0.0012953600000000002;0.0009420800000000001;0.00091136;0.0009420800000000001;0.0010209280000000002
1789843500,hdr,0.0293;0.03906;0.04883;0.05859;0.06836;0.07813;0.08789;0.09766;0.10742;0.11719;0.12695;0.13672;0.14648;0.15625;0.16602;0.17578;0.18555;0.19531;0.20508;0.21484;0.22461;0.23438;0.24414;0.25391;0.26367;0.27344;0.2832;0.29297;0.30273;0.3125;0.32227;0.33203;0.3418;0.35156;0.36133;0.37109;0.38086;0.39063;0.40039;0.41016;0.41992;0.42969;0.43945;0.44922;0.45898;0.46875;0.47852;0.48828;0.49805;0.50781;0.51758;0.52734;0.53711;0.54688;0.55664;0.56641;0.57617;0.58594;0.5957;0.60547;0.61523;0.625;0.63477;0.64453;0.6543;0.66406;0.67383;0.68359;0.69336;0.70313;0.71289;0.72266;0.73242;0.74219;0.75195;0.76172;0.77148;0.78125;0.79102,0.006048768;0.010345472;0.014902272000000001;0.014334976;0.015291392;0.02534912;0.027780096;0.016459776000000002;0.009897983999999999;0.018857983999999998;0.01511424;0.014735360000000001;0.0070123519999999995;0.003434496;0.0024064;0.002272256;0.0022784000000000003;0.0022835200000000003;0.0042086400000000005;0.002980864;0.0035645440000000002;0.003453952;0.003816448;0.004308992;0.005940224;0.007081984;0.006351872000000001;0.007114752;0.006167552;0.004031488000000001;0.003269632;0.00247296;0.002269184;0.001661952;0.002020352;0.0025579519999999996;0.0030464;0.001680384;0.00101376;0.000644096;0.00080384;0.000968704;0.0008591359999999999;0.000979968;0.0009205759999999999;0.0009205759999999999;0.000913408;0.001593344;0.0019466239999999999;0.001931264;0.001837056;0.001675264;0.0020981759999999998;0.0020797439999999997;0.002742272;0.0030443519999999997;0.0026347520000000006;0.002387968;0.00176128;0.002527232;0.00180736;0.0014919679999999998;0.0020797439999999997;0.001723392;0.001352704;0.0013639680000000001;0.0016650240000000002;0.001153024;0.000968704;0.0012871680000000002;0.0012052480000000001;0.0010936319999999998;0.000763904;0.0008110079999999999;0.000864256;0.000955392;0.001393664;0.002097152;0.0013864959999999999
1789844400,hdr,0.0293;0.03906;0.04883;0.05859;0.06836;0.07813;0.08789;0.09766;0.10742;0.11719;0.12695;0.13672;0.14648;0.15625;0.16602;0.17578;0.18555;0.19531;0.20508;0.21484;0.22461;0.23438;0.24414;0.25391;0.26367;0.27344;0.2832;0.29297;0.30273;0.3125;0.32227;0.33203;0.3418;0.35156;0.36133;0.37109;0.38086;0.39063;0.40039;0.41016;0.41992;0.42969;0.43945;0.44922;0.45898;0.46875;0.47852;0.48828;0.49805;0.50781;0.51758;0.52734;0.53711;0.54688;0.55664;0.56641;0.57617;0.58594;0.5957;0.60547;0.61523;0.625;0.63477;0.64453;0.6543;0.66406;0.67383;0.68359;0.69336;0.70313;0.71289;0.72266;0.73242;0.74219;0.75195;0.76172;0.77148;0.78125;0.79102,0.00397312;0.011334656;0.009214976;0.008805376;0.009250816;0.024482815999999998;0.02459136;0.010796032;0.009630719999999999;0.015602688;0.019314688000000003;0.017057792;0.014969856;0.003890176;0.003182592;0.001973248;0.001895424;0.0028538879999999997;0.00339968;0.0033955839999999997;0.003268608;0.003462144;0.0027729919999999997;0.0035072000000000002;0.005062656;0.0040704;0.006885376;0.00738304;0.005953536;0.005574656;0.0056576000000000005;0.0046817280000000005;0.004122624;0.003117056;0.001957888;0.002405376;0.0023572479999999997;0.001119232;0.0013117439999999999;0.002613248;0.002577408;0.0022978559999999996;0.00158208;0.0027156479999999998;0.00326144;0.002658304;0.002443264;0.001599488;0.001467392;0.0017930239999999998;0.002766848;0.00256;0.0034385919999999994;0.00359936;0.00242688;0.003065856;0.0031139839999999998;0.0036382720000000006;0.002453504;0.00269824;0.0022241279999999997;0.0015513600000000001;0.001905664;0.0020101119999999997;0.001193984;0.0011284479999999998;0.00113152;0.0014172160000000002;0.001890304;0.002006016;0.00128;0.0005836799999999999;0.001074176;0.000879616;0.00089088;0.001540096;0.001374208;0.000965632;0.001232896
1789845300,hdr,0.0293;0.03906;0.04883;0.05859;0.06836;0.07813;0.08789;0.09766;0.10742;0.11719;0.12695;0.13672;0.14648;0.15625;0.16602;0.17578;0.18555;0.19531;0.20508;0.21484;0.22461;0.23438;0.24414;0.25391;0.26367;0.27344;0.2832;0.29297;0.30273;0.3125;0.32227;0.33203;0.3418;0.35156;0.36133;0.37109;0.38086;0.39063;0.40039;0.41016;0.41992;0.42969;0.43945;0.44922;0.45898;0.46875;0.47852;0.48828;0.49805;0.50781;0.51758;0.52734;0.53711;0.54688;0.55664;0.56641;0.57617;0.58594;0.5957;0.60547;0.61523;0.625;0.63477;0.64453;0.6543;0.66406;0.67383;0.68359;0.69336;0.70313;0.71289;0.72266;0.73242;0.74219;0.75195;0.76172;0.77148;0.78125;0.79102,0.005681152;0.0059740159999999995;0.004924416;0.0044748800000000005;0.009255936;0.022580224000000003;0.029598720000000002;0.015285248;0.008722431999999999;0.015568896;0.025595904000000003;0.03022848;0.017893376;0.005004288;0.002244608;0.002577408;0.0031744;0.00241152;0.0018237440000000002;0.001661952;0.001646592;0.001256448;0.0014274560000000001;0.00262656;0.003204096;0.004430848;0.006368255999999999;0.006268928;0.005412864;0.0069888;0.005577727999999999;0.0034744320000000004;0.006519808;0.0057149440000000004;0.003160064;0.002637824;0.0018810880000000002;0.00299008;0.0030627840000000003;0.0014653440000000002;0.001276928;0.001441792;0.001911808;0.002420736;0.001600512;0.0015779840000000002;0.001560576;0.002176;0.001937408;0.001304576;0.001820672;0.002161664;0.003039232;0.0023838720000000004;0.0018176000000000002;0.001902592;0.004179968;0.004890624;0.002757632;0.002752512;0.003278848;0.002787328;0.002043904;0.0013824;0.000917504;0.001666048;0.00159744;0.0008304639999999999;0.000700416;0.001089536;0.001610752;0.001685504;0.001289216;0.0012165119999999999;0.000927744;0.0008089600000000001;0.000825344;0.001004544;0.001086464
1789846200,hdr,0.0293;0.03906;0.04883;0.05859;0.06836;0.07813;0.08789;0.09766;0.10742;0.11719;0.12695;0.13672;0.14648;0.15625;0.16602;0.17578;0.18555;0.19531;0.20508;0.21484;0.22461;0.23438;0.24414;0.25391;0.26367;0.27344;0.2832;0.29297;0.30273;0.3125;0.32227;0.33203;0.3418;0.35156;0.36133;0.37109;0.38086;0.39063;0.40039;0.41016;0.41992;0.42969;0.43945;0.44922;0.45898;0.46875;0.47852;0.48828;0.49805;0.50781;0.51758;0.52734;0.53711;0.54688;0.55664;0.56641;0.57617;0.58594;0.5957;0.60547;0.61523;0.625;0.63477;0.64453;0.6543;0.66406;0.67383;0.68359;0.69336;0.70313;0.71289;0.72266;0.73242;0.74219;0.75195;0.76172;0.77148;0.78125;0.79102,0.0034979840000000004;0.00870912;0.009826304;0.005782528;0.014931967999999999;0.025721856;0.020071423999999997;0.009997312000000001;0.005552128;0.007601152;0.018612224000000004;0.021632;0.00943104;0.004245504000000001;0.0029491200000000004;0.0026705920000000003;0.00194048;0.002048;0.0029788160000000004;0.002589696;0.003291136;0.004845568000000001;0.005750784000000001;0.006586368;0.007143424000000001;0.0048015359999999995;0.005527552;0.007327744;0.005994496;0.0043008000000000005;0.003598336;0.005482496;0.006169600000000001;0.006327296;0.004696064;0.0036280320000000002;0.002660352;0.001957888;0.00239616;0.0017131520000000001;0.001611776;0.001451008;0.0013946879999999998;0.0016179200000000001;0.0020500479999999996;0.0028620800000000004;0.002304;0.0029992960000000003;0.0025978880000000005;0.002208768;0.00205312;0.0023470080000000003;0.0027852800000000002;0.003329024;0.002688;0.0025364479999999997;0.002453504;0.003299328;0.003442688;0.003412992;0.002506752;0.0022487040000000002;0.0025907200000000003;0.0018176000000000002;0.00203776;0.0014786559999999999;0.001212416;0.0011366400000000002;0.001352704;0.001866752;0.001692672;0.0016220159999999998;0.001345536;0.001410048;0.0017684480000000002;0.002231296;0.002064384;0.001552384;0.001839104
1789847100,hdr,0.0293;0.03906;0.04883;0.05859;0.06836;0.07813;0.08789;0.09766;0.10742;0.11719;0.12695;0.13672;0.14648;0.15625;0.16602;0.17578;0.18555;0.19531;0.20508;0.21484;0.22461;0.23438;0.24414;0.25391;0.26367;0.27344;0.2832;0.29297;0.30273;0.3125;0.32227;0.33203;0.3418;0.35156;0.36133;0.37109;0.38086;0.39063;0.40039;0.41016;0.41992;0.42969;0.43945;0.44922;0.45898;0.46875;0.47852;0.48828;0.49805;0.50781;0.51758;0.52734;0.53711;0.54688;0.55664;0.56641;0.57617;0.58594;0.5957;0.60547;0.61523;0.625;0.63477;0.64453;0.6543;0.66406;0.67383;0.68359;0.69336;0.70313;0.71289;0.72266;0.73242;0.74219;0.75195;0.76172;0.77148;0.78125;0.79102,0.004224;0.010018815999999998;0.010221567999999999;0.007436288;0.013394944;0.039648256;0.031163392000000005;0.013938688;0.012622848;0.017404928000000004;0.021979136000000003;0.022873088;0.016846848;0.007498751999999999;0.0026941440000000003;0.0032276479999999996;0.00293888;0.003130368;0.0022097920000000004;0.0025671680000000003;0.0032460799999999997;0.004212736;0.004897792000000001;0.0063150079999999996;0.007945216;0.005815296;0.0033351680000000003;0.004259839999999999;0.0038062079999999997;0.005308416;0.007454720000000001;0.0040642560000000005;0.003894272;0.004158464;0.004046848;0.004301823999999999;0.0024616959999999998;0.00245248;0.0015616000000000002;0.00198656;0.002096128;0.001538048;0.001210368;0.002505728;0.0026327039999999996;0.00205312;0.001599488;0.002043904;0.0021043200000000002;0.002011136;0.003416064;0.002993152;0.0025139200000000002;0.00210944;0.00307712;0.003493888;0.0032573439999999997;0.0027013120000000004;0.001651712;0.00180224;0.002236416;0.0025456639999999996;0.001901568;0.001087488;0.000999424;0.001250304;0.001723392;0.00123904;0.0011212799999999999;0.001258496;0.0009482239999999999;0.001538048;0.00181248;0.0020797439999999997;0.001624064;0.0013680639999999998;0.001934336;0.0023572479999999997;0.001861632
1789848000,hdr,0.0293;0.03906;0.04883;0.05859;0.06836;0.07813;0.08789;0.09766;0.10742;0.11719;0.12695;0.13672;0.14648;0.15625;0.16602;0.17578;0.18555;0.19531;0.20508;0.21484;0.22461;0.23438;0.24414;0.25391;0.26367;0.27344;0.2832;0.29297;0.30273;0.3125;0.32227;0.33203;0.3418;0.35156;0.36133;0.37109;0.38086;0.39063;0.40039;0.41016;0.41992;0.42969;0.43945;0.44922;0.45898;0.46875;0.47852;0.48828;0.49805;0.50781;0.51758;0.52734;0.53711;0.54688;0.55664;0.56641;0.57617;0.58594;0.5957;0.60547;0.61523;0.625;0.63477;0.64453;0.6543;0.66406;0.67383;0.68359;0.69336;0.70313;0.71289;0.72266;0.73242;0.74219;0.75195;0.76172;0.77148;0.78125;0.79102,0.002881536;0.003913728;0.005736448;0.006391808;0.008844288;0.012961792000000001;0.018146304;0.01325056;0.008501248;0.009839616;0.02496;0.029958144;0.016733184;0.007958528;0.00410624;0.004916224;0.004319232;0.003530752;0.0035481600000000003;0.00331776;0.0028620800000000004;0.0032276479999999996;0.003807232;0.0037437440000000002;0.005878784;0.008367104;0.004723712;0.0035276800000000005;0.002847744;0.0035645440000000002;0.004546560000000001;0.006002688;0.006316032;0.004163584;0.002056192;0.002448384;0.00352256;0.003007488;0.0023941119999999995;0.0027392;0.001846272;0.0022323200000000003;0.002015232;0.0023336960000000006;0.0020572159999999997;0.0017674240000000003;0.002192384;0.0020357120000000003;0.002904064;0.002378752;0.0018882559999999998;0.0028129279999999997;0.002052096;0.002287616;0.0017244159999999999;0.0019189760000000002;0.002741248;0.002308096;0.0023132160000000003;0.003273728;0.00369152;0.00292352;0.001550336;0.0013946879999999998;0.001692672;0.0014592000000000001;0.0018698239999999997;0.0018196479999999999;0.001792;0.001645568;0.001517568;0.00230912;0.00180224;0.0016732160000000002;0.0022835200000000003;0.002306048;0.0027279360000000002;0.001700864;0.0016087039999999999
1789848900,hdr,0.0293;0.03906;0.04883;0.05859;0.06836;0.07813;0.08789;0.09766;0.10742;0.11719;0.12695;0.13672;0.14648;0.15625;0.16602;0.17578;0.18555;0.19531;0.20508;0.21484;0.22461;0.23438;0.24414;0.25391;0.26367;0.27344;0.2832;0.29297;0.30273;0.3125;0.32227;0.33203;0.3418;0.35156;0.36133;0.37109;0.38086;0.39063;0.40039;0.41016;0.41992;0.42969;0.43945;0.44922;0.45898;0.46875;0.47852;0.48828;0.49805;0.50781;0.51758;0.52734;0.53711;0.54688;0.55664;0.56641;0.57617;0.58594;0.5957;0.60547;0.61523;0.625;0.63477;0.64453;0.6543;0.66406;0.67383;0.68359;0.69336;0.70313;0.71289;0.72266;0.73242;0.74219;0.75195;0.76172;0.77148;0.78125;0.79102,0.0053667839999999994;0.013217791999999999;0.008731648;0.00771072;0.012483584;0.030582784;0.030432255999999998;0.015547392;0.008496128;0.011476991999999998;0.013556736000000002;0.015110144;0.014285824;0.006651904;0.00413184;0.003515392;0.0027269119999999997;0.0030976;0.001979392;0.0017121280000000003;0.002440192;0.0021985280000000004;0.004320256;0.0058368000000000005;0.004941824000000001;0.006727680000000001;0.00671744;0.006665216000000001;0.00662016;0.003597312;0.0045670400000000005;0.005308416;0.003032064;0.004722688;0.00443904;0.0041963519999999995;0.004794368;0.004543488;0.003110912;0.002337792;0.002177024;0.001866752;0.0017305600000000001;0.002113536;0.002553856;0.0030300159999999995;0.0036812800000000003;0.0025108480000000004;0.002226176;0.002547712;0.0027555839999999997;0.0024156159999999998;0.00292864;0.002840576;0.0023459839999999997;0.002302976;0.003249152;0.002096128;0.001895424;0.0013793280000000002;0.001078272;0.000592896;0.0014858240000000002;0.002055168;0.001439744;0.0014632959999999998;0.0016650240000000002;0.001936384;0.001936384;0.0020162559999999997;0.002138112;0.0024709120000000005;0.001778688;0.002173952;0.002679808;0.002205696;0.001559552;0.0012994559999999998;0.0015103999999999999
1789849800,hdr,0.0293;0.03906;0.04883;0.05859;0.06836;0.07813;0.08789;0.09766;0.10742;0.11719;0.12695;0.13672;0.14648;0.15625;0.16602;0.17578;0.18555;0.19531;0.20508;0.21484;0.22461;0.23438;0.24414;0.25391;0.26367;0.27344;0.2832;0.29297;0.30273;0.3125;0.32227;0.33203;0.3418;0.35156;0.36133;0.37109;0.38086;0.39063;0.40039;0.41016;0.41992;0.42969;0.43945;0.44922;0.45898;0.46875;0.47852;0.48828;0.49805;0.50781;0.51758;0.52734;0.53711;0.54688;0.55664;0.56641;0.57617;0.58594;0.5957;0.60547;0.61523;0.625;0.63477;0.64453;0.6543;0.66406;0.67383;0.68359;0.69336;0.70313;0.71289;0.72266;0.73242;0.74219;0.75195;0.76172;0.77148;0.78125;0.79102,0.007340032;0.01141248;0.014780416000000001;0.013556736000000002;0.016851968000000002;0.023000063999999997;0.019207167999999997;0.013527039999999999;0.012187647999999999;0.014957568;0.01709056;0.020960256;0.021257216;0.008933376;0.0047216639999999995;0.0031907839999999995;0.00349696;0.004000768;0.005271552;0.00338944;0.004242432;0.004197376;0.005158912;0.004195328;0.004005887999999999;0.007849984;0.00639488;0.006334464;0.004068352;0.0033812479999999995;0.005564415999999999;0.005639168;0.004892672000000001;0.0040765440000000005;0.005423104000000001;0.004953088;0.0029798399999999997;0.003480576;0.002888704;0.002486272;0.002816;0.0027023359999999996;0.0023388159999999996;0.0024002560000000004;0.0025456639999999996;0.0028047360000000004;0.0030853119999999998;0.002692096;0.0021248;0.002398208;0.002880512;0.0016650240000000002;0.001293312;0.001583104;0.0014899199999999998;0.001934336;0.0020121600000000003;0.001563648;0.0013209599999999997;0.002215936;0.002003968;0.001620992;0.00133632;0.002158592;0.0025671680000000003;0.002409472;0.002666496;0.00331776;0.0037693439999999996;0.004642816;0.004174848;0.003726336;0.002568192;0.002568192;0.0028948479999999998;0.0022568959999999996;0.002627584;0.002962432;0.0027791359999999998
1789850700,hdr,0.0293;0.03906;0.04883;0.05859;0.06836;0.07813;0.08789;0.09766;0.10742;0.11719;0.12695;0.13672;0.14648;0.15625;0.16602;0.17578;0.18555;0.19531;0.20508;0.21484;0.22461;0.23438;0.24414;0.25391;0.26367;0.27344;0.2832;0.29297;0.30273;0.3125;0.32227;0.33203;0.3418;0.35156;0.36133;0.37109;0.38086;0.39063;0.40039;0.41016;0.41992;0.42969;0.43945;0.44922;0.45898;0.46875;0.47852;0.48828;0.49805;0.50781;0.51758;0.52734;0.53711;0.54688;0.55664;0.56641;0.57617;0.58594;0.5957;0.60547;0.61523;0.625;0.63477;0.64453;0.6543;0.66406;0.67383;0.68359;0.69336;0.70313;0.71289;0.72266;0.73242;0.74219;0.75195;0.76172;0.77148;0.78125;0.79102,0.01368064;0.015831039999999998;0.016187392;0.010167296000000001;0.011338752;0.020801536;0.025796608;0.013198336;0.009736192000000001;0.014540800000000001;0.024264703999999998;0.024359936000000002;0.016738304;0.008334336000000001;0.005081088000000001;0.004545536;0.0044288;0.002817024;0.0028221440000000004;0.002581504;0.001575936;0.001509376;0.0019169279999999998;0.003457024;0.004486144;0.003914752;0.002418688;0.003239936;0.003629056;0.003480576;0.002542592;0.0023674879999999996;0.00257024;0.0024002560000000004;0.0024801280000000003;0.002676736;0.0017674240000000003;0.003362816;0.003897344;0.0023265280000000004;0.002691072;0.003057664;0.003104768;0.0023050239999999997;0.0020633599999999998;0.0028948479999999998;0.002123776;0.001927168;0.0015544320000000001;0.001856512;0.0024504320000000002;0.00244736;0.002387968;0.002686976;0.002045952;0.00164864;0.001814528;0.002249728;0.002302976;0.0021524480000000004;0.0020992000000000003;0.002576384;0.003714048;0.003625984;0.004166656;0.004139008;0.0034048;0.004166656;0.005131264;0.003001344;0.003288064;0.0037621760000000003;0.0032020480000000003;0.0025118719999999996;0.002870272;0.004153344;0.00233984;0.001782784;0.0011284479999999998
1789851600,hdr,0.0293;0.03906;0.04883;0.05859;0.06836;0.07813;0.08789;0.09766;0.10742;0.11719;0.12695;0.13672;0.14648;0.15625;0.16602;0.17578;0.18555;0.19531;0.20508;0.21484;0.22461;0.23438;0.24414;0.25391;0.26367;0.27344;0.2832;0.29297;0.30273;0.3125;0.32227;0.33203;0.3418;0.35156;0.36133;0.37109;0.38086;0.39063;0.40039;0.41016;0.41992;0.42969;0.43945;0.44922;0.45898;0.46875;0.47852;0.48828;0.49805;0.50781;0.51758;0.52734;0.53711;0.54688;0.55664;0.56641;0.57617;0.58594;0.5957;0.60547;0.61523;0.625;0.63477;0.64453;0.6543;0.66406;0.67383;0.68359;0.69336;0.70313;0.71289;0.72266;0.73242;0.74219;0.75195;0.76172;0.77148;0.78125;0.79102,0.007356416;0.016975872;0.013229056000000001;0.009264127999999998;0.011026432000000001;0.018049023999999997;0.022788095999999997;0.012045312;0.009094144;0.020578304;0.023580671999999997;0.024164352000000004;0.017677312;0.014685183999999999;0.006453248000000001;0.0041564160000000005;0.00363008;0.0029716480000000003;0.0027381760000000006;0.002071552;0.002816;0.003468288;0.004176895999999999;0.0033208319999999997;0.005028863999999999;0.00588288;0.004269055999999999;0.003414016;0.00463872;0.006299648;0.003119104;0.004529152;0.004023296;0.002633728;0.0022394880000000004;0.0021913600000000003;0.0024084479999999997;0.0030607359999999997;0.0025262080000000003;0.0016609279999999999;0.0013056;0.002238464;0.00180736;0.002044928;0.001707008;0.00136704;0.001798144;0.0018810880000000002;0.00249344;0.002148352;0.001969152;0.002318336;0.001864704;0.002125824;0.002156544;0.002625536;0.00300032;0.002880512;0.00307712;0.0033044479999999998;0.003974144;0.002279424;0.003393536;0.005952512;0.0047339520000000005;0.004560896;0.003728384;0.004135936;0.0037345280000000004;0.003928064;0.004407296;0.0033146879999999997;0.00413696;0.003670016;0.0016895999999999999;0.0015472639999999998;0.001847296;0.0015206400000000002;0.0015964160000000002
1789852500,hdr,0.0293;0.03906;0.04883;0.05859;0.06836;0.07813;0.08789;0.09766;0.10742;0.11719;0.12695;0.13672;0.14648;0.15625;0.16602;0.17578;0.18555;0.19531;0.20508;0.21484;0.22461;0.23438;0.24414;0.25391;0.26367;0.27344;0.2832;0.29297;0.30273;0.3125;0.32227;0.33203;0.3418;0.35156;0.36133;0.37109;0.38086;0.39063;0.40039;0.41016;0.41992;0.42969;0.43945;0.44922;0.45898;0.46875;0.47852;0.48828;0.49805;0.50781;0.51758;0.52734;0.53711;0.54688;0.55664;0.56641;0.57617;0.58594;0.5957;0.60547;0.61523;0.625;0.63477;0.64453;0.6543;0.66406;0.67383;0.68359;0.69336;0.70313;0.71289;0.72266;0.73242;0.74219;0.75195;0.76172;0.77148;0.78125;0.79102,0.004356095999999999;0.006251520000000001;0.010539008000000002;0.009578495999999999;0.010229760000000001;0.021842944;0.017758207999999998;0.012377088;0.014652416000000001;0.018783232;0.01996288;0.03398144;0.028718080000000003;0.015070207999999998;0.0064593919999999996;0.002535424;0.0026859519999999997;0.002761728;0.0027392;0.001876992;0.00208896;0.00300544;0.005124096;0.00556032;0.004627455999999999;0.006233088;0.009005056;0.008604672;0.0050800640000000005;0.003306496;0.00288256;0.003013632;0.00383488;0.0036392959999999998;0.003024896;0.0040519679999999995;0.004091904;0.00472576;0.0031969280000000004;0.002659328;0.0024064;0.0012554240000000002;0.0009431040000000001;0.0016250880000000002;0.001755136;0.001092608;0.00177152;0.001820672;0.002366464;0.002014208;0.001446912;0.000800768;0.001253376;0.001954816;0.001948672;0.00204288;0.00272896;0.0023050239999999997;0.0022702079999999997;0.0035471359999999998;0.00316416;0.00276992;0.003270656;0.005121024;0.005239808;0.004011008;0.0031488;0.003560448;0.003606528;0.002637824;0.002911232;0.0027156479999999998;0.002883584;0.003008512;0.003161088;0.002871296;0.0025497600000000003;0.0026449919999999997;0.00267264
1789853400,hdr,0.0293;0.03906;0.04883;0.05859;0.06836;0.07813;0.08789;0.09766;0.10742;0.11719;0.12695;0.13672;0.14648;0.15625;0.16602;0.17578;0.18555;0.19531;0.20508;0.21484;0.22461;0.23438;0.24414;0.25391;0.26367;0.27344;0.2832;0.29297;0.30273;0.3125;0.32227;0.33203;0.3418;0.35156;0.36133;0.37109;0.38086;0.39063;0.40039;0.41016;0.41992;0.42969;0.43945;0.44922;0.45898;0.46875;0.47852;0.48828;0.49805;0.50781;0.51758;0.52734;0.53711;0.54688;0.55664;0.56641;0.57617;0.58594;0.5957;0.60547;0.61523;0.625;0.63477;0.64453;0.6543;0.66406;0.67383;0.68359;0.69336;0.70313;0.71289;0.72266;0.73242;0.74219;0.75195;0.76172;0.77148;0.78125;0.79102,0.004737024;0.008649727999999999;0.006776831999999999;0.008178688;0.010144768;0.019479552000000004;0.021532672000000003;0.010103808;0.013705216000000001;0.022315007999999997;0.026923008;0.027110399999999996;0.022407167999999998;0.012921855999999999;0.007477248000000001;0.0036167680000000002;0.002123776;0.002164736;0.00281088;0.002873344;0.00246272;0.00289792;0.003692544;0.0038717440000000003;0.003151872;0.004825088;0.0044677119999999996;0.005494784000000001;0.0057896959999999996;0.0034498560000000003;0.0028846080000000003;0.002820096;0.0042956800000000005;0.003377152;0.002192384;0.0026787839999999996;0.001681408;0.001687552;0.002445312;0.0015953919999999997;0.001705984;0.0019968;0.001253376;0.00141824;0.0013987840000000001;0.001875968;0.0018923520000000001;0.001055744;0.0012288;0.000869376;0.001267712;0.001467392;0.00092672;0.000795648;0.001188864;0.0015390719999999998;0.0014151679999999999;0.0016128;0.00187392;0.001882112;0.0018800639999999999;0.003024896;0.0046069760000000005;0.005182464000000001;0.004959232;0.006183936;0.004640767999999999;0.005827584;0.00474624;0.0042536959999999995;0.003622912;0.001588224;0.002625536;0.002813952;0.0030453760000000002;0.002456576;0.002226176;0.001835008;0.0017643519999999998
1789854300,hdr,0.0293;0.03906;0.04883;0.05859;0.06836;0.07813;0.08789;0.09766;0.10742;0.11719;0.12695;0.13672;0.14648;0.15625;0.16602;0.17578;0.18555;0.19531;0.20508;0.21484;0.22461;0.23438;0.24414;0.25391;0.26367;0.27344;0.2832;0.29297;0.30273;0.3125;0.32227;0.33203;0.3418;0.35156;0.36133;0.37109;0.38086;0.39063;0.40039;0.41016;0.41992;0.42969;0.43945;0.44922;0.45898;0.46875;0.47852;0.48828;0.49805;0.50781;0.51758;0.52734;0.53711;0.54688;0.55664;0.56641;0.57617;0.58594;0.5957;0.60547;0.61523;0.625;0.63477;0.64453;0.6543;0.66406;0.67383;0.68359;0.69336;0.70313;0.71289;0.72266;0.73242;0.74219;0.75195;0.76172;0.77148;0.78125;0.79102,0.007124992;0.013400064;0.009810944;0.006093823999999999;0.011186175999999999;0.023453696;0.017849343999999996;0.010336256000000002;0.017926144;0.023960576;0.029794304;0.030564352;0.02636288;0.014835712;0.0069396480000000005;0.00395264;0.002423808;0.002725888;0.00237568;0.00195584;0.002579456;0.0017684480000000002;0.0014991359999999999;0.0033832960000000005;0.003446784;0.00270336;0.0038092800000000004;0.004469760000000001;0.0053463040000000005;0.003827712;0.004063232;0.004764671999999999;0.003241984;0.002156544;0.0019455999999999998;0.001325056;0.00195072;0.002528256;0.0029491200000000004;0.002489344;0.0016250880000000002;0.0024504320000000002;0.002920448;0.0015226880000000001;0.001048576;0.001574912;0.0014714879999999997;0.001893376;0.001714176;0.00131072;0.000970752;0.0008386559999999999;0.0007936;0.000782336;0.001153024;0.001508352;0.002125824;0.0025364479999999997;0.002771968;0.002441216;0.0029501439999999996;0.003144704;0.004137984000000001;0.0036311040000000004;0.002635776;0.0028692479999999996;0.004487168;0.004841472;0.0035645440000000002;0.002130944;0.003822592;0.002619392;0.002603008;0.002932736;0.0030976;0.0023767040000000003;0.001777664;0.002076672;0.00207872
1789855200,hdr,0.0293;0.03906;0.04883;0.05859;0.06836;0.07813;0.08789;0.09766;0.10742;0.11719;0.12695;0.13672;0.14648;0.15625;0.16602;0.17578;0.18555;0.19531;0.20508;0.21484;0.22461;0.23438;0.24414;0.25391;0.26367;0.27344;0.2832;0.29297;0.30273;0.3125;0.32227;0.33203;0.3418;0.35156;0.36133;0.37109;0.38086;0.39063;0.40039;0.41016;0.41992;0.42969;0.43945;0.44922;0.45898;0.46875;0.47852;0.48828;0.49805;0.50781;0.51758;0.52734;0.53711;0.54688;0.55664;0.56641;0.57617;0.58594;0.5957;0.60547;0.61523;0.625;0.63477;0.64453;0.6543;0.66406;0.67383;0.68359;0.69336;0.70313;0.71289;0.72266;0.73242;0.74219;0.75195;0.76172;0.77148;0.78125;0.79102,0.001475584;0.00326656;0.0039301119999999995;0.00853504;0.013272064;0.02571264;0.020077568;0.008426496;0.010775551999999999;0.016434175999999998;0.026599424;0.021199871999999998;0.017466368;0.014729215999999998;0.00531456;0.0025651199999999997;0.002409472;0.001696768;0.001790976;0.001959936;0.001901568;0.001907712;0.0022405119999999996;0.002233344;0.0024616959999999998;0.003944448;0.004174848;0.003214336;0.006300671999999999;0.00577024;0.002568192;0.001765376;0.002080768;0.0013987840000000001;0.00129024;0.001457152;0.001969152;0.001973248;0.001750016;0.002113536;0.0014438399999999998;0.001504256;0.0014448640000000001;0.0017807360000000002;0.0016230399999999999;0.00101888;0.0011202559999999998;0.000888832;0.0005560319999999999;0.000493568;0.0006963200000000001;0.000913408;0.0006778880000000001;0.000505856;0.00072704;0.0006778880000000001;0.000704512;0.0006973439999999999;0.0009472;0.001574912;0.0010956800000000001;0.00134144;0.001769472;0.00272896;0.0021288960000000003;0.0026777600000000004;0.0036239360000000003;0.004711424;0.004675584;0.004862976;0.0031477759999999997;0.003058688;0.0025825279999999997;0.0020101119999999997;0.0022538239999999998;0.001929216;0.001758208;0.0012523519999999998;0.001432576
1789856100,hdr,0.0293;0.03906;0.04883;0.05859;0.06836;0.07813;0.08789;0.09766;0.10742;0.11719;0.12695;0.13672;0.14648;0.15625;0.16602;0.17578;0.18555;0.19531;0.20508;0.21484;0.22461;0.23438;0.24414;0.25391;0.26367;0.27344;0.2832;0.29297;0.30273;0.3125;0.32227;0.33203;0.3418;0.35156;0.36133;0.37109;0.38086;0.39063;0.40039;0.41016;0.41992;0.42969;0.43945;0.44922;0.45898;0.46875;0.47852;0.48828;0.49805;0.50781;0.51758;0.52734;0.53711;0.54688;0.55664;0.56641;0.57617;0.58594;0.5957;0.60547;0.61523;0.625;0.63477;0.64453;0.6543;0.66406;0.67383;0.68359;0.69336;0.70313;0.71289;0.72266;0.73242;0.74219;0.75195;0.76172;0.77148;0.78125;0.79102,0.00202752;0.001835008;0.0021360640000000005;0.002719744;0.005860352;0.013915136;0.01097728;0.0060835839999999995;0.008389632000000001;0.019151872;0.022187007999999998;0.024682495999999998;0.021246975999999997;0.0184832;0.006134784;0.002486272;0.002568192;0.0034867200000000004;0.002929664;0.002284544;0.002655232;0.002958336;0.002304;0.001809408;0.002092032;0.002878464;0.0031027200000000002;0.003115008;0.0025825279999999997;0.002234368;0.001865728;0.0018810880000000002;0.002072576;0.001846272;0.001558528;0.001639424;0.001647616;0.0014213119999999999;0.0010086399999999999;0.00155648;0.001555456;0.00101376;0.00090112;0.001010688;0.000857088;0.0006676480000000001;0.0007495679999999999;0.0007464960000000001;0.00047718399999999996;0.000314368;0.00043724800000000005;0.00067072;0.00065536;0.000384;0.00059392;0.0007423999999999999;0.00047718399999999996;0.000434176;0.000646144;0.0007925759999999999;0.000858112;0.0010762240000000002;0.000950272;0.001391616;0.001507328;0.00180224;0.0020582400000000002;0.002260992;0.00237056;0.001983488;0.0024340480000000003;0.003477504;0.003277824;0.00301056;0.002465792;0.001932288;0.001422336;0.001929216;0.002238464
1789857000,hdr,0.0293;0.03906;0.04883;0.05859;0.06836;0.07813;0.08789;0.09766;0.10742;0.11719;0.12695;0.13672;0.14648;0.15625;0.16602;0.17578;0.18555;0.19531;0.20508;0.21484;0.22461;0.23438;0.24414;0.25391;0.26367;0.27344;0.2832;0.29297;0.30273;0.3125;0.32227;0.33203;0.3418;0.35156;0.36133;0.37109;0.38086;0.39063;0.40039;0.41016;0.41992;0.42969;0.43945;0.44922;0.45898;0.46875;0.47852;0.48828;0.49805;0.50781;0.51758;0.52734;0.53711;0.54688;0.55664;0.56641;0.57617;0.58594;0.5957;0.60547;0.61523;0.625;0.63477;0.64453;0.6543;0.66406;0.67383;0.68359;0.69336;0.70313;0.71289;0.72266;0.73242;0.74219;0.75195;0.76172;0.77148;0.78125;0.79102,0.005126144;0.006206464000000001;0.007140352;0.0061757439999999995;0.005966848;0.015480832;0.014368768;0.006484992;0.017087488;0.026493952;0.025453568;0.016945152;0.024047616;0.02283008;0.007424;0.0021227520000000003;0.002089984;0.002286592;0.0025753599999999996;0.0026705920000000003;0.0022067199999999997;0.001165312;0.001779712;0.001436672;0.0011714560000000002;0.0021903359999999998;0.003237888;0.003021824;0.006093823999999999;0.005811200000000001;0.00213504;0.0013752319999999999;0.00128;0.0013783040000000001;0.00180224;0.001409024;0.0013260799999999999;0.001416192;0.001900544;0.0015513600000000001;0.001149952;0.0012687360000000001;0.0011489279999999998;0.00122368;0.0009717759999999999;0.00039731200000000003;0.00036761599999999997;0.0008202239999999999;0.000744448;0.000758784;0.0006819840000000001;0.0005898240000000001;0.00077312;0.00073216;0.00048127999999999995;0.000475136;0.000698368;0.000579584;0.0007137280000000001;0.000719872;0.000763904;0.00098816;0.0015964160000000002;0.001887232;0.001803264;0.001750016;0.001854464;0.001358848;0.001524736;0.001312768;0.0021504000000000002;0.0027217920000000002;0.00239616;0.00193536;0.00125952;0.001304576;0.0014704639999999999;0.001840128;0.002066432
1789857900,hdr,0.0293;0.03906;0.04883;0.05859;0.06836;0.07813;0.08789;0.09766;0.10742;0.11719;0.12695;0.13672;0.14648;0.15625;0.16602;0.17578;0.18555;0.19531;0.20508;0.21484;0.22461;0.23438;0.24414;0.25391;0.26367;0.27344;0.2832;0.29297;0.30273;0.3125;0.32227;0.33203;0.3418;0.35156;0.36133;0.37109;0.38086;0.39063;0.40039;0.41016;0.41992;0.42969;0.43945;0.44922;0.45898;0.46875;0.47852;0.48828;0.49805;0.50781;0.51758;0.52734;0.53711;0.54688;0.55664;0.56641;0.57617;0.58594;0.5957;0.60547;0.61523;0.625;0.63477;0.64453;0.6543;0.66406;0.67383;0.68359;0.69336;0.70313;0.71289;0.72266;0.73242;0.74219;0.75195;0.76172;0.77148;0.78125;0.79102,0.004115456;0.004990975999999999;0.003349504;0.009997312000000001;0.007446528;0.016176127999999998;0.013192192;0.005718016;0.010206208000000001;0.014797824000000001;0.025254912;0.015731712;0.018939903999999997;0.016211968;0.009757696;0.004334592;0.002958336;0.0038717440000000003;0.002111488;0.001476608;0.001283072;0.001325056;0.00221696;0.002440192;0.0018718720000000001;0.001466368;0.00164864;0.00247296;0.003551232;0.004137984000000001;0.00352256;0.0030412800000000004;0.0018196479999999999;0.00162816;0.0015616000000000002;0.0010649599999999998;0.000979968;0.001180672;0.001283072;0.0017889280000000002;0.001202176;0.001641472;0.0016291839999999999;0.0007833599999999999;0.0007280640000000001;0.000510976;0.00041062399999999995;0.00045568;0.00044339199999999997;0.000503808;0.0006993920000000001;0.000442368;0.000349184;0.000305152;0.000280576;0.00030003200000000004;0.00018227199999999998;0.00022016;0.00019456;0.00026112;0.00028671999999999997;0.000284672;0.000314368;0.00024576000000000003;0.00033894400000000004;0.00046489599999999996;0.000613376;0.00059904;0.00044544;0.000733184;0.00077312;0.0005754880000000001;0.0010762240000000002;0.001288192;0.001588224;0.001353728;0.001559552;0.0011366400000000002;0.001736704
1789858800,hdr,0.0293;0.03906;0.04883;0.05859;0.06836;0.07813;0.08789;0.09766;0.10742;0.11719;0.12695;0.13672;0.14648;0.15625;0.16602;0.17578;0.18555;0.19531;0.20508;0.21484;0.22461;0.23438;0.24414;0.25391;0.26367;0.27344;0.2832;0.29297;0.30273;0.3125;0.32227;0.33203;0.3418;0.35156;0.36133;0.37109;0.38086;0.39063;0.40039;0.41016;0.41992;0.42969;0.43945;0.44922;0.45898;0.46875;0.47852;0.48828;0.49805;0.50781;0.51758;0.52734;0.53711;0.54688;0.55664;0.56641;0.57617;0.58594;0.5957;0.60547;0.61523;0.625;0.63477;0.64453;0.6543;0.66406;0.67383;0.68359;0.69336;0.70313;0.71289;0.72266;0.73242;0.74219;0.75195;0.76172;0.77148;0.78125;0.79102,0.003277824;0.009326592;0.007077888;0.006351872000000001;0.012694528;0.015415296;0.014135296;0.009424896;0.013729792;0.020519936000000003;0.02392064;0.018105344;0.013073408000000002;0.012227584000000001;0.008165376;0.00553984;0.004902912;0.00324096;0.0017561599999999999;0.002138112;0.001806336;0.002177024;0.0026071040000000003;0.0031354879999999996;0.002939904;0.001875968;0.001226752;0.001820672;0.00297472;0.0027852800000000002;0.00133632;0.0021452800000000003;0.0019394560000000002;0.0014376960000000002;0.001073152;0.001088512;0.001312768;0.001504256;0.001651712;0.000922624;0.000897024;0.0010014719999999998;0.001038336;0.000674816;0.000468992;0.00035430400000000006;0.000497664;0.00038912;0.00037068800000000004;0.00035430400000000006;0.000316416;0.00041472;0.00030208000000000004;0.000188416;0.000216064;0.00021504000000000003;0.00018432000000000002;0.000178176;0.00035328;0.00041472;0.000284672;0.00023859199999999998;0.00020172799999999998;0.00027648;0.00037376;0.00020480000000000002;0.00028569600000000005;0.00040960000000000004;0.00035942400000000006;0.000257024;0.00027340799999999994;0.00044646400000000004;0.00047616000000000005;0.000858112;0.0008304639999999999;0.0006830079999999999;0.000702464;0.0008663039999999999;0.001308672
1789859700,hdr,0.0293;0.03906;0.04883;0.05859;0.06836;0.07813;0.08789;0.09766;0.10742;0.11719;0.12695;0.13672;0.14648;0.15625;0.16602;0.17578;0.18555;0.19531;0.20508;0.21484;0.22461;0.23438;0.24414;0.25391;0.26367;0.27344;0.2832;0.29297;0.30273;0.3125;0.32227;0.33203;0.3418;0.35156;0.36133;0.37109;0.38086;0.39063;0.40039;0.41016;0.41992;0.42969;0.43945;0.44922;0.45898;0.46875;0.47852;0.48828;0.49805;0.50781;0.51758;0.52734;0.53711;0.54688;0.55664;0.56641;0.57617;0.58594;0.5957;0.60547;0.61523;0.625;0.63477;0.64453;0.6543;0.66406;0.67383;0.68359;0.69336;0.70313;0.71289;0.72266;0.73242;0.74219;0.75195;0.76172;0.77148;0.78125;0.79102,0.006245376;0.007782399999999999;0.008100864;0.008265728;0.010404864;0.020729856000000005;0.020263936000000003;0.010259456;0.01534464;0.016697344;0.017813503999999997;0.027338752;0.016073728;0.008973312;0.008394752;0.0045823999999999995;0.004210688;0.0039700479999999995;0.0025610240000000003;0.002994176;0.002627584;0.002272256;0.0017889280000000002;0.0016302080000000002;0.001794048;0.0023347199999999998;0.002516992;0.00187904;0.002180096;0.0029184000000000002;0.00231936;0.002043904;0.0015267839999999998;0.0014438399999999998;0.001376256;0.000955392;0.0009441279999999999;0.0006737919999999999;0.000816128;0.0013199359999999999;0.000730112;0.000420864;0.0007290879999999999;0.000539648;0.000503808;0.000379904;0.00018739199999999998;0.000258048;0.00029696;0.00032256;0.000310272;0.000262144;0.000237568;0.000269312;0.00029388799999999996;0.00024371200000000001;0.000175104;0.00011980799999999999;0.000157696;0.000172032;0.00021504000000000003;0.00028569600000000005;0.000248832;0.000360448;0.000395264;0.000325632;0.000279552;0.000347136;0.000211968;0.000175104;0.00023961599999999998;0.000256;0.000267264;0.00023040000000000002;0.000259072;0.000386048;0.000371712;0.00030617599999999996;0.0005888
1789860600,hdr,0.0293;0.03906;0.04883;0.05859;0.06836;0.07813;0.08789;0.09766;0.10742;0.11719;0.12695;0.13672;0.14648;0.15625;0.16602;0.17578;0.18555;0.19531;0.20508;0.21484;0.22461;0.23438;0.24414;0.25391;0.26367;0.27344;0.2832;0.29297;0.30273;0.3125;0.32227;0.33203;0.3418;0.35156;0.36133;0.37109;0.38086;0.39063;0.40039;0.41016;0.41992;0.42969;0.43945;0.44922;0.45898;0.46875;0.47852;0.48828;0.49805;0.50781;0.51758;0.52734;0.53711;0.54688;0.55664;0.56641;0.57617;0.58594;0.5957;0.60547;0.61523;0.625;0.63477;0.64453;0.6543;0.66406;0.67383;0.68359;0.69336;0.70313;0.71289;0.72266;0.73242;0.74219;0.75195;0.76172;0.77148;0.78125;0.79102,0.004813824;0.011377664;0.008680448;0.004242432;0.006611968;0.015935487999999998;0.012455935999999999;0.010566656;0.006854656;0.013976576;0.022646784;0.0249088;0.026171391999999998;0.0317184;0.01283584;0.0047810560000000005;0.0028989440000000005;0.0024309759999999996;0.001634304;0.00178176;0.0015267839999999998;0.00221696;0.002236416;0.0018524160000000002;0.002046976;0.001997824;0.001854464;0.00203776;0.003550208;0.0023930880000000002;0.00171008;0.00118272;0.0013240320000000002;0.001102848;0.000831488;0.0009144320000000001;0.001309696;0.001155072;0.0007280640000000001;0.0005857280000000001;0.000577536;0.000533504;0.0007075839999999999;0.000823296;0.000536576;0.000503808;0.00046796800000000003;0.00037376;0.00047616000000000005;0.00035328;0.000423936;0.000321536;0.000226304;0.000252928;0.000172032;0.000161792;0.000176128;0.000141312;0.000178176;0.00020275199999999997;0.00018432000000000002;0.000164864;9.728e-05;9.728e-05;0.000164864;0.00018739199999999998;0.000217088;0.00011264;0.00010649599999999999;0.00016384;0.00012288000000000002;9.6256e-05;0.000129024;0.000134144;8.3968e-05;0.000173056;0.000183296;0.00020992;0.000226304
1789861500,hdr,0.0293;0.03906;0.04883;0.05859;0.06836;0.07813;0.08789;0.09766;0.10742;0.11719;0.12695;0.13672;0.14648;0.15625;0.16602;0.17578;0.18555;0.19531;0.20508;0.21484;0.22461;0.23438;0.24414;0.25391;0.26367;0.27344;0.2832;0.29297;0.30273;0.3125;0.32227;0.33203;0.3418;0.35156;0.36133;0.37109;0.38086;0.39063;0.40039;0.41016;0.41992;0.42969;0.43945;0.44922;0.45898;0.46875;0.47852;0.48828;0.49805;0.50781;0.51758;0.52734;0.53711;0.54688;0.55664;0.56641;0.57617;0.58594;0.5957;0.60547;0.61523;0.625;0.63477;0.64453;0.6543;0.66406;0.67383;0.68359;0.69336;0.70313;0.71289;0.72266;0.73242;0.74219;0.75195;0.76172;0.77148;0.78125;0.79102,0.006577152;0.010713088;0.009068544;0.00700416;0.00619008;0.007457792;0.01260544;0.016719872;0.019803136;0.013064192;0.017292288;0.019969024000000002;0.015107072000000001;0.026595327999999998;0.01449984;0.004755456;0.0031559680000000003;0.002562048;0.002373632;0.002250752;0.001866752;0.001970176;0.001414144;0.0015472639999999998;0.0013864959999999999;0.00133632;0.001741824;0.002084864;0.0023429120000000004;0.0023889920000000004;0.001744896;0.002587648;0.0023132160000000003;0.0017326079999999998;0.001517568;0.0010465279999999997;0.000592896;0.0006789119999999999;0.000761856;0.000775168;0.000576512;0.000344064;0.00043315199999999996;0.000594944;0.000613376;0.00052736;0.000385024;0.000326656;0.000330752;0.000283648;0.000249856;0.00020889599999999997;0.000169984;0.000197632;0.00018534400000000002;0.000167936;0.00017715200000000003;0.00029696;0.00023244799999999998;0.000386048;0.0010086399999999999;0.000898048;0.0005816320000000001;0.000360448;0.000318464;0.000162816;0.000190464;0.00018124799999999998;0.000136192;0.000139264;0.000110592;0.000137216;0.00010649599999999999;0.000160768;0.00012185600000000001;0.000110592;0.000125952;0.000134144;0.000157696
