Epoch Time,Processing Source,f,varianceDensity
1789430400,hdr,0.0293;0.03906;0.04883;0.05859;0.06836;0.07813;0.08789;0.09766;0.10742;0.11719;0.12695;0.13672;0.14648;0.15625;0.16602;0.17578;0.18555;0.19531;0.20508;0.21484;0.22461;0.23438;0.24414;0.25391;0.26367;0.27344;0.2832;0.29297;0.30273;0.3125;0.32227;0.33203;0.3418;0.35156;0.36133;0.37109;0.38086;0.39063;0.40039;0.41016;0.41992;0.42969;0.43945;0.44922;0.45898;0.46875;0.47852;0.48828;0.49805;0.50781;0.51758;0.52734;0.53711;0.54688;0.55664;0.56641;0.57617;0.58594;0.5957;0.60547;0.61523;0.625;0.63477;0.64453;0.6543;0.66406;0.67383;0.68359;0.69336;0.70313;0.71289;0.72266;0.73242;0.74219;0.75195;0.76172;0.77148;0.78125;0.79102,0.0016148479999999999;0.008224768;0.006576128;0.002556928;0.005582848;0.0029992960000000003;0.003180544;0.009798656;0.012895232;0.013686784;0.01211392;0.019176448;0.028862464;0.025302016;0.013048832;0.009345024;0.005168128000000001;0.003822592;0.00237568;0.001777664;0.000887808;0.001460224;0.001440768;0.0012871680000000002;0.00125952;0.001548288;0.001688576;0.0021985280000000004;0.0034652159999999997;0.001692672;0.0017039359999999999;0.001586176;0.0023470080000000003;0.0022814719999999997;0.005283839999999999;0.00594944;0.0038594560000000003;0.002997248;0.0023511039999999997;0.00252416;0.002905088;0.00208896;0.001552384;0.001027072;0.001646592;0.0014919679999999998;0.001241088;0.0010608640000000001;0.0011786239999999999;0.001373184;0.0018513919999999999;0.0023500800000000005;0.00194048;0.00246784;0.003127296;0.003687424;0.0025917439999999996;0.00234496;0.0033802240000000002;0.002213888;0.0017858560000000002;0.001744896;0.00160256;0.0014530559999999999;0.000864256;0.000790528;0.001283072;0.001247232;0.0012072959999999998;0.0008509440000000001;0.0010598399999999998;0.001504256;0.001301504;0.0007249919999999999;0.000466944;0.000679936;0.000776192;0.00068608;0.0010178560000000001
1789431300,hdr,0.0293;0.03906;0.04883;0.05859;0.06836;0.07813;0.08789;0.09766;0.10742;0.11719;0.12695;0.13672;0.14648;0.15625;0.16602;0.17578;0.18555;0.19531;0.20508;0.21484;0.22461;0.23438;0.24414;0.25391;0.26367;0.27344;0.2832;0.29297;0.30273;0.3125;0.32227;0.33203;0.3418;0.35156;0.36133;0.37109;0.38086;0.39063;0.40039;0.41016;0.41992;0.42969;0.43945;0.44922;0.45898;0.46875;0.47852;0.48828;0.49805;0.50781;0.51758;0.52734;0.53711;0.54688;0.55664;0.56641;0.57617;0.58594;0.5957;0.60547;0.61523;0.625;0.63477;0.64453;0.6543;0.66406;0.67383;0.68359;0.69336;0.70313;0.71289;0.72266;0.73242;0.74219;0.75195;0.76172;0.77148;0.78125;0.79102,0.002770944;0.0056801279999999996;0.007114752;0.004344832000000001;0.004518912;0.007269376;0.007269376;0.005594112;0.008141823999999999;0.010886144;0.010326016;0.01464832;0.030102528;0.032602111999999996;0.0161792;0.008522752;0.006351872000000001;0.005081088000000001;0.002725888;0.002055168;0.001736704;0.001942528;0.0020879360000000003;0.00135168;0.001028096;0.001241088;0.001548288;0.002448384;0.0024576;0.002185216;0.0019773440000000002;0.001676288;0.0018882559999999998;0.003279872;0.0034498560000000003;0.0026521599999999998;0.00257024;0.00421888;0.004123648;0.003480576;0.002300928;0.001686528;0.00239104;0.0021043200000000002;0.0018995200000000002;0.001108992;0.001052672;0.0013260799999999999;0.0013926400000000001;0.001574912;0.001798144;0.0011755519999999998;0.0011909120000000001;0.0017561599999999999;0.001734656;0.0013475839999999998;0.0020992000000000003;0.002244608;0.00233984;0.0022272;0.001385472;0.00163328;0.0018882559999999998;0.00169984;0.000837632;0.000996352;0.00136704;0.0012789759999999998;0.000863232;0.00090624;0.000801792;0.000698368;0.0007464960000000001;0.000723968;0.0007290879999999999;0.0007925759999999999;0.00079872;0.001022976;0.001193984
1789432200,hdr,0.0293;0.03906;0.04883;0.05859;0.06836;0.07813;0.08789;0.09766;0.10742;0.11719;0.12695;0.13672;0.14648;0.15625;0.16602;0.17578;0.18555;0.19531;0.20508;0.21484;0.22461;0.23438;0.24414;0.25391;0.26367;0.27344;0.2832;0.29297;0.30273;0.3125;0.32227;0.33203;0.3418;0.35156;0.36133;0.37109;0.38086;0.39063;0.40039;0.41016;0.41992;0.42969;0.43945;0.44922;0.45898;0.46875;0.47852;0.48828;0.49805;0.50781;0.51758;0.52734;0.53711;0.54688;0.55664;0.56641;0.57617;0.58594;0.5957;0.60547;0.61523;0.625;0.63477;0.64453;0.6543;0.66406;0.67383;0.68359;0.69336;0.70313;0.71289;0.72266;0.73242;0.74219;0.75195;0.76172;0.77148;0.78125;0.79102,0.0029163519999999997;0.005640192;0.00823808;0.007945216;0.008873984;0.00825856;0.006299648;0.006160384;0.007791616;0.010917887999999999;0.008449024;0.010011648;0.01454592;0.025396224;0.016717824;0.010145791999999999;0.0068106239999999995;0.0022302719999999997;0.0027729919999999997;0.0028129279999999997;0.001992704;0.000882688;0.001221632;0.0013690880000000003;0.001574912;0.001611776;0.001876992;0.002310144;0.0017305600000000001;0.001242112;0.001675264;0.0017807360000000002;0.00246784;0.002671616;0.0028538879999999997;0.00200704;0.0032358400000000002;0.003203072;0.0031539199999999997;0.00310784;0.001984512;0.0020981759999999998;0.002865152;0.002348032;0.00165376;0.0014786559999999999;0.001009664;0.0013393919999999998;0.0015779840000000002;0.001302528;0.00115712;0.001127424;0.0009768959999999999;0.0009523200000000001;0.0009523200000000001;0.000738304;0.000776192;0.00149504;0.00128512;0.0018513919999999999;0.001933312;0.001353728;0.001102848;0.0013035520000000001;0.001517568;0.0013148160000000001;0.00145408;0.001726464;0.0012154879999999998;0.000941056;0.001462272;0.0016732160000000002;0.0014653440000000002;0.0020254720000000004;0.00160256;0.000908288;0.0011048960000000002;0.001251328;0.001040384
1789433100,hdr,0.0293;0.03906;0.04883;0.05859;0.06836;0.07813;0.08789;0.09766;0.10742;0.11719;0.12695;0.13672;0.14648;0.15625;0.16602;0.17578;0.18555;0.19531;0.20508;0.21484;0.22461;0.23438;0.24414;0.25391;0.26367;0.27344;0.2832;0.29297;0.30273;0.3125;0.32227;0.33203;0.3418;0.35156;0.36133;0.37109;0.38086;0.39063;0.40039;0.41016;0.41992;0.42969;0.43945;0.44922;0.45898;0.46875;0.47852;0.48828;0.49805;0.50781;0.51758;0.52734;0.53711;0.54688;0.55664;0.56641;0.57617;0.58594;0.5957;0.60547;0.61523;0.625;0.63477;0.64453;0.6543;0.66406;0.67383;0.68359;0.69336;0.70313;0.71289;0.72266;0.73242;0.74219;0.75195;0.76172;0.77148;0.78125;0.79102,0.005157888;0.009038848;0.009844736;0.006590464;0.006299648;0.0046745599999999995;0.0036976640000000002;0.006846464;0.01991168;0.022581247999999998;0.014291968;0.016304127999999998;0.022242304;0.027953152;0.02661888;0.011133952;0.004901888;0.003141632;0.002619392;0.0025262080000000003;0.001796096;0.0015513600000000001;0.0013752319999999999;0.001307648;0.001312768;0.001532928;0.001529856;0.001799168;0.0021821440000000004;0.002009088;0.0014499839999999999;0.002267136;0.0017643519999999998;0.0026245120000000003;0.004857856;0.004352;0.002596864;0.0030361600000000004;0.00229888;0.002316288;0.001984512;0.001635328;0.0016179200000000001;0.0020029439999999996;0.0017766400000000001;0.00188928;0.0015206400000000002;0.0011151359999999999;0.001084416;0.001084416;0.0012195840000000001;0.0012072959999999998;0.001301504;0.0008837120000000001;0.0010127360000000002;0.001242112;0.0012195840000000001;0.001422336;0.0017131520000000001;0.001149952;0.001435648;0.001486848;0.00113152;0.001251328;0.0010803199999999998;0.00110592;0.00108544;0.00110592;0.001000448;0.001483776;0.001000448;0.001133568;0.001106944;0.001032192;0.000772096;0.00100352;0.000730112;0.000620544;0.000731136
1789434900,hdr,0.0293;0.03906;0.04883;0.05859;0.06836;0.07813;0.08789;0.09766;0.10742;0.11719;0.12695;0.13672;0.14648;0.15625;0.16602;0.17578;0.18555;0.19531;0.20508;0.21484;0.22461;0.23438;0.24414;0.25391;0.26367;0.27344;0.2832;0.29297;0.30273;0.3125;0.32227;0.33203;0.3418;0.35156;0.36133;0.37109;0.38086;0.39063;0.40039;0.41016;0.41992;0.42969;0.43945;0.44922;0.45898;0.46875;0.47852;0.48828;0.49805;0.50781;0.51758;0.52734;0.53711;0.54688;0.55664;0.56641;0.57617;0.58594;0.5957;0.60547;0.61523;0.625;0.63477;0.64453;0.6543;0.66406;0.67383;0.68359;0.69336;0.70313;0.71289;0.72266;0.73242;0.74219;0.75195;0.76172;0.77148;0.78125;0.79102,0.0018237440000000002;0.0056576000000000005;0.004287487999999999;0.000643072;0.0026286079999999997;0.003295232;0.003641344;0.003485696;0.005322752;0.010720256;0.014899200000000001;0.011644928;0.016595968;0.012681215999999999;0.012153856;0.010725376;0.006209536;0.004385792;0.002813952;0.002069504;0.001654784;0.0013035520000000001;0.001839104;0.00158208;0.001425408;0.001055744;0.0013608960000000001;0.00151552;0.001957888;0.0016435199999999999;0.001180672;0.001422336;0.001989632;0.0026849280000000005;0.001830912;0.0029870079999999998;0.0031856640000000004;0.0029634559999999997;0.002131968;0.0029460479999999997;0.00370176;0.002076672;0.001524736;0.001420288;0.0014243840000000001;0.0015677439999999998;0.0011509760000000002;0.001186816;0.00067072;0.0008519679999999999;0.000933888;0.0009584639999999999;0.000978944;0.001015808;0.0012748800000000002;0.00180224;0.001603584;0.0018974719999999999;0.0021985280000000004;0.001746944;0.0016148479999999999;0.00163328;0.0013824;0.0014632959999999998;0.001430528;0.0011161600000000002;0.0013393919999999998;0.001572864;0.0009564160000000001;0.0008089600000000001;0.000754688;0.000607232;0.000927744;0.000951296;0.000748544;0.000676864;0.000539648;0.000990208;0.0011970559999999997
1789435800,hdr,0.0293;0.03906;0.04883;0.05859;0.06836;0.07813;0.08789;0.09766;0.10742;0.11719;0.12695;0.13672;0.14648;0.15625;0.16602;0.17578;0.18555;0.19531;0.20508;0.21484;0.22461;0.23438;0.24414;0.25391;0.26367;0.27344;0.2832;0.29297;0.30273;0.3125;0.32227;0.33203;0.3418;0.35156;0.36133;0.37109;0.38086;0.39063;0.40039;0.41016;0.41992;0.42969;0.43945;0.44922;0.45898;0.46875;0.47852;0.48828;0.49805;0.50781;0.51758;0.52734;0.53711;0.54688;0.55664;0.56641;0.57617;0.58594;0.5957;0.60547;0.61523;0.625;0.63477;0.64453;0.6543;0.66406;0.67383;0.68359;0.69336;0.70313;0.71289;0.72266;0.73242;0.74219;0.75195;0.76172;0.77148;0.78125;0.79102,0.004314112;0.004276224;0.0028549120000000002;0.006169600000000001;0.004939776;0.001229824;0.0031139839999999998;0.00819712;0.006746112;0.00838656;0.009056255999999999;0.01110528;0.011003904;0.015088639999999999;0.011350016;0.011360255999999999;0.009549823999999998;0.005303295999999999;0.003366912;0.0008867839999999999;0.000799744;0.00085504;0.000887808;0.000782336;0.000812032;0.001127424;0.001620992;0.001659904;0.001887232;0.00238592;0.0021606399999999997;0.002532352;0.0024064;0.002763776;0.002699264;0.00327168;0.004130816000000001;0.005482496;0.0035348480000000006;0.003050496;0.003349504;0.0033341440000000003;0.002904064;0.002945024;0.001496064;0.0010291200000000001;0.0016609279999999999;0.001624064;0.0019189760000000002;0.0024064;0.002287616;0.002948096;0.002776064;0.001803264;0.001700864;0.0016435199999999999;0.0019455999999999998;0.0019455999999999998;0.0013946879999999998;0.000863232;0.0009431040000000001;0.001686528;0.0025497600000000003;0.002287616;0.0013783040000000001;0.001507328;0.001750016;0.001251328;0.00124928;0.000864256;0.001271808;0.001250304;0.0013783040000000001;0.0010014719999999998;0.000990208;0.000744448;0.0012625919999999999;0.0008110079999999999;0.000387072
1789436700,hdr,0.0293;0.03906;0.04883;0.05859;0.06836;0.07813;0.08789;0.09766;0.10742;0.11719;0.12695;0.13672;0.14648;0.15625;0.16602;0.17578;0.18555;0.19531;0.20508;0.21484;0.22461;0.23438;0.24414;0.25391;0.26367;0.27344;0.2832;0.29297;0.30273;0.3125;0.32227;0.33203;0.3418;0.35156;0.36133;0.37109;0.38086;0.39063;0.40039;0.41016;0.41992;0.42969;0.43945;0.44922;0.45898;0.46875;0.47852;0.48828;0.49805;0.50781;0.51758;0.52734;0.53711;0.54688;0.55664;0.56641;0.57617;0.58594;0.5957;0.60547;0.61523;0.625;0.63477;0.64453;0.6543;0.66406;0.67383;0.68359;0.69336;0.70313;0.71289;0.72266;0.73242;0.74219;0.75195;0.76172;0.77148;0.78125;0.79102,0.007590912;0.009358336;0.005275648;0.006240256;0.0065638400000000005;0.003396608;0.001027072;0.003848192;0.008819712000000002;0.015372287999999998;0.009878528;0.008859648;0.01307648;0.014393344;0.019772416;0.008846336000000002;0.005689344;0.004642816;0.003470336;0.00266752;0.001933312;0.0021207039999999997;0.0017018880000000001;0.000748544;0.0008837120000000001;0.0007843840000000001;0.001026048;0.001292288;0.0012083200000000001;0.001275904;0.0018278399999999998;0.001152;0.00136192;0.001787904;0.00249856;0.00226304;0.002092032;0.00274432;0.004040704;0.002909184;0.002046976;0.0019128320000000002;0.002110464;0.002102272;0.0016384000000000001;0.001668096;0.001564672;0.0016936960000000002;0.002052096;0.002757632;0.0035287039999999997;0.0026777600000000004;0.00221184;0.002799616;0.0032819200000000002;0.002855936;0.002951168;0.003151872;0.00211456;0.001540096;0.00141312;0.00229888;0.001688576;0.001195008;0.000753664;0.0012154879999999998;0.0014919679999999998;0.0010127360000000002;0.0011837439999999998;0.000841728;0.00103936;0.00178688;0.0011776;0.0008345599999999999;0.0009727999999999999;0.000955392;0.001180672;0.001380352;0.000628736
1789437600,hdr,0.0293;0.03906;0.04883;0.05859;0.06836;0.07813;0.08789;0.09766;0.10742;0.11719;0.12695;0.13672;0.14648;0.15625;0.16602;0.17578;0.18555;0.19531;0.20508;0.21484;0.22461;0.23438;0.24414;0.25391;0.26367;0.27344;0.2832;0.29297;0.30273;0.3125;0.32227;0.33203;0.3418;0.35156;0.36133;0.37109;0.38086;0.39063;0.40039;0.41016;0.41992;0.42969;0.43945;0.44922;0.45898;0.46875;0.47852;0.48828;0.49805;0.50781;0.51758;0.52734;0.53711;0.54688;0.55664;0.56641;0.57617;0.58594;0.5957;0.60547;0.61523;0.625;0.63477;0.64453;0.6543;0.66406;0.67383;0.68359;0.69336;0.70313;0.71289;0.72266;0.73242;0.74219;0.75195;0.76172;0.77148;0.78125;0.79102,0.0013056;0.005245952;0.006096896;0.004759552;0.0049479680000000005;0.00247296;0.003652608;0.009870335999999999;0.013709312;0.015602688;0.011828224;0.005681152;0.010018815999999998;0.011419648000000001;0.008977408000000001;0.008549376000000001;0.0075950079999999994;0.004907008;0.002455552;0.002054144;0.0016230399999999999;0.0012185600000000003;0.0017766400000000001;0.0013506560000000002;0.00101376;0.001011712;0.0013260799999999999;0.0011212799999999999;0.001161216;0.001501184;0.000893952;0.0011356159999999999;0.001809408;0.002553856;0.001867776;0.002363392;0.002866176;0.002705408;0.003262464;0.00275456;0.001672192;0.0032296959999999998;0.003414016;0.0032460799999999997;0.002699264;0.002097152;0.0023572479999999997;0.001862656;0.0016220159999999998;0.00185344;0.0028047360000000004;0.004535295999999999;0.005705728;0.002558976;0.0032276479999999996;0.0041963519999999995;0.004389888;0.00456192;0.002921472;0.002456576;0.001974272;0.0017561599999999999;0.00216576;0.001792;0.001861632;0.001818624;0.0013895679999999999;0.0009420800000000001;0.001010688;0.0014940160000000001;0.001483776;0.001391616;0.00115712;0.001176576;0.00129024;0.0011427840000000002;0.0014858240000000002;0.001409024;0.0014745600000000002
1789438500,hdr,0.0293;0.03906;0.04883;0.05859;0.06836;0.07813;0.08789;0.09766;0.10742;0.11719;0.12695;0.13672;0.14648;0.15625;0.16602;0.17578;0.18555;0.19531;0.20508;0.21484;0.22461;0.23438;0.24414;0.25391;0.26367;0.27344;0.2832;0.29297;0.30273;0.3125;0.32227;0.33203;0.3418;0.35156;0.36133;0.37109;0.38086;0.39063;0.40039;0.41016;0.41992;0.42969;0.43945;0.44922;0.45898;0.46875;0.47852;0.48828;0.49805;0.50781;0.51758;0.52734;0.53711;0.54688;0.55664;0.56641;0.57617;0.58594;0.5957;0.60547;0.61523;0.625;0.63477;0.64453;0.6543;0.66406;0.67383;0.68359;0.69336;0.70313;0.71289;0.72266;0.73242;0.74219;0.75195;0.76172;0.77148;0.78125;0.79102,0.001212416;0.0077568;0.0084992;0.006340607999999999;0.004847616;0.0037724160000000002;0.0049008640000000004;0.009791488;0.010005504;0.014661632;0.012653567999999999;0.007912448;0.012785664;0.015391743999999999;0.016157696000000003;0.014214143999999998;0.009885696;0.006582272;0.002911232;0.001683456;0.0017725439999999998;0.001388544;0.0014233599999999998;0.0018196479999999999;0.001654784;0.001308672;0.0008325120000000001;0.000730112;0.0008591359999999999;0.00088576;0.000941056;0.00110592;0.001498112;0.0015063040000000002;0.001000448;0.001590272;0.0025825279999999997;0.0023459839999999997;0.002417664;0.002045952;0.0020654080000000003;0.002444288;0.003852288;0.003854336;0.002929664;0.001795072;0.001480704;0.002316288;0.0021442559999999998;0.002219008;0.0026245120000000003;0.0028764159999999997;0.0024104960000000003;0.003105792;0.0037345280000000004;0.005441536;0.0039936;0.0036474880000000004;0.003299328;0.002692096;0.00194048;0.001408;0.002210816;0.002353152;0.002417664;0.001659904;0.002192384;0.0013660159999999998;0.0013260799999999999;0.00187392;0.0011837439999999998;0.0009717759999999999;0.001659904;0.001562624;0.001026048;0.001193984;0.0015667199999999997;0.001127424;0.0009943039999999999
1789439400,hdr,0.0293;0.03906;0.04883;0.05859;0.06836;0.07813;0.08789;0.09766;0.10742;0.11719;0.12695;0.13672;0.14648;0.15625;0.16602;0.17578;0.18555;0.19531;0.20508;0.21484;0.22461;0.23438;0.24414;0.25391;0.26367;0.27344;0.2832;0.29297;0.30273;0.3125;0.32227;0.33203;0.3418;0.35156;0.36133;0.37109;0.38086;0.39063;0.40039;0.41016;0.41992;0.42969;0.43945;0.44922;0.45898;0.46875;0.47852;0.48828;0.49805;0.50781;0.51758;0.52734;0.53711;0.54688;0.55664;0.56641;0.57617;0.58594;0.5957;0.60547;0.61523;0.625;0.63477;0.64453;0.6543;0.66406;0.67383;0.68359;0.69336;0.70313;0.71289;0.72266;0.73242;0.74219;0.75195;0.76172;0.77148;0.78125;0.79102,0.0054784;0.008324096000000001;0.006746112;0.00256;0.004216832;0.005181440000000001;0.005793792;0.01419776;0.018592768;0.014049279999999999;0.01151488;0.008775680000000001;0.013683711999999999;0.017205248;0.015947776;0.01416704;0.008452096;0.004971519999999999;0.0033382399999999997;0.002707456;0.002086912;0.001452032;0.001185792;0.00075776;0.000744448;0.0008591359999999999;0.0010803199999999998;0.0011919360000000002;0.0010680320000000002;0.0009758719999999999;0.0009615359999999999;0.0007106559999999999;0.0009717759999999999;0.00121344;0.0013946879999999998;0.001097728;0.001452032;0.002026496;0.0022927360000000005;0.002378752;0.0027893759999999997;0.002420736;0.002157568;0.0032604160000000004;0.004552704;0.002458624;0.0014929920000000003;0.0025958400000000003;0.003218432;0.00342016;0.0023234560000000002;0.0028088320000000003;0.002714624;0.002221056;0.0032471040000000002;0.006331392;0.004470783999999999;0.004348928;0.0034263040000000002;0.00246272;0.002603008;0.00217088;0.001508352;0.001129472;0.00131584;0.00116224;0.001388544;0.001887232;0.0014028799999999998;0.000799744;0.001143808;0.001371136;0.000740352;0.0010291200000000001;0.001523712;0.0012165119999999999;0.0005683200000000001;0.000861184;0.000544768
1789440300,hdr,0.0293;0.03906;0.04883;0.05859;0.06836;0.07813;0.08789;0.09766;0.10742;0.11719;0.12695;0.13672;0.14648;0.15625;0.16602;0.17578;0.18555;0.19531;0.20508;0.21484;0.22461;0.23438;0.24414;0.25391;0.26367;0.27344;0.2832;0.29297;0.30273;0.3125;0.32227;0.33203;0.3418;0.35156;0.36133;0.37109;0.38086;0.39063;0.40039;0.41016;0.41992;0.42969;0.43945;0.44922;0.45898;0.46875;0.47852;0.48828;0.49805;0.50781;0.51758;0.52734;0.53711;0.54688;0.55664;0.56641;0.57617;0.58594;0.5957;0.60547;0.61523;0.625;0.63477;0.64453;0.6543;0.66406;0.67383;0.68359;0.69336;0.70313;0.71289;0.72266;0.73242;0.74219;0.75195;0.76172;0.77148;0.78125;0.79102,0.0037396479999999995;0.0050278400000000004;0.004247552;0.0026849280000000005;0.004404224;0.003191808;0.010157056000000001;0.017995775999999998;0.01545728;0.020189184000000002;0.01406976;0.008957952000000002;0.0105984;0.012363776;0.013964288;0.010374144;0.0107008;0.004971519999999999;0.002778112;0.002809856;0.001542144;0.000864256;0.001533952;0.001958912;0.001338368;0.001304576;0.001166336;0.001439744;0.0013701120000000002;0.001220608;0.00081408;0.0009318400000000001;0.00111104;0.0006973439999999999;0.001251328;0.001532928;0.001722368;0.001759232;0.002167808;0.001680384;0.00160256;0.002116608;0.0023920639999999997;0.001738752;0.002436096;0.00343552;0.001769472;0.00164864;0.00236544;0.002707456;0.002589696;0.00334336;0.0034181119999999996;0.002105344;0.00200704;0.004083712000000001;0.003695616;0.0031928320000000005;0.002717696;0.0022896640000000003;0.00221184;0.002362368;0.0018257920000000001;0.001273856;0.000933888;0.0012072959999999998;0.001348608;0.000896;0.000951296;0.001277952;0.001763328;0.00171008;0.0010465279999999997;0.00099328;0.0013056;0.001227776;0.000775168;0.0007249919999999999;0.0005877759999999999
1789441200,hdr,0.0293;0.03906;0.04883;0.05859;0.06836;0.07813;0.08789;0.09766;0.10742;0.11719;0.12695;0.13672;0.14648;0.15625;0.16602;0.17578;0.18555;0.19531;0.20508;0.21484;0.22461;0.23438;0.24414;0.25391;0.26367;0.27344;0.2832;0.29297;0.30273;0.3125;0.32227;0.33203;0.3418;0.35156;0.36133;0.37109;0.38086;0.39063;0.40039;0.41016;0.41992;0.42969;0.43945;0.44922;0.45898;0.46875;0.47852;0.48828;0.49805;0.50781;0.51758;0.52734;0.53711;0.54688;0.55664;0.56641;0.57617;0.58594;0.5957;0.60547;0.61523;0.625;0.63477;0.64453;0.6543;0.66406;0.67383;0.68359;0.69336;0.70313;0.71289;0.72266;0.73242;0.74219;0.75195;0.76172;0.77148;0.78125;0.79102,0.003385344;0.005898240000000001;0.0086784;0.007800832;0.009534464;0.006283264;0.00613888;0.01597952;0.020938752;0.025918464;0.023619584;0.011337728000000002;0.007585791999999999;0.006853632;0.012111872;0.009406464;0.00472576;0.004431872;0.002967552;0.002859008;0.00193024;0.001078272;0.001770496;0.001242112;0.0010373119999999999;0.000861184;0.00088576;0.001005568;0.001289216;0.001067008;0.0011243520000000001;0.001286144;0.001307648;0.001702912;0.001702912;0.0010598399999999998;0.0018687999999999999;0.002193408;0.001599488;0.001446912;0.002771968;0.0032808959999999997;0.003567616;0.0026941440000000003;0.00459264;0.005943296000000001;0.004636672;0.0030525440000000004;0.0032757759999999998;0.003866624;0.004385792;0.003913728;0.0040448;0.0042956800000000005;0.004635648;0.005357567999999999;0.004816895999999999;0.0028047360000000004;0.002945024;0.002895872;0.001446912;0.002097152;0.0021985280000000004;0.002205696;0.0018882559999999998;0.002794496;0.002427904;0.001840128;0.003064832;0.003221504;0.002081792;0.0017735679999999999;0.001700864;0.0017408;0.00206848;0.002080768;0.001531904;0.0014919679999999998;0.001352704
1789442100,hdr,0.0293;0.03906;0.04883;0.05859;0.06836;0.07813;0.08789;0.09766;0.10742;0.11719;0.12695;0.13672;0.14648;0.15625;0.16602;0.17578;0.18555;0.19531;0.20508;0.21484;0.22461;0.23438;0.24414;0.25391;0.26367;0.27344;0.2832;0.29297;0.30273;0.3125;0.32227;0.33203;0.3418;0.35156;0.36133;0.37109;0.38086;0.39063;0.40039;0.41016;0.41992;0.42969;0.43945;0.44922;0.45898;0.46875;0.47852;0.48828;0.49805;0.50781;0.51758;0.52734;0.53711;0.54688;0.55664;0.56641;0.57617;0.58594;0.5957;0.60547;0.61523;0.625;0.63477;0.64453;0.6543;0.66406;0.67383;0.68359;0.69336;0.70313;0.71289;0.72266;0.73242;0.74219;0.75195;0.76172;0.77148;0.78125;0.79102,0.006791167999999999;0.010241024;0.008414208000000001;0.007591936;0.0070092800000000005;0.007942144;0.00767488;0.014728192;0.024466432;0.025860096;0.020614144;0.014301184;0.009915392;0.011348992;0.00912384;0.008183808;0.006603776;0.003141632;0.002997248;0.002361344;0.0021411840000000004;0.001726464;0.001708032;0.001564672;0.0015544320000000001;0.001006592;0.000968704;0.0009543679999999999;0.0012247039999999999;0.001074176;0.001122304;0.001097728;0.001048576;0.000841728;0.001446912;0.0017725439999999998;0.001796096;0.001512448;0.001941504;0.00370176;0.003908608;0.00351744;0.0030412800000000004;0.0030535679999999996;0.003892224;0.00602112;0.006734848;0.0046295039999999996;0.00415744;0.003625984;0.0037273600000000003;0.005355520000000001;0.0029184000000000002;0.005854208;0.00546304;0.002476032;0.003454976;0.004321279999999999;0.003057664;0.001263616;0.001695744;0.002569216;0.002571264;0.002231296;0.001210368;0.001323008;0.0011120639999999998;0.001396736;0.0016732160000000002;0.001634304;0.001850368;0.001661952;0.001523712;0.001297408;0.0010496000000000001;0.0014704639999999999;0.0014530559999999999;0.001685504;0.00150016
1789443000,hdr,0.0293;0.03906;0.04883;0.05859;0.06836;0.07813;0.08789;0.09766;0.10742;0.11719;0.12695;0.13672;0.14648;0.15625;0.16602;0.17578;0.18555;0.19531;0.20508;0.21484;0.22461;0.23438;0.24414;0.25391;0.26367;0.27344;0.2832;0.29297;0.30273;0.3125;0.32227;0.33203;0.3418;0.35156;0.36133;0.37109;0.38086;0.39063;0.40039;0.41016;0.41992;0.42969;0.43945;0.44922;0.45898;0.46875;0.47852;0.48828;0.49805;0.50781;0.51758;0.52734;0.53711;0.54688;0.55664;0.56641;0.57617;0.58594;0.5957;0.60547;0.61523;0.625;0.63477;0.64453;0.6543;0.66406;0.67383;0.68359;0.69336;0.70313;0.71289;0.72266;0.73242;0.74219;0.75195;0.76172;0.77148;0.78125;0.79102,0.003439616;0.016414719999999997;0.016743424000000003;0.006020096;0.0064696319999999995;0.004220928;0.00645632;0.021349376;0.021835775999999998;0.028371968;0.023817215999999995;0.018185216;0.015763456;0.010177536000000001;0.011158528000000001;0.012015616;0.012045312;0.004383743999999999;0.003703808;0.004258816;0.0027893759999999997;0.002168832;0.002453504;0.001702912;0.00124928;0.0011356159999999999;0.000775168;0.0005836799999999999;0.00079872;0.000932864;0.0008663039999999999;0.0007772160000000001;0.001221632;0.0012523519999999998;0.00193536;0.002157568;0.0018575360000000001;0.0020633599999999998;0.0027883520000000005;0.003935232;0.0031979519999999996;0.0032460799999999997;0.0030781439999999997;0.003670016;0.002673664;0.0028047360000000004;0.004796416;0.005751808;0.004158464;0.00231424;0.00301568;0.0064;0.00682496;0.004139008;0.001527808;0.004491264;0.004182015999999999;0.002419712;0.0025077759999999998;0.0032573439999999997;0.0033976320000000003;0.002046976;0.002254848;0.001933312;0.0022241279999999997;0.002666496;0.00270848;0.001963008;0.00180224;0.002219008;0.00182272;0.001542144;0.00103424;0.0012288;0.0013783040000000001;0.0013578239999999999;0.0013475839999999998;0.001038336;0.0012605440000000002
1789443900,hdr,0.0293;0.03906;0.04883;0.05859;0.06836;0.07813;0.08789;0.09766;0.10742;0.11719;0.12695;0.13672;0.14648;0.15625;0.16602;0.17578;0.18555;0.19531;0.20508;0.21484;0.22461;0.23438;0.24414;0.25391;0.26367;0.27344;0.2832;0.29297;0.30273;0.3125;0.32227;0.33203;0.3418;0.35156;0.36133;0.37109;0.38086;0.39063;0.40039;0.41016;0.41992;0.42969;0.43945;0.44922;0.45898;0.46875;0.47852;0.48828;0.49805;0.50781;0.51758;0.52734;0.53711;0.54688;0.55664;0.56641;0.57617;0.58594;0.5957;0.60547;0.61523;0.625;0.63477;0.64453;0.6543;0.66406;0.67383;0.68359;0.69336;0.70313;0.71289;0.72266;0.73242;0.74219;0.75195;0.76172;0.77148;0.78125;0.79102,0.0034795520000000003;0.006258688;0.003279872;0.003171328;0.0032256;0.002149376;0.007825408;0.021978112;0.035849216;0.046976;0.039100416000000006;0.020929536;0.011411456;0.008969215999999999;0.010790912;0.010108928;0.0070768639999999996;0.005562368000000001;0.0026347520000000006;0.00305664;0.0031160320000000004;0.00146432;0.001220608;0.0009318400000000001;0.000887808;0.001222656;0.000964608;0.0013219840000000002;0.0021217280000000002;0.001436672;0.0016138239999999998;0.001864704;0.001558528;0.001273856;0.001716224;0.002509824;0.0026951679999999995;0.002707456;0.002551808;0.0024309759999999996;0.002321408;0.00205312;0.002514944;0.0031139839999999998;0.002610176;0.003981312;0.004535295999999999;0.004159487999999999;0.0036116480000000003;0.004707328;0.005248;0.004231168;0.003364864;0.003115008;0.005428224000000001;0.004486144;0.003693568;0.003997696;0.004609024;0.004593664000000001;0.005691392;0.0060682240000000005;0.005390335999999999;0.004502528;0.003080192;0.0022241279999999997;0.0024391680000000002;0.002111488;0.002064384;0.00213504;0.002341888;0.0021504000000000002;0.0019169279999999998;0.001948672;0.001611776;0.001795072;0.0015185919999999998;0.001637376;0.001289216
1789444800,hdr,0.0293;0.03906;0.04883;0.05859;0.06836;0.07813;0.08789;0.09766;0.10742;0.11719;0.12695;0.13672;0.14648;0.15625;0.16602;0.17578;0.18555;0.19531;0.20508;0.21484;0.22461;0.23438;0.24414;0.25391;0.26367;0.27344;0.2832;0.29297;0.30273;0.3125;0.32227;0.33203;0.3418;0.35156;0.36133;0.37109;0.38086;0.39063;0.40039;0.41016;0.41992;0.42969;0.43945;0.44922;0.45898;0.46875;0.47852;0.48828;0.49805;0.50781;0.51758;0.52734;0.53711;0.54688;0.55664;0.56641;0.57617;0.58594;0.5957;0.60547;0.61523;0.625;0.63477;0.64453;0.6543;0.66406;0.67383;0.68359;0.69336;0.70313;0.71289;0.72266;0.73242;0.74219;0.75195;0.76172;0.77148;0.78125;0.79102,0.001783808;0.0017305600000000001;0.00631808;0.009154559999999999;0.009766912;0.007117824;0.009491456;0.02118144;0.025627648;0.025151488;0.024774656;0.019728383999999998;0.012807168;0.014285824;0.013037568000000001;0.010203136;0.005721088;0.00669696;0.006866944000000001;0.00434176;0.0017356799999999999;0.00134656;0.0015953919999999997;0.001563648;0.001466368;0.001685504;0.001552384;0.001552384;0.001954816;0.001922048;0.002332672;0.002859008;0.002752512;0.002966528;0.003016704;0.002910208;0.002502656;0.004050944000000001;0.0053043199999999995;0.004484096000000001;0.004125696;0.003535872;0.004298752;0.004571136000000001;0.00367616;0.0040294400000000005;0.0034652159999999997;0.0037632;0.0036095999999999997;0.004703232;0.008593408;0.007525375999999999;0.0045056;0.00567808;0.008267776;0.006531072;0.008367104;0.006458368000000001;0.004816895999999999;0.004799488;0.003530752;0.003948544;0.003659776;0.00289792;0.003186688;0.0033341440000000003;0.0027381760000000006;0.001770496;0.002139136;0.0023347199999999998;0.002106368;0.0016220159999999998;0.001531904;0.001503232;0.001442816;0.001686528;0.002221056;0.0017244159999999999;0.000965632
1789445700,hdr,0.0293;0.03906;0.04883;0.05859;0.06836;0.07813;0.08789;0.09766;0.10742;0.11719;0.12695;0.13672;0.14648;0.15625;0.16602;0.17578;0.18555;0.19531;0.20508;0.21484;0.22461;0.23438;0.24414;0.25391;0.26367;0.27344;0.2832;0.29297;0.30273;0.3125;0.32227;0.33203;0.3418;0.35156;0.36133;0.37109;0.38086;0.39063;0.40039;0.41016;0.41992;0.42969;0.43945;0.44922;0.45898;0.46875;0.47852;0.48828;0.49805;0.50781;0.51758;0.52734;0.53711;0.54688;0.55664;0.56641;0.57617;0.58594;0.5957;0.60547;0.61523;0.625;0.63477;0.64453;0.6543;0.66406;0.67383;0.68359;0.69336;0.70313;0.71289;0.72266;0.73242;0.74219;0.75195;0.76172;0.77148;0.78125;0.79102,0.010326016;0.023079936000000002;0.021795839999999997;0.009220095999999999;0.00754688;0.009483264000000002;0.012570623999999999;0.021117952;0.026548224000000002;0.033114112;0.024360959999999997;0.0160512;0.016594944000000004;0.013882368;0.01077248;0.010203136;0.008135680000000001;0.008774656;0.006274048;0.00330752;0.001964032;0.002801664;0.001972224;0.001723392;0.002061312;0.00176128;0.001778688;0.0020183040000000003;0.001932288;0.001728512;0.003100672;0.0028149760000000003;0.0020500479999999996;0.0028538879999999997;0.00256;0.004062208;0.0045475839999999995;0.004167679999999999;0.004282368000000001;0.004672512;0.006248447999999999;0.004789247999999999;0.0039034879999999997;0.004185088000000001;0.00431104;0.005736448;0.0057149440000000004;0.0033925120000000003;0.004274175999999999;0.00397312;0.00503808;0.008126464;0.00570368;0.006366208000000001;0.006589439999999999;0.005524479999999999;0.005404671999999999;0.006383616;0.003587072;0.0032389119999999996;0.0028344320000000004;0.002111488;0.003447808;0.003104768;0.001765376;0.0014940160000000001;0.0013639680000000001;0.001330176;0.00154624;0.001798144;0.002337792;0.0016128;0.0017735679999999999;0.001903616;0.001455104;0.001391616;0.001158144;0.001611776;0.001931264
1789446600,hdr,0.0293;0.03906;0.04883;0.05859;0.06836;0.07813;0.08789;0.09766;0.10742;0.11719;0.12695;0.13672;0.14648;0.15625;0.16602;0.17578;0.18555;0.19531;0.20508;0.21484;0.22461;0.23438;0.24414;0.25391;0.26367;0.27344;0.2832;0.29297;0.30273;0.3125;0.32227;0.33203;0.3418;0.35156;0.36133;0.37109;0.38086;0.39063;0.40039;0.41016;0.41992;0.42969;0.43945;0.44922;0.45898;0.46875;0.47852;0.48828;0.49805;0.50781;0.51758;0.52734;0.53711;0.54688;0.55664;0.56641;0.57617;0.58594;0.5957;0.60547;0.61523;0.625;0.63477;0.64453;0.6543;0.66406;0.67383;0.68359;0.69336;0.70313;0.71289;0.72266;0.73242;0.74219;0.75195;0.76172;0.77148;0.78125;0.79102,0.007539712;0.010830848;0.00818176;0.008100864;0.012024832000000001;0.008824832;0.008966144;0.014560256;0.027012096000000003;0.053614592;0.041993216;0.022245376;0.01368064;0.0106496;0.008614912;0.00605184;0.0060835839999999995;0.005486591999999999;0.0034375680000000002;0.002101248;0.001758208;0.0027320319999999997;0.0022323200000000003;0.000984064;0.000986112;0.0009758719999999999;0.001288192;0.0010752000000000001;0.001359872;0.001948672;0.001975296;0.0017602560000000002;0.0034109440000000004;0.0036843519999999997;0.0032849919999999996;0.002768896;0.0033341440000000003;0.002902016;0.003408896;0.004644864;0.004155392;0.0038379520000000004;0.00474112;0.004971519999999999;0.005469184;0.004175872000000001;0.005474304;0.005809152;0.006156287999999999;0.003823616;0.004431872;0.005554176;0.0063846400000000005;0.004655103999999999;0.0054159360000000005;0.0062054400000000004;0.005489664000000001;0.0037898240000000002;0.002318336;0.0036085759999999996;0.004534272;0.0023234560000000002;0.0018196479999999999;0.001374208;0.0014448640000000001;0.001557504;0.0019087359999999999;0.001974272;0.0020797439999999997;0.001480704;0.00098816;0.001391616;0.0015513600000000001;0.0014192640000000002;0.001676288;0.001681408;0.0011264;0.001088512;0.001544192
1789447500,hdr,0.0293;0.03906;0.04883;0.05859;0.06836;0.07813;0.08789;0.09766;0.10742;0.11719;0.12695;0.13672;0.14648;0.15625;0.16602;0.17578;0.18555;0.19531;0.20508;0.21484;0.22461;0.23438;0.24414;0.25391;0.26367;0.27344;0.2832;0.29297;0.30273;0.3125;0.32227;0.33203;0.3418;0.35156;0.36133;0.37109;0.38086;0.39063;0.40039;0.41016;0.41992;0.42969;0.43945;0.44922;0.45898;0.46875;0.47852;0.48828;0.49805;0.50781;0.51758;0.52734;0.53711;0.54688;0.55664;0.56641;0.57617;0.58594;0.5957;0.60547;0.61523;0.625;0.63477;0.64453;0.6543;0.66406;0.67383;0.68359;0.69336;0.70313;0.71289;0.72266;0.73242;0.74219;0.75195;0.76172;0.77148;0.78125;0.79102,0.001155072;0.003047424;0.002787328;0.003915776;0.005216255999999999;0.008751104;0.023534592;0.02550272;0.020461568;0.031512576;0.030276608;0.026257408000000003;0.015382528;0.017986560000000002;0.010624;0.006310912;0.006587392000000001;0.005527552;0.0030341120000000003;0.002212864;0.002325504;0.00340992;0.0026419199999999994;0.00180224;0.0017121280000000003;0.0019968;0.0013035520000000001;0.0012165119999999999;0.0007843840000000001;0.0016250880000000002;0.0018483199999999999;0.001970176;0.0023838720000000004;0.002460672;0.004021248;0.0037693439999999996;0.0032573439999999997;0.0034662399999999998;0.0034263040000000002;0.0029880320000000003;0.0031938559999999997;0.0032256;0.002589696;0.001865728;0.003013632;0.0045475839999999995;0.0028487680000000002;0.002874368;0.0053391359999999995;0.004314112;0.003329024;0.003364864;0.005298175999999999;0.005479424;0.004616192;0.004297728;0.005056512;0.0033372160000000005;0.0035645440000000002;0.002425856;0.002267136;0.003652608;0.004227072;0.00257024;0.002062336;0.001289216;0.001682432;0.001755136;0.0014899199999999998;0.001527808;0.00126976;0.0013680639999999998;0.0009584639999999999;0.000520192;0.00118272;0.00178176;0.001286144;0.000694272;0.000490496
1789448400,hdr,0.0293;0.03906;0.04883;0.05859;0.06836;0.07813;0.08789;0.09766;0.10742;0.11719;0.12695;0.13672;0.14648;0.15625;0.16602;0.17578;0.18555;0.19531;0.20508;0.21484;0.22461;0.23438;0.24414;0.25391;0.26367;0.27344;0.2832;0.29297;0.30273;0.3125;0.32227;0.33203;0.3418;0.35156;0.36133;0.37109;0.38086;0.39063;0.40039;0.41016;0.41992;0.42969;0.43945;0.44922;0.45898;0.46875;0.47852;0.48828;0.49805;0.50781;0.51758;0.52734;0.53711;0.54688;0.55664;0.56641;0.57617;0.58594;0.5957;0.60547;0.61523;0.625;0.63477;0.64453;0.6543;0.66406;0.67383;0.68359;0.69336;0.70313;0.71289;0.72266;0.73242;0.74219;0.75195;0.76172;0.77148;0.78125;0.79102,0.001333248;0.001000448;0.001024;0.003049472;0.003456;0.0053248;0.005226496;0.016970752000000002;0.035075072;0.040699903999999995;0.037177343999999994;0.029582336000000004;0.018658304;0.010674175999999999;0.007892992;0.009753600000000001;0.006582272;0.004583424;0.002214912;0.00208896;0.0018483199999999999;0.001426432;0.0013342719999999998;0.001933312;0.001588224;0.001137664;0.001283072;0.001422336;0.001537024;0.001586176;0.001461248;0.0015493120000000002;0.002307072;0.0030300159999999995;0.001887232;0.003505152;0.003955712;0.003867648;0.003207168;0.001743872;0.0014110720000000002;0.0013608960000000001;0.0016670720000000001;0.0023296;0.002286592;0.0026859519999999997;0.003910656;0.004770816;0.0035942400000000003;0.0028948479999999998;0.0022425599999999998;0.00269312;0.004260864;0.003915776;0.004108288;0.0023019520000000003;0.002801664;0.002895872;0.002275328;0.00344576;0.003301376;0.00279552;0.002067456;0.001488896;0.0011960319999999999;0.001426432;0.001466368;0.00131072;0.001201152;0.0010649599999999998;0.001014784;0.000768;0.000837632;0.001161216;0.000945152;0.0008929280000000001;0.00085504;0.000730112;0.0011202559999999998
1789449300,hdr,0.0293;0.03906;0.04883;0.05859;0.06836;0.07813;0.08789;0.09766;0.10742;0.11719;0.12695;0.13672;0.14648;0.15625;0.16602;0.17578;0.18555;0.19531;0.20508;0.21484;0.22461;0.23438;0.24414;0.25391;0.26367;0.27344;0.2832;0.29297;0.30273;0.3125;0.32227;0.33203;0.3418;0.35156;0.36133;0.37109;0.38086;0.39063;0.40039;0.41016;0.41992;0.42969;0.43945;0.44922;0.45898;0.46875;0.47852;0.48828;0.49805;0.50781;0.51758;0.52734;0.53711;0.54688;0.55664;0.56641;0.57617;0.58594;0.5957;0.60547;0.61523;0.625;0.63477;0.64453;0.6543;0.66406;0.67383;0.68359;0.69336;0.70313;0.71289;0.72266;0.73242;0.74219;0.75195;0.76172;0.77148;0.78125;0.79102,0.0024883199999999996;0.007453696;0.006373376;0.004185088000000001;0.007742464;0.005203968;0.009330688;0.020390912;0.026564608;0.034176;0.044192768;0.02963456;0.016642048;0.019652608;0.011679743999999999;0.008220672;0.007744512;0.004395008;0.00384;0.002260992;0.0020736;0.002164736;0.0015411200000000002;0.00153088;0.0012185600000000003;0.001475584;0.001661952;0.001974272;0.0020162559999999997;0.0015677439999999998;0.001209344;0.001861632;0.00196096;0.00183296;0.0014653440000000002;0.00198656;0.0026398719999999997;0.002588672;0.002036736;0.001865728;0.00170496;0.001475584;0.001359872;0.0013864959999999999;0.0013926400000000001;0.00233984;0.0027432959999999997;0.002082816;0.002994176;0.002164736;0.00172544;0.001325056;0.00099328;0.0021288960000000003;0.002369536;0.0021268479999999998;0.0018257920000000001;0.0019886079999999998;0.00149504;0.0016988160000000001;0.001611776;0.0013701120000000002;0.00180736;0.001989632;0.001676288;0.0014581759999999998;0.001422336;0.0012165119999999999;0.001027072;0.001077248;0.0014274560000000001;0.001338368;0.00123904;0.0010608640000000001;0.000816128;0.000768;0.001189888;0.000873472;0.000720896
1789450200,hdr,0.0293;0.03906;0.04883;0.05859;0.06836;0.07813;0.08789;0.09766;0.10742;0.11719;0.12695;0.13672;0.14648;0.15625;0.16602;0.17578;0.18555;0.19531;0.20508;0.21484;0.22461;0.23438;0.24414;0.25391;0.26367;0.27344;0.2832;0.29297;0.30273;0.3125;0.32227;0.33203;0.3418;0.35156;0.36133;0.37109;0.38086;0.39063;0.40039;0.41016;0.41992;0.42969;0.43945;0.44922;0.45898;0.46875;0.47852;0.48828;0.49805;0.50781;0.51758;0.52734;0.53711;0.54688;0.55664;0.56641;0.57617;0.58594;0.5957;0.60547;0.61523;0.625;0.63477;0.64453;0.6543;0.66406;0.67383;0.68359;0.69336;0.70313;0.71289;0.72266;0.73242;0.74219;0.75195;0.76172;0.77148;0.78125;0.79102,0.001383424;0.00103424;0.0018421759999999998;0.001011712;0.003223552;0.004473856;0.0063846400000000005;0.022465536;0.042273792000000004;0.07295488;0.074023936;0.044010496;0.019414016;0.013267968;0.010540032;0.008692736000000001;0.0049664;0.0024719359999999997;0.0025917439999999996;0.004588544;0.00226816;0.001199104;0.001632256;0.0016711679999999998;0.0014940160000000001;0.0015953919999999997;0.001680384;0.001426432;0.001403904;0.0011151359999999999;0.001645568;0.001845248;0.002081792;0.002185216;0.00226816;0.003649536;0.004566016000000001;0.0028416;0.002234368;0.002501632;0.0020910079999999997;0.001611776;0.001253376;0.001282048;0.0015872;0.0020172799999999998;0.0026521599999999998;0.0032460799999999997;0.002617344;0.002363392;0.001833984;0.002000896;0.002000896;0.002576384;0.002514944;0.002295808;0.0017459199999999998;0.0021329920000000002;0.0029491200000000004;0.0021780479999999997;0.002116608;0.0020162559999999997;0.0016148479999999999;0.0022353919999999997;0.001901568;0.001002496;0.0013783040000000001;0.0012154879999999998;0.0009359360000000001;0.000606208;0.000990208;0.001258496;0.00074752;0.000719872;0.0006277120000000001;0.0007055360000000001;0.000649216;0.0009461760000000001;0.0006676480000000001
1789451100,hdr,0.0293;0.03906;0.04883;0.05859;0.06836;0.07813;0.08789;0.09766;0.10742;0.11719;0.12695;0.13672;0.14648;0.15625;0.16602;0.17578;0.18555;0.19531;0.20508;0.21484;0.22461;0.23438;0.24414;0.25391;0.26367;0.27344;0.2832;0.29297;0.30273;0.3125;0.32227;0.33203;0.3418;0.35156;0.36133;0.37109;0.38086;0.39063;0.40039;0.41016;0.41992;0.42969;0.43945;0.44922;0.45898;0.46875;0.47852;0.48828;0.49805;0.50781;0.51758;0.52734;0.53711;0.54688;0.55664;0.56641;0.57617;0.58594;0.5957;0.60547;0.61523;0.625;0.63477;0.64453;0.6543;0.66406;0.67383;0.68359;0.69336;0.70313;0.71289;0.72266;0.73242;0.74219;0.75195;0.76172;0.77148;0.78125;0.79102,0.003212288;0.005115903999999999;0.0035287039999999997;0.004799488;0.008064;0.00571904;0.007305216;0.018055167999999996;0.022209536;0.037600256;0.050924543999999995;0.048288767999999996;0.022465536;0.011088896;0.007970816;0.006502399999999999;0.00334336;0.00311808;0.004356095999999999;0.0052121599999999995;0.0025180159999999997;0.002637824;0.002151424;0.001441792;0.0014151679999999999;0.0012072959999999998;0.001410048;0.001371136;0.00115712;0.001283072;0.001846272;0.001490944;0.0017131520000000001;0.001702912;0.001866752;0.00196096;0.0025262080000000003;0.0028149760000000003;0.001959936;0.0015779840000000002;0.001657856;0.001744896;0.0015851519999999998;0.001752064;0.00206848;0.001692672;0.0014735360000000001;0.001053696;0.0014827520000000002;0.0015656959999999999;0.0014592000000000001;0.00100352;0.0009574399999999999;0.0015851519999999998;0.001504256;0.0013680639999999998;0.0010762240000000002;0.00105472;0.00100352;0.0009297919999999999;0.00096768;0.001329152;0.001646592;0.00141312;0.001209344;0.0006656;0.00105472;0.001328128;0.0010649599999999998;0.001323008;0.001108992;0.00084992;0.000847872;0.000927744;0.000989184;0.00091136;0.0006850560000000001;0.00047923199999999995;0.00044339199999999997
1789452000,hdr,0.0293;0.03906;0.04883;0.05859;0.06836;0.07813;0.08789;0.09766;0.10742;0.11719;0.12695;0.13672;0.14648;0.15625;0.16602;0.17578;0.18555;0.19531;0.20508;0.21484;0.22461;0.23438;0.24414;0.25391;0.26367;0.27344;0.2832;0.29297;0.30273;0.3125;0.32227;0.33203;0.3418;0.35156;0.36133;0.37109;0.38086;0.39063;0.40039;0.41016;0.41992;0.42969;0.43945;0.44922;0.45898;0.46875;0.47852;0.48828;0.49805;0.50781;0.51758;0.52734;0.53711;0.54688;0.55664;0.56641;0.57617;0.58594;0.5957;0.60547;0.61523;0.625;0.63477;0.64453;0.6543;0.66406;0.67383;0.68359;0.69336;0.70313;0.71289;0.72266;0.73242;0.74219;0.75195;0.76172;0.77148;0.78125;0.79102,0.0029880320000000003;0.0064194560000000005;0.00283136;0.00237568;0.004450304;0.001581056;0.006151168;0.016833536;0.03274752;0.045545472;0.062323711999999996;0.037929984;0.027045888000000004;0.010047487999999999;0.0068608;0.0047144959999999994;0.003299328;0.0034949119999999998;0.0024299520000000004;0.0022466560000000005;0.0023807999999999998;0.0028057599999999996;0.002336768;0.002277376;0.001575936;0.0019169279999999998;0.002364416;0.001837056;0.002486272;0.0023111679999999997;0.001440768;0.0015185919999999998;0.0022814719999999997;0.002577408;0.0027648;0.002143232;0.0012185600000000003;0.001646592;0.0024012799999999996;0.0019947520000000002;0.0022466560000000005;0.001931264;0.0012523519999999998;0.0015431680000000001;0.0018155520000000002;0.0017807360000000002;0.001283072;0.000900096;0.001079296;0.001637376;0.001635328;0.0007946240000000001;0.0009216000000000001;0.000882688;0.001002496;0.0010956800000000001;0.000905216;0.00164864;0.0014940160000000001;0.0009441279999999999;0.0013824;0.00131072;0.000759808;0.0007229440000000001;0.000795648;0.000744448;0.000805888;0.000795648;0.0005089280000000001;0.000577536;0.000463872;0.000544768;0.0009144320000000001;0.0006696959999999999;0.000611328;0.0007884799999999999;0.0005867520000000001;0.00047718399999999996;0.000553984
1789452900,hdr,0.0293;0.03906;0.04883;0.05859;0.06836;0.07813;0.08789;0.09766;0.10742;0.11719;0.12695;0.13672;0.14648;0.15625;0.16602;0.17578;0.18555;0.19531;0.20508;0.21484;0.22461;0.23438;0.24414;0.25391;0.26367;0.27344;0.2832;0.29297;0.30273;0.3125;0.32227;0.33203;0.3418;0.35156;0.36133;0.37109;0.38086;0.39063;0.40039;0.41016;0.41992;0.42969;0.43945;0.44922;0.45898;0.46875;0.47852;0.48828;0.49805;0.50781;0.51758;0.52734;0.53711;0.54688;0.55664;0.56641;0.57617;0.58594;0.5957;0.60547;0.61523;0.625;0.63477;0.64453;0.6543;0.66406;0.67383;0.68359;0.69336;0.70313;0.71289;0.72266;0.73242;0.74219;0.75195;0.76172;0.77148;0.78125;0.79102,0.003470336;0.007302144;0.008585216;0.008844288;0.010530815999999998;0.005752831999999999;0.0033331199999999997;0.010051584;0.022912;0.05014016;0.074264576;0.043875328;0.022510592;0.012577792;0.007399424;0.0041492479999999995;0.00316416;0.002717696;0.002308096;0.00160768;0.00144896;0.0017018880000000001;0.001885184;0.00226304;0.0023408640000000002;0.00198656;0.0014919679999999998;0.001523712;0.0016087039999999999;0.0024709120000000005;0.001837056;0.0013701120000000002;0.0021903359999999998;0.001619968;0.001759232;0.001700864;0.00145408;0.0019046400000000002;0.001584128;0.002506752;0.002464768;0.0015872;0.0012400640000000001;0.0010496000000000001;0.0012083200000000001;0.0012748800000000002;0.000847872;0.000939008;0.000826368;0.000692224;0.000980992;0.000965632;0.000800768;0.000987136;0.001103872;0.001096704;0.001221632;0.0009625599999999999;0.000780288;0.0007290879999999999;0.0008468480000000001;0.000766976;0.0007557120000000001;0.000879616;0.00087552;0.000643072;0.00048639999999999995;0.000764928;0.000908288;0.00059392;0.000485376;0.000444416;0.000538624;0.0005877759999999999;0.000515072;0.0007413760000000001;0.000750592;0.0005406720000000001;0.000715776
1789453800,hdr,0.0293;0.03906;0.04883;0.05859;0.06836;0.07813;0.08789;0.09766;0.10742;0.11719;0.12695;0.13672;0.14648;0.15625;0.16602;0.17578;0.18555;0.19531;0.20508;0.21484;0.22461;0.23438;0.24414;0.25391;0.26367;0.27344;0.2832;0.29297;0.30273;0.3125;0.32227;0.33203;0.3418;0.35156;0.36133;0.37109;0.38086;0.39063;0.40039;0.41016;0.41992;0.42969;0.43945;0.44922;0.45898;0.46875;0.47852;0.48828;0.49805;0.50781;0.51758;0.52734;0.53711;0.54688;0.55664;0.56641;0.57617;0.58594;0.5957;0.60547;0.61523;0.625;0.63477;0.64453;0.6543;0.66406;0.67383;0.68359;0.69336;0.70313;0.71289;0.72266;0.73242;0.74219;0.75195;0.76172;0.77148;0.78125;0.79102,0.00938496;0.019469312;0.013282304;0.009349119999999999;0.010685440000000001;0.008396800000000001;0.008292352;0.016018432;0.01929728;0.058349568;0.060217344;0.032452607999999994;0.024667136;0.013099008;0.009296896;0.004631552;0.00297472;0.002919424;0.0025374720000000003;0.0022231040000000005;0.001480704;0.002419712;0.0022927360000000005;0.002619392;0.00237056;0.0023019520000000003;0.001741824;0.002064384;0.002748416;0.0030853119999999998;0.002742272;0.0025200640000000002;0.002173952;0.0024084479999999997;0.00214016;0.002004992;0.00271872;0.00262656;0.0023572479999999997;0.001572864;0.0024872960000000004;0.0027095039999999997;0.00165888;0.0013004800000000001;0.000985088;0.000889856;0.000723968;0.000733184;0.000910336;0.0008386559999999999;0.000772096;0.000919552;0.000617472;0.0006932479999999999;0.0008151040000000001;0.000774144;0.000666624;0.000736256;0.001127424;0.0009973760000000001;0.0005980159999999999;0.0007106559999999999;0.0007014399999999999;0.0014458880000000002;0.001512448;0.00103424;0.000951296;0.0007772160000000001;0.000690176;0.001005568;0.0013209599999999997;0.0011161600000000002;0.0011120639999999998;0.000753664;0.0009717759999999999;0.001261568;0.00185856;0.0019824639999999998;0.001238016
1789454700,hdr,0.0293;0.03906;0.04883;0.05859;0.06836;0.07813;0.08789;0.09766;0.10742;0.11719;0.12695;0.13672;0.14648;0.15625;0.16602;0.17578;0.18555;0.19531;0.20508;0.21484;0.22461;0.23438;0.24414;0.25391;0.26367;0.27344;0.2832;0.29297;0.30273;0.3125;0.32227;0.33203;0.3418;0.35156;0.36133;0.37109;0.38086;0.39063;0.40039;0.41016;0.41992;0.42969;0.43945;0.44922;0.45898;0.46875;0.47852;0.48828;0.49805;0.50781;0.51758;0.52734;0.53711;0.54688;0.55664;0.56641;0.57617;0.58594;0.5957;0.60547;0.61523;0.625;0.63477;0.64453;0.6543;0.66406;0.67383;0.68359;0.69336;0.70313;0.71289;0.72266;0.73242;0.74219;0.75195;0.76172;0.77148;0.78125;0.79102,0.004026368;0.009056255999999999;0.008354816;0.011187200000000001;0.008859648;0.009536512;0.006392832;0.01371136;0.034633727999999996;0.068809728;0.10253824;0.057030656000000006;0.025035776;0.019587072;0.014840832;0.00856064;0.005099520000000001;0.00326656;0.0030443519999999997;0.00187904;0.0020592640000000003;0.003136512;0.0016711679999999998;0.0012400640000000001;0.0017152;0.002286592;0.002425856;0.000919552;0.002330624;0.004263936;0.003781632;0.003093504;0.0020951040000000004;0.0020992000000000003;0.0030904319999999997;0.0032133120000000003;0.00193024;0.002056192;0.001948672;0.001763328;0.001509376;0.0017807360000000002;0.002019328;0.001212416;0.001176576;0.001353728;0.001212416;0.000771072;0.000807936;0.0009564160000000001;0.000919552;0.0013035520000000001;0.001032192;0.000738304;0.0005980159999999999;0.000651264;0.0006993920000000001;0.000872448;0.0008222720000000001;0.000785408;0.000654336;0.0006041600000000001;0.000740352;0.001043456;0.001071104;0.0006676480000000001;0.001265664;0.00118784;0.001195008;0.001188864;0.00145408;0.0028057599999999996;0.0027566080000000002;0.00234496;0.002315264;0.003096576;0.002966528;0.001652736;0.001562624
1789455600,hdr,0.0293;0.03906;0.04883;0.05859;0.06836;0.07813;0.08789;0.09766;0.10742;0.11719;0.12695;0.13672;0.14648;0.15625;0.16602;0.17578;0.18555;0.19531;0.20508;0.21484;0.22461;0.23438;0.24414;0.25391;0.26367;0.27344;0.2832;0.29297;0.30273;0.3125;0.32227;0.33203;0.3418;0.35156;0.36133;0.37109;0.38086;0.39063;0.40039;0.41016;0.41992;0.42969;0.43945;0.44922;0.45898;0.46875;0.47852;0.48828;0.49805;0.50781;0.51758;0.52734;0.53711;0.54688;0.55664;0.56641;0.57617;0.58594;0.5957;0.60547;0.61523;0.625;0.63477;0.64453;0.6543;0.66406;0.67383;0.68359;0.69336;0.70313;0.71289;0.72266;0.73242;0.74219;0.75195;0.76172;0.77148;0.78125;0.79102,0.00293888;0.007057407999999999;0.006987776;0.009550848;0.010497023999999999;0.009216;0.00956416;0.017603584000000002;0.028476416;0.038668288;0.058931199999999996;0.05791744;0.031270912;0.014675968;0.00742912;0.0042414079999999995;0.0024064;0.003084288;0.003529728;0.002337792;0.002737152;0.002477056;0.001659904;0.0019210240000000001;0.001867776;0.002377728;0.0025978880000000005;0.002748416;0.0025364479999999997;0.002084864;0.002486272;0.003355648;0.002787328;0.00231424;0.002445312;0.002935808;0.0024791039999999998;0.002556928;0.002468864;0.0018278399999999998;0.001814528;0.001414144;0.0013393919999999998;0.001774592;0.00198656;0.0015769599999999999;0.00146432;0.00136192;0.0009605120000000001;0.001134592;0.001067008;0.0010178560000000001;0.001165312;0.001316864;0.001256448;0.001004544;0.00083968;0.000800768;0.0007229440000000001;0.000626688;0.000761856;0.00083968;0.00080384;0.00048742400000000003;0.0007290879999999999;0.000978944;0.001284096;0.0014274560000000001;0.001581056;0.0014704639999999999;0.00180224;0.00185344;0.0019947520000000002;0.002062336;0.00226816;0.0023347199999999998;0.002054144;0.001425408;0.002418688
1789456500,hdr,0.0293;0.03906;0.04883;0.05859;0.06836;0.07813;0.08789;0.09766;0.10742;0.11719;0.12695;0.13672;0.14648;0.15625;0.16602;0.17578;0.18555;0.19531;0.20508;0.21484;0.22461;0.23438;0.24414;0.25391;0.26367;0.27344;0.2832;0.29297;0.30273;0.3125;0.32227;0.33203;0.3418;0.35156;0.36133;0.37109;0.38086;0.39063;0.40039;0.41016;0.41992;0.42969;0.43945;0.44922;0.45898;0.46875;0.47852;0.48828;0.49805;0.50781;0.51758;0.52734;0.53711;0.54688;0.55664;0.56641;0.57617;0.58594;0.5957;0.60547;0.61523;0.625;0.63477;0.64453;0.6543;0.66406;0.67383;0.68359;0.69336;0.70313;0.71289;0.72266;0.73242;0.74219;0.75195;0.76172;0.77148;0.78125;0.79102,0.00367616;0.0067655680000000004;0.005185536;0.00416256;0.007083008000000001;0.009718784;0.012327936;0.014729215999999998;0.041408512;0.10832384;0.08512819199999999;0.036375552;0.0113408;0.008958976;0.005122048000000001;0.005138432;0.002798592;0.001708032;0.001824768;0.001186816;0.00109056;0.001723392;0.00309248;0.002767872;0.00225792;0.0024330239999999998;0.003511296;0.00307712;0.0020930559999999994;0.00239104;0.00217088;0.002661376;0.003659776;0.002378752;0.00216576;0.00278016;0.0022476799999999997;0.0016906239999999997;0.0020654080000000003;0.00136192;0.00154624;0.002101248;0.002448384;0.0023388159999999996;0.0014817279999999999;0.001358848;0.0013219840000000002;0.000990208;0.001483776;0.001358848;0.0016087039999999999;0.0015185919999999998;0.0014028799999999998;0.0012994559999999998;0.0013056;0.0013035520000000001;0.0012400640000000001;0.0011714560000000002;0.0009748480000000001;0.001998848;0.0014448640000000001;0.001065984;0.001077248;0.001058816;0.0007843840000000001;0.0007106559999999999;0.0007290879999999999;0.000872448;0.0008488959999999999;0.001221632;0.001168384;0.0008837120000000001;0.0008704;0.0008867839999999999;0.0018155520000000002;0.0012646399999999998;0.0007290879999999999;0.0010014719999999998;0.001480704
1789457400,hdr,0.0293;0.03906;0.04883;0.05859;0.06836;0.07813;0.08789;0.09766;0.10742;0.11719;0.12695;0.13672;0.14648;0.15625;0.16602;0.17578;0.18555;0.19531;0.20508;0.21484;0.22461;0.23438;0.24414;0.25391;0.26367;0.27344;0.2832;0.29297;0.30273;0.3125;0.32227;0.33203;0.3418;0.35156;0.36133;0.37109;0.38086;0.39063;0.40039;0.41016;0.41992;0.42969;0.43945;0.44922;0.45898;0.46875;0.47852;0.48828;0.49805;0.50781;0.51758;0.52734;0.53711;0.54688;0.55664;0.56641;0.57617;0.58594;0.5957;0.60547;0.61523;0.625;0.63477;0.64453;0.6543;0.66406;0.67383;0.68359;0.69336;0.70313;0.71289;0.72266;0.73242;0.74219;0.75195;0.76172;0.77148;0.78125;0.79102,0.00394752;0.005378048;0.007965696;0.010054655999999999;0.006859776;0.006479872;0.005342208;0.017724416;0.031865856;0.055535615999999996;0.07261696000000001;0.071404544;0.025270271999999996;0.017707007999999996;0.007914496;0.005846016;0.002733056;0.002989056;0.002277376;0.001676288;0.001799168;0.002195456;0.002115584;0.0020500479999999996;0.001717248;0.002220032;0.002045952;0.001800192;0.0016302080000000002;0.002679808;0.00253952;0.0025497600000000003;0.002689024;0.00281088;0.002799616;0.002671616;0.001728512;0.0013219840000000002;0.0014714879999999997;0.0013905920000000002;0.001967104;0.0012912639999999999;0.0018964479999999998;0.002147328;0.0018810880000000002;0.0013404159999999999;0.001139712;0.001079296;0.000871424;0.001074176;0.001058816;0.0008867839999999999;0.0006041600000000001;0.000427008;0.001040384;0.0013578239999999999;0.0013547519999999999;0.000907264;0.00125952;0.001086464;0.0015185919999999998;0.0015226880000000001;0.001401856;0.001430528;0.0013342719999999998;0.00047308800000000003;0.0009625599999999999;0.001129472;0.0009943039999999999;0.001067008;0.0010199039999999999;0.000953344;0.0006932479999999999;0.000802816;0.0012042239999999998;0.001380352;0.00122368;0.000802816;0.0010803199999999998
1789458300,hdr,0.0293;0.03906;0.04883;0.05859;0.06836;0.07813;0.08789;0.09766;0.10742;0.11719;0.12695;0.13672;0.14648;0.15625;0.16602;0.17578;0.18555;0.19531;0.20508;0.21484;0.22461;0.23438;0.24414;0.25391;0.26367;0.27344;0.2832;0.29297;0.30273;0.3125;0.32227;0.33203;0.3418;0.35156;0.36133;0.37109;0.38086;0.39063;0.40039;0.41016;0.41992;0.42969;0.43945;0.44922;0.45898;0.46875;0.47852;0.48828;0.49805;0.50781;0.51758;0.52734;0.53711;0.54688;0.55664;0.56641;0.57617;0.58594;0.5957;0.60547;0.61523;0.625;0.63477;0.64453;0.6543;0.66406;0.67383;0.68359;0.69336;0.70313;0.71289;0.72266;0.73242;0.74219;0.75195;0.76172;0.77148;0.78125;0.79102,0.010817536;0.013029375999999999;0.007181312;0.003981312;0.004562943999999999;0.005234688;0.0050155519999999995;0.020195328000000002;0.04303769599999999;0.06406656;0.0733952;0.057306112;0.016941056;0.013192192;0.005903360000000001;0.004927488000000001;0.0032511999999999997;0.0028467199999999996;0.0028487680000000002;0.002617344;0.001870848;0.0018135039999999999;0.002931712;0.001876992;0.001143808;0.000978944;0.001552384;0.002397184;0.002033664;0.0019824639999999998;0.0018974719999999999;0.0022374400000000003;0.0013475839999999998;0.002299904;0.002277376;0.002067456;0.002282496;0.002581504;0.002154496;0.00203264;0.0013404159999999999;0.001201152;0.001033216;0.0011468799999999999;0.00137728;0.001531904;0.000930816;0.0009205759999999999;0.001035264;0.000889856;0.001103872;0.000858112;0.0007086080000000001;0.00099328;0.000951296;0.0006574080000000001;0.0009318400000000001;0.000964608;0.00067072;0.000923648;0.0012646399999999998;0.0012318720000000002;0.001079296;0.001057792;0.0009461760000000001;0.000799744;0.000800768;0.000671744;0.0009943039999999999;0.001000448;0.0012871680000000002;0.001155072;0.000861184;0.0007168;0.0008837120000000001;0.0010250239999999998;0.0007168;0.0008110079999999999;0.00089088
1789459200,hdr,0.0293;0.03906;0.04883;0.05859;0.06836;0.07813;0.08789;0.09766;0.10742;0.11719;0.12695;0.13672;0.14648;0.15625;0.16602;0.17578;0.18555;0.19531;0.20508;0.21484;0.22461;0.23438;0.24414;0.25391;0.26367;0.27344;0.2832;0.29297;0.30273;0.3125;0.32227;0.33203;0.3418;0.35156;0.36133;0.37109;0.38086;0.39063;0.40039;0.41016;0.41992;0.42969;0.43945;0.44922;0.45898;0.46875;0.47852;0.48828;0.49805;0.50781;0.51758;0.52734;0.53711;0.54688;0.55664;0.56641;0.57617;0.58594;0.5957;0.60547;0.61523;0.625;0.63477;0.64453;0.6543;0.66406;0.67383;0.68359;0.69336;0.70313;0.71289;0.72266;0.73242;0.74219;0.75195;0.76172;0.77148;0.78125;0.79102,0.004529152;0.011723776000000002;0.009133056;0.005208064;0.011167744;0.006158336;0.005083135999999999;0.009974784;0.020195328000000002;0.035861503999999995;0.041726976;0.033079296;0.020256768;0.012910591999999999;0.008118272;0.00371712;0.001926144;0.003149824;0.002444288;0.0011243520000000001;0.001312768;0.0016988160000000001;0.001533952;0.001512448;0.00090624;0.0017244159999999999;0.002605056;0.0019210240000000001;0.00206848;0.001954816;0.0022353919999999997;0.001790976;0.001872896;0.001831936;0.001534976;0.001656832;0.0017326079999999998;0.002040832;0.0020357120000000003;0.0013240320000000002;0.0010721279999999999;0.00080384;0.0015984640000000002;0.0016066560000000001;0.000881664;0.001323008;0.0011704320000000001;0.001593344;0.0009349119999999999;0.000750592;0.0006696959999999999;0.0008622079999999999;0.000912384;0.0008069119999999999;0.000764928;0.000679936;0.0009216000000000001;0.000761856;0.00062976;0.000740352;0.00091648;0.0005888;0.0005959680000000001;0.00063488;0.00037785600000000004;0.00042291200000000006;0.0006021119999999999;0.000694272;0.000611328;0.00062464;0.000663552;0.0005888;0.0009984;0.000687104;0.000444416;0.00037478399999999997;0.0005324799999999999;0.000637952;0.000955392
1789460100,hdr,0.0293;0.03906;0.04883;0.05859;0.06836;0.07813;0.08789;0.09766;0.10742;0.11719;0.12695;0.13672;0.14648;0.15625;0.16602;0.17578;0.18555;0.19531;0.20508;0.21484;0.22461;0.23438;0.24414;0.25391;0.26367;0.27344;0.2832;0.29297;0.30273;0.3125;0.32227;0.33203;0.3418;0.35156;0.36133;0.37109;0.38086;0.39063;0.40039;0.41016;0.41992;0.42969;0.43945;0.44922;0.45898;0.46875;0.47852;0.48828;0.49805;0.50781;0.51758;0.52734;0.53711;0.54688;0.55664;0.56641;0.57617;0.58594;0.5957;0.60547;0.61523;0.625;0.63477;0.64453;0.6543;0.66406;0.67383;0.68359;0.69336;0.70313;0.71289;0.72266;0.73242;0.74219;0.75195;0.76172;0.77148;0.78125;0.79102,0.001662976;0.005424127999999999;0.00499712;0.002896896;0.0034078719999999997;0.00269824;0.004881408;0.010756096;0.023372800000000003;0.0319488;0.030885888000000004;0.02983424;0.023617536;0.013656064;0.0066662399999999995;0.0039546880000000005;0.004752384;0.002118656;0.0012789759999999998;0.001559552;0.00134144;0.0018862080000000001;0.00194048;0.001188864;0.0009297919999999999;0.00119808;0.001065984;0.0012032;0.0014346239999999998;0.0018237440000000002;0.0016138239999999998;0.001723392;0.002043904;0.0013680639999999998;0.000828416;0.001601536;0.0015472639999999998;0.00193536;0.0013322240000000001;0.001497088;0.0013004800000000001;0.000898048;0.00108544;0.001385472;0.001010688;0.001096704;0.001273856;0.001344512;0.0010250239999999998;0.001067008;0.000955392;0.0009564160000000001;0.0012113920000000002;0.0013946879999999998;0.001164288;0.000671744;0.001058816;0.0016250880000000002;0.001820672;0.001650688;0.001226752;0.0011796480000000002;0.0010455039999999998;0.001063936;0.001133568;0.0018944;0.001867776;0.001371136;0.0020746239999999997;0.002250752;0.001238016;0.0013690880000000003;0.00199168;0.0018595839999999998;0.001385472;0.0018964479999999998;0.0015452159999999999;0.0009830400000000001;0.0015677439999999998
1789461000,hdr,0.0293;0.03906;0.04883;0.05859;0.06836;0.07813;0.08789;0.09766;0.10742;0.11719;0.12695;0.13672;0.14648;0.15625;0.16602;0.17578;0.18555;0.19531;0.20508;0.21484;0.22461;0.23438;0.24414;0.25391;0.26367;0.27344;0.2832;0.29297;0.30273;0.3125;0.32227;0.33203;0.3418;0.35156;0.36133;0.37109;0.38086;0.39063;0.40039;0.41016;0.41992;0.42969;0.43945;0.44922;0.45898;0.46875;0.47852;0.48828;0.49805;0.50781;0.51758;0.52734;0.53711;0.54688;0.55664;0.56641;0.57617;0.58594;0.5957;0.60547;0.61523;0.625;0.63477;0.64453;0.6543;0.66406;0.67383;0.68359;0.69336;0.70313;0.71289;0.72266;0.73242;0.74219;0.75195;0.76172;0.77148;0.78125;0.79102,0.00178176;0.005097472;0.004443136;0.006035456;0.008285184;0.005097472;0.0034078719999999997;0.011157503999999999;0.015432704;0.019587072;0.028852224;0.036093952000000006;0.012962816;0.008603647999999998;0.008244224;0.005255168;0.00257024;0.001631232;0.00204288;0.002014208;0.0017356799999999999;0.0014213119999999999;0.001878016;0.001759232;0.002291712;0.002134016;0.001620992;0.001186816;0.001050624;0.001961984;0.001337344;0.0015431680000000001;0.00180224;0.001840128;0.0014786559999999999;0.0015431680000000001;0.0015185919999999998;0.001980416;0.0018135039999999999;0.001042432;0.0016936960000000002;0.0018841600000000002;0.001180672;0.0008519679999999999;0.0009727999999999999;0.0005621760000000001;0.00097792;0.0009431040000000001;0.000891904;0.001343488;0.0015390719999999998;0.0008366080000000001;0.0009543679999999999;0.001153024;0.0011202559999999998;0.001591296;0.0018083840000000001;0.001451008;0.0015185919999999998;0.001670144;0.0023132160000000003;0.002832384;0.00285184;0.003518464;0.0033925120000000003;0.003675136;0.003525632;0.0033218559999999998;0.0025528319999999997;0.0014858240000000002;0.001655808;0.000949248;0.00131072;0.0015144960000000002;0.0015964160000000002;0.001938432;0.002048;0.0014458880000000002;0.001430528
1789461900,hdr,0.0293;0.03906;0.04883;0.05859;0.06836;0.07813;0.08789;0.09766;0.10742;0.11719;0.12695;0.13672;0.14648;0.15625;0.16602;0.17578;0.18555;0.19531;0.20508;0.21484;0.22461;0.23438;0.24414;0.25391;0.26367;0.27344;0.2832;0.29297;0.30273;0.3125;0.32227;0.33203;0.3418;0.35156;0.36133;0.37109;0.38086;0.39063;0.40039;0.41016;0.41992;0.42969;0.43945;0.44922;0.45898;0.46875;0.47852;0.48828;0.49805;0.50781;0.51758;0.52734;0.53711;0.54688;0.55664;0.56641;0.57617;0.58594;0.5957;0.60547;0.61523;0.625;0.63477;0.64453;0.6543;0.66406;0.67383;0.68359;0.69336;0.70313;0.71289;0.72266;0.73242;0.74219;0.75195;0.76172;0.77148;0.78125;0.79102,0.003267584;0.00922624;0.01030656;0.00321536;0.007044096;0.004487168;0.0046714880000000005;0.01212416;0.028734464;0.030237696;0.029590527999999998;0.03503104;0.020419583999999998;0.010271744000000001;0.008199168;0.004202496;0.00272384;0.0020357120000000003;0.0015114240000000001;0.001359872;0.0015513600000000001;0.002154496;0.001559552;0.0011837439999999998;0.001408;0.001358848;0.000908288;0.000881664;0.000843776;0.000758784;0.000771072;0.001226752;0.00126976;0.001214464;0.001153024;0.0011919360000000002;0.001225728;0.0012288;0.001580032;0.001275904;0.000950272;0.00077312;0.0008192000000000001;0.00096768;0.0008335360000000001;0.000719872;0.000730112;0.000800768;0.0010250239999999998;0.00090624;0.001155072;0.001186816;0.001032192;0.001646592;0.001867776;0.002363392;0.002048;0.00306176;0.003670016;0.0035327999999999996;0.003821568;0.004453375999999999;0.003556352;0.0029122560000000002;0.0025047039999999995;0.0035123199999999998;0.0020633599999999998;0.001604608;0.0018216959999999998;0.0019435519999999999;0.0016179200000000001;0.001805312;0.001835008;0.001678336;0.001905664;0.0021196799999999997;0.0017131520000000001;0.001626112;0.001380352
1789462800,hdr,0.0293;0.03906;0.04883;0.05859;0.06836;0.07813;0.08789;0.09766;0.10742;0.11719;0.12695;0.13672;0.14648;0.15625;0.16602;0.17578;0.18555;0.19531;0.20508;0.21484;0.22461;0.23438;0.24414;0.25391;0.26367;0.27344;0.2832;0.29297;0.30273;0.3125;0.32227;0.33203;0.3418;0.35156;0.36133;0.37109;0.38086;0.39063;0.40039;0.41016;0.41992;0.42969;0.43945;0.44922;0.45898;0.46875;0.47852;0.48828;0.49805;0.50781;0.51758;0.52734;0.53711;0.54688;0.55664;0.56641;0.57617;0.58594;0.5957;0.60547;0.61523;0.625;0.63477;0.64453;0.6543;0.66406;0.67383;0.68359;0.69336;0.70313;0.71289;0.72266;0.73242;0.74219;0.75195;0.76172;0.77148;0.78125;0.79102,0.0017623040000000001;0.0029593600000000003;0.006474751999999999;0.006602752;0.006685696;0.003525632;0.0026060799999999998;0.010783744000000001;0.02817024;0.059457536;0.068262912;0.043005952;0.014503936;0.010426368;0.007668736;0.005113856;0.0031027200000000002;0.0029061119999999998;0.002496512;0.001800192;0.00255488;0.0029982719999999997;0.001969152;0.00080384;0.0007833599999999999;0.0012625919999999999;0.0008929280000000001;0.000781312;0.0009041920000000001;0.001225728;0.0012247039999999999;0.001122304;0.001024;0.0012441599999999998;0.0013987840000000001;0.0014878720000000001;0.000772096;0.00134144;0.002284544;0.001714176;0.000907264;0.001087488;0.0011694079999999998;0.0013824;0.0014878720000000001;0.001166336;0.001108992;0.001113088;0.001180672;0.001391616;0.0012912639999999999;0.001050624;0.0019394560000000002;0.001374208;0.001033216;0.001176576;0.0007946240000000001;0.001388544;0.0026439680000000004;0.0027811840000000003;0.00316416;0.00187904;0.0015185919999999998;0.001723392;0.0013578239999999999;0.001856512;0.001911808;0.00237568;0.0032440319999999996;0.0019712;0.00098816;0.001466368;0.001498112;0.0013322240000000001;0.001106944;0.001222656;0.001098752;0.001201152;0.0012441599999999998
1789463700,hdr,0.0293;0.03906;0.04883;0.05859;0.06836;0.07813;0.08789;0.09766;0.10742;0.11719;0.12695;0.13672;0.14648;0.15625;0.16602;0.17578;0.18555;0.19531;0.20508;0.21484;0.22461;0.23438;0.24414;0.25391;0.26367;0.27344;0.2832;0.29297;0.30273;0.3125;0.32227;0.33203;0.3418;0.35156;0.36133;0.37109;0.38086;0.39063;0.40039;0.41016;0.41992;0.42969;0.43945;0.44922;0.45898;0.46875;0.47852;0.48828;0.49805;0.50781;0.51758;0.52734;0.53711;0.54688;0.55664;0.56641;0.57617;0.58594;0.5957;0.60547;0.61523;0.625;0.63477;0.64453;0.6543;0.66406;0.67383;0.68359;0.69336;0.70313;0.71289;0.72266;0.73242;0.74219;0.75195;0.76172;0.77148;0.78125;0.79102,0.006941696;0.010171392000000001;0.009633791999999999;0.007732224;0.011016192000000001;0.004472832;0.005459968;0.014210048000000001;0.032863232000000006;0.053343232000000004;0.040901632;0.038679552000000006;0.023005184;0.011009024;0.015243264;0.005901312;0.003600384;0.0030033919999999997;0.002910208;0.003329024;0.002666496;0.0019230719999999998;0.0024381439999999997;0.0017858560000000002;0.0018288640000000001;0.002307072;0.001562624;0.0013260799999999999;0.000896;0.000668672;0.000840704;0.0011735040000000001;0.001229824;0.0015667199999999997;0.002008064;0.001477632;0.000919552;0.0008622079999999999;0.0006789119999999999;0.000828416;0.0006082559999999999;0.0005867520000000001;0.000607232;0.001099776;0.000896;0.000864256;0.0009768959999999999;0.0009625599999999999;0.001634304;0.001337344;0.000987136;0.0014899199999999998;0.0021442559999999998;0.00195584;0.0014274560000000001;0.001942528;0.002014208;0.0024872960000000004;0.002705408;0.003136512;0.003451904;0.003432448;0.002412544;0.002045952;0.0018524160000000002;0.000963584;0.001348608;0.002424832;0.00278016;0.0016168960000000003;0.0012318720000000002;0.00083968;0.0014172160000000002;0.001348608;0.001248256;0.001395712;0.0013783040000000001;0.001396736;0.001011712
1789464600,hdr,0.0293;0.03906;0.04883;0.05859;0.06836;0.07813;0.08789;0.09766;0.10742;0.11719;0.12695;0.13672;0.14648;0.15625;0.16602;0.17578;0.18555;0.19531;0.20508;0.21484;0.22461;0.23438;0.24414;0.25391;0.26367;0.27344;0.2832;0.29297;0.30273;0.3125;0.32227;0.33203;0.3418;0.35156;0.36133;0.37109;0.38086;0.39063;0.40039;0.41016;0.41992;0.42969;0.43945;0.44922;0.45898;0.46875;0.47852;0.48828;0.49805;0.50781;0.51758;0.52734;0.53711;0.54688;0.55664;0.56641;0.57617;0.58594;0.5957;0.60547;0.61523;0.625;0.63477;0.64453;0.6543;0.66406;0.67383;0.68359;0.69336;0.70313;0.71289;0.72266;0.73242;0.74219;0.75195;0.76172;0.77148;0.78125;0.79102,0.0014233599999999998;0.003454976;0.007377919999999999;0.00768;0.007621632;0.0063744;0.00474624;0.010001408;0.024244223999999998;0.047472639999999997;0.056061952;0.045078528;0.020968448;0.013541376;0.011186175999999999;0.006879232;0.0042065919999999994;0.003946496;0.003454976;0.002029568;0.001847296;0.000813056;0.00141824;0.001304576;0.000841728;0.000786432;0.00091136;0.0009216000000000001;0.001117184;0.001296384;0.000758784;0.0006656;0.000607232;0.001058816;0.001316864;0.001273856;0.001042432;0.000703488;0.0006082559999999999;0.0008151040000000001;0.001027072;0.001217536;0.001031168;0.000896;0.0009717759999999999;0.001318912;0.001970176;0.0022855680000000004;0.002200576;0.001153024;0.001152;0.0023941119999999995;0.003267584;0.0036648960000000004;0.00436224;0.005230592;0.004729856;0.00311296;0.0037386240000000003;0.003694592;0.00285696;0.0024145919999999997;0.0018831359999999999;0.001782784;0.003398656;0.00283648;0.002056192;0.002030592;0.0011970559999999997;0.0017377279999999998;0.0015964160000000002;0.001754112;0.0010291200000000001;0.000953344;0.0009144320000000001;0.000996352;0.0008366080000000001;0.000996352;0.0009912319999999999
1789465500,hdr,0.0293;0.03906;0.04883;0.05859;0.06836;0.07813;0.08789;0.09766;0.10742;0.11719;0.12695;0.13672;0.14648;0.15625;0.16602;0.17578;0.18555;0.19531;0.20508;0.21484;0.22461;0.23438;0.24414;0.25391;0.26367;0.27344;0.2832;0.29297;0.30273;0.3125;0.32227;0.33203;0.3418;0.35156;0.36133;0.37109;0.38086;0.39063;0.40039;0.41016;0.41992;0.42969;0.43945;0.44922;0.45898;0.46875;0.47852;0.48828;0.49805;0.50781;0.51758;0.52734;0.53711;0.54688;0.55664;0.56641;0.57617;0.58594;0.5957;0.60547;0.61523;0.625;0.63477;0.64453;0.6543;0.66406;0.67383;0.68359;0.69336;0.70313;0.71289;0.72266;0.73242;0.74219;0.75195;0.76172;0.77148;0.78125;0.79102,0.001870848;0.00135168;0.002034688;0.002084864;0.0038993920000000002;0.0009041920000000001;0.000514048;0.008493055999999999;0.028732416;0.044749823999999994;0.060618752;0.046205952;0.024153088;0.01558016;0.0049664;0.0035952639999999995;0.004071424000000001;0.003515392;0.001944576;0.001466368;0.002458624;0.001497088;0.001026048;0.0013701120000000002;0.0012072959999999998;0.001118208;0.001267712;0.0010250239999999998;0.000939008;0.0009830400000000001;0.0007495679999999999;0.0011776;0.001435648;0.001396736;0.001056768;0.000698368;0.0007946240000000001;0.001281024;0.001328128;0.0009205759999999999;0.0006952960000000001;0.001099776;0.001073152;0.0006737919999999999;0.000769024;0.0009543679999999999;0.001284096;0.001174528;0.00082432;0.001309696;0.0017305600000000001;0.0023459839999999997;0.0021913600000000003;0.00239104;0.002543616;0.00319488;0.0038717440000000003;0.0035932159999999998;0.002542592;0.002310144;0.0024545279999999997;0.0028692479999999996;0.0026419199999999994;0.001531904;0.0014192640000000002;0.001890304;0.0015206400000000002;0.001063936;0.0013987840000000001;0.0014458880000000002;0.001442816;0.0011468799999999999;0.001186816;0.00103424;0.001007616;0.00124928;0.0009594880000000001;0.000756736;0.000949248
1789466400,hdr,0.0293;0.03906;0.04883;0.05859;0.06836;0.07813;0.08789;0.09766;0.10742;0.11719;0.12695;0.13672;0.14648;0.15625;0.16602;0.17578;0.18555;0.19531;0.20508;0.21484;0.22461;0.23438;0.24414;0.25391;0.26367;0.27344;0.2832;0.29297;0.30273;0.3125;0.32227;0.33203;0.3418;0.35156;0.36133;0.37109;0.38086;0.39063;0.40039;0.41016;0.41992;0.42969;0.43945;0.44922;0.45898;0.46875;0.47852;0.48828;0.49805;0.50781;0.51758;0.52734;0.53711;0.54688;0.55664;0.56641;0.57617;0.58594;0.5957;0.60547;0.61523;0.625;0.63477;0.64453;0.6543;0.66406;0.67383;0.68359;0.69336;0.70313;0.71289;0.72266;0.73242;0.74219;0.75195;0.76172;0.77148;0.78125;0.79102,0.006575103999999999;0.004728832;0.005450752;0.008051712;0.00451584;0.003162112;0.0029573119999999997;0.006474751999999999;0.010086399999999999;0.04155289599999999;0.051792896;0.021369856;0.013492224;0.018407424;0.012284928;0.006320128;0.00396288;0.00264704;0.001938432;0.001399808;0.001983488;0.001875968;0.00165888;0.001441792;0.00172544;0.0013690880000000003;0.001186816;0.001108992;0.001154048;0.000818176;0.0007280640000000001;0.00098816;0.000630784;0.000704512;0.001475584;0.0024811519999999995;0.001527808;0.0018257920000000001;0.00195584;0.001432576;0.001101824;0.0010721279999999999;0.000905216;0.001028096;0.0008089600000000001;0.000801792;0.000603136;0.000658432;0.001185792;0.00139776;0.00075264;0.0007075839999999999;0.00087552;0.0009564160000000001;0.001460224;0.001184768;0.0009041920000000001;0.0009523200000000001;0.00144896;0.0010496000000000001;0.001477632;0.001328128;0.001168384;0.001373184;0.001232896;0.00126976;0.001957888;0.0008744960000000001;0.000888832;0.001014784;0.000949248;0.000720896;0.0006737919999999999;0.000996352;0.0016148479999999999;0.0012953600000000002;0.00093696;0.001058816;0.000765952
1789467300,hdr,0.0293;0.03906;0.04883;0.05859;0.06836;0.07813;0.08789;0.09766;0.10742;0.11719;0.12695;0.13672;0.14648;0.15625;0.16602;0.17578;0.18555;0.19531;0.20508;0.21484;0.22461;0.23438;0.24414;0.25391;0.26367;0.27344;0.2832;0.29297;0.30273;0.3125;0.32227;0.33203;0.3418;0.35156;0.36133;0.37109;0.38086;0.39063;0.40039;0.41016;0.41992;0.42969;0.43945;0.44922;0.45898;0.46875;0.47852;0.48828;0.49805;0.50781;0.51758;0.52734;0.53711;0.54688;0.55664;0.56641;0.57617;0.58594;0.5957;0.60547;0.61523;0.625;0.63477;0.64453;0.6543;0.66406;0.67383;0.68359;0.69336;0.70313;0.71289;0.72266;0.73242;0.74219;0.75195;0.76172;0.77148;0.78125;0.79102,0.001243136;0.002760704;0.003831808;0.008708096;0.0059791359999999995;0.004825088;0.006071296;0.011244544;0.027709440000000002;0.04868096;0.044212224;0.032231423999999995;0.017655808000000002;0.007959552;0.010469376;0.008459264;0.0066437119999999995;0.003771392;0.002233344;0.002003968;0.002214912;0.002272256;0.002006016;0.001911808;0.00131584;0.0014745600000000002;0.0010250239999999998;0.0008110079999999999;0.001067008;0.0008837120000000001;0.0006819840000000001;0.000879616;0.0005898240000000001;0.000873472;0.00077312;0.001149952;0.000941056;0.0007116799999999999;0.000666624;0.00103424;0.0014817279999999999;0.0010291200000000001;0.000492544;0.000760832;0.000963584;0.0005816320000000001;0.00036147200000000005;0.000656384;0.000504832;0.00059392;0.0006932479999999999;0.000659456;0.0005857280000000001;0.0009461760000000001;0.0009943039999999999;0.00077312;0.00074752;0.000692224;0.000933888;0.0009523200000000001;0.0009482239999999999;0.0012113920000000002;0.001248256;0.001032192;0.0013824;0.001158144;0.0014786559999999999;0.001181696;0.00061952;0.001232896;0.0014858240000000002;0.001722368;0.001575936;0.001472512;0.001384448;0.001659904;0.00204288;0.001774592;0.00190976
1789468200,hdr,0.0293;0.03906;0.04883;0.05859;0.06836;0.07813;0.08789;0.09766;0.10742;0.11719;0.12695;0.13672;0.14648;0.15625;0.16602;0.17578;0.18555;0.19531;0.20508;0.21484;0.22461;0.23438;0.24414;0.25391;0.26367;0.27344;0.2832;0.29297;0.30273;0.3125;0.32227;0.33203;0.3418;0.35156;0.36133;0.37109;0.38086;0.39063;0.40039;0.41016;0.41992;0.42969;0.43945;0.44922;0.45898;0.46875;0.47852;0.48828;0.49805;0.50781;0.51758;0.52734;0.53711;0.54688;0.55664;0.56641;0.57617;0.58594;0.5957;0.60547;0.61523;0.625;0.63477;0.64453;0.6543;0.66406;0.67383;0.68359;0.69336;0.70313;0.71289;0.72266;0.73242;0.74219;0.75195;0.76172;0.77148;0.78125;0.79102,0.0002816;0.00339456;0.005481471999999999;0.005382144;0.004282368000000001;0.004369408;0.004975616;0.008699904;0.026252288000000002;0.06835712;0.053343232000000004;0.034668543999999996;0.020235264;0.014366720000000001;0.00971776;0.005303295999999999;0.003268608;0.002179072;0.00131584;0.001477632;0.001265664;0.00152576;0.0019660800000000003;0.001637376;0.0014581759999999998;0.002014208;0.001634304;0.001333248;0.001193984;0.00119296;0.0011796480000000002;0.0013783040000000001;0.000922624;0.000840704;0.0008110079999999999;0.001035264;0.001155072;0.001031168;0.0009041920000000001;0.0011960319999999999;0.001073152;0.0012707839999999998;0.00098816;0.000761856;0.000887808;0.0007884799999999999;0.00061952;0.0006000640000000001;0.00062976;0.0007936;0.0007772160000000001;0.000631808;0.00047411199999999995;0.00055296;0.000548864;0.000642048;0.0006840319999999999;0.0005980159999999999;0.00039423999999999997;0.000418816;0.000620544;0.0007229440000000001;0.0011161600000000002;0.000985088;0.0009943039999999999;0.000966656;0.000996352;0.0013312;0.0021360640000000005;0.001787904;0.0013690880000000003;0.001782784;0.001755136;0.001787904;0.0022302719999999997;0.00188928;0.001958912;0.002038784;0.00168448
1789469100,hdr,0.0293;0.03906;0.04883;0.05859;0.06836;0.07813;0.08789;0.09766;0.10742;0.11719;0.12695;0.13672;0.14648;0.15625;0.16602;0.17578;0.18555;0.19531;0.20508;0.21484;0.22461;0.23438;0.24414;0.25391;0.26367;0.27344;0.2832;0.29297;0.30273;0.3125;0.32227;0.33203;0.3418;0.35156;0.36133;0.37109;0.38086;0.39063;0.40039;0.41016;0.41992;0.42969;0.43945;0.44922;0.45898;0.46875;0.47852;0.48828;0.49805;0.50781;0.51758;0.52734;0.53711;0.54688;0.55664;0.56641;0.57617;0.58594;0.5957;0.60547;0.61523;0.625;0.63477;0.64453;0.6543;0.66406;0.67383;0.68359;0.69336;0.70313;0.71289;0.72266;0.73242;0.74219;0.75195;0.76172;0.77148;0.78125;0.79102,0.0032256;0.00307712;0.001574912;0.0026777600000000004;0.0048384;0.0007290879999999999;0.00068096;0.004895744;0.014889984;0.025174016000000004;0.037004288;0.027177984;0.014970879999999999;0.011593728000000001;0.00738304;0.004729856;0.004722688;0.002807808;0.001662976;0.0014878720000000001;0.001084416;0.0013690880000000003;0.001189888;0.001130496;0.001086464;0.0012707839999999998;0.0014530559999999999;0.0010946560000000003;0.000900096;0.000515072;0.0007137280000000001;0.00061952;0.0006912;0.000644096;0.000864256;0.000817152;0.001052672;0.001263616;0.0009605120000000001;0.0010373119999999999;0.0009738240000000001;0.000782336;0.000966656;0.00145408;0.0012666880000000002;0.0008560640000000001;0.000731136;0.000776192;0.000786432;0.000930816;0.000780288;0.001079296;0.000985088;0.001010688;0.0008652800000000001;0.001007616;0.000607232;0.000826368;0.00103424;0.0005478400000000001;0.000919552;0.0008929280000000001;0.000963584;0.0007413760000000001;0.000569344;0.000736256;0.0012359679999999998;0.000555008;0.00065536;0.00062464;0.0006092800000000001;0.000748544;0.0009144320000000001;0.0008447999999999999;0.0014458880000000002;0.0015697920000000002;0.0015063040000000002;0.001476608;0.002453504
1789470000,hdr,0.0293;0.03906;0.04883;0.05859;0.06836;0.07813;0.08789;0.09766;0.10742;0.11719;0.12695;0.13672;0.14648;0.15625;0.16602;0.17578;0.18555;0.19531;0.20508;0.21484;0.22461;0.23438;0.24414;0.25391;0.26367;0.27344;0.2832;0.29297;0.30273;0.3125;0.32227;0.33203;0.3418;0.35156;0.36133;0.37109;0.38086;0.39063;0.40039;0.41016;0.41992;0.42969;0.43945;0.44922;0.45898;0.46875;0.47852;0.48828;0.49805;0.50781;0.51758;0.52734;0.53711;0.54688;0.55664;0.56641;0.57617;0.58594;0.5957;0.60547;0.61523;0.625;0.63477;0.64453;0.6543;0.66406;0.67383;0.68359;0.69336;0.70313;0.71289;0.72266;0.73242;0.74219;0.75195;0.76172;0.77148;0.78125;0.79102,0.001990656;0.005586944;0.006462464;0.0060016639999999994;0.005977087999999999;0.001588224;0.001137664;0.008136704;0.019769344;0.042235904;0.054202368;0.024851455999999997;0.018198528;0.009964544;0.006806528;0.006659072;0.00575488;0.0030535679999999996;0.001227776;0.001765376;0.002081792;0.001371136;0.001282048;0.0016670720000000001;0.001885184;0.001222656;0.0006789119999999999;0.0009021439999999999;0.000881664;0.000924672;0.000912384;0.0007168;0.0007280640000000001;0.000539648;0.0007106559999999999;0.0006502400000000001;0.000666624;0.000854016;0.000863232;0.000987136;0.001009664;0.00085504;0.00124928;0.000550912;0.00047411199999999995;0.0008366080000000001;0.000852992;0.0006993920000000001;0.001308672;0.001277952;0.000894976;0.001125376;0.0008222720000000001;0.000514048;0.000840704;0.00089088;0.001007616;0.0010752000000000001;0.001519616;0.000963584;0.0008509440000000001;0.00045568;0.000633856;0.0010813440000000001;0.001082368;0.0011407359999999998;0.0007096320000000001;0.0008202239999999999;0.0006696959999999999;0.000504832;0.000510976;0.000533504;0.000805888;0.0008837120000000001;0.0006737919999999999;0.0006952960000000001;0.001041408;0.000966656;0.00100352
1789470900,hdr,0.0293;0.03906;0.04883;0.05859;0.06836;0.07813;0.08789;0.09766;0.10742;0.11719;0.12695;0.13672;0.14648;0.15625;0.16602;0.17578;0.18555;0.19531;0.20508;0.21484;0.22461;0.23438;0.24414;0.25391;0.26367;0.27344;0.2832;0.29297;0.30273;0.3125;0.32227;0.33203;0.3418;0.35156;0.36133;0.37109;0.38086;0.39063;0.40039;0.41016;0.41992;0.42969;0.43945;0.44922;0.45898;0.46875;0.47852;0.48828;0.49805;0.50781;0.51758;0.52734;0.53711;0.54688;0.55664;0.56641;0.57617;0.58594;0.5957;0.60547;0.61523;0.625;0.63477;0.64453;0.6543;0.66406;0.67383;0.68359;0.69336;0.70313;0.71289;0.72266;0.73242;0.74219;0.75195;0.76172;0.77148;0.78125;0.79102,0.003680256;0.004988928;0.003938304;0.006483968;0.004897792000000001;0.0022487040000000002;0.003232768;0.007247872000000001;0.018210816;0.025404416000000003;0.046438400000000005;0.031208448;0.018628608;0.00634368;0.00489472;0.003480576;0.0033791999999999997;0.003464192;0.0028672;0.001672192;0.00185344;0.002823168;0.0023767040000000003;0.0018841600000000002;0.0021667839999999997;0.00178176;0.0011919360000000002;0.0007833599999999999;0.001010688;0.001158144;0.001286144;0.001201152;0.00097792;0.0010516479999999999;0.0012748800000000002;0.0013209599999999997;0.000858112;0.001010688;0.0008202239999999999;0.000869376;0.0009431040000000001;0.001052672;0.000894976;0.000723968;0.000452608;0.0006850560000000001;0.0007086080000000001;0.000512;0.000313344;0.000444416;0.00048639999999999995;0.00035430400000000006;0.0006000640000000001;0.0009973760000000001;0.000899072;0.000802816;0.0005980159999999999;0.00041984;0.000439296;0.000632832;0.00057856;0.000448512;0.000323584;0.00032870400000000003;0.00023654400000000002;0.00030617599999999996;0.000357376;0.000628736;0.000528384;0.000512;0.0007249919999999999;0.0006778880000000001;0.000879616;0.0011151359999999999;0.001374208;0.001641472;0.001645568;0.00118784;0.00164864
1789471800,hdr,0.0293;0.03906;0.04883;0.05859;0.06836;0.07813;0.08789;0.09766;0.10742;0.11719;0.12695;0.13672;0.14648;0.15625;0.16602;0.17578;0.18555;0.19531;0.20508;0.21484;0.22461;0.23438;0.24414;0.25391;0.26367;0.27344;0.2832;0.29297;0.30273;0.3125;0.32227;0.33203;0.3418;0.35156;0.36133;0.37109;0.38086;0.39063;0.40039;0.41016;0.41992;0.42969;0.43945;0.44922;0.45898;0.46875;0.47852;0.48828;0.49805;0.50781;0.51758;0.52734;0.53711;0.54688;0.55664;0.56641;0.57617;0.58594;0.5957;0.60547;0.61523;0.625;0.63477;0.64453;0.6543;0.66406;0.67383;0.68359;0.69336;0.70313;0.71289;0.72266;0.73242;0.74219;0.75195;0.76172;0.77148;0.78125;0.79102,0.004907008;0.012626944;0.012949503999999999;0.009310207999999999;0.012900351999999999;0.007465983999999999;0.006694912;0.005494784000000001;0.009351168;0.040053759999999994;0.041759744;0.0275456;0.023718912;0.010736639999999999;0.006213631999999999;0.004920320000000001;0.005960704;0.003303424;0.001695744;0.001552384;0.0019476480000000002;0.00185344;0.0015738879999999998;0.0014735360000000001;0.001969152;0.001618944;0.001400832;0.00143872;0.0020633599999999998;0.0013660159999999998;0.0013404159999999999;0.0013680639999999998;0.000999424;0.000837632;0.00138752;0.001174528;0.001139712;0.0008447999999999999;0.00107008;0.001412096;0.001337344;0.0009727999999999999;0.0013660159999999998;0.0011960319999999999;0.000759808;0.000625664;0.00101888;0.001073152;0.000748544;0.000717824;0.000663552;0.000963584;0.0008622079999999999;0.0007557120000000001;0.000817152;0.000644096;0.000502784;0.000468992;0.000887808;0.0010291200000000001;0.000607232;0.000551936;0.00063488;0.0006502400000000001;0.00057856;0.0005478400000000001;0.000621568;0.0005734399999999999;0.00089088;0.001009664;0.00088064;0.000642048;0.0009584639999999999;0.001806336;0.0018135039999999999;0.001937408;0.0022405119999999996;0.0015267839999999998;0.00178176
1789472700,hdr,0.0293;0.03906;0.04883;0.05859;0.06836;0.07813;0.08789;0.09766;0.10742;0.11719;0.12695;0.13672;0.14648;0.15625;0.16602;0.17578;0.18555;0.19531;0.20508;0.21484;0.22461;0.23438;0.24414;0.25391;0.26367;0.27344;0.2832;0.29297;0.30273;0.3125;0.32227;0.33203;0.3418;0.35156;0.36133;0.37109;0.38086;0.39063;0.40039;0.41016;0.41992;0.42969;0.43945;0.44922;0.45898;0.46875;0.47852;0.48828;0.49805;0.50781;0.51758;0.52734;0.53711;0.54688;0.55664;0.56641;0.57617;0.58594;0.5957;0.60547;0.61523;0.625;0.63477;0.64453;0.6543;0.66406;0.67383;0.68359;0.69336;0.70313;0.71289;0.72266;0.73242;0.74219;0.75195;0.76172;0.77148;0.78125;0.79102,0.00426496;0.015036415999999999;0.011934720000000001;0.005502976000000001;0.0057968640000000005;0.0068864;0.006243328;0.009117696;0.013180928;0.028232703999999997;0.040220672;0.026825728000000004;0.014057472;0.008936448;0.006146048;0.006784;0.005388288000000001;0.0044103680000000004;0.004143104;0.00268288;0.0015984640000000002;0.0017305600000000001;0.001683456;0.0022712319999999998;0.001682432;0.0021329920000000002;0.001934336;0.0013219840000000002;0.0013690880000000003;0.001538048;0.001166336;0.0007557120000000001;0.000475136;0.000917504;0.0010127360000000002;0.000690176;0.0007946240000000001;0.000877568;0.0009461760000000001;0.000888832;0.00116224;0.000923648;0.000864256;0.0011919360000000002;0.0009256959999999999;0.000534528;0.0005754880000000001;0.000831488;0.000922624;0.00062976;0.00068096;0.0005959680000000001;0.0006502400000000001;0.0009748480000000001;0.00061952;0.00041676800000000003;0.000451584;0.0006082559999999999;0.000503808;0.00047308800000000003;0.000519168;0.000799744;0.000766976;0.000858112;0.000662528;0.00047104000000000004;0.000339968;0.000451584;0.0005007359999999999;0.000489472;0.000454656;0.00068096;0.000863232;0.000723968;0.000816128;0.000984064;0.000878592;0.000611328;0.0005304320000000001
1789473600,hdr,0.0293;0.03906;0.04883;0.05859;0.06836;0.07813;0.08789;0.09766;0.10742;0.11719;0.12695;0.13672;0.14648;0.15625;0.16602;0.17578;0.18555;0.19531;0.20508;0.21484;0.22461;0.23438;0.24414;0.25391;0.26367;0.27344;0.2832;0.29297;0.30273;0.3125;0.32227;0.33203;0.3418;0.35156;0.36133;0.37109;0.38086;0.39063;0.40039;0.41016;0.41992;0.42969;0.43945;0.44922;0.45898;0.46875;0.47852;0.48828;0.49805;0.50781;0.51758;0.52734;0.53711;0.54688;0.55664;0.56641;0.57617;0.58594;0.5957;0.60547;0.61523;0.625;0.63477;0.64453;0.6543;0.66406;0.67383;0.68359;0.69336;0.70313;0.71289;0.72266;0.73242;0.74219;0.75195;0.76172;0.77148;0.78125;0.79102,0.005001216;0.014160896;0.017167359999999996;0.011752447999999999;0.011592704;0.0052019200000000005;0.0020746239999999997;0.005999616;0.010225664;0.036274176;0.046116864;0.019735552;0.018789376;0.010369024;0.004874240000000001;0.006439936;0.006363135999999999;0.004560896;0.002558976;0.001934336;0.0015687680000000001;0.001611776;0.001284096;0.0016916480000000002;0.001758208;0.00125952;0.001406976;0.001388544;0.001409024;0.0008929280000000001;0.001102848;0.0008663039999999999;0.001058816;0.000791552;0.001067008;0.001502208;0.002904064;0.002587648;0.001645568;0.001098752;0.000812032;0.000666624;0.000813056;0.001275904;0.0008663039999999999;0.0005713920000000001;0.0009349119999999999;0.00111104;0.001016832;0.001166336;0.00104448;0.0012113920000000002;0.0014858240000000002;0.001645568;0.00150528;0.0009349119999999999;0.000809984;0.0008366080000000001;0.0010209280000000002;0.00119296;0.0009205759999999999;0.000637952;0.000805888;0.00046796800000000003;0.00051712;0.0006963200000000001;0.0006963200000000001;0.000643072;0.000536576;0.0008386559999999999;0.000733184;0.0008192000000000001;0.0009287680000000001;0.0013926400000000001;0.001185792;0.0008591359999999999;0.001247232;0.001675264;0.001905664
1789474500,hdr,0.0293;0.03906;0.04883;0.05859;0.06836;0.07813;0.08789;0.09766;0.10742;0.11719;0.12695;0.13672;0.14648;0.15625;0.16602;0.17578;0.18555;0.19531;0.20508;0.21484;0.22461;0.23438;0.24414;0.25391;0.26367;0.27344;0.2832;0.29297;0.30273;0.3125;0.32227;0.33203;0.3418;0.35156;0.36133;0.37109;0.38086;0.39063;0.40039;0.41016;0.41992;0.42969;0.43945;0.44922;0.45898;0.46875;0.47852;0.48828;0.49805;0.50781;0.51758;0.52734;0.53711;0.54688;0.55664;0.56641;0.57617;0.58594;0.5957;0.60547;0.61523;0.625;0.63477;0.64453;0.6543;0.66406;0.67383;0.68359;0.69336;0.70313;0.71289;0.72266;0.73242;0.74219;0.75195;0.76172;0.77148;0.78125;0.79102,0.003986432;0.007970816;0.00546304;0.008124416;0.0071167999999999995;0.0028395519999999995;0.002675712;0.008010752000000001;0.012935168000000002;0.021554175999999998;0.024603648000000002;0.020569088;0.018488320000000003;0.011466752;0.0071915519999999995;0.0047912960000000004;0.002398208;0.0017397760000000002;0.0024852480000000002;0.001796096;0.002161664;0.0023132160000000003;0.0016066560000000001;0.002469888;0.002866176;0.0017684480000000002;0.001002496;0.001537024;0.0011048960000000002;0.00103936;0.0009594880000000001;0.0011786239999999999;0.00142848;0.0009543679999999999;0.0007096320000000001;0.000733184;0.000712704;0.0008202239999999999;0.0015165439999999999;0.0032819200000000002;0.0034488319999999998;0.003412992;0.00193536;0.0014704639999999999;0.000864256;0.0007137280000000001;0.0006696959999999999;0.000601088;0.000702464;0.000401408;0.000408576;0.000484352;0.000516096;0.000766976;0.0007055360000000001;0.000607232;0.0006850560000000001;0.000827392;0.000723968;0.0008519679999999999;0.000759808;0.000776192;0.000813056;0.000553984;0.00043315199999999996;0.00047923199999999995;0.000730112;0.0006676480000000001;0.0005724160000000001;0.000738304;0.000726016;0.0009523200000000001;0.0009400319999999999;0.001043456;0.001446912;0.0014151679999999999;0.0015851519999999998;0.001702912;0.00200192
1789475400,hdr,0.0293;0.03906;0.04883;0.05859;0.06836;0.07813;0.08789;0.09766;0.10742;0.11719;0.12695;0.13672;0.14648;0.15625;0.16602;0.17578;0.18555;0.19531;0.20508;0.21484;0.22461;0.23438;0.24414;0.25391;0.26367;0.27344;0.2832;0.29297;0.30273;0.3125;0.32227;0.33203;0.3418;0.35156;0.36133;0.37109;0.38086;0.39063;0.40039;0.41016;0.41992;0.42969;0.43945;0.44922;0.45898;0.46875;0.47852;0.48828;0.49805;0.50781;0.51758;0.52734;0.53711;0.54688;0.55664;0.56641;0.57617;0.58594;0.5957;0.60547;0.61523;0.625;0.63477;0.64453;0.6543;0.66406;0.67383;0.68359;0.69336;0.70313;0.71289;0.72266;0.73242;0.74219;0.75195;0.76172;0.77148;0.78125;0.79102,0.002064384;0.0036608;0.00474112;0.003168256;0.006311936000000001;0.003818496;0.003400704;0.008391679999999999;0.014550015999999999;0.017533952;0.031427584;0.025151488;0.024040448;0.011907072;0.005932032;0.0046970879999999994;0.0030627840000000003;0.0023674879999999996;0.003014656;0.0024494079999999997;0.001615872;0.001381376;0.0008509440000000001;0.0011735040000000001;0.001731584;0.002951168;0.004469760000000001;0.005480448000000001;0.004862976;0.00359936;0.001555456;0.00118272;0.000847872;0.0010178560000000001;0.001030144;0.00101376;0.000795648;0.0006952960000000001;0.000738304;0.001168384;0.0009943039999999999;0.0005867520000000001;0.000549888;0.0005007359999999999;0.0014376960000000002;0.0018831359999999999;0.000800768;0.000987136;0.001619968;0.0016087039999999999;0.00091648;0.0006184960000000001;0.00052736;0.001152;0.000985088;0.001077248;0.00115712;0.000881664;0.001036288;0.000663552;0.0007772160000000001;0.0006850560000000001;0.000516096;0.000531456;0.000664576;0.0005980159999999999;0.000594944;0.00050688;0.000442368;0.00062976;0.0005324799999999999;0.0006225919999999999;0.0005816320000000001;0.00048742400000000003;0.00040243200000000004;0.0006123519999999999;0.000596992;0.000516096;0.000512
1789476300,hdr,0.0293;0.03906;0.04883;0.05859;0.06836;0.07813;0.08789;0.09766;0.10742;0.11719;0.12695;0.13672;0.14648;0.15625;0.16602;0.17578;0.18555;0.19531;0.20508;0.21484;0.22461;0.23438;0.24414;0.25391;0.26367;0.27344;0.2832;0.29297;0.30273;0.3125;0.32227;0.33203;0.3418;0.35156;0.36133;0.37109;0.38086;0.39063;0.40039;0.41016;0.41992;0.42969;0.43945;0.44922;0.45898;0.46875;0.47852;0.48828;0.49805;0.50781;0.51758;0.52734;0.53711;0.54688;0.55664;0.56641;0.57617;0.58594;0.5957;0.60547;0.61523;0.625;0.63477;0.64453;0.6543;0.66406;0.67383;0.68359;0.69336;0.70313;0.71289;0.72266;0.73242;0.74219;0.75195;0.76172;0.77148;0.78125;0.79102,0.0049653760000000005;0.004734975999999999;0.004484096000000001;0.004712448;0.005063679999999999;0.006045696000000001;0.00484352;0.006319104;0.017700863999999997;0.023917568;0.026412032;0.019017728;0.013550592;0.010014720000000001;0.006736896;0.00392704;0.004104192;0.004268032;0.00207872;0.0011120639999999998;0.0012072959999999998;0.0016230399999999999;0.001702912;0.0012042239999999998;0.000899072;0.001682432;0.001297408;0.00126976;0.001256448;0.0012994559999999998;0.001726464;0.0014735360000000001;0.00162816;0.001040384;0.0009431040000000001;0.00063488;0.000881664;0.0009973760000000001;0.0008366080000000001;0.000774144;0.0009297919999999999;0.001082368;0.0010209280000000002;0.0007280640000000001;0.000642048;0.000791552;0.001238016;0.0009256959999999999;0.00076288;0.0008468480000000001;0.0009359360000000001;0.00108544;0.001050624;0.001185792;0.001082368;0.000715776;0.000745472;0.000758784;0.000730112;0.0007413760000000001;0.0006604799999999999;0.000651264;0.0005632;0.00055296;0.0006277120000000001;0.000555008;0.000521216;0.000654336;0.00042291200000000006;0.000356352;0.00027033600000000004;0.00031744;0.00043110399999999997;0.000490496;0.000345088;0.000366592;0.000632832;0.0006144;0.00045568
1789478100,hdr,0.0293;0.03906;0.04883;0.05859;0.06836;0.07813;0.08789;0.09766;0.10742;0.11719;0.12695;0.13672;0.14648;0.15625;0.16602;0.17578;0.18555;0.19531;0.20508;0.21484;0.22461;0.23438;0.24414;0.25391;0.26367;0.27344;0.2832;0.29297;0.30273;0.3125;0.32227;0.33203;0.3418;0.35156;0.36133;0.37109;0.38086;0.39063;0.40039;0.41016;0.41992;0.42969;0.43945;0.44922;0.45898;0.46875;0.47852;0.48828;0.49805;0.50781;0.51758;0.52734;0.53711;0.54688;0.55664;0.56641;0.57617;0.58594;0.5957;0.60547;0.61523;0.625;0.63477;0.64453;0.6543;0.66406;0.67383;0.68359;0.69336;0.70313;0.71289;0.72266;0.73242;0.74219;0.75195;0.76172;0.77148;0.78125;0.79102,0.00193536;0.002081792;0.005392384;0.0038430719999999995;0.004568063999999999;0.004783103999999999;0.004144128;0.0074004480000000004;0.022813696;0.03641036799999999;0.042726400000000005;0.026126336;0.00956416;0.007655424;0.006948864000000001;0.004030464;0.002589696;0.001854464;0.0020418560000000003;0.003048448;0.002427904;0.00252416;0.0021217280000000002;0.002208768;0.001778688;0.001040384;0.00128;0.001743872;0.0012666880000000002;0.0006696959999999999;0.0005836799999999999;0.000768;0.0011427840000000002;0.000882688;0.000828416;0.000766976;0.0013578239999999999;0.001301504;0.0011212799999999999;0.001466368;0.000953344;0.00075776;0.00044646400000000004;0.000766976;0.0009584639999999999;0.000676864;0.0006891520000000001;0.00039731200000000003;0.00041984;0.000603136;0.000733184;0.00070656;0.000744448;0.000507904;0.000453632;0.000427008;0.00030924800000000003;0.000449536;0.000390144;0.000594944;0.000594944;0.0008069119999999999;0.0009984;0.000827392;0.000790528;0.0005847039999999999;0.0005416959999999999;0.0005816320000000001;0.000499712;0.0007423999999999999;0.00047411199999999995;0.000458752;0.0007096320000000001;0.0009021439999999999;0.000791552;0.000613376;0.0009768959999999999;0.000884736;0.0006277120000000001
1789479000,hdr,0.0293;0.03906;0.04883;0.05859;0.06836;0.07813;0.08789;0.09766;0.10742;0.11719;0.12695;0.13672;0.14648;0.15625;0.16602;0.17578;0.18555;0.19531;0.20508;0.21484;0.22461;0.23438;0.24414;0.25391;0.26367;0.27344;0.2832;0.29297;0.30273;0.3125;0.32227;0.33203;0.3418;0.35156;0.36133;0.37109;0.38086;0.39063;0.40039;0.41016;0.41992;0.42969;0.43945;0.44922;0.45898;0.46875;0.47852;0.48828;0.49805;0.50781;0.51758;0.52734;0.53711;0.54688;0.55664;0.56641;0.57617;0.58594;0.5957;0.60547;0.61523;0.625;0.63477;0.64453;0.6543;0.66406;0.67383;0.68359;0.69336;0.70313;0.71289;0.72266;0.73242;0.74219;0.75195;0.76172;0.77148;0.78125;0.79102,0.0094464;0.01268224;0.008179712;0.009406464;0.008122368;0.007194624;0.004332544000000001;0.004601856;0.014674943999999999;0.028509184;0.03627008;0.027295744;0.012005376;0.0078336;0.006139904;0.005058559999999999;0.003698688;0.00200704;0.0023019520000000003;0.002069504;0.001304576;0.001069056;0.001670144;0.001301504;0.0008458240000000001;0.0014448640000000001;0.0015964160000000002;0.0021534719999999996;0.001656832;0.0011796480000000002;0.001743872;0.001429504;0.0012646399999999998;0.000857088;0.0008867839999999999;0.0007075839999999999;0.000549888;0.0007188480000000001;0.000662528;0.001026048;0.0018442240000000002;0.001512448;0.000831488;0.0007946240000000001;0.001099776;0.0010721279999999999;0.0007936;0.000616448;0.00039936;0.000565248;0.000843776;0.0012605440000000002;0.001847296;0.0013578239999999999;0.0005888;0.0006737919999999999;0.00077312;0.000801792;0.000611328;0.00059392;0.000567296;0.000760832;0.00101376;0.00103936;0.00073216;0.000782336;0.00098816;0.000912384;0.0009912319999999999;0.000606208;0.000549888;0.0005918719999999999;0.000616448;0.0005324799999999999;0.00068608;0.00068608;0.000658432;0.00077312;0.000415744
1789479900,hdr,0.0293;0.03906;0.04883;0.05859;0.06836;0.07813;0.08789;0.09766;0.10742;0.11719;0.12695;0.13672;0.14648;0.15625;0.16602;0.17578;0.18555;0.19531;0.20508;0.21484;0.22461;0.23438;0.24414;0.25391;0.26367;0.27344;0.2832;0.29297;0.30273;0.3125;0.32227;0.33203;0.3418;0.35156;0.36133;0.37109;0.38086;0.39063;0.40039;0.41016;0.41992;0.42969;0.43945;0.44922;0.45898;0.46875;0.47852;0.48828;0.49805;0.50781;0.51758;0.52734;0.53711;0.54688;0.55664;0.56641;0.57617;0.58594;0.5957;0.60547;0.61523;0.625;0.63477;0.64453;0.6543;0.66406;0.67383;0.68359;0.69336;0.70313;0.71289;0.72266;0.73242;0.74219;0.75195;0.76172;0.77148;0.78125;0.79102,0.008629247999999999;0.011481088;0.007171072;0.015972352000000002;0.012253183999999999;0.00329728;0.003032064;0.010318848;0.020446208;0.035682304000000005;0.028675072;0.022383616;0.01417216;0.009424896;0.005195776000000001;0.004632576;0.0034959360000000003;0.003248128;0.002364416;0.001866752;0.001803264;0.0021442559999999998;0.001856512;0.001957888;0.0017192959999999997;0.001238016;0.001729536;0.00187392;0.002072576;0.00218112;0.0018278399999999998;0.001373184;0.0012400640000000001;0.001154048;0.0010291200000000001;0.0007075839999999999;0.00052736;0.000482304;0.0007116799999999999;0.00091136;0.0006737919999999999;0.00090112;0.0007936;0.000912384;0.00100352;0.001088512;0.000826368;0.000623616;0.000858112;0.001065984;0.000760832;0.000516096;0.000616448;0.000514048;0.000524288;0.0005918719999999999;0.000519168;0.000536576;0.000344064;0.000456704;0.00032870400000000003;0.000687104;0.0009216000000000001;0.000888832;0.000659456;0.000538624;0.000738304;0.000809984;0.0010455039999999998;0.001155072;0.0008663039999999999;0.000531456;0.00048025600000000003;0.0005089280000000001;0.0005232639999999998;0.000536576;0.000531456;0.0005304320000000001;0.000516096
1789480800,hdr,0.0293;0.03906;0.04883;0.05859;0.06836;0.07813;0.08789;0.09766;0.10742;0.11719;0.12695;0.13672;0.14648;0.15625;0.16602;0.17578;0.18555;0.19531;0.20508;0.21484;0.22461;0.23438;0.24414;0.25391;0.26367;0.27344;0.2832;0.29297;0.30273;0.3125;0.32227;0.33203;0.3418;0.35156;0.36133;0.37109;0.38086;0.39063;0.40039;0.41016;0.41992;0.42969;0.43945;0.44922;0.45898;0.46875;0.47852;0.48828;0.49805;0.50781;0.51758;0.52734;0.53711;0.54688;0.55664;0.56641;0.57617;0.58594;0.5957;0.60547;0.61523;0.625;0.63477;0.64453;0.6543;0.66406;0.67383;0.68359;0.69336;0.70313;0.71289;0.72266;0.73242;0.74219;0.75195;0.76172;0.77148;0.78125;0.79102,0.004165632;0.0073216;0.00615424;0.005369856000000001;0.008501248;0.008233984;0.007459840000000001;0.004927488000000001;0.008629247999999999;0.017750016;0.02189312;0.025551872;0.0115456;0.005813247999999999;0.0047636480000000005;0.0048209920000000005;0.0034580479999999996;0.002051072;0.002188288;0.001887232;0.001232896;0.000700416;0.00274944;0.003065856;0.0014704639999999999;0.0014919679999999998;0.001430528;0.0017121280000000003;0.001359872;0.001301504;0.001092608;0.001527808;0.002807808;0.002220032;0.0020930559999999994;0.0018841600000000002;0.001672192;0.001913856;0.002419712;0.0020992000000000003;0.0024145919999999997;0.00192;0.001232896;0.001113088;0.0005580800000000001;0.00037068800000000004;0.000664576;0.0005724160000000001;0.000518144;0.000536576;0.000688128;0.000237568;0.00043008000000000006;0.0005601279999999999;0.000449536;0.0006144;0.000451584;0.00043110399999999997;0.00059904;0.0007116799999999999;0.0007393279999999999;0.00084992;0.0005857280000000001;0.000528384;0.0004956159999999999;0.000453632;0.00043724800000000005;0.00024780799999999997;0.00043110399999999997;0.00046489599999999996;0.000497664;0.0005744639999999999;0.000375808;0.000421888;0.000626688;0.00052224;0.000372736;0.000196608;0.000248832
1789481700,hdr,0.0293;0.03906;0.04883;0.05859;0.06836;0.07813;0.08789;0.09766;0.10742;0.11719;0.12695;0.13672;0.14648;0.15625;0.16602;0.17578;0.18555;0.19531;0.20508;0.21484;0.22461;0.23438;0.24414;0.25391;0.26367;0.27344;0.2832;0.29297;0.30273;0.3125;0.32227;0.33203;0.3418;0.35156;0.36133;0.37109;0.38086;0.39063;0.40039;0.41016;0.41992;0.42969;0.43945;0.44922;0.45898;0.46875;0.47852;0.48828;0.49805;0.50781;0.51758;0.52734;0.53711;0.54688;0.55664;0.56641;0.57617;0.58594;0.5957;0.60547;0.61523;0.625;0.63477;0.64453;0.6543;0.66406;0.67383;0.68359;0.69336;0.70313;0.71289;0.72266;0.73242;0.74219;0.75195;0.76172;0.77148;0.78125;0.79102,0.001794048;0.004129792;0.009459712;0.004278272;0.00662528;0.0052469759999999996;0.0018083840000000001;0.009081856;0.01501184;0.030324736;0.038979584000000005;0.031017984;0.017900544;0.0072335360000000005;0.005855232;0.003980288;0.004209664;0.004632576;0.001900544;0.0020756480000000002;0.0022538239999999998;0.0017121280000000003;0.00180736;0.001624064;0.0022231040000000005;0.0022906879999999995;0.0014796800000000001;0.001550336;0.001447936;0.001796096;0.0017643519999999998;0.0009420800000000001;0.001533952;0.001220608;0.001460224;0.001079296;0.001002496;0.0013987840000000001;0.001910784;0.00137728;0.001117184;0.001024;0.000555008;0.000807936;0.000780288;0.000662528;0.000812032;0.000626688;0.00044544;0.000441344;0.000391168;0.000744448;0.0007106559999999999;0.000344064;0.000690176;0.0005816320000000001;0.000566272;0.000647168;0.0006696959999999999;0.000576512;0.0007413760000000001;0.000837632;0.0005632;0.000319488;0.00039219200000000003;0.0006574080000000001;0.00043827199999999997;0.000313344;0.000381952;0.000360448;0.00039423999999999997;0.00036966399999999996;0.00029286400000000005;0.00028569600000000005;0.000382976;0.000308224;0.00024576000000000003;0.00027033600000000004;0.000248832
1789482600,hdr,0.0293;0.03906;0.04883;0.05859;0.06836;0.07813;0.08789;0.09766;0.10742;0.11719;0.12695;0.13672;0.14648;0.15625;0.16602;0.17578;0.18555;0.19531;0.20508;0.21484;0.22461;0.23438;0.24414;0.25391;0.26367;0.27344;0.2832;0.29297;0.30273;0.3125;0.32227;0.33203;0.3418;0.35156;0.36133;0.37109;0.38086;0.39063;0.40039;0.41016;0.41992;0.42969;0.43945;0.44922;0.45898;0.46875;0.47852;0.48828;0.49805;0.50781;0.51758;0.52734;0.53711;0.54688;0.55664;0.56641;0.57617;0.58594;0.5957;0.60547;0.61523;0.625;0.63477;0.64453;0.6543;0.66406;0.67383;0.68359;0.69336;0.70313;0.71289;0.72266;0.73242;0.74219;0.75195;0.76172;0.77148;0.78125;0.79102,0.003232768;0.006137856;0.004038656;0.002164736;0.0069375999999999995;0.0056576000000000005;0.0037683200000000003;0.009024511999999998;0.013341696;0.022085632;0.043272191999999994;0.04476416;0.01824768;0.006413312;0.003531776;0.004835328;0.0038266879999999995;0.0026695679999999998;0.0020357120000000003;0.001969152;0.001301504;0.000963584;0.0008069119999999999;0.001089536;0.001432576;0.0019148799999999999;0.0019773440000000002;0.001139712;0.0010127360000000002;0.001381376;0.001201152;0.0009543679999999999;0.001077248;0.000620544;0.000763904;0.001133568;0.0009359360000000001;0.000779264;0.0009748480000000001;0.000590848;0.0007936;0.00129024;0.001440768;0.0008069119999999999;0.000979968;0.000908288;0.000679936;0.000715776;0.000413696;0.0005099519999999999;0.0006184960000000001;0.000513024;0.000432128;0.000321536;0.000551936;0.000352256;0.000427008;0.0006850560000000001;0.0005099519999999999;0.00047411199999999995;0.000305152;0.00032768;0.000351232;0.00041779199999999995;0.000482304;0.000381952;0.000282624;0.000196608;0.00015564799999999998;0.00021504000000000003;0.00023552000000000002;0.000283648;0.00035942400000000006;0.000376832;0.00036249599999999997;0.000347136;0.00021299199999999998;0.000320512;0.000420864
1789483500,hdr,0.0293;0.03906;0.04883;0.05859;0.06836;0.07813;0.08789;0.09766;0.10742;0.11719;0.12695;0.13672;0.14648;0.15625;0.16602;0.17578;0.18555;0.19531;0.20508;0.21484;0.22461;0.23438;0.24414;0.25391;0.26367;0.27344;0.2832;0.29297;0.30273;0.3125;0.32227;0.33203;0.3418;0.35156;0.36133;0.37109;0.38086;0.39063;0.40039;0.41016;0.41992;0.42969;0.43945;0.44922;0.45898;0.46875;0.47852;0.48828;0.49805;0.50781;0.51758;0.52734;0.53711;0.54688;0.55664;0.56641;0.57617;0.58594;0.5957;0.60547;0.61523;0.625;0.63477;0.64453;0.6543;0.66406;0.67383;0.68359;0.69336;0.70313;0.71289;0.72266;0.73242;0.74219;0.75195;0.76172;0.77148;0.78125;0.79102,0.000917504;0.0014438399999999998;0.0015667199999999997;0.002627584;0.005193728;0.0027852800000000002;0.002131968;0.00685568;0.011006976;0.01274368;0.019274752;0.030974976;0.014616576000000001;0.006462464;0.006524928;0.002951168;0.0037898240000000002;0.00627712;0.003902464;0.001168384;0.001138688;0.001384448;0.001782784;0.0017459199999999998;0.002021376;0.001933312;0.001783808;0.001534976;0.001358848;0.001646592;0.001414144;0.001435648;0.000654336;0.0012165119999999999;0.0010803199999999998;0.001113088;0.000843776;0.0008468480000000001;0.001110016;0.000847872;0.000726016;0.0006993920000000001;0.000674816;0.0006656;0.00092672;0.0009287680000000001;0.000796672;0.000642048;0.0006819840000000001;0.00050688;0.000641024;0.0009144320000000001;0.0008468480000000001;0.00070656;0.000526336;0.000647168;0.000514048;0.000631808;0.0005007359999999999;0.00028569600000000005;0.000277504;0.000350208;0.0003328;0.00030105599999999996;0.00031744;0.00037068800000000004;0.00036864000000000005;0.00040448000000000003;0.00030003200000000004;0.00020172799999999998;0.000161792;0.00014848;0.00021299199999999998;0.00014848;0.000142336;0.000196608;0.00017715200000000003;0.000192512;0.000160768
1789484400,hdr,0.0293;0.03906;0.04883;0.05859;0.06836;0.07813;0.08789;0.09766;0.10742;0.11719;0.12695;0.13672;0.14648;0.15625;0.16602;0.17578;0.18555;0.19531;0.20508;0.21484;0.22461;0.23438;0.24414;0.25391;0.26367;0.27344;0.2832;0.29297;0.30273;0.3125;0.32227;0.33203;0.3418;0.35156;0.36133;0.37109;0.38086;0.39063;0.40039;0.41016;0.41992;0.42969;0.43945;0.44922;0.45898;0.46875;0.47852;0.48828;0.49805;0.50781;0.51758;0.52734;0.53711;0.54688;0.55664;0.56641;0.57617;0.58594;0.5957;0.60547;0.61523;0.625;0.63477;0.64453;0.6543;0.66406;0.67383;0.68359;0.69336;0.70313;0.71289;0.72266;0.73242;0.74219;0.75195;0.76172;0.77148;0.78125;0.79102,0.0012646399999999998;0.0020254720000000004;0.0019650559999999997;0.0013824;0.003207168;0.004527104;0.00556544;0.009752575999999999;0.014143488;0.019831807999999996;0.02926592;0.037945344;0.028628992000000002;0.015972352000000002;0.008419328;0.006024192;0.0031334399999999995;0.0020756480000000002;0.00199168;0.0036352000000000003;0.008180736;0.004091904;0.00195584;0.002356224;0.0030228480000000003;0.0032020480000000003;0.002220032;0.001542144;0.0009041920000000001;0.001117184;0.0014110720000000002;0.0037468159999999996;0.004874240000000001;0.00300544;0.002642944;0.00254464;0.0023132160000000003;0.000857088;0.00090112;0.00115712;0.0008652800000000001;0.0006778880000000001;0.0006850560000000001;0.001159168;0.00104448;0.00033894400000000004;0.0005468159999999999;0.000714752;0.0006737919999999999;0.0008744960000000001;0.000776192;0.0007055360000000001;0.000913408;0.000626688;0.00022528;0.00037478399999999997;0.0005007359999999999;0.000434176;0.00028569600000000005;0.00021504000000000003;0.000325632;0.00034099200000000003;0.00036352;0.000330752;0.000218112;0.00023654400000000002;0.00027033600000000004;0.000316416;0.00030003200000000004;0.00023859199999999998;0.000345088;0.00023859199999999998;0.00016384;0.00017100799999999997;0.00022323200000000002;0.00024576000000000003;0.000191488;0.000207872;0.00010956799999999999
1789485300,hdr,0.0293;0.03906;0.04883;0.05859;0.06836;0.07813;0.08789;0.09766;0.10742;0.11719;0.12695;0.13672;0.14648;0.15625;0.16602;0.17578;0.18555;0.19531;0.20508;0.21484;0.22461;0.23438;0.24414;0.25391;0.26367;0.27344;0.2832;0.29297;0.30273;0.3125;0.32227;0.33203;0.3418;0.35156;0.36133;0.37109;0.38086;0.39063;0.40039;0.41016;0.41992;0.42969;0.43945;0.44922;0.45898;0.46875;0.47852;0.48828;0.49805;0.50781;0.51758;0.52734;0.53711;0.54688;0.55664;0.56641;0.57617;0.58594;0.5957;0.60547;0.61523;0.625;0.63477;0.64453;0.6543;0.66406;0.67383;0.68359;0.69336;0.70313;0.71289;0.72266;0.73242;0.74219;0.75195;0.76172;0.77148;0.78125;0.79102,0.003002368;0.005085184;0.012157952;0.012423168;0.00603136;0.004573184;0.004647936;0.008599552;0.010674175999999999;0.018224128;0.050326528;0.055589888;0.030465024;0.013948928;0.011354112000000001;0.006730752;0.0037437440000000002;0.0038174719999999997;0.003862528;0.0025333760000000004;0.003378176;0.0033024;0.001624064;0.002802688;0.002321408;0.0013199359999999999;0.001024;0.001462272;0.001195008;0.001529856;0.001765376;0.001542144;0.00205312;0.001202176;0.000775168;0.001532928;0.001659904;0.00121344;0.0012083200000000001;0.001391616;0.0012318720000000002;0.000953344;0.000894976;0.00046592000000000004;0.000723968;0.000933888;0.000898048;0.000637952;0.001038336;0.000899072;0.0005232639999999998;0.000979968;0.0015144960000000002;0.002108416;0.001796096;0.000843776;0.0005980159999999999;0.000466944;0.000555008;0.000468992;0.0005099519999999999;0.000551936;0.00047718399999999996;0.000325632;0.000345088;0.00029696;0.00029183999999999997;0.00015564799999999998;0.00013516800000000002;0.000169984;0.000206848;0.00022528;0.000237568;0.000140288;0.00018534400000000002;0.00020889599999999997;0.00016384;0.00011264;0.000136192
1789486200,hdr,0.0293;0.03906;0.04883;0.05859;0.06836;0.07813;0.08789;0.09766;0.10742;0.11719;0.12695;0.13672;0.14648;0.15625;0.16602;0.17578;0.18555;0.19531;0.20508;0.21484;0.22461;0.23438;0.24414;0.25391;0.26367;0.27344;0.2832;0.29297;0.30273;0.3125;0.32227;0.33203;0.3418;0.35156;0.36133;0.37109;0.38086;0.39063;0.40039;0.41016;0.41992;0.42969;0.43945;0.44922;0.45898;0.46875;0.47852;0.48828;0.49805;0.50781;0.51758;0.52734;0.53711;0.54688;0.55664;0.56641;0.57617;0.58594;0.5957;0.60547;0.61523;0.625;0.63477;0.64453;0.6543;0.66406;0.67383;0.68359;0.69336;0.70313;0.71289;0.72266;0.73242;0.74219;0.75195;0.76172;0.77148;0.78125;0.79102,0.010578944;0.013150207999999998;0.009744384;0.014215168;0.015932415999999998;0.010999808;0.007886848;0.014910464;0.012131328;0.01764352;0.030761984;0.040593408;0.019177472;0.012534784;0.008195072;0.007527424;0.006257664;0.005291008;0.0044206079999999995;0.002466816;0.0029880320000000003;0.0023132160000000003;0.001705984;0.001984512;0.001312768;0.001778688;0.001401856;0.0012523519999999998;0.0014704639999999999;0.0013557760000000002;0.00167424;0.00096768;0.000745472;0.0011427840000000002;0.0007495679999999999;0.0008069119999999999;0.000843776;0.0009584639999999999;0.000758784;0.000734208;0.0007464960000000001;0.0006737919999999999;0.00110592;0.0008089600000000001;0.0008704;0.0009758719999999999;0.00108544;0.0014714879999999997;0.001256448;0.0014346239999999998;0.0014172160000000002;0.0010649599999999998;0.000630784;0.00068096;0.0006850560000000001;0.0013475839999999998;0.00085504;0.00039219200000000003;0.00041472;0.00036761599999999997;0.00040243200000000004;0.000371712;0.000658432;0.00042496;0.000352256;0.00034304;0.00037478399999999997;0.000347136;0.00035328;0.00047923199999999995;0.0005724160000000001;0.00032768;0.000241664;0.000259072;0.00030208000000000004;0.000211968;0.000197632;0.000195584;0.00013516800000000002
1789487100,hdr,0.0293;0.03906;0.04883;0.05859;0.06836;0.07813;0.08789;0.09766;0.10742;0.11719;0.12695;0.13672;0.14648;0.15625;0.16602;0.17578;0.18555;0.19531;0.20508;0.21484;0.22461;0.23438;0.24414;0.25391;0.26367;0.27344;0.2832;0.29297;0.30273;0.3125;0.32227;0.33203;0.3418;0.35156;0.36133;0.37109;0.38086;0.39063;0.40039;0.41016;0.41992;0.42969;0.43945;0.44922;0.45898;0.46875;0.47852;0.48828;0.49805;0.50781;0.51758;0.52734;0.53711;0.54688;0.55664;0.56641;0.57617;0.58594;0.5957;0.60547;0.61523;0.625;0.63477;0.64453;0.6543;0.66406;0.67383;0.68359;0.69336;0.70313;0.71289;0.72266;0.73242;0.74219;0.75195;0.76172;0.77148;0.78125;0.79102,0.016311296;0.011873279999999998;0.008945664;0.007508992;0.008311807999999999;0.003324928;0.0032593920000000003;0.007972864;0.011691008;0.015839232;0.043445248;0.060915712;0.048579583999999995;0.024110080000000002;0.012257279999999999;0.00855552;0.005512192;0.004040704;0.003556352;0.0027566080000000002;0.00287744;0.0022394880000000004;0.003305472;0.0030126080000000004;0.0019251199999999998;0.002219008;0.0020582400000000002;0.001548288;0.0009441279999999999;0.001970176;0.001932288;0.001308672;0.001062912;0.0013905920000000002;0.001106944;0.0008069119999999999;0.001227776;0.0012052480000000001;0.000790528;0.0007086080000000001;0.00073216;0.000533504;0.0006021119999999999;0.000723968;0.0009984;0.0012042239999999998;0.0008355839999999999;0.0006850560000000001;0.000549888;0.000790528;0.0010752000000000001;0.001010688;0.00050176;0.0007086080000000001;0.000545792;0.000406528;0.000625664;0.00068608;0.000535552;0.000421888;0.001063936;0.001149952;0.000606208;0.00026623999999999994;0.000319488;0.000263168;0.000314368;0.00033382400000000003;0.00028671999999999997;0.00021913599999999998;0.000244736;0.00021504000000000003;0.000206848;0.000229376;0.00027340799999999994;0.0002816;0.000260096;0.000279552;0.00033689599999999994
1789488000,hdr,0.0293;0.03906;0.04883;0.05859;0.06836;0.07813;0.08789;0.09766;0.10742;0.11719;0.12695;0.13672;0.14648;0.15625;0.16602;0.17578;0.18555;0.19531;0.20508;0.21484;0.22461;0.23438;0.24414;0.25391;0.26367;0.27344;0.2832;0.29297;0.30273;0.3125;0.32227;0.33203;0.3418;0.35156;0.36133;0.37109;0.38086;0.39063;0.40039;0.41016;0.41992;0.42969;0.43945;0.44922;0.45898;0.46875;0.47852;0.48828;0.49805;0.50781;0.51758;0.52734;0.53711;0.54688;0.55664;0.56641;0.57617;0.58594;0.5957;0.60547;0.61523;0.625;0.63477;0.64453;0.6543;0.66406;0.67383;0.68359;0.69336;0.70313;0.71289;0.72266;0.73242;0.74219;0.75195;0.76172;0.77148;0.78125;0.79102,0.008187904;0.011153408000000002;0.009913344000000001;0.01188864;0.008576;0.0034048;0.005521408;0.012700672;0.015044608000000001;0.013143039999999998;0.04156416;0.050622464;0.049284096;0.018948096;0.012519424000000001;0.00708096;0.00433152;0.003813376;0.004140032;0.0029061119999999998;0.002044928;0.0018944;0.0018923520000000001;0.002286592;0.002277376;0.00254464;0.002033664;0.0015063040000000002;0.003274752;0.0033955839999999997;0.0012185600000000003;0.000796672;0.0012359679999999998;0.0014561280000000001;0.00155648;0.0018083840000000001;0.001661952;0.001152;0.0014704639999999999;0.0014878720000000001;0.00109056;0.001313792;0.00090112;0.000617472;0.000989184;0.001202176;0.00064512;0.000922624;0.000913408;0.0006830079999999999;0.000576512;0.00091136;0.0006840319999999999;0.000539648;0.000504832;0.0004956159999999999;0.000452608;0.000452608;0.000676864;0.000630784;0.00040448000000000003;0.000380928;0.00043110399999999997;0.0003584;0.000310272;0.0005304320000000001;0.000763904;0.00050176;0.00048025600000000003;0.000533504;0.0005877759999999999;0.0006696959999999999;0.0007116799999999999;0.000951296;0.0008519679999999999;0.000592896;0.00070656;0.001010688;0.0009144320000000001
1789488900,hdr,0.0293;0.03906;0.04883;0.05859;0.06836;0.07813;0.08789;0.09766;0.10742;0.11719;0.12695;0.13672;0.14648;0.15625;0.16602;0.17578;0.18555;0.19531;0.20508;0.21484;0.22461;0.23438;0.24414;0.25391;0.26367;0.27344;0.2832;0.29297;0.30273;0.3125;0.32227;0.33203;0.3418;0.35156;0.36133;0.37109;0.38086;0.39063;0.40039;0.41016;0.41992;0.42969;0.43945;0.44922;0.45898;0.46875;0.47852;0.48828;0.49805;0.50781;0.51758;0.52734;0.53711;0.54688;0.55664;0.56641;0.57617;0.58594;0.5957;0.60547;0.61523;0.625;0.63477;0.64453;0.6543;0.66406;0.67383;0.68359;0.69336;0.70313;0.71289;0.72266;0.73242;0.74219;0.75195;0.76172;0.77148;0.78125;0.79102,0.009560064;0.018205696;0.019122176;0.013052928;0.01076224;0.007425024;0.006403072;0.017908736;0.016289791999999997;0.016971775999999997;0.024829952;0.038747136;0.053906432000000004;0.025202687999999997;0.0125952;0.007867391999999999;0.004349952;0.003979264;0.002953216;0.0025671680000000003;0.002445312;0.001656832;0.0021534719999999996;0.003581952;0.003554304;0.0017131520000000001;0.002295808;0.0034375680000000002;0.002172928;0.0027156479999999998;0.0032266240000000004;0.002878464;0.002423808;0.001563648;0.001084416;0.001067008;0.001461248;0.0016691199999999998;0.001404928;0.001226752;0.001159168;0.0009431040000000001;0.001031168;0.001396736;0.0013547519999999999;0.0012032;0.000720896;0.000770048;0.00115712;0.000891904;0.0007464960000000001;0.0010496000000000001;0.001118208;0.0013946879999999998;0.001399808;0.0017018880000000001;0.0015063040000000002;0.001011712;0.0009605120000000001;0.0014110720000000002;0.00077824;0.000984064;0.001401856;0.0014233599999999998;0.001358848;0.0012083200000000001;0.00100352;0.001005568;0.001043456;0.001229824;0.0014581759999999998;0.0011509760000000002;0.001333248;0.001414144;0.001856512;0.002373632;0.001302528;0.001687552;0.00230912
1789489800,hdr,0.0293;0.03906;0.04883;0.05859;0.06836;0.07813;0.08789;0.09766;0.10742;0.11719;0.12695;0.13672;0.14648;0.15625;0.16602;0.17578;0.18555;0.19531;0.20508;0.21484;0.22461;0.23438;0.24414;0.25391;0.26367;0.27344;0.2832;0.29297;0.30273;0.3125;0.32227;0.33203;0.3418;0.35156;0.36133;0.37109;0.38086;0.39063;0.40039;0.41016;0.41992;0.42969;0.43945;0.44922;0.45898;0.46875;0.47852;0.48828;0.49805;0.50781;0.51758;0.52734;0.53711;0.54688;0.55664;0.56641;0.57617;0.58594;0.5957;0.60547;0.61523;0.625;0.63477;0.64453;0.6543;0.66406;0.67383;0.68359;0.69336;0.70313;0.71289;0.72266;0.73242;0.74219;0.75195;0.76172;0.77148;0.78125;0.79102,0.005588992;0.012603392;0.018178048;0.012622848;0.009663488;0.0060928;0.00758784;0.011164671999999999;0.013494272000000002;0.024384512000000004;0.04410368;0.05585408;0.032402431999999995;0.022139904000000002;0.011287552;0.0062177280000000005;0.005907456;0.0055582719999999995;0.0032942079999999994;0.002148352;0.0033423359999999996;0.0030330879999999998;0.0025344;0.001795072;0.001686528;0.0024852480000000002;0.002464768;0.0032266240000000004;0.0031559680000000003;0.002118656;0.001661952;0.0024903679999999997;0.0020398079999999997;0.0025856;0.0016906239999999997;0.001307648;0.001304576;0.0015738879999999998;0.0012288;0.0012288;0.0012072959999999998;0.0008089600000000001;0.00082944;0.0012707839999999998;0.001408;0.001277952;0.000910336;0.0006082559999999999;0.001243136;0.000955392;0.001330176;0.0031938559999999997;0.003934208;0.003064832;0.002722816;0.002594816;0.0021862400000000003;0.002306048;0.0033884159999999996;0.0036024319999999996;0.0035706880000000002;0.003110912;0.002766848;0.003355648;0.002601984;0.0022323200000000003;0.002733056;0.0033638400000000003;0.002341888;0.002584576;0.0021944319999999996;0.003162112;0.002231296;0.0014745600000000002;0.0018944;0.001895424;0.0016670720000000001;0.001681408;0.00115712
1789490700,hdr,0.0293;0.03906;0.04883;0.05859;0.06836;0.07813;0.08789;0.09766;0.10742;0.11719;0.12695;0.13672;0.14648;0.15625;0.16602;0.17578;0.18555;0.19531;0.20508;0.21484;0.22461;0.23438;0.24414;0.25391;0.26367;0.27344;0.2832;0.29297;0.30273;0.3125;0.32227;0.33203;0.3418;0.35156;0.36133;0.37109;0.38086;0.39063;0.40039;0.41016;0.41992;0.42969;0.43945;0.44922;0.45898;0.46875;0.47852;0.48828;0.49805;0.50781;0.51758;0.52734;0.53711;0.54688;0.55664;0.56641;0.57617;0.58594;0.5957;0.60547;0.61523;0.625;0.63477;0.64453;0.6543;0.66406;0.67383;0.68359;0.69336;0.70313;0.71289;0.72266;0.73242;0.74219;0.75195;0.76172;0.77148;0.78125;0.79102,0.019151872;0.02614784;0.014613504000000001;0.006560768;0.006281215999999999;0.009114624;0.010569727999999999;0.012747776;0.011981823999999999;0.029124608;0.061453311999999996;0.076243968;0.07646924799999999;0.036227072;0.011408384;0.007156736000000001;0.006376448000000001;0.002818048;0.002958336;0.004236288;0.0038430719999999995;0.002009088;0.0027791359999999998;0.0024463360000000003;0.0021227520000000003;0.004921344;0.006134784;0.003414016;0.004286464;0.00326656;0.0024801280000000003;0.0022476799999999997;0.0037693439999999996;0.003699712;0.0025610240000000003;0.00241152;0.001611776;0.0014561280000000001;0.0011233280000000003;0.00124928;0.001636352;0.00157184;0.0014745600000000002;0.001404928;0.001050624;0.001174528;0.001574912;0.001294336;0.001165312;0.0018012159999999998;0.00196096;0.001922048;0.002236416;0.0028897280000000003;0.0021606399999999997;0.002245632;0.002833408;0.003480576;0.0053411840000000006;0.0075796480000000005;0.005285888;0.0036321279999999997;0.004007936;0.004464640000000001;0.0035471359999999998;0.004094976;0.00338944;0.002961408;0.0019660800000000003;0.0026368000000000003;0.001384448;0.001271808;0.0018257920000000001;0.001455104;0.0013475839999999998;0.001149952;0.000887808;0.0018718720000000001;0.0022528
1789491600,hdr,0.0293;0.03906;0.04883;0.05859;0.06836;0.07813;0.08789;0.09766;0.10742;0.11719;0.12695;0.13672;0.14648;0.15625;0.16602;0.17578;0.18555;0.19531;0.20508;0.21484;0.22461;0.23438;0.24414;0.25391;0.26367;0.27344;0.2832;0.29297;0.30273;0.3125;0.32227;0.33203;0.3418;0.35156;0.36133;0.37109;0.38086;0.39063;0.40039;0.41016;0.41992;0.42969;0.43945;0.44922;0.45898;0.46875;0.47852;0.48828;0.49805;0.50781;0.51758;0.52734;0.53711;0.54688;0.55664;0.56641;0.57617;0.58594;0.5957;0.60547;0.61523;0.625;0.63477;0.64453;0.6543;0.66406;0.67383;0.68359;0.69336;0.70313;0.71289;0.72266;0.73242;0.74219;0.75195;0.76172;0.77148;0.78125;0.79102,0.00481792;0.00555008;0.008222720000000001;0.011421696;0.014567424;0.007939072;0.011529216;0.013893632;0.013621247999999999;0.019784704;0.024054784000000003;0.036819968;0.04607488;0.04675891200000001;0.023891967999999996;0.008083456;0.005935104;0.003675136;0.003351552;0.002813952;0.0021913600000000003;0.003780608;0.003606528;0.002725888;0.002208768;0.00431104;0.004992;0.004001792;0.0035010560000000002;0.005065728;0.0042414079999999995;0.004158464;0.002527232;0.00221184;0.0023050239999999997;0.001846272;0.0012789759999999998;0.0008663039999999999;0.0018800639999999999;0.0019230719999999998;0.001777664;0.001765376;0.000881664;0.0007086080000000001;0.001040384;0.00110592;0.00091648;0.00128512;0.001593344;0.0017203200000000002;0.0018083840000000001;0.002852864;0.0025384959999999995;0.002157568;0.003729408;0.003478528;0.005853183999999999;0.006836223999999999;0.006463488;0.005774336000000001;0.004916224;0.0039700479999999995;0.003874816;0.004845568000000001;0.004057088;0.0034754559999999996;0.0029982719999999997;0.003265536;0.003848192;0.002586624;0.0017090559999999998;0.001504256;0.001944576;0.0023111679999999997;0.002060288;0.001432576;0.001035264;0.0012001280000000002;0.0014581759999999998
1789492500,hdr,0.0293;0.03906;0.04883;0.05859;0.06836;0.07813;0.08789;0.09766;0.10742;0.11719;0.12695;0.13672;0.14648;0.15625;0.16602;0.17578;0.18555;0.19531;0.20508;0.21484;0.22461;0.23438;0.24414;0.25391;0.26367;0.27344;0.2832;0.29297;0.30273;0.3125;0.32227;0.33203;0.3418;0.35156;0.36133;0.37109;0.38086;0.39063;0.40039;0.41016;0.41992;0.42969;0.43945;0.44922;0.45898;0.46875;0.47852;0.48828;0.49805;0.50781;0.51758;0.52734;0.53711;0.54688;0.55664;0.56641;0.57617;0.58594;0.5957;0.60547;0.61523;0.625;0.63477;0.64453;0.6543;0.66406;0.67383;0.68359;0.69336;0.70313;0.71289;0.72266;0.73242;0.74219;0.75195;0.76172;0.77148;0.78125;0.79102,0.008803328000000001;0.013254656;0.008461312;0.008658944;0.017122304;0.011717632;0.009414656;0.008439807999999998;0.007476224;0.016226303999999997;0.03255296;0.056329216;0.10008883199999999;0.063220736;0.019586048;0.007351295999999999;0.007123968;0.004800512000000001;0.004409344;0.0032348159999999997;0.0021442559999999998;0.0032890880000000003;0.0034385919999999994;0.0030914560000000002;0.003598336;0.0025364479999999997;0.002816;0.004407296;0.0026685439999999997;0.003400704;0.003386368;0.0020910079999999997;0.0028620800000000004;0.002443264;0.00214016;0.0016435199999999999;0.00167424;0.0020797439999999997;0.00131072;0.001401856;0.001276928;0.001562624;0.001381376;0.0009431040000000001;0.0008468480000000001;0.0006952960000000001;0.000995328;0.001728512;0.002208768;0.0019230719999999998;0.001159168;0.0014028799999999998;0.002331648;0.00221184;0.001973248;0.003296256;0.003690496;0.002951168;0.0043304960000000005;0.005229568;0.006634496;0.003801088;0.0032532480000000003;0.002948096;0.004496384;0.0030822400000000004;0.0022476799999999997;0.002594816;0.002134016;0.002307072;0.0021248;0.002009088;0.00231424;0.002113536;0.0018216959999999998;0.0017930239999999998;0.001913856;0.0016936960000000002;0.0014704639999999999
1789493400,hdr,0.0293;0.03906;0.04883;0.05859;0.06836;0.07813;0.08789;0.09766;0.10742;0.11719;0.12695;0.13672;0.14648;0.15625;0.16602;0.17578;0.18555;0.19531;0.20508;0.21484;0.22461;0.23438;0.24414;0.25391;0.26367;0.27344;0.2832;0.29297;0.30273;0.3125;0.32227;0.33203;0.3418;0.35156;0.36133;0.37109;0.38086;0.39063;0.40039;0.41016;0.41992;0.42969;0.43945;0.44922;0.45898;0.46875;0.47852;0.48828;0.49805;0.50781;0.51758;0.52734;0.53711;0.54688;0.55664;0.56641;0.57617;0.58594;0.5957;0.60547;0.61523;0.625;0.63477;0.64453;0.6543;0.66406;0.67383;0.68359;0.69336;0.70313;0.71289;0.72266;0.73242;0.74219;0.75195;0.76172;0.77148;0.78125;0.79102,0.007206912;0.010551296;0.009921536;0.011762688;0.00754688;0.006959104000000001;0.00900608;0.010745856;0.018166784;0.036652032;0.05071872;0.099766272;0.15361945600000002;0.084251648;0.027920384;0.008311807999999999;0.007037951999999999;0.006918144;0.006084608;0.0030207999999999997;0.003306496;0.003245056;0.0021299199999999996;0.0020183040000000003;0.0032849919999999996;0.004559872;0.004996095999999999;0.004037632;0.003588096;0.0027975680000000003;0.004011008;0.004516864;0.003176448;0.0022405119999999996;0.002046976;0.0023807999999999998;0.003096576;0.0029460479999999997;0.002066432;0.001214464;0.0014376960000000002;0.001557504;0.0012748800000000002;0.001212416;0.000945152;0.000754688;0.0012646399999999998;0.0016988160000000001;0.0015964160000000002;0.0019537919999999998;0.002420736;0.00336896;0.0028692479999999996;0.003059712;0.005011456;0.003600384;0.00255488;0.002564096;0.003026944;0.005940224;0.003750912;0.00268288;0.00363008;0.004022272;0.003290112;0.0031887359999999997;0.002620416;0.001512448;0.0013219840000000002;0.0014151679999999999;0.0016384000000000001;0.0020746239999999997;0.001486848;0.00145408;0.001721344;0.001184768;0.000812032;0.001343488;0.001680384
1789494300,hdr,0.0293;0.03906;0.04883;0.05859;0.06836;0.07813;0.08789;0.09766;0.10742;0.11719;0.12695;0.13672;0.14648;0.15625;0.16602;0.17578;0.18555;0.19531;0.20508;0.21484;0.22461;0.23438;0.24414;0.25391;0.26367;0.27344;0.2832;0.29297;0.30273;0.3125;0.32227;0.33203;0.3418;0.35156;0.36133;0.37109;0.38086;0.39063;0.40039;0.41016;0.41992;0.42969;0.43945;0.44922;0.45898;0.46875;0.47852;0.48828;0.49805;0.50781;0.51758;0.52734;0.53711;0.54688;0.55664;0.56641;0.57617;0.58594;0.5957;0.60547;0.61523;0.625;0.63477;0.64453;0.6543;0.66406;0.67383;0.68359;0.69336;0.70313;0.71289;0.72266;0.73242;0.74219;0.75195;0.76172;0.77148;0.78125;0.79102,0.00832;0.010212352;0.01229824;0.012777472;0.011500544;0.012508159999999999;0.012024832000000001;0.016761856000000002;0.027401216;0.040785919999999996;0.057869312;0.07448473600000001;0.11863347199999999;0.069178368;0.029724672;0.012888064000000001;0.008832;0.006432768;0.004793344;0.0042496;0.002688;0.0020746239999999997;0.002592768;0.003130368;0.0040243200000000005;0.00482816;0.00541184;0.002813952;0.003047424;0.004139008;0.004851712;0.0037754880000000005;0.0037990400000000005;0.003941376;0.003434496;0.002369536;0.0017039359999999999;0.002275328;0.002158592;0.001975296;0.001570816;0.001337344;0.001212416;0.0015103999999999999;0.0016906239999999997;0.001847296;0.001333248;0.0008704;0.001325056;0.00187904;0.002956288;0.003263488;0.003446784;0.002304;0.00421888;0.003994624;0.004943871999999999;0.003854336;0.003176448;0.003813376;0.00396288;0.003699712;0.0034990079999999996;0.00316416;0.003209216;0.003452928;0.0028416;0.00276992;0.0029593600000000003;0.001754112;0.001329152;0.0016435199999999999;0.001833984;0.00150528;0.0018083840000000001;0.0018083840000000001;0.001575936;0.001490944;0.001174528
1789495200,hdr,0.0293;0.03906;0.04883;0.05859;0.06836;0.07813;0.08789;0.09766;0.10742;0.11719;0.12695;0.13672;0.14648;0.15625;0.16602;0.17578;0.18555;0.19531;0.20508;0.21484;0.22461;0.23438;0.24414;0.25391;0.26367;0.27344;0.2832;0.29297;0.30273;0.3125;0.32227;0.33203;0.3418;0.35156;0.36133;0.37109;0.38086;0.39063;0.40039;0.41016;0.41992;0.42969;0.43945;0.44922;0.45898;0.46875;0.47852;0.48828;0.49805;0.50781;0.51758;0.52734;0.53711;0.54688;0.55664;0.56641;0.57617;0.58594;0.5957;0.60547;0.61523;0.625;0.63477;0.64453;0.6543;0.66406;0.67383;0.68359;0.69336;0.70313;0.71289;0.72266;0.73242;0.74219;0.75195;0.76172;0.77148;0.78125;0.79102,0.012640256;0.020462592;0.017043456;0.016643072000000002;0.015389696;0.008627200000000002;0.007441408;0.018308096;0.03378688;0.056249344;0.07272038399999999;0.079811584;0.0628736;0.05728768;0.045058048;0.021303296;0.010708992;0.004703232;0.004160512;0.004478976000000001;0.003406848;0.0028753920000000005;0.002494464;0.001870848;0.0022906879999999995;0.002612224;0.003446784;0.004127744;0.00532992;0.0030453760000000002;0.003311616;0.004680704000000001;0.0042485760000000004;0.002599936;0.00180224;0.002086912;0.0018196479999999999;0.002332672;0.003309568;0.00307712;0.0024391680000000002;0.002069504;0.00180736;0.0014028799999999998;0.000968704;0.001318912;0.0019169279999999998;0.0026081279999999995;0.003232768;0.002204672;0.002174976;0.0032768000000000003;0.004184064;0.0044103680000000004;0.0029839359999999995;0.002660352;0.003597312;0.00484352;0.003707904;0.004009984;0.004108288;0.0040519679999999995;0.004350976;0.004630528;0.002023424;0.002052096;0.003154944;0.0028917760000000004;0.00327168;0.002174976;0.0019886079999999998;0.0015953919999999997;0.0014653440000000002;0.001209344;0.0016128;0.0022097920000000004;0.001517568;0.0013987840000000001;0.001488896
1789496100,hdr,0.0293;0.03906;0.04883;0.05859;0.06836;0.07813;0.08789;0.09766;0.10742;0.11719;0.12695;0.13672;0.14648;0.15625;0.16602;0.17578;0.18555;0.19531;0.20508;0.21484;0.22461;0.23438;0.24414;0.25391;0.26367;0.27344;0.2832;0.29297;0.30273;0.3125;0.32227;0.33203;0.3418;0.35156;0.36133;0.37109;0.38086;0.39063;0.40039;0.41016;0.41992;0.42969;0.43945;0.44922;0.45898;0.46875;0.47852;0.48828;0.49805;0.50781;0.51758;0.52734;0.53711;0.54688;0.55664;0.56641;0.57617;0.58594;0.5957;0.60547;0.61523;0.625;0.63477;0.64453;0.6543;0.66406;0.67383;0.68359;0.69336;0.70313;0.71289;0.72266;0.73242;0.74219;0.75195;0.76172;0.77148;0.78125;0.79102,0.01020928;0.014324736;0.008229888000000001;0.012761088000000002;0.019712;0.013097984;0.009682944;0.018820095999999998;0.035651584;0.027113472000000003;0.027213824;0.049680384;0.080545792;0.04935168;0.02917888;0.01254912;0.008465407999999999;0.008129536;0.005070848;0.00375296;0.003674112;0.003818496;0.004184064;0.0029859840000000006;0.003460096;0.002801664;0.002960384;0.004767744000000001;0.005430272000000001;0.0030668799999999997;0.003712;0.0046714880000000005;0.0031354879999999996;0.002180096;0.0029470720000000002;0.002279424;0.003521536;0.003972096;0.002833408;0.002855936;0.004957184;0.003709952;0.002445312;0.0017244159999999999;0.0022599680000000002;0.002844672;0.0022937599999999997;0.001765376;0.00245248;0.004258816;0.004282368000000001;0.003750912;0.003693568;0.003298304;0.005688319999999999;0.006371328000000001;0.0079872;0.007861248;0.003439616;0.002045952;0.002609152;0.00246272;0.003716096;0.0039055360000000003;0.004345856;0.0032296959999999998;0.0040366080000000006;0.002661376;0.0020879360000000003;0.002245632;0.00193536;0.0023511039999999997;0.0012308479999999999;0.00137216;0.0016977919999999998;0.0014991359999999999;0.002679808;0.001774592;0.001472512
1789497000,hdr,0.0293;0.03906;0.04883;0.05859;0.06836;0.07813;0.08789;0.09766;0.10742;0.11719;0.12695;0.13672;0.14648;0.15625;0.16602;0.17578;0.18555;0.19531;0.20508;0.21484;0.22461;0.23438;0.24414;0.25391;0.26367;0.27344;0.2832;0.29297;0.30273;0.3125;0.32227;0.33203;0.3418;0.35156;0.36133;0.37109;0.38086;0.39063;0.40039;0.41016;0.41992;0.42969;0.43945;0.44922;0.45898;0.46875;0.47852;0.48828;0.49805;0.50781;0.51758;0.52734;0.53711;0.54688;0.55664;0.56641;0.57617;0.58594;0.5957;0.60547;0.61523;0.625;0.63477;0.64453;0.6543;0.66406;0.67383;0.68359;0.69336;0.70313;0.71289;0.72266;0.73242;0.74219;0.75195;0.76172;0.77148;0.78125;0.79102,0.005099520000000001;0.009414656;0.015281152;0.009060352;0.0054159360000000005;0.006870016;0.010830848;0.011475968000000001;0.012127232;0.033417216;0.059292672000000005;0.093264896;0.070162432;0.05248;0.034132992;0.012270592;0.008902656;0.005901312;0.003720192;0.004158464;0.004959232;0.004534272;0.0036157439999999997;0.00262656;0.003264512;0.003451904;0.00311808;0.0027658239999999996;0.0027105280000000002;0.003454976;0.004406272000000001;0.003610624;0.0047144959999999994;0.005085184;0.0035860479999999997;0.002497536;0.0025825279999999997;0.002195456;0.0017602560000000002;0.0019496960000000001;0.002234368;0.002627584;0.003542016;0.0031897600000000003;0.0035481600000000003;0.003890176;0.0029634559999999997;0.004141056;0.004232192;0.005402624000000001;0.006325248;0.005627904;0.007036928;0.005071872000000001;0.0035850240000000005;0.004047872;0.004590591999999999;0.006319104;0.004303872;0.003406848;0.00323072;0.001917952;0.002455552;0.0030945279999999996;0.0024504320000000002;0.002443264;0.0025210880000000003;0.002530304;0.002936832;0.0037375999999999998;0.0031569919999999995;0.0018687999999999999;0.0019650559999999997;0.0028385280000000003;0.00214016;0.0016179200000000001;0.001692672;0.001414144;0.00138752
1789497900,hdr,0.0293;0.03906;0.04883;0.05859;0.06836;0.07813;0.08789;0.09766;0.10742;0.11719;0.12695;0.13672;0.14648;0.15625;0.16602;0.17578;0.18555;0.19531;0.20508;0.21484;0.22461;0.23438;0.24414;0.25391;0.26367;0.27344;0.2832;0.29297;0.30273;0.3125;0.32227;0.33203;0.3418;0.35156;0.36133;0.37109;0.38086;0.39063;0.40039;0.41016;0.41992;0.42969;0.43945;0.44922;0.45898;0.46875;0.47852;0.48828;0.49805;0.50781;0.51758;0.52734;0.53711;0.54688;0.55664;0.56641;0.57617;0.58594;0.5957;0.60547;0.61523;0.625;0.63477;0.64453;0.6543;0.66406;0.67383;0.68359;0.69336;0.70313;0.71289;0.72266;0.73242;0.74219;0.75195;0.76172;0.77148;0.78125;0.79102,0.006418432;0.015381503999999999;0.012156928;0.006381567999999999;0.00983552;0.012349439999999998;0.009790464;0.015942656;0.032285696;0.05036032;0.049532928;0.041085951999999995;0.05127884800000001;0.04577177600000001;0.026640384000000003;0.015827968;0.009217023999999999;0.006978559999999999;0.005444607999999999;0.004021248;0.003026944;0.0025364479999999997;0.001692672;0.0025528319999999997;0.0020582400000000002;0.00326656;0.0037150720000000003;0.003716096;0.003070976;0.004645888;0.006509568;0.008381439999999999;0.005060608;0.002546688;0.004884479999999999;0.0030535679999999996;0.0030914560000000002;0.004021248;0.004417536;0.0025088;0.004788223999999999;0.004954112;0.003723264;0.003492864;0.005467136;0.005445632;0.003634176;0.005095424;0.005933056;0.006590464;0.007000064;0.006921216;0.00733184;0.005863424;0.004603904000000001;0.004281344;0.0048609280000000005;0.005446656;0.004313088;0.0034611200000000003;0.002316288;0.002660352;0.0026941440000000003;0.0024422399999999996;0.003023872;0.002980864;0.003525632;0.00353792;0.002108416;0.0021288960000000003;0.001959936;0.001882112;0.002089984;0.002622464;0.001970176;0.0021626880000000003;0.0020930559999999994;0.0022968320000000004;0.001714176
1789498800,hdr,0.0293;0.03906;0.04883;0.05859;0.06836;0.07813;0.08789;0.09766;0.10742;0.11719;0.12695;0.13672;0.14648;0.15625;0.16602;0.17578;0.18555;0.19531;0.20508;0.21484;0.22461;0.23438;0.24414;0.25391;0.26367;0.27344;0.2832;0.29297;0.30273;0.3125;0.32227;0.33203;0.3418;0.35156;0.36133;0.37109;0.38086;0.39063;0.40039;0.41016;0.41992;0.42969;0.43945;0.44922;0.45898;0.46875;0.47852;0.48828;0.49805;0.50781;0.51758;0.52734;0.53711;0.54688;0.55664;0.56641;0.57617;0.58594;0.5957;0.60547;0.61523;0.625;0.63477;0.64453;0.6543;0.66406;0.67383;0.68359;0.69336;0.70313;0.71289;0.72266;0.73242;0.74219;0.75195;0.76172;0.77148;0.78125;0.79102,0.00653824;0.008156159999999999;0.013518848;0.016821248;0.014049279999999999;0.006443008;0.006656;0.013277184;0.020096;0.03884544;0.049946624;0.054658048;0.095209472;0.052710400000000004;0.026811392;0.012036096000000001;0.007109632;0.006872064000000001;0.006573056000000001;0.008803328000000001;0.005438464;0.004130816000000001;0.0035123199999999998;0.00290304;0.003006464;0.003557376;0.004319232;0.004905984;0.003572736;0.005409792;0.008375296;0.00493056;0.007120896;0.00533504;0.003429376;0.004500479999999999;0.00363008;0.002850816;0.00323072;0.0027791359999999998;0.003565568;0.004533248;0.004233216;0.006472704000000001;0.0066437119999999995;0.0064512;0.006690816;0.00551936;0.008187904;0.0053411840000000006;0.004525056;0.007427072;0.007088128000000001;0.004197376;0.002596864;0.003749888;0.004901888;0.002753536;0.002654208;0.0032532480000000003;0.002771968;0.0019189760000000002;0.002280448;0.002072576;0.002322432;0.002909184;0.0027351040000000004;0.002267136;0.003175424;0.002663424;0.0026849280000000005;0.001901568;0.001686528;0.002661376;0.003084288;0.0039546880000000005;0.0035645440000000002;0.0030627840000000003;0.001924096
1789499700,hdr,0.0293;0.03906;0.04883;0.05859;0.06836;0.07813;0.08789;0.09766;0.10742;0.11719;0.12695;0.13672;0.14648;0.15625;0.16602;0.17578;0.18555;0.19531;0.20508;0.21484;0.22461;0.23438;0.24414;0.25391;0.26367;0.27344;0.2832;0.29297;0.30273;0.3125;0.32227;0.33203;0.3418;0.35156;0.36133;0.37109;0.38086;0.39063;0.40039;0.41016;0.41992;0.42969;0.43945;0.44922;0.45898;0.46875;0.47852;0.48828;0.49805;0.50781;0.51758;0.52734;0.53711;0.54688;0.55664;0.56641;0.57617;0.58594;0.5957;0.60547;0.61523;0.625;0.63477;0.64453;0.6543;0.66406;0.67383;0.68359;0.69336;0.70313;0.71289;0.72266;0.73242;0.74219;0.75195;0.76172;0.77148;0.78125;0.79102,0.008984576000000001;0.019989504;0.014360576;0.004192256;0.008433664;0.009805824;0.007207936;0.010165248;0.014507008000000002;0.020635648;0.03543449600000001;0.048915455999999996;0.049381376000000005;0.035288064;0.02018816;0.012081152;0.007788544;0.004762624;0.004995072;0.0070522879999999994;0.008621055999999998;0.006337536;0.004037632;0.0028303359999999997;0.002833408;0.004035584;0.003459072;0.00300544;0.00334848;0.003221504;0.003352576;0.0030627840000000003;0.004425728;0.0049582079999999995;0.006350848;0.006705152;0.003803136;0.0033044479999999998;0.004847616;0.0043284479999999995;0.006219776000000001;0.007852032;0.0057948159999999995;0.00482304;0.00800768;0.008873984;0.008577023999999999;0.01468928;0.008383488;0.004959232;0.004118528000000001;0.005467136;0.004128768;0.00408064;0.004598784000000001;0.003910656;0.004528127999999999;0.004222976;0.002308096;0.002577408;0.0024494079999999997;0.002895872;0.003373056;0.003492864;0.001544192;0.002564096;0.0032593920000000003;0.001624064;0.0022353919999999997;0.002622464;0.0028846080000000003;0.002852864;0.0030289920000000003;0.0028897280000000003;0.00290304;0.00249856;0.002586624;0.0024156159999999998;0.0022241279999999997
1789500600,hdr,0.0293;0.03906;0.04883;0.05859;0.06836;0.07813;0.08789;0.09766;0.10742;0.11719;0.12695;0.13672;0.14648;0.15625;0.16602;0.17578;0.18555;0.19531;0.20508;0.21484;0.22461;0.23438;0.24414;0.25391;0.26367;0.27344;0.2832;0.29297;0.30273;0.3125;0.32227;0.33203;0.3418;0.35156;0.36133;0.37109;0.38086;0.39063;0.40039;0.41016;0.41992;0.42969;0.43945;0.44922;0.45898;0.46875;0.47852;0.48828;0.49805;0.50781;0.51758;0.52734;0.53711;0.54688;0.55664;0.56641;0.57617;0.58594;0.5957;0.60547;0.61523;0.625;0.63477;0.64453;0.6543;0.66406;0.67383;0.68359;0.69336;0.70313;0.71289;0.72266;0.73242;0.74219;0.75195;0.76172;0.77148;0.78125;0.79102,0.006258688;0.01188352;0.008658944;0.0063569920000000005;0.011280384;0.010052608;0.0050278400000000004;0.012393471999999999;0.02185728;0.028204032000000004;0.043599872;0.063204352;0.054797312;0.042295296;0.022918144;0.015529984;0.010245120000000002;0.007483392;0.005733376;0.004563968;0.009339904000000001;0.011186175999999999;0.005131264;0.004745216;0.00505344;0.003323904;0.003852288;0.003503104;0.0033372160000000005;0.003295232;0.005028863999999999;0.006595584;0.005426176;0.006331392;0.00514048;0.004294656;0.00431104;0.0043806719999999995;0.004059136;0.0070891520000000005;0.007648256;0.0093696;0.011086848;0.01352192;0.012228608;0.009512959999999999;0.006048768;0.00559616;0.006552576;0.00643072;0.005797888000000001;0.005829632;0.003971072;0.0033310719999999996;0.004482048;0.0032819200000000002;0.002791424;0.0024299520000000004;0.003382272;0.003858432;0.0035235839999999997;0.00221696;0.001409024;0.003152896;0.0032921599999999997;0.001754112;0.002244608;0.002465792;0.003908608;0.003913728;0.003777536;0.002315264;0.001692672;0.0015872;0.001876992;0.0019230719999999998;0.002746368;0.002514944;0.0032358400000000002
1789501500,hdr,0.0293;0.03906;0.04883;0.05859;0.06836;0.07813;0.08789;0.09766;0.10742;0.11719;0.12695;0.13672;0.14648;0.15625;0.16602;0.17578;0.18555;0.19531;0.20508;0.21484;0.22461;0.23438;0.24414;0.25391;0.26367;0.27344;0.2832;0.29297;0.30273;0.3125;0.32227;0.33203;0.3418;0.35156;0.36133;0.37109;0.38086;0.39063;0.40039;0.41016;0.41992;0.42969;0.43945;0.44922;0.45898;0.46875;0.47852;0.48828;0.49805;0.50781;0.51758;0.52734;0.53711;0.54688;0.55664;0.56641;0.57617;0.58594;0.5957;0.60547;0.61523;0.625;0.63477;0.64453;0.6543;0.66406;0.67383;0.68359;0.69336;0.70313;0.71289;0.72266;0.73242;0.74219;0.75195;0.76172;0.77148;0.78125;0.79102,0.004245504000000001;0.012505088;0.01199104;0.008581120000000001;0.013037568000000001;0.009796608;0.008146944;0.010600448;0.017200128000000002;0.025166848000000002;0.024004608;0.042317824000000004;0.06222336;0.041056256;0.026139648;0.015116288;0.0073953280000000005;0.004844544;0.00283136;0.00541696;0.007028736;0.0069324799999999995;0.008693759999999998;0.005971968000000001;0.004217856000000001;0.003646464;0.0037437440000000002;0.005330944;0.0033228800000000003;0.004396032;0.004988928;0.004518912;0.003324928;0.0057200639999999995;0.005961728;0.006500352000000001;0.006437888;0.00533504;0.0030832639999999996;0.005156864;0.006336512;0.007568384;0.010720256;0.015440896;0.011776;0.010488832;0.008556544;0.005988352;0.003835904;0.003683328;0.003945472;0.004563968;0.004540415999999999;0.003032064;0.00336896;0.003656704;0.003777536;0.003915776;0.002558976;0.002654208;0.003272704;0.0029757440000000002;0.003279872;0.0026234879999999998;0.0025456639999999996;0.002588672;0.00229888;0.002476032;0.002823168;0.003340288;0.003055616;0.002932736;0.003516416;0.00384512;0.0036515840000000003;0.0034252799999999997;0.0037345280000000004;0.002424832;0.002771968
1789502400,hdr,0.0293;0.03906;0.04883;0.05859;0.06836;0.07813;0.08789;0.09766;0.10742;0.11719;0.12695;0.13672;0.14648;0.15625;0.16602;0.17578;0.18555;0.19531;0.20508;0.21484;0.22461;0.23438;0.24414;0.25391;0.26367;0.27344;0.2832;0.29297;0.30273;0.3125;0.32227;0.33203;0.3418;0.35156;0.36133;0.37109;0.38086;0.39063;0.40039;0.41016;0.41992;0.42969;0.43945;0.44922;0.45898;0.46875;0.47852;0.48828;0.49805;0.50781;0.51758;0.52734;0.53711;0.54688;0.55664;0.56641;0.57617;0.58594;0.5957;0.60547;0.61523;0.625;0.63477;0.64453;0.6543;0.66406;0.67383;0.68359;0.69336;0.70313;0.71289;0.72266;0.73242;0.74219;0.75195;0.76172;0.77148;0.78125;0.79102,0.005382144;0.008516608;0.00651264;0.00567808;0.012174336000000001;0.010696704;0.0069498879999999996;0.011638784;0.01992704;0.026983424;0.032710656;0.044402687999999996;0.057445376000000006;0.041953279999999996;0.023491584;0.017458176000000002;0.009488384;0.006431744;0.006782976;0.003562496;0.0020858880000000006;0.005302272;0.006053888;0.00538624;0.00503808;0.005300224;0.00246272;0.0026849280000000005;0.004621312;0.0053340160000000005;0.004829183999999999;0.0046868479999999995;0.00533504;0.009816064000000001;0.011571199999999999;0.00662016;0.00648192;0.006122496;0.007880704;0.006729728;0.008436735999999999;0.009027583999999998;0.008175616;0.006736896;0.006864896;0.00392192;0.0045076479999999995;0.004882432;0.0042905600000000006;0.003607552;0.002630656;0.002409472;0.0036352000000000003;0.004232192;0.002028544;0.0017192959999999997;0.002404352;0.002885632;0.002117632;0.002286592;0.002127872;0.0022026240000000002;0.00282624;0.0027156479999999998;0.002618368;0.002185216;0.002803712;0.002197504;0.001618944;0.0017039359999999999;0.00138752;0.001125376;0.0014653440000000002;0.001924096;0.002547712;0.0020930559999999994;0.001536;0.002046976;0.0022640639999999997
1789503300,hdr,0.0293;0.03906;0.04883;0.05859;0.06836;0.07813;0.08789;0.09766;0.10742;0.11719;0.12695;0.13672;0.14648;0.15625;0.16602;0.17578;0.18555;0.19531;0.20508;0.21484;0.22461;0.23438;0.24414;0.25391;0.26367;0.27344;0.2832;0.29297;0.30273;0.3125;0.32227;0.33203;0.3418;0.35156;0.36133;0.37109;0.38086;0.39063;0.40039;0.41016;0.41992;0.42969;0.43945;0.44922;0.45898;0.46875;0.47852;0.48828;0.49805;0.50781;0.51758;0.52734;0.53711;0.54688;0.55664;0.56641;0.57617;0.58594;0.5957;0.60547;0.61523;0.625;0.63477;0.64453;0.6543;0.66406;0.67383;0.68359;0.69336;0.70313;0.71289;0.72266;0.73242;0.74219;0.75195;0.76172;0.77148;0.78125;0.79102,0.008726528;0.012950528000000001;0.006618112;0.006704127999999999;0.005096447999999999;0.0040519679999999995;0.005351424;0.012844032000000002;0.013652992000000001;0.021507072;0.016739328;0.022326272;0.030315520000000002;0.030567424;0.023799808;0.018893823999999997;0.012214271999999998;0.009044992;0.00828416;0.005390335999999999;0.004754432;0.005837824;0.005066752000000001;0.003221504;0.005839871999999999;0.004549632;0.002833408;0.003231744;0.003350528;0.004937728;0.007385088;0.0068096;0.0057088;0.006508544;0.00983552;0.008779776;0.006504448;0.007268352;0.00713216;0.006694912;0.010309632;0.010619904000000001;0.011548672000000001;0.007937024;0.0062054400000000004;0.004518912;0.004378624000000001;0.004224;0.003933184;0.002712576;0.003175424;0.0031488;0.003341312;0.00208896;0.001705984;0.001833984;0.002603008;0.0034365439999999997;0.002873344;0.001429504;0.001180672;0.001519616;0.002304;0.002997248;0.002397184;0.002233344;0.001289216;0.0014233599999999998;0.001840128;0.0018012159999999998;0.0027504639999999998;0.0027013120000000004;0.002425856;0.001593344;0.001572864;0.00238592;0.0015677439999999998;0.0026060799999999998;0.003145728
1789504200,hdr,0.0293;0.03906;0.04883;0.05859;0.06836;0.07813;0.08789;0.09766;0.10742;0.11719;0.12695;0.13672;0.14648;0.15625;0.16602;0.17578;0.18555;0.19531;0.20508;0.21484;0.22461;0.23438;0.24414;0.25391;0.26367;0.27344;0.2832;0.29297;0.30273;0.3125;0.32227;0.33203;0.3418;0.35156;0.36133;0.37109;0.38086;0.39063;0.40039;0.41016;0.41992;0.42969;0.43945;0.44922;0.45898;0.46875;0.47852;0.48828;0.49805;0.50781;0.51758;0.52734;0.53711;0.54688;0.55664;0.56641;0.57617;0.58594;0.5957;0.60547;0.61523;0.625;0.63477;0.64453;0.6543;0.66406;0.67383;0.68359;0.69336;0.70313;0.71289;0.72266;0.73242;0.74219;0.75195;0.76172;0.77148;0.78125;0.79102,0.0054784;0.010862591999999999;0.016474112000000003;0.020542464;0.018144255999999997;0.012123136;0.009167871999999999;0.019995647999999998;0.02428416;0.021706752;0.022548480000000003;0.03378176;0.030531584;0.02909184;0.02030592;0.017836031999999998;0.015501312;0.010379264;0.005321728;0.003951616;0.005369856000000001;0.00502272;0.004641792;0.005093376;0.002855936;0.001447936;0.003966976;0.004323328;0.003248128;0.004586496;0.006074367999999999;0.011365376;0.00797696;0.006504448;0.00464384;0.008844288;0.014528511999999999;0.014173184;0.008982528;0.008978432;0.009409536;0.01204224;0.009162751999999998;0.009104384;0.00906752;0.005927936;0.00528896;0.003396608;0.003510272;0.004552704;0.004232192;0.002192384;0.002659328;0.002820096;0.002226176;0.002659328;0.003054592;0.0028927999999999996;0.002056192;0.00165376;0.000963584;0.00144896;0.002134016;0.0019824639999999998;0.001558528;0.00137216;0.0015656959999999999;0.001380352;0.001073152;0.0013004800000000001;0.0015616000000000002;0.002004992;0.001683456;0.0011489279999999998;0.0015493120000000002;0.001221632;0.001542144;0.002192384;0.0020029439999999996
1789505100,hdr,0.0293;0.03906;0.04883;0.05859;0.06836;0.07813;0.08789;0.09766;0.10742;0.11719;0.12695;0.13672;0.14648;0.15625;0.16602;0.17578;0.18555;0.19531;0.20508;0.21484;0.22461;0.23438;0.24414;0.25391;0.26367;0.27344;0.2832;0.29297;0.30273;0.3125;0.32227;0.33203;0.3418;0.35156;0.36133;0.37109;0.38086;0.39063;0.40039;0.41016;0.41992;0.42969;0.43945;0.44922;0.45898;0.46875;0.47852;0.48828;0.49805;0.50781;0.51758;0.52734;0.53711;0.54688;0.55664;0.56641;0.57617;0.58594;0.5957;0.60547;0.61523;0.625;0.63477;0.64453;0.6543;0.66406;0.67383;0.68359;0.69336;0.70313;0.71289;0.72266;0.73242;0.74219;0.75195;0.76172;0.77148;0.78125;0.79102,0.010458111999999999;0.02250752;0.02376704;0.017163264000000004;0.016831488000000002;0.008745984;0.007248896;0.00891392;0.015291392;0.016586752;0.016274432000000002;0.022201343999999998;0.049478656;0.042377216;0.021395455999999997;0.01623552;0.011248639999999999;0.006039551999999999;0.005197823999999999;0.005522432;0.004463616;0.0031733760000000003;0.002486272;0.002651136;0.003416064;0.0033218559999999998;0.003141632;0.0035010560000000002;0.002173952;0.0036556799999999997;0.0051650559999999995;0.003904512;0.004543488;0.006382591999999999;0.006995968000000001;0.0073728000000000005;0.007313408;0.010688511999999999;0.011157503999999999;0.009911296;0.011578367999999999;0.009522176;0.008400895999999998;0.0067655680000000004;0.003953664;0.003519488;0.005820416;0.004353024;0.003442688;0.002813952;0.0023511039999999997;0.002852864;0.0027023359999999996;0.002014208;0.002403328;0.0020418560000000003;0.001098752;0.0012032;0.001865728;0.0009472;0.001560576;0.0018360320000000002;0.0014110720000000002;0.0016650240000000002;0.001800192;0.001958912;0.001605632;0.001055744;0.001564672;0.002147328;0.00153088;0.0016384000000000001;0.001362944;0.000953344;0.001271808;0.001837056;0.0017725439999999998;0.001934336;0.001626112
1789506000,hdr,0.0293;0.03906;0.04883;0.05859;0.06836;0.07813;0.08789;0.09766;0.10742;0.11719;0.12695;0.13672;0.14648;0.15625;0.16602;0.17578;0.18555;0.19531;0.20508;0.21484;0.22461;0.23438;0.24414;0.25391;0.26367;0.27344;0.2832;0.29297;0.30273;0.3125;0.32227;0.33203;0.3418;0.35156;0.36133;0.37109;0.38086;0.39063;0.40039;0.41016;0.41992;0.42969;0.43945;0.44922;0.45898;0.46875;0.47852;0.48828;0.49805;0.50781;0.51758;0.52734;0.53711;0.54688;0.55664;0.56641;0.57617;0.58594;0.5957;0.60547;0.61523;0.625;0.63477;0.64453;0.6543;0.66406;0.67383;0.68359;0.69336;0.70313;0.71289;0.72266;0.73242;0.74219;0.75195;0.76172;0.77148;0.78125;0.79102,0.017835008;0.017217536;0.018280448;0.017219584000000003;0.01754624;0.011798527999999999;0.010060800000000002;0.017733632000000003;0.023445504000000002;0.017594368;0.025474048;0.025419775999999998;0.016393216;0.017677312;0.014468096;0.011793408;0.012823552;0.006639616;0.0055408639999999995;0.00480768;0.002768896;0.002522112;0.003026944;0.00400384;0.003946496;0.0028272640000000003;0.00285696;0.0023459839999999997;0.002469888;0.002864128;0.003566592;0.002610176;0.004246527999999999;0.009432064;0.01070592;0.00906752;0.011183104;0.007803904;0.008858624000000002;0.0069273600000000005;0.007995392;0.0076615680000000005;0.003926016;0.004590591999999999;0.004753408000000001;0.0045373440000000004;0.0033423359999999996;0.0018237440000000002;0.001911808;0.002219008;0.001078272;0.002413568;0.001983488;0.001937408;0.0025374720000000003;0.003290112;0.0023275519999999997;0.001251328;0.001317888;0.002089984;0.0019712;0.001529856;0.001956864;0.001818624;0.001583104;0.000933888;0.0010946560000000003;0.001096704;0.0010680320000000002;0.0009768959999999999;0.001220608;0.001816576;0.0026644480000000003;0.002056192;0.00193024;0.001714176;0.001011712;0.001267712;0.0013209599999999997
1789506900,hdr,0.0293;0.03906;0.04883;0.05859;0.06836;0.07813;0.08789;0.09766;0.10742;0.11719;0.12695;0.13672;0.14648;0.15625;0.16602;0.17578;0.18555;0.19531;0.20508;0.21484;0.22461;0.23438;0.24414;0.25391;0.26367;0.27344;0.2832;0.29297;0.30273;0.3125;0.32227;0.33203;0.3418;0.35156;0.36133;0.37109;0.38086;0.39063;0.40039;0.41016;0.41992;0.42969;0.43945;0.44922;0.45898;0.46875;0.47852;0.48828;0.49805;0.50781;0.51758;0.52734;0.53711;0.54688;0.55664;0.56641;0.57617;0.58594;0.5957;0.60547;0.61523;0.625;0.63477;0.64453;0.6543;0.66406;0.67383;0.68359;0.69336;0.70313;0.71289;0.72266;0.73242;0.74219;0.75195;0.76172;0.77148;0.78125;0.79102,0.0062279679999999995;0.016090112;0.009573376;0.012249088;0.008417280000000001;0.006825984;0.008348672;0.011998208;0.0161792;0.022633472;0.016990208;0.013965312000000002;0.020156416;0.020602879999999997;0.019056640000000003;0.012449792000000001;0.007694336;0.007215104;0.005064704;0.003141632;0.00413696;0.004564992;0.0045199360000000004;0.0026849280000000005;0.0026480640000000003;0.003080192;0.0024852480000000002;0.002008064;0.002183168;0.001903616;0.0025262080000000003;0.0038717440000000003;0.006300671999999999;0.007327744;0.006756352;0.006536192;0.0066959359999999996;0.005410816;0.005994496;0.007317504;0.007201792;0.006151168;0.0045373440000000004;0.0035348480000000006;0.0034713599999999997;0.0023674879999999996;0.001833984;0.003001344;0.002893824;0.002328576;0.001998848;0.0019394560000000002;0.002341888;0.002689024;0.0022712319999999998;0.001906688;0.0019660800000000003;0.001957888;0.00192;0.0014172160000000002;0.00082944;0.0009216000000000001;0.0008355839999999999;0.001282048;0.0010475520000000002;0.00067072;0.000648192;0.0010475520000000002;0.001055744;0.001337344;0.001400832;0.0013312;0.000869376;0.000775168;0.00090112;0.000768;0.000898048;0.001106944;0.0012451839999999999
1789507800,hdr,0.0293;0.03906;0.04883;0.05859;0.06836;0.07813;0.08789;0.09766;0.10742;0.11719;0.12695;0.13672;0.14648;0.15625;0.16602;0.17578;0.18555;0.19531;0.20508;0.21484;0.22461;0.23438;0.24414;0.25391;0.26367;0.27344;0.2832;0.29297;0.30273;0.3125;0.32227;0.33203;0.3418;0.35156;0.36133;0.37109;0.38086;0.39063;0.40039;0.41016;0.41992;0.42969;0.43945;0.44922;0.45898;0.46875;0.47852;0.48828;0.49805;0.50781;0.51758;0.52734;0.53711;0.54688;0.55664;0.56641;0.57617;0.58594;0.5957;0.60547;0.61523;0.625;0.63477;0.64453;0.6543;0.66406;0.67383;0.68359;0.69336;0.70313;0.71289;0.72266;0.73242;0.74219;0.75195;0.76172;0.77148;0.78125;0.79102,0.00646144;0.009757696;0.007489536;0.01064448;0.020714496;0.010433536;0.0038420480000000003;0.009353216000000001;0.013476864000000002;0.016922624;0.015409152;0.012661759999999998;0.013948928;0.015447039999999999;0.01933824;0.021620736;0.012521472;0.007334912;0.004856831999999999;0.0051722240000000004;0.004616192;0.0046469120000000004;0.003369984;0.001670144;0.0021606399999999997;0.003171328;0.0035788799999999996;0.002992128;0.002835456;0.0031815679999999996;0.002722816;0.002982912;0.003740672;0.0044288;0.0035450879999999996;0.004551680000000001;0.007819264;0.009645056;0.011226112000000002;0.008003584;0.009264127999999998;0.008474624;0.0056576000000000005;0.003209216;0.002704384;0.002816;0.0018575360000000001;0.002003968;0.0018687999999999999;0.0017408;0.001564672;0.0014991359999999999;0.001913856;0.001480704;0.000965632;0.0012646399999999998;0.000924672;0.0009584639999999999;0.000965632;0.0013035520000000001;0.0011161600000000002;0.000805888;0.0006144;0.0005888;0.0007219199999999999;0.0005877759999999999;0.000661504;0.0009400319999999999;0.000868352;0.0008366080000000001;0.000867328;0.000687104;0.000782336;0.0010516479999999999;0.000740352;0.0007096320000000001;0.000514048;0.0009943039999999999;0.00118272
1789508700,hdr,0.0293;0.03906;0.04883;0.05859;0.06836;0.07813;0.08789;0.09766;0.10742;0.11719;0.12695;0.13672;0.14648;0.15625;0.16602;0.17578;0.18555;0.19531;0.20508;0.21484;0.22461;0.23438;0.24414;0.25391;0.26367;0.27344;0.2832;0.29297;0.30273;0.3125;0.32227;0.33203;0.3418;0.35156;0.36133;0.37109;0.38086;0.39063;0.40039;0.41016;0.41992;0.42969;0.43945;0.44922;0.45898;0.46875;0.47852;0.48828;0.49805;0.50781;0.51758;0.52734;0.53711;0.54688;0.55664;0.56641;0.57617;0.58594;0.5957;0.60547;0.61523;0.625;0.63477;0.64453;0.6543;0.66406;0.67383;0.68359;0.69336;0.70313;0.71289;0.72266;0.73242;0.74219;0.75195;0.76172;0.77148;0.78125;0.79102,0.010814464;0.014979072;0.0077639679999999996;0.00603136;0.011865088;0.006683648;0.00467968;0.008271872;0.010093567999999999;0.01152512;0.013072384;0.012379136;0.014726144;0.023400448;0.017303552;0.013144064;0.013842432;0.005369856000000001;0.003378176;0.004624384;0.004368384;0.003607552;0.002791424;0.002110464;0.001989632;0.002361344;0.003969024;0.003245056;0.0034488319999999998;0.003068928;0.003470336;0.003291136;0.002863104;0.003924992;0.004933632;0.006233088;0.009506816000000001;0.009138176;0.010242048;0.009048064;0.007154688;0.0069375999999999995;0.006059008000000001;0.004551680000000001;0.003726336;0.0029839359999999995;0.0030033919999999997;0.002304;0.00195072;0.0015667199999999997;0.00162816;0.0015267839999999998;0.0022538239999999998;0.001936384;0.001826816;0.002368512;0.001902592;0.001359872;0.0012165119999999999;0.00145408;0.001496064;0.001088512;0.0010936319999999998;0.001134592;0.00080384;0.0011048960000000002;0.00075264;0.0007557120000000001;0.001222656;0.001158144;0.001327104;0.001307648;0.000805888;0.000758784;0.000756736;0.001143808;0.001584128;0.002082816;0.0020654080000000003
1789509600,hdr,0.0293;0.03906;0.04883;0.05859;0.06836;0.07813;0.08789;0.09766;0.10742;0.11719;0.12695;0.13672;0.14648;0.15625;0.16602;0.17578;0.18555;0.19531;0.20508;0.21484;0.22461;0.23438;0.24414;0.25391;0.26367;0.27344;0.2832;0.29297;0.30273;0.3125;0.32227;0.33203;0.3418;0.35156;0.36133;0.37109;0.38086;0.39063;0.40039;0.41016;0.41992;0.42969;0.43945;0.44922;0.45898;0.46875;0.47852;0.48828;0.49805;0.50781;0.51758;0.52734;0.53711;0.54688;0.55664;0.56641;0.57617;0.58594;0.5957;0.60547;0.61523;0.625;0.63477;0.64453;0.6543;0.66406;0.67383;0.68359;0.69336;0.70313;0.71289;0.72266;0.73242;0.74219;0.75195;0.76172;0.77148;0.78125;0.79102,0.005379072;0.0049858559999999994;0.00531456;0.008297472000000002;0.012669952000000002;0.013133824;0.012128256;0.023144448;0.026590207999999997;0.016014336;0.013956096000000001;0.013136896;0.006924288;0.010859520000000001;0.014502912;0.013703168;0.010220544;0.008803328000000001;0.008267776;0.0072560640000000004;0.005449728;0.003237888;0.0033382399999999997;0.00274944;0.0027791359999999998;0.002451456;0.003263488;0.004200447999999999;0.003900416;0.0025989119999999997;0.0024371200000000005;0.00246272;0.002601984;0.00375296;0.00472576;0.006187008;0.004332544000000001;0.005315584000000001;0.006019072;0.005404671999999999;0.004890624;0.005594112;0.0055552;0.0046592;0.006898688;0.0050677759999999995;0.002704384;0.001849344;0.0006819840000000001;0.001329152;0.00107008;0.0009256959999999999;0.0010752000000000001;0.001168384;0.0011120639999999998;0.000779264;0.0008355839999999999;0.001058816;0.001077248;0.0007946240000000001;0.0006912;0.000613376;0.00059904;0.00031232;0.00042803200000000007;0.00036352;0.00039423999999999997;0.0006676480000000001;0.000668672;0.0008867839999999999;0.001096704;0.000963584;0.000816128;0.00162816;0.001403904;0.001002496;0.0013352960000000001;0.0011284479999999998;0.00129024
1789510500,hdr,0.0293;0.03906;0.04883;0.05859;0.06836;0.07813;0.08789;0.09766;0.10742;0.11719;0.12695;0.13672;0.14648;0.15625;0.16602;0.17578;0.18555;0.19531;0.20508;0.21484;0.22461;0.23438;0.24414;0.25391;0.26367;0.27344;0.2832;0.29297;0.30273;0.3125;0.32227;0.33203;0.3418;0.35156;0.36133;0.37109;0.38086;0.39063;0.40039;0.41016;0.41992;0.42969;0.43945;0.44922;0.45898;0.46875;0.47852;0.48828;0.49805;0.50781;0.51758;0.52734;0.53711;0.54688;0.55664;0.56641;0.57617;0.58594;0.5957;0.60547;0.61523;0.625;0.63477;0.64453;0.6543;0.66406;0.67383;0.68359;0.69336;0.70313;0.71289;0.72266;0.73242;0.74219;0.75195;0.76172;0.77148;0.78125;0.79102,0.002183168;0.005143552;0.007140352;0.007460863999999999;0.0060139519999999995;0.004941824000000001;0.007566335999999999;0.011210752;0.007960576;0.011838464;0.013099008;0.011232256;0.011629568000000002;0.016402432;0.01742336;0.011813888000000002;0.009439232;0.00836608;0.005932032;0.005451776;0.002961408;0.002584576;0.004395008;0.0022732800000000004;0.0024903679999999997;0.0030443519999999997;0.0025978880000000005;0.002341888;0.0020121600000000003;0.003667968;0.0037386240000000003;0.0024494079999999997;0.0029255680000000004;0.0035481600000000003;0.0035235839999999997;0.006709247999999999;0.0067184639999999995;0.004649983999999999;0.004688896;0.00587776;0.0046991360000000005;0.004652032;0.005146624;0.00433152;0.0042035200000000005;0.0037693439999999996;0.004141056;0.002770944;0.0015390719999999998;0.002081792;0.002143232;0.001152;0.001092608;0.000871424;0.000625664;0.000932864;0.000923648;0.001040384;0.001374208;0.001364992;0.001005568;0.0009768959999999999;0.0006184960000000001;0.001022976;0.000801792;0.000861184;0.001209344;0.0015513600000000001;0.001905664;0.000963584;0.0011048960000000002;0.0010649599999999998;0.001071104;0.0013926400000000001;0.001792;0.001611776;0.0013393919999999998;0.0014653440000000002;0.00137728
1789511400,hdr,0.0293;0.03906;0.04883;0.05859;0.06836;0.07813;0.08789;0.09766;0.10742;0.11719;0.12695;0.13672;0.14648;0.15625;0.16602;0.17578;0.18555;0.19531;0.20508;0.21484;0.22461;0.23438;0.24414;0.25391;0.26367;0.27344;0.2832;0.29297;0.30273;0.3125;0.32227;0.33203;0.3418;0.35156;0.36133;0.37109;0.38086;0.39063;0.40039;0.41016;0.41992;0.42969;0.43945;0.44922;0.45898;0.46875;0.47852;0.48828;0.49805;0.50781;0.51758;0.52734;0.53711;0.54688;0.55664;0.56641;0.57617;0.58594;0.5957;0.60547;0.61523;0.625;0.63477;0.64453;0.6543;0.66406;0.67383;0.68359;0.69336;0.70313;0.71289;0.72266;0.73242;0.74219;0.75195;0.76172;0.77148;0.78125;0.79102,0.0029982719999999997;0.0030412800000000004;0.0034334720000000003;0.006027264;0.013758464;0.013229056000000001;0.009489408;0.005237759999999999;0.011048959999999998;0.012601343999999999;0.009791488;0.011029503999999999;0.011327488000000002;0.01055232;0.014307328;0.017453056;0.012005376;0.007456768;0.006109184;0.004063232;0.00371712;0.0032276479999999996;0.003282944;0.005199872;0.0034406400000000005;0.0025917439999999996;0.0027136;0.003248128;0.003915776;0.0045056;0.00414208;0.0026849280000000005;0.002956288;0.0027361279999999996;0.002496512;0.002823168;0.003529728;0.003931136;0.004198400000000001;0.00507392;0.0043980799999999995;0.004048896000000001;0.004150272;0.00405504;0.0035061759999999997;0.003016704;0.002177024;0.0017602560000000002;0.001250304;0.001201152;0.0013690880000000003;0.001316864;0.0013424640000000002;0.001032192;0.0011120639999999998;0.0009482239999999999;0.000905216;0.000632832;0.000730112;0.000903168;0.0008867839999999999;0.000671744;0.000748544;0.000731136;0.0007495679999999999;0.00081408;0.000888832;0.000989184;0.000864256;0.000912384;0.0010209280000000002;0.000637952;0.000787456;0.001333248;0.0012462080000000002;0.0009041920000000001;0.000796672;0.0016609279999999999;0.001731584
1789512300,hdr,0.0293;0.03906;0.04883;0.05859;0.06836;0.07813;0.08789;0.09766;0.10742;0.11719;0.12695;0.13672;0.14648;0.15625;0.16602;0.17578;0.18555;0.19531;0.20508;0.21484;0.22461;0.23438;0.24414;0.25391;0.26367;0.27344;0.2832;0.29297;0.30273;0.3125;0.32227;0.33203;0.3418;0.35156;0.36133;0.37109;0.38086;0.39063;0.40039;0.41016;0.41992;0.42969;0.43945;0.44922;0.45898;0.46875;0.47852;0.48828;0.49805;0.50781;0.51758;0.52734;0.53711;0.54688;0.55664;0.56641;0.57617;0.58594;0.5957;0.60547;0.61523;0.625;0.63477;0.64453;0.6543;0.66406;0.67383;0.68359;0.69336;0.70313;0.71289;0.72266;0.73242;0.74219;0.75195;0.76172;0.77148;0.78125;0.79102,0.004447232;0.008928255999999999;0.0067205120000000005;0.008820736000000001;0.016784384;0.007353344;0.003279872;0.012653567999999999;0.018227200000000002;0.013635584;0.007555072;0.011620352;0.00929792;0.0096256;0.016444416;0.014670848;0.014039040000000001;0.009696255999999999;0.007041024000000001;0.004518912;0.00254464;0.002179072;0.002932736;0.00236032;0.001416192;0.003429376;0.003110912;0.00340992;0.003236864;0.0021217280000000002;0.001649664;0.002374656;0.00261632;0.002276352;0.00285696;0.00369152;0.004006912;0.004317184;0.004117504;0.003464192;0.006682624;0.007611392000000001;0.004673536;0.00356352;0.002579456;0.0016732160000000002;0.0023429120000000004;0.00203264;0.0014653440000000002;0.001147904;0.000852992;0.0007884799999999999;0.0013639680000000001;0.001158144;0.0007976959999999999;0.000596992;0.00047820800000000004;0.0006676480000000001;0.0008325120000000001;0.00081408;0.0008212479999999999;0.000748544;0.000924672;0.00119296;0.0009318400000000001;0.000963584;0.0010516479999999999;0.0010946560000000003;0.001004544;0.0008519679999999999;0.001087488;0.001077248;0.001033216;0.000949248;0.001057792;0.001098752;0.0009830400000000001;0.001206272;0.0012400640000000001
1789513200,hdr,0.0293;0.03906;0.04883;0.05859;0.06836;0.07813;0.08789;0.09766;0.10742;0.11719;0.12695;0.13672;0.14648;0.15625;0.16602;0.17578;0.18555;0.19531;0.20508;0.21484;0.22461;0.23438;0.24414;0.25391;0.26367;0.27344;0.2832;0.29297;0.30273;0.3125;0.32227;0.33203;0.3418;0.35156;0.36133;0.37109;0.38086;0.39063;0.40039;0.41016;0.41992;0.42969;0.43945;0.44922;0.45898;0.46875;0.47852;0.48828;0.49805;0.50781;0.51758;0.52734;0.53711;0.54688;0.55664;0.56641;0.57617;0.58594;0.5957;0.60547;0.61523;0.625;0.63477;0.64453;0.6543;0.66406;0.67383;0.68359;0.69336;0.70313;0.71289;0.72266;0.73242;0.74219;0.75195;0.76172;0.77148;0.78125;0.79102,0.00408576;0.00997888;0.007481344;0.007003135999999999;0.012394496000000001;0.011846655999999999;0.012184575999999999;0.017032191999999998;0.011547648;0.009698304;0.0063232;0.009346048;0.014328832;0.014835712;0.011969536;0.011098112;0.009597952;0.007796736;0.007939072;0.008199168;0.004663296;0.002229248;0.001634304;0.001325056;0.0021248;0.00238592;0.001900544;0.002295808;0.003301376;0.002868224;0.002572288;0.0024371200000000005;0.003211264;0.003874816;0.0028999679999999997;0.004549632;0.00435712;0.0054558720000000005;0.00507904;0.00318464;0.0038840320000000004;0.002742272;0.0024791039999999998;0.00325632;0.002402304;0.002055168;0.002044928;0.001928192;0.000951296;0.000965632;0.001226752;0.0011161600000000002;0.0011601919999999998;0.001232896;0.0016168960000000003;0.0012625919999999999;0.000750592;0.000899072;0.001002496;0.001250304;0.001097728;0.000825344;0.0011243520000000001;0.001199104;0.000966656;0.0008192000000000001;0.001729536;0.001742848;0.00171008;0.001695744;0.0012165119999999999;0.0010752000000000001;0.0009400319999999999;0.000827392;0.001062912;0.000912384;0.000813056;0.000979968;0.0012912639999999999
1789514100,hdr,0.0293;0.03906;0.04883;0.05859;0.06836;0.07813;0.08789;0.09766;0.10742;0.11719;0.12695;0.13672;0.14648;0.15625;0.16602;0.17578;0.18555;0.19531;0.20508;0.21484;0.22461;0.23438;0.24414;0.25391;0.26367;0.27344;0.2832;0.29297;0.30273;0.3125;0.32227;0.33203;0.3418;0.35156;0.36133;0.37109;0.38086;0.39063;0.40039;0.41016;0.41992;0.42969;0.43945;0.44922;0.45898;0.46875;0.47852;0.48828;0.49805;0.50781;0.51758;0.52734;0.53711;0.54688;0.55664;0.56641;0.57617;0.58594;0.5957;0.60547;0.61523;0.625;0.63477;0.64453;0.6543;0.66406;0.67383;0.68359;0.69336;0.70313;0.71289;0.72266;0.73242;0.74219;0.75195;0.76172;0.77148;0.78125;0.79102,0.005016576;0.017496064000000002;0.012439552000000001;0.004260864;0.009931776;0.008297472000000002;0.003687424;0.004800512000000001;0.013643776000000002;0.019786752;0.012016640000000002;0.00897536;0.008876032;0.009443327999999999;0.012394496000000001;0.011108352;0.007939072;0.007422976;0.004639744;0.0042137599999999996;0.0068106239999999995;0.002859008;0.002803712;0.0019189760000000002;0.00230912;0.0026480640000000003;0.002076672;0.002425856;0.0024852480000000002;0.002277376;0.002881536;0.0022272;0.002637824;0.002245632;0.0024903679999999997;0.003557376;0.00498176;0.004282368000000001;0.002134016;0.001778688;0.00237056;0.002706432;0.0025118719999999996;0.002052096;0.001486848;0.001685504;0.001527808;0.0013608960000000001;0.0012605440000000002;0.000679936;0.00062976;0.0009482239999999999;0.001247232;0.000847872;0.001052672;0.0010598399999999998;0.0010752000000000001;0.0010455039999999998;0.000828416;0.000756736;0.000970752;0.001227776;0.0008765439999999999;0.001010688;0.000753664;0.000676864;0.000919552;0.000743424;0.000740352;0.000671744;0.000779264;0.001222656;0.001118208;0.000873472;0.000536576;0.00039423999999999997;0.0007096320000000001;0.0009021439999999999;0.000756736
1789515000,hdr,0.0293;0.03906;0.04883;0.05859;0.06836;0.07813;0.08789;0.09766;0.10742;0.11719;0.12695;0.13672;0.14648;0.15625;0.16602;0.17578;0.18555;0.19531;0.20508;0.21484;0.22461;0.23438;0.24414;0.25391;0.26367;0.27344;0.2832;0.29297;0.30273;0.3125;0.32227;0.33203;0.3418;0.35156;0.36133;0.37109;0.38086;0.39063;0.40039;0.41016;0.41992;0.42969;0.43945;0.44922;0.45898;0.46875;0.47852;0.48828;0.49805;0.50781;0.51758;0.52734;0.53711;0.54688;0.55664;0.56641;0.57617;0.58594;0.5957;0.60547;0.61523;0.625;0.63477;0.64453;0.6543;0.66406;0.67383;0.68359;0.69336;0.70313;0.71289;0.72266;0.73242;0.74219;0.75195;0.76172;0.77148;0.78125;0.79102,0.006870016;0.01591296;0.014994431999999999;0.010966016;0.009838592;0.01220608;0.007392256;0.01031168;0.019028991999999998;0.013995008;0.009014272;0.00360448;0.00547328;0.006801408;0.007440384;0.007748608000000001;0.008651776;0.008359936;0.009594879999999998;0.005650432;0.003076096;0.003267584;0.003154944;0.004035584;0.004012032;0.003130368;0.002646016;0.00325632;0.003365888;0.003857408;0.003644416;0.002034688;0.0015472639999999998;0.0023807999999999998;0.0028221440000000004;0.003274752;0.00280064;0.002581504;0.00237056;0.0015953919999999997;0.002173952;0.002873344;0.002267136;0.002130944;0.0018974719999999999;0.0023111679999999997;0.001531904;0.000907264;0.000758784;0.0008366080000000001;0.00104448;0.0009738240000000001;0.000877568;0.000579584;0.000625664;0.00059392;0.0005744639999999999;0.000950272;0.001409024;0.0009748480000000001;0.0010762240000000002;0.0010833919999999999;0.000740352;0.0008744960000000001;0.00119808;0.0009748480000000001;0.00041472;0.000545792;0.000515072;0.000457728;0.00035532799999999997;0.00037785600000000004;0.000400384;0.000398336;0.00050688;0.00047820800000000004;0.000331776;0.000494592;0.0007096320000000001
1789515900,hdr,0.0293;0.03906;0.04883;0.05859;0.06836;0.07813;0.08789;0.09766;0.10742;0.11719;0.12695;0.13672;0.14648;0.15625;0.16602;0.17578;0.18555;0.19531;0.20508;0.21484;0.22461;0.23438;0.24414;0.25391;0.26367;0.27344;0.2832;0.29297;0.30273;0.3125;0.32227;0.33203;0.3418;0.35156;0.36133;0.37109;0.38086;0.39063;0.40039;0.41016;0.41992;0.42969;0.43945;0.44922;0.45898;0.46875;0.47852;0.48828;0.49805;0.50781;0.51758;0.52734;0.53711;0.54688;0.55664;0.56641;0.57617;0.58594;0.5957;0.60547;0.61523;0.625;0.63477;0.64453;0.6543;0.66406;0.67383;0.68359;0.69336;0.70313;0.71289;0.72266;0.73242;0.74219;0.75195;0.76172;0.77148;0.78125;0.79102,0.007744512;0.015875072;0.012782591999999999;0.006915072;0.01174016;0.008742912;0.008056832;0.007650304;0.015224831999999999;0.02054144;0.008566784;0.005012480000000001;0.008348672;0.007590912;0.00866816;0.012119040000000001;0.013092864000000001;0.0057896959999999996;0.00622592;0.004369408;0.002849792;0.0025088;0.00339968;0.005244928;0.005474304;0.003928064;0.003023872;0.00291328;0.0037621760000000003;0.0037386240000000003;0.003115008;0.003810304;0.003856384;0.0022937599999999997;0.002671616;0.002614272;0.003617792;0.00498176;0.00363008;0.002890752;0.0020224;0.00150528;0.001316864;0.000930816;0.001186816;0.0013209599999999997;0.001096704;0.001117184;0.00082944;0.00070656;0.000723968;0.001021952;0.000826368;0.000753664;0.000659456;0.000766976;0.000666624;0.0009605120000000001;0.00096768;0.000731136;0.0006778880000000001;0.0006789119999999999;0.000768;0.000347136;0.0007352319999999999;0.000753664;0.000610304;0.000325632;0.000613376;0.00068096;0.000676864;0.000451584;0.000468992;0.00035532799999999997;0.00036454399999999996;0.000279552;0.00023244799999999998;0.000161792;0.00023961599999999998
