Epoch Time,Processing Source,f,varianceDensity
1788998400,hdr,0.0293;0.03906;0.04883;0.05859;0.06836;0.07813;0.08789;0.09766;0.10742;0.11719;0.12695;0.13672;0.14648;0.15625;0.16602;0.17578;0.18555;0.19531;0.20508;0.21484;0.22461;0.23438;0.24414;0.25391;0.26367;0.27344;0.2832;0.29297;0.30273;0.3125;0.32227;0.33203;0.3418;0.35156;0.36133;0.37109;0.38086;0.39063;0.40039;0.41016;0.41992;0.42969;0.43945;0.44922;0.45898;0.46875;0.47852;0.48828;0.49805;0.50781;0.51758;0.52734;0.53711;0.54688;0.55664;0.56641;0.57617;0.58594;0.5957;0.60547;0.61523;0.625;0.63477;0.64453;0.6543;0.66406;0.67383;0.68359;0.69336;0.70313;0.71289;0.72266;0.73242;0.74219;0.75195;0.76172;0.77148;0.78125;0.79102,0.000878592;0.003002368;0.003550208;0.0011048960000000002;0.00221184;0.005835776;0.011439104000000002;0.014236672;0.016512;0.016445440000000002;0.017082367999999997;0.00787968;0.00553984;0.007728128;0.017421312;0.024636416;0.021480448;0.016223232;0.024649728;0.027678719999999997;0.03449344;0.038203392;0.04136652800000001;0.046271488;0.02948608;0.021804032;0.011121664;0.011046912;0.014026752;0.014701568;0.012512256000000001;0.011449343999999998;0.012669952000000002;0.009068544;0.006064128;0.009886720000000002;0.008526848;0.006711296;0.00459264;0.002914304;0.002658304;0.003249152;0.0037048320000000004;0.002849792;0.001861632;0.001498112;0.001820672;0.002373632;0.0021893120000000005;0.0013209599999999997;0.001958912;0.00135168;0.0011427840000000002;0.001420288;0.001042432;0.000951296;0.0005898240000000001;0.0007137280000000001;0.000858112;0.001118208;0.000918528;0.000613376;0.000376832;0.00035942400000000006;0.000451584;0.0005703679999999999;0.00030003200000000004;0.0003072;0.00027340799999999994;0.0003072;0.000279552;0.00022528;0.00029696;0.000323584;0.00029900799999999997;0.00023961599999999998;0.000140288;0.00014540800000000003;0.000216064
1788999300,hdr,0.0293;0.03906;0.04883;0.05859;0.06836;0.07813;0.08789;0.09766;0.10742;0.11719;0.12695;0.13672;0.14648;0.15625;0.16602;0.17578;0.18555;0.19531;0.20508;0.21484;0.22461;0.23438;0.24414;0.25391;0.26367;0.27344;0.2832;0.29297;0.30273;0.3125;0.32227;0.33203;0.3418;0.35156;0.36133;0.37109;0.38086;0.39063;0.40039;0.41016;0.41992;0.42969;0.43945;0.44922;0.45898;0.46875;0.47852;0.48828;0.49805;0.50781;0.51758;0.52734;0.53711;0.54688;0.55664;0.56641;0.57617;0.58594;0.5957;0.60547;0.61523;0.625;0.63477;0.64453;0.6543;0.66406;0.67383;0.68359;0.69336;0.70313;0.71289;0.72266;0.73242;0.74219;0.75195;0.76172;0.77148;0.78125;0.79102,0.006449152;0.008756224;0.002961408;0.002547712;0.005281792;0.011112448;0.011314175999999999;0.01207808;0.014261247999999999;0.022351872;0.011416576;0.007227392;0.01033216;0.0063078399999999995;0.009709568000000002;0.027700224;0.032393216;0.018779136000000002;0.028027904;0.033070079999999995;0.043831296;0.044388352;0.04422144;0.044478464;0.038578176;0.022140928;0.02215936;0.014794752;0.015562752000000001;0.019556352;0.019567616000000003;0.012925952000000001;0.011190272000000001;0.008792064;0.009145344;0.00953856;0.0058992639999999995;0.004964352;0.008649727999999999;0.006336512;0.005689344;0.002596864;0.002387968;0.003120128;0.0036474880000000004;0.0016220159999999998;0.002486272;0.0028846080000000003;0.0025405440000000005;0.002501632;0.001405952;0.002547712;0.002356224;0.00178176;0.002015232;0.001092608;0.0010762240000000002;0.001087488;0.0009021439999999999;0.000628736;0.0006604799999999999;0.000781312;0.0007290879999999999;0.0008929280000000001;0.0008110079999999999;0.000841728;0.000654336;0.000442368;0.00041062399999999995;0.000350208;0.000288768;0.000365568;0.00043827199999999997;0.000267264;0.000172032;0.000260096;0.0003072;0.000269312;0.000260096
1789000200,hdr,0.0293;0.03906;0.04883;0.05859;0.06836;0.07813;0.08789;0.09766;0.10742;0.11719;0.12695;0.13672;0.14648;0.15625;0.16602;0.17578;0.18555;0.19531;0.20508;0.21484;0.22461;0.23438;0.24414;0.25391;0.26367;0.27344;0.2832;0.29297;0.30273;0.3125;0.32227;0.33203;0.3418;0.35156;0.36133;0.37109;0.38086;0.39063;0.40039;0.41016;0.41992;0.42969;0.43945;0.44922;0.45898;0.46875;0.47852;0.48828;0.49805;0.50781;0.51758;0.52734;0.53711;0.54688;0.55664;0.56641;0.57617;0.58594;0.5957;0.60547;0.61523;0.625;0.63477;0.64453;0.6543;0.66406;0.67383;0.68359;0.69336;0.70313;0.71289;0.72266;0.73242;0.74219;0.75195;0.76172;0.77148;0.78125;0.79102,0.001250304;0.004310016;0.006665216000000001;0.0038502399999999996;0.005848064;0.007506944;0.008297472000000002;0.010776576000000001;0.010609664000000001;0.011220992;0.012464128000000001;0.01326592;0.008208384;0.008369152;0.012558336000000002;0.020743168000000003;0.020534272;0.024706047999999998;0.015995904;0.013947903999999999;0.027961344000000003;0.051060735999999995;0.053677055999999994;0.054964224;0.041071616000000005;0.030671872;0.021153791999999998;0.018562048;0.015840256;0.012429312;0.013310976;0.011862016000000001;0.009480192;0.00648192;0.005684224;0.005300224;0.008604672;0.006657023999999999;0.00580608;0.0044103680000000004;0.003269632;0.002417664;0.002369536;0.0030330879999999998;0.0023132160000000003;0.00234496;0.0028272640000000003;0.00256;0.002215936;0.0022886399999999998;0.0027023359999999996;0.00256;0.001591296;0.001092608;0.001106944;0.001086464;0.0008325120000000001;0.000795648;0.000779264;0.00091136;0.001180672;0.00067072;0.0007075839999999999;0.000651264;0.000458752;0.00034816000000000003;0.00027340799999999994;0.000253952;0.000459776;0.000505856;0.00023552000000000002;0.0002816;0.000229376;0.000347136;0.000253952;0.000205824;0.00019456;0.00018944;0.000172032
1789001100,hdr,0.0293;0.03906;0.04883;0.05859;0.06836;0.07813;0.08789;0.09766;0.10742;0.11719;0.12695;0.13672;0.14648;0.15625;0.16602;0.17578;0.18555;0.19531;0.20508;0.21484;0.22461;0.23438;0.24414;0.25391;0.26367;0.27344;0.2832;0.29297;0.30273;0.3125;0.32227;0.33203;0.3418;0.35156;0.36133;0.37109;0.38086;0.39063;0.40039;0.41016;0.41992;0.42969;0.43945;0.44922;0.45898;0.46875;0.47852;0.48828;0.49805;0.50781;0.51758;0.52734;0.53711;0.54688;0.55664;0.56641;0.57617;0.58594;0.5957;0.60547;0.61523;0.625;0.63477;0.64453;0.6543;0.66406;0.67383;0.68359;0.69336;0.70313;0.71289;0.72266;0.73242;0.74219;0.75195;0.76172;0.77148;0.78125;0.79102,0.002390016;0.004001792;0.004571136000000001;0.0033925120000000003;0.004441088;0.008109056;0.013907968000000001;0.012146688;0.015592447999999998;0.02656768;0.01451008;0.008245248;0.006870016;0.0079616;0.010267647999999999;0.013545472;0.030645248;0.026127360000000002;0.020441088;0.018971647999999997;0.031355904;0.048297983999999995;0.0646656;0.0616704;0.040752128;0.023182335999999998;0.018936831999999997;0.022921216;0.025677824000000002;0.027681792;0.017437696;0.015572991999999999;0.011285503999999998;0.0128512;0.0090624;0.006510592;0.00900608;0.005668864000000001;0.006880256;0.005837824;0.00249856;0.0037550080000000002;0.00434176;0.003959808;0.0022855680000000004;0.002958336;0.002185216;0.0029655040000000003;0.002579456;0.0028672;0.001987584;0.001000448;0.001570816;0.002502656;0.0024463360000000003;0.001978368;0.001519616;0.001201152;0.0012052480000000001;0.00103424;0.000879616;0.0010291200000000001;0.0005754880000000001;0.0005406720000000001;0.000750592;0.000666624;0.000453632;0.0005754880000000001;0.0005734399999999999;0.000514048;0.0003328;0.00032256;0.000193536;0.00015462400000000002;0.000172032;0.000308224;0.00044646400000000004;0.00029900799999999997;0.00023654400000000002
1789002900,hdr,0.0293;0.03906;0.04883;0.05859;0.06836;0.07813;0.08789;0.09766;0.10742;0.11719;0.12695;0.13672;0.14648;0.15625;0.16602;0.17578;0.18555;0.19531;0.20508;0.21484;0.22461;0.23438;0.24414;0.25391;0.26367;0.27344;0.2832;0.29297;0.30273;0.3125;0.32227;0.33203;0.3418;0.35156;0.36133;0.37109;0.38086;0.39063;0.40039;0.41016;0.41992;0.42969;0.43945;0.44922;0.45898;0.46875;0.47852;0.48828;0.49805;0.50781;0.51758;0.52734;0.53711;0.54688;0.55664;0.56641;0.57617;0.58594;0.5957;0.60547;0.61523;0.625;0.63477;0.64453;0.6543;0.66406;0.67383;0.68359;0.69336;0.70313;0.71289;0.72266;0.73242;0.74219;0.75195;0.76172;0.77148;0.78125;0.79102,0.0025292799999999996;0.007448576;0.006232064000000001;0.004718592000000001;0.004682751999999999;0.006404096000000001;0.008854528;0.011419648000000001;0.015809536;0.017622016;0.01627648;0.012696576000000001;0.0062627839999999995;0.00555008;0.013790208;0.021572608;0.0251904;0.030966784;0.020799488;0.019037184000000002;0.027083776;0.04024832;0.049359872000000006;0.060305408000000005;0.040932352;0.036122624000000006;0.03197952;0.024262656;0.01199104;0.012823552;0.009598976;0.006023168;0.010989568000000002;0.012862464;0.009943039999999998;0.005646336;0.005809152;0.005111808;0.006111232;0.005581824000000001;0.006071296;0.0029409279999999998;0.002967552;0.0031907839999999995;0.0033464320000000003;0.003965952;0.004320256;0.0032604160000000004;0.002619392;0.0024801280000000003;0.0020838399999999996;0.0021207039999999997;0.00157184;0.00149504;0.001294336;0.001107968;0.001265664;0.0016435199999999999;0.0015185919999999998;0.0012083200000000001;0.0011417600000000001;0.000536576;0.00034099200000000003;0.000648192;0.000799744;0.000536576;0.000395264;0.000415744;0.000625664;0.00040345599999999995;0.000454656;0.000393216;0.000305152;0.00029900799999999997;0.0003584;0.00032768;0.00030105599999999996;0.000308224;0.000226304
1789003800,hdr,0.0293;0.03906;0.04883;0.05859;0.06836;0.07813;0.08789;0.09766;0.10742;0.11719;0.12695;0.13672;0.14648;0.15625;0.16602;0.17578;0.18555;0.19531;0.20508;0.21484;0.22461;0.23438;0.24414;0.25391;0.26367;0.27344;0.2832;0.29297;0.30273;0.3125;0.32227;0.33203;0.3418;0.35156;0.36133;0.37109;0.38086;0.39063;0.40039;0.41016;0.41992;0.42969;0.43945;0.44922;0.45898;0.46875;0.47852;0.48828;0.49805;0.50781;0.51758;0.52734;0.53711;0.54688;0.55664;0.56641;0.57617;0.58594;0.5957;0.60547;0.61523;0.625;0.63477;0.64453;0.6543;0.66406;0.67383;0.68359;0.69336;0.70313;0.71289;0.72266;0.73242;0.74219;0.75195;0.76172;0.77148;0.78125;0.79102,0.0021411840000000004;0.004022272;0.002596864;0.001431552;0.0048332800000000006;0.003856384;0.009199616;0.016207871999999998;0.017633279999999998;0.017226752;0.011382784;0.008016895999999999;0.009028608;0.010805248000000002;0.016316416;0.021311488;0.031722495999999996;0.029222912;0.025019392;0.025964544000000003;0.033532928;0.040364032;0.046034944;0.035279872;0.023928831999999997;0.032892928;0.02584576;0.0214784;0.020553728;0.016902144;0.011896832;0.009673728000000001;0.011814912;0.01103872;0.008595456;0.009746432000000001;0.010637312;0.010892288;0.006351872000000001;0.00393728;0.004559872;0.003822592;0.003852288;0.004939776;0.004372480000000001;0.0027975680000000003;0.002254848;0.002948096;0.003065856;0.002829312;0.001795072;0.001794048;0.0017930239999999998;0.001727488;0.001974272;0.001328128;0.00117248;0.00097792;0.000774144;0.0006912;0.0008837120000000001;0.0011448320000000001;0.001307648;0.000965632;0.000536576;0.000432128;0.000734208;0.000802816;0.000382976;0.000318464;0.000423936;0.00040755200000000004;0.000325632;0.000264192;0.00026112;0.00032768;0.00023142399999999999;0.00015872;0.000200704
1789004700,hdr,0.0293;0.03906;0.04883;0.05859;0.06836;0.07813;0.08789;0.09766;0.10742;0.11719;0.12695;0.13672;0.14648;0.15625;0.16602;0.17578;0.18555;0.19531;0.20508;0.21484;0.22461;0.23438;0.24414;0.25391;0.26367;0.27344;0.2832;0.29297;0.30273;0.3125;0.32227;0.33203;0.3418;0.35156;0.36133;0.37109;0.38086;0.39063;0.40039;0.41016;0.41992;0.42969;0.43945;0.44922;0.45898;0.46875;0.47852;0.48828;0.49805;0.50781;0.51758;0.52734;0.53711;0.54688;0.55664;0.56641;0.57617;0.58594;0.5957;0.60547;0.61523;0.625;0.63477;0.64453;0.6543;0.66406;0.67383;0.68359;0.69336;0.70313;0.71289;0.72266;0.73242;0.74219;0.75195;0.76172;0.77148;0.78125;0.79102,0.008459264;0.009639936;0.013248512;0.011916288;0.009498624;0.009709568000000002;0.017752064;0.015725568000000002;0.014276608;0.01326592;0.011716608;0.015516672;0.009921536;0.00904192;0.013877248;0.031039487999999997;0.025010176;0.019915776000000003;0.031604736;0.04191232;0.044347392;0.050816;0.03768832;0.028547072;0.027372544000000002;0.038188032;0.022196224;0.011771903999999998;0.011357184;0.01207808;0.010974208000000001;0.009716735999999998;0.007932928;0.007404544;0.009442304;0.011766783999999999;0.006064128;0.004209664;0.0054190079999999995;0.0073431040000000005;0.0071424;0.006071296;0.005076991999999999;0.005186560000000001;0.002262016;0.0027586560000000004;0.00290304;0.00249344;0.0026112;0.002276352;0.002077696;0.001839104;0.000879616;0.0006778880000000001;0.001312768;0.001538048;0.0008591359999999999;0.00128512;0.00159232;0.0018595839999999998;0.001975296;0.001779712;0.001242112;0.00162816;0.0018012159999999998;0.001431552;0.00129024;0.002546688;0.002920448;0.002077696;0.001400832;0.00168448;0.0017131520000000001;0.001900544;0.0015892480000000001;0.001872896;0.002358272;0.0021534719999999996;0.00323072
1789005600,hdr,0.0293;0.03906;0.04883;0.05859;0.06836;0.07813;0.08789;0.09766;0.10742;0.11719;0.12695;0.13672;0.14648;0.15625;0.16602;0.17578;0.18555;0.19531;0.20508;0.21484;0.22461;0.23438;0.24414;0.25391;0.26367;0.27344;0.2832;0.29297;0.30273;0.3125;0.32227;0.33203;0.3418;0.35156;0.36133;0.37109;0.38086;0.39063;0.40039;0.41016;0.41992;0.42969;0.43945;0.44922;0.45898;0.46875;0.47852;0.48828;0.49805;0.50781;0.51758;0.52734;0.53711;0.54688;0.55664;0.56641;0.57617;0.58594;0.5957;0.60547;0.61523;0.625;0.63477;0.64453;0.6543;0.66406;0.67383;0.68359;0.69336;0.70313;0.71289;0.72266;0.73242;0.74219;0.75195;0.76172;0.77148;0.78125;0.79102,0.005360640000000001;0.012340223999999999;0.009170944000000002;0.004564992;0.00819712;0.010089472000000002;0.013874176;0.019549184;0.013523968;0.009380864000000001;0.014628864;0.017134592;0.010592256000000001;0.009967616;0.015598592000000001;0.021649408;0.023688192;0.023939072;0.026870783999999998;0.023236608;0.022457343999999997;0.035086336;0.04771328;0.039822336;0.032421888;0.021382144;0.018716672;0.017612799999999998;0.019880960000000003;0.015949823999999998;0.012139519999999999;0.009490432;0.009517056000000001;0.008419328;0.00474624;0.0029695999999999998;0.004927488000000001;0.0049879040000000005;0.005559295999999999;0.0044031999999999995;0.0046469120000000004;0.004625408;0.002586624;0.002349056;0.0026071040000000003;0.001862656;0.0027729919999999997;0.0028600319999999998;0.002143232;0.0033341440000000003;0.003867648;0.003723264;0.002491392;0.004364288000000001;0.0035829760000000003;0.0038932479999999998;0.003972096;0.0035942400000000003;0.0046592;0.006378496;0.0068997120000000006;0.010788864;0.009065472;0.007915519999999999;0.008085504;0.006301696;0.007754751999999999;0.008141823999999999;0.006463488;0.003982336;0.0054784;0.005174272;0.003890176;0.003666944;0.0030853119999999998;0.002427904;0.001890304;0.001978368;0.002475008
1789006500,hdr,0.0293;0.03906;0.04883;0.05859;0.06836;0.07813;0.08789;0.09766;0.10742;0.11719;0.12695;0.13672;0.14648;0.15625;0.16602;0.17578;0.18555;0.19531;0.20508;0.21484;0.22461;0.23438;0.24414;0.25391;0.26367;0.27344;0.2832;0.29297;0.30273;0.3125;0.32227;0.33203;0.3418;0.35156;0.36133;0.37109;0.38086;0.39063;0.40039;0.41016;0.41992;0.42969;0.43945;0.44922;0.45898;0.46875;0.47852;0.48828;0.49805;0.50781;0.51758;0.52734;0.53711;0.54688;0.55664;0.56641;0.57617;0.58594;0.5957;0.60547;0.61523;0.625;0.63477;0.64453;0.6543;0.66406;0.67383;0.68359;0.69336;0.70313;0.71289;0.72266;0.73242;0.74219;0.75195;0.76172;0.77148;0.78125;0.79102,0.006790144;0.009644031999999999;0.006981632000000001;0.006757376;0.004591616;0.008950784;0.013776896;0.021614592;0.014834688;0.01191424;0.009802752;0.009853952;0.00948224;0.012973056;0.028542975999999998;0.05157580800000001;0.039376896;0.044492800000000006;0.030772224;0.024398848;0.024781824;0.034797568;0.03291136;0.028740608;0.027659264;0.021671936;0.022151168;0.015198208;0.012493824;0.011277312;0.01032192;0.012758015999999999;0.013125632;0.009511936;0.007081984;0.007025664;0.006785024000000001;0.0047790079999999995;0.0038717440000000003;0.0038911999999999996;0.004231168;0.00364544;0.003958784;0.004135936;0.0024104960000000003;0.0018882559999999998;0.003002368;0.004346879999999999;0.003612672;0.003428352;0.0052418560000000005;0.005273600000000001;0.004506624000000001;0.007819264;0.009280512000000001;0.013129727999999998;0.015661056;0.010313728;0.012326912;0.010326016;0.008987647999999999;0.007873536;0.005251072;0.0054016;0.005970944000000001;0.006770688;0.0050524160000000005;0.004975616;0.004835328;0.004653056000000001;0.005607424;0.004176895999999999;0.003721216;0.00324096;0.003009536;0.0030330879999999998;0.0030371839999999996;0.003151872;0.00289792
1789007400,hdr,0.0293;0.03906;0.04883;0.05859;0.06836;0.07813;0.08789;0.09766;0.10742;0.11719;0.12695;0.13672;0.14648;0.15625;0.16602;0.17578;0.18555;0.19531;0.20508;0.21484;0.22461;0.23438;0.24414;0.25391;0.26367;0.27344;0.2832;0.29297;0.30273;0.3125;0.32227;0.33203;0.3418;0.35156;0.36133;0.37109;0.38086;0.39063;0.40039;0.41016;0.41992;0.42969;0.43945;0.44922;0.45898;0.46875;0.47852;0.48828;0.49805;0.50781;0.51758;0.52734;0.53711;0.54688;0.55664;0.56641;0.57617;0.58594;0.5957;0.60547;0.61523;0.625;0.63477;0.64453;0.6543;0.66406;0.67383;0.68359;0.69336;0.70313;0.71289;0.72266;0.73242;0.74219;0.75195;0.76172;0.77148;0.78125;0.79102,0.005605376;0.007757824000000001;0.012534784;0.014906368;0.010491904;0.00669184;0.018929664000000002;0.02484224;0.015433728;0.01575424;0.014202880000000001;0.010292223999999999;0.011420672;0.014760960000000002;0.032017408000000004;0.041387008;0.039756799999999995;0.041920512;0.041416704000000006;0.024863744;0.023041024;0.034191360000000004;0.046756864;0.039959552;0.03919360000000001;0.030252031999999998;0.020135936;0.016924672;0.011098112;0.015107072000000001;0.01756672;0.01672192;0.007528448;0.008470528;0.007810048;0.005531647999999999;0.011947008;0.010427392;0.007882752;0.006764544;0.007028736;0.005822464;0.003298304;0.00582656;0.0065566719999999995;0.004666368000000001;0.003953664;0.0035614720000000004;0.005766143999999999;0.009028608;0.00829952;0.008498176000000001;0.014437376;0.020041727999999998;0.011868159999999999;0.010920959999999999;0.01029632;0.005856256000000001;0.008351744000000001;0.010536960000000001;0.012344319999999999;0.01040896;0.0045076479999999995;0.006133759999999999;0.007810048;0.006280192;0.0034027519999999998;0.004252672;0.004259839999999999;0.0052572159999999995;0.004057088;0.003168256;0.003377152;0.003913728;0.00321536;0.001611776;0.0009584639999999999;0.0016691199999999998;0.00195072
1789008300,hdr,0.0293;0.03906;0.04883;0.05859;0.06836;0.07813;0.08789;0.09766;0.10742;0.11719;0.12695;0.13672;0.14648;0.15625;0.16602;0.17578;0.18555;0.19531;0.20508;0.21484;0.22461;0.23438;0.24414;0.25391;0.26367;0.27344;0.2832;0.29297;0.30273;0.3125;0.32227;0.33203;0.3418;0.35156;0.36133;0.37109;0.38086;0.39063;0.40039;0.41016;0.41992;0.42969;0.43945;0.44922;0.45898;0.46875;0.47852;0.48828;0.49805;0.50781;0.51758;0.52734;0.53711;0.54688;0.55664;0.56641;0.57617;0.58594;0.5957;0.60547;0.61523;0.625;0.63477;0.64453;0.6543;0.66406;0.67383;0.68359;0.69336;0.70313;0.71289;0.72266;0.73242;0.74219;0.75195;0.76172;0.77148;0.78125;0.79102,0.004890624;0.005970944000000001;0.012533759999999998;0.012890112;0.007332864;0.01092608;0.00997888;0.010299392;0.0090624;0.005999616;0.009458688;0.014446592000000001;0.014941184;0.022546432;0.044141568;0.056978432;0.058738688000000004;0.050477056;0.04297728;0.033456127999999995;0.043918335999999995;0.050137087999999996;0.046060544;0.047157248;0.037567487999999996;0.021912576;0.011344896;0.016516096;0.0103936;0.008896511999999999;0.010338304;0.010171392000000001;0.011760640000000001;0.009049088;0.007903232;0.011496447999999998;0.010748928;0.005854208;0.005430272000000001;0.00837632;0.009530367999999999;0.009908224;0.009383935999999999;0.006366208000000001;0.006395903999999999;0.014599168000000001;0.022822912;0.025419775999999998;0.020722688000000003;0.022933504;0.022382592;0.017173504;0.015442944000000002;0.01339392;0.015849472;0.015644672000000002;0.012382208;0.008723456000000001;0.010066944;0.009209855999999999;0.00733696;0.007251968;0.0061829120000000005;0.004772864000000001;0.004186111999999999;0.006967296;0.009583616;0.006009856;0.00251904;0.001974272;0.002231296;0.0024872960000000004;0.0032;0.002605056;0.002527232;0.0023889920000000004;0.0016302080000000002;0.0020838399999999996;0.002686976
1789009200,hdr,0.0293;0.03906;0.04883;0.05859;0.06836;0.07813;0.08789;0.09766;0.10742;0.11719;0.12695;0.13672;0.14648;0.15625;0.16602;0.17578;0.18555;0.19531;0.20508;0.21484;0.22461;0.23438;0.24414;0.25391;0.26367;0.27344;0.2832;0.29297;0.30273;0.3125;0.32227;0.33203;0.3418;0.35156;0.36133;0.37109;0.38086;0.39063;0.40039;0.41016;0.41992;0.42969;0.43945;0.44922;0.45898;0.46875;0.47852;0.48828;0.49805;0.50781;0.51758;0.52734;0.53711;0.54688;0.55664;0.56641;0.57617;0.58594;0.5957;0.60547;0.61523;0.625;0.63477;0.64453;0.6543;0.66406;0.67383;0.68359;0.69336;0.70313;0.71289;0.72266;0.73242;0.74219;0.75195;0.76172;0.77148;0.78125;0.79102,0.003328;0.010832896;0.008646656;0.0039301119999999995;0.006161407999999999;0.010507263999999999;0.016164864;0.016118784;0.009367552;0.006759424;0.008749055999999998;0.014143488;0.018835456;0.029484032;0.09121792000000001;0.123123712;0.086664192;0.057061376000000004;0.042819584;0.036754432000000004;0.04660736;0.049582079999999994;0.035183616;0.040650752;0.044981248;0.03615436799999999;0.025075712;0.017790976000000003;0.019846144;0.019940351999999998;0.021291008;0.01622016;0.018504704;0.020716543999999996;0.016268288;0.011998208;0.010832896;0.009645056;0.006872064000000001;0.005590016000000001;0.007911424;0.008757248000000002;0.010574848;0.00970752;0.008271872;0.004464640000000001;0.008048640000000001;0.012301312;0.021865472;0.029205504;0.023351296;0.015855616;0.015225856;0.017439744000000004;0.020719616;0.012317696;0.01307136;0.010527744;0.00848896;0.008972288;0.006544384;0.005108736000000001;0.005515264;0.005033984;0.004726784;0.006106112;0.003892224;0.003935232;0.003468288;0.0028088320000000003;0.003877888;0.004971519999999999;0.004484096000000001;0.00367104;0.002604032;0.0046469120000000004;0.003690496;0.0032133120000000003;0.002640896
1789010100,hdr,0.0293;0.03906;0.04883;0.05859;0.06836;0.07813;0.08789;0.09766;0.10742;0.11719;0.12695;0.13672;0.14648;0.15625;0.16602;0.17578;0.18555;0.19531;0.20508;0.21484;0.22461;0.23438;0.24414;0.25391;0.26367;0.27344;0.2832;0.29297;0.30273;0.3125;0.32227;0.33203;0.3418;0.35156;0.36133;0.37109;0.38086;0.39063;0.40039;0.41016;0.41992;0.42969;0.43945;0.44922;0.45898;0.46875;0.47852;0.48828;0.49805;0.50781;0.51758;0.52734;0.53711;0.54688;0.55664;0.56641;0.57617;0.58594;0.5957;0.60547;0.61523;0.625;0.63477;0.64453;0.6543;0.66406;0.67383;0.68359;0.69336;0.70313;0.71289;0.72266;0.73242;0.74219;0.75195;0.76172;0.77148;0.78125;0.79102,0.006978559999999999;0.014987263999999998;0.014482431999999998;0.008539136;0.012904448;0.011398144;0.013845504000000002;0.018601984000000002;0.009833472;0.006475776;0.006895616;0.007620608;0.021612543999999997;0.042896383999999996;0.07251865599999999;0.071340032;0.049640448;0.03817676800000001;0.038380544;0.036767744;0.036675584000000004;0.03841536;0.066988032;0.0538368;0.038941696000000005;0.031619072;0.028876799999999998;0.02904064;0.026488831999999997;0.027644928;0.024097791999999996;0.017410047999999997;0.014005248;0.014013439999999999;0.012680192;0.012278784;0.01147392;0.011430911999999998;0.009183232;0.01051136;0.008280064;0.009440256;0.009812992;0.006626304;0.009278464;0.012578816;0.015643648;0.015115264;0.019693567999999998;0.016688128;0.014681088000000002;0.016684031999999998;0.015905792;0.015388672;0.012939263999999999;0.007601152;0.010445824000000001;0.012681215999999999;0.00919552;0.008752128000000001;0.009729024000000001;0.006559744;0.006173696;0.00724992;0.005349376;0.004303872;0.004384768;0.005284863999999999;0.004448255999999999;0.003898368;0.004211712;0.005083135999999999;0.004961280000000001;0.005070848;0.00351744;0.002127872;0.001467392;0.00099328;0.002238464
1789011000,hdr,0.0293;0.03906;0.04883;0.05859;0.06836;0.07813;0.08789;0.09766;0.10742;0.11719;0.12695;0.13672;0.14648;0.15625;0.16602;0.17578;0.18555;0.19531;0.20508;0.21484;0.22461;0.23438;0.24414;0.25391;0.26367;0.27344;0.2832;0.29297;0.30273;0.3125;0.32227;0.33203;0.3418;0.35156;0.36133;0.37109;0.38086;0.39063;0.40039;0.41016;0.41992;0.42969;0.43945;0.44922;0.45898;0.46875;0.47852;0.48828;0.49805;0.50781;0.51758;0.52734;0.53711;0.54688;0.55664;0.56641;0.57617;0.58594;0.5957;0.60547;0.61523;0.625;0.63477;0.64453;0.6543;0.66406;0.67383;0.68359;0.69336;0.70313;0.71289;0.72266;0.73242;0.74219;0.75195;0.76172;0.77148;0.78125;0.79102,0.007536640000000001;0.013187072;0.017998847999999998;0.014897152;0.004974592000000001;0.013345791999999999;0.017750016;0.016873471999999997;0.005450752;0.008080384;0.009581568;0.009342976000000001;0.015113216;0.024694784;0.10715136;0.111176704;0.046645248;0.034900992000000006;0.042776576000000004;0.040510464;0.050417664;0.036749312000000006;0.034973696;0.048923648;0.035093504;0.022211584;0.02624;0.022897664;0.017840128;0.016544768;0.018685952000000002;0.019474432;0.020898816;0.016905216;0.016283647999999998;0.014751744;0.009899007999999999;0.008253439999999999;0.011623423999999999;0.013618176;0.012695551999999999;0.007149568;0.005238784;0.005735424;0.00789504;0.008361984000000001;0.009648128;0.015493119999999999;0.01531392;0.011114496000000001;0.014573567999999999;0.012265472000000001;0.016598016;0.010268672000000001;0.012395519999999998;0.013872128000000001;0.013244415999999998;0.009278464;0.007757824000000001;0.005547008;0.00461312;0.006447104;0.005169152;0.007058432;0.006223872;0.0038266879999999995;0.00489472;0.005012480000000001;0.004630528;0.003876864;0.002609152;0.002976768;0.00415744;0.004478976000000001;0.002272256;0.0011735040000000001;0.001091584;0.001688576;0.002833408
1789011900,hdr,0.0293;0.03906;0.04883;0.05859;0.06836;0.07813;0.08789;0.09766;0.10742;0.11719;0.12695;0.13672;0.14648;0.15625;0.16602;0.17578;0.18555;0.19531;0.20508;0.21484;0.22461;0.23438;0.24414;0.25391;0.26367;0.27344;0.2832;0.29297;0.30273;0.3125;0.32227;0.33203;0.3418;0.35156;0.36133;0.37109;0.38086;0.39063;0.40039;0.41016;0.41992;0.42969;0.43945;0.44922;0.45898;0.46875;0.47852;0.48828;0.49805;0.50781;0.51758;0.52734;0.53711;0.54688;0.55664;0.56641;0.57617;0.58594;0.5957;0.60547;0.61523;0.625;0.63477;0.64453;0.6543;0.66406;0.67383;0.68359;0.69336;0.70313;0.71289;0.72266;0.73242;0.74219;0.75195;0.76172;0.77148;0.78125;0.79102,0.00935936;0.013236224;0.014252032;0.011196415999999999;0.008261632000000001;0.003529728;0.005402624000000001;0.011401216;0.008204288;0.004885504;0.007414784;0.01505792;0.012344319999999999;0.051995648;0.11858944;0.08429875199999999;0.065357824;0.047854591999999994;0.023174143999999997;0.035168256;0.030081023999999998;0.026323968;0.049477632;0.07220224;0.04767232;0.0255744;0.030296064;0.032032767999999996;0.025107455999999997;0.014561280000000001;0.014778368;0.017376256;0.017362943999999998;0.010358784;0.008866816000000001;0.01099264;0.014306304;0.015264768;0.011630592;0.008967168;0.009942016000000001;0.007420928;0.006230016;0.006117376;0.006564863999999999;0.005221376;0.00592896;0.009888768;0.013087744;0.010742784;0.015234047999999998;0.013469696;0.010664960000000001;0.013654016;0.015228928;0.011220992;0.010021888000000001;0.014442496;0.013292544;0.011791359999999999;0.009886720000000002;0.009480192;0.013436927999999999;0.009872384;0.006020096;0.0069601279999999995;0.004278272;0.0036362239999999995;0.00481792;0.00495616;0.00489472;0.0033546239999999996;0.0028620800000000004;0.0027361279999999996;0.002458624;0.0028385280000000003;0.0026480640000000003;0.0026705920000000003;0.00229888
1789012800,hdr,0.0293;0.03906;0.04883;0.05859;0.06836;0.07813;0.08789;0.09766;0.10742;0.11719;0.12695;0.13672;0.14648;0.15625;0.16602;0.17578;0.18555;0.19531;0.20508;0.21484;0.22461;0.23438;0.24414;0.25391;0.26367;0.27344;0.2832;0.29297;0.30273;0.3125;0.32227;0.33203;0.3418;0.35156;0.36133;0.37109;0.38086;0.39063;0.40039;0.41016;0.41992;0.42969;0.43945;0.44922;0.45898;0.46875;0.47852;0.48828;0.49805;0.50781;0.51758;0.52734;0.53711;0.54688;0.55664;0.56641;0.57617;0.58594;0.5957;0.60547;0.61523;0.625;0.63477;0.64453;0.6543;0.66406;0.67383;0.68359;0.69336;0.70313;0.71289;0.72266;0.73242;0.74219;0.75195;0.76172;0.77148;0.78125;0.79102,0.01007616;0.013167616;0.01001984;0.010252288;0.01007616;0.014727168000000002;0.014529536000000001;0.0130816;0.009745407999999999;0.008990719999999999;0.007276544000000001;0.009882624;0.024059904;0.042776576000000004;0.09114624;0.07308902399999999;0.043700224;0.043441152000000004;0.053699584;0.052908032;0.043141120000000005;0.043112448000000005;0.047475711999999996;0.03329536;0.025459712;0.017463296;0.011326464;0.011158528000000001;0.013118464;0.0107776;0.010360832;0.01094144;0.020325376;0.02118656;0.014302208;0.013625344000000001;0.008326144;0.009094144;0.010182655999999998;0.009532415999999998;0.007967743999999999;0.009007104;0.00733696;0.0068055039999999995;0.005843968;0.004457472;0.004635648;0.004893696;0.0063488;0.011286528;0.017264639999999998;0.013285376;0.022771712;0.024198144;0.014252032;0.008152063999999999;0.005940224;0.005954559999999999;0.009854976000000001;0.01063424;0.00918528;0.010765311999999999;0.011538432000000001;0.008554496000000002;0.006121471999999999;0.007182336;0.006868992;0.005782528;0.004825088;0.0039936;0.00370176;0.002532352;0.00300032;0.0034375680000000002;0.0031313919999999998;0.0024576;0.002509824;0.0023429120000000004;0.0018995200000000002
1789013700,hdr,0.0293;0.03906;0.04883;0.05859;0.06836;0.07813;0.08789;0.09766;0.10742;0.11719;0.12695;0.13672;0.14648;0.15625;0.16602;0.17578;0.18555;0.19531;0.20508;0.21484;0.22461;0.23438;0.24414;0.25391;0.26367;0.27344;0.2832;0.29297;0.30273;0.3125;0.32227;0.33203;0.3418;0.35156;0.36133;0.37109;0.38086;0.39063;0.40039;0.41016;0.41992;0.42969;0.43945;0.44922;0.45898;0.46875;0.47852;0.48828;0.49805;0.50781;0.51758;0.52734;0.53711;0.54688;0.55664;0.56641;0.57617;0.58594;0.5957;0.60547;0.61523;0.625;0.63477;0.64453;0.6543;0.66406;0.67383;0.68359;0.69336;0.70313;0.71289;0.72266;0.73242;0.74219;0.75195;0.76172;0.77148;0.78125;0.79102,0.013504512;0.031428608;0.018542592;0.011942912;0.008964096;0.00546304;0.008118272;0.007294976000000001;0.005066752000000001;0.005269504000000001;0.0058122239999999995;0.015648768;0.033190911999999996;0.090018816;0.160647168;0.114197504;0.033875968;0.027864063999999997;0.027016191999999998;0.028888063999999998;0.02531328;0.024879104000000003;0.02966528;0.029051904;0.016436224;0.018604032;0.01770496;0.014237696;0.020526080000000002;0.021153791999999998;0.016064512;0.016241664;0.013198336;0.015714304;0.012576768;0.009742335999999999;0.009316352;0.009060352;0.007375872;0.008303616;0.012622848;0.010024960000000001;0.005218304;0.005879808;0.0071362560000000005;0.004912128;0.0031068159999999997;0.007061504;0.006114304;0.006742016;0.0057794560000000005;0.00799232;0.0070021120000000004;0.0076769279999999995;0.0041093119999999995;0.005385215999999999;0.008015872;0.007389184;0.009943039999999998;0.010616832;0.008839168000000001;0.011186175999999999;0.008051712;0.00601088;0.008220672;0.007117824;0.0057344;0.004545536;0.005574656;0.003141632;0.002911232;0.002031616;0.0025456639999999996;0.002922496;0.002195456;0.002748416;0.003100672;0.002907136;0.002468864
1789014600,hdr,0.0293;0.03906;0.04883;0.05859;0.06836;0.07813;0.08789;0.09766;0.10742;0.11719;0.12695;0.13672;0.14648;0.15625;0.16602;0.17578;0.18555;0.19531;0.20508;0.21484;0.22461;0.23438;0.24414;0.25391;0.26367;0.27344;0.2832;0.29297;0.30273;0.3125;0.32227;0.33203;0.3418;0.35156;0.36133;0.37109;0.38086;0.39063;0.40039;0.41016;0.41992;0.42969;0.43945;0.44922;0.45898;0.46875;0.47852;0.48828;0.49805;0.50781;0.51758;0.52734;0.53711;0.54688;0.55664;0.56641;0.57617;0.58594;0.5957;0.60547;0.61523;0.625;0.63477;0.64453;0.6543;0.66406;0.67383;0.68359;0.69336;0.70313;0.71289;0.72266;0.73242;0.74219;0.75195;0.76172;0.77148;0.78125;0.79102,0.003054592;0.009120768;0.013912064;0.01051136;0.009298944000000002;0.0067358719999999995;0.007770112;0.009338879999999999;0.0074332159999999994;0.007356416;0.009788416;0.016244736;0.031169536;0.03887615999999999;0.07652659199999999;0.070281216;0.063456256;0.03946496;0.03775488;0.049723392;0.042989568;0.031654912;0.030474240000000003;0.027437055999999998;0.024485887999999997;0.022319104;0.01504768;0.015958016000000002;0.0198144;0.013629440000000001;0.015188992;0.016223232;0.013474816;0.016569344;0.01170944;0.009407488000000002;0.00646144;0.006448128;0.006168576;0.008551424;0.006178816000000001;0.005302272;0.004808704;0.007788544;0.005808128;0.00369152;0.00426496;0.004035584;0.003535872;0.003054592;0.0039495680000000005;0.003618816;0.003634176;0.005698559999999999;0.00524288;0.006982656000000001;0.0068106239999999995;0.005868544;0.004246527999999999;0.006770688;0.008716288;0.005842944;0.010228735999999999;0.012780544000000001;0.01230336;0.0059514880000000004;0.00462848;0.005712895999999999;0.008409088;0.005312512;0.00474624;0.003477504;0.002499584;0.0030197759999999996;0.0029173759999999997;0.0026951679999999995;0.0033044479999999998;0.0032583679999999998;0.00169984
1789015500,hdr,0.0293;0.03906;0.04883;0.05859;0.06836;0.07813;0.08789;0.09766;0.10742;0.11719;0.12695;0.13672;0.14648;0.15625;0.16602;0.17578;0.18555;0.19531;0.20508;0.21484;0.22461;0.23438;0.24414;0.25391;0.26367;0.27344;0.2832;0.29297;0.30273;0.3125;0.32227;0.33203;0.3418;0.35156;0.36133;0.37109;0.38086;0.39063;0.40039;0.41016;0.41992;0.42969;0.43945;0.44922;0.45898;0.46875;0.47852;0.48828;0.49805;0.50781;0.51758;0.52734;0.53711;0.54688;0.55664;0.56641;0.57617;0.58594;0.5957;0.60547;0.61523;0.625;0.63477;0.64453;0.6543;0.66406;0.67383;0.68359;0.69336;0.70313;0.71289;0.72266;0.73242;0.74219;0.75195;0.76172;0.77148;0.78125;0.79102,0.00381952;0.006483968;0.0074874880000000005;0.004209664;0.002977792;0.0050728959999999995;0.010418176000000001;0.011741184000000002;0.007621632;0.006313983999999999;0.006707200000000001;0.013083648000000002;0.019702784;0.048381952;0.098566144;0.080899072;0.049308672;0.034441216000000004;0.022697984;0.04897792;0.043886591999999995;0.032946176;0.031521792;0.025479168;0.021060608;0.015596544;0.016267264;0.017291264000000004;0.015799296;0.021966847999999997;0.017645568;0.013427712;0.010743807999999999;0.010052608;0.009458688;0.015705088;0.014323711999999999;0.007524352000000001;0.005042176000000001;0.004698112;0.0044902399999999995;0.007340032;0.007965696;0.0068454399999999995;0.003856384;0.005356544;0.007580671999999999;0.004883456;0.0054272;0.005083135999999999;0.0045322240000000005;0.005195776000000001;0.0054312959999999995;0.00386048;0.002909184;0.002707456;0.004415488;0.006020096;0.00720896;0.009298944000000002;0.010528768;0.011738111999999998;0.013067263999999999;0.010020863999999999;0.007803904;0.008816639999999999;0.009456639999999999;0.012059648;0.012798976;0.008126464;0.006110208000000001;0.003162112;0.002787328;0.0032;0.003700736;0.002742272;0.002741248;0.002720768;0.00300032
1789016400,hdr,0.0293;0.03906;0.04883;0.05859;0.06836;0.07813;0.08789;0.09766;0.10742;0.11719;0.12695;0.13672;0.14648;0.15625;0.16602;0.17578;0.18555;0.19531;0.20508;0.21484;0.22461;0.23438;0.24414;0.25391;0.26367;0.27344;0.2832;0.29297;0.30273;0.3125;0.32227;0.33203;0.3418;0.35156;0.36133;0.37109;0.38086;0.39063;0.40039;0.41016;0.41992;0.42969;0.43945;0.44922;0.45898;0.46875;0.47852;0.48828;0.49805;0.50781;0.51758;0.52734;0.53711;0.54688;0.55664;0.56641;0.57617;0.58594;0.5957;0.60547;0.61523;0.625;0.63477;0.64453;0.6543;0.66406;0.67383;0.68359;0.69336;0.70313;0.71289;0.72266;0.73242;0.74219;0.75195;0.76172;0.77148;0.78125;0.79102,0.0038789120000000004;0.00609792;0.00452608;0.004227072;0.003856384;0.003852288;0.012507135999999999;0.011623423999999999;0.007636992;0.005582848;0.0073431040000000005;0.015644672000000002;0.026094591999999996;0.062619648;0.15995494400000002;0.149339136;0.05566464;0.025212928;0.045307904;0.03918848;0.020716543999999996;0.020909056;0.024912896;0.026218496;0.023970816;0.023483392;0.018891776000000002;0.013052928;0.014217216;0.012444672;0.014512128000000001;0.010970112;0.011165696;0.0080128;0.005566464;0.007896064;0.01076736;0.008945664;0.007294976000000001;0.006385664000000001;0.006329344;0.007128064;0.005578751999999999;0.004240384;0.004325376000000001;0.005093376;0.005175296;0.004391936000000001;0.00375296;0.00331776;0.0032593920000000003;0.003378176;0.00418304;0.004727808;0.004092928;0.003854336;0.00462848;0.00792576;0.005094400000000001;0.0038092800000000004;0.00650752;0.006687744000000001;0.011869184000000001;0.008184832;0.005277696;0.005031936;0.00671232;0.007006208;0.004185088000000001;0.002777088;0.0027504639999999998;0.003274752;0.0041809920000000006;0.004637696;0.0038932479999999998;0.0024227840000000003;0.0016384000000000001;0.0014581759999999998;0.0018360320000000002
1789017300,hdr,0.0293;0.03906;0.04883;0.05859;0.06836;0.07813;0.08789;0.09766;0.10742;0.11719;0.12695;0.13672;0.14648;0.15625;0.16602;0.17578;0.18555;0.19531;0.20508;0.21484;0.22461;0.23438;0.24414;0.25391;0.26367;0.27344;0.2832;0.29297;0.30273;0.3125;0.32227;0.33203;0.3418;0.35156;0.36133;0.37109;0.38086;0.39063;0.40039;0.41016;0.41992;0.42969;0.43945;0.44922;0.45898;0.46875;0.47852;0.48828;0.49805;0.50781;0.51758;0.52734;0.53711;0.54688;0.55664;0.56641;0.57617;0.58594;0.5957;0.60547;0.61523;0.625;0.63477;0.64453;0.6543;0.66406;0.67383;0.68359;0.69336;0.70313;0.71289;0.72266;0.73242;0.74219;0.75195;0.76172;0.77148;0.78125;0.79102,0.0019435519999999999;0.005251072;0.005494784000000001;0.004372480000000001;0.007153664;0.009086976;0.019020800000000004;0.016498688;0.008259584;0.007021568000000001;0.008691712;0.012189696;0.025136128;0.050413568;0.10966016;0.10109952;0.04276735999999999;0.030405632000000002;0.023760896;0.02461184;0.029123584;0.027026432;0.028563455999999997;0.02891776;0.022500351999999998;0.013882368;0.014377984;0.010739712000000002;0.007424;0.007172095999999999;0.007618560000000001;0.00671744;0.006415359999999999;0.012475392;0.010728448;0.013069312;0.0074751999999999996;0.003597312;0.003815424;0.0043929600000000004;0.003477504;0.002348032;0.0029870079999999998;0.0033873920000000004;0.003493888;0.003100672;0.003079168;0.0029491200000000004;0.001558528;0.0014847999999999999;0.00168448;0.00325632;0.002885632;0.002148352;0.003065856;0.004551680000000001;0.00292864;0.003779584;0.004948991999999999;0.005317631999999999;0.010090496;0.009517056000000001;0.0073185279999999995;0.008022016;0.005316608;0.0057200639999999995;0.0075970560000000005;0.007192576;0.007506944;0.007758848;0.005701632;0.0031815679999999996;0.003167232;0.002424832;0.00482304;0.006340607999999999;0.005726208;0.0029573119999999997;0.0027105280000000002
1789018200,hdr,0.0293;0.03906;0.04883;0.05859;0.06836;0.07813;0.08789;0.09766;0.10742;0.11719;0.12695;0.13672;0.14648;0.15625;0.16602;0.17578;0.18555;0.19531;0.20508;0.21484;0.22461;0.23438;0.24414;0.25391;0.26367;0.27344;0.2832;0.29297;0.30273;0.3125;0.32227;0.33203;0.3418;0.35156;0.36133;0.37109;0.38086;0.39063;0.40039;0.41016;0.41992;0.42969;0.43945;0.44922;0.45898;0.46875;0.47852;0.48828;0.49805;0.50781;0.51758;0.52734;0.53711;0.54688;0.55664;0.56641;0.57617;0.58594;0.5957;0.60547;0.61523;0.625;0.63477;0.64453;0.6543;0.66406;0.67383;0.68359;0.69336;0.70313;0.71289;0.72266;0.73242;0.74219;0.75195;0.76172;0.77148;0.78125;0.79102,0.00023654400000000002;0.004494335999999999;0.005228544;0.006732800000000001;0.008092672;0.009987072;0.01063936;0.014511103999999999;0.007463936000000001;0.005610496;0.007566335999999999;0.013420544;0.024066048;0.06946406399999999;0.16006144;0.11755110399999999;0.046616576;0.035585024;0.026029056000000002;0.031537152;0.029400064000000004;0.027346943999999998;0.022297599999999997;0.019457024;0.031326208;0.020347904;0.013750272000000001;0.009271296;0.009293824000000001;0.01110016;0.008632319999999999;0.0077393919999999995;0.008879103999999999;0.009178112;0.010662912;0.013156352000000001;0.006595584;0.005561344;0.00871424;0.004658176;0.0029655040000000003;0.003018752;0.003105792;0.002992128;0.002850816;0.005604352;0.004961280000000001;0.003216384;0.0024371200000000005;0.001902592;0.0027095039999999997;0.002563072;0.00231424;0.0012083200000000001;0.002006016;0.004337664;0.00525824;0.0064696319999999995;0.008208384;0.00463872;0.005840896;0.007731200000000001;0.00896512;0.007779327999999999;0.006964224;0.007953407999999999;0.00397824;0.003821568;0.00326144;0.004840448000000001;0.00573952;0.004158464;0.00377856;0.00386048;0.0034611200000000003;0.002924544;0.002699264;0.001728512;0.001362944
1789019100,hdr,0.0293;0.03906;0.04883;0.05859;0.06836;0.07813;0.08789;0.09766;0.10742;0.11719;0.12695;0.13672;0.14648;0.15625;0.16602;0.17578;0.18555;0.19531;0.20508;0.21484;0.22461;0.23438;0.24414;0.25391;0.26367;0.27344;0.2832;0.29297;0.30273;0.3125;0.32227;0.33203;0.3418;0.35156;0.36133;0.37109;0.38086;0.39063;0.40039;0.41016;0.41992;0.42969;0.43945;0.44922;0.45898;0.46875;0.47852;0.48828;0.49805;0.50781;0.51758;0.52734;0.53711;0.54688;0.55664;0.56641;0.57617;0.58594;0.5957;0.60547;0.61523;0.625;0.63477;0.64453;0.6543;0.66406;0.67383;0.68359;0.69336;0.70313;0.71289;0.72266;0.73242;0.74219;0.75195;0.76172;0.77148;0.78125;0.79102,0.0016773119999999998;0.0038338559999999996;0.004096;0.0043008000000000005;0.005505024;0.008348672;0.008658944;0.009230335999999999;0.006166527999999999;0.0039936;0.0053616639999999995;0.011196415999999999;0.028909568;0.12086067199999999;0.17627136;0.100739072;0.047116288;0.027495423999999997;0.025875455999999998;0.021523456;0.032536576;0.032611328;0.015227904;0.012834816;0.012199936;0.012639232;0.006331392;0.0074004480000000004;0.008024064;0.008630272;0.012439552000000001;0.010287104;0.008137727999999999;0.007165952000000001;0.006157312;0.006232064000000001;0.006196224;0.005037056;0.0061777920000000005;0.0030863360000000003;0.003366912;0.005291008;0.00485376;0.003206144;0.0038860800000000005;0.003074048;0.002034688;0.002792448;0.003291136;0.0033146879999999997;0.0021248;0.002110464;0.00210944;0.001882112;0.0017623040000000001;0.001395712;0.002476032;0.00293888;0.0032849919999999996;0.0048312319999999995;0.005390335999999999;0.007888896;0.008697856;0.00540672;0.004078592000000001;0.006412288;0.005100544;0.0050677759999999995;0.005148672000000001;0.004780032;0.003214336;0.002663424;0.0025118719999999996;0.0022906879999999995;0.002424832;0.001938432;0.002530304;0.002307072;0.002307072
1789020000,hdr,0.0293;0.03906;0.04883;0.05859;0.06836;0.07813;0.08789;0.09766;0.10742;0.11719;0.12695;0.13672;0.14648;0.15625;0.16602;0.17578;0.18555;0.19531;0.20508;0.21484;0.22461;0.23438;0.24414;0.25391;0.26367;0.27344;0.2832;0.29297;0.30273;0.3125;0.32227;0.33203;0.3418;0.35156;0.36133;0.37109;0.38086;0.39063;0.40039;0.41016;0.41992;0.42969;0.43945;0.44922;0.45898;0.46875;0.47852;0.48828;0.49805;0.50781;0.51758;0.52734;0.53711;0.54688;0.55664;0.56641;0.57617;0.58594;0.5957;0.60547;0.61523;0.625;0.63477;0.64453;0.6543;0.66406;0.67383;0.68359;0.69336;0.70313;0.71289;0.72266;0.73242;0.74219;0.75195;0.76172;0.77148;0.78125;0.79102,0.0070471679999999995;0.012706816000000001;0.014105600000000001;0.007629824;0.008192;0.01115648;0.015469568000000001;0.016571392;0.010472448;0.006916095999999999;0.006554624;0.01130496;0.040053759999999994;0.09862553599999999;0.153944064;0.11690496;0.03630592;0.024185856;0.0189696;0.017755135999999998;0.014031871999999999;0.006740992;0.01101824;0.021483519999999996;0.021795839999999997;0.019072;0.011878399999999999;0.010085376;0.008272895999999998;0.00627712;0.004342784;0.004975616;0.010576895999999999;0.009197568000000001;0.004964352;0.005199872;0.006046719999999999;0.004148224;0.0073410559999999994;0.005283839999999999;0.00295424;0.001898496;0.002105344;0.001915904;0.00116224;0.001353728;0.0023511039999999997;0.002706432;0.0016424959999999998;0.001796096;0.001166336;0.001754112;0.0019230719999999998;0.00216576;0.001338368;0.0014151679999999999;0.00182272;0.001559552;0.0015472639999999998;0.001687552;0.002362368;0.002226176;0.001552384;0.002356224;0.002469888;0.001890304;0.00338432;0.0042434560000000005;0.004402176;0.003487744;0.0029419520000000003;0.003319808;0.0033310719999999996;0.003796992;0.003365888;0.00357376;0.0030945279999999996;0.001371136;0.001620992
1789020900,hdr,0.0293;0.03906;0.04883;0.05859;0.06836;0.07813;0.08789;0.09766;0.10742;0.11719;0.12695;0.13672;0.14648;0.15625;0.16602;0.17578;0.18555;0.19531;0.20508;0.21484;0.22461;0.23438;0.24414;0.25391;0.26367;0.27344;0.2832;0.29297;0.30273;0.3125;0.32227;0.33203;0.3418;0.35156;0.36133;0.37109;0.38086;0.39063;0.40039;0.41016;0.41992;0.42969;0.43945;0.44922;0.45898;0.46875;0.47852;0.48828;0.49805;0.50781;0.51758;0.52734;0.53711;0.54688;0.55664;0.56641;0.57617;0.58594;0.5957;0.60547;0.61523;0.625;0.63477;0.64453;0.6543;0.66406;0.67383;0.68359;0.69336;0.70313;0.71289;0.72266;0.73242;0.74219;0.75195;0.76172;0.77148;0.78125;0.79102,0.00421888;0.011845632;0.013192192;0.00818176;0.00790528;0.010409984;0.018729984;0.01267712;0.006654976;0.0055296;0.005003264;0.009491456;0.017661952;0.062138368;0.14926438400000003;0.07425024000000001;0.038907904;0.027248640000000005;0.021792768;0.022601728;0.027269120000000004;0.025952255999999996;0.016460799999999998;0.014961664000000001;0.015413248;0.01070592;0.00962048;0.00783872;0.007847936;0.008196096000000002;0.006672384;0.008520704;0.006697984000000001;0.008784896;0.0055408639999999995;0.005822464;0.005849088;0.004559872;0.0056872960000000005;0.004819968;0.004739072;0.005223424;0.004647936;0.0025333760000000004;0.002873344;0.003011584;0.0033638400000000003;0.002970624;0.002060288;0.001412096;0.001810432;0.001381376;0.0012032;0.00129024;0.0010946560000000003;0.00076288;0.00111104;0.0014438399999999998;0.001512448;0.0023592960000000003;0.0021043200000000002;0.001927168;0.001910784;0.003299328;0.005103616;0.00417792;0.004091904;0.00409088;0.003313664;0.004023296;0.003900416;0.0036362239999999995;0.002110464;0.002837504;0.0026347520000000006;0.0037427199999999997;0.0034334720000000003;0.002573312;0.0014561280000000001
1789021800,hdr,0.0293;0.03906;0.04883;0.05859;0.06836;0.07813;0.08789;0.09766;0.10742;0.11719;0.12695;0.13672;0.14648;0.15625;0.16602;0.17578;0.18555;0.19531;0.20508;0.21484;0.22461;0.23438;0.24414;0.25391;0.26367;0.27344;0.2832;0.29297;0.30273;0.3125;0.32227;0.33203;0.3418;0.35156;0.36133;0.37109;0.38086;0.39063;0.40039;0.41016;0.41992;0.42969;0.43945;0.44922;0.45898;0.46875;0.47852;0.48828;0.49805;0.50781;0.51758;0.52734;0.53711;0.54688;0.55664;0.56641;0.57617;0.58594;0.5957;0.60547;0.61523;0.625;0.63477;0.64453;0.6543;0.66406;0.67383;0.68359;0.69336;0.70313;0.71289;0.72266;0.73242;0.74219;0.75195;0.76172;0.77148;0.78125;0.79102,0.00377856;0.009264127999999998;0.009979903999999998;0.003326976;0.001906688;0.00539648;0.0060856320000000005;0.007491584;0.006732800000000001;0.005298175999999999;0.003088384;0.006868992;0.02143744;0.07457177599999999;0.090779648;0.048989184;0.025665536;0.017616896;0.013730816;0.014257152;0.02044416;0.021363712;0.015741952;0.017162240000000002;0.015703039999999998;0.013293568;0.00708096;0.009868288000000001;0.009302016;0.004074496;0.007077888;0.010266624;0.009038848;0.005842944;0.004601856;0.0039649279999999995;0.006281215999999999;0.00708608;0.004797439999999999;0.00508928;0.006176768;0.004805632000000001;0.003183616;0.002532352;0.002890752;0.002637824;0.002306048;0.001755136;0.002169856;0.001997824;0.001759232;0.0009144320000000001;0.0006184960000000001;0.00115712;0.0015472639999999998;0.0015063040000000002;0.001376256;0.00143872;0.00119296;0.001583104;0.000979968;0.0005959680000000001;0.0007188480000000001;0.001253376;0.001422336;0.001430528;0.0010721279999999999;0.001241088;0.001809408;0.001979392;0.0016691199999999998;0.002556928;0.002409472;0.0024463360000000003;0.00198144;0.001559552;0.0019210240000000001;0.003059712;0.002089984
1789022700,hdr,0.0293;0.03906;0.04883;0.05859;0.06836;0.07813;0.08789;0.09766;0.10742;0.11719;0.12695;0.13672;0.14648;0.15625;0.16602;0.17578;0.18555;0.19531;0.20508;0.21484;0.22461;0.23438;0.24414;0.25391;0.26367;0.27344;0.2832;0.29297;0.30273;0.3125;0.32227;0.33203;0.3418;0.35156;0.36133;0.37109;0.38086;0.39063;0.40039;0.41016;0.41992;0.42969;0.43945;0.44922;0.45898;0.46875;0.47852;0.48828;0.49805;0.50781;0.51758;0.52734;0.53711;0.54688;0.55664;0.56641;0.57617;0.58594;0.5957;0.60547;0.61523;0.625;0.63477;0.64453;0.6543;0.66406;0.67383;0.68359;0.69336;0.70313;0.71289;0.72266;0.73242;0.74219;0.75195;0.76172;0.77148;0.78125;0.79102,0.002699264;0.008595456;0.006578176000000001;0.0032583679999999998;0.0042414079999999995;0.005721088;0.00958464;0.013251583999999999;0.008170496;0.007115776000000001;0.004291584000000001;0.005037056;0.014641152;0.051172352;0.160311296;0.128364544;0.045948928;0.022153216;0.013872128000000001;0.015225856;0.012667904;0.009892864;0.013406208;0.010846208000000001;0.009698304;0.009980928;0.008921087999999999;0.006218752;0.003950592;0.005865472;0.007538687999999999;0.006106112;0.0035717120000000003;0.003400704;0.004701183999999999;0.0035829760000000003;0.004143104;0.004682751999999999;0.003209216;0.003966976;0.0034375680000000002;0.002045952;0.002412544;0.002225152;0.002681856;0.0027514880000000003;0.002456576;0.001723392;0.0010465279999999997;0.001536;0.001590272;0.001850368;0.0015144960000000002;0.000867328;0.0005734399999999999;0.0006092800000000001;0.0008355839999999999;0.000888832;0.000621568;0.000852992;0.000763904;0.0006225919999999999;0.000535552;0.000466944;0.000698368;0.000661504;0.0006789119999999999;0.000544768;0.000539648;0.000448512;0.0005877759999999999;0.000502784;0.000313344;0.00025088;0.000329728;0.00055296;0.00067584;0.00054272;0.000731136
1789023600,hdr,0.0293;0.03906;0.04883;0.05859;0.06836;0.07813;0.08789;0.09766;0.10742;0.11719;0.12695;0.13672;0.14648;0.15625;0.16602;0.17578;0.18555;0.19531;0.20508;0.21484;0.22461;0.23438;0.24414;0.25391;0.26367;0.27344;0.2832;0.29297;0.30273;0.3125;0.32227;0.33203;0.3418;0.35156;0.36133;0.37109;0.38086;0.39063;0.40039;0.41016;0.41992;0.42969;0.43945;0.44922;0.45898;0.46875;0.47852;0.48828;0.49805;0.50781;0.51758;0.52734;0.53711;0.54688;0.55664;0.56641;0.57617;0.58594;0.5957;0.60547;0.61523;0.625;0.63477;0.64453;0.6543;0.66406;0.67383;0.68359;0.69336;0.70313;0.71289;0.72266;0.73242;0.74219;0.75195;0.76172;0.77148;0.78125;0.79102,0.003885056;0.009394175999999999;0.007789568;0.002850816;0.002609152;0.00281088;0.004214784;0.013492224;0.017283072;0.010500095999999999;0.00576;0.005291008;0.012326912;0.058460160000000004;0.139300864;0.097734656;0.041776127999999996;0.030395392;0.02203136;0.018594816000000004;0.02121216;0.021170176000000002;0.012174336000000001;0.007909376000000001;0.006785024000000001;0.007333888;0.007740416;0.007778304;0.009337856;0.009216;0.006436864;0.008726528;0.00799232;0.007263232;0.007816192;0.006431744;0.005211136;0.0031928320000000005;0.003504128;0.004655103999999999;0.0033300480000000004;0.002816;0.002432;0.002231296;0.0019455999999999998;0.0015206400000000002;0.001574912;0.001794048;0.001645568;0.001422336;0.0013926400000000001;0.00128512;0.00098816;0.00063488;0.000858112;0.000736256;0.000698368;0.000842752;0.000651264;0.00083968;0.000837632;0.000923648;0.00119808;0.00168448;0.001882112;0.003874816;0.004886528;0.002994176;0.002441216;0.0038635519999999997;0.004269055999999999;0.0024309759999999996;0.004790272;0.005144576;0.0054272;0.005283839999999999;0.0042496;0.005746688;0.003291136
1789024500,hdr,0.0293;0.03906;0.04883;0.05859;0.06836;0.07813;0.08789;0.09766;0.10742;0.11719;0.12695;0.13672;0.14648;0.15625;0.16602;0.17578;0.18555;0.19531;0.20508;0.21484;0.22461;0.23438;0.24414;0.25391;0.26367;0.27344;0.2832;0.29297;0.30273;0.3125;0.32227;0.33203;0.3418;0.35156;0.36133;0.37109;0.38086;0.39063;0.40039;0.41016;0.41992;0.42969;0.43945;0.44922;0.45898;0.46875;0.47852;0.48828;0.49805;0.50781;0.51758;0.52734;0.53711;0.54688;0.55664;0.56641;0.57617;0.58594;0.5957;0.60547;0.61523;0.625;0.63477;0.64453;0.6543;0.66406;0.67383;0.68359;0.69336;0.70313;0.71289;0.72266;0.73242;0.74219;0.75195;0.76172;0.77148;0.78125;0.79102,0.005977087999999999;0.012125184;0.012986368;0.007112704;0.006992895999999999;0.009428991999999999;0.010421248;0.011858944;0.015870976000000002;0.007609344;0.004419584000000001;0.00741376;0.021652479999999998;0.06294016;0.102719488;0.07581798399999999;0.037738495999999996;0.024603648000000002;0.014621696;0.007457792;0.008536064;0.017268736;0.011054079999999999;0.014686208000000001;0.013622272000000001;0.011358207999999998;0.008148992;0.009741312;0.010029056;0.010037248;0.009307136;0.008936448;0.009148416;0.00871936;0.008260608000000001;0.006514687999999999;0.00771584;0.00603136;0.004688896;0.003149824;0.003492864;0.003764224;0.003721216;0.003126272;0.0018841600000000002;0.0013148160000000001;0.0012451839999999999;0.0008304639999999999;0.001084416;0.001125376;0.000805888;0.0009461760000000001;0.001180672;0.0009984;0.001154048;0.001056768;0.001292288;0.001096704;0.0007168;0.00105472;0.0014940160000000001;0.00143872;0.0021207039999999997;0.00516608;0.006499328;0.0074301440000000005;0.007426048;0.005970944000000001;0.005047296000000001;0.007252992;0.009658367999999999;0.005830656;0.0041144319999999995;0.003984384;0.0039874559999999995;0.00492544;0.004178944;0.003081216;0.0032133120000000003
1789025400,hdr,0.0293;0.03906;0.04883;0.05859;0.06836;0.07813;0.08789;0.09766;0.10742;0.11719;0.12695;0.13672;0.14648;0.15625;0.16602;0.17578;0.18555;0.19531;0.20508;0.21484;0.22461;0.23438;0.24414;0.25391;0.26367;0.27344;0.2832;0.29297;0.30273;0.3125;0.32227;0.33203;0.3418;0.35156;0.36133;0.37109;0.38086;0.39063;0.40039;0.41016;0.41992;0.42969;0.43945;0.44922;0.45898;0.46875;0.47852;0.48828;0.49805;0.50781;0.51758;0.52734;0.53711;0.54688;0.55664;0.56641;0.57617;0.58594;0.5957;0.60547;0.61523;0.625;0.63477;0.64453;0.6543;0.66406;0.67383;0.68359;0.69336;0.70313;0.71289;0.72266;0.73242;0.74219;0.75195;0.76172;0.77148;0.78125;0.79102,0.005582848;0.010497023999999999;0.008236031999999999;0.005879808;0.005331967999999999;0.00377344;0.005321728;0.00928768;0.010848255999999999;0.005906432;0.005870592000000001;0.007289856000000001;0.019468288;0.04118323199999999;0.063494144;0.07993753599999999;0.023872512;0.015797248;0.019098623999999998;0.015136768;0.012071936000000002;0.011385856;0.010741759999999998;0.015054848;0.015869952;0.013663231999999999;0.013928448;0.009240576;0.009466879999999999;0.006699008;0.008502271999999998;0.008146944;0.009007104;0.008272895999999998;0.005775359999999999;0.004969472;0.005178367999999999;0.003971072;0.004559872;0.0033832960000000005;0.0035850240000000005;0.0033617919999999997;0.0026808319999999997;0.001872896;0.0017735679999999999;0.001728512;0.001343488;0.001917952;0.0017684480000000002;0.001277952;0.001306624;0.001026048;0.000923648;0.000827392;0.0009461760000000001;0.001263616;0.0014735360000000001;0.001344512;0.00141312;0.001380352;0.0015677439999999998;0.002997248;0.002625536;0.003637248;0.004647936;0.004209664;0.007206912;0.005753856;0.00751104;0.00603648;0.005379072;0.005122048000000001;0.006450175999999999;0.005919743999999999;0.006098944;0.004673536;0.003703808;0.0026347520000000006;0.0018524160000000002
1789026300,hdr,0.0293;0.03906;0.04883;0.05859;0.06836;0.07813;0.08789;0.09766;0.10742;0.11719;0.12695;0.13672;0.14648;0.15625;0.16602;0.17578;0.18555;0.19531;0.20508;0.21484;0.22461;0.23438;0.24414;0.25391;0.26367;0.27344;0.2832;0.29297;0.30273;0.3125;0.32227;0.33203;0.3418;0.35156;0.36133;0.37109;0.38086;0.39063;0.40039;0.41016;0.41992;0.42969;0.43945;0.44922;0.45898;0.46875;0.47852;0.48828;0.49805;0.50781;0.51758;0.52734;0.53711;0.54688;0.55664;0.56641;0.57617;0.58594;0.5957;0.60547;0.61523;0.625;0.63477;0.64453;0.6543;0.66406;0.67383;0.68359;0.69336;0.70313;0.71289;0.72266;0.73242;0.74219;0.75195;0.76172;0.77148;0.78125;0.79102,0.004152319999999999;0.009135104;0.01038848;0.007687167999999999;0.008211456;0.010186752;0.007922688;0.0052592640000000005;0.00939008;0.009887743999999999;0.006990848;0.008621055999999998;0.021285888;0.055727104;0.085861376;0.057847808;0.032134144;0.01987584;0.019178496;0.014729215999999998;0.011248639999999999;0.010118143999999999;0.014839808;0.012960768;0.012069888;0.011027456;0.008239103999999999;0.009071616;0.006903808;0.00707584;0.012615679999999999;0.012588031999999999;0.007518207999999999;0.004168704;0.0053667839999999994;0.007184384;0.005695488;0.003716096;0.005124096;0.004850688;0.003606528;0.00257024;0.0030945279999999996;0.002412544;0.0017326079999999998;0.0019496960000000001;0.0022272;0.0022374400000000003;0.0016179200000000001;0.0010127360000000002;0.001067008;0.0010608640000000001;0.0011704320000000001;0.000999424;0.000774144;0.000907264;0.0007096320000000001;0.000432128;0.0005580800000000001;0.0008366080000000001;0.000623616;0.000679936;0.0008468480000000001;0.00082944;0.001496064;0.00136704;0.001524736;0.00197632;0.0038594560000000003;0.003679232;0.002062336;0.0015953919999999997;0.003277824;0.003810304;0.0034744320000000004;0.004057088;0.0023132160000000003;0.00233984;0.002512896
1789027200,hdr,0.0293;0.03906;0.04883;0.05859;0.06836;0.07813;0.08789;0.09766;0.10742;0.11719;0.12695;0.13672;0.14648;0.15625;0.16602;0.17578;0.18555;0.19531;0.20508;0.21484;0.22461;0.23438;0.24414;0.25391;0.26367;0.27344;0.2832;0.29297;0.30273;0.3125;0.32227;0.33203;0.3418;0.35156;0.36133;0.37109;0.38086;0.39063;0.40039;0.41016;0.41992;0.42969;0.43945;0.44922;0.45898;0.46875;0.47852;0.48828;0.49805;0.50781;0.51758;0.52734;0.53711;0.54688;0.55664;0.56641;0.57617;0.58594;0.5957;0.60547;0.61523;0.625;0.63477;0.64453;0.6543;0.66406;0.67383;0.68359;0.69336;0.70313;0.71289;0.72266;0.73242;0.74219;0.75195;0.76172;0.77148;0.78125;0.79102,0.004443136;0.009767936000000001;0.005810176;0.005378048;0.00466432;0.008906751999999999;0.008565759999999999;0.010116096000000002;0.017998847999999998;0.012701696;0.00841216;0.00858624;0.016498688;0.03754496000000001;0.06880256;0.061718528;0.039968767999999995;0.021182464;0.019532800000000003;0.014404608000000001;0.010194944;0.00923648;0.0064;0.006305792;0.008399872;0.007461888;0.007097344;0.008126464;0.009453568;0.007990272;0.003931136;0.005568511999999999;0.009167871999999999;0.006486016000000001;0.004129792;0.0043161599999999994;0.0034304;0.003576832;0.0031897600000000003;0.002717696;0.002571264;0.002188288;0.001723392;0.0011755519999999998;0.001632256;0.001637376;0.001496064;0.000945152;0.0012789759999999998;0.0012646399999999998;0.0010608640000000001;0.0006225919999999999;0.0005898240000000001;0.0007423999999999999;0.0005816320000000001;0.00054272;0.00062976;0.0005816320000000001;0.000459776;0.000543744;0.000646144;0.000447488;0.000468992;0.0004352;0.00019968;0.000237568;0.000305152;0.000520192;0.000702464;0.00062976;0.000457728;0.00067072;0.000720896;0.0008704;0.000781312;0.0006830079999999999;0.0006891520000000001;0.00103936;0.001107968
1789028100,hdr,0.0293;0.03906;0.04883;0.05859;0.06836;0.07813;0.08789;0.09766;0.10742;0.11719;0.12695;0.13672;0.14648;0.15625;0.16602;0.17578;0.18555;0.19531;0.20508;0.21484;0.22461;0.23438;0.24414;0.25391;0.26367;0.27344;0.2832;0.29297;0.30273;0.3125;0.32227;0.33203;0.3418;0.35156;0.36133;0.37109;0.38086;0.39063;0.40039;0.41016;0.41992;0.42969;0.43945;0.44922;0.45898;0.46875;0.47852;0.48828;0.49805;0.50781;0.51758;0.52734;0.53711;0.54688;0.55664;0.56641;0.57617;0.58594;0.5957;0.60547;0.61523;0.625;0.63477;0.64453;0.6543;0.66406;0.67383;0.68359;0.69336;0.70313;0.71289;0.72266;0.73242;0.74219;0.75195;0.76172;0.77148;0.78125;0.79102,0.001777664;0.003105792;0.0049408;0.003411968;0.006658048;0.0077762560000000005;0.006887424;0.009585663999999999;0.023745536;0.015062016;0.004832256;0.0081408;0.030034944;0.035523584000000004;0.06818304000000001;0.08013312000000002;0.044218367999999994;0.022804480000000002;0.011021312;0.006774784000000001;0.007088128000000001;0.006597632;0.008417280000000001;0.008204288;0.00723968;0.0058992639999999995;0.007225344;0.005665791999999999;0.00749056;0.007310336000000001;0.004574208;0.006914048;0.007591936;0.004655103999999999;0.00394752;0.006037504;0.006728703999999999;0.004348928;0.004573184;0.0037304319999999997;0.004145152;0.003612672;0.003152896;0.002696192;0.001870848;0.001754112;0.002994176;0.001391616;0.0012185600000000003;0.000692224;0.000457728;0.000858112;0.000659456;0.00090624;0.00087552;0.000663552;0.000688128;0.000550912;0.000258048;0.00030617599999999996;0.000380928;0.000461824;0.000453632;0.0005898240000000001;0.0006144;0.000653312;0.0008744960000000001;0.0012871680000000002;0.00131584;0.00155648;0.001837056;0.001599488;0.0016250880000000002;0.0022353919999999997;0.003067904;0.0018288640000000001;0.002064384;0.00195584;0.002062336
1789029000,hdr,0.0293;0.03906;0.04883;0.05859;0.06836;0.07813;0.08789;0.09766;0.10742;0.11719;0.12695;0.13672;0.14648;0.15625;0.16602;0.17578;0.18555;0.19531;0.20508;0.21484;0.22461;0.23438;0.24414;0.25391;0.26367;0.27344;0.2832;0.29297;0.30273;0.3125;0.32227;0.33203;0.3418;0.35156;0.36133;0.37109;0.38086;0.39063;0.40039;0.41016;0.41992;0.42969;0.43945;0.44922;0.45898;0.46875;0.47852;0.48828;0.49805;0.50781;0.51758;0.52734;0.53711;0.54688;0.55664;0.56641;0.57617;0.58594;0.5957;0.60547;0.61523;0.625;0.63477;0.64453;0.6543;0.66406;0.67383;0.68359;0.69336;0.70313;0.71289;0.72266;0.73242;0.74219;0.75195;0.76172;0.77148;0.78125;0.79102,0.0027863040000000003;0.0054272;0.006663168;0.005240832;0.005279743999999999;0.005583872;0.006818816;0.012992512;0.018617344;0.011319296;0.010392576;0.017540095999999998;0.024449024;0.066185216;0.060454912;0.04023296;0.036578304000000006;0.029115392;0.018543616000000002;0.0132096;0.007541760000000001;0.008131583999999999;0.011506688;0.01004544;0.009761792;0.0065740799999999995;0.011227136;0.009746432000000001;0.0074751999999999996;0.007648256;0.008569855999999999;0.00809984;0.006580224;0.0051619840000000005;0.006137856;0.0042086400000000005;0.002642944;0.003099648;0.003687424;0.003453952;0.0047636480000000005;0.0030371839999999996;0.0021196799999999997;0.002208768;0.0016906239999999997;0.001999872;0.001678336;0.0012728319999999998;0.00096768;0.000891904;0.0007843840000000001;0.001226752;0.000933888;0.000758784;0.0008765439999999999;0.000751616;0.0006912;0.0005754880000000001;0.0006932479999999999;0.000899072;0.001092608;0.001358848;0.001743872;0.0015697920000000002;0.002640896;0.0024954879999999997;0.001983488;0.0018524160000000002;0.002803712;0.005850112;0.004675584;0.003419136;0.0037949439999999997;0.0038461439999999997;0.003918848;0.003902464;0.003678208;0.002243584;0.003027968
1789029900,hdr,0.0293;0.03906;0.04883;0.05859;0.06836;0.07813;0.08789;0.09766;0.10742;0.11719;0.12695;0.13672;0.14648;0.15625;0.16602;0.17578;0.18555;0.19531;0.20508;0.21484;0.22461;0.23438;0.24414;0.25391;0.26367;0.27344;0.2832;0.29297;0.30273;0.3125;0.32227;0.33203;0.3418;0.35156;0.36133;0.37109;0.38086;0.39063;0.40039;0.41016;0.41992;0.42969;0.43945;0.44922;0.45898;0.46875;0.47852;0.48828;0.49805;0.50781;0.51758;0.52734;0.53711;0.54688;0.55664;0.56641;0.57617;0.58594;0.5957;0.60547;0.61523;0.625;0.63477;0.64453;0.6543;0.66406;0.67383;0.68359;0.69336;0.70313;0.71289;0.72266;0.73242;0.74219;0.75195;0.76172;0.77148;0.78125;0.79102,0.00466432;0.011288576000000002;0.01020416;0.011236352000000002;0.006327296;0.0028344320000000004;0.0075724799999999995;0.015782912;0.022879232;0.010725376;0.011734016;0.01416704;0.067378176;0.07302860800000001;0.07217459200000001;0.051712;0.032564224;0.03117568;0.017216512000000003;0.010832896;0.007922688;0.006941696;0.006794240000000001;0.005862399999999999;0.008196096000000002;0.008301567999999999;0.011109375999999999;0.013918208000000001;0.011513856;0.007023616;0.007940095999999999;0.005433344;0.004442112;0.005865472;0.006706176;0.003981312;0.004128768;0.003540992;0.0025262080000000003;0.002163712;0.00236032;0.002254848;0.002403328;0.002373632;0.0020490240000000004;0.001381376;0.00175104;0.001189888;0.0015872;0.001016832;0.001119232;0.001306624;0.0005601279999999999;0.000543744;0.000596992;0.000770048;0.000637952;0.00099328;0.0012052480000000001;0.0011407359999999998;0.001086464;0.001477632;0.002070528;0.0023408640000000002;0.002254848;0.00270336;0.003690496;0.0038881280000000002;0.003852288;0.002427904;0.00275456;0.0029982719999999997;0.004185088000000001;0.005582848;0.004278272;0.003001344;0.002112512;0.0023459839999999997;0.004178944
1789030800,hdr,0.0293;0.03906;0.04883;0.05859;0.06836;0.07813;0.08789;0.09766;0.10742;0.11719;0.12695;0.13672;0.14648;0.15625;0.16602;0.17578;0.18555;0.19531;0.20508;0.21484;0.22461;0.23438;0.24414;0.25391;0.26367;0.27344;0.2832;0.29297;0.30273;0.3125;0.32227;0.33203;0.3418;0.35156;0.36133;0.37109;0.38086;0.39063;0.40039;0.41016;0.41992;0.42969;0.43945;0.44922;0.45898;0.46875;0.47852;0.48828;0.49805;0.50781;0.51758;0.52734;0.53711;0.54688;0.55664;0.56641;0.57617;0.58594;0.5957;0.60547;0.61523;0.625;0.63477;0.64453;0.6543;0.66406;0.67383;0.68359;0.69336;0.70313;0.71289;0.72266;0.73242;0.74219;0.75195;0.76172;0.77148;0.78125;0.79102,0.004968448;0.00794624;0.00661504;0.005271552;0.009146368;0.009523199999999999;0.009989119999999999;0.009375743999999998;0.010382336;0.008408064;0.009814016;0.017119232;0.057698304000000006;0.06490521599999999;0.046846976;0.042900480000000005;0.026926079999999998;0.013462528;0.015263744000000001;0.010000384;0.011626495999999998;0.009645056;0.013666304;0.012721152;0.009008127999999999;0.009718784;0.007641088;0.011101184;0.010517504;0.011109375999999999;0.012782591999999999;0.009931776;0.005092352;0.006320128;0.006445056;0.004726784;0.004624384;0.0032020480000000003;0.002464768;0.0022528;0.002522112;0.00299008;0.00268288;0.00272896;0.002236416;0.001758208;0.0019455999999999998;0.0020797439999999997;0.00119808;0.00109056;0.0009697280000000001;0.0008765439999999999;0.0005713920000000001;0.001036288;0.0011151359999999999;0.001188864;0.001153024;0.0010496000000000001;0.001329152;0.00149504;0.002931712;0.0020224;0.001926144;0.0029163519999999997;0.002404352;0.001662976;0.003013632;0.002048;0.005584896;0.006721536;0.00594944;0.0059391999999999995;0.00694784;0.0065587200000000005;0.00398336;0.002807808;0.0035276800000000005;0.0029337599999999997;0.0028538879999999997
1789031700,hdr,0.0293;0.03906;0.04883;0.05859;0.06836;0.07813;0.08789;0.09766;0.10742;0.11719;0.12695;0.13672;0.14648;0.15625;0.16602;0.17578;0.18555;0.19531;0.20508;0.21484;0.22461;0.23438;0.24414;0.25391;0.26367;0.27344;0.2832;0.29297;0.30273;0.3125;0.32227;0.33203;0.3418;0.35156;0.36133;0.37109;0.38086;0.39063;0.40039;0.41016;0.41992;0.42969;0.43945;0.44922;0.45898;0.46875;0.47852;0.48828;0.49805;0.50781;0.51758;0.52734;0.53711;0.54688;0.55664;0.56641;0.57617;0.58594;0.5957;0.60547;0.61523;0.625;0.63477;0.64453;0.6543;0.66406;0.67383;0.68359;0.69336;0.70313;0.71289;0.72266;0.73242;0.74219;0.75195;0.76172;0.77148;0.78125;0.79102,0.006542335999999999;0.01417216;0.014639104;0.008707072;0.0058869759999999995;0.011538432000000001;0.007901184;0.008082432;0.013724672;0.011377664;0.006479872;0.01263616;0.046710784;0.05805670400000001;0.028908543999999998;0.026492928;0.023245824000000002;0.020717568;0.010271744000000001;0.008395776;0.010913792000000002;0.009489408;0.011659264;0.012230656;0.0068526080000000005;0.007293952;0.006640640000000001;0.005057536;0.008465407999999999;0.00821248;0.008382464;0.008367104;0.007867391999999999;0.006335487999999999;0.004799488;0.004580352000000001;0.003264512;0.0035246080000000003;0.0029337599999999997;0.002787328;0.001524736;0.001579008;0.0018012159999999998;0.0017663999999999998;0.0013547519999999999;0.000898048;0.0009758719999999999;0.001442816;0.0018360320000000002;0.001281024;0.000852992;0.0014817279999999999;0.001631232;0.001504256;0.0015165439999999999;0.001811456;0.0018964479999999998;0.0019435519999999999;0.0023019520000000003;0.0032593920000000003;0.004324352;0.005444607999999999;0.007448576;0.007314432;0.006365184;0.004459520000000001;0.005690368;0.005777408;0.004431872;0.0027217920000000002;0.003400704;0.004598784000000001;0.004294656;0.002180096;0.0035614720000000004;0.0035348480000000006;0.0037693439999999996;0.003100672;0.00244736
1789032600,hdr,0.0293;0.03906;0.04883;0.05859;0.06836;0.07813;0.08789;0.09766;0.10742;0.11719;0.12695;0.13672;0.14648;0.15625;0.16602;0.17578;0.18555;0.19531;0.20508;0.21484;0.22461;0.23438;0.24414;0.25391;0.26367;0.27344;0.2832;0.29297;0.30273;0.3125;0.32227;0.33203;0.3418;0.35156;0.36133;0.37109;0.38086;0.39063;0.40039;0.41016;0.41992;0.42969;0.43945;0.44922;0.45898;0.46875;0.47852;0.48828;0.49805;0.50781;0.51758;0.52734;0.53711;0.54688;0.55664;0.56641;0.57617;0.58594;0.5957;0.60547;0.61523;0.625;0.63477;0.64453;0.6543;0.66406;0.67383;0.68359;0.69336;0.70313;0.71289;0.72266;0.73242;0.74219;0.75195;0.76172;0.77148;0.78125;0.79102,0.003273728;0.008820736000000001;0.013377536;0.0063569920000000005;0.004461567999999999;0.0043335679999999994;0.006721536;0.013553663999999998;0.015444991999999998;0.018624512;0.011131904;0.014507008000000002;0.05991936;0.07812812799999999;0.067831808;0.052094976;0.029200384;0.00810496;0.004978688;0.006603776;0.006025216000000001;0.009838592;0.009095167999999999;0.004683776;0.005326848;0.006157312;0.00622592;0.0077987840000000004;0.011165696;0.00931328;0.006023168;0.00708096;0.005735424;0.003364864;0.0040396799999999995;0.005629952000000001;0.00444416;0.002766848;0.002300928;0.001736704;0.0015544320000000001;0.001247232;0.00097792;0.0007075839999999999;0.0006502400000000001;0.001079296;0.000809984;0.000795648;0.000984064;0.0006840319999999999;0.000550912;0.0009318400000000001;0.00138752;0.002655232;0.0030300159999999995;0.002673664;0.002466816;0.003434496;0.004169728;0.00405504;0.004535295999999999;0.004322304;0.007583744000000001;0.005496832;0.006094848;0.0069222400000000005;0.00460288;0.00398848;0.0050749440000000005;0.00545792;0.004185088000000001;0.002844672;0.0023459839999999997;0.0027648;0.003605504;0.003644416;0.002282496;0.001990656;0.001611776
1789033500,hdr,0.0293;0.03906;0.04883;0.05859;0.06836;0.07813;0.08789;0.09766;0.10742;0.11719;0.12695;0.13672;0.14648;0.15625;0.16602;0.17578;0.18555;0.19531;0.20508;0.21484;0.22461;0.23438;0.24414;0.25391;0.26367;0.27344;0.2832;0.29297;0.30273;0.3125;0.32227;0.33203;0.3418;0.35156;0.36133;0.37109;0.38086;0.39063;0.40039;0.41016;0.41992;0.42969;0.43945;0.44922;0.45898;0.46875;0.47852;0.48828;0.49805;0.50781;0.51758;0.52734;0.53711;0.54688;0.55664;0.56641;0.57617;0.58594;0.5957;0.60547;0.61523;0.625;0.63477;0.64453;0.6543;0.66406;0.67383;0.68359;0.69336;0.70313;0.71289;0.72266;0.73242;0.74219;0.75195;0.76172;0.77148;0.78125;0.79102,0.002157568;0.007615488;0.010246143999999999;0.007632896;0.010079232;0.012911616;0.008086527999999999;0.011578367999999999;0.018743296000000003;0.01721856;0.012936192000000001;0.018369536;0.045338624;0.046739456;0.038938624;0.032520192;0.020120576;0.018661376;0.013786112;0.00507392;0.005016576;0.004304896000000001;0.00598016;0.005151744;0.003856384;0.0045056;0.005559295999999999;0.007827456;0.005164032;0.005740544;0.008226816;0.005183487999999999;0.00398336;0.0027115520000000003;0.001647616;0.0015953919999999997;0.001293312;0.001631232;0.003122176;0.002562048;0.001695744;0.001222656;0.001007616;0.001282048;0.0010496000000000001;0.000740352;0.000908288;0.000714752;0.0008458240000000001;0.001193984;0.00088576;0.0009523200000000001;0.001089536;0.0008488959999999999;0.001441792;0.001831936;0.0025958400000000003;0.003900416;0.0046991360000000005;0.0036843519999999997;0.00579072;0.007161855999999999;0.006972416;0.007356416;0.006921216;0.006283264;0.008909824;0.009623552;0.006390784;0.0034908160000000003;0.0034826239999999997;0.0029419520000000003;0.003050496;0.00272896;0.0020183040000000003;0.002310144;0.0024739840000000003;0.002813952;0.00292352
1789034400,hdr,0.0293;0.03906;0.04883;0.05859;0.06836;0.07813;0.08789;0.09766;0.10742;0.11719;0.12695;0.13672;0.14648;0.15625;0.16602;0.17578;0.18555;0.19531;0.20508;0.21484;0.22461;0.23438;0.24414;0.25391;0.26367;0.27344;0.2832;0.29297;0.30273;0.3125;0.32227;0.33203;0.3418;0.35156;0.36133;0.37109;0.38086;0.39063;0.40039;0.41016;0.41992;0.42969;0.43945;0.44922;0.45898;0.46875;0.47852;0.48828;0.49805;0.50781;0.51758;0.52734;0.53711;0.54688;0.55664;0.56641;0.57617;0.58594;0.5957;0.60547;0.61523;0.625;0.63477;0.64453;0.6543;0.66406;0.67383;0.68359;0.69336;0.70313;0.71289;0.72266;0.73242;0.74219;0.75195;0.76172;0.77148;0.78125;0.79102,0.001156096;0.006237184;0.0075694080000000006;0.006102016;0.00638976;0.006075392;0.003816448;0.009392128;0.02130944;0.014259200000000001;0.010860544000000001;0.021067775999999996;0.073503744;0.08787456;0.060685312000000005;0.045761536;0.015301631999999999;0.01300992;0.010409984;0.00636416;0.007118848;0.005445632;0.0063395840000000005;0.006618112;0.006771711999999999;0.0065638400000000005;0.005875712000000001;0.006111232;0.004950016;0.0066959359999999996;0.007202816000000001;0.006791167999999999;0.005261312;0.004530176;0.0037058559999999996;0.00221184;0.001938432;0.002203648;0.0021043200000000002;0.0015687680000000001;0.001911808;0.0013035520000000001;0.000770048;0.0010956800000000001;0.001145856;0.001028096;0.000780288;0.0006225919999999999;0.000750592;0.00068096;0.0006123519999999999;0.0006819840000000001;0.0009041920000000001;0.0010946560000000003;0.0012288;0.0017561599999999999;0.0017766400000000001;0.0034078719999999997;0.0028385280000000003;0.0024883199999999996;0.0041093119999999995;0.005771264;0.0076195839999999996;0.0051968;0.002596864;0.0033228800000000003;0.00482816;0.007758848;0.005318656;0.003780608;0.003503104;0.0032511999999999997;0.005082112;0.005609472000000001;0.005278720000000001;0.0026398719999999997;0.0021872639999999995;0.0019230719999999998;0.001253376
1789035300,hdr,0.0293;0.03906;0.04883;0.05859;0.06836;0.07813;0.08789;0.09766;0.10742;0.11719;0.12695;0.13672;0.14648;0.15625;0.16602;0.17578;0.18555;0.19531;0.20508;0.21484;0.22461;0.23438;0.24414;0.25391;0.26367;0.27344;0.2832;0.29297;0.30273;0.3125;0.32227;0.33203;0.3418;0.35156;0.36133;0.37109;0.38086;0.39063;0.40039;0.41016;0.41992;0.42969;0.43945;0.44922;0.45898;0.46875;0.47852;0.48828;0.49805;0.50781;0.51758;0.52734;0.53711;0.54688;0.55664;0.56641;0.57617;0.58594;0.5957;0.60547;0.61523;0.625;0.63477;0.64453;0.6543;0.66406;0.67383;0.68359;0.69336;0.70313;0.71289;0.72266;0.73242;0.74219;0.75195;0.76172;0.77148;0.78125;0.79102,0.009073664;0.00733184;0.006361088;0.007281664;0.0055982079999999995;0.004321279999999999;0.004298752;0.010768384;0.012242943999999999;0.017016832000000003;0.022979583999999997;0.025805824;0.034302976000000006;0.04342067200000001;0.03770368;0.024426496;0.017202176000000003;0.014322688;0.009628672000000001;0.012183552000000002;0.009525248;0.006371328000000001;0.006770688;0.008659967999999999;0.008475647999999999;0.007184384;0.008048640000000001;0.00686592;0.0036382720000000006;0.00514048;0.00580096;0.004274175999999999;0.00418816;0.00505344;0.004373504;0.0042659840000000004;0.003462144;0.0023500800000000005;0.0024504320000000002;0.002254848;0.001779712;0.0011233280000000003;0.0006973439999999999;0.001014784;0.000898048;0.001247232;0.0009205759999999999;0.0006082559999999999;0.000740352;0.000887808;0.00067584;0.00042291200000000006;0.000654336;0.0006973439999999999;0.0007557120000000001;0.000966656;0.00126976;0.001559552;0.001681408;0.001885184;0.002618368;0.004379648;0.005101568;0.005244928;0.004856831999999999;0.005240832;0.004103168000000001;0.00560128;0.005095424;0.003451904;0.004840448000000001;0.004220928;0.003741696;0.003446784;0.002613248;0.0020910079999999997;0.0023920639999999997;0.0028999679999999997;0.002532352
1789036200,hdr,0.0293;0.03906;0.04883;0.05859;0.06836;0.07813;0.08789;0.09766;0.10742;0.11719;0.12695;0.13672;0.14648;0.15625;0.16602;0.17578;0.18555;0.19531;0.20508;0.21484;0.22461;0.23438;0.24414;0.25391;0.26367;0.27344;0.2832;0.29297;0.30273;0.3125;0.32227;0.33203;0.3418;0.35156;0.36133;0.37109;0.38086;0.39063;0.40039;0.41016;0.41992;0.42969;0.43945;0.44922;0.45898;0.46875;0.47852;0.48828;0.49805;0.50781;0.51758;0.52734;0.53711;0.54688;0.55664;0.56641;0.57617;0.58594;0.5957;0.60547;0.61523;0.625;0.63477;0.64453;0.6543;0.66406;0.67383;0.68359;0.69336;0.70313;0.71289;0.72266;0.73242;0.74219;0.75195;0.76172;0.77148;0.78125;0.79102,0.007079935999999999;0.011940863999999999;0.009304064;0.012802047999999998;0.014764032000000002;0.007206912;0.007107584;0.0068106239999999995;0.00797696;0.011686912;0.020112383999999997;0.037114879999999996;0.046876672;0.071155712;0.041939968;0.027236352;0.026566655999999998;0.021799936;0.011862016000000001;0.011576320000000001;0.008271872;0.00597504;0.006119424;0.004685824000000001;0.005884928000000001;0.008922112000000001;0.00611328;0.004421632;0.0046049279999999995;0.004687871999999999;0.00662016;0.007115776000000001;0.0058992639999999995;0.004624384;0.003468288;0.002671616;0.002704384;0.001942528;0.001591296;0.002127872;0.001678336;0.001917952;0.001501184;0.0014274560000000001;0.0014878720000000001;0.0011264;0.000754688;0.000648192;0.000490496;0.000999424;0.0006123519999999999;0.000748544;0.0009431040000000001;0.000704512;0.000818176;0.0008366080000000001;0.0007833599999999999;0.0015851519999999998;0.0023050239999999997;0.0035399679999999997;0.00467968;0.003431424;0.004015104;0.006008832;0.005938176000000001;0.0045056;0.007079935999999999;0.006214656;0.00477696;0.005977087999999999;0.006063104000000001;0.003744768;0.004087808;0.005636096;0.004282368000000001;0.0031815679999999996;0.0023234560000000002;0.003503104;0.003598336
1789037100,hdr,0.0293;0.03906;0.04883;0.05859;0.06836;0.07813;0.08789;0.09766;0.10742;0.11719;0.12695;0.13672;0.14648;0.15625;0.16602;0.17578;0.18555;0.19531;0.20508;0.21484;0.22461;0.23438;0.24414;0.25391;0.26367;0.27344;0.2832;0.29297;0.30273;0.3125;0.32227;0.33203;0.3418;0.35156;0.36133;0.37109;0.38086;0.39063;0.40039;0.41016;0.41992;0.42969;0.43945;0.44922;0.45898;0.46875;0.47852;0.48828;0.49805;0.50781;0.51758;0.52734;0.53711;0.54688;0.55664;0.56641;0.57617;0.58594;0.5957;0.60547;0.61523;0.625;0.63477;0.64453;0.6543;0.66406;0.67383;0.68359;0.69336;0.70313;0.71289;0.72266;0.73242;0.74219;0.75195;0.76172;0.77148;0.78125;0.79102,0.0016179200000000001;0.008929280000000001;0.006844416;0.00062464;0.00271872;0.004680704000000001;0.0056576000000000005;0.014427136;0.017759232;0.019488768;0.02462208;0.031732736;0.055076864;0.059680768;0.038618112;0.02528768;0.018691072;0.022781952;0.015553536;0.008899584;0.008536064;0.009048064;0.0064256;0.005168128000000001;0.005808128;0.005106688;0.004854784000000001;0.006087679999999999;0.0052520959999999995;0.00460288;0.005210112;0.005331967999999999;0.003557376;0.00426496;0.003355648;0.0019210240000000001;0.001675264;0.0020633599999999998;0.0012318720000000002;0.001488896;0.0017305600000000001;0.002403328;0.001352704;0.000847872;0.000799744;0.001074176;0.000868352;0.000852992;0.000620544;0.0008468480000000001;0.0007495679999999999;0.00040345599999999995;0.0009912319999999999;0.00158208;0.001420288;0.001860608;0.0021032959999999997;0.002062336;0.002818048;0.0028272640000000003;0.004148224;0.004692992;0.005123071999999999;0.007151616;0.007258112;0.00567296;0.004852736;0.006242304;0.005226496;0.004272128000000001;0.003745792;0.002233344;0.0022323200000000003;0.001435648;0.0030228480000000003;0.002879488;0.0011448320000000001;0.001071104;0.002171904
1789038000,hdr,0.0293;0.03906;0.04883;0.05859;0.06836;0.07813;0.08789;0.09766;0.10742;0.11719;0.12695;0.13672;0.14648;0.15625;0.16602;0.17578;0.18555;0.19531;0.20508;0.21484;0.22461;0.23438;0.24414;0.25391;0.26367;0.27344;0.2832;0.29297;0.30273;0.3125;0.32227;0.33203;0.3418;0.35156;0.36133;0.37109;0.38086;0.39063;0.40039;0.41016;0.41992;0.42969;0.43945;0.44922;0.45898;0.46875;0.47852;0.48828;0.49805;0.50781;0.51758;0.52734;0.53711;0.54688;0.55664;0.56641;0.57617;0.58594;0.5957;0.60547;0.61523;0.625;0.63477;0.64453;0.6543;0.66406;0.67383;0.68359;0.69336;0.70313;0.71289;0.72266;0.73242;0.74219;0.75195;0.76172;0.77148;0.78125;0.79102,0.003874816;0.00623104;0.003707904;0.002548736;0.004366336;0.008392703999999999;0.006767616;0.010641408;0.016423936;0.02062336;0.018442240000000002;0.029733888;0.050663424;0.0756736;0.069184512;0.038250496;0.041374720000000004;0.026724352;0.015089664000000001;0.012239871999999999;0.012529664000000001;0.006879232;0.004031488000000001;0.004731904;0.0058316800000000005;0.003350528;0.0036239360000000003;0.004397056000000001;0.007518207999999999;0.007215104;0.007123968;0.00615424;0.0046540800000000005;0.003295232;0.003201024;0.0030535679999999996;0.002184192;0.0017131520000000001;0.002308096;0.0030986240000000003;0.002363392;0.001532928;0.0012728319999999998;0.0012247039999999999;0.00136704;0.0011007999999999999;0.0008386559999999999;0.001086464;0.0009041920000000001;0.001188864;0.001074176;0.000861184;0.001297408;0.000918528;0.001983488;0.0016650240000000002;0.002004992;0.004292608;0.005556224;0.0044103680000000004;0.0048384;0.0062126080000000005;0.00671744;0.004414464;0.0036014080000000004;0.004274175999999999;0.004332544000000001;0.004554752;0.0056330239999999995;0.0047144959999999994;0.003801088;0.004937728;0.00292352;0.002172928;0.0022026240000000002;0.0017305600000000001;0.002066432;0.0021964800000000002;0.0016916480000000002
1789038900,hdr,0.0293;0.03906;0.04883;0.05859;0.06836;0.07813;0.08789;0.09766;0.10742;0.11719;0.12695;0.13672;0.14648;0.15625;0.16602;0.17578;0.18555;0.19531;0.20508;0.21484;0.22461;0.23438;0.24414;0.25391;0.26367;0.27344;0.2832;0.29297;0.30273;0.3125;0.32227;0.33203;0.3418;0.35156;0.36133;0.37109;0.38086;0.39063;0.40039;0.41016;0.41992;0.42969;0.43945;0.44922;0.45898;0.46875;0.47852;0.48828;0.49805;0.50781;0.51758;0.52734;0.53711;0.54688;0.55664;0.56641;0.57617;0.58594;0.5957;0.60547;0.61523;0.625;0.63477;0.64453;0.6543;0.66406;0.67383;0.68359;0.69336;0.70313;0.71289;0.72266;0.73242;0.74219;0.75195;0.76172;0.77148;0.78125;0.79102,0.001631232;0.00276992;0.00211456;0.0016691199999999998;0.003538944;0.00514048;0.00633344;0.010979328000000002;0.01447424;0.01700352;0.020998144;0.026884095999999996;0.038882304;0.053989376;0.09478144000000001;0.1166336;0.04612608;0.029396992000000004;0.022796288;0.016444416;0.010228735999999999;0.010674175999999999;0.008675328;0.007545856;0.006564863999999999;0.006813696;0.007300096;0.009604096;0.008253439999999999;0.007078912000000001;0.007497728;0.008972288;0.007144447999999999;0.003950592;0.0024381439999999997;0.00326144;0.0035287039999999997;0.0025917439999999996;0.0016220159999999998;0.0017479680000000001;0.0013793280000000002;0.001143808;0.00172544;0.002185216;0.001624064;0.00126976;0.000980992;0.0009912319999999999;0.000720896;0.000649216;0.000515072;0.0006092800000000001;0.00070656;0.000626688;0.0008089600000000001;0.00084992;0.001113088;0.001513472;0.0017203200000000002;0.0026296320000000002;0.0034375680000000002;0.00326656;0.004417536;0.002577408;0.0034754559999999996;0.004666368000000001;0.005308416;0.010300416000000001;0.008526848;0.0048015359999999995;0.0042485760000000004;0.004171776000000001;0.00267264;0.0029501439999999996;0.0033617919999999997;0.002802688;0.002337792;0.0025415679999999997;0.0022538239999999998
1789039800,hdr,0.0293;0.03906;0.04883;0.05859;0.06836;0.07813;0.08789;0.09766;0.10742;0.11719;0.12695;0.13672;0.14648;0.15625;0.16602;0.17578;0.18555;0.19531;0.20508;0.21484;0.22461;0.23438;0.24414;0.25391;0.26367;0.27344;0.2832;0.29297;0.30273;0.3125;0.32227;0.33203;0.3418;0.35156;0.36133;0.37109;0.38086;0.39063;0.40039;0.41016;0.41992;0.42969;0.43945;0.44922;0.45898;0.46875;0.47852;0.48828;0.49805;0.50781;0.51758;0.52734;0.53711;0.54688;0.55664;0.56641;0.57617;0.58594;0.5957;0.60547;0.61523;0.625;0.63477;0.64453;0.6543;0.66406;0.67383;0.68359;0.69336;0.70313;0.71289;0.72266;0.73242;0.74219;0.75195;0.76172;0.77148;0.78125;0.79102,0.001656832;0.0037621760000000003;0.0072263679999999995;0.006286336;0.004952064;0.003938304;0.005769216000000001;0.010955776;0.01600512;0.014013439999999999;0.025763839999999996;0.027133952000000003;0.0516352;0.073143296;0.056249344;0.053307392;0.05757439999999999;0.033926144;0.011894784;0.009299967999999999;0.006480896000000001;0.0045823999999999995;0.006933504;0.006941696;0.006652928;0.00779776;0.004728832;0.0036730879999999997;0.003151872;0.003345408;0.004745216;0.004668415999999999;0.0038000639999999997;0.0035942400000000003;0.0025118719999999996;0.003038208;0.003212288;0.002229248;0.001973248;0.0031375360000000002;0.003451904;0.001778688;0.0009287680000000001;0.0011694079999999998;0.001220608;0.001159168;0.000831488;0.00096768;0.0009605120000000001;0.00117248;0.0007055360000000001;0.000807936;0.00089088;0.0008560640000000001;0.000869376;0.001344512;0.00144896;0.0013824;0.0015063040000000002;0.003117056;0.004094976;0.0044206079999999995;0.003832832;0.003428352;0.005187583999999999;0.006480896000000001;0.006263808;0.008148992;0.008929280000000001;0.008687616;0.010715135999999998;0.008211456;0.004712448;0.0031334399999999995;0.00383488;0.00314368;0.0028395519999999995;0.0032532480000000003;0.003293184
1789040700,hdr,0.0293;0.03906;0.04883;0.05859;0.06836;0.07813;0.08789;0.09766;0.10742;0.11719;0.12695;0.13672;0.14648;0.15625;0.16602;0.17578;0.18555;0.19531;0.20508;0.21484;0.22461;0.23438;0.24414;0.25391;0.26367;0.27344;0.2832;0.29297;0.30273;0.3125;0.32227;0.33203;0.3418;0.35156;0.36133;0.37109;0.38086;0.39063;0.40039;0.41016;0.41992;0.42969;0.43945;0.44922;0.45898;0.46875;0.47852;0.48828;0.49805;0.50781;0.51758;0.52734;0.53711;0.54688;0.55664;0.56641;0.57617;0.58594;0.5957;0.60547;0.61523;0.625;0.63477;0.64453;0.6543;0.66406;0.67383;0.68359;0.69336;0.70313;0.71289;0.72266;0.73242;0.74219;0.75195;0.76172;0.77148;0.78125;0.79102,0.0019435519999999999;0.0074004480000000004;0.00669184;0.005520384;0.0046069760000000005;0.00384512;0.006919168;0.011022335999999999;0.015115264;0.022263808;0.041438208000000004;0.074190848;0.07600230399999999;0.11462656;0.088192;0.056112128;0.039479296;0.024578047999999998;0.0099328;0.0075673599999999995;0.006106112;0.00528896;0.007223296000000001;0.00977408;0.007497728;0.00705024;0.0060835839999999995;0.0037375999999999998;0.004969472;0.004057088;0.0059269119999999995;0.0069222400000000005;0.0052592640000000005;0.0037765119999999997;0.004570112;0.003764224;0.0036648960000000004;0.002768896;0.002006016;0.00262656;0.002444288;0.002110464;0.00135168;0.001575936;0.001728512;0.001102848;0.0011755519999999998;0.0011468799999999999;0.001038336;0.001180672;0.0009441279999999999;0.0009564160000000001;0.001371136;0.00128;0.0017643519999999998;0.0024616959999999998;0.003203072;0.005262336;0.007827456;0.007251968;0.006923263999999999;0.009373695999999999;0.012250111999999999;0.010766336000000001;0.007529472;0.007888896;0.007473152;0.0067655680000000004;0.003828736;0.003026944;0.0038963199999999996;0.002705408;0.004185088000000001;0.0050503679999999995;0.0038881280000000002;0.003236864;0.002707456;0.0014243840000000001;0.0013895679999999999
1789041600,hdr,0.0293;0.03906;0.04883;0.05859;0.06836;0.07813;0.08789;0.09766;0.10742;0.11719;0.12695;0.13672;0.14648;0.15625;0.16602;0.17578;0.18555;0.19531;0.20508;0.21484;0.22461;0.23438;0.24414;0.25391;0.26367;0.27344;0.2832;0.29297;0.30273;0.3125;0.32227;0.33203;0.3418;0.35156;0.36133;0.37109;0.38086;0.39063;0.40039;0.41016;0.41992;0.42969;0.43945;0.44922;0.45898;0.46875;0.47852;0.48828;0.49805;0.50781;0.51758;0.52734;0.53711;0.54688;0.55664;0.56641;0.57617;0.58594;0.5957;0.60547;0.61523;0.625;0.63477;0.64453;0.6543;0.66406;0.67383;0.68359;0.69336;0.70313;0.71289;0.72266;0.73242;0.74219;0.75195;0.76172;0.77148;0.78125;0.79102,0.004023296;0.007020544;0.008554496000000002;0.008152063999999999;0.005721088;0.005226496;0.011701248;0.01463808;0.009916415999999999;0.018798592;0.022178816000000004;0.025228288;0.060652544;0.10806784000000001;0.06729728;0.049338368;0.038733824;0.01850368;0.014612479999999999;0.007931904;0.00507392;0.0045875199999999994;0.007199744;0.009066496;0.0077189120000000005;0.010820608;0.012873728;0.011001855999999999;0.009870335999999999;0.007329792000000001;0.005668864000000001;0.00479232;0.0042414079999999995;0.002993152;0.0020592640000000003;0.003278848;0.002523136;0.001686528;0.0017735679999999999;0.0018176000000000002;0.001659904;0.001210368;0.0016097280000000002;0.00137216;0.001127424;0.0013475839999999998;0.001333248;0.001476608;0.001559552;0.0023203839999999996;0.00300032;0.005142528;0.00677888;0.007484416;0.006368255999999999;0.0061777920000000005;0.006801408;0.00861184;0.013872128000000001;0.013203455999999999;0.008564736000000002;0.007860223999999999;0.00538624;0.005903360000000001;0.0055531520000000004;0.004093952;0.004569088;0.003960832;0.002577408;0.002761728;0.003756032;0.003201024;0.002948096;0.00199168;0.002102272;0.002794496;0.001790976;0.001752064;0.002092032
1789042500,hdr,0.0293;0.03906;0.04883;0.05859;0.06836;0.07813;0.08789;0.09766;0.10742;0.11719;0.12695;0.13672;0.14648;0.15625;0.16602;0.17578;0.18555;0.19531;0.20508;0.21484;0.22461;0.23438;0.24414;0.25391;0.26367;0.27344;0.2832;0.29297;0.30273;0.3125;0.32227;0.33203;0.3418;0.35156;0.36133;0.37109;0.38086;0.39063;0.40039;0.41016;0.41992;0.42969;0.43945;0.44922;0.45898;0.46875;0.47852;0.48828;0.49805;0.50781;0.51758;0.52734;0.53711;0.54688;0.55664;0.56641;0.57617;0.58594;0.5957;0.60547;0.61523;0.625;0.63477;0.64453;0.6543;0.66406;0.67383;0.68359;0.69336;0.70313;0.71289;0.72266;0.73242;0.74219;0.75195;0.76172;0.77148;0.78125;0.79102,0.002847744;0.004599808;0.005782528;0.005675008;0.008127487999999999;0.004391936000000001;0.007218176;0.0204544;0.020249600000000003;0.026594304;0.060670976;0.10245632;0.152373248;0.158471168;0.06936576;0.026066943999999998;0.023131136000000004;0.013967359999999998;0.011239424;0.007887871999999999;0.006843392;0.006700032;0.008627200000000002;0.006874112;0.006582272;0.005494784000000001;0.004865024;0.005408768;0.004950016;0.005244928;0.00580608;0.005859328;0.004395008;0.0034406400000000005;0.003252224;0.003088384;0.0028538879999999997;0.001790976;0.002251776;0.001987584;0.001650688;0.001731584;0.001243136;0.000905216;0.001276928;0.001184768;0.00124928;0.001257472;0.0010608640000000001;0.00128512;0.00183808;0.00374784;0.004427776;0.0038410239999999997;0.006924288;0.010413055999999999;0.014456832000000001;0.014400512;0.009840640000000001;0.012474368;0.006624256;0.005008384;0.006995968000000001;0.008317952;0.005677056000000001;0.004168704;0.004011008;0.0034867200000000004;0.002146304;0.002020352;0.0016424959999999998;0.002069504;0.004168704;0.002783232;0.0017725439999999998;0.001349632;0.001345536;0.001620992;0.002428928
1789043400,hdr,0.0293;0.03906;0.04883;0.05859;0.06836;0.07813;0.08789;0.09766;0.10742;0.11719;0.12695;0.13672;0.14648;0.15625;0.16602;0.17578;0.18555;0.19531;0.20508;0.21484;0.22461;0.23438;0.24414;0.25391;0.26367;0.27344;0.2832;0.29297;0.30273;0.3125;0.32227;0.33203;0.3418;0.35156;0.36133;0.37109;0.38086;0.39063;0.40039;0.41016;0.41992;0.42969;0.43945;0.44922;0.45898;0.46875;0.47852;0.48828;0.49805;0.50781;0.51758;0.52734;0.53711;0.54688;0.55664;0.56641;0.57617;0.58594;0.5957;0.60547;0.61523;0.625;0.63477;0.64453;0.6543;0.66406;0.67383;0.68359;0.69336;0.70313;0.71289;0.72266;0.73242;0.74219;0.75195;0.76172;0.77148;0.78125;0.79102,0.005897216;0.008470528;0.006326272;0.004140032;0.00525312;0.010836992;0.01290752;0.016331776000000003;0.021446655999999998;0.025942016;0.03135488;0.061437952000000004;0.077937664;0.136475648;0.12414668799999999;0.053045247999999996;0.016959488;0.012048384;0.01483264;0.014097407999999999;0.005763072;0.00821248;0.007010304;0.007149568;0.00773632;0.007701504;0.010573824;0.009626624;0.008873984;0.0058890240000000005;0.006234112;0.005524479999999999;0.003228672;0.0022702079999999997;0.0030607359999999997;0.00344576;0.0028416;0.002021376;0.00202752;0.00171008;0.0018831359999999999;0.001529856;0.0010936319999999998;0.0009144320000000001;0.0009594880000000001;0.000782336;0.001005568;0.0009584639999999999;0.000917504;0.0010250239999999998;0.001247232;0.00180224;0.0016773119999999998;0.001400832;0.002054144;0.00238592;0.0028272640000000003;0.0034037760000000003;0.005007360000000001;0.005312512;0.006080512;0.007886848;0.0071014400000000005;0.00514048;0.004753408000000001;0.0039895040000000005;0.00428032;0.006293504000000001;0.004353024;0.0029306880000000003;0.0037273600000000003;0.003207168;0.001968128;0.0013987840000000001;0.002762752;0.002599936;0.001885184;0.001286144;0.001750016
1789044300,hdr,0.0293;0.03906;0.04883;0.05859;0.06836;0.07813;0.08789;0.09766;0.10742;0.11719;0.12695;0.13672;0.14648;0.15625;0.16602;0.17578;0.18555;0.19531;0.20508;0.21484;0.22461;0.23438;0.24414;0.25391;0.26367;0.27344;0.2832;0.29297;0.30273;0.3125;0.32227;0.33203;0.3418;0.35156;0.36133;0.37109;0.38086;0.39063;0.40039;0.41016;0.41992;0.42969;0.43945;0.44922;0.45898;0.46875;0.47852;0.48828;0.49805;0.50781;0.51758;0.52734;0.53711;0.54688;0.55664;0.56641;0.57617;0.58594;0.5957;0.60547;0.61523;0.625;0.63477;0.64453;0.6543;0.66406;0.67383;0.68359;0.69336;0.70313;0.71289;0.72266;0.73242;0.74219;0.75195;0.76172;0.77148;0.78125;0.79102,0.002700288;0.005732352;0.005379072;0.005495808;0.00816128;0.012486656;0.013840384;0.013259776;0.018556928;0.023638016;0.06327500800000001;0.09372262399999999;0.159389696;0.171404288;0.10743193599999999;0.059564031999999996;0.040061952;0.019657728;0.009648128;0.008138752;0.007576576;0.009161728000000001;0.006386688;0.00824832;0.010580992000000001;0.007163904;0.006355968;0.008752128000000001;0.006730752;0.00822784;0.007440384;0.005592063999999999;0.004234239999999999;0.003511296;0.0037928959999999996;0.0026296320000000002;0.002014208;0.0017039359999999999;0.002086912;0.0023674879999999996;0.00167936;0.0007188480000000001;0.001052672;0.001221632;0.0009359360000000001;0.000769024;0.0008509440000000001;0.00062976;0.0007137280000000001;0.0009041920000000001;0.0007106559999999999;0.00049664;0.00089088;0.0010956800000000001;0.0012994559999999998;0.00154624;0.0010455039999999998;0.001707008;0.0018964479999999998;0.001432576;0.002269184;0.003902464;0.003786752;0.003950592;0.004346879999999999;0.005650432;0.006019072;0.0064645119999999995;0.006341632;0.005046272;0.0044851199999999996;0.0035860479999999997;0.002753536;0.002412544;0.0031559680000000003;0.0037273600000000003;0.0024832;0.0022947840000000002;0.0015185919999999998
1789046100,hdr,0.0293;0.03906;0.04883;0.05859;0.06836;0.07813;0.08789;0.09766;0.10742;0.11719;0.12695;0.13672;0.14648;0.15625;0.16602;0.17578;0.18555;0.19531;0.20508;0.21484;0.22461;0.23438;0.24414;0.25391;0.26367;0.27344;0.2832;0.29297;0.30273;0.3125;0.32227;0.33203;0.3418;0.35156;0.36133;0.37109;0.38086;0.39063;0.40039;0.41016;0.41992;0.42969;0.43945;0.44922;0.45898;0.46875;0.47852;0.48828;0.49805;0.50781;0.51758;0.52734;0.53711;0.54688;0.55664;0.56641;0.57617;0.58594;0.5957;0.60547;0.61523;0.625;0.63477;0.64453;0.6543;0.66406;0.67383;0.68359;0.69336;0.70313;0.71289;0.72266;0.73242;0.74219;0.75195;0.76172;0.77148;0.78125;0.79102,0.0059238400000000005;0.009954304;0.009154559999999999;0.005496832;0.008122368;0.007015424;0.007552;0.012949503999999999;0.013372416;0.014342144;0.031105024000000002;0.080899072;0.18334412800000002;0.329930752;0.150858752;0.07087001600000001;0.042386432;0.020255744;0.011523072;0.011334656;0.010853376;0.011081727999999999;0.013273088;0.012060672;0.01128448;0.0099328;0.00722944;0.006134784;0.00663552;0.007556096000000001;0.0076994559999999995;0.007311359999999999;0.004026368;0.0051251199999999995;0.004521984;0.003095552;0.0025671680000000003;0.002369536;0.002499584;0.00257024;0.002466816;0.001641472;0.0016220159999999998;0.001130496;0.0009727999999999999;0.000812032;0.0006973439999999999;0.0006737919999999999;0.0007423999999999999;0.0010199039999999999;0.0009297919999999999;0.0008069119999999999;0.0015943679999999999;0.0015431680000000001;0.001447936;0.002161664;0.0032276479999999996;0.0044544;0.004486144;0.0060907520000000005;0.00522752;0.006432768;0.008409088;0.0067205120000000005;0.006499328;0.005906432;0.008441856;0.006628352;0.0022886399999999998;0.004040704;0.004329472;0.0022784000000000003;0.004091904;0.003641344;0.003222528;0.0031539199999999997;0.0022558720000000003;0.0019230719999999998;0.001221632
1789047000,hdr,0.0293;0.03906;0.04883;0.05859;0.06836;0.07813;0.08789;0.09766;0.10742;0.11719;0.12695;0.13672;0.14648;0.15625;0.16602;0.17578;0.18555;0.19531;0.20508;0.21484;0.22461;0.23438;0.24414;0.25391;0.26367;0.27344;0.2832;0.29297;0.30273;0.3125;0.32227;0.33203;0.3418;0.35156;0.36133;0.37109;0.38086;0.39063;0.40039;0.41016;0.41992;0.42969;0.43945;0.44922;0.45898;0.46875;0.47852;0.48828;0.49805;0.50781;0.51758;0.52734;0.53711;0.54688;0.55664;0.56641;0.57617;0.58594;0.5957;0.60547;0.61523;0.625;0.63477;0.64453;0.6543;0.66406;0.67383;0.68359;0.69336;0.70313;0.71289;0.72266;0.73242;0.74219;0.75195;0.76172;0.77148;0.78125;0.79102,0.008525824000000001;0.009218048;0.005261312;0.004473856;0.000872448;0.003861504;0.005316608;0.009735167999999999;0.016460799999999998;0.028035072;0.06521344;0.11832217599999999;0.127983616;0.157142016;0.1124352;0.055653376000000004;0.031738880000000004;0.012949503999999999;0.011271168;0.008754175999999999;0.008701952;0.011664384;0.012192768;0.011885568;0.010098688;0.007692287999999999;0.007340032;0.007576576;0.005456896000000001;0.004740096;0.005937152;0.00504832;0.004845568000000001;0.004603904000000001;0.002404352;0.002610176;0.0017182719999999999;0.001508352;0.0014172160000000002;0.001288192;0.001829888;0.0014919679999999998;0.000738304;0.000869376;0.000903168;0.0008837120000000001;0.000740352;0.0006850560000000001;0.000603136;0.000493568;0.000800768;0.0005816320000000001;0.000519168;0.000661504;0.0009349119999999999;0.0018196479999999999;0.00236544;0.001885184;0.004595711999999999;0.00685568;0.00430592;0.005428224000000001;0.006792192;0.008055808000000001;0.0066682880000000005;0.00704;0.00622592;0.0049653760000000005;0.003885056;0.002936832;0.0028917760000000004;0.0035850240000000005;0.004224;0.0042659840000000004;0.00285696;0.001860608;0.001221632;0.001501184;0.00176128
1789047900,hdr,0.0293;0.03906;0.04883;0.05859;0.06836;0.07813;0.08789;0.09766;0.10742;0.11719;0.12695;0.13672;0.14648;0.15625;0.16602;0.17578;0.18555;0.19531;0.20508;0.21484;0.22461;0.23438;0.24414;0.25391;0.26367;0.27344;0.2832;0.29297;0.30273;0.3125;0.32227;0.33203;0.3418;0.35156;0.36133;0.37109;0.38086;0.39063;0.40039;0.41016;0.41992;0.42969;0.43945;0.44922;0.45898;0.46875;0.47852;0.48828;0.49805;0.50781;0.51758;0.52734;0.53711;0.54688;0.55664;0.56641;0.57617;0.58594;0.5957;0.60547;0.61523;0.625;0.63477;0.64453;0.6543;0.66406;0.67383;0.68359;0.69336;0.70313;0.71289;0.72266;0.73242;0.74219;0.75195;0.76172;0.77148;0.78125;0.79102,0.00392704;0.00793088;0.008472576;0.006044672;0.0046991360000000005;0.0021504000000000002;0.0055183359999999996;0.013886464;0.016176127999999998;0.027879424;0.040696832;0.09215488000000001;0.128900096;0.115187712;0.08815104;0.041627648;0.023100416;0.016809984;0.016450559999999996;0.016345088;0.011414528;0.014042111999999999;0.016835584000000004;0.009092096;0.010323968000000001;0.014427136;0.014931967999999999;0.00790528;0.0072785919999999995;0.005286912;0.006023168;0.004907008;0.003079168;0.003400704;0.0029378560000000004;0.003063808;0.0038266879999999995;0.002671616;0.002500608;0.001002496;0.000939008;0.0014499839999999999;0.001014784;0.001588224;0.001910784;0.0012113920000000002;0.0011120639999999998;0.000990208;0.00063488;0.000842752;0.000719872;0.00091648;0.0010209280000000002;0.001084416;0.001338368;0.00183296;0.001708032;0.002054144;0.004161536;0.005644288000000001;0.0035788799999999996;0.006607872;0.007714816;0.0052019200000000005;0.005859328;0.005279743999999999;0.005237759999999999;0.00507904;0.005069824;0.004913152;0.00357376;0.00301056;0.0031784960000000003;0.0032573439999999997;0.0020746239999999997;0.0016138239999999998;0.001134592;0.001906688;0.0018923520000000001
1789048800,hdr,0.0293;0.03906;0.04883;0.05859;0.06836;0.07813;0.08789;0.09766;0.10742;0.11719;0.12695;0.13672;0.14648;0.15625;0.16602;0.17578;0.18555;0.19531;0.20508;0.21484;0.22461;0.23438;0.24414;0.25391;0.26367;0.27344;0.2832;0.29297;0.30273;0.3125;0.32227;0.33203;0.3418;0.35156;0.36133;0.37109;0.38086;0.39063;0.40039;0.41016;0.41992;0.42969;0.43945;0.44922;0.45898;0.46875;0.47852;0.48828;0.49805;0.50781;0.51758;0.52734;0.53711;0.54688;0.55664;0.56641;0.57617;0.58594;0.5957;0.60547;0.61523;0.625;0.63477;0.64453;0.6543;0.66406;0.67383;0.68359;0.69336;0.70313;0.71289;0.72266;0.73242;0.74219;0.75195;0.76172;0.77148;0.78125;0.79102,0.00517632;0.004837376;0.003848192;0.00291328;0.006073344;0.008841215999999999;0.007093248;0.011357184;0.017440768;0.020381696;0.061674496;0.101974016;0.1215232;0.128548864;0.103585792;0.050127872000000004;0.036574208;0.02125824;0.024230912;0.017860608;0.01445376;0.013034496000000001;0.012370944;0.012060672;0.010320896;0.01001984;0.011230207999999998;0.0085504;0.007248896;0.0070021120000000004;0.008952832;0.0066048;0.004110336;0.004190208000000001;0.00538624;0.005597184;0.002840576;0.001913856;0.0023173119999999998;0.001984512;0.0009594880000000001;0.001238016;0.0014653440000000002;0.001675264;0.000877568;0.000869376;0.0006850560000000001;0.000413696;0.0008222720000000001;0.000877568;0.0009943039999999999;0.001384448;0.001634304;0.0020592640000000003;0.0014878720000000001;0.001837056;0.0023674879999999996;0.001504256;0.003231744;0.0047564799999999996;0.007498751999999999;0.005916672;0.00510976;0.009001984000000001;0.0065812480000000005;0.00717824;0.00690688;0.005537792;0.006956032;0.004339712;0.003646464;0.005839871999999999;0.003703808;0.002825216;0.001603584;0.002592768;0.002665472;0.001936384;0.0017192959999999997
1789049700,hdr,0.0293;0.03906;0.04883;0.05859;0.06836;0.07813;0.08789;0.09766;0.10742;0.11719;0.12695;0.13672;0.14648;0.15625;0.16602;0.17578;0.18555;0.19531;0.20508;0.21484;0.22461;0.23438;0.24414;0.25391;0.26367;0.27344;0.2832;0.29297;0.30273;0.3125;0.32227;0.33203;0.3418;0.35156;0.36133;0.37109;0.38086;0.39063;0.40039;0.41016;0.41992;0.42969;0.43945;0.44922;0.45898;0.46875;0.47852;0.48828;0.49805;0.50781;0.51758;0.52734;0.53711;0.54688;0.55664;0.56641;0.57617;0.58594;0.5957;0.60547;0.61523;0.625;0.63477;0.64453;0.6543;0.66406;0.67383;0.68359;0.69336;0.70313;0.71289;0.72266;0.73242;0.74219;0.75195;0.76172;0.77148;0.78125;0.79102,0.004471808;0.007778304;0.005116928;0.003151872;0.002542592;0.005106688;0.010031103999999999;0.008819712000000002;0.016965631999999998;0.023058432;0.039456767999999996;0.07999795200000001;0.144360448;0.20509696;0.122628096;0.073070592;0.063527936;0.03367321599999999;0.016766976;0.0158464;0.014439424000000001;0.017563648;0.020235264;0.021069824;0.018443264;0.007469056000000001;0.007248896;0.010293248;0.012675072;0.008677376;0.004992;0.004596736;0.004302848;0.004052992;0.0032501760000000005;0.0026398719999999997;0.002244608;0.002543616;0.00292864;0.001972224;0.001238016;0.0016066560000000001;0.001284096;0.001391616;0.001276928;0.000769024;0.0005580800000000001;0.000528384;0.000769024;0.0007495679999999999;0.0007372800000000001;0.001055744;0.0012042239999999998;0.001226752;0.001586176;0.001414144;0.0016445440000000002;0.003400704;0.003158016;0.0041564160000000005;0.005266432;0.006380544000000001;0.00677888;0.007444480000000001;0.005891072;0.004279296;0.004389888;0.003848192;0.005001216;0.004952064;0.0018442240000000002;0.00290304;0.0027514880000000003;0.0033208319999999997;0.003861504;0.003803136;0.003559424;0.0021667839999999997;0.001645568
1789050600,hdr,0.0293;0.03906;0.04883;0.05859;0.06836;0.07813;0.08789;0.09766;0.10742;0.11719;0.12695;0.13672;0.14648;0.15625;0.16602;0.17578;0.18555;0.19531;0.20508;0.21484;0.22461;0.23438;0.24414;0.25391;0.26367;0.27344;0.2832;0.29297;0.30273;0.3125;0.32227;0.33203;0.3418;0.35156;0.36133;0.37109;0.38086;0.39063;0.40039;0.41016;0.41992;0.42969;0.43945;0.44922;0.45898;0.46875;0.47852;0.48828;0.49805;0.50781;0.51758;0.52734;0.53711;0.54688;0.55664;0.56641;0.57617;0.58594;0.5957;0.60547;0.61523;0.625;0.63477;0.64453;0.6543;0.66406;0.67383;0.68359;0.69336;0.70313;0.71289;0.72266;0.73242;0.74219;0.75195;0.76172;0.77148;0.78125;0.79102,0.005009407999999999;0.011668480000000002;0.007022592;0.0037150720000000003;0.008232960000000001;0.010217472000000002;0.014655488;0.013427712;0.010170368;0.01669632;0.060492800000000006;0.10782412799999999;0.110298112;0.158332928;0.09395097599999999;0.043029504;0.025576448;0.013571071999999998;0.010446848;0.013793279999999998;0.014190592;0.014587904;0.016116736;0.020314112000000002;0.013554688;0.009422848;0.007655424;0.005020672;0.00653312;0.007259135999999999;0.0071424;0.005526528;0.005044224;0.005095424;0.00320512;0.004371456;0.002579456;0.002455552;0.0032593920000000003;0.0022487040000000002;0.001258496;0.00110592;0.0008304639999999999;0.001165312;0.001099776;0.001133568;0.00129024;0.000802816;0.00108544;0.00084992;0.000616448;0.0006778880000000001;0.0006830079999999999;0.0006840319999999999;0.000521216;0.0005836799999999999;0.0008744960000000001;0.0011735040000000001;0.00137216;0.001436672;0.002276352;0.002705408;0.0026449919999999997;0.003068928;0.004184064;0.0054435840000000004;0.004326399999999999;0.004739072;0.006049792;0.004107264;0.0050155519999999995;0.003996672;0.003043328;0.0037027839999999998;0.003535872;0.00338432;0.0022568959999999996;0.001874944;0.002428928
1789051500,hdr,0.0293;0.03906;0.04883;0.05859;0.06836;0.07813;0.08789;0.09766;0.10742;0.11719;0.12695;0.13672;0.14648;0.15625;0.16602;0.17578;0.18555;0.19531;0.20508;0.21484;0.22461;0.23438;0.24414;0.25391;0.26367;0.27344;0.2832;0.29297;0.30273;0.3125;0.32227;0.33203;0.3418;0.35156;0.36133;0.37109;0.38086;0.39063;0.40039;0.41016;0.41992;0.42969;0.43945;0.44922;0.45898;0.46875;0.47852;0.48828;0.49805;0.50781;0.51758;0.52734;0.53711;0.54688;0.55664;0.56641;0.57617;0.58594;0.5957;0.60547;0.61523;0.625;0.63477;0.64453;0.6543;0.66406;0.67383;0.68359;0.69336;0.70313;0.71289;0.72266;0.73242;0.74219;0.75195;0.76172;0.77148;0.78125;0.79102,0.003856384;0.007933952;0.005188608;0.0033218559999999998;0.002573312;0.006872064000000001;0.008076288;0.012967936;0.019023872;0.024247295999999998;0.070330368;0.09717759999999999;0.08282112;0.11978035199999999;0.08456601600000001;0.034648064;0.02102272;0.010631168000000002;0.012040192;0.010743807999999999;0.006674432000000001;0.009619456;0.011945983999999998;0.01472;0.017204223999999997;0.013357056;0.011420672;0.010550272;0.007616512000000001;0.008625152;0.005977087999999999;0.00596992;0.006326272;0.00353792;0.0040243200000000005;0.005094400000000001;0.0036648960000000004;0.00289792;0.002748416;0.0019466239999999999;0.0015697920000000002;0.0008765439999999999;0.000813056;0.001155072;0.001110016;0.00082432;0.000748544;0.000672768;0.000951296;0.00085504;0.000489472;0.00034304;0.000447488;0.00063488;0.00045056;0.00088576;0.00128512;0.001184768;0.00091136;0.000745472;0.0009482239999999999;0.0009984;0.001096704;0.0010833919999999999;0.001475584;0.002177024;0.002618368;0.003559424;0.0034488319999999998;0.0033167360000000002;0.003740672;0.0034744320000000004;0.005303295999999999;0.0049233919999999995;0.002852864;0.0025364479999999997;0.0029716480000000003;0.0035778560000000004;0.002371584
1789052400,hdr,0.0293;0.03906;0.04883;0.05859;0.06836;0.07813;0.08789;0.09766;0.10742;0.11719;0.12695;0.13672;0.14648;0.15625;0.16602;0.17578;0.18555;0.19531;0.20508;0.21484;0.22461;0.23438;0.24414;0.25391;0.26367;0.27344;0.2832;0.29297;0.30273;0.3125;0.32227;0.33203;0.3418;0.35156;0.36133;0.37109;0.38086;0.39063;0.40039;0.41016;0.41992;0.42969;0.43945;0.44922;0.45898;0.46875;0.47852;0.48828;0.49805;0.50781;0.51758;0.52734;0.53711;0.54688;0.55664;0.56641;0.57617;0.58594;0.5957;0.60547;0.61523;0.625;0.63477;0.64453;0.6543;0.66406;0.67383;0.68359;0.69336;0.70313;0.71289;0.72266;0.73242;0.74219;0.75195;0.76172;0.77148;0.78125;0.79102,0.006454272;0.006689791999999999;0.005142528;0.004508671999999999;0.006239232;0.004772864000000001;0.00580608;0.016364543999999998;0.015337472;0.019623936;0.052359168;0.120452096;0.166356992;0.19297996800000003;0.098156544;0.028226559999999998;0.016414719999999997;0.01177088;0.010872832;0.014066687999999999;0.017308672;0.014756864;0.012417023999999999;0.013638655999999999;0.008440832;0.010821632;0.013763583999999999;0.011096064000000001;0.010468351999999998;0.008914944;0.0052572159999999995;0.005307392;0.007496704000000001;0.0064665600000000005;0.005832703999999999;0.004048896000000001;0.003463168;0.0029061119999999998;0.002968576;0.0029655040000000003;0.002778112;0.0014274560000000001;0.001281024;0.0013926400000000001;0.001294336;0.0008192000000000001;0.0009400319999999999;0.000652288;0.000932864;0.00087552;0.000525312;0.000439296;0.00044339199999999997;0.00039219200000000003;0.000520192;0.000432128;0.000351232;0.00050176;0.00037888;0.000489472;0.000621568;0.0005560319999999999;0.00047820800000000004;0.000637952;0.001067008;0.001188864;0.001221632;0.0016148479999999999;0.002143232;0.002366464;0.001670144;0.001583104;0.0029061119999999998;0.002927616;0.002019328;0.002746368;0.002666496;0.002770944;0.002729984
1789053300,hdr,0.0293;0.03906;0.04883;0.05859;0.06836;0.07813;0.08789;0.09766;0.10742;0.11719;0.12695;0.13672;0.14648;0.15625;0.16602;0.17578;0.18555;0.19531;0.20508;0.21484;0.22461;0.23438;0.24414;0.25391;0.26367;0.27344;0.2832;0.29297;0.30273;0.3125;0.32227;0.33203;0.3418;0.35156;0.36133;0.37109;0.38086;0.39063;0.40039;0.41016;0.41992;0.42969;0.43945;0.44922;0.45898;0.46875;0.47852;0.48828;0.49805;0.50781;0.51758;0.52734;0.53711;0.54688;0.55664;0.56641;0.57617;0.58594;0.5957;0.60547;0.61523;0.625;0.63477;0.64453;0.6543;0.66406;0.67383;0.68359;0.69336;0.70313;0.71289;0.72266;0.73242;0.74219;0.75195;0.76172;0.77148;0.78125;0.79102,0.0039034879999999997;0.007955456;0.00800256;0.0053411840000000006;0.0025937919999999997;0.003311616;0.005510144;0.006100992;0.013432832;0.033599488;0.053771264000000006;0.10644582400000001;0.142608384;0.102961152;0.051567616000000004;0.027626496;0.014472191999999998;0.011701248;0.011575296;0.012900351999999999;0.011614208;0.010425344000000001;0.01342976;0.013822976;0.010327040000000001;0.010822656000000002;0.007772160000000001;0.013946880000000002;0.013288448;0.011552768;0.008775680000000001;0.006562816;0.005619712;0.00247808;0.00170496;0.0029655040000000003;0.003721216;0.002849792;0.001870848;0.001544192;0.001634304;0.00133632;0.001680384;0.001795072;0.0008488959999999999;0.000924672;0.0009482239999999999;0.00080384;0.0008468480000000001;0.0009256959999999999;0.001114112;0.001440768;0.0012001280000000002;0.001716224;0.001656832;0.002428928;0.00325632;0.005129216000000001;0.005586944;0.005788672000000001;0.005058559999999999;0.003648512;0.006089728;0.007427072;0.005867519999999999;0.007181312;0.007888896;0.0045793280000000006;0.008031232;0.00508928;0.004484096000000001;0.004262912000000001;0.0032440319999999996;0.005963776;0.006043648;0.003385344;0.0024422399999999996;0.002845696;0.002014208
1789054200,hdr,0.0293;0.03906;0.04883;0.05859;0.06836;0.07813;0.08789;0.09766;0.10742;0.11719;0.12695;0.13672;0.14648;0.15625;0.16602;0.17578;0.18555;0.19531;0.20508;0.21484;0.22461;0.23438;0.24414;0.25391;0.26367;0.27344;0.2832;0.29297;0.30273;0.3125;0.32227;0.33203;0.3418;0.35156;0.36133;0.37109;0.38086;0.39063;0.40039;0.41016;0.41992;0.42969;0.43945;0.44922;0.45898;0.46875;0.47852;0.48828;0.49805;0.50781;0.51758;0.52734;0.53711;0.54688;0.55664;0.56641;0.57617;0.58594;0.5957;0.60547;0.61523;0.625;0.63477;0.64453;0.6543;0.66406;0.67383;0.68359;0.69336;0.70313;0.71289;0.72266;0.73242;0.74219;0.75195;0.76172;0.77148;0.78125;0.79102,0.009422848;0.016863232;0.016836607999999996;0.009194496;0.010071040000000002;0.010759168000000001;0.011669503999999999;0.016934912;0.009303039999999999;0.014688256000000002;0.054580224000000004;0.11246182399999999;0.182270976;0.14963916800000002;0.07187763200000001;0.046712832;0.015684608;0.013517824;0.015179775999999999;0.012114943999999999;0.00735232;0.008395776;0.0057344;0.006134784;0.00866304;0.008311807999999999;0.009826304;0.006409216;0.005671936;0.006291456;0.004140032;0.004969472;0.004097024;0.00268288;0.002874368;0.001466368;0.001409024;0.001483776;0.001763328;0.0015534079999999998;0.000915456;0.000905216;0.000828416;0.000918528;0.000980992;0.0009431040000000001;0.001103872;0.0010475520000000002;0.00097792;0.000818176;0.001152;0.0021268479999999998;0.00268288;0.003120128;0.0031375360000000002;0.00188928;0.004301823999999999;0.00503808;0.00556544;0.0054784;0.004508671999999999;0.011354112000000001;0.019003392;0.016669696;0.010913792000000002;0.006263808;0.006511616;0.006050816;0.006853632;0.00477184;0.0065566719999999995;0.006193152;0.004000768;0.0028436480000000003;0.003309568;0.003249152;0.0034959360000000003;0.0026849280000000005;0.00231424
1789055100,hdr,0.0293;0.03906;0.04883;0.05859;0.06836;0.07813;0.08789;0.09766;0.10742;0.11719;0.12695;0.13672;0.14648;0.15625;0.16602;0.17578;0.18555;0.19531;0.20508;0.21484;0.22461;0.23438;0.24414;0.25391;0.26367;0.27344;0.2832;0.29297;0.30273;0.3125;0.32227;0.33203;0.3418;0.35156;0.36133;0.37109;0.38086;0.39063;0.40039;0.41016;0.41992;0.42969;0.43945;0.44922;0.45898;0.46875;0.47852;0.48828;0.49805;0.50781;0.51758;0.52734;0.53711;0.54688;0.55664;0.56641;0.57617;0.58594;0.5957;0.60547;0.61523;0.625;0.63477;0.64453;0.6543;0.66406;0.67383;0.68359;0.69336;0.70313;0.71289;0.72266;0.73242;0.74219;0.75195;0.76172;0.77148;0.78125;0.79102,0.004200447999999999;0.011371520000000001;0.005276672;0.006829056;0.012791807999999998;0.00854528;0.008290304;0.009506816000000001;0.015875072;0.022782976000000003;0.040608767999999996;0.085361664;0.102805504;0.1644544;0.118905856;0.037259264;0.015123455999999999;0.011452416;0.014928896;0.013502464;0.010496;0.008783872000000002;0.009999359999999999;0.011070464;0.010127359999999998;0.009435136;0.010299392;0.0070092800000000005;0.006598656;0.005888;0.00500224;0.0070471679999999995;0.005705728;0.0027965439999999998;0.002448384;0.0021893120000000005;0.001716224;0.0015103999999999999;0.001477632;0.001634304;0.001028096;0.001358848;0.001288192;0.001301504;0.001306624;0.001139712;0.000867328;0.001695744;0.001826816;0.002188288;0.001978368;0.0025856;0.0029163519999999997;0.003587072;0.003785728;0.005712895999999999;0.007496704000000001;0.009419776;0.013254656;0.011187200000000001;0.009765888;0.008335359999999998;0.012291072;0.0076288;0.008542208;0.011147263999999999;0.005752831999999999;0.006544384;0.004811776;0.003515392;0.004130816000000001;0.004798464;0.004035584;0.002787328;0.003262464;0.0039168;0.0022886399999999998;0.001933312;0.002542592
1789056000,hdr,0.0293;0.03906;0.04883;0.05859;0.06836;0.07813;0.08789;0.09766;0.10742;0.11719;0.12695;0.13672;0.14648;0.15625;0.16602;0.17578;0.18555;0.19531;0.20508;0.21484;0.22461;0.23438;0.24414;0.25391;0.26367;0.27344;0.2832;0.29297;0.30273;0.3125;0.32227;0.33203;0.3418;0.35156;0.36133;0.37109;0.38086;0.39063;0.40039;0.41016;0.41992;0.42969;0.43945;0.44922;0.45898;0.46875;0.47852;0.48828;0.49805;0.50781;0.51758;0.52734;0.53711;0.54688;0.55664;0.56641;0.57617;0.58594;0.5957;0.60547;0.61523;0.625;0.63477;0.64453;0.6543;0.66406;0.67383;0.68359;0.69336;0.70313;0.71289;0.72266;0.73242;0.74219;0.75195;0.76172;0.77148;0.78125;0.79102,0.017977343999999996;0.019846144;0.018893823999999997;0.015127551999999999;0.009523199999999999;0.004216832;0.007215104;0.009214976;0.009843712;0.016920576;0.056003583999999995;0.1188096;0.19553792;0.133065728;0.052677632;0.026314752;0.023129088;0.015812608;0.010876928;0.017432576;0.020597760000000003;0.016644096;0.013961216;0.017695744000000003;0.015028224;0.016128;0.010484736;0.008530943999999999;0.008538111999999999;0.007067648;0.00547328;0.0052019200000000005;0.0050800640000000005;0.005044224;0.00356352;0.0029655040000000003;0.0022466560000000005;0.0017684480000000002;0.0014847999999999999;0.001002496;0.0015114240000000001;0.00164864;0.0009472;0.001110016;0.001106944;0.001096704;0.0015185919999999998;0.001702912;0.00146432;0.002056192;0.00253952;0.003065856;0.002896896;0.00517632;0.006731776;0.00542208;0.00508928;0.008247296;0.012284928;0.01195008;0.007852032;0.008624128;0.012801024;0.010645504;0.008349696;0.006288384;0.004224;0.00553472;0.005737472;0.006337536;0.003919872;0.003649536;0.004637696;0.002945024;0.0027863040000000003;0.003764224;0.002886656;0.0023592960000000003;0.002599936
1789056900,hdr,0.0293;0.03906;0.04883;0.05859;0.06836;0.07813;0.08789;0.09766;0.10742;0.11719;0.12695;0.13672;0.14648;0.15625;0.16602;0.17578;0.18555;0.19531;0.20508;0.21484;0.22461;0.23438;0.24414;0.25391;0.26367;0.27344;0.2832;0.29297;0.30273;0.3125;0.32227;0.33203;0.3418;0.35156;0.36133;0.37109;0.38086;0.39063;0.40039;0.41016;0.41992;0.42969;0.43945;0.44922;0.45898;0.46875;0.47852;0.48828;0.49805;0.50781;0.51758;0.52734;0.53711;0.54688;0.55664;0.56641;0.57617;0.58594;0.5957;0.60547;0.61523;0.625;0.63477;0.64453;0.6543;0.66406;0.67383;0.68359;0.69336;0.70313;0.71289;0.72266;0.73242;0.74219;0.75195;0.76172;0.77148;0.78125;0.79102,0.016787456;0.027439104;0.015027200000000001;0.006158336;0.004974592000000001;0.005486591999999999;0.007271424;0.013146112000000001;0.017123328;0.021791744000000002;0.03799347199999999;0.08890265599999998;0.143659008;0.125753344;0.055278592;0.033564672;0.015627264000000002;0.010281984000000001;0.014013439999999999;0.014911488;0.01004032;0.010839040000000001;0.007496704000000001;0.007304192;0.01223168;0.007027712;0.00848384;0.007864320000000001;0.0074004480000000004;0.005766143999999999;0.006076416;0.005505024;0.004251648;0.003255296;0.002331648;0.001957888;0.0017397760000000002;0.001447936;0.001395712;0.001318912;0.000964608;0.0008704;0.001139712;0.0013905920000000002;0.0018237440000000002;0.0014653440000000002;0.001637376;0.0027514880000000003;0.003007488;0.0025262080000000003;0.0043008000000000005;0.007175168000000001;0.0053504;0.007461888;0.010381312;0.006657023999999999;0.009888768;0.015166464;0.019146752;0.015342592;0.007201792;0.00799744;0.010743807999999999;0.009840640000000001;0.0099072;0.009567232;0.005228544;0.005194752;0.008564736000000002;0.004642816;0.004984832000000001;0.004773888;0.0028549120000000002;0.0026859519999999997;0.003201024;0.003707904;0.002768896;0.0023889920000000004;0.00282624
1789057800,hdr,0.0293;0.03906;0.04883;0.05859;0.06836;0.07813;0.08789;0.09766;0.10742;0.11719;0.12695;0.13672;0.14648;0.15625;0.16602;0.17578;0.18555;0.19531;0.20508;0.21484;0.22461;0.23438;0.24414;0.25391;0.26367;0.27344;0.2832;0.29297;0.30273;0.3125;0.32227;0.33203;0.3418;0.35156;0.36133;0.37109;0.38086;0.39063;0.40039;0.41016;0.41992;0.42969;0.43945;0.44922;0.45898;0.46875;0.47852;0.48828;0.49805;0.50781;0.51758;0.52734;0.53711;0.54688;0.55664;0.56641;0.57617;0.58594;0.5957;0.60547;0.61523;0.625;0.63477;0.64453;0.6543;0.66406;0.67383;0.68359;0.69336;0.70313;0.71289;0.72266;0.73242;0.74219;0.75195;0.76172;0.77148;0.78125;0.79102,0.00897536;0.019609599999999998;0.012125184;0.004503552;0.009863168;0.010386432;0.010523648;0.013960192;0.016475135999999998;0.026057728;0.04032;0.064024576;0.177086464;0.20871884799999998;0.056228864;0.030960640000000005;0.020801536;0.015388672;0.0137472;0.013997056;0.0129024;0.010655744;0.012378111999999998;0.009634816000000001;0.006839296;0.009544704;0.008806399999999999;0.00643584;0.005843968;0.006294528;0.00648704;0.003663872;0.0032430080000000003;0.003874816;0.0017326079999999998;0.0022015999999999997;0.0018483199999999999;0.00150528;0.001814528;0.001652736;0.00162816;0.0016148479999999999;0.0013342719999999998;0.001097728;0.0009758719999999999;0.0009256959999999999;0.0012154879999999998;0.0012994559999999998;0.001601536;0.0019435519999999999;0.002922496;0.00344576;0.002071552;0.003838976;0.00448;0.003735552;0.0056975360000000004;0.009345024;0.008962047999999999;0.008525824000000001;0.007103487999999999;0.00659968;0.006255616;0.008481792000000002;0.008775680000000001;0.006978559999999999;0.006047744;0.0051712;0.006111232;0.00462848;0.0030330879999999998;0.004306943999999999;0.004687871999999999;0.003897344;0.002612224;0.0016384000000000001;0.0022405119999999996;0.002374656;0.001961984
1789058700,hdr,0.0293;0.03906;0.04883;0.05859;0.06836;0.07813;0.08789;0.09766;0.10742;0.11719;0.12695;0.13672;0.14648;0.15625;0.16602;0.17578;0.18555;0.19531;0.20508;0.21484;0.22461;0.23438;0.24414;0.25391;0.26367;0.27344;0.2832;0.29297;0.30273;0.3125;0.32227;0.33203;0.3418;0.35156;0.36133;0.37109;0.38086;0.39063;0.40039;0.41016;0.41992;0.42969;0.43945;0.44922;0.45898;0.46875;0.47852;0.48828;0.49805;0.50781;0.51758;0.52734;0.53711;0.54688;0.55664;0.56641;0.57617;0.58594;0.5957;0.60547;0.61523;0.625;0.63477;0.64453;0.6543;0.66406;0.67383;0.68359;0.69336;0.70313;0.71289;0.72266;0.73242;0.74219;0.75195;0.76172;0.77148;0.78125;0.79102,0.017616896;0.02277888;0.013779968;0.012703744000000001;0.013039616;0.010656768;0.019220479999999998;0.023079936000000002;0.019496960000000004;0.022362112;0.043824128000000004;0.049799168000000005;0.126675968;0.14909337600000003;0.083017728;0.04007526399999999;0.02452992;0.014960639999999999;0.01355776;0.016836607999999996;0.009657344000000002;0.008940544;0.011759616;0.011928576;0.012178432000000001;0.012278784;0.008726528;0.008548351999999999;0.007934976;0.007655424;0.006677504;0.005664768;0.004867072;0.002783232;0.0017735679999999999;0.0022978559999999996;0.0018360320000000002;0.001349632;0.0009359360000000001;0.0010936319999999998;0.0016895999999999999;0.001874944;0.001199104;0.0007075839999999999;0.0007219199999999999;0.00074752;0.001352704;0.001271808;0.0007936;0.001027072;0.001729536;0.001864704;0.001579008;0.001062912;0.0015697920000000002;0.0035850240000000005;0.004219903999999999;0.004209664;0.004614144;0.007032832;0.00928768;0.008578048000000001;0.008926208;0.007392256;0.005083135999999999;0.0068106239999999995;0.0069324799999999995;0.005750784000000001;0.006253567999999999;0.004426751999999999;0.0049602560000000006;0.003709952;0.0034181119999999996;0.003228672;0.003538944;0.002770944;0.0026439680000000004;0.003770368;0.001937408
1789059600,hdr,0.0293;0.03906;0.04883;0.05859;0.06836;0.07813;0.08789;0.09766;0.10742;0.11719;0.12695;0.13672;0.14648;0.15625;0.16602;0.17578;0.18555;0.19531;0.20508;0.21484;0.22461;0.23438;0.24414;0.25391;0.26367;0.27344;0.2832;0.29297;0.30273;0.3125;0.32227;0.33203;0.3418;0.35156;0.36133;0.37109;0.38086;0.39063;0.40039;0.41016;0.41992;0.42969;0.43945;0.44922;0.45898;0.46875;0.47852;0.48828;0.49805;0.50781;0.51758;0.52734;0.53711;0.54688;0.55664;0.56641;0.57617;0.58594;0.5957;0.60547;0.61523;0.625;0.63477;0.64453;0.6543;0.66406;0.67383;0.68359;0.69336;0.70313;0.71289;0.72266;0.73242;0.74219;0.75195;0.76172;0.77148;0.78125;0.79102,0.007906304;0.016461824;0.016820223999999998;0.010556416;0.007281664;0.01069568;0.014365696;0.009860095999999999;0.0075171840000000005;0.014681088000000002;0.04291072;0.057691136;0.10533888000000001;0.13369856;0.08317337600000001;0.046930943999999995;0.025252863999999996;0.015763456;0.008162304;0.006647808;0.012054528;0.017641472000000002;0.015388672;0.013366272;0.016251904;0.010842112000000001;0.007182336;0.009170944000000002;0.007195648;0.0045056;0.004830208;0.00536576;0.00444928;0.0034498560000000003;0.0027729919999999997;0.002353152;0.002852864;0.00266752;0.001503232;0.00178176;0.001461248;0.00091136;0.001016832;0.000736256;0.000513024;0.00067584;0.00099328;0.00098816;0.000779264;0.001098752;0.00158208;0.0019128320000000002;0.001317888;0.0015667199999999997;0.0023838720000000004;0.002546688;0.0027975680000000003;0.004591616;0.006837248;0.005372928;0.0058019840000000005;0.00660992;0.006612992;0.009523199999999999;0.013351936;0.01252352;0.008046592;0.008044544;0.008369152;0.005021696000000001;0.0036280320000000002;0.003183616;0.003398656;0.003919872;0.0039055360000000003;0.004037632;0.002801664;0.00330752;0.003984384
1789060500,hdr,0.0293;0.03906;0.04883;0.05859;0.06836;0.07813;0.08789;0.09766;0.10742;0.11719;0.12695;0.13672;0.14648;0.15625;0.16602;0.17578;0.18555;0.19531;0.20508;0.21484;0.22461;0.23438;0.24414;0.25391;0.26367;0.27344;0.2832;0.29297;0.30273;0.3125;0.32227;0.33203;0.3418;0.35156;0.36133;0.37109;0.38086;0.39063;0.40039;0.41016;0.41992;0.42969;0.43945;0.44922;0.45898;0.46875;0.47852;0.48828;0.49805;0.50781;0.51758;0.52734;0.53711;0.54688;0.55664;0.56641;0.57617;0.58594;0.5957;0.60547;0.61523;0.625;0.63477;0.64453;0.6543;0.66406;0.67383;0.68359;0.69336;0.70313;0.71289;0.72266;0.73242;0.74219;0.75195;0.76172;0.77148;0.78125;0.79102,0.01221632;0.016882688000000003;0.007610368;0.003505152;0.0072386559999999996;0.012530688;0.016755712;0.012383232;0.008415232;0.008424448000000001;0.026873855999999998;0.05718937600000001;0.07952486399999999;0.12946227200000002;0.138710016;0.045351936;0.015632384;0.01208832;0.011086848;0.017283072;0.017431552;0.011431936;0.013927424;0.01501184;0.015556608;0.012355584000000001;0.012555264;0.009049088;0.0068106239999999995;0.005865472;0.006203391999999999;0.005128192;0.0035450879999999996;0.0036239360000000003;0.001928192;0.001560576;0.0010014719999999998;0.001775616;0.0009349119999999999;0.000688128;0.000744448;0.0010752000000000001;0.001041408;0.00050176;0.000524288;0.000637952;0.001062912;0.001990656;0.002116608;0.0017336320000000001;0.001728512;0.002210816;0.003795968;0.0032276479999999996;0.0023848959999999996;0.0055060479999999995;0.0058839040000000006;0.005871616;0.009452544;0.010606591999999998;0.010768384;0.016576512;0.012320768;0.007668736;0.011945983999999998;0.011057152;0.010810368;0.010796032;0.010451968;0.007023616;0.0051722240000000004;0.004775936;0.005677056000000001;0.0049408;0.00321536;0.003726336;0.00384512;0.00292864;0.00282112
1789061400,hdr,0.0293;0.03906;0.04883;0.05859;0.06836;0.07813;0.08789;0.09766;0.10742;0.11719;0.12695;0.13672;0.14648;0.15625;0.16602;0.17578;0.18555;0.19531;0.20508;0.21484;0.22461;0.23438;0.24414;0.25391;0.26367;0.27344;0.2832;0.29297;0.30273;0.3125;0.32227;0.33203;0.3418;0.35156;0.36133;0.37109;0.38086;0.39063;0.40039;0.41016;0.41992;0.42969;0.43945;0.44922;0.45898;0.46875;0.47852;0.48828;0.49805;0.50781;0.51758;0.52734;0.53711;0.54688;0.55664;0.56641;0.57617;0.58594;0.5957;0.60547;0.61523;0.625;0.63477;0.64453;0.6543;0.66406;0.67383;0.68359;0.69336;0.70313;0.71289;0.72266;0.73242;0.74219;0.75195;0.76172;0.77148;0.78125;0.79102,0.005723136;0.013126656;0.014470144;0.014676992;0.009686016;0.012184575999999999;0.013102080000000002;0.01373696;0.009248768;0.014178304000000001;0.033185792;0.060172288;0.09845145599999999;0.141176832;0.09693900800000001;0.037936128;0.018894848;0.013955072;0.012942335999999999;0.015377408000000002;0.01037824;0.011904;0.010928127999999999;0.015814656;0.012758015999999999;0.010900479999999999;0.008537088000000002;0.007398399999999999;0.008740864;0.008424448000000001;0.005352448;0.003462144;0.004285440000000001;0.0025651199999999997;0.003308544;0.002067456;0.0013905920000000002;0.001521664;0.0018135039999999999;0.001531904;0.00137216;0.001053696;0.0014827520000000002;0.001193984;0.001024;0.001088512;0.000632832;0.00081408;0.001251328;0.0016445440000000002;0.00159232;0.002036736;0.0029501439999999996;0.0027555839999999997;0.004527104;0.006493184;0.005837824;0.004435968;0.005486591999999999;0.006936576;0.0064194560000000005;0.008512511999999998;0.00823808;0.00661504;0.006457344;0.008601600000000001;0.008598528000000001;0.005726208;0.003469312;0.003986432;0.0064696319999999995;0.00451584;0.004770816;0.0057968640000000005;0.004018176;0.0042936319999999995;0.004943871999999999;0.0037222400000000004;0.0020879360000000003
1789062300,hdr,0.0293;0.03906;0.04883;0.05859;0.06836;0.07813;0.08789;0.09766;0.10742;0.11719;0.12695;0.13672;0.14648;0.15625;0.16602;0.17578;0.18555;0.19531;0.20508;0.21484;0.22461;0.23438;0.24414;0.25391;0.26367;0.27344;0.2832;0.29297;0.30273;0.3125;0.32227;0.33203;0.3418;0.35156;0.36133;0.37109;0.38086;0.39063;0.40039;0.41016;0.41992;0.42969;0.43945;0.44922;0.45898;0.46875;0.47852;0.48828;0.49805;0.50781;0.51758;0.52734;0.53711;0.54688;0.55664;0.56641;0.57617;0.58594;0.5957;0.60547;0.61523;0.625;0.63477;0.64453;0.6543;0.66406;0.67383;0.68359;0.69336;0.70313;0.71289;0.72266;0.73242;0.74219;0.75195;0.76172;0.77148;0.78125;0.79102,0.008962047999999999;0.017783808;0.01510912;0.007555072;0.009572352000000001;0.009883648000000002;0.011445248;0.013467648;0.00418816;0.006132736000000001;0.01493504;0.032736256;0.077745152;0.097024;0.043431936000000004;0.037454848;0.015663104;0.012946431999999999;0.0069918720000000005;0.005523456;0.00644608;0.005006336;0.003969024;0.007371776;0.00742912;0.007170048000000001;0.004723712;0.003597312;0.004989951999999999;0.0045475839999999995;0.003960832;0.003872768;0.002475008;0.0017182719999999999;0.001497088;0.001329152;0.00111104;0.001414144;0.001127424;0.0006696959999999999;0.000643072;0.0006963200000000001;0.0008458240000000001;0.0008355839999999999;0.000528384;0.000388096;0.000714752;0.001152;0.000900096;0.00075776;0.001102848;0.001021952;0.000781312;0.001593344;0.0026490879999999995;0.003680256;0.004350976;0.003736576;0.003149824;0.005775359999999999;0.005900287999999999;0.00816128;0.009832448;0.00876032;0.009165824000000001;0.007090175999999999;0.006844416;0.00481792;0.00699392;0.0067532799999999995;0.005292032;0.0060682240000000005;0.005809152;0.004083712000000001;0.0038021120000000003;0.0035399679999999997;0.003703808;0.0015677439999999998;0.002706432
1789063200,hdr,0.0293;0.03906;0.04883;0.05859;0.06836;0.07813;0.08789;0.09766;0.10742;0.11719;0.12695;0.13672;0.14648;0.15625;0.16602;0.17578;0.18555;0.19531;0.20508;0.21484;0.22461;0.23438;0.24414;0.25391;0.26367;0.27344;0.2832;0.29297;0.30273;0.3125;0.32227;0.33203;0.3418;0.35156;0.36133;0.37109;0.38086;0.39063;0.40039;0.41016;0.41992;0.42969;0.43945;0.44922;0.45898;0.46875;0.47852;0.48828;0.49805;0.50781;0.51758;0.52734;0.53711;0.54688;0.55664;0.56641;0.57617;0.58594;0.5957;0.60547;0.61523;0.625;0.63477;0.64453;0.6543;0.66406;0.67383;0.68359;0.69336;0.70313;0.71289;0.72266;0.73242;0.74219;0.75195;0.76172;0.77148;0.78125;0.79102,0.009444352000000001;0.018978816;0.019139583999999998;0.011248639999999999;0.0077711360000000005;0.00773632;0.014068735999999998;0.010500095999999999;0.011297792;0.01483264;0.023958528000000003;0.06495744;0.056121344;0.09950208;0.08749363200000002;0.031034368000000003;0.021229568;0.012991488;0.01156608;0.011290623999999999;0.009109504;0.007274496;0.006411264;0.007309312;0.008955904;0.006098944;0.007502848;0.006349824;0.006583296;0.005491711999999999;0.004588544;0.003267584;0.0026347520000000006;0.0021370879999999997;0.001799168;0.001512448;0.001113088;0.000763904;0.000638976;0.000398336;0.000544768;0.000611328;0.000442368;0.00074752;0.000802816;0.000813056;0.000858112;0.001371136;0.0009717759999999999;0.00091648;0.001422336;0.001446912;0.0020879360000000003;0.00393728;0.003735552;0.004457472;0.007211008;0.008901632;0.010678271999999999;0.009890815999999998;0.008922112000000001;0.012661759999999998;0.014825472;0.010437632000000002;0.010093567999999999;0.010897408;0.01015296;0.010059776;0.007113728;0.00512;0.004072447999999999;0.004636672;0.005076991999999999;0.003654656;0.0038696959999999997;0.002451456;0.0027453439999999994;0.002535424;0.002981888
1789064100,hdr,0.0293;0.03906;0.04883;0.05859;0.06836;0.07813;0.08789;0.09766;0.10742;0.11719;0.12695;0.13672;0.14648;0.15625;0.16602;0.17578;0.18555;0.19531;0.20508;0.21484;0.22461;0.23438;0.24414;0.25391;0.26367;0.27344;0.2832;0.29297;0.30273;0.3125;0.32227;0.33203;0.3418;0.35156;0.36133;0.37109;0.38086;0.39063;0.40039;0.41016;0.41992;0.42969;0.43945;0.44922;0.45898;0.46875;0.47852;0.48828;0.49805;0.50781;0.51758;0.52734;0.53711;0.54688;0.55664;0.56641;0.57617;0.58594;0.5957;0.60547;0.61523;0.625;0.63477;0.64453;0.6543;0.66406;0.67383;0.68359;0.69336;0.70313;0.71289;0.72266;0.73242;0.74219;0.75195;0.76172;0.77148;0.78125;0.79102,0.015113216;0.028679168;0.035662848;0.019291136000000004;0.014411776;0.011436032;0.011885568;0.013155328;0.012397568;0.012123136;0.012980224;0.04167372799999999;0.08531148799999999;0.079128576;0.055849984;0.046614527999999995;0.034525184;0.014261247999999999;0.010173439999999999;0.006478848;0.008713216;0.007115776000000001;0.00715264;0.007512064;0.007641088;0.004401152;0.0032573439999999997;0.00442368;0.005547008;0.0039700479999999995;0.003748864;0.002880512;0.002092032;0.001583104;0.0015656959999999999;0.001242112;0.000941056;0.000843776;0.000651264;0.0008355839999999999;0.001743872;0.0021534719999999996;0.00222208;0.00323072;0.002967552;0.005787648;0.008471552000000002;0.009058304;0.014553088000000002;0.012952576;0.010606591999999998;0.016277504;0.017731584;0.018111488000000002;0.012950528000000001;0.010917887999999999;0.020262912;0.020054016;0.011941888000000001;0.009288704;0.014231552000000001;0.01916928;0.013818879999999999;0.006977536;0.007883776;0.00865792;0.005131264;0.006089728;0.00548864;0.006873087999999999;0.0060958720000000004;0.004627455999999999;0.0024576;0.003444736;0.003667968;0.004037632;0.002807808;0.002878464;0.002236416
1789065000,hdr,0.0293;0.03906;0.04883;0.05859;0.06836;0.07813;0.08789;0.09766;0.10742;0.11719;0.12695;0.13672;0.14648;0.15625;0.16602;0.17578;0.18555;0.19531;0.20508;0.21484;0.22461;0.23438;0.24414;0.25391;0.26367;0.27344;0.2832;0.29297;0.30273;0.3125;0.32227;0.33203;0.3418;0.35156;0.36133;0.37109;0.38086;0.39063;0.40039;0.41016;0.41992;0.42969;0.43945;0.44922;0.45898;0.46875;0.47852;0.48828;0.49805;0.50781;0.51758;0.52734;0.53711;0.54688;0.55664;0.56641;0.57617;0.58594;0.5957;0.60547;0.61523;0.625;0.63477;0.64453;0.6543;0.66406;0.67383;0.68359;0.69336;0.70313;0.71289;0.72266;0.73242;0.74219;0.75195;0.76172;0.77148;0.78125;0.79102,0.016641024;0.019062784;0.012058624;0.014630912000000001;0.017395712;0.012382208;0.008840192;0.010527744;0.014331904000000001;0.015681536;0.01580032;0.03438284800000001;0.052829184;0.055459839999999996;0.050153472000000004;0.028525567999999998;0.017382400000000003;0.009402367999999998;0.006358016;0.007601152;0.009207808000000001;0.007656448000000001;0.006447104;0.006044672;0.006228992;0.005532672;0.008295424000000001;0.0050503679999999995;0.0032194560000000003;0.002704384;0.002584576;0.0020736;0.001232896;0.001053696;0.0010516479999999999;0.00085504;0.0005703679999999999;0.00039731200000000003;0.000611328;0.000748544;0.000779264;0.001277952;0.0018862080000000001;0.004018176;0.006752256;0.008625152;0.008363008;0.009810944;0.012464128000000001;0.021321727999999998;0.023427072;0.034328576;0.036365312000000004;0.025293824;0.018597888000000003;0.012985344;0.014332928;0.013053952;0.010726399999999999;0.0161792;0.011840512000000001;0.008367104;0.00776704;0.005661696;0.003764224;0.0046540800000000005;0.004524032;0.0037662719999999998;0.003311616;0.002502656;0.003042304;0.006751232;0.00510976;0.003588096;0.002676736;0.0037683200000000003;0.002453504;0.003366912;0.0037191679999999997
1789065900,hdr,0.0293;0.03906;0.04883;0.05859;0.06836;0.07813;0.08789;0.09766;0.10742;0.11719;0.12695;0.13672;0.14648;0.15625;0.16602;0.17578;0.18555;0.19531;0.20508;0.21484;0.22461;0.23438;0.24414;0.25391;0.26367;0.27344;0.2832;0.29297;0.30273;0.3125;0.32227;0.33203;0.3418;0.35156;0.36133;0.37109;0.38086;0.39063;0.40039;0.41016;0.41992;0.42969;0.43945;0.44922;0.45898;0.46875;0.47852;0.48828;0.49805;0.50781;0.51758;0.52734;0.53711;0.54688;0.55664;0.56641;0.57617;0.58594;0.5957;0.60547;0.61523;0.625;0.63477;0.64453;0.6543;0.66406;0.67383;0.68359;0.69336;0.70313;0.71289;0.72266;0.73242;0.74219;0.75195;0.76172;0.77148;0.78125;0.79102,0.01080832;0.01306112;0.01016832;0.008829952;0.008169472;0.008583168000000002;0.014723072;0.011209728;0.011163648000000002;0.014025728000000001;0.015833088;0.01872384;0.029500416;0.041893888;0.053567487999999996;0.037225472;0.018902016;0.010103808;0.006300671999999999;0.005562368000000001;0.003798016;0.0032870399999999998;0.004379648;0.005768192;0.004835328;0.0034867200000000004;0.003492864;0.002847744;0.0020582400000000002;0.001031168;0.001284096;0.000843776;0.000869376;0.000879616;0.00101888;0.0005642239999999999;0.000662528;0.00059904;0.000510976;0.000668672;0.001091584;0.0019476480000000002;0.0025415679999999997;0.002651136;0.003478528;0.0063395840000000005;0.0068474880000000005;0.010729472;0.023585792;0.03450572799999999;0.025841664;0.022901759999999997;0.019828736;0.022846464;0.027088895999999998;0.017173504;0.008229888000000001;0.010587135999999999;0.015341568000000002;0.01385984;0.008256512;0.0069273600000000005;0.009688064;0.008326144;0.006938624;0.0065515519999999995;0.008085504;0.007584768;0.005028863999999999;0.004814848;0.0034406400000000005;0.0031774719999999998;0.003378176;0.003699712;0.0025047039999999995;0.0024104960000000003;0.0033884159999999996;0.002803712;0.002174976
1789066800,hdr,0.0293;0.03906;0.04883;0.05859;0.06836;0.07813;0.08789;0.09766;0.10742;0.11719;0.12695;0.13672;0.14648;0.15625;0.16602;0.17578;0.18555;0.19531;0.20508;0.21484;0.22461;0.23438;0.24414;0.25391;0.26367;0.27344;0.2832;0.29297;0.30273;0.3125;0.32227;0.33203;0.3418;0.35156;0.36133;0.37109;0.38086;0.39063;0.40039;0.41016;0.41992;0.42969;0.43945;0.44922;0.45898;0.46875;0.47852;0.48828;0.49805;0.50781;0.51758;0.52734;0.53711;0.54688;0.55664;0.56641;0.57617;0.58594;0.5957;0.60547;0.61523;0.625;0.63477;0.64453;0.6543;0.66406;0.67383;0.68359;0.69336;0.70313;0.71289;0.72266;0.73242;0.74219;0.75195;0.76172;0.77148;0.78125;0.79102,0.012823552;0.01373696;0.01165312;0.005154816;0.004768768;0.008192;0.007894016;0.011291648000000001;0.01154048;0.009883648000000002;0.013133824;0.019760128000000002;0.025929728;0.025337856;0.025392128;0.023518208000000002;0.011270144000000001;0.006744063999999999;0.00906752;0.00942592;0.006745088;0.004609024;0.004926464;0.004486144;0.00418816;0.0036270079999999997;0.0029491200000000004;0.0023347199999999998;0.0019087359999999999;0.001253376;0.000847872;0.001420288;0.00124928;0.000520192;0.0009717759999999999;0.0014233599999999998;0.001501184;0.0016128;0.002402304;0.0028538879999999997;0.002460672;0.0040642560000000005;0.010739712000000002;0.016902144;0.016207871999999998;0.023988224;0.023415807999999996;0.026744832;0.027368448;0.031480832;0.031689728;0.034715648;0.02311168;0.020603904;0.024859648;0.023206912;0.014183424;0.019416063999999997;0.021764095999999997;0.01846784;0.013754367999999998;0.007614464;0.007213056;0.008767487999999999;0.0068352000000000005;0.007515136;0.008385536;0.00633856;0.005715968;0.004321279999999999;0.0038993920000000002;0.005292032;0.004795392;0.0037375999999999998;0.0039649279999999995;0.003288064;0.0032768000000000003;0.003223552;0.002569216
1789067700,hdr,0.0293;0.03906;0.04883;0.05859;0.06836;0.07813;0.08789;0.09766;0.10742;0.11719;0.12695;0.13672;0.14648;0.15625;0.16602;0.17578;0.18555;0.19531;0.20508;0.21484;0.22461;0.23438;0.24414;0.25391;0.26367;0.27344;0.2832;0.29297;0.30273;0.3125;0.32227;0.33203;0.3418;0.35156;0.36133;0.37109;0.38086;0.39063;0.40039;0.41016;0.41992;0.42969;0.43945;0.44922;0.45898;0.46875;0.47852;0.48828;0.49805;0.50781;0.51758;0.52734;0.53711;0.54688;0.55664;0.56641;0.57617;0.58594;0.5957;0.60547;0.61523;0.625;0.63477;0.64453;0.6543;0.66406;0.67383;0.68359;0.69336;0.70313;0.71289;0.72266;0.73242;0.74219;0.75195;0.76172;0.77148;0.78125;0.79102,0.006726656;0.015187968;0.024334335999999998;0.013197312;0.009038848;0.013485056;0.01727488;0.013865983999999998;0.010600448;0.0107008;0.013343744;0.018573312;0.020550656;0.01947136;0.024173568;0.016822272;0.009034751999999998;0.009832448;0.0098816;0.006858752;0.004127744;0.003072;0.003264512;0.004117504;0.004745216;0.002766848;0.002737152;0.002286592;0.0015103999999999999;0.0011714560000000002;0.0012369920000000001;0.000941056;0.0005642239999999999;0.000632832;0.001145856;0.001238016;0.0016128;0.001926144;0.002809856;0.0046694399999999995;0.004332544000000001;0.005487616;0.009536512;0.016546816;0.024630272;0.031342592;0.024777728;0.023801856;0.023199743999999998;0.029300736;0.027331584;0.014687232;0.01671168;0.018159615999999996;0.01153024;0.015289344;0.011793408;0.011696128;0.007549952;0.008088576;0.008938496;0.004383743999999999;0.006588415999999999;0.008835072;0.008055808000000001;0.005711872;0.00643584;0.005743616;0.0031354879999999996;0.004395008;0.003744768;0.0022927360000000005;0.0024791039999999998;0.0037048320000000004;0.002697216;0.002571264;0.00232448;0.001654784;0.001922048
1789068600,hdr,0.0293;0.03906;0.04883;0.05859;0.06836;0.07813;0.08789;0.09766;0.10742;0.11719;0.12695;0.13672;0.14648;0.15625;0.16602;0.17578;0.18555;0.19531;0.20508;0.21484;0.22461;0.23438;0.24414;0.25391;0.26367;0.27344;0.2832;0.29297;0.30273;0.3125;0.32227;0.33203;0.3418;0.35156;0.36133;0.37109;0.38086;0.39063;0.40039;0.41016;0.41992;0.42969;0.43945;0.44922;0.45898;0.46875;0.47852;0.48828;0.49805;0.50781;0.51758;0.52734;0.53711;0.54688;0.55664;0.56641;0.57617;0.58594;0.5957;0.60547;0.61523;0.625;0.63477;0.64453;0.6543;0.66406;0.67383;0.68359;0.69336;0.70313;0.71289;0.72266;0.73242;0.74219;0.75195;0.76172;0.77148;0.78125;0.79102,0.023530495999999998;0.026300415999999997;0.022489088;0.012676096;0.013288448;0.018202624;0.015378432000000001;0.016472063999999998;0.0112896;0.008561664;0.013043711999999999;0.013412352;0.022962176;0.037168128;0.037970944000000006;0.015947776;0.00812032;0.007742464;0.007573504;0.005543936;0.006787072;0.0051619840000000005;0.002654208;0.003503104;0.0028057599999999996;0.0029255680000000004;0.001814528;0.0014438399999999998;0.0010127360000000002;0.001656832;0.00128;0.0009738240000000001;0.0008519679999999999;0.000759808;0.00084992;0.0008622079999999999;0.0015114240000000001;0.001538048;0.0017663999999999998;0.002783232;0.005551103999999999;0.0064194560000000005;0.007882752;0.012771328000000002;0.021835775999999998;0.025232383999999997;0.033162239999999996;0.027286528;0.02224128;0.031446016;0.05069824;0.028135424;0.016447488;0.015092736;0.017472512;0.015038464;0.011614208;0.011980800000000002;0.00881152;0.010673152;0.009000959999999999;0.007154688;0.006862848;0.006375424;0.010546176;0.008771584;0.008261632000000001;0.006669312;0.004184064;0.003920896;0.0035829760000000003;0.003065856;0.002722816;0.003525632;0.004240384;0.003603456;0.0028221440000000004;0.002021376;0.0023357440000000003
1789069500,hdr,0.0293;0.03906;0.04883;0.05859;0.06836;0.07813;0.08789;0.09766;0.10742;0.11719;0.12695;0.13672;0.14648;0.15625;0.16602;0.17578;0.18555;0.19531;0.20508;0.21484;0.22461;0.23438;0.24414;0.25391;0.26367;0.27344;0.2832;0.29297;0.30273;0.3125;0.32227;0.33203;0.3418;0.35156;0.36133;0.37109;0.38086;0.39063;0.40039;0.41016;0.41992;0.42969;0.43945;0.44922;0.45898;0.46875;0.47852;0.48828;0.49805;0.50781;0.51758;0.52734;0.53711;0.54688;0.55664;0.56641;0.57617;0.58594;0.5957;0.60547;0.61523;0.625;0.63477;0.64453;0.6543;0.66406;0.67383;0.68359;0.69336;0.70313;0.71289;0.72266;0.73242;0.74219;0.75195;0.76172;0.77148;0.78125;0.79102,0.0042956800000000005;0.011784191999999999;0.01216;0.006514687999999999;0.0054538239999999995;0.005905408;0.009908224;0.009440256;0.011614208;0.00840192;0.010038271999999999;0.008690688;0.0091904;0.01682944;0.02213888;0.015297535999999999;0.008692736000000001;0.005840896;0.004787200000000001;0.004942848;0.0038696959999999997;0.004278272;0.0037662719999999998;0.0020654080000000003;0.002180096;0.002115584;0.001590272;0.001343488;0.001534976;0.001399808;0.0008335360000000001;0.001005568;0.0010752000000000001;0.001069056;0.00082944;0.0006850560000000001;0.000714752;0.001221632;0.00185856;0.002412544;0.00407552;0.007287808;0.015104;0.015727616;0.015715328;0.030164992;0.043231231999999994;0.043627519999999996;0.040216576000000004;0.039517184000000004;0.032330752;0.02172416;0.020285440000000002;0.026729472;0.017137664;0.016370688;0.009863168;0.008955904;0.01220096;0.011368448;0.008751104;0.008449024;0.0069621760000000005;0.005063679999999999;0.005936128;0.006412288;0.006042624;0.00650752;0.005624832;0.004407296;0.003622912;0.00510464;0.003451904;0.003211264;0.002553856;0.002499584;0.0044031999999999995;0.0030289920000000003;0.002576384
1789070400,hdr,0.0293;0.03906;0.04883;0.05859;0.06836;0.07813;0.08789;0.09766;0.10742;0.11719;0.12695;0.13672;0.14648;0.15625;0.16602;0.17578;0.18555;0.19531;0.20508;0.21484;0.22461;0.23438;0.24414;0.25391;0.26367;0.27344;0.2832;0.29297;0.30273;0.3125;0.32227;0.33203;0.3418;0.35156;0.36133;0.37109;0.38086;0.39063;0.40039;0.41016;0.41992;0.42969;0.43945;0.44922;0.45898;0.46875;0.47852;0.48828;0.49805;0.50781;0.51758;0.52734;0.53711;0.54688;0.55664;0.56641;0.57617;0.58594;0.5957;0.60547;0.61523;0.625;0.63477;0.64453;0.6543;0.66406;0.67383;0.68359;0.69336;0.70313;0.71289;0.72266;0.73242;0.74219;0.75195;0.76172;0.77148;0.78125;0.79102,0.011204608;0.014154752;0.011782144;0.00876032;0.004298752;0.005639168;0.010008576;0.010530815999999998;0.006792192;0.008501248;0.008219648;0.010782719999999999;0.021107712;0.028301312;0.017410047999999997;0.015367168;0.006946816;0.005012480000000001;0.002425856;0.0027320319999999997;0.0031856640000000004;0.00466432;0.003232768;0.0017663999999999998;0.0016291839999999999;0.002052096;0.001447936;0.000953344;0.0009297919999999999;0.001384448;0.001028096;0.000715776;0.0006912;0.000569344;0.00037785600000000004;0.00047104000000000004;0.000676864;0.000910336;0.0010014719999999998;0.001816576;0.00258048;0.00550912;0.0059136;0.008462336;0.017907712;0.018157568000000002;0.024428543999999996;0.047443968;0.04766105600000001;0.04015616;0.028512256;0.025106432;0.028168192;0.020866047999999998;0.016910335999999998;0.012459008000000002;0.010755072000000001;0.008190975999999999;0.007242752000000001;0.010170368;0.0084224;0.0071014400000000005;0.0047810560000000005;0.0058368000000000005;0.005112832;0.006452224;0.005029888;0.005379072;0.004772864000000001;0.003922944;0.0035287039999999997;0.0034385919999999994;0.0033218559999999998;0.0024299520000000004;0.002427904;0.002659328;0.00326144;0.004073472;0.003393536
1789071300,hdr,0.0293;0.03906;0.04883;0.05859;0.06836;0.07813;0.08789;0.09766;0.10742;0.11719;0.12695;0.13672;0.14648;0.15625;0.16602;0.17578;0.18555;0.19531;0.20508;0.21484;0.22461;0.23438;0.24414;0.25391;0.26367;0.27344;0.2832;0.29297;0.30273;0.3125;0.32227;0.33203;0.3418;0.35156;0.36133;0.37109;0.38086;0.39063;0.40039;0.41016;0.41992;0.42969;0.43945;0.44922;0.45898;0.46875;0.47852;0.48828;0.49805;0.50781;0.51758;0.52734;0.53711;0.54688;0.55664;0.56641;0.57617;0.58594;0.5957;0.60547;0.61523;0.625;0.63477;0.64453;0.6543;0.66406;0.67383;0.68359;0.69336;0.70313;0.71289;0.72266;0.73242;0.74219;0.75195;0.76172;0.77148;0.78125;0.79102,0.012485632000000002;0.018782208;0.009979903999999998;0.011254784000000002;0.009208831999999998;0.00849408;0.01060352;0.012204032;0.011080704000000002;0.008470528;0.00508416;0.005216255999999999;0.011819008;0.025102336;0.023064575999999996;0.016119808;0.01031168;0.009562112000000001;0.008843264;0.00610304;0.0068106239999999995;0.004574208;0.002556928;0.004251648;0.003175424;0.002443264;0.0017203200000000002;0.001654784;0.001656832;0.0011048960000000002;0.001399808;0.001304576;0.000543744;0.00040550399999999994;0.0006696959999999999;0.000837632;0.0006656;0.000636928;0.000950272;0.0012666880000000002;0.00246272;0.002746368;0.005151744;0.008310784;0.013374463999999999;0.021126144;0.026790912;0.025192448;0.016259072;0.034337792;0.027917312;0.014915584;0.020033536;0.015931392;0.015491072;0.016023551999999996;0.011117568000000001;0.013023232;0.011352064;0.009404415999999999;0.008864768;0.00740352;0.009181183999999998;0.0069918720000000005;0.005880831999999999;0.004920320000000001;0.004456448;0.004326399999999999;0.003549184;0.004478976000000001;0.004926464;0.0027842559999999997;0.002468864;0.003212288;0.00300544;0.00283648;0.00302592;0.00287744;0.001903616
1789072200,hdr,0.0293;0.03906;0.04883;0.05859;0.06836;0.07813;0.08789;0.09766;0.10742;0.11719;0.12695;0.13672;0.14648;0.15625;0.16602;0.17578;0.18555;0.19531;0.20508;0.21484;0.22461;0.23438;0.24414;0.25391;0.26367;0.27344;0.2832;0.29297;0.30273;0.3125;0.32227;0.33203;0.3418;0.35156;0.36133;0.37109;0.38086;0.39063;0.40039;0.41016;0.41992;0.42969;0.43945;0.44922;0.45898;0.46875;0.47852;0.48828;0.49805;0.50781;0.51758;0.52734;0.53711;0.54688;0.55664;0.56641;0.57617;0.58594;0.5957;0.60547;0.61523;0.625;0.63477;0.64453;0.6543;0.66406;0.67383;0.68359;0.69336;0.70313;0.71289;0.72266;0.73242;0.74219;0.75195;0.76172;0.77148;0.78125;0.79102,0.008570880000000001;0.008067072;0.009954304;0.0068352000000000005;0.010737664000000001;0.013094912;0.012183552000000002;0.009757696;0.008684544;0.009680896000000001;0.008591360000000001;0.011361280000000001;0.017185792;0.019910656;0.015132671999999998;0.013590528000000001;0.009874432;0.009778176;0.007220224;0.003720192;0.0037027839999999998;0.004304896000000001;0.004922368;0.0044922880000000005;0.0022405119999999996;0.002101248;0.00256;0.001605632;0.001455104;0.000825344;0.00061952;0.0008151040000000001;0.001006592;0.000915456;0.0007843840000000001;0.0006502400000000001;0.000905216;0.0015687680000000001;0.0023818240000000003;0.0029695999999999998;0.003748864;0.006080512;0.0096768;0.015531008;0.015608832;0.029144063999999997;0.037060608;0.031164415999999997;0.043994112;0.025890816000000004;0.014725120000000001;0.016257024000000002;0.016930815999999998;0.013179904000000001;0.018001919999999998;0.008282112;0.007758848;0.013346816000000001;0.01181184;0.006920192;0.007181312;0.0072806400000000005;0.008298495999999999;0.007688192;0.006320128;0.0054784;0.006448128;0.004800512000000001;0.0040765440000000005;0.005152768;0.002522112;0.0016384000000000001;0.002412544;0.0024391680000000002;0.002312192;0.002300928;0.00226304;0.0030412800000000004;0.00272896
1789073100,hdr,0.0293;0.03906;0.04883;0.05859;0.06836;0.07813;0.08789;0.09766;0.10742;0.11719;0.12695;0.13672;0.14648;0.15625;0.16602;0.17578;0.18555;0.19531;0.20508;0.21484;0.22461;0.23438;0.24414;0.25391;0.26367;0.27344;0.2832;0.29297;0.30273;0.3125;0.32227;0.33203;0.3418;0.35156;0.36133;0.37109;0.38086;0.39063;0.40039;0.41016;0.41992;0.42969;0.43945;0.44922;0.45898;0.46875;0.47852;0.48828;0.49805;0.50781;0.51758;0.52734;0.53711;0.54688;0.55664;0.56641;0.57617;0.58594;0.5957;0.60547;0.61523;0.625;0.63477;0.64453;0.6543;0.66406;0.67383;0.68359;0.69336;0.70313;0.71289;0.72266;0.73242;0.74219;0.75195;0.76172;0.77148;0.78125;0.79102,0.008396800000000001;0.018195456;0.014286848000000001;0.008482815999999999;0.006293504000000001;0.00398336;0.007007232;0.011902976000000001;0.016587776000000002;0.009248768;0.007428096;0.012131328;0.020730879999999997;0.015055872000000001;0.009541632;0.010317824;0.007621632;0.00486912;0.004279296;0.004723712;0.002777088;0.001512448;0.001729536;0.002180096;0.0017848319999999999;0.002028544;0.0019496960000000001;0.0016128;0.0009625599999999999;0.000800768;0.0010178560000000001;0.000763904;0.00050688;0.000489472;0.0004986880000000001;0.000543744;0.00059904;0.0005406720000000001;0.00054272;0.000644096;0.00089088;0.001294336;0.0020172799999999998;0.002130944;0.001942528;0.0031160320000000004;0.0062177280000000005;0.008392703999999999;0.008357888;0.023862272;0.026007552;0.019268608;0.021413888;0.015123455999999999;0.012282880000000001;0.013517824;0.018725888000000003;0.016154624;0.009697279999999999;0.006509568;0.00522752;0.0059648;0.0074455039999999995;0.007135232;0.004939776;0.006050816;0.005644288000000001;0.0036085759999999996;0.0037928959999999996;0.0035686399999999997;0.003529728;0.00357376;0.003161088;0.003557376;0.002076672;0.0018841600000000002;0.002221056;0.002217984;0.002031616
1789074000,hdr,0.0293;0.03906;0.04883;0.05859;0.06836;0.07813;0.08789;0.09766;0.10742;0.11719;0.12695;0.13672;0.14648;0.15625;0.16602;0.17578;0.18555;0.19531;0.20508;0.21484;0.22461;0.23438;0.24414;0.25391;0.26367;0.27344;0.2832;0.29297;0.30273;0.3125;0.32227;0.33203;0.3418;0.35156;0.36133;0.37109;0.38086;0.39063;0.40039;0.41016;0.41992;0.42969;0.43945;0.44922;0.45898;0.46875;0.47852;0.48828;0.49805;0.50781;0.51758;0.52734;0.53711;0.54688;0.55664;0.56641;0.57617;0.58594;0.5957;0.60547;0.61523;0.625;0.63477;0.64453;0.6543;0.66406;0.67383;0.68359;0.69336;0.70313;0.71289;0.72266;0.73242;0.74219;0.75195;0.76172;0.77148;0.78125;0.79102,0.002880512;0.006632448;0.013306879999999998;0.0137728;0.008598528000000001;0.002013184;0.007543808;0.013757440000000001;0.012665856;0.010681343999999999;0.006480896000000001;0.009467904000000001;0.017395712;0.015771648000000003;0.009996288;0.012558336000000002;0.008103935999999999;0.00499712;0.00419328;0.0024340480000000003;0.003055616;0.002584576;0.0019435519999999999;0.0029992960000000003;0.0023388159999999996;0.002369536;0.00258048;0.0023111679999999997;0.002086912;0.0016916480000000002;0.001298432;0.0011407359999999998;0.001032192;0.000759808;0.000605184;0.000744448;0.000617472;0.000463872;0.000326656;0.00046796800000000003;0.00042803200000000007;0.00068096;0.000694272;0.001695744;0.004232192;0.005387264;0.004391936000000001;0.0048660479999999996;0.007454720000000001;0.008672256000000001;0.012033024;0.019408896;0.028041216;0.020209664000000002;0.013314047999999998;0.013229056000000001;0.008613887999999998;0.009213952000000001;0.012027903999999999;0.0075950079999999994;0.0049479680000000005;0.009580544;0.010229760000000001;0.005988352;0.00620032;0.004775936;0.003456;0.0043878400000000005;0.003629056;0.002515968;0.003851264;0.00482816;0.00267264;0.0028927999999999996;0.0027648;0.002204672;0.00239104;0.0033546239999999996;0.0029716480000000003
1789074900,hdr,0.0293;0.03906;0.04883;0.05859;0.06836;0.07813;0.08789;0.09766;0.10742;0.11719;0.12695;0.13672;0.14648;0.15625;0.16602;0.17578;0.18555;0.19531;0.20508;0.21484;0.22461;0.23438;0.24414;0.25391;0.26367;0.27344;0.2832;0.29297;0.30273;0.3125;0.32227;0.33203;0.3418;0.35156;0.36133;0.37109;0.38086;0.39063;0.40039;0.41016;0.41992;0.42969;0.43945;0.44922;0.45898;0.46875;0.47852;0.48828;0.49805;0.50781;0.51758;0.52734;0.53711;0.54688;0.55664;0.56641;0.57617;0.58594;0.5957;0.60547;0.61523;0.625;0.63477;0.64453;0.6543;0.66406;0.67383;0.68359;0.69336;0.70313;0.71289;0.72266;0.73242;0.74219;0.75195;0.76172;0.77148;0.78125;0.79102,0.006752256;0.007072768;0.013936640000000002;0.013340672000000001;0.007057407999999999;0.007583744000000001;0.008859648;0.009542655999999998;0.01412096;0.016049152;0.006591488;0.008281087999999999;0.012721152;0.012243968000000001;0.010456064000000001;0.0046745599999999995;0.008434688000000001;0.007737344;0.0040704;0.0025610240000000003;0.003351552;0.00263168;0.00358912;0.003017728;0.002547712;0.002878464;0.002844672;0.001864704;0.00144896;0.001435648;0.000776192;0.00073216;0.000840704;0.000828416;0.0005888;0.00047616000000000005;0.00062464;0.000648192;0.00047308800000000003;0.000346112;0.000592896;0.0005816320000000001;0.000529408;0.0008110079999999999;0.001113088;0.0007925759999999999;0.001258496;0.0021452800000000003;0.002665472;0.004493312000000001;0.006511616;0.005360640000000001;0.009846783999999999;0.010091519999999998;0.00809472;0.009938944;0.006027264;0.007329792000000001;0.007128064;0.006455295999999999;0.007949312;0.009762816;0.007182336;0.007447552;0.008739839999999999;0.0060835839999999995;0.0031160320000000004;0.0025251839999999998;0.0025651199999999997;0.004038656;0.002874368;0.002262016;0.0024340480000000003;0.001876992;0.0012042239999999998;0.001277952;0.001258496;0.001416192;0.00151552
1789075800,hdr,0.0293;0.03906;0.04883;0.05859;0.06836;0.07813;0.08789;0.09766;0.10742;0.11719;0.12695;0.13672;0.14648;0.15625;0.16602;0.17578;0.18555;0.19531;0.20508;0.21484;0.22461;0.23438;0.24414;0.25391;0.26367;0.27344;0.2832;0.29297;0.30273;0.3125;0.32227;0.33203;0.3418;0.35156;0.36133;0.37109;0.38086;0.39063;0.40039;0.41016;0.41992;0.42969;0.43945;0.44922;0.45898;0.46875;0.47852;0.48828;0.49805;0.50781;0.51758;0.52734;0.53711;0.54688;0.55664;0.56641;0.57617;0.58594;0.5957;0.60547;0.61523;0.625;0.63477;0.64453;0.6543;0.66406;0.67383;0.68359;0.69336;0.70313;0.71289;0.72266;0.73242;0.74219;0.75195;0.76172;0.77148;0.78125;0.79102,0.01171456;0.027173888000000004;0.016826367999999998;0.009452544;0.008799232;0.011195392;0.012456960000000001;0.01185792;0.014434303999999998;0.012944384;0.009823232;0.009893888;0.01332224;0.018223104;0.01339904;0.014587904;0.00816128;0.00740864;0.0063744;0.005871616;0.002982912;0.0031979519999999996;0.002443264;0.003203072;0.0027320319999999997;0.003897344;0.003214336;0.0017489920000000002;0.001783808;0.0018841600000000002;0.000999424;0.0006574080000000001;0.000658432;0.0005754880000000001;0.00063488;0.00047308800000000003;0.00041779199999999995;0.00036966399999999996;0.000457728;0.00043827199999999997;0.00046080000000000003;0.000557056;0.0005959680000000001;0.000813056;0.000545792;0.000596992;0.0012042239999999998;0.0017489920000000002;0.0026531840000000003;0.0028876799999999997;0.003008512;0.005179392;0.004879360000000001;0.0034826239999999997;0.005773312;0.007030784;0.009189376;0.008193024;0.0059269119999999995;0.005236736;0.006350848;0.005952512;0.00790016;0.008805376;0.006623232;0.004713472000000001;0.005648384;0.0080128;0.006716416;0.005307392;0.005337087999999999;0.0047841279999999995;0.003565568;0.002707456;0.002115584;0.003858432;0.0027566080000000002;0.001396736;0.001763328
1789076700,hdr,0.0293;0.03906;0.04883;0.05859;0.06836;0.07813;0.08789;0.09766;0.10742;0.11719;0.12695;0.13672;0.14648;0.15625;0.16602;0.17578;0.18555;0.19531;0.20508;0.21484;0.22461;0.23438;0.24414;0.25391;0.26367;0.27344;0.2832;0.29297;0.30273;0.3125;0.32227;0.33203;0.3418;0.35156;0.36133;0.37109;0.38086;0.39063;0.40039;0.41016;0.41992;0.42969;0.43945;0.44922;0.45898;0.46875;0.47852;0.48828;0.49805;0.50781;0.51758;0.52734;0.53711;0.54688;0.55664;0.56641;0.57617;0.58594;0.5957;0.60547;0.61523;0.625;0.63477;0.64453;0.6543;0.66406;0.67383;0.68359;0.69336;0.70313;0.71289;0.72266;0.73242;0.74219;0.75195;0.76172;0.77148;0.78125;0.79102,0.0046469120000000004;0.0070195200000000004;0.004504576;0.005786624;0.004959232;0.005827584;0.008566784;0.009361408000000002;0.014850048;0.012961792000000001;0.009286656;0.009260032000000001;0.01099776;0.013088768;0.015797248;0.017492992000000002;0.013775872;0.007873536;0.005922816;0.005126144;0.003549184;0.002700288;0.002112512;0.002179072;0.0030197759999999996;0.00345088;0.002625536;0.001878016;0.00183296;0.0014858240000000002;0.00055296;0.000953344;0.00067584;0.00048025600000000003;0.00059904;0.000557056;0.000551936;0.000514048;0.000447488;0.00034304;0.000466944;0.000420864;0.00044339199999999997;0.000512;0.000923648;0.0015144960000000002;0.002573312;0.002935808;0.0021288960000000003;0.0032266240000000004;0.004972544;0.006453248000000001;0.009889792;0.014181376;0.01792;0.014492672;0.013342719999999999;0.011792384;0.01682944;0.014834688;0.013865983999999998;0.007646208;0.005295104;0.004282368000000001;0.004301823999999999;0.004393983999999999;0.00339456;0.0049152;0.005735424;0.002203648;0.002676736;0.002419712;0.002688;0.0016732160000000002;0.001307648;0.001803264;0.001639424;0.0012523519999999998;0.0010455039999999998
1789077600,hdr,0.0293;0.03906;0.04883;0.05859;0.06836;0.07813;0.08789;0.09766;0.10742;0.11719;0.12695;0.13672;0.14648;0.15625;0.16602;0.17578;0.18555;0.19531;0.20508;0.21484;0.22461;0.23438;0.24414;0.25391;0.26367;0.27344;0.2832;0.29297;0.30273;0.3125;0.32227;0.33203;0.3418;0.35156;0.36133;0.37109;0.38086;0.39063;0.40039;0.41016;0.41992;0.42969;0.43945;0.44922;0.45898;0.46875;0.47852;0.48828;0.49805;0.50781;0.51758;0.52734;0.53711;0.54688;0.55664;0.56641;0.57617;0.58594;0.5957;0.60547;0.61523;0.625;0.63477;0.64453;0.6543;0.66406;0.67383;0.68359;0.69336;0.70313;0.71289;0.72266;0.73242;0.74219;0.75195;0.76172;0.77148;0.78125;0.79102,0.005579776;0.010993664;0.007663616;0.003958784;0.004770816;0.007471104;0.005895167999999999;0.010555392;0.011790335999999998;0.0169984;0.00838656;0.005107712;0.00538112;0.009444352000000001;0.010339328;0.012623872000000001;0.011039744;0.007224319999999999;0.004452352;0.002847744;0.00428032;0.0035348480000000006;0.004451328;0.003790848;0.00261632;0.0017766400000000001;0.001462272;0.0015779840000000002;0.001258496;0.0016773119999999998;0.001978368;0.000980992;0.000632832;0.000858112;0.000748544;0.000594944;0.0006830079999999999;0.001022976;0.0006154239999999999;0.000421888;0.00059392;0.00041984;0.000331776;0.00026521600000000003;0.000423936;0.00033894400000000004;0.000260096;0.00030412799999999997;0.0006676480000000001;0.000986112;0.000913408;0.001987584;0.002581504;0.002369536;0.002568192;0.005025792;0.005940224;0.005221376;0.008998912;0.010776576000000001;0.010156031999999999;0.0076892160000000005;0.00848896;0.00724992;0.005036031999999999;0.0068474880000000005;0.007952384;0.006455295999999999;0.007863296;0.004885504;0.002927616;0.002571264;0.00316416;0.0028057599999999996;0.002363392;0.00168448;0.00180224;0.001425408;0.001890304
1789078500,hdr,0.0293;0.03906;0.04883;0.05859;0.06836;0.07813;0.08789;0.09766;0.10742;0.11719;0.12695;0.13672;0.14648;0.15625;0.16602;0.17578;0.18555;0.19531;0.20508;0.21484;0.22461;0.23438;0.24414;0.25391;0.26367;0.27344;0.2832;0.29297;0.30273;0.3125;0.32227;0.33203;0.3418;0.35156;0.36133;0.37109;0.38086;0.39063;0.40039;0.41016;0.41992;0.42969;0.43945;0.44922;0.45898;0.46875;0.47852;0.48828;0.49805;0.50781;0.51758;0.52734;0.53711;0.54688;0.55664;0.56641;0.57617;0.58594;0.5957;0.60547;0.61523;0.625;0.63477;0.64453;0.6543;0.66406;0.67383;0.68359;0.69336;0.70313;0.71289;0.72266;0.73242;0.74219;0.75195;0.76172;0.77148;0.78125;0.79102,0.006763519999999999;0.00886272;0.004376576;0.00222208;0.00507904;0.006313983999999999;0.00477696;0.00751616;0.009358336;0.007335936;0.006208511999999999;0.0037273600000000003;0.006398976000000001;0.011046912;0.013865983999999998;0.012949503999999999;0.009761792;0.004933632;0.003017728;0.0033382399999999997;0.003908608;0.0030914560000000002;0.00210944;0.0025200640000000002;0.00203776;0.001631232;0.001934336;0.002071552;0.0014858240000000002;0.0015185919999999998;0.001317888;0.001400832;0.0011909120000000001;0.0005099519999999999;0.000512;0.00038912;0.00047923199999999995;0.000494592;0.00044032;0.000413696;0.00037068800000000004;0.00033894400000000004;0.00037785600000000004;0.00036352;0.00043110399999999997;0.000492544;0.000632832;0.000596992;0.000694272;0.0012113920000000002;0.0016220159999999998;0.0020357120000000003;0.0020992000000000003;0.002369536;0.0031887359999999997;0.003991552;0.003807232;0.0059791359999999995;0.007806975999999999;0.010033152;0.008907776;0.007130111999999999;0.007632896;0.005298175999999999;0.005286912;0.006037504;0.006055936;0.005240832;0.003955712;0.0024791039999999998;0.002295808;0.003551232;0.003782656;0.0034027519999999998;0.001723392;0.001201152;0.00187392;0.0022323200000000003;0.002354176
1789079400,hdr,0.0293;0.03906;0.04883;0.05859;0.06836;0.07813;0.08789;0.09766;0.10742;0.11719;0.12695;0.13672;0.14648;0.15625;0.16602;0.17578;0.18555;0.19531;0.20508;0.21484;0.22461;0.23438;0.24414;0.25391;0.26367;0.27344;0.2832;0.29297;0.30273;0.3125;0.32227;0.33203;0.3418;0.35156;0.36133;0.37109;0.38086;0.39063;0.40039;0.41016;0.41992;0.42969;0.43945;0.44922;0.45898;0.46875;0.47852;0.48828;0.49805;0.50781;0.51758;0.52734;0.53711;0.54688;0.55664;0.56641;0.57617;0.58594;0.5957;0.60547;0.61523;0.625;0.63477;0.64453;0.6543;0.66406;0.67383;0.68359;0.69336;0.70313;0.71289;0.72266;0.73242;0.74219;0.75195;0.76172;0.77148;0.78125;0.79102,0.003961856000000001;0.00222208;0.001149952;0.002881536;0.006258688;0.014500863999999999;0.01580544;0.011754496;0.012857344;0.010843135999999998;0.00498688;0.005696512000000001;0.007354368;0.010918912000000001;0.01535488;0.020291583999999998;0.011557888;0.0077465599999999996;0.00677888;0.004683776;0.00275456;0.00323072;0.003311616;0.0020756480000000002;0.001985536;0.001734656;0.001548288;0.0016250880000000002;0.001202176;0.0012871680000000002;0.000781312;0.0005560319999999999;0.000504832;0.000386048;0.00041472;0.000454656;0.000391168;0.000326656;0.00028774400000000004;0.00033382400000000003;0.00035942400000000006;0.00037068800000000004;0.000263168;0.000197632;0.00015462400000000002;0.000151552;0.000156672;0.000246784;0.00019968;0.000258048;0.00025497599999999997;0.00040960000000000004;0.000559104;0.0009973760000000001;0.0009584639999999999;0.0006830079999999999;0.00137216;0.0027555839999999997;0.002287616;0.0028436480000000003;0.003349504;0.006002688;0.004880384;0.005292032;0.005676032;0.006849536;0.006249472;0.004175872000000001;0.0031969280000000004;0.004427776;0.003315712;0.004139008;0.002776064;0.001777664;0.002398208;0.001809408;0.001457152;0.00207872;0.001420288
1789080300,hdr,0.0293;0.03906;0.04883;0.05859;0.06836;0.07813;0.08789;0.09766;0.10742;0.11719;0.12695;0.13672;0.14648;0.15625;0.16602;0.17578;0.18555;0.19531;0.20508;0.21484;0.22461;0.23438;0.24414;0.25391;0.26367;0.27344;0.2832;0.29297;0.30273;0.3125;0.32227;0.33203;0.3418;0.35156;0.36133;0.37109;0.38086;0.39063;0.40039;0.41016;0.41992;0.42969;0.43945;0.44922;0.45898;0.46875;0.47852;0.48828;0.49805;0.50781;0.51758;0.52734;0.53711;0.54688;0.55664;0.56641;0.57617;0.58594;0.5957;0.60547;0.61523;0.625;0.63477;0.64453;0.6543;0.66406;0.67383;0.68359;0.69336;0.70313;0.71289;0.72266;0.73242;0.74219;0.75195;0.76172;0.77148;0.78125;0.79102,0.001910784;0.003518464;0.0037591039999999997;0.0021821440000000004;0.003313664;0.00408576;0.006528;0.00790016;0.00896512;0.010872832;0.007296;0.007831552;0.007361536;0.0079104;0.011522048;0.011768832;0.011673600000000001;0.009254911999999999;0.006224896000000001;0.004339712;0.004170752000000001;0.002857984;0.004025343999999999;0.002855936;0.001061888;0.0017561599999999999;0.0020930559999999994;0.0019435519999999999;0.001267712;0.0005898240000000001;0.0008488959999999999;0.000978944;0.000702464;0.0005376000000000001;0.000504832;0.000502784;0.000272384;0.000339968;0.000366592;0.000315392;0.000263168;0.00029081600000000006;0.0003072;0.000229376;0.00024063999999999997;0.00023859199999999998;0.000183296;0.00023142399999999999;0.00022323200000000002;0.000176128;0.00018124799999999998;0.000229376;0.000227328;0.000256;0.00030617599999999996;0.0003584;0.000314368;0.00036249599999999997;0.000483328;0.00054272;0.000918528;0.0007393279999999999;0.001243136;0.002069504;0.0029593600000000003;0.0031703039999999997;0.0034754559999999996;0.005185536;0.0055132160000000005;0.004062208;0.002890752;0.0028129279999999997;0.004011008;0.004476928;0.0026705920000000003;0.0017530879999999999;0.00218112;0.002587648;0.002348032
1789081200,hdr,0.0293;0.03906;0.04883;0.05859;0.06836;0.07813;0.08789;0.09766;0.10742;0.11719;0.12695;0.13672;0.14648;0.15625;0.16602;0.17578;0.18555;0.19531;0.20508;0.21484;0.22461;0.23438;0.24414;0.25391;0.26367;0.27344;0.2832;0.29297;0.30273;0.3125;0.32227;0.33203;0.3418;0.35156;0.36133;0.37109;0.38086;0.39063;0.40039;0.41016;0.41992;0.42969;0.43945;0.44922;0.45898;0.46875;0.47852;0.48828;0.49805;0.50781;0.51758;0.52734;0.53711;0.54688;0.55664;0.56641;0.57617;0.58594;0.5957;0.60547;0.61523;0.625;0.63477;0.64453;0.6543;0.66406;0.67383;0.68359;0.69336;0.70313;0.71289;0.72266;0.73242;0.74219;0.75195;0.76172;0.77148;0.78125;0.79102,0.001964032;0.0034795520000000003;0.002651136;0.003551232;0.004211712;0.009106432000000001;0.010862591999999999;0.013881344;0.02175488;0.021858304;0.008942592;0.009631744;0.009341951999999999;0.009319424;0.019278848;0.024630272;0.017074176000000003;0.009175039999999999;0.0058869759999999995;0.004909055999999999;0.0032511999999999997;0.0028897280000000003;0.002441216;0.002637824;0.002910208;0.0022405119999999996;0.002244608;0.001412096;0.001210368;0.000703488;0.0005007359999999999;0.00082944;0.00124928;0.000812032;0.000521216;0.000418816;0.00047616000000000005;0.00042598399999999997;0.00046489599999999996;0.000329728;0.000188416;0.00022528;0.00027136;0.00031129599999999997;0.00023961599999999998;0.000244736;0.00032768;0.00025088;0.00018534400000000002;0.000180224;0.000226304;0.000216064;0.000365568;0.000222208;0.000141312;0.00034099200000000003;0.000494592;0.00047718399999999996;0.000582656;0.000738304;0.0012554240000000002;0.002358272;0.002931712;0.001532928;0.002618368;0.003469312;0.0026419199999999994;0.003857408;0.005571584;0.005576704000000001;0.004058112000000001;0.0031703039999999997;0.0030033919999999997;0.0025937919999999997;0.001983488;0.003306496;0.002516992;0.00136704;0.001661952
1789082100,hdr,0.0293;0.03906;0.04883;0.05859;0.06836;0.07813;0.08789;0.09766;0.10742;0.11719;0.12695;0.13672;0.14648;0.15625;0.16602;0.17578;0.18555;0.19531;0.20508;0.21484;0.22461;0.23438;0.24414;0.25391;0.26367;0.27344;0.2832;0.29297;0.30273;0.3125;0.32227;0.33203;0.3418;0.35156;0.36133;0.37109;0.38086;0.39063;0.40039;0.41016;0.41992;0.42969;0.43945;0.44922;0.45898;0.46875;0.47852;0.48828;0.49805;0.50781;0.51758;0.52734;0.53711;0.54688;0.55664;0.56641;0.57617;0.58594;0.5957;0.60547;0.61523;0.625;0.63477;0.64453;0.6543;0.66406;0.67383;0.68359;0.69336;0.70313;0.71289;0.72266;0.73242;0.74219;0.75195;0.76172;0.77148;0.78125;0.79102,0.0019230719999999998;0.005289983999999999;0.007548928;0.007008256;0.0038502399999999996;0.0041267199999999995;0.005402624000000001;0.006821888000000001;0.011108352;0.009875456;0.007236608;0.0061829120000000005;0.006619136;0.007006208;0.019931136;0.036717568;0.020824064;0.01620992;0.013536256;0.006428672;0.0037888;0.0034252799999999997;0.00324096;0.0037027839999999998;0.003325952;0.002569216;0.001688576;0.0019517439999999998;0.001364992;0.001333248;0.001376256;0.0010199039999999999;0.0009400319999999999;0.000813056;0.000510976;0.00035942400000000006;0.000376832;0.000382976;0.000365568;0.000325632;0.00026623999999999994;0.000242688;0.000284672;0.00029696;0.000284672;0.00022016;0.00017100799999999997;0.000126976;0.000188416;0.000257024;0.000308224;0.000244736;0.00026623999999999994;0.000315392;0.00027033600000000004;0.000256;0.00029081600000000006;0.000347136;0.00021504000000000003;0.000197632;0.00025497599999999997;0.00042803200000000007;0.000515072;0.000525312;0.000520192;0.0008151040000000001;0.0014499839999999999;0.0015452159999999999;0.00206848;0.0016435199999999999;0.001468416;0.00185856;0.001580032;0.002300928;0.002589696;0.0023470080000000003;0.0021606399999999997;0.001429504;0.001850368
1789083000,hdr,0.0293;0.03906;0.04883;0.05859;0.06836;0.07813;0.08789;0.09766;0.10742;0.11719;0.12695;0.13672;0.14648;0.15625;0.16602;0.17578;0.18555;0.19531;0.20508;0.21484;0.22461;0.23438;0.24414;0.25391;0.26367;0.27344;0.2832;0.29297;0.30273;0.3125;0.32227;0.33203;0.3418;0.35156;0.36133;0.37109;0.38086;0.39063;0.40039;0.41016;0.41992;0.42969;0.43945;0.44922;0.45898;0.46875;0.47852;0.48828;0.49805;0.50781;0.51758;0.52734;0.53711;0.54688;0.55664;0.56641;0.57617;0.58594;0.5957;0.60547;0.61523;0.625;0.63477;0.64453;0.6543;0.66406;0.67383;0.68359;0.69336;0.70313;0.71289;0.72266;0.73242;0.74219;0.75195;0.76172;0.77148;0.78125;0.79102,0.004544512;0.00572928;0.0061184;0.002300928;0.003605504;0.00774144;0.009849856000000002;0.015171583999999998;0.018576384;0.014902272000000001;0.00941056;0.010092544;0.006340607999999999;0.016067584;0.028485631999999997;0.026187776;0.024819712;0.012950528000000001;0.009043968;0.012832768;0.009691136000000001;0.006224896000000001;0.004189184;0.00482816;0.005470208000000001;0.004225024;0.00305664;0.00168448;0.001313792;0.0009984;0.00128;0.001127424;0.000753664;0.0005007359999999999;0.000432128;0.000561152;0.000623616;0.000548864;0.000357376;0.000366592;0.000310272;0.000319488;0.000234496;0.00016691200000000002;0.00016691200000000002;0.000260096;0.000279552;0.000164864;0.000228352;0.00033689599999999994;0.000319488;0.00021299199999999998;0.00014643200000000002;0.000186368;0.000140288;0.00014540800000000003;0.00016384;0.00025088;0.0001792;0.000224256;0.000206848;0.00019865600000000002;0.000226304;0.00033792;0.000371712;0.000376832;0.0005406720000000001;0.000930816;0.001024;0.001353728;0.0015697920000000002;0.0022814719999999997;0.002453504;0.0020858880000000006;0.0025210880000000003;0.00316416;0.0032460799999999997;0.00296448;0.0019824639999999998
1789083900,hdr,0.0293;0.03906;0.04883;0.05859;0.06836;0.07813;0.08789;0.09766;0.10742;0.11719;0.12695;0.13672;0.14648;0.15625;0.16602;0.17578;0.18555;0.19531;0.20508;0.21484;0.22461;0.23438;0.24414;0.25391;0.26367;0.27344;0.2832;0.29297;0.30273;0.3125;0.32227;0.33203;0.3418;0.35156;0.36133;0.37109;0.38086;0.39063;0.40039;0.41016;0.41992;0.42969;0.43945;0.44922;0.45898;0.46875;0.47852;0.48828;0.49805;0.50781;0.51758;0.52734;0.53711;0.54688;0.55664;0.56641;0.57617;0.58594;0.5957;0.60547;0.61523;0.625;0.63477;0.64453;0.6543;0.66406;0.67383;0.68359;0.69336;0.70313;0.71289;0.72266;0.73242;0.74219;0.75195;0.76172;0.77148;0.78125;0.79102,0.00218112;0.004031488000000001;0.0031733760000000003;0.00357376;0.002706432;0.004135936;0.007462912;0.01510912;0.020219904;0.005123071999999999;0.01291264;0.012597248;0.006554624;0.017328128;0.03483648;0.04707942400000001;0.028760064;0.015980544;0.013041664000000001;0.008310784;0.0057200639999999995;0.004513791999999999;0.0038379520000000004;0.00334336;0.001979392;0.00151552;0.0016670720000000001;0.001907712;0.0017356799999999999;0.001586176;0.001323008;0.001137664;0.000795648;0.000674816;0.000555008;0.000561152;0.000458752;0.000406528;0.00047001599999999997;0.00029081600000000006;0.000386048;0.00033382400000000003;0.00020480000000000002;0.000156672;0.000210944;0.00024780799999999997;0.000262144;0.00033484799999999995;0.000305152;0.000262144;0.00031129599999999997;0.000196608;0.00020377600000000002;0.000141312;0.000132096;0.00018944;0.000284672;0.000268288;0.00020992;0.000262144;0.000323584;0.000279552;0.00015872;0.00017100799999999997;0.00023040000000000002;0.00034304;0.000603136;0.0005744639999999999;0.000662528;0.0007290879999999999;0.000539648;0.0008867839999999999;0.00129024;0.00200192;0.001989632;0.001241088;0.0018841600000000002;0.0025579519999999996;0.0032460799999999997
