Epoch Time,Processing Source,f,varianceDensity
1788739200,hdr,0.0293;0.03906;0.04883;0.05859;0.06836;0.07813;0.08789;0.09766;0.10742;0.11719;0.12695;0.13672;0.14648;0.15625;0.16602;0.17578;0.18555;0.19531;0.20508;0.21484;0.22461;0.23438;0.24414;0.25391;0.26367;0.27344;0.2832;0.29297;0.30273;0.3125;0.32227;0.33203;0.3418;0.35156;0.36133;0.37109;0.38086;0.39063;0.40039;0.41016;0.41992;0.42969;0.43945;0.44922;0.45898;0.46875;0.47852;0.48828;0.49805;0.50781;0.51758;0.52734;0.53711;0.54688;0.55664;0.56641;0.57617;0.58594;0.5957;0.60547;0.61523;0.625;0.63477;0.64453;0.6543;0.66406;0.67383;0.68359;0.69336;0.70313;0.71289;0.72266;0.73242;0.74219;0.75195;0.76172;0.77148;0.78125;0.79102,0.0007393279999999999;0.002038784;0.004419584000000001;0.004446208000000001;0.014666752;0.038634496;0.103506944;0.13323878400000003;0.09185894399999998;0.08006144;0.06936780799999999;0.08104652799999999;0.06087782399999999;0.045130752;0.075140096;0.08346112;0.048145408;0.061223936;0.043394048;0.035511296000000005;0.025403392;0.025758720000000002;0.027075584;0.019760128000000002;0.020645887999999998;0.017847296;0.012349439999999998;0.014509056;0.012497920000000001;0.009264127999999998;0.009506816000000001;0.00775168;0.007657472;0.0081152;0.013881344;0.011037696;0.012683264;0.008508416000000001;0.005880831999999999;0.008866816000000001;0.014377984;0.018630656;0.022592512;0.017353728;0.01321472;0.009352192;0.010246143999999999;0.00871936;0.00850432;0.007959552;0.00843264;0.005574656;0.0061306880000000005;0.008491008000000001;0.007420928;0.005835776;0.005731328000000001;0.006208511999999999;0.005440512;0.005327872;0.006259712000000001;0.004896768;0.005168128000000001;0.003714048;0.002914304;0.00262656;0.0016895999999999999;0.0022732800000000004;0.004011008;0.002953216;0.002427904;0.0025364479999999997;0.003080192;0.002390016;0.002118656;0.001826816;0.002043904;0.0017561599999999999;0.00137216
1788740100,hdr,0.0293;0.03906;0.04883;0.05859;0.06836;0.07813;0.08789;0.09766;0.10742;0.11719;0.12695;0.13672;0.14648;0.15625;0.16602;0.17578;0.18555;0.19531;0.20508;0.21484;0.22461;0.23438;0.24414;0.25391;0.26367;0.27344;0.2832;0.29297;0.30273;0.3125;0.32227;0.33203;0.3418;0.35156;0.36133;0.37109;0.38086;0.39063;0.40039;0.41016;0.41992;0.42969;0.43945;0.44922;0.45898;0.46875;0.47852;0.48828;0.49805;0.50781;0.51758;0.52734;0.53711;0.54688;0.55664;0.56641;0.57617;0.58594;0.5957;0.60547;0.61523;0.625;0.63477;0.64453;0.6543;0.66406;0.67383;0.68359;0.69336;0.70313;0.71289;0.72266;0.73242;0.74219;0.75195;0.76172;0.77148;0.78125;0.79102,0.000840704;0.002069504;0.001702912;0.00181248;0.01111552;0.058683392;0.083091456;0.08710246399999999;0.168288256;0.11089612800000001;0.04358144;0.076949504;0.05834137599999999;0.035084288;0.057703423999999996;0.06670745599999998;0.037396479999999996;0.034381824;0.03326566400000001;0.022993919999999998;0.032492544000000005;0.03680256;0.013201408000000001;0.012427263999999999;0.016472063999999998;0.015536128000000001;0.01045504;0.008820736000000001;0.008982528;0.011676672;0.008335359999999998;0.007737344;0.008000512000000001;0.010171392000000001;0.009860095999999999;0.007897088;0.010090496;0.008414208000000001;0.014278655999999999;0.019963903999999998;0.018499584;0.019145728;0.015041536;0.014166016000000002;0.0145664;0.016377856000000003;0.009178112;0.008070144000000001;0.012873728;0.008348672;0.005184512;0.005778432;0.005211136;0.003423232;0.0031027200000000002;0.0047912960000000004;0.004304896000000001;0.00461312;0.006337536;0.004245504000000001;0.002316288;0.0034990079999999996;0.003567616;0.00391168;0.0029952000000000004;0.003454976;0.002886656;0.0020500479999999996;0.0021964800000000002;0.001861632;0.002168832;0.002180096;0.0018360320000000002;0.001757184;0.00183296;0.0015534079999999998;0.00190976;0.0008591359999999999;0.0007188480000000001
1788741000,hdr,0.0293;0.03906;0.04883;0.05859;0.06836;0.07813;0.08789;0.09766;0.10742;0.11719;0.12695;0.13672;0.14648;0.15625;0.16602;0.17578;0.18555;0.19531;0.20508;0.21484;0.22461;0.23438;0.24414;0.25391;0.26367;0.27344;0.2832;0.29297;0.30273;0.3125;0.32227;0.33203;0.3418;0.35156;0.36133;0.37109;0.38086;0.39063;0.40039;0.41016;0.41992;0.42969;0.43945;0.44922;0.45898;0.46875;0.47852;0.48828;0.49805;0.50781;0.51758;0.52734;0.53711;0.54688;0.55664;0.56641;0.57617;0.58594;0.5957;0.60547;0.61523;0.625;0.63477;0.64453;0.6543;0.66406;0.67383;0.68359;0.69336;0.70313;0.71289;0.72266;0.73242;0.74219;0.75195;0.76172;0.77148;0.78125;0.79102,0.005681152;0.004921344;0.0029992960000000003;0.003504128;0.010220544;0.027734016;0.058530816;0.10762547200000001;0.098325504;0.055647232000000005;0.046142464;0.04501504;0.043416576;0.03936665599999999;0.030630912;0.031422464;0.03638681600000001;0.036337664;0.0325888;0.032145408;0.040306688;0.033901568;0.016324608;0.015521792;0.010517504;0.012778496;0.012921855999999999;0.008305664;0.01160192;0.014366720000000001;0.009916415999999999;0.007048192;0.0055808;0.00459264;0.004938752;0.0060887039999999995;0.007218176;0.01181184;0.01165312;0.015315968;0.020763648000000003;0.019461120000000002;0.013960192;0.017591296;0.012832768;0.00689152;0.0078848;0.008419328;0.0063774719999999995;0.006792192;0.005832703999999999;0.00384512;0.005327872;0.0053616639999999995;0.004303872;0.004232192;0.003940352;0.004625408;0.003723264;0.0034918399999999995;0.0027217920000000002;0.002945024;0.0023111679999999997;0.0023459839999999997;0.0022896640000000003;0.0025579519999999996;0.002403328;0.002195456;0.001905664;0.001166336;0.001830912;0.001457152;0.001399808;0.001681408;0.0021903359999999998;0.001990656;0.00158208;0.000889856;0.000676864
1788741900,hdr,0.0293;0.03906;0.04883;0.05859;0.06836;0.07813;0.08789;0.09766;0.10742;0.11719;0.12695;0.13672;0.14648;0.15625;0.16602;0.17578;0.18555;0.19531;0.20508;0.21484;0.22461;0.23438;0.24414;0.25391;0.26367;0.27344;0.2832;0.29297;0.30273;0.3125;0.32227;0.33203;0.3418;0.35156;0.36133;0.37109;0.38086;0.39063;0.40039;0.41016;0.41992;0.42969;0.43945;0.44922;0.45898;0.46875;0.47852;0.48828;0.49805;0.50781;0.51758;0.52734;0.53711;0.54688;0.55664;0.56641;0.57617;0.58594;0.5957;0.60547;0.61523;0.625;0.63477;0.64453;0.6543;0.66406;0.67383;0.68359;0.69336;0.70313;0.71289;0.72266;0.73242;0.74219;0.75195;0.76172;0.77148;0.78125;0.79102,0.0029163519999999997;0.004457472;0.006607872;0.0064256;0.00802816;0.034162688000000004;0.07337472;0.103479296;0.138361856;0.09768447999999999;0.065461248;0.056537088;0.059076608;0.10015948799999999;0.062967808;0.041197568;0.0342528;0.042218496;0.032416768;0.028002304;0.019141632000000002;0.009632768;0.007650304;0.006252544;0.004675584;0.009433088;0.009746432000000001;0.010717184;0.009793536;0.005275648;0.007291903999999999;0.006436864;0.00833024;0.010976256;0.011899904;0.009960448;0.007929855999999999;0.01253888;0.014985215999999999;0.007550976000000001;0.00704512;0.009961471999999999;0.011805696;0.014152704;0.009985023999999999;0.008291327999999999;0.009641984000000001;0.00772096;0.006627328;0.006762495999999999;0.007780352;0.005195776000000001;0.006587392000000001;0.005715968;0.004517888;0.004596736;0.004563968;0.004408319999999999;0.003514368;0.004118528000000001;0.003991552;0.002961408;0.003175424;0.00280064;0.0025579519999999996;0.004611072;0.0038840320000000004;0.003807232;0.002656256;0.0022394880000000004;0.001420288;0.001201152;0.001284096;0.0011417600000000001;0.000649216;0.000676864;0.0010833919999999999;0.0014786559999999999;0.001222656
1788743700,hdr,0.0293;0.03906;0.04883;0.05859;0.06836;0.07813;0.08789;0.09766;0.10742;0.11719;0.12695;0.13672;0.14648;0.15625;0.16602;0.17578;0.18555;0.19531;0.20508;0.21484;0.22461;0.23438;0.24414;0.25391;0.26367;0.27344;0.2832;0.29297;0.30273;0.3125;0.32227;0.33203;0.3418;0.35156;0.36133;0.37109;0.38086;0.39063;0.40039;0.41016;0.41992;0.42969;0.43945;0.44922;0.45898;0.46875;0.47852;0.48828;0.49805;0.50781;0.51758;0.52734;0.53711;0.54688;0.55664;0.56641;0.57617;0.58594;0.5957;0.60547;0.61523;0.625;0.63477;0.64453;0.6543;0.66406;0.67383;0.68359;0.69336;0.70313;0.71289;0.72266;0.73242;0.74219;0.75195;0.76172;0.77148;0.78125;0.79102,0.0019886079999999998;0.0028723200000000003;0.003674112;0.007269376;0.013423616;0.03789824;0.060273664;0.094000128;0.14584524799999998;0.10794495999999999;0.097775616;0.07375974399999999;0.053908479999999995;0.074430464;0.061882368;0.028823552;0.021388288000000002;0.030527488000000002;0.020468736;0.027029504;0.027913215999999998;0.022992895999999995;0.012813312;0.017288191999999997;0.015120384;0.009155584;0.00766976;0.006571008;0.00894464;0.005578751999999999;0.005142528;0.007436288;0.006505472;0.005469184;0.00505344;0.003984384;0.004546560000000001;0.006268928;0.004743168;0.0061255680000000005;0.008954879999999998;0.008815616;0.006674432000000001;0.007064576;0.007465983999999999;0.006951936;0.008041472000000001;0.00454144;0.0063569920000000005;0.006155264;0.005113856;0.004176895999999999;0.003729408;0.0031324160000000003;0.004538368;0.005281792;0.003986432;0.003904512;0.003182592;0.0021606399999999997;0.0028272640000000003;0.0030945279999999996;0.002783232;0.0022947840000000002;0.002072576;0.00209408;0.0027310080000000005;0.0017090559999999998;0.002689024;0.0024637440000000004;0.0017561599999999999;0.0019128320000000002;0.0009297919999999999;0.00097792;0.001099776;0.000917504;0.0009144320000000001;0.001040384;0.0009441279999999999
1788744600,hdr,0.0293;0.03906;0.04883;0.05859;0.06836;0.07813;0.08789;0.09766;0.10742;0.11719;0.12695;0.13672;0.14648;0.15625;0.16602;0.17578;0.18555;0.19531;0.20508;0.21484;0.22461;0.23438;0.24414;0.25391;0.26367;0.27344;0.2832;0.29297;0.30273;0.3125;0.32227;0.33203;0.3418;0.35156;0.36133;0.37109;0.38086;0.39063;0.40039;0.41016;0.41992;0.42969;0.43945;0.44922;0.45898;0.46875;0.47852;0.48828;0.49805;0.50781;0.51758;0.52734;0.53711;0.54688;0.55664;0.56641;0.57617;0.58594;0.5957;0.60547;0.61523;0.625;0.63477;0.64453;0.6543;0.66406;0.67383;0.68359;0.69336;0.70313;0.71289;0.72266;0.73242;0.74219;0.75195;0.76172;0.77148;0.78125;0.79102,0.001885184;0.004701183999999999;0.00482816;0.0047615999999999995;0.020396032;0.07199539199999999;0.1030912;0.08207872000000001;0.051787776;0.08399462399999999;0.07281664000000002;0.052222976000000004;0.057293824;0.051403776;0.0304896;0.039488512;0.029318144;0.017982464;0.019132415999999996;0.014682111999999999;0.0126208;0.014326784;0.015296512;0.012850176;0.010396672000000001;0.013907968000000001;0.013146112000000001;0.01018368;0.008065023999999999;0.007493631999999999;0.005653504;0.004084736;0.005071872000000001;0.006956032;0.005859328;0.005023743999999999;0.004345856;0.003518464;0.0035532800000000002;0.005362688;0.008153088000000001;0.008102912;0.004199424;0.00231936;0.004868096000000001;0.006677504;0.005988352;0.008987647999999999;0.0079872;0.005688319999999999;0.004135936;0.004765696;0.0052121599999999995;0.005878784;0.003049472;0.0030627840000000003;0.0032942079999999994;0.002171904;0.0017489920000000002;0.001795072;0.001942528;0.002373632;0.0022978559999999996;0.0017192959999999997;0.001721344;0.0013680639999999998;0.001651712;0.0011673599999999999;0.001344512;0.000939008;0.000930816;0.00070656;0.000889856;0.00091648;0.00067584;0.00091648;0.000857088;0.0005918719999999999;0.00080384
1788745500,hdr,0.0293;0.03906;0.04883;0.05859;0.06836;0.07813;0.08789;0.09766;0.10742;0.11719;0.12695;0.13672;0.14648;0.15625;0.16602;0.17578;0.18555;0.19531;0.20508;0.21484;0.22461;0.23438;0.24414;0.25391;0.26367;0.27344;0.2832;0.29297;0.30273;0.3125;0.32227;0.33203;0.3418;0.35156;0.36133;0.37109;0.38086;0.39063;0.40039;0.41016;0.41992;0.42969;0.43945;0.44922;0.45898;0.46875;0.47852;0.48828;0.49805;0.50781;0.51758;0.52734;0.53711;0.54688;0.55664;0.56641;0.57617;0.58594;0.5957;0.60547;0.61523;0.625;0.63477;0.64453;0.6543;0.66406;0.67383;0.68359;0.69336;0.70313;0.71289;0.72266;0.73242;0.74219;0.75195;0.76172;0.77148;0.78125;0.79102,0.00088576;0.001805312;0.002592768;0.0042383360000000005;0.013353984000000001;0.05604864;0.06921932800000001;0.12423680000000001;0.13352652800000003;0.10953420800000001;0.06813593600000001;0.063041536;0.064636928;0.066578432;0.0482048;0.046534655999999994;0.036743168;0.029773824;0.026195968;0.022204415999999998;0.016747520000000002;0.013014016;0.011896832;0.01480704;0.016857088;0.013655039999999998;0.01298944;0.008031232;0.004867072;0.005163008;0.004285440000000001;0.006440959999999999;0.007382016000000001;0.004344832000000001;0.004566016000000001;0.003191808;0.0032204799999999995;0.004390912;0.005496832;0.0036515840000000003;0.004197376;0.003439616;0.0020910079999999997;0.003011584;0.004112384;0.0035788799999999996;0.002868224;0.0032583679999999998;0.004569088;0.004698112;0.004575232;0.003414016;0.002915328;0.004528127999999999;0.006288384;0.0027351040000000004;0.00121344;0.001659904;0.00181248;0.0014940160000000001;0.0016168960000000003;0.001758208;0.001696768;0.00152576;0.0013219840000000002;0.001212416;0.0009205759999999999;0.001052672;0.001050624;0.0011735040000000001;0.001061888;0.00077824;0.000643072;0.000768;0.0008488959999999999;0.000723968;0.000611328;0.0007086080000000001;0.000858112
1788746400,hdr,0.0293;0.03906;0.04883;0.05859;0.06836;0.07813;0.08789;0.09766;0.10742;0.11719;0.12695;0.13672;0.14648;0.15625;0.16602;0.17578;0.18555;0.19531;0.20508;0.21484;0.22461;0.23438;0.24414;0.25391;0.26367;0.27344;0.2832;0.29297;0.30273;0.3125;0.32227;0.33203;0.3418;0.35156;0.36133;0.37109;0.38086;0.39063;0.40039;0.41016;0.41992;0.42969;0.43945;0.44922;0.45898;0.46875;0.47852;0.48828;0.49805;0.50781;0.51758;0.52734;0.53711;0.54688;0.55664;0.56641;0.57617;0.58594;0.5957;0.60547;0.61523;0.625;0.63477;0.64453;0.6543;0.66406;0.67383;0.68359;0.69336;0.70313;0.71289;0.72266;0.73242;0.74219;0.75195;0.76172;0.77148;0.78125;0.79102,0.000704512;0.000879616;0.001555456;0.004483072;0.007165952000000001;0.040918016;0.07950336;0.115042304;0.1137152;0.05897216;0.042913792;0.084876288;0.071735296;0.035731456;0.044196864;0.036212735999999995;0.040982528000000004;0.025092096;0.02417664;0.018143232;0.015222784000000001;0.011033600000000001;0.009950208;0.015259648;0.011073536;0.012371968;0.010170368;0.011896832;0.010421248;0.010921984000000001;0.012435456000000001;0.007606272;0.005692416;0.004976639999999999;0.005873664;0.006453248000000001;0.004594688;0.0047861760000000005;0.0037191679999999997;0.00150528;0.001985536;0.0037949439999999997;0.0037027839999999998;0.00326144;0.002865152;0.00276992;0.003103744;0.00285184;0.0031426559999999997;0.003625984;0.0038717440000000003;0.003915776;0.003360768;0.003326976;0.003267584;0.001794048;0.00162816;0.0024422399999999996;0.002061312;0.001289216;0.001067008;0.001061888;0.000759808;0.0008447999999999999;0.001472512;0.0014847999999999999;0.001062912;0.000642048;0.000606208;0.000950272;0.001014784;0.00067584;0.00050176;0.0008222720000000001;0.000625664;0.000630784;0.00047001599999999997;0.00033689599999999994;0.00034099200000000003
1788747300,hdr,0.0293;0.03906;0.04883;0.05859;0.06836;0.07813;0.08789;0.09766;0.10742;0.11719;0.12695;0.13672;0.14648;0.15625;0.16602;0.17578;0.18555;0.19531;0.20508;0.21484;0.22461;0.23438;0.24414;0.25391;0.26367;0.27344;0.2832;0.29297;0.30273;0.3125;0.32227;0.33203;0.3418;0.35156;0.36133;0.37109;0.38086;0.39063;0.40039;0.41016;0.41992;0.42969;0.43945;0.44922;0.45898;0.46875;0.47852;0.48828;0.49805;0.50781;0.51758;0.52734;0.53711;0.54688;0.55664;0.56641;0.57617;0.58594;0.5957;0.60547;0.61523;0.625;0.63477;0.64453;0.6543;0.66406;0.67383;0.68359;0.69336;0.70313;0.71289;0.72266;0.73242;0.74219;0.75195;0.76172;0.77148;0.78125;0.79102,0.004732928;0.006450175999999999;0.006336512;0.008270848000000003;0.01829888;0.050264064;0.07767347200000001;0.11399168000000001;0.11919155199999999;0.10182246399999999;0.053240831999999995;0.04023296;0.043856896;0.082803712;0.06233497599999999;0.02686976;0.032858112;0.038804479999999995;0.029218815999999998;0.019884032000000003;0.011737088;0.010422272;0.015347712;0.011680768;0.010208256;0.008531968000000001;0.00977408;0.008687616;0.00577024;0.005170175999999999;0.005039104;0.005590016000000001;0.007536640000000001;0.0062126080000000005;0.0044544;0.003473408;0.003328;0.0038502399999999996;0.0027217920000000002;0.002195456;0.001895424;0.00257024;0.0035440640000000004;0.0029911039999999996;0.001711104;0.002945024;0.003934208;0.003726336;0.002169856;0.002532352;0.0029501439999999996;0.0037345280000000004;0.003390464;0.00194048;0.001717248;0.0019251199999999998;0.001911808;0.001550336;0.002036736;0.0017725439999999998;0.0011776;0.000704512;0.000616448;0.000743424;0.0006604799999999999;0.000807936;0.001065984;0.0011919360000000002;0.000720896;0.000733184;0.00052224;0.000516096;0.0005683200000000001;0.000452608;0.000515072;0.000459776;0.000406528;0.00044339199999999997;0.00031129599999999997
1788748200,hdr,0.0293;0.03906;0.04883;0.05859;0.06836;0.07813;0.08789;0.09766;0.10742;0.11719;0.12695;0.13672;0.14648;0.15625;0.16602;0.17578;0.18555;0.19531;0.20508;0.21484;0.22461;0.23438;0.24414;0.25391;0.26367;0.27344;0.2832;0.29297;0.30273;0.3125;0.32227;0.33203;0.3418;0.35156;0.36133;0.37109;0.38086;0.39063;0.40039;0.41016;0.41992;0.42969;0.43945;0.44922;0.45898;0.46875;0.47852;0.48828;0.49805;0.50781;0.51758;0.52734;0.53711;0.54688;0.55664;0.56641;0.57617;0.58594;0.5957;0.60547;0.61523;0.625;0.63477;0.64453;0.6543;0.66406;0.67383;0.68359;0.69336;0.70313;0.71289;0.72266;0.73242;0.74219;0.75195;0.76172;0.77148;0.78125;0.79102,0.003152896;0.00226816;0.003282944;0.009708544;0.023124991999999997;0.036359168;0.055619584;0.141882368;0.225731584;0.143751168;0.07055155199999999;0.039375872000000006;0.031671296;0.044052480000000005;0.053745664;0.059446271999999994;0.037561343999999997;0.031401984;0.026866688;0.015166464;0.011455488000000002;0.012807168;0.013749248;0.009156608;0.005768192;0.006300671999999999;0.007364607999999999;0.00883712;0.008626176;0.012760064;0.008591360000000001;0.00500224;0.0041492479999999995;0.003018752;0.002369536;0.0038000639999999997;0.0033536000000000004;0.0020592640000000003;0.001605632;0.001702912;0.00165376;0.001795072;0.0018432000000000001;0.0034488319999999998;0.00181248;0.002046976;0.002184192;0.00256;0.003412992;0.0019650559999999997;0.001129472;0.0011632640000000002;0.0017684480000000002;0.002620416;0.00263168;0.001758208;0.001214464;0.0013506560000000002;0.001400832;0.00103424;0.00085504;0.0006830079999999999;0.000872448;0.0006604799999999999;0.000565248;0.0006144;0.000666624;0.0005304320000000001;0.000415744;0.000459776;0.000411648;0.000536576;0.00042291200000000006;0.000379904;0.000310272;0.000365568;0.00031129599999999997;0.00034099200000000003;0.00041779199999999995
1788749100,hdr,0.0293;0.03906;0.04883;0.05859;0.06836;0.07813;0.08789;0.09766;0.10742;0.11719;0.12695;0.13672;0.14648;0.15625;0.16602;0.17578;0.18555;0.19531;0.20508;0.21484;0.22461;0.23438;0.24414;0.25391;0.26367;0.27344;0.2832;0.29297;0.30273;0.3125;0.32227;0.33203;0.3418;0.35156;0.36133;0.37109;0.38086;0.39063;0.40039;0.41016;0.41992;0.42969;0.43945;0.44922;0.45898;0.46875;0.47852;0.48828;0.49805;0.50781;0.51758;0.52734;0.53711;0.54688;0.55664;0.56641;0.57617;0.58594;0.5957;0.60547;0.61523;0.625;0.63477;0.64453;0.6543;0.66406;0.67383;0.68359;0.69336;0.70313;0.71289;0.72266;0.73242;0.74219;0.75195;0.76172;0.77148;0.78125;0.79102,0.00359936;0.0065587200000000005;0.00708608;0.005559295999999999;0.007621632;0.024937472;0.042198016000000005;0.045561856;0.07453491200000001;0.111765504;0.08732262400000002;0.035048448;0.029710336000000004;0.041603072;0.024078336;0.021740544;0.027199487999999997;0.038324224000000004;0.028009471999999997;0.025046016000000004;0.022961152;0.0190976;0.012954624000000001;0.008111104;0.008333312;0.00406016;0.0031232000000000005;0.0025088;0.0045670400000000005;0.007291903999999999;0.004297728;0.004200447999999999;0.004656128;0.00315904;0.0028672;0.003001344;0.002638848;0.0026521599999999998;0.002062336;0.0018687999999999999;0.0018595839999999998;0.001345536;0.00192;0.001127424;0.000955392;0.001942528;0.002011136;0.0011632640000000002;0.001035264;0.001738752;0.001716224;0.0012912639999999999;0.001508352;0.0015738879999999998;0.001422336;0.001248256;0.0012359679999999998;0.001110016;0.001082368;0.000831488;0.0005478400000000001;0.000531456;0.0005683200000000001;0.000490496;0.00042291200000000006;0.00040243200000000004;0.00031232;0.00048742400000000003;0.0005703679999999999;0.00047308800000000003;0.00047308800000000003;0.00039219200000000003;0.00023859199999999998;0.00030924800000000003;0.00041779199999999995;0.000611328;0.000449536;0.00027033600000000004;0.000314368
1788750000,hdr,0.0293;0.03906;0.04883;0.05859;0.06836;0.07813;0.08789;0.09766;0.10742;0.11719;0.12695;0.13672;0.14648;0.15625;0.16602;0.17578;0.18555;0.19531;0.20508;0.21484;0.22461;0.23438;0.24414;0.25391;0.26367;0.27344;0.2832;0.29297;0.30273;0.3125;0.32227;0.33203;0.3418;0.35156;0.36133;0.37109;0.38086;0.39063;0.40039;0.41016;0.41992;0.42969;0.43945;0.44922;0.45898;0.46875;0.47852;0.48828;0.49805;0.50781;0.51758;0.52734;0.53711;0.54688;0.55664;0.56641;0.57617;0.58594;0.5957;0.60547;0.61523;0.625;0.63477;0.64453;0.6543;0.66406;0.67383;0.68359;0.69336;0.70313;0.71289;0.72266;0.73242;0.74219;0.75195;0.76172;0.77148;0.78125;0.79102,0.007804928;0.00551424;0.007792639999999999;0.008902656;0.02102272;0.066473984;0.09830912;0.096872448;0.106918912;0.087291904;0.050420735999999994;0.036523007999999996;0.039929856;0.054429696;0.058832896;0.05343232;0.027546624;0.016067584;0.023344128000000002;0.02141184;0.017348608;0.018253824000000002;0.01550336;0.008753152;0.008772608;0.009698304;0.008568832;0.007161855999999999;0.005310464;0.004069376;0.004054016;0.002895872;0.001833984;0.0019087359999999999;0.0023347199999999998;0.002361344;0.001153024;0.001931264;0.00192;0.0019937279999999997;0.001074176;0.0009830400000000001;0.0013260799999999999;0.001118208;0.001189888;0.0011919360000000002;0.0012165119999999999;0.0009564160000000001;0.0015063040000000002;0.000774144;0.0006778880000000001;0.0011786239999999999;0.00149504;0.001344512;0.000858112;0.0008222720000000001;0.0011509760000000002;0.000802816;0.000483328;0.00050688;0.000483328;0.000577536;0.00040345599999999995;0.000314368;0.00037478399999999997;0.00030105599999999996;0.000429056;0.000516096;0.000330752;0.000432128;0.0005888;0.00036761599999999997;0.00033689599999999994;0.000345088;0.000258048;0.000195584;0.000140288;0.000224256;0.000244736
1788750900,hdr,0.0293;0.03906;0.04883;0.05859;0.06836;0.07813;0.08789;0.09766;0.10742;0.11719;0.12695;0.13672;0.14648;0.15625;0.16602;0.17578;0.18555;0.19531;0.20508;0.21484;0.22461;0.23438;0.24414;0.25391;0.26367;0.27344;0.2832;0.29297;0.30273;0.3125;0.32227;0.33203;0.3418;0.35156;0.36133;0.37109;0.38086;0.39063;0.40039;0.41016;0.41992;0.42969;0.43945;0.44922;0.45898;0.46875;0.47852;0.48828;0.49805;0.50781;0.51758;0.52734;0.53711;0.54688;0.55664;0.56641;0.57617;0.58594;0.5957;0.60547;0.61523;0.625;0.63477;0.64453;0.6543;0.66406;0.67383;0.68359;0.69336;0.70313;0.71289;0.72266;0.73242;0.74219;0.75195;0.76172;0.77148;0.78125;0.79102,0.002960384;0.0048783360000000005;0.010038271999999999;0.011113472;0.030685184;0.0342016;0.075251712;0.08939008;0.137181184;0.06958182399999999;0.035965952;0.040579072;0.035047424;0.034769919999999996;0.029900799999999998;0.033552384000000005;0.031187968;0.026963968;0.032034816;0.018020352;0.009570304;0.012329984;0.014932992;0.012146688;0.008964096;0.007179264;0.00597504;0.0055306240000000005;0.003411968;0.003579904;0.004687871999999999;0.00340992;0.002953216;0.002742272;0.001907712;0.0021411840000000004;0.001624064;0.00280064;0.002486272;0.0014714879999999997;0.0008652800000000001;0.0007423999999999999;0.001149952;0.001562624;0.0008335360000000001;0.0009564160000000001;0.001014784;0.001087488;0.0010496000000000001;0.00067072;0.0006574080000000001;0.001078272;0.000766976;0.0006000640000000001;0.000764928;0.000837632;0.000787456;0.000702464;0.000494592;0.000371712;0.00024780799999999997;0.000218112;0.00029286400000000005;0.000360448;0.000401408;0.00043827199999999997;0.000253952;0.000206848;0.00023654400000000002;0.000140288;0.00024063999999999997;0.000190464;0.000175104;0.00020480000000000002;0.000164864;0.000249856;0.00026623999999999994;0.000258048;0.000196608
1788751800,hdr,0.0293;0.03906;0.04883;0.05859;0.06836;0.07813;0.08789;0.09766;0.10742;0.11719;0.12695;0.13672;0.14648;0.15625;0.16602;0.17578;0.18555;0.19531;0.20508;0.21484;0.22461;0.23438;0.24414;0.25391;0.26367;0.27344;0.2832;0.29297;0.30273;0.3125;0.32227;0.33203;0.3418;0.35156;0.36133;0.37109;0.38086;0.39063;0.40039;0.41016;0.41992;0.42969;0.43945;0.44922;0.45898;0.46875;0.47852;0.48828;0.49805;0.50781;0.51758;0.52734;0.53711;0.54688;0.55664;0.56641;0.57617;0.58594;0.5957;0.60547;0.61523;0.625;0.63477;0.64453;0.6543;0.66406;0.67383;0.68359;0.69336;0.70313;0.71289;0.72266;0.73242;0.74219;0.75195;0.76172;0.77148;0.78125;0.79102,0.011065344;0.012136448000000001;0.005761024;0.012760064;0.028071936000000002;0.05697740799999999;0.08100761599999999;0.060751872;0.075148288;0.042555392;0.036125696;0.026913792000000002;0.034628608;0.067981312;0.075194368;0.072092672;0.042877952;0.031763456;0.031430656;0.022423552;0.01864192;0.016155647999999998;0.0128256;0.009135104;0.005525504;0.006219776000000001;0.004554752;0.003423232;0.00421888;0.003733504;0.003262464;0.002020352;0.0014458880000000002;0.0020029439999999996;0.000734208;0.0013557760000000002;0.001931264;0.0010598399999999998;0.00141824;0.001358848;0.001297408;0.001542144;0.0013240320000000002;0.001483776;0.001117184;0.000891904;0.00134144;0.001221632;0.0009748480000000001;0.0008704;0.000733184;0.0005836799999999999;0.000812032;0.000965632;0.00076288;0.00046796800000000003;0.000468992;0.000497664;0.0007413760000000001;0.000534528;0.000331776;0.000326656;0.000244736;0.000246784;0.00029900799999999997;0.00028774400000000004;0.00032256;0.000391168;0.000408576;0.00035942400000000006;0.00036249599999999997;0.00029183999999999997;0.00029388799999999996;0.000244736;0.000272384;0.00019456;0.000259072;0.000350208;0.000533504
1788752700,hdr,0.0293;0.03906;0.04883;0.05859;0.06836;0.07813;0.08789;0.09766;0.10742;0.11719;0.12695;0.13672;0.14648;0.15625;0.16602;0.17578;0.18555;0.19531;0.20508;0.21484;0.22461;0.23438;0.24414;0.25391;0.26367;0.27344;0.2832;0.29297;0.30273;0.3125;0.32227;0.33203;0.3418;0.35156;0.36133;0.37109;0.38086;0.39063;0.40039;0.41016;0.41992;0.42969;0.43945;0.44922;0.45898;0.46875;0.47852;0.48828;0.49805;0.50781;0.51758;0.52734;0.53711;0.54688;0.55664;0.56641;0.57617;0.58594;0.5957;0.60547;0.61523;0.625;0.63477;0.64453;0.6543;0.66406;0.67383;0.68359;0.69336;0.70313;0.71289;0.72266;0.73242;0.74219;0.75195;0.76172;0.77148;0.78125;0.79102,0.010377216;0.01961984;0.010058752;0.008295424000000001;0.011213824;0.035304448;0.05499904;0.09107763199999999;0.08663552000000001;0.08633139199999999;0.05347430399999999;0.035944448000000004;0.039355392;0.027923456000000003;0.04676096;0.053307392;0.036310015999999994;0.039257088;0.029831168;0.026182656000000002;0.018033664;0.013515776;0.009576447999999998;0.009066496;0.009132032000000002;0.006408192;0.0053442559999999995;0.007181312;0.004355072;0.003306496;0.002729984;0.002386944;0.001934336;0.0022476799999999997;0.003017728;0.0026347520000000006;0.0023920639999999997;0.001790976;0.001451008;0.000765952;0.0011212799999999999;0.000996352;0.000841728;0.000919552;0.0009287680000000001;0.0007106559999999999;0.0008345599999999999;0.000688128;0.0005734399999999999;0.000661504;0.000536576;0.000565248;0.0004884479999999999;0.000448512;0.000316416;0.00036454399999999996;0.000324608;0.000222208;0.000314368;0.00044339199999999997;0.0004352;0.000388096;0.00042803200000000007;0.000316416;0.000429056;0.00035532799999999997;0.00022016;0.00029491200000000004;0.000448512;0.000388096;0.00029081600000000006;0.000349184;0.000228352;0.000156672;0.00013516800000000002;0.00029798400000000005;0.000321536;0.000391168;0.000504832
1788753600,hdr,0.0293;0.03906;0.04883;0.05859;0.06836;0.07813;0.08789;0.09766;0.10742;0.11719;0.12695;0.13672;0.14648;0.15625;0.16602;0.17578;0.18555;0.19531;0.20508;0.21484;0.22461;0.23438;0.24414;0.25391;0.26367;0.27344;0.2832;0.29297;0.30273;0.3125;0.32227;0.33203;0.3418;0.35156;0.36133;0.37109;0.38086;0.39063;0.40039;0.41016;0.41992;0.42969;0.43945;0.44922;0.45898;0.46875;0.47852;0.48828;0.49805;0.50781;0.51758;0.52734;0.53711;0.54688;0.55664;0.56641;0.57617;0.58594;0.5957;0.60547;0.61523;0.625;0.63477;0.64453;0.6543;0.66406;0.67383;0.68359;0.69336;0.70313;0.71289;0.72266;0.73242;0.74219;0.75195;0.76172;0.77148;0.78125;0.79102,0.008853503999999998;0.020110336;0.015848448;0.012046336;0.012796927999999999;0.021393408;0.040252416;0.051074048;0.06788608;0.054591488;0.041160704000000006;0.03692032;0.035022848;0.026698752;0.030099455999999997;0.037358592;0.037152768;0.034684928;0.019288063999999997;0.017052672;0.0125952;0.0113408;0.009720832;0.009489408;0.0070768639999999996;0.005791744;0.00646144;0.005634048;0.005058559999999999;0.005941248;0.002813952;0.0031928320000000005;0.002620416;0.00171008;0.00162816;0.001476608;0.0014919679999999998;0.001475584;0.002325504;0.0021248;0.001147904;0.0007137280000000001;0.000676864;0.000922624;0.0006144;0.000463872;0.00090112;0.001096704;0.00075264;0.000504832;0.000647168;0.000666624;0.00048025600000000003;0.000468992;0.00029798400000000005;0.000237568;0.000313344;0.000507904;0.00047104000000000004;0.000260096;0.000188416;0.000280576;0.000278528;0.000242688;0.000175104;0.00020377600000000002;0.000205824;0.00023244799999999998;0.00033382400000000003;0.0003584;0.000350208;0.000282624;0.000347136;0.000393216;0.000395264;0.00039628799999999996;0.000324608;0.000582656;0.00042291200000000006
1788754500,hdr,0.0293;0.03906;0.04883;0.05859;0.06836;0.07813;0.08789;0.09766;0.10742;0.11719;0.12695;0.13672;0.14648;0.15625;0.16602;0.17578;0.18555;0.19531;0.20508;0.21484;0.22461;0.23438;0.24414;0.25391;0.26367;0.27344;0.2832;0.29297;0.30273;0.3125;0.32227;0.33203;0.3418;0.35156;0.36133;0.37109;0.38086;0.39063;0.40039;0.41016;0.41992;0.42969;0.43945;0.44922;0.45898;0.46875;0.47852;0.48828;0.49805;0.50781;0.51758;0.52734;0.53711;0.54688;0.55664;0.56641;0.57617;0.58594;0.5957;0.60547;0.61523;0.625;0.63477;0.64453;0.6543;0.66406;0.67383;0.68359;0.69336;0.70313;0.71289;0.72266;0.73242;0.74219;0.75195;0.76172;0.77148;0.78125;0.79102,0.00579584;0.010791936;0.010347519999999999;0.012651520000000001;0.023289856;0.053662720000000004;0.052552704;0.045547519999999994;0.05478809600000001;0.108151808;0.053372928;0.04068352;0.038841344;0.061941760000000005;0.06888243200000001;0.041510912;0.031557632;0.019062784;0.022853632000000002;0.016927743999999998;0.015859711999999998;0.009596928;0.008900608;0.007651328000000001;0.004984832000000001;0.007205888;0.0067205120000000005;0.005021696000000001;0.003050496;0.002951168;0.003347456;0.0038993920000000002;0.002341888;0.00216576;0.0019230719999999998;0.001763328;0.0013404159999999999;0.0014632959999999998;0.001035264;0.0007075839999999999;0.0006912;0.0007188480000000001;0.0005734399999999999;0.00041472;0.000518144;0.0006891520000000001;0.000484352;0.00043008000000000006;0.00046080000000000003;0.00036147200000000005;0.00037888;0.000421888;0.00040755200000000004;0.00032256;0.00030412799999999997;0.00029286400000000005;0.000380928;0.00029798400000000005;0.00018739199999999998;0.00022528;0.000331776;0.0003072;0.00024063999999999997;0.00014643200000000002;0.000152576;0.00024371200000000001;0.000325632;0.000279552;0.000172032;0.000262144;0.000259072;0.000241664;0.00018432000000000002;0.000350208;0.000382976;0.00037068800000000004;0.000453632;0.00029388799999999996;0.00029388799999999996
1788755400,hdr,0.0293;0.03906;0.04883;0.05859;0.06836;0.07813;0.08789;0.09766;0.10742;0.11719;0.12695;0.13672;0.14648;0.15625;0.16602;0.17578;0.18555;0.19531;0.20508;0.21484;0.22461;0.23438;0.24414;0.25391;0.26367;0.27344;0.2832;0.29297;0.30273;0.3125;0.32227;0.33203;0.3418;0.35156;0.36133;0.37109;0.38086;0.39063;0.40039;0.41016;0.41992;0.42969;0.43945;0.44922;0.45898;0.46875;0.47852;0.48828;0.49805;0.50781;0.51758;0.52734;0.53711;0.54688;0.55664;0.56641;0.57617;0.58594;0.5957;0.60547;0.61523;0.625;0.63477;0.64453;0.6543;0.66406;0.67383;0.68359;0.69336;0.70313;0.71289;0.72266;0.73242;0.74219;0.75195;0.76172;0.77148;0.78125;0.79102,0.004452352;0.006921216;0.01378304;0.00936448;0.025151488;0.063505408;0.06627225599999999;0.07126118399999999;0.07809536;0.089546752;0.065482752;0.048811008;0.052103168;0.084371456;0.097953792;0.055812096;0.042139648;0.024998912;0.016985088;0.016961536;0.01178624;0.007536640000000001;0.007030784;0.007133184;0.006086656;0.007130111999999999;0.004145152;0.002832384;0.0029255680000000004;0.0040345599999999995;0.003016704;0.0027095039999999997;0.0018800639999999999;0.001580032;0.0021002239999999995;0.002204672;0.001702912;0.001533952;0.0014458880000000002;0.001201152;0.000945152;0.0006604799999999999;0.000432128;0.00041472;0.000576512;0.000492544;0.000520192;0.00047923199999999995;0.00040243200000000004;0.000504832;0.00051712;0.000456704;0.000379904;0.000221184;0.00038912;0.00032870400000000003;0.00027340799999999994;0.000272384;0.000264192;0.00023244799999999998;0.00015052799999999998;0.000228352;0.000237568;0.000167936;0.000169984;0.000173056;0.000178176;0.00020992;0.000415744;0.000390144;0.0005324799999999999;0.000371712;0.00031129599999999997;0.00041676800000000003;0.00081408;0.0008048640000000001;0.000635904;0.0008192000000000001;0.0016773119999999998
1788756300,hdr,0.0293;0.03906;0.04883;0.05859;0.06836;0.07813;0.08789;0.09766;0.10742;0.11719;0.12695;0.13672;0.14648;0.15625;0.16602;0.17578;0.18555;0.19531;0.20508;0.21484;0.22461;0.23438;0.24414;0.25391;0.26367;0.27344;0.2832;0.29297;0.30273;0.3125;0.32227;0.33203;0.3418;0.35156;0.36133;0.37109;0.38086;0.39063;0.40039;0.41016;0.41992;0.42969;0.43945;0.44922;0.45898;0.46875;0.47852;0.48828;0.49805;0.50781;0.51758;0.52734;0.53711;0.54688;0.55664;0.56641;0.57617;0.58594;0.5957;0.60547;0.61523;0.625;0.63477;0.64453;0.6543;0.66406;0.67383;0.68359;0.69336;0.70313;0.71289;0.72266;0.73242;0.74219;0.75195;0.76172;0.77148;0.78125;0.79102,0.003187712;0.010779648;0.010310656;0.009325568000000001;0.019439616000000003;0.032159744000000004;0.057921536;0.09124454400000001;0.083423232;0.10184089600000001;0.101243904;0.046099456000000004;0.040355840000000004;0.057985024;0.07847526399999999;0.055153664;0.036656128;0.024229887999999998;0.013599743999999999;0.016791552;0.016900096;0.012045312;0.006894592000000001;0.0060139519999999995;0.005283839999999999;0.00627712;0.0052469759999999996;0.00557568;0.006334464;0.0068976639999999995;0.005289983999999999;0.00242176;0.001708032;0.0022067199999999997;0.001298432;0.000863232;0.0014438399999999998;0.00131072;0.0007393279999999999;0.0008560640000000001;0.000847872;0.0007280640000000001;0.000812032;0.0005632;0.000653312;0.000444416;0.000275456;0.00034816000000000003;0.00030208000000000004;0.00029491200000000004;0.000303104;0.000288768;0.000345088;0.000384;0.00041062399999999995;0.00031232;0.000252928;0.000241664;0.00031232;0.000234496;0.000259072;0.00032256;0.00041062399999999995;0.00028671999999999997;0.000277504;0.000528384;0.0006676480000000001;0.0008929280000000001;0.00099328;0.0010465279999999997;0.001707008;0.001885184;0.001657856;0.002642944;0.003064832;0.003072;0.002904064;0.002878464;0.0028416
1788757200,hdr,0.0293;0.03906;0.04883;0.05859;0.06836;0.07813;0.08789;0.09766;0.10742;0.11719;0.12695;0.13672;0.14648;0.15625;0.16602;0.17578;0.18555;0.19531;0.20508;0.21484;0.22461;0.23438;0.24414;0.25391;0.26367;0.27344;0.2832;0.29297;0.30273;0.3125;0.32227;0.33203;0.3418;0.35156;0.36133;0.37109;0.38086;0.39063;0.40039;0.41016;0.41992;0.42969;0.43945;0.44922;0.45898;0.46875;0.47852;0.48828;0.49805;0.50781;0.51758;0.52734;0.53711;0.54688;0.55664;0.56641;0.57617;0.58594;0.5957;0.60547;0.61523;0.625;0.63477;0.64453;0.6543;0.66406;0.67383;0.68359;0.69336;0.70313;0.71289;0.72266;0.73242;0.74219;0.75195;0.76172;0.77148;0.78125;0.79102,0.006380544000000001;0.013601792;0.01065472;0.007596032;0.023961600000000003;0.051556352;0.057920512;0.043749376;0.066870272;0.12295065599999999;0.116826112;0.049085439999999994;0.033784832;0.043311103999999996;0.068348928;0.04670873600000001;0.030188544;0.036269055999999994;0.0304384;0.014710784;0.006971392;0.00462848;0.006704127999999999;0.00498688;0.007538687999999999;0.008861696;0.008544256000000002;0.006699008;0.004369408;0.0040519679999999995;0.00414208;0.003459072;0.003001344;0.0028303359999999997;0.0021196799999999997;0.00169472;0.000927744;0.0008212479999999999;0.000912384;0.000854016;0.0007393279999999999;0.0004986880000000001;0.000756736;0.000518144;0.00040448000000000003;0.000454656;0.00036864000000000005;0.000535552;0.00043827199999999997;0.00036864000000000005;0.00047616000000000005;0.000310272;0.00037376;0.0005877759999999999;0.0004915200000000001;0.000326656;0.00039731200000000003;0.00034201599999999995;0.00041676800000000003;0.00045568;0.0005888;0.000494592;0.0009697280000000001;0.000979968;0.0013506560000000002;0.0018042879999999998;0.002362368;0.001769472;0.00290304;0.0038420480000000003;0.002966528;0.0044288;0.005223424;0.0065187840000000006;0.004642816;0.005064704;0.00461824;0.0035368960000000003;0.00311296
1788758100,hdr,0.0293;0.03906;0.04883;0.05859;0.06836;0.07813;0.08789;0.09766;0.10742;0.11719;0.12695;0.13672;0.14648;0.15625;0.16602;0.17578;0.18555;0.19531;0.20508;0.21484;0.22461;0.23438;0.24414;0.25391;0.26367;0.27344;0.2832;0.29297;0.30273;0.3125;0.32227;0.33203;0.3418;0.35156;0.36133;0.37109;0.38086;0.39063;0.40039;0.41016;0.41992;0.42969;0.43945;0.44922;0.45898;0.46875;0.47852;0.48828;0.49805;0.50781;0.51758;0.52734;0.53711;0.54688;0.55664;0.56641;0.57617;0.58594;0.5957;0.60547;0.61523;0.625;0.63477;0.64453;0.6543;0.66406;0.67383;0.68359;0.69336;0.70313;0.71289;0.72266;0.73242;0.74219;0.75195;0.76172;0.77148;0.78125;0.79102,0.0071884800000000006;0.014814208;0.011813888000000002;0.009731072;0.014176256000000002;0.022601728;0.039825408;0.054831104000000006;0.08027852799999999;0.07004160000000001;0.078916608;0.049509376;0.049344512;0.05692416;0.037255168;0.03775488;0.033398784;0.037397504;0.03615744;0.022460415999999997;0.01357312;0.010339328;0.014359552000000001;0.010142720000000001;0.007380992;0.004443136;0.00410112;0.006657023999999999;0.004355072;0.0032870399999999998;0.0038952960000000003;0.0022640639999999997;0.0025118719999999996;0.002476032;0.001985536;0.0010721279999999999;0.000970752;0.0008345599999999999;0.000663552;0.000884736;0.000566272;0.0005007359999999999;0.000349184;0.000313344;0.00044032;0.000489472;0.00036454399999999996;0.000400384;0.000483328;0.000549888;0.000494592;0.00048127999999999995;0.0005601279999999999;0.00041984;0.000346112;0.00030208000000000004;0.00029593599999999995;0.000459776;0.000518144;0.000503808;0.00084992;0.000861184;0.0006144;0.0018135039999999999;0.0027136;0.002332672;0.0022927360000000005;0.0037877759999999996;0.002783232;0.0036024319999999996;0.003749888;0.004025343999999999;0.005229568;0.006077440000000001;0.005244928;0.0032573439999999997;0.0031324160000000003;0.0032942079999999994;0.0031774719999999998
1788759000,hdr,0.0293;0.03906;0.04883;0.05859;0.06836;0.07813;0.08789;0.09766;0.10742;0.11719;0.12695;0.13672;0.14648;0.15625;0.16602;0.17578;0.18555;0.19531;0.20508;0.21484;0.22461;0.23438;0.24414;0.25391;0.26367;0.27344;0.2832;0.29297;0.30273;0.3125;0.32227;0.33203;0.3418;0.35156;0.36133;0.37109;0.38086;0.39063;0.40039;0.41016;0.41992;0.42969;0.43945;0.44922;0.45898;0.46875;0.47852;0.48828;0.49805;0.50781;0.51758;0.52734;0.53711;0.54688;0.55664;0.56641;0.57617;0.58594;0.5957;0.60547;0.61523;0.625;0.63477;0.64453;0.6543;0.66406;0.67383;0.68359;0.69336;0.70313;0.71289;0.72266;0.73242;0.74219;0.75195;0.76172;0.77148;0.78125;0.79102,0.010042368000000001;0.026440704000000002;0.022706175999999998;0.00900608;0.01099776;0.032187392;0.077693952;0.08044544000000001;0.072067072;0.088385536;0.05640704;0.036895744;0.03569868799999999;0.022849536;0.038217728;0.044343296000000004;0.043129856;0.028628992000000002;0.027877376;0.019625984;0.013744128000000001;0.015458304;0.010789888;0.008080384;0.006505472;0.00381952;0.003267584;0.0051302399999999995;0.004289536;0.003350528;0.00371712;0.002354176;0.002496512;0.0021002239999999995;0.001225728;0.001062912;0.001015808;0.000759808;0.00075264;0.00046592000000000004;0.000442368;0.000642048;0.000510976;0.00036249599999999997;0.000458752;0.000351232;0.00035328;0.00041472;0.00029183999999999997;0.000326656;0.000305152;0.000263168;0.00027340799999999994;0.00031129599999999997;0.00032768;0.00032870400000000003;0.00035328;0.000346112;0.000339968;0.000531456;0.000448512;0.000656384;0.00083968;0.001234944;0.001480704;0.00165888;0.001069056;0.00129024;0.0031232000000000005;0.003854336;0.003228672;0.0030607359999999997;0.005078015999999999;0.006313983999999999;0.00534528;0.0030822400000000004;0.0027279360000000002;0.002802688;0.0023296
1788759900,hdr,0.0293;0.03906;0.04883;0.05859;0.06836;0.07813;0.08789;0.09766;0.10742;0.11719;0.12695;0.13672;0.14648;0.15625;0.16602;0.17578;0.18555;0.19531;0.20508;0.21484;0.22461;0.23438;0.24414;0.25391;0.26367;0.27344;0.2832;0.29297;0.30273;0.3125;0.32227;0.33203;0.3418;0.35156;0.36133;0.37109;0.38086;0.39063;0.40039;0.41016;0.41992;0.42969;0.43945;0.44922;0.45898;0.46875;0.47852;0.48828;0.49805;0.50781;0.51758;0.52734;0.53711;0.54688;0.55664;0.56641;0.57617;0.58594;0.5957;0.60547;0.61523;0.625;0.63477;0.64453;0.6543;0.66406;0.67383;0.68359;0.69336;0.70313;0.71289;0.72266;0.73242;0.74219;0.75195;0.76172;0.77148;0.78125;0.79102,0.005807104;0.011044864;0.007873536;0.007322624;0.022586368;0.050141184;0.10054553599999999;0.070592512;0.084281344;0.106261504;0.040280064000000004;0.030559232;0.046818304;0.048868352;0.03870208;0.04118016;0.034745344000000004;0.022982656;0.016899072;0.014571520000000001;0.0179456;0.01131008;0.008289280000000001;0.007496704000000001;0.00656896;0.00579584;0.005192703999999999;0.00451584;0.003994624;0.003803136;0.0029265919999999996;0.0017479680000000001;0.0017807360000000002;0.001472512;0.001604608;0.001288192;0.0007925759999999999;0.0009543679999999999;0.001026048;0.0007772160000000001;0.000646144;0.00050688;0.00044646400000000004;0.000456704;0.000344064;0.000398336;0.00033382400000000003;0.000384;0.00029696;0.000258048;0.000244736;0.000248832;0.00031232;0.000344064;0.00033792;0.00023040000000000002;0.000205824;0.000329728;0.000331776;0.000279552;0.000324608;0.000379904;0.00067584;0.000529408;0.0008663039999999999;0.0011356159999999999;0.001265664;0.0014735360000000001;0.001874944;0.002403328;0.0029952000000000004;0.0035471359999999998;0.002953216;0.0034304;0.0038420480000000003;0.00462336;0.00473088;0.003821568;0.0032430080000000003
1788760800,hdr,0.0293;0.03906;0.04883;0.05859;0.06836;0.07813;0.08789;0.09766;0.10742;0.11719;0.12695;0.13672;0.14648;0.15625;0.16602;0.17578;0.18555;0.19531;0.20508;0.21484;0.22461;0.23438;0.24414;0.25391;0.26367;0.27344;0.2832;0.29297;0.30273;0.3125;0.32227;0.33203;0.3418;0.35156;0.36133;0.37109;0.38086;0.39063;0.40039;0.41016;0.41992;0.42969;0.43945;0.44922;0.45898;0.46875;0.47852;0.48828;0.49805;0.50781;0.51758;0.52734;0.53711;0.54688;0.55664;0.56641;0.57617;0.58594;0.5957;0.60547;0.61523;0.625;0.63477;0.64453;0.6543;0.66406;0.67383;0.68359;0.69336;0.70313;0.71289;0.72266;0.73242;0.74219;0.75195;0.76172;0.77148;0.78125;0.79102,0.004105216;0.006341632;0.009598976;0.008036352;0.016529408;0.046030848;0.069112832;0.07892275200000001;0.148530176;0.095323136;0.09158553600000001;0.05566361599999999;0.032587776;0.039445504;0.034098176;0.026662912;0.039766016;0.025404416000000003;0.021919744;0.021808128;0.0198656;0.007881728;0.009353216000000001;0.010389504;0.007881728;0.0050503679999999995;0.00601088;0.0070021120000000004;0.0044605439999999994;0.0035809279999999997;0.00326656;0.003175424;0.0018524160000000002;0.0012707839999999998;0.001659904;0.001067008;0.0012728319999999998;0.00116224;0.000661504;0.000617472;0.00054272;0.00067072;0.00052224;0.00040345599999999995;0.000492544;0.00038912;0.000325632;0.00034816000000000003;0.0002816;0.00041472;0.000453632;0.000420864;0.00029081600000000006;0.000175104;0.000228352;0.00031232;0.00047206399999999996;0.00043724800000000005;0.00040448000000000003;0.000331776;0.00042598399999999997;0.000468992;0.000531456;0.00048742400000000003;0.0006696959999999999;0.000989184;0.001079296;0.001666048;0.0013209599999999997;0.0016977919999999998;0.001738752;0.0015738879999999998;0.002432;0.00317952;0.003151872;0.0037591039999999997;0.0048609280000000005;0.00419328;0.0034754559999999996
1788761700,hdr,0.0293;0.03906;0.04883;0.05859;0.06836;0.07813;0.08789;0.09766;0.10742;0.11719;0.12695;0.13672;0.14648;0.15625;0.16602;0.17578;0.18555;0.19531;0.20508;0.21484;0.22461;0.23438;0.24414;0.25391;0.26367;0.27344;0.2832;0.29297;0.30273;0.3125;0.32227;0.33203;0.3418;0.35156;0.36133;0.37109;0.38086;0.39063;0.40039;0.41016;0.41992;0.42969;0.43945;0.44922;0.45898;0.46875;0.47852;0.48828;0.49805;0.50781;0.51758;0.52734;0.53711;0.54688;0.55664;0.56641;0.57617;0.58594;0.5957;0.60547;0.61523;0.625;0.63477;0.64453;0.6543;0.66406;0.67383;0.68359;0.69336;0.70313;0.71289;0.72266;0.73242;0.74219;0.75195;0.76172;0.77148;0.78125;0.79102,0.005624832;0.006664192;0.003054592;0.005225472;0.012424191999999999;0.031548416;0.081145856;0.087549952;0.141751296;0.105170944;0.091712512;0.056652799999999996;0.039270400000000004;0.04501913600000001;0.04864511999999999;0.057537536;0.052370432;0.057162752;0.043003903999999996;0.02199552;0.012524544;0.010355712000000001;0.006970367999999999;0.003974144;0.005213184;0.0076892160000000005;0.0069396480000000005;0.004326399999999999;0.004738048;0.0030781439999999997;0.0026951679999999995;0.003049472;0.00242688;0.0019455999999999998;0.0013342719999999998;0.0010291200000000001;0.0006144;0.000482304;0.000494592;0.000576512;0.000330752;0.000388096;0.00034201599999999995;0.000567296;0.0005632;0.00024371200000000001;0.00025497599999999997;0.00034304;0.00023244799999999998;0.000253952;0.000176128;0.00024576000000000003;0.00040448000000000003;0.000388096;0.00026623999999999994;0.000233472;0.00027340799999999994;0.00029900799999999997;0.000274432;0.000381952;0.00043724800000000005;0.0005744639999999999;0.00063488;0.001071104;0.00111104;0.000799744;0.001149952;0.001659904;0.0016168960000000003;0.0022272;0.003883008;0.00262144;0.001792;0.004143104;0.00520704;0.00541696;0.0028549120000000002;0.003035136;0.0031887359999999997
1788762600,hdr,0.0293;0.03906;0.04883;0.05859;0.06836;0.07813;0.08789;0.09766;0.10742;0.11719;0.12695;0.13672;0.14648;0.15625;0.16602;0.17578;0.18555;0.19531;0.20508;0.21484;0.22461;0.23438;0.24414;0.25391;0.26367;0.27344;0.2832;0.29297;0.30273;0.3125;0.32227;0.33203;0.3418;0.35156;0.36133;0.37109;0.38086;0.39063;0.40039;0.41016;0.41992;0.42969;0.43945;0.44922;0.45898;0.46875;0.47852;0.48828;0.49805;0.50781;0.51758;0.52734;0.53711;0.54688;0.55664;0.56641;0.57617;0.58594;0.5957;0.60547;0.61523;0.625;0.63477;0.64453;0.6543;0.66406;0.67383;0.68359;0.69336;0.70313;0.71289;0.72266;0.73242;0.74219;0.75195;0.76172;0.77148;0.78125;0.79102,0.0069375999999999995;0.01151488;0.008150016000000001;0.007499776;0.025393152000000002;0.049076224;0.05001216000000001;0.052455424;0.080671744;0.100443136;0.08561868800000001;0.07035904;0.04439859200000001;0.034762752;0.029950976;0.024833024000000002;0.02965504;0.039684095999999995;0.033755136;0.017985536;0.01476608;0.012555264;0.0057477119999999994;0.005132288;0.005994496;0.003963904;0.0026449919999999997;0.005777408;0.006336512;0.004774911999999999;0.0031733760000000003;0.0025088;0.001422336;0.001082368;0.000878592;0.001110016;0.0006656;0.0008304639999999999;0.000884736;0.000623616;0.000483328;0.000507904;0.000664576;0.0005857280000000001;0.000365568;0.000350208;0.00040243200000000004;0.00035430400000000006;0.000371712;0.000280576;0.00033894400000000004;0.000398336;0.000448512;0.000379904;0.000258048;0.00026623999999999994;0.000257024;0.00028569600000000005;0.00035942400000000006;0.000375808;0.000561152;0.000764928;0.000730112;0.0005744639999999999;0.000868352;0.0009912319999999999;0.001041408;0.00193536;0.002741248;0.00262656;0.0035010560000000002;0.0034334720000000003;0.002905088;0.002619392;0.001983488;0.002348032;0.0025989119999999997;0.002610176;0.0033310719999999996
1788763500,hdr,0.0293;0.03906;0.04883;0.05859;0.06836;0.07813;0.08789;0.09766;0.10742;0.11719;0.12695;0.13672;0.14648;0.15625;0.16602;0.17578;0.18555;0.19531;0.20508;0.21484;0.22461;0.23438;0.24414;0.25391;0.26367;0.27344;0.2832;0.29297;0.30273;0.3125;0.32227;0.33203;0.3418;0.35156;0.36133;0.37109;0.38086;0.39063;0.40039;0.41016;0.41992;0.42969;0.43945;0.44922;0.45898;0.46875;0.47852;0.48828;0.49805;0.50781;0.51758;0.52734;0.53711;0.54688;0.55664;0.56641;0.57617;0.58594;0.5957;0.60547;0.61523;0.625;0.63477;0.64453;0.6543;0.66406;0.67383;0.68359;0.69336;0.70313;0.71289;0.72266;0.73242;0.74219;0.75195;0.76172;0.77148;0.78125;0.79102,0.003953664;0.0073953280000000005;0.012208128;0.009165824000000001;0.017818623999999998;0.028513280000000002;0.05628928;0.062134272000000004;0.093954048;0.07910502400000001;0.045164544;0.042535936;0.041374720000000004;0.04923904;0.042088447999999994;0.029389824000000002;0.027433984;0.034997248;0.021649408;0.01783296;0.016277504;0.016295936;0.01145856;0.004957184;0.005106688;0.005197823999999999;0.004887552000000001;0.006024192;0.003658752;0.003487744;0.002377728;0.002043904;0.001728512;0.001534976;0.002040832;0.001050624;0.0005232639999999998;0.0006993920000000001;0.0008601600000000001;0.00067072;0.000779264;0.0005847039999999999;0.00033382400000000003;0.00037478399999999997;0.00029081600000000006;0.000325632;0.00029183999999999997;0.000192512;0.00036761599999999997;0.0003584;0.000222208;0.000284672;0.00029183999999999997;0.000366592;0.000347136;0.00043827199999999997;0.0003584;0.00040550399999999994;0.00035532799999999997;0.0006021119999999999;0.000733184;0.000468992;0.000519168;0.000758784;0.000807936;0.001138688;0.001317888;0.0017377279999999998;0.0023132160000000003;0.002666496;0.003480576;0.0032849919999999996;0.0038963199999999996;0.005484544;0.005321728;0.00442368;0.002994176;0.002071552;0.002464768
1788764400,hdr,0.0293;0.03906;0.04883;0.05859;0.06836;0.07813;0.08789;0.09766;0.10742;0.11719;0.12695;0.13672;0.14648;0.15625;0.16602;0.17578;0.18555;0.19531;0.20508;0.21484;0.22461;0.23438;0.24414;0.25391;0.26367;0.27344;0.2832;0.29297;0.30273;0.3125;0.32227;0.33203;0.3418;0.35156;0.36133;0.37109;0.38086;0.39063;0.40039;0.41016;0.41992;0.42969;0.43945;0.44922;0.45898;0.46875;0.47852;0.48828;0.49805;0.50781;0.51758;0.52734;0.53711;0.54688;0.55664;0.56641;0.57617;0.58594;0.5957;0.60547;0.61523;0.625;0.63477;0.64453;0.6543;0.66406;0.67383;0.68359;0.69336;0.70313;0.71289;0.72266;0.73242;0.74219;0.75195;0.76172;0.77148;0.78125;0.79102,0.010284031999999999;0.01518592;0.013519871999999999;0.0142848;0.03359232;0.053456896000000004;0.056206336;0.066322432;0.155833344;0.12530688;0.063812608;0.047633408;0.060275712;0.07217561600000001;0.033038336;0.011308032;0.010809343999999999;0.016710655999999997;0.022227968;0.012952576;0.0105728;0.013159424;0.0054528;0.0044922880000000005;0.006383616;0.004429824;0.00430592;0.003447808;0.002638848;0.002579456;0.001439744;0.003103744;0.0022405119999999996;0.0008560640000000001;0.000550912;0.000662528;0.0004352;0.0003584;0.000668672;0.000415744;0.000466944;0.0005478400000000001;0.000475136;0.0005754880000000001;0.00039628799999999996;0.000329728;0.00022528;0.00030105599999999996;0.00029593599999999995;0.000288768;0.00029696;0.00027648;0.000390144;0.00040755200000000004;0.00039219200000000003;0.00024576000000000003;0.00042598399999999997;0.000418816;0.0004986880000000001;0.000549888;0.000842752;0.0008386559999999999;0.000823296;0.001850368;0.0027320319999999997;0.002896896;0.002362368;0.003478528;0.0029265919999999996;0.003110912;0.004378624000000001;0.003371008;0.0037027839999999998;0.0035532800000000002;0.003756032;0.003872768;0.003447808;0.00295424;0.002146304
1788765300,hdr,0.0293;0.03906;0.04883;0.05859;0.06836;0.07813;0.08789;0.09766;0.10742;0.11719;0.12695;0.13672;0.14648;0.15625;0.16602;0.17578;0.18555;0.19531;0.20508;0.21484;0.22461;0.23438;0.24414;0.25391;0.26367;0.27344;0.2832;0.29297;0.30273;0.3125;0.32227;0.33203;0.3418;0.35156;0.36133;0.37109;0.38086;0.39063;0.40039;0.41016;0.41992;0.42969;0.43945;0.44922;0.45898;0.46875;0.47852;0.48828;0.49805;0.50781;0.51758;0.52734;0.53711;0.54688;0.55664;0.56641;0.57617;0.58594;0.5957;0.60547;0.61523;0.625;0.63477;0.64453;0.6543;0.66406;0.67383;0.68359;0.69336;0.70313;0.71289;0.72266;0.73242;0.74219;0.75195;0.76172;0.77148;0.78125;0.79102,0.007615488;0.010978304;0.004998144;0.007853055999999999;0.032253951999999995;0.065036288;0.079819776;0.095382528;0.08530432;0.074848256;0.061293568;0.05954048;0.074642432;0.054755328;0.055617536;0.023892992;0.018620415999999997;0.026317824;0.027661311999999997;0.014993408000000001;0.010940416000000001;0.00734208;0.012198912000000001;0.00817152;0.004134912;0.004837376;0.002945024;0.0027361279999999996;0.002622464;0.0021370879999999997;0.001885184;0.0014735360000000001;0.001796096;0.0017459199999999998;0.0011909120000000001;0.00077824;0.0009318400000000001;0.000754688;0.0006000640000000001;0.00037376;0.00030003200000000004;0.000518144;0.00040243200000000004;0.000308224;0.000246784;0.000339968;0.00032768;0.00038912;0.00032256;0.00030003200000000004;0.000325632;0.000345088;0.00018124799999999998;0.000308224;0.00040243200000000004;0.000434176;0.00040960000000000004;0.00044646400000000004;0.000401408;0.00040345599999999995;0.0006021119999999999;0.000759808;0.000761856;0.000951296;0.000922624;0.001942528;0.00213504;0.0016895999999999999;0.0027320319999999997;0.003298304;0.0031068159999999997;0.003965952;0.004312064;0.005307392;0.004061184;0.0026808319999999997;0.0018524160000000002;0.002123776;0.002105344
1788766200,hdr,0.0293;0.03906;0.04883;0.05859;0.06836;0.07813;0.08789;0.09766;0.10742;0.11719;0.12695;0.13672;0.14648;0.15625;0.16602;0.17578;0.18555;0.19531;0.20508;0.21484;0.22461;0.23438;0.24414;0.25391;0.26367;0.27344;0.2832;0.29297;0.30273;0.3125;0.32227;0.33203;0.3418;0.35156;0.36133;0.37109;0.38086;0.39063;0.40039;0.41016;0.41992;0.42969;0.43945;0.44922;0.45898;0.46875;0.47852;0.48828;0.49805;0.50781;0.51758;0.52734;0.53711;0.54688;0.55664;0.56641;0.57617;0.58594;0.5957;0.60547;0.61523;0.625;0.63477;0.64453;0.6543;0.66406;0.67383;0.68359;0.69336;0.70313;0.71289;0.72266;0.73242;0.74219;0.75195;0.76172;0.77148;0.78125;0.79102,0.011597823999999998;0.016223232;0.009929728;0.008045568;0.027735040000000002;0.06874009599999999;0.07965388799999999;0.060857344;0.071917568;0.084007936;0.09496473600000001;0.08180736;0.055798784;0.050378752;0.034576383999999995;0.048447488;0.030960640000000005;0.018861056;0.013596672;0.013208576000000001;0.011030528;0.00985088;0.012265472000000001;0.009126912000000001;0.005216255999999999;0.003519488;0.002770944;0.0038338559999999996;0.004481023999999999;0.0026521599999999998;0.001468416;0.0013056;0.001646592;0.001983488;0.001601536;0.000826368;0.0005642239999999999;0.00041676800000000003;0.000376832;0.000380928;0.0006932479999999999;0.000539648;0.00055296;0.000576512;0.00041472;0.000386048;0.000288768;0.00015052799999999998;0.00014848;0.00024576000000000003;0.000262144;0.000461824;0.000605184;0.00042803200000000007;0.000349184;0.00043827199999999997;0.000427008;0.000569344;0.00068608;0.000750592;0.001010688;0.0010496000000000001;0.0016445440000000002;0.0019886079999999998;0.002499584;0.00319488;0.0026419199999999994;0.002837504;0.004108288;0.004704256;0.0034385919999999994;0.003382272;0.003995648;0.003103744;0.003270656;0.002888704;0.002794496;0.002909184;0.0015677439999999998
1788767100,hdr,0.0293;0.03906;0.04883;0.05859;0.06836;0.07813;0.08789;0.09766;0.10742;0.11719;0.12695;0.13672;0.14648;0.15625;0.16602;0.17578;0.18555;0.19531;0.20508;0.21484;0.22461;0.23438;0.24414;0.25391;0.26367;0.27344;0.2832;0.29297;0.30273;0.3125;0.32227;0.33203;0.3418;0.35156;0.36133;0.37109;0.38086;0.39063;0.40039;0.41016;0.41992;0.42969;0.43945;0.44922;0.45898;0.46875;0.47852;0.48828;0.49805;0.50781;0.51758;0.52734;0.53711;0.54688;0.55664;0.56641;0.57617;0.58594;0.5957;0.60547;0.61523;0.625;0.63477;0.64453;0.6543;0.66406;0.67383;0.68359;0.69336;0.70313;0.71289;0.72266;0.73242;0.74219;0.75195;0.76172;0.77148;0.78125;0.79102,0.008199168;0.007886848;0.0044206079999999995;0.005715968;0.022540288000000002;0.073654272;0.06683238400000001;0.08008704000000001;0.095681536;0.08827699200000001;0.098137088;0.047096832000000005;0.049714176;0.044766208;0.03210752;0.032744447999999995;0.026747904;0.025019392;0.024966144;0.029058048;0.021374976;0.012766208000000001;0.008667135999999999;0.005078015999999999;0.0034304;0.00668672;0.005100544;0.003127296;0.002794496;0.002142208;0.0018524160000000002;0.001533952;0.00198144;0.0015206400000000002;0.00084992;0.001114112;0.0008704;0.000567296;0.0006123519999999999;0.000606208;0.000702464;0.00043827199999999997;0.000395264;0.00042496;0.00037376;0.00035942400000000006;0.00034304;0.0005007359999999999;0.00046796800000000003;0.000308224;0.000412672;0.00029183999999999997;0.000411648;0.000432128;0.000418816;0.0005232639999999998;0.0004986880000000001;0.00055296;0.0012707839999999998;0.00119296;0.0010608640000000001;0.000717824;0.001145856;0.001193984;0.0011919360000000002;0.001517568;0.003073024;0.004598784000000001;0.0036894719999999996;0.004502528;0.004414464;0.0030207999999999997;0.003042304;0.0025497600000000003;0.0027351040000000004;0.002566144;0.003130368;0.0021329920000000002;0.001220608
1788768000,hdr,0.0293;0.03906;0.04883;0.05859;0.06836;0.07813;0.08789;0.09766;0.10742;0.11719;0.12695;0.13672;0.14648;0.15625;0.16602;0.17578;0.18555;0.19531;0.20508;0.21484;0.22461;0.23438;0.24414;0.25391;0.26367;0.27344;0.2832;0.29297;0.30273;0.3125;0.32227;0.33203;0.3418;0.35156;0.36133;0.37109;0.38086;0.39063;0.40039;0.41016;0.41992;0.42969;0.43945;0.44922;0.45898;0.46875;0.47852;0.48828;0.49805;0.50781;0.51758;0.52734;0.53711;0.54688;0.55664;0.56641;0.57617;0.58594;0.5957;0.60547;0.61523;0.625;0.63477;0.64453;0.6543;0.66406;0.67383;0.68359;0.69336;0.70313;0.71289;0.72266;0.73242;0.74219;0.75195;0.76172;0.77148;0.78125;0.79102,0.002638848;0.0040192;0.003659776;0.0033044479999999998;0.024756223999999997;0.045666304;0.051595264;0.119880704;0.089859072;0.129138688;0.08107315199999998;0.039835648;0.038260736000000004;0.037049344;0.025288704;0.02126336;0.020153344;0.027804672;0.026450944;0.029739007999999997;0.026616832;0.010779648;0.007968768;0.007005184;0.006916095999999999;0.003488768;0.0027402240000000003;0.003129344;0.0041472;0.002666496;0.0028549120000000002;0.001408;0.0011448320000000001;0.000854016;0.0010946560000000003;0.001302528;0.0007188480000000001;0.000427008;0.000603136;0.000643072;0.000454656;0.00043827199999999997;0.000538624;0.00041779199999999995;0.000395264;0.000387072;0.000366592;0.000395264;0.000379904;0.0005877759999999999;0.000466944;0.000372736;0.000388096;0.00023552000000000002;0.000559104;0.000723968;0.00050176;0.0005324799999999999;0.000791552;0.000915456;0.001107968;0.001957888;0.002280448;0.00258048;0.003218432;0.0025210880000000003;0.003654656;0.003472384;0.0030228480000000003;0.004099072;0.0044851199999999996;0.003468288;0.0023429120000000004;0.0028385280000000003;0.003965952;0.004239359999999999;0.002615296;0.002746368;0.002530304
1788768900,hdr,0.0293;0.03906;0.04883;0.05859;0.06836;0.07813;0.08789;0.09766;0.10742;0.11719;0.12695;0.13672;0.14648;0.15625;0.16602;0.17578;0.18555;0.19531;0.20508;0.21484;0.22461;0.23438;0.24414;0.25391;0.26367;0.27344;0.2832;0.29297;0.30273;0.3125;0.32227;0.33203;0.3418;0.35156;0.36133;0.37109;0.38086;0.39063;0.40039;0.41016;0.41992;0.42969;0.43945;0.44922;0.45898;0.46875;0.47852;0.48828;0.49805;0.50781;0.51758;0.52734;0.53711;0.54688;0.55664;0.56641;0.57617;0.58594;0.5957;0.60547;0.61523;0.625;0.63477;0.64453;0.6543;0.66406;0.67383;0.68359;0.69336;0.70313;0.71289;0.72266;0.73242;0.74219;0.75195;0.76172;0.77148;0.78125;0.79102,0.0042536959999999995;0.008409088;0.0062679039999999995;0.006564863999999999;0.035324928;0.0646656;0.059193344;0.11214540800000002;0.11554304000000001;0.1028608;0.075511808;0.035359744;0.030292992;0.029935615999999998;0.01652224;0.02353664;0.025043968;0.016509951999999998;0.018189312000000003;0.015529984;0.011839487999999999;0.010866688;0.007074815999999999;0.004228096;0.0028385280000000003;0.0036116480000000003;0.004442112;0.0050155519999999995;0.003027968;0.002615296;0.0020981759999999998;0.0015943679999999999;0.001441792;0.0015738879999999998;0.001661952;0.001475584;0.001096704;0.0007188480000000001;0.0005847039999999999;0.00044646400000000004;0.0005324799999999999;0.00035328;0.000325632;0.000451584;0.000420864;0.000308224;0.000320512;0.000544768;0.000489472;0.000350208;0.00039219200000000003;0.00033382400000000003;0.00024371200000000001;0.000347136;0.000485376;0.00041062399999999995;0.0005324799999999999;0.000553984;0.0007936;0.0011356159999999999;0.00103936;0.001403904;0.0017305600000000001;0.0026531840000000003;0.0022906879999999995;0.002569216;0.002563072;0.0038963199999999996;0.0073881599999999995;0.005909504;0.0034037760000000003;0.004062208;0.0037468159999999996;0.0033003520000000003;0.003955712;0.0038307840000000003;0.0028436480000000003;0.002748416;0.001731584
1788769800,hdr,0.0293;0.03906;0.04883;0.05859;0.06836;0.07813;0.08789;0.09766;0.10742;0.11719;0.12695;0.13672;0.14648;0.15625;0.16602;0.17578;0.18555;0.19531;0.20508;0.21484;0.22461;0.23438;0.24414;0.25391;0.26367;0.27344;0.2832;0.29297;0.30273;0.3125;0.32227;0.33203;0.3418;0.35156;0.36133;0.37109;0.38086;0.39063;0.40039;0.41016;0.41992;0.42969;0.43945;0.44922;0.45898;0.46875;0.47852;0.48828;0.49805;0.50781;0.51758;0.52734;0.53711;0.54688;0.55664;0.56641;0.57617;0.58594;0.5957;0.60547;0.61523;0.625;0.63477;0.64453;0.6543;0.66406;0.67383;0.68359;0.69336;0.70313;0.71289;0.72266;0.73242;0.74219;0.75195;0.76172;0.77148;0.78125;0.79102,0.006293504000000001;0.005006336;0.005001216;0.009523199999999999;0.036263936000000004;0.111624192;0.103180288;0.101520384;0.087560192;0.063325184;0.080730112;0.087410688;0.04840447999999999;0.032282624;0.023565311999999998;0.02036224;0.034695168000000005;0.034572288;0.022320128;0.020425728;0.01607168;0.012915712;0.009243648000000002;0.004186111999999999;0.005762048;0.007959552;0.005107712;0.0033884159999999996;0.00241152;0.0028723200000000003;0.0023838720000000004;0.0015493120000000002;0.0013219840000000002;0.00097792;0.00076288;0.0009287680000000001;0.000809984;0.0005324799999999999;0.000601088;0.000548864;0.000482304;0.000382976;0.00035942400000000006;0.00023142399999999999;0.000463872;0.00032256;0.00039423999999999997;0.00034816000000000003;0.000453632;0.000447488;0.00045056;0.00041062399999999995;0.000347136;0.00033894400000000004;0.000483328;0.000504832;0.00039628799999999996;0.00046796800000000003;0.0005847039999999999;0.0007393279999999999;0.0007884799999999999;0.0005703679999999999;0.001119232;0.001765376;0.002038784;0.00177152;0.002547712;0.0031088640000000002;0.003408896;0.003646464;0.003629056;0.006514687999999999;0.006105088000000001;0.004197376;0.003311616;0.0020244480000000003;0.0031979519999999996;0.0033679359999999998;0.001985536
1788770700,hdr,0.0293;0.03906;0.04883;0.05859;0.06836;0.07813;0.08789;0.09766;0.10742;0.11719;0.12695;0.13672;0.14648;0.15625;0.16602;0.17578;0.18555;0.19531;0.20508;0.21484;0.22461;0.23438;0.24414;0.25391;0.26367;0.27344;0.2832;0.29297;0.30273;0.3125;0.32227;0.33203;0.3418;0.35156;0.36133;0.37109;0.38086;0.39063;0.40039;0.41016;0.41992;0.42969;0.43945;0.44922;0.45898;0.46875;0.47852;0.48828;0.49805;0.50781;0.51758;0.52734;0.53711;0.54688;0.55664;0.56641;0.57617;0.58594;0.5957;0.60547;0.61523;0.625;0.63477;0.64453;0.6543;0.66406;0.67383;0.68359;0.69336;0.70313;0.71289;0.72266;0.73242;0.74219;0.75195;0.76172;0.77148;0.78125;0.79102,0.0034498560000000003;0.00690176;0.005666816;0.0031979519999999996;0.020797440000000004;0.075464704;0.087993344;0.068666368;0.06199296;0.08144896;0.09318912;0.066132992;0.036475904;0.042142719999999995;0.043871231999999996;0.028943359999999998;0.031181824;0.020242432;0.017527808000000002;0.015244287999999998;0.014027776;0.015036415999999999;0.009423872;0.00715264;0.005531647999999999;0.004281344;0.004216832;0.002286592;0.002729984;0.002228224;0.002528256;0.0025610240000000003;0.001974272;0.000884736;0.000580608;0.000561152;0.0005898240000000001;0.0008192000000000001;0.001033216;0.0009912319999999999;0.0005744639999999999;0.000274432;0.000314368;0.00046796800000000003;0.00039423999999999997;0.000335872;0.000267264;0.000161792;0.000207872;0.000398336;0.0005744639999999999;0.000525312;0.000449536;0.000360448;0.00030412799999999997;0.00036966399999999996;0.000444416;0.000668672;0.0007557120000000001;0.000782336;0.0009973760000000001;0.0013199359999999999;0.001683456;0.0023941119999999995;0.003434496;0.004135936;0.004564992;0.003186688;0.00317952;0.00390144;0.0034242560000000005;0.004200447999999999;0.005524479999999999;0.004540415999999999;0.004644864;0.003976192;0.003013632;0.00357376;0.0027351040000000004
1788771600,hdr,0.0293;0.03906;0.04883;0.05859;0.06836;0.07813;0.08789;0.09766;0.10742;0.11719;0.12695;0.13672;0.14648;0.15625;0.16602;0.17578;0.18555;0.19531;0.20508;0.21484;0.22461;0.23438;0.24414;0.25391;0.26367;0.27344;0.2832;0.29297;0.30273;0.3125;0.32227;0.33203;0.3418;0.35156;0.36133;0.37109;0.38086;0.39063;0.40039;0.41016;0.41992;0.42969;0.43945;0.44922;0.45898;0.46875;0.47852;0.48828;0.49805;0.50781;0.51758;0.52734;0.53711;0.54688;0.55664;0.56641;0.57617;0.58594;0.5957;0.60547;0.61523;0.625;0.63477;0.64453;0.6543;0.66406;0.67383;0.68359;0.69336;0.70313;0.71289;0.72266;0.73242;0.74219;0.75195;0.76172;0.77148;0.78125;0.79102,0.003119104;0.004610047999999999;0.004054016;0.004379648;0.035197952;0.102790144;0.13239807999999997;0.097246208;0.060619776;0.10067456;0.10275635200000001;0.062380032;0.042360832;0.057796608;0.04484608;0.024892416;0.018358272000000002;0.014793727999999999;0.010747904;0.016492543999999998;0.013150207999999998;0.00816128;0.0068096;0.0071290880000000004;0.004422656;0.004879360000000001;0.00477184;0.003064832;0.002436096;0.00195072;0.001193984;0.00082432;0.0008386559999999999;0.001069056;0.0006912;0.0006778880000000001;0.000621568;0.00044339199999999997;0.0005376000000000001;0.0004956159999999999;0.000400384;0.000551936;0.0005478400000000001;0.00043315199999999996;0.0002816;0.000263168;0.000278528;0.000222208;0.000274432;0.000321536;0.000325632;0.00048025600000000003;0.000347136;0.000335872;0.00055296;0.000545792;0.000652288;0.0005959680000000001;0.000577536;0.000659456;0.0009400319999999999;0.001117184;0.001348608;0.001814528;0.002435072;0.00288256;0.0031907839999999995;0.006022144;0.004999168;0.0035399679999999997;0.0034078719999999997;0.0038338559999999996;0.0038256640000000003;0.0035952639999999995;0.002936832;0.003291136;0.003492864;0.002146304;0.001436672
1788772500,hdr,0.0293;0.03906;0.04883;0.05859;0.06836;0.07813;0.08789;0.09766;0.10742;0.11719;0.12695;0.13672;0.14648;0.15625;0.16602;0.17578;0.18555;0.19531;0.20508;0.21484;0.22461;0.23438;0.24414;0.25391;0.26367;0.27344;0.2832;0.29297;0.30273;0.3125;0.32227;0.33203;0.3418;0.35156;0.36133;0.37109;0.38086;0.39063;0.40039;0.41016;0.41992;0.42969;0.43945;0.44922;0.45898;0.46875;0.47852;0.48828;0.49805;0.50781;0.51758;0.52734;0.53711;0.54688;0.55664;0.56641;0.57617;0.58594;0.5957;0.60547;0.61523;0.625;0.63477;0.64453;0.6543;0.66406;0.67383;0.68359;0.69336;0.70313;0.71289;0.72266;0.73242;0.74219;0.75195;0.76172;0.77148;0.78125;0.79102,0.005982207999999999;0.00609792;0.001789952;0.0055132160000000005;0.018999296000000002;0.07695872;0.12914176000000002;0.099972096;0.09819238400000001;0.111756288;0.07330816;0.07050137599999999;0.042554367999999995;0.025012224;0.032594944;0.0311552;0.033468416;0.027597824;0.014872576;0.013637632;0.011276287999999999;0.0090112;0.007609344;0.0072335360000000005;0.00640512;0.007446528;0.005937152;0.0029634559999999997;0.001969152;0.001636352;0.0017663999999999998;0.0014899199999999998;0.0009564160000000001;0.000623616;0.000427008;0.000569344;0.000664576;0.00048127999999999995;0.00041984;0.00028569600000000005;0.00019865600000000002;0.00041779199999999995;0.000515072;0.000536576;0.000413696;0.00046796800000000003;0.000376832;0.00033382400000000003;0.00026521600000000003;0.000412672;0.000515072;0.000453632;0.000395264;0.000505856;0.000539648;0.00032768;0.000391168;0.000507904;0.0005007359999999999;0.00048127999999999995;0.00082432;0.000949248;0.0011120639999999998;0.0009461760000000001;0.000908288;0.0008069119999999999;0.002045952;0.0033546239999999996;0.002514944;0.002412544;0.003447808;0.003992576;0.00398336;0.004084736;0.002116608;0.001062912;0.0011632640000000002;0.001688576;0.001209344
1788773400,hdr,0.0293;0.03906;0.04883;0.05859;0.06836;0.07813;0.08789;0.09766;0.10742;0.11719;0.12695;0.13672;0.14648;0.15625;0.16602;0.17578;0.18555;0.19531;0.20508;0.21484;0.22461;0.23438;0.24414;0.25391;0.26367;0.27344;0.2832;0.29297;0.30273;0.3125;0.32227;0.33203;0.3418;0.35156;0.36133;0.37109;0.38086;0.39063;0.40039;0.41016;0.41992;0.42969;0.43945;0.44922;0.45898;0.46875;0.47852;0.48828;0.49805;0.50781;0.51758;0.52734;0.53711;0.54688;0.55664;0.56641;0.57617;0.58594;0.5957;0.60547;0.61523;0.625;0.63477;0.64453;0.6543;0.66406;0.67383;0.68359;0.69336;0.70313;0.71289;0.72266;0.73242;0.74219;0.75195;0.76172;0.77148;0.78125;0.79102,0.006080512;0.011744256;0.007967743999999999;0.006776831999999999;0.024196096;0.088694784;0.10298572799999998;0.08554496;0.0941056;0.140130304;0.122194944;0.066567168;0.031223808;0.028793856000000003;0.021736448000000002;0.030283776;0.020814848;0.021633023999999997;0.018436096;0.01481216;0.007309312;0.00816128;0.0057477119999999994;0.005736448;0.006283264;0.00541184;0.0045875199999999994;0.005085184;0.0032358400000000002;0.002233344;0.0018257920000000001;0.0014940160000000001;0.0011417600000000001;0.000924672;0.000661504;0.000785408;0.0007413760000000001;0.0005324799999999999;0.000933888;0.000964608;0.000520192;0.00039423999999999997;0.000475136;0.000386048;0.000436224;0.000566272;0.000390144;0.000379904;0.000463872;0.000381952;0.000429056;0.000429056;0.000745472;0.000519168;0.0006144;0.0005754880000000001;0.000371712;0.000492544;0.000371712;0.00035532799999999997;0.000658432;0.0008345599999999999;0.000648192;0.0005376000000000001;0.0005007359999999999;0.000620544;0.0005478400000000001;0.001267712;0.0026521599999999998;0.0030894080000000005;0.002499584;0.001373184;0.001656832;0.00200704;0.00169472;0.002072576;0.001432576;0.002055168;0.00195072
1788774300,hdr,0.0293;0.03906;0.04883;0.05859;0.06836;0.07813;0.08789;0.09766;0.10742;0.11719;0.12695;0.13672;0.14648;0.15625;0.16602;0.17578;0.18555;0.19531;0.20508;0.21484;0.22461;0.23438;0.24414;0.25391;0.26367;0.27344;0.2832;0.29297;0.30273;0.3125;0.32227;0.33203;0.3418;0.35156;0.36133;0.37109;0.38086;0.39063;0.40039;0.41016;0.41992;0.42969;0.43945;0.44922;0.45898;0.46875;0.47852;0.48828;0.49805;0.50781;0.51758;0.52734;0.53711;0.54688;0.55664;0.56641;0.57617;0.58594;0.5957;0.60547;0.61523;0.625;0.63477;0.64453;0.6543;0.66406;0.67383;0.68359;0.69336;0.70313;0.71289;0.72266;0.73242;0.74219;0.75195;0.76172;0.77148;0.78125;0.79102,0.0071464960000000004;0.004840448000000001;0.008695808;0.009164799999999999;0.04217344;0.166823936;0.200119296;0.11041484800000001;0.06314496;0.069856256;0.086395904;0.083775488;0.042888192;0.039225343999999995;0.036430847999999995;0.022462464;0.01708032;0.013084671999999999;0.009120768;0.008416256;0.007102464;0.007714816;0.008060928;0.006885376;0.005464063999999999;0.004359168000000001;0.003928064;0.003319808;0.0022927360000000005;0.0019435519999999999;0.0021299199999999996;0.001442816;0.001117184;0.000873472;0.00091648;0.001021952;0.00076288;0.0009420800000000001;0.000827392;0.000714752;0.0005867520000000001;0.00064;0.000617472;0.000512;0.000318464;0.00027136;0.00042803200000000007;0.00062464;0.000576512;0.0005898240000000001;0.000744448;0.001086464;0.0011909120000000001;0.0006912;0.0005632;0.000441344;0.0005898240000000001;0.000519168;0.000590848;0.0005734399999999999;0.0005847039999999999;0.000617472;0.000858112;0.000751616;0.000932864;0.001087488;0.001383424;0.00099328;0.002020352;0.0025364479999999997;0.001534976;0.002117632;0.0023388159999999996;0.0016179200000000001;0.001277952;0.0011960319999999999;0.001752064;0.00177152;0.0015165439999999999
1788775200,hdr,0.0293;0.03906;0.04883;0.05859;0.06836;0.07813;0.08789;0.09766;0.10742;0.11719;0.12695;0.13672;0.14648;0.15625;0.16602;0.17578;0.18555;0.19531;0.20508;0.21484;0.22461;0.23438;0.24414;0.25391;0.26367;0.27344;0.2832;0.29297;0.30273;0.3125;0.32227;0.33203;0.3418;0.35156;0.36133;0.37109;0.38086;0.39063;0.40039;0.41016;0.41992;0.42969;0.43945;0.44922;0.45898;0.46875;0.47852;0.48828;0.49805;0.50781;0.51758;0.52734;0.53711;0.54688;0.55664;0.56641;0.57617;0.58594;0.5957;0.60547;0.61523;0.625;0.63477;0.64453;0.6543;0.66406;0.67383;0.68359;0.69336;0.70313;0.71289;0.72266;0.73242;0.74219;0.75195;0.76172;0.77148;0.78125;0.79102,0.002306048;0.002803712;0.00300544;0.0026777600000000004;0.031251456000000004;0.120020992;0.132025344;0.07126016;0.052186112;0.059978752;0.076803072;0.075798528;0.040830976000000005;0.033614848;0.029206528;0.021350400000000002;0.024054784000000003;0.018045952;0.016808959999999998;0.014472191999999998;0.006508544;0.005158912;0.004837376;0.004066304;0.005292032;0.005898240000000001;0.0037048320000000004;0.002633728;0.003055616;0.002776064;0.003212288;0.0023357440000000003;0.001755136;0.00111104;0.000765952;0.00073216;0.000766976;0.00064512;0.000656384;0.00047206399999999996;0.0007843840000000001;0.000621568;0.000360448;0.000569344;0.0006041600000000001;0.0005683200000000001;0.000356352;0.000318464;0.0003072;0.000439296;0.0005836799999999999;0.000516096;0.000565248;0.000647168;0.000388096;0.0005703679999999999;0.000513024;0.000447488;0.000533504;0.0004352;0.00061952;0.00075264;0.000590848;0.000579584;0.000661504;0.000688128;0.000912384;0.0012185600000000003;0.0011407359999999998;0.001330176;0.0014796800000000001;0.001283072;0.0010455039999999998;0.000802816;0.001156096;0.0009349119999999999;0.001027072;0.000805888;0.00059904
1788776100,hdr,0.0293;0.03906;0.04883;0.05859;0.06836;0.07813;0.08789;0.09766;0.10742;0.11719;0.12695;0.13672;0.14648;0.15625;0.16602;0.17578;0.18555;0.19531;0.20508;0.21484;0.22461;0.23438;0.24414;0.25391;0.26367;0.27344;0.2832;0.29297;0.30273;0.3125;0.32227;0.33203;0.3418;0.35156;0.36133;0.37109;0.38086;0.39063;0.40039;0.41016;0.41992;0.42969;0.43945;0.44922;0.45898;0.46875;0.47852;0.48828;0.49805;0.50781;0.51758;0.52734;0.53711;0.54688;0.55664;0.56641;0.57617;0.58594;0.5957;0.60547;0.61523;0.625;0.63477;0.64453;0.6543;0.66406;0.67383;0.68359;0.69336;0.70313;0.71289;0.72266;0.73242;0.74219;0.75195;0.76172;0.77148;0.78125;0.79102,0.001306624;0.000646144;0.003505152;0.0014653440000000002;0.00732672;0.047929344;0.17307135999999998;0.142782464;0.050812928;0.090396672;0.07757823999999999;0.051964928;0.040216576000000004;0.030869504000000002;0.022454272;0.022493184;0.021211136;0.012561408;0.01294848;0.008860671999999998;0.007840768;0.00603648;0.005903360000000001;0.0061706239999999996;0.004864;0.002398208;0.002460672;0.00216576;0.0024145919999999997;0.0031784960000000003;0.00214016;0.001550336;0.001376256;0.001199104;0.00096768;0.0008509440000000001;0.000837632;0.000520192;0.0007106559999999999;0.000754688;0.0005683200000000001;0.00041472;0.000352256;0.000458752;0.000497664;0.0005898240000000001;0.000513024;0.00039423999999999997;0.0005324799999999999;0.000643072;0.00037888;0.00024371200000000001;0.000241664;0.00040243200000000004;0.000601088;0.0009441279999999999;0.001030144;0.000756736;0.00045056;0.000421888;0.000448512;0.00036249599999999997;0.000559104;0.0007280640000000001;0.000744448;0.000715776;0.00062976;0.001024;0.001212416;0.0008212479999999999;0.0008355839999999999;0.00092672;0.0010014719999999998;0.001038336;0.001180672;0.0013926400000000001;0.0012042239999999998;0.000882688;0.000863232
1788777000,hdr,0.0293;0.03906;0.04883;0.05859;0.06836;0.07813;0.08789;0.09766;0.10742;0.11719;0.12695;0.13672;0.14648;0.15625;0.16602;0.17578;0.18555;0.19531;0.20508;0.21484;0.22461;0.23438;0.24414;0.25391;0.26367;0.27344;0.2832;0.29297;0.30273;0.3125;0.32227;0.33203;0.3418;0.35156;0.36133;0.37109;0.38086;0.39063;0.40039;0.41016;0.41992;0.42969;0.43945;0.44922;0.45898;0.46875;0.47852;0.48828;0.49805;0.50781;0.51758;0.52734;0.53711;0.54688;0.55664;0.56641;0.57617;0.58594;0.5957;0.60547;0.61523;0.625;0.63477;0.64453;0.6543;0.66406;0.67383;0.68359;0.69336;0.70313;0.71289;0.72266;0.73242;0.74219;0.75195;0.76172;0.77148;0.78125;0.79102,0.002813952;0.0025108480000000004;0.005698559999999999;0.004482048;0.027428864;0.133552128;0.231820288;0.17773977600000002;0.069420032;0.061144064;0.087795712;0.06504243200000001;0.03346944;0.03945472;0.040338432;0.020173824;0.020307967999999996;0.013960192;0.009565184000000001;0.006734848;0.004381696;0.006432768;0.006571008;0.004890624;0.004047872;0.003713024;0.003667968;0.003854336;0.0035368960000000003;0.002547712;0.0026490879999999995;0.0024811519999999995;0.001416192;0.0013352960000000001;0.001288192;0.00118784;0.0007464960000000001;0.000567296;0.000889856;0.000676864;0.00064;0.0007075839999999999;0.00065536;0.000774144;0.000873472;0.0007976959999999999;0.000457728;0.0006154239999999999;0.000483328;0.00040960000000000004;0.000466944;0.000521216;0.000559104;0.0007976959999999999;0.0008867839999999999;0.000775168;0.000513024;0.000825344;0.000781312;0.00047206399999999996;0.0005980159999999999;0.000852992;0.000996352;0.00097792;0.001226752;0.001426432;0.00187392;0.002566144;0.002642944;0.002084864;0.0024903679999999997;0.0027852800000000002;0.002501632;0.002106368;0.00318464;0.0026644480000000003;0.002028544;0.0028047360000000004;0.002542592
1788777900,hdr,0.0293;0.03906;0.04883;0.05859;0.06836;0.07813;0.08789;0.09766;0.10742;0.11719;0.12695;0.13672;0.14648;0.15625;0.16602;0.17578;0.18555;0.19531;0.20508;0.21484;0.22461;0.23438;0.24414;0.25391;0.26367;0.27344;0.2832;0.29297;0.30273;0.3125;0.32227;0.33203;0.3418;0.35156;0.36133;0.37109;0.38086;0.39063;0.40039;0.41016;0.41992;0.42969;0.43945;0.44922;0.45898;0.46875;0.47852;0.48828;0.49805;0.50781;0.51758;0.52734;0.53711;0.54688;0.55664;0.56641;0.57617;0.58594;0.5957;0.60547;0.61523;0.625;0.63477;0.64453;0.6543;0.66406;0.67383;0.68359;0.69336;0.70313;0.71289;0.72266;0.73242;0.74219;0.75195;0.76172;0.77148;0.78125;0.79102,0.0015226880000000001;0.00159744;0.003928064;0.002707456;0.030374911999999997;0.161615872;0.18461696;0.10944716800000001;0.048269311999999995;0.066563072;0.084508672;0.045587456000000005;0.035726336000000004;0.038088704;0.055294975999999996;0.052166656000000006;0.022397952000000002;0.010996736;0.007645184;0.005712895999999999;0.005005312;0.005320704;0.0046848;0.003868672;0.004990975999999999;0.0050155519999999995;0.004800512000000001;0.003861504;0.001820672;0.002080768;0.001425408;0.001040384;0.00125952;0.001057792;0.000807936;0.0006123519999999999;0.0006123519999999999;0.00068608;0.000613376;0.00059392;0.00047616000000000005;0.0006830079999999999;0.000557056;0.00036966399999999996;0.000494592;0.00062464;0.0004352;0.000398336;0.0005560319999999999;0.000652288;0.000796672;0.0005754880000000001;0.000515072;0.000545792;0.000395264;0.000781312;0.000760832;0.001155072;0.0013209599999999997;0.00134656;0.0014991359999999999;0.0020736;0.0025610240000000003;0.002787328;0.003171328;0.004160512;0.0033679359999999998;0.003567616;0.005441536;0.005846016;0.005025792;0.0053288960000000005;0.004200447999999999;0.0037058559999999996;0.0035532800000000002;0.003373056;0.002852864;0.001738752;0.00138752
1788778800,hdr,0.0293;0.03906;0.04883;0.05859;0.06836;0.07813;0.08789;0.09766;0.10742;0.11719;0.12695;0.13672;0.14648;0.15625;0.16602;0.17578;0.18555;0.19531;0.20508;0.21484;0.22461;0.23438;0.24414;0.25391;0.26367;0.27344;0.2832;0.29297;0.30273;0.3125;0.32227;0.33203;0.3418;0.35156;0.36133;0.37109;0.38086;0.39063;0.40039;0.41016;0.41992;0.42969;0.43945;0.44922;0.45898;0.46875;0.47852;0.48828;0.49805;0.50781;0.51758;0.52734;0.53711;0.54688;0.55664;0.56641;0.57617;0.58594;0.5957;0.60547;0.61523;0.625;0.63477;0.64453;0.6543;0.66406;0.67383;0.68359;0.69336;0.70313;0.71289;0.72266;0.73242;0.74219;0.75195;0.76172;0.77148;0.78125;0.79102,0.0013690880000000003;0.003008512;0.004216832;0.003470336;0.04382208;0.197366784;0.26724761599999997;0.127372288;0.038906880000000005;0.093394944;0.084870144;0.08434688;0.058438656000000005;0.040402943999999996;0.040993792;0.026975232;0.021112832;0.012470272;0.00614912;0.004701183999999999;0.00398848;0.004259839999999999;0.0040366080000000006;0.004785152;0.005835776;0.0037693439999999996;0.0030668799999999997;0.0025251839999999998;0.002673664;0.002584576;0.0018278399999999998;0.00155648;0.00097792;0.0007075839999999999;0.0005683200000000001;0.000733184;0.001189888;0.001403904;0.001050624;0.001110016;0.0008069119999999999;0.00062464;0.000780288;0.0005836799999999999;0.0008468480000000001;0.000802816;0.00041472;0.000596992;0.000658432;0.000858112;0.0011417600000000001;0.000922624;0.001069056;0.0011448320000000001;0.0008325120000000001;0.000745472;0.0009297919999999999;0.000854016;0.001026048;0.00128;0.0012687360000000001;0.001323008;0.001998848;0.0022026240000000002;0.002105344;0.0019466239999999999;0.00390656;0.004219903999999999;0.0035348480000000006;0.003007488;0.00262144;0.005144576;0.004273152;0.0032296959999999998;0.0027392;0.0024422399999999996;0.0017305600000000001;0.0019169279999999998;0.0031815679999999996
1788779700,hdr,0.0293;0.03906;0.04883;0.05859;0.06836;0.07813;0.08789;0.09766;0.10742;0.11719;0.12695;0.13672;0.14648;0.15625;0.16602;0.17578;0.18555;0.19531;0.20508;0.21484;0.22461;0.23438;0.24414;0.25391;0.26367;0.27344;0.2832;0.29297;0.30273;0.3125;0.32227;0.33203;0.3418;0.35156;0.36133;0.37109;0.38086;0.39063;0.40039;0.41016;0.41992;0.42969;0.43945;0.44922;0.45898;0.46875;0.47852;0.48828;0.49805;0.50781;0.51758;0.52734;0.53711;0.54688;0.55664;0.56641;0.57617;0.58594;0.5957;0.60547;0.61523;0.625;0.63477;0.64453;0.6543;0.66406;0.67383;0.68359;0.69336;0.70313;0.71289;0.72266;0.73242;0.74219;0.75195;0.76172;0.77148;0.78125;0.79102,0.0036864000000000003;0.003129344;0.0010649599999999998;0.001509376;0.021565439999999998;0.118547456;0.13742591999999998;0.080567296;0.049909760000000004;0.049420288;0.057972736;0.058998784;0.051523584000000004;0.054057983999999996;0.046247936;0.030685184;0.015252479999999999;0.006424576;0.005865472;0.006331392;0.00801792;0.007831552;0.004995072;0.002823168;0.0024637440000000004;0.003050496;0.00278016;0.0026071040000000003;0.002322432;0.002208768;0.0016435199999999999;0.001618944;0.0020029439999999996;0.001257472;0.0009768959999999999;0.000924672;0.000980992;0.000751616;0.0009594880000000001;0.00039936;0.001447936;0.001329152;0.00054272;0.000544768;0.0007229440000000001;0.0004884479999999999;0.0005099519999999999;0.000847872;0.000738304;0.0005857280000000001;0.0009615359999999999;0.0012359679999999998;0.0013690880000000003;0.001053696;0.000745472;0.0008468480000000001;0.0008601600000000001;0.001149952;0.0014592000000000001;0.001757184;0.0018831359999999999;0.0027105280000000002;0.003121152;0.0023336960000000006;0.0027514880000000003;0.0041144319999999995;0.002996224;0.002364416;0.0056975360000000004;0.004740096;0.0023439359999999996;0.005268480000000001;0.0055408639999999995;0.004529152;0.0036095999999999997;0.0037877759999999996;0.0021002239999999995;0.0034334720000000003;0.002885632
1788780600,hdr,0.0293;0.03906;0.04883;0.05859;0.06836;0.07813;0.08789;0.09766;0.10742;0.11719;0.12695;0.13672;0.14648;0.15625;0.16602;0.17578;0.18555;0.19531;0.20508;0.21484;0.22461;0.23438;0.24414;0.25391;0.26367;0.27344;0.2832;0.29297;0.30273;0.3125;0.32227;0.33203;0.3418;0.35156;0.36133;0.37109;0.38086;0.39063;0.40039;0.41016;0.41992;0.42969;0.43945;0.44922;0.45898;0.46875;0.47852;0.48828;0.49805;0.50781;0.51758;0.52734;0.53711;0.54688;0.55664;0.56641;0.57617;0.58594;0.5957;0.60547;0.61523;0.625;0.63477;0.64453;0.6543;0.66406;0.67383;0.68359;0.69336;0.70313;0.71289;0.72266;0.73242;0.74219;0.75195;0.76172;0.77148;0.78125;0.79102,0.0014151679999999999;0.004435968;0.005330944;0.004867072;0.015082496;0.10751897599999999;0.20739276799999998;0.123619328;0.030348288;0.058929152;0.041481216;0.042566656;0.028522495999999998;0.026523648;0.040034304;0.032359424;0.010658816000000002;0.006550528;0.005469184;0.004319232;0.0035123199999999998;0.007153664;0.006390784;0.004395008;0.003141632;0.0034385919999999994;0.0038696959999999997;0.00262656;0.001584128;0.0019517439999999998;0.001929216;0.0012083200000000001;0.0012288;0.0012247039999999999;0.000504832;0.000785408;0.0011427840000000002;0.000966656;0.0012185600000000003;0.0009594880000000001;0.0009973760000000001;0.000861184;0.0007843840000000001;0.0007464960000000001;0.000932864;0.000791552;0.000548864;0.000704512;0.0009400319999999999;0.000796672;0.0005089280000000001;0.0006604799999999999;0.0007352319999999999;0.0006963200000000001;0.000893952;0.0007884799999999999;0.00104448;0.0017326079999999998;0.0017039359999999999;0.001416192;0.0014919679999999998;0.0016650240000000002;0.002019328;0.003032064;0.00265728;0.002725888;0.002460672;0.003666944;0.003852288;0.003603456;0.0032460799999999997;0.002699264;0.0033044479999999998;0.003201024;0.003054592;0.003065856;0.0029061119999999998;0.002509824;0.0019496960000000001
1788781500,hdr,0.0293;0.03906;0.04883;0.05859;0.06836;0.07813;0.08789;0.09766;0.10742;0.11719;0.12695;0.13672;0.14648;0.15625;0.16602;0.17578;0.18555;0.19531;0.20508;0.21484;0.22461;0.23438;0.24414;0.25391;0.26367;0.27344;0.2832;0.29297;0.30273;0.3125;0.32227;0.33203;0.3418;0.35156;0.36133;0.37109;0.38086;0.39063;0.40039;0.41016;0.41992;0.42969;0.43945;0.44922;0.45898;0.46875;0.47852;0.48828;0.49805;0.50781;0.51758;0.52734;0.53711;0.54688;0.55664;0.56641;0.57617;0.58594;0.5957;0.60547;0.61523;0.625;0.63477;0.64453;0.6543;0.66406;0.67383;0.68359;0.69336;0.70313;0.71289;0.72266;0.73242;0.74219;0.75195;0.76172;0.77148;0.78125;0.79102,0.0022538239999999998;0.003757056;0.00818176;0.009167871999999999;0.020718592;0.11077632;0.2578432;0.20071935999999999;0.097640448;0.065451008;0.052563968;0.061626368;0.039522303999999994;0.04470272;0.043988992000000005;0.028133375999999998;0.012662784;0.0063846400000000005;0.00763392;0.006862848;0.004364288000000001;0.005355520000000001;0.004125696;0.003924992;0.003774464;0.003223552;0.002612224;0.002531328;0.0023265280000000004;0.0013393919999999998;0.001238016;0.001273856;0.001186816;0.000770048;0.000617472;0.0005007359999999999;0.0014458880000000002;0.002107392;0.0012441599999999998;0.000903168;0.00110592;0.001655808;0.001538048;0.002307072;0.0019527680000000001;0.001296384;0.001601536;0.001956864;0.002066432;0.0017684480000000002;0.0032;0.0026480640000000003;0.0015943679999999999;0.0020756480000000002;0.0015943679999999999;0.000858112;0.000867328;0.000664576;0.000927744;0.0017397760000000002;0.001540096;0.001846272;0.002496512;0.001329152;0.001708032;0.0023572479999999997;0.001816576;0.001562624;0.002262016;0.002212864;0.0025907200000000003;0.002847744;0.0020633599999999998;0.002210816;0.002778112;0.002981888;0.002555904;0.00262144;0.00245248
1788782400,hdr,0.0293;0.03906;0.04883;0.05859;0.06836;0.07813;0.08789;0.09766;0.10742;0.11719;0.12695;0.13672;0.14648;0.15625;0.16602;0.17578;0.18555;0.19531;0.20508;0.21484;0.22461;0.23438;0.24414;0.25391;0.26367;0.27344;0.2832;0.29297;0.30273;0.3125;0.32227;0.33203;0.3418;0.35156;0.36133;0.37109;0.38086;0.39063;0.40039;0.41016;0.41992;0.42969;0.43945;0.44922;0.45898;0.46875;0.47852;0.48828;0.49805;0.50781;0.51758;0.52734;0.53711;0.54688;0.55664;0.56641;0.57617;0.58594;0.5957;0.60547;0.61523;0.625;0.63477;0.64453;0.6543;0.66406;0.67383;0.68359;0.69336;0.70313;0.71289;0.72266;0.73242;0.74219;0.75195;0.76172;0.77148;0.78125;0.79102,0.002614272;0.010567679999999998;0.011701248;0.006078464;0.017334271999999998;0.11847680000000001;0.192804864;0.100825088;0.06457651199999999;0.051207168000000004;0.038644736000000006;0.036564992;0.022962176;0.042699775999999995;0.036972544;0.03049984;0.020970495999999998;0.009032704;0.007425024;0.005906432;0.005316608;0.003554304;0.004074496;0.00331776;0.004289536;0.0035850240000000005;0.0026777600000000004;0.0021043200000000002;0.001152;0.00200704;0.002304;0.0020254720000000004;0.0011837439999999998;0.0010496000000000001;0.0013946879999999998;0.001656832;0.0012113920000000002;0.001650688;0.0010465279999999997;0.000861184;0.0010598399999999998;0.0011264;0.001289216;0.001358848;0.001086464;0.000826368;0.0010455039999999998;0.001010688;0.0012165119999999999;0.000692224;0.0007833599999999999;0.000831488;0.000550912;0.0006123519999999999;0.0010936319999999998;0.001102848;0.001011712;0.0007946240000000001;0.0007884799999999999;0.001005568;0.00153088;0.0017244159999999999;0.0014632959999999998;0.0012400640000000001;0.0015206400000000002;0.001979392;0.003365888;0.0031559680000000003;0.002704384;0.004799488;0.006037504;0.003515392;0.003592192;0.0029306880000000003;0.0013660159999999998;0.002931712;0.002494464;0.00263168;0.0022712319999999998
1788783300,hdr,0.0293;0.03906;0.04883;0.05859;0.06836;0.07813;0.08789;0.09766;0.10742;0.11719;0.12695;0.13672;0.14648;0.15625;0.16602;0.17578;0.18555;0.19531;0.20508;0.21484;0.22461;0.23438;0.24414;0.25391;0.26367;0.27344;0.2832;0.29297;0.30273;0.3125;0.32227;0.33203;0.3418;0.35156;0.36133;0.37109;0.38086;0.39063;0.40039;0.41016;0.41992;0.42969;0.43945;0.44922;0.45898;0.46875;0.47852;0.48828;0.49805;0.50781;0.51758;0.52734;0.53711;0.54688;0.55664;0.56641;0.57617;0.58594;0.5957;0.60547;0.61523;0.625;0.63477;0.64453;0.6543;0.66406;0.67383;0.68359;0.69336;0.70313;0.71289;0.72266;0.73242;0.74219;0.75195;0.76172;0.77148;0.78125;0.79102,0.004545536;0.0037345280000000004;0.011242496;0.014020608;0.021668864;0.124761088;0.250225664;0.206381056;0.09175552000000001;0.06257766399999999;0.044387328;0.035903488000000004;0.040926208000000006;0.04020224000000001;0.04280012800000001;0.029607935999999998;0.021640192;0.01033728;0.006320128;0.007491584;0.006234112;0.003014656;0.0027136;0.003145728;0.002847744;0.002318336;0.002482176;0.0019128320000000002;0.001289216;0.0010946560000000003;0.00167424;0.001885184;0.001548288;0.0009461760000000001;0.000787456;0.0007372800000000001;0.0009615359999999999;0.0009564160000000001;0.001103872;0.00101376;0.000995328;0.0008447999999999999;0.000864256;0.0008069119999999999;0.00064512;0.000632832;0.00059392;0.0006993920000000001;0.000736256;0.000734208;0.001217536;0.0012001280000000002;0.001293312;0.00141824;0.001283072;0.0011048960000000002;0.0009625599999999999;0.001420288;0.0019824639999999998;0.001905664;0.0016302080000000002;0.00314368;0.0032460799999999997;0.0032;0.00325632;0.001839104;0.0018257920000000001;0.0025989119999999997;0.003533824;0.004317184;0.0037662719999999998;0.003858432;0.0021452800000000003;0.002423808;0.0036311040000000004;0.003714048;0.0029911039999999996;0.00316928;0.004195328
1788784200,hdr,0.0293;0.03906;0.04883;0.05859;0.06836;0.07813;0.08789;0.09766;0.10742;0.11719;0.12695;0.13672;0.14648;0.15625;0.16602;0.17578;0.18555;0.19531;0.20508;0.21484;0.22461;0.23438;0.24414;0.25391;0.26367;0.27344;0.2832;0.29297;0.30273;0.3125;0.32227;0.33203;0.3418;0.35156;0.36133;0.37109;0.38086;0.39063;0.40039;0.41016;0.41992;0.42969;0.43945;0.44922;0.45898;0.46875;0.47852;0.48828;0.49805;0.50781;0.51758;0.52734;0.53711;0.54688;0.55664;0.56641;0.57617;0.58594;0.5957;0.60547;0.61523;0.625;0.63477;0.64453;0.6543;0.66406;0.67383;0.68359;0.69336;0.70313;0.71289;0.72266;0.73242;0.74219;0.75195;0.76172;0.77148;0.78125;0.79102,0.006047744;0.010274815999999999;0.009175039999999999;0.009525248;0.035695616;0.11118592;0.121801728;0.09252352;0.07000473599999998;0.07484518400000001;0.040860672;0.070022144;0.064441344;0.03783577600000001;0.036791296;0.033082368;0.019586048;0.008097792000000001;0.0037150720000000003;0.004310016;0.0035399679999999997;0.004286464;0.003929088;0.004795392;0.0023920639999999997;0.0021985280000000004;0.003241984;0.0038410239999999997;0.003957759999999999;0.0035809279999999997;0.001902592;0.002131968;0.0018421759999999998;0.000864256;0.000712704;0.00075776;0.001186816;0.001097728;0.000789504;0.00055296;0.000652288;0.000840704;0.000592896;0.000533504;0.001483776;0.0017459199999999998;0.000995328;0.001067008;0.0011489279999999998;0.0012113920000000002;0.000910336;0.000990208;0.0011489279999999998;0.00158208;0.001872896;0.001850368;0.0016691199999999998;0.000950272;0.0018995200000000002;0.00209408;0.001806336;0.000979968;0.0017807360000000002;0.003827712;0.004447232;0.004534272;0.004640767999999999;0.004020223999999999;0.002535424;0.004366336;0.00452096;0.0033024;0.003206144;0.002802688;0.0012625919999999999;0.002407424;0.002704384;0.001680384;0.001107968
1788785100,hdr,0.0293;0.03906;0.04883;0.05859;0.06836;0.07813;0.08789;0.09766;0.10742;0.11719;0.12695;0.13672;0.14648;0.15625;0.16602;0.17578;0.18555;0.19531;0.20508;0.21484;0.22461;0.23438;0.24414;0.25391;0.26367;0.27344;0.2832;0.29297;0.30273;0.3125;0.32227;0.33203;0.3418;0.35156;0.36133;0.37109;0.38086;0.39063;0.40039;0.41016;0.41992;0.42969;0.43945;0.44922;0.45898;0.46875;0.47852;0.48828;0.49805;0.50781;0.51758;0.52734;0.53711;0.54688;0.55664;0.56641;0.57617;0.58594;0.5957;0.60547;0.61523;0.625;0.63477;0.64453;0.6543;0.66406;0.67383;0.68359;0.69336;0.70313;0.71289;0.72266;0.73242;0.74219;0.75195;0.76172;0.77148;0.78125;0.79102,0.0029306880000000003;0.005578751999999999;0.009030656000000001;0.012089344;0.028882944;0.117080064;0.20596019200000001;0.18401279999999998;0.095908864;0.062625792;0.055712767999999996;0.04763136;0.05058252800000001;0.045188096000000004;0.041206783999999996;0.04931072;0.024758272;0.009960448;0.006965247999999999;0.0059340799999999996;0.004263936;0.003953664;0.003852288;0.0035860479999999997;0.003584;0.0027811840000000003;0.001750016;0.001358848;0.00193536;0.0013783040000000001;0.001775616;0.002659328;0.00172544;0.001477632;0.00085504;0.0010721279999999999;0.00128;0.0013056;0.000826368;0.000543744;0.0006574080000000001;0.001137664;0.0019466239999999999;0.002441216;0.002233344;0.001860608;0.001659904;0.001480704;0.001050624;0.0009738240000000001;0.0005877759999999999;0.001030144;0.002366464;0.001835008;0.001742848;0.002043904;0.001583104;0.00164864;0.00158208;0.002646016;0.00301056;0.002084864;0.0021043200000000002;0.0015964160000000002;0.003464192;0.004279296;0.004488192;0.0027791359999999998;0.003198976;0.0029184000000000002;0.0027883520000000005;0.0025139200000000002;0.003576832;0.0038952960000000003;0.00269824;0.00246784;0.002386944;0.001864704;0.00185344
1788786900,hdr,0.0293;0.03906;0.04883;0.05859;0.06836;0.07813;0.08789;0.09766;0.10742;0.11719;0.12695;0.13672;0.14648;0.15625;0.16602;0.17578;0.18555;0.19531;0.20508;0.21484;0.22461;0.23438;0.24414;0.25391;0.26367;0.27344;0.2832;0.29297;0.30273;0.3125;0.32227;0.33203;0.3418;0.35156;0.36133;0.37109;0.38086;0.39063;0.40039;0.41016;0.41992;0.42969;0.43945;0.44922;0.45898;0.46875;0.47852;0.48828;0.49805;0.50781;0.51758;0.52734;0.53711;0.54688;0.55664;0.56641;0.57617;0.58594;0.5957;0.60547;0.61523;0.625;0.63477;0.64453;0.6543;0.66406;0.67383;0.68359;0.69336;0.70313;0.71289;0.72266;0.73242;0.74219;0.75195;0.76172;0.77148;0.78125;0.79102,0.0015984640000000002;0.008105984;0.006838272;0.0038266879999999995;0.009168896000000001;0.056861696;0.18561433600000002;0.180993024;0.060634112000000004;0.04568883199999999;0.034083840000000004;0.028632064;0.032688128000000004;0.031985664000000004;0.036273152;0.039205888;0.021527552;0.012414976;0.008439807999999998;0.0066334720000000005;0.005175296;0.0033218559999999998;0.002505728;0.003340288;0.004172799999999999;0.002859008;0.002777088;0.0019435519999999999;0.001789952;0.0014172160000000002;0.001133568;0.000842752;0.000813056;0.0010598399999999998;0.000764928;0.000550912;0.000796672;0.0006973439999999999;0.000750592;0.000621568;0.00046284799999999997;0.000489472;0.0005724160000000001;0.000854016;0.000756736;0.000356352;0.000533504;0.0008110079999999999;0.000809984;0.0005980159999999999;0.00046796800000000003;0.0006696959999999999;0.0008837120000000001;0.0008192000000000001;0.001097728;0.0012042239999999998;0.00167424;0.0017766400000000001;0.0020224;0.0031160320000000004;0.002692096;0.0028672;0.00338944;0.004702207999999999;0.004758528000000001;0.0044288;0.007374848;0.00531968;0.0031334399999999995;0.003043328;0.003396608;0.003366912;0.0029378560000000004;0.001958912;0.00183296;0.001388544;0.001298432;0.001055744;0.0009472
1788787800,hdr,0.0293;0.03906;0.04883;0.05859;0.06836;0.07813;0.08789;0.09766;0.10742;0.11719;0.12695;0.13672;0.14648;0.15625;0.16602;0.17578;0.18555;0.19531;0.20508;0.21484;0.22461;0.23438;0.24414;0.25391;0.26367;0.27344;0.2832;0.29297;0.30273;0.3125;0.32227;0.33203;0.3418;0.35156;0.36133;0.37109;0.38086;0.39063;0.40039;0.41016;0.41992;0.42969;0.43945;0.44922;0.45898;0.46875;0.47852;0.48828;0.49805;0.50781;0.51758;0.52734;0.53711;0.54688;0.55664;0.56641;0.57617;0.58594;0.5957;0.60547;0.61523;0.625;0.63477;0.64453;0.6543;0.66406;0.67383;0.68359;0.69336;0.70313;0.71289;0.72266;0.73242;0.74219;0.75195;0.76172;0.77148;0.78125;0.79102,0.004088832;0.008894464;0.008020992;0.006360064;0.011807743999999998;0.080489472;0.151696384;0.11234918399999999;0.079238144;0.039073791999999996;0.038971392;0.032072704;0.025380863999999996;0.06597632;0.0557824;0.038535167999999995;0.028471296;0.018082816;0.011225088;0.005781504;0.004652032;0.002604032;0.0025344;0.001933312;0.001524736;0.001364992;0.001932288;0.001659904;0.001680384;0.002076672;0.001009664;0.0009431040000000001;0.0010946560000000003;0.001225728;0.001061888;0.000736256;0.000771072;0.000605184;0.00059904;0.000519168;0.0006000640000000001;0.0009717759999999999;0.000978944;0.000872448;0.0006778880000000001;0.00082944;0.000592896;0.0006737919999999999;0.0010598399999999998;0.001132544;0.0011919360000000002;0.001359872;0.000734208;0.000805888;0.0007557120000000001;0.0010373119999999999;0.00151552;0.001652736;0.0017684480000000002;0.0013240320000000002;0.00292352;0.003032064;0.003695616;0.006983679999999999;0.0055705600000000004;0.004358144;0.004744192;0.005272576;0.005295104;0.0035706880000000002;0.0016711679999999998;0.00290304;0.003422208;0.0024002560000000004;0.002558976;0.0017766400000000001;0.001288192;0.0015656959999999999;0.002000896
1788788700,hdr,0.0293;0.03906;0.04883;0.05859;0.06836;0.07813;0.08789;0.09766;0.10742;0.11719;0.12695;0.13672;0.14648;0.15625;0.16602;0.17578;0.18555;0.19531;0.20508;0.21484;0.22461;0.23438;0.24414;0.25391;0.26367;0.27344;0.2832;0.29297;0.30273;0.3125;0.32227;0.33203;0.3418;0.35156;0.36133;0.37109;0.38086;0.39063;0.40039;0.41016;0.41992;0.42969;0.43945;0.44922;0.45898;0.46875;0.47852;0.48828;0.49805;0.50781;0.51758;0.52734;0.53711;0.54688;0.55664;0.56641;0.57617;0.58594;0.5957;0.60547;0.61523;0.625;0.63477;0.64453;0.6543;0.66406;0.67383;0.68359;0.69336;0.70313;0.71289;0.72266;0.73242;0.74219;0.75195;0.76172;0.77148;0.78125;0.79102,0.005656576;0.0055951360000000006;0.012136448000000001;0.00907264;0.009644031999999999;0.052064256;0.164084736;0.10310144;0.057267200000000004;0.058600448;0.03390464;0.029544448;0.018363392;0.028713984;0.044182528;0.034824192;0.032971776;0.022872064;0.010501120000000001;0.007851008;0.004123648;0.003912704;0.004585472000000001;0.004257792000000001;0.0026900479999999996;0.002019328;0.002111488;0.0020121600000000003;0.0011427840000000002;0.0012462080000000002;0.001396736;0.000781312;0.0007086080000000001;0.000963584;0.0014919679999999998;0.0019435519999999999;0.001425408;0.0011151359999999999;0.000889856;0.0009738240000000001;0.001251328;0.001304576;0.0006676480000000001;0.000761856;0.0012359679999999998;0.0011632640000000002;0.0005898240000000001;0.000534528;0.000774144;0.000606208;0.00075776;0.000654336;0.000601088;0.0005632;0.000513024;0.000524288;0.000756736;0.0009943039999999999;0.0010608640000000001;0.000731136;0.001282048;0.001468416;0.0017305600000000001;0.0020572159999999997;0.001968128;0.00229888;0.0020582400000000002;0.0027965439999999998;0.003408896;0.003042304;0.003186688;0.0029952000000000004;0.002212864;0.001941504;0.001901568;0.00183296;0.001381376;0.00167424;0.001716224
1788789600,hdr,0.0293;0.03906;0.04883;0.05859;0.06836;0.07813;0.08789;0.09766;0.10742;0.11719;0.12695;0.13672;0.14648;0.15625;0.16602;0.17578;0.18555;0.19531;0.20508;0.21484;0.22461;0.23438;0.24414;0.25391;0.26367;0.27344;0.2832;0.29297;0.30273;0.3125;0.32227;0.33203;0.3418;0.35156;0.36133;0.37109;0.38086;0.39063;0.40039;0.41016;0.41992;0.42969;0.43945;0.44922;0.45898;0.46875;0.47852;0.48828;0.49805;0.50781;0.51758;0.52734;0.53711;0.54688;0.55664;0.56641;0.57617;0.58594;0.5957;0.60547;0.61523;0.625;0.63477;0.64453;0.6543;0.66406;0.67383;0.68359;0.69336;0.70313;0.71289;0.72266;0.73242;0.74219;0.75195;0.76172;0.77148;0.78125;0.79102,0.0057077759999999995;0.006316032;0.004626432000000001;0.006136832;0.021236736;0.08837632000000001;0.16751411200000002;0.133773312;0.07267942399999999;0.046270464;0.035454976;0.028525567999999998;0.03219968;0.053213184000000004;0.067958784;0.055944192000000004;0.044396544;0.019913728;0.011141120000000001;0.007542784;0.00472576;0.004172799999999999;0.003319808;0.002398208;0.0021504000000000002;0.002791424;0.002254848;0.0013864959999999999;0.001517568;0.001301504;0.001348608;0.001098752;0.00110592;0.001247232;0.0010762240000000002;0.001022976;0.000776192;0.000787456;0.001091584;0.000731136;0.001308672;0.001436672;0.000668672;0.0004915200000000001;0.000766976;0.001043456;0.000881664;0.0009697280000000001;0.0011212799999999999;0.000776192;0.001404928;0.001348608;0.0008048640000000001;0.000789504;0.00088576;0.000528384;0.000529408;0.0006225919999999999;0.001011712;0.000843776;0.000611328;0.000893952;0.00080384;0.000544768;0.001078272;0.00167936;0.002562048;0.002592768;0.0016404479999999999;0.001430528;0.001251328;0.0013148160000000001;0.002465792;0.003024896;0.002372608;0.002622464;0.00200704;0.00180224;0.001529856
1788790500,hdr,0.0293;0.03906;0.04883;0.05859;0.06836;0.07813;0.08789;0.09766;0.10742;0.11719;0.12695;0.13672;0.14648;0.15625;0.16602;0.17578;0.18555;0.19531;0.20508;0.21484;0.22461;0.23438;0.24414;0.25391;0.26367;0.27344;0.2832;0.29297;0.30273;0.3125;0.32227;0.33203;0.3418;0.35156;0.36133;0.37109;0.38086;0.39063;0.40039;0.41016;0.41992;0.42969;0.43945;0.44922;0.45898;0.46875;0.47852;0.48828;0.49805;0.50781;0.51758;0.52734;0.53711;0.54688;0.55664;0.56641;0.57617;0.58594;0.5957;0.60547;0.61523;0.625;0.63477;0.64453;0.6543;0.66406;0.67383;0.68359;0.69336;0.70313;0.71289;0.72266;0.73242;0.74219;0.75195;0.76172;0.77148;0.78125;0.79102,0.0065587200000000005;0.009653248;0.007227392;0.004668415999999999;0.011109375999999999;0.063350784;0.173942784;0.234616832;0.153970688;0.046429184;0.030234623999999998;0.020997119999999998;0.025761792000000002;0.027560960000000002;0.037057536;0.05011968;0.048560127999999994;0.02990592;0.013748224;0.006597632;0.0036239360000000003;0.002594816;0.002587648;0.002564096;0.001929216;0.001898496;0.0017192959999999997;0.00136704;0.001403904;0.002286592;0.0033208319999999997;0.0021913600000000003;0.00180736;0.001659904;0.0017377279999999998;0.0009574399999999999;0.000905216;0.001161216;0.000965632;0.000864256;0.0005560319999999999;0.000662528;0.001055744;0.001062912;0.0006850560000000001;0.0008355839999999999;0.00084992;0.000807936;0.0008048640000000001;0.000715776;0.0007393279999999999;0.000569344;0.0009758719999999999;0.0012165119999999999;0.001238016;0.00052224;0.000748544;0.0008335360000000001;0.0010250239999999998;0.0008867839999999999;0.00129024;0.0011427840000000002;0.000688128;0.001138688;0.0011468799999999999;0.0010813440000000001;0.001316864;0.000809984;0.001186816;0.000889856;0.000986112;0.0011448320000000001;0.000963584;0.0014213119999999999;0.0020746239999999997;0.0017479680000000001;0.001409024;0.001800192;0.0011714560000000002
1788791400,hdr,0.0293;0.03906;0.04883;0.05859;0.06836;0.07813;0.08789;0.09766;0.10742;0.11719;0.12695;0.13672;0.14648;0.15625;0.16602;0.17578;0.18555;0.19531;0.20508;0.21484;0.22461;0.23438;0.24414;0.25391;0.26367;0.27344;0.2832;0.29297;0.30273;0.3125;0.32227;0.33203;0.3418;0.35156;0.36133;0.37109;0.38086;0.39063;0.40039;0.41016;0.41992;0.42969;0.43945;0.44922;0.45898;0.46875;0.47852;0.48828;0.49805;0.50781;0.51758;0.52734;0.53711;0.54688;0.55664;0.56641;0.57617;0.58594;0.5957;0.60547;0.61523;0.625;0.63477;0.64453;0.6543;0.66406;0.67383;0.68359;0.69336;0.70313;0.71289;0.72266;0.73242;0.74219;0.75195;0.76172;0.77148;0.78125;0.79102,0.004225024;0.008764416;0.006008832;0.006585344;0.01642496;0.083830784;0.178921472;0.13063782399999999;0.06367232;0.04366848;0.033511424;0.019371008;0.018404352;0.030357503999999997;0.040014848;0.056593408;0.059143168;0.035921919999999996;0.016416768;0.0077864959999999995;0.004544512;0.0036894719999999996;0.003262464;0.0036095999999999997;0.002847744;0.0023296;0.002516992;0.0020183040000000003;0.001195008;0.0015267839999999998;0.0022272;0.0014458880000000002;0.00101376;0.000881664;0.001222656;0.000764928;0.001294336;0.002060288;0.0018575360000000001;0.0010946560000000003;0.001071104;0.0014151679999999999;0.001502208;0.000933888;0.000418816;0.000649216;0.001232896;0.001069056;0.000785408;0.000809984;0.0007925759999999999;0.001004544;0.0008663039999999999;0.000700416;0.001118208;0.000881664;0.000694272;0.001032192;0.00093696;0.0012032;0.001650688;0.001288192;0.002061312;0.00338944;0.0027566080000000002;0.002013184;0.003198976;0.001973248;0.0021780479999999997;0.00145408;0.001910784;0.00164864;0.001878016;0.002238464;0.002890752;0.003009536;0.002321408;0.0022015999999999997;0.001476608
1788792300,hdr,0.0293;0.03906;0.04883;0.05859;0.06836;0.07813;0.08789;0.09766;0.10742;0.11719;0.12695;0.13672;0.14648;0.15625;0.16602;0.17578;0.18555;0.19531;0.20508;0.21484;0.22461;0.23438;0.24414;0.25391;0.26367;0.27344;0.2832;0.29297;0.30273;0.3125;0.32227;0.33203;0.3418;0.35156;0.36133;0.37109;0.38086;0.39063;0.40039;0.41016;0.41992;0.42969;0.43945;0.44922;0.45898;0.46875;0.47852;0.48828;0.49805;0.50781;0.51758;0.52734;0.53711;0.54688;0.55664;0.56641;0.57617;0.58594;0.5957;0.60547;0.61523;0.625;0.63477;0.64453;0.6543;0.66406;0.67383;0.68359;0.69336;0.70313;0.71289;0.72266;0.73242;0.74219;0.75195;0.76172;0.77148;0.78125;0.79102,0.005582848;0.007590912;0.006987776;0.006141952;0.021164032;0.057316352;0.134291456;0.107004928;0.079153152;0.050830336000000004;0.037039103999999996;0.021342207999999998;0.019180544;0.022798336;0.033062912;0.033094656;0.03093504;0.038969343999999996;0.021890048;0.008126464;0.00417792;0.0047339520000000005;0.0030289920000000003;0.0017623040000000001;0.002225152;0.002674688;0.001727488;0.001097728;0.001015808;0.00158208;0.00210944;0.001992704;0.001711104;0.0015411200000000002;0.001862656;0.001513472;0.00101376;0.00099328;0.0010680320000000002;0.0013578239999999999;0.0016066560000000001;0.0009021439999999999;0.001184768;0.00149504;0.0013557760000000002;0.0012871680000000002;0.0010250239999999998;0.0009472;0.0011909120000000001;0.0013393919999999998;0.001570816;0.001098752;0.00141312;0.002620416;0.0035942400000000003;0.003129344;0.0023388159999999996;0.002650112;0.0022947840000000002;0.002228224;0.002404352;0.003303424;0.003805184;0.002737152;0.002243584;0.004595711999999999;0.0044922880000000005;0.003286016;0.002919424;0.0030453760000000002;0.002888704;0.001645568;0.002118656;0.001742848;0.001716224;0.002601984;0.002188288;0.00144896;0.001101824
1788793200,hdr,0.0293;0.03906;0.04883;0.05859;0.06836;0.07813;0.08789;0.09766;0.10742;0.11719;0.12695;0.13672;0.14648;0.15625;0.16602;0.17578;0.18555;0.19531;0.20508;0.21484;0.22461;0.23438;0.24414;0.25391;0.26367;0.27344;0.2832;0.29297;0.30273;0.3125;0.32227;0.33203;0.3418;0.35156;0.36133;0.37109;0.38086;0.39063;0.40039;0.41016;0.41992;0.42969;0.43945;0.44922;0.45898;0.46875;0.47852;0.48828;0.49805;0.50781;0.51758;0.52734;0.53711;0.54688;0.55664;0.56641;0.57617;0.58594;0.5957;0.60547;0.61523;0.625;0.63477;0.64453;0.6543;0.66406;0.67383;0.68359;0.69336;0.70313;0.71289;0.72266;0.73242;0.74219;0.75195;0.76172;0.77148;0.78125;0.79102,0.001011712;0.007596032;0.011032576;0.0057948159999999995;0.016001024000000003;0.078979072;0.141135872;0.13006233599999997;0.106734592;0.059215871999999996;0.028991488000000003;0.013674496;0.01337856;0.022543360000000002;0.027224064;0.039433216;0.045538303999999995;0.025415679999999996;0.012318720000000002;0.011254784000000002;0.0061808639999999995;0.003510272;0.002724864;0.003728384;0.002776064;0.002101248;0.0027351040000000004;0.0032;0.002844672;0.001847296;0.00198656;0.001830912;0.001861632;0.001452032;0.000963584;0.00099328;0.000909312;0.001092608;0.0007393279999999999;0.0009349119999999999;0.0008069119999999999;0.000979968;0.0009738240000000001;0.001042432;0.0013557760000000002;0.001550336;0.00116224;0.00171008;0.0018636800000000002;0.0021329920000000002;0.002637824;0.003093504;0.00205312;0.002260992;0.0028416;0.0031907839999999995;0.002531328;0.0022466560000000005;0.00262656;0.0033617919999999997;0.003710976;0.00407552;0.003579904;0.002890752;0.001833984;0.0032593920000000003;0.003163136;0.002553856;0.002064384;0.003414016;0.0021944319999999996;0.001875968;0.0014448640000000001;0.00193024;0.0015779840000000002;0.0010209280000000002;0.001014784;0.001399808;0.002212864
1788794100,hdr,0.0293;0.03906;0.04883;0.05859;0.06836;0.07813;0.08789;0.09766;0.10742;0.11719;0.12695;0.13672;0.14648;0.15625;0.16602;0.17578;0.18555;0.19531;0.20508;0.21484;0.22461;0.23438;0.24414;0.25391;0.26367;0.27344;0.2832;0.29297;0.30273;0.3125;0.32227;0.33203;0.3418;0.35156;0.36133;0.37109;0.38086;0.39063;0.40039;0.41016;0.41992;0.42969;0.43945;0.44922;0.45898;0.46875;0.47852;0.48828;0.49805;0.50781;0.51758;0.52734;0.53711;0.54688;0.55664;0.56641;0.57617;0.58594;0.5957;0.60547;0.61523;0.625;0.63477;0.64453;0.6543;0.66406;0.67383;0.68359;0.69336;0.70313;0.71289;0.72266;0.73242;0.74219;0.75195;0.76172;0.77148;0.78125;0.79102,0.004916224;0.004148224;0.0038297599999999998;0.007578624;0.014376960000000001;0.050314239999999996;0.11703603200000001;0.106042368;0.041982976000000005;0.031622144;0.023709696;0.017359872;0.015997952;0.019333120000000002;0.021216256000000003;0.033851392;0.036113408;0.030278656;0.021582847999999998;0.013602816;0.009121792;0.004307968;0.006935552;0.004091904;0.0024709120000000005;0.002506752;0.002386944;0.002531328;0.002610176;0.0024791039999999998;0.001967104;0.0020951040000000004;0.0029695999999999998;0.0031938559999999997;0.002477056;0.0016435199999999999;0.0011755519999999998;0.00138752;0.001641472;0.00200192;0.001635328;0.001680384;0.001811456;0.00169472;0.0012288;0.0014110720000000002;0.001330176;0.00137728;0.0016732160000000002;0.002131968;0.002619392;0.00180224;0.001954816;0.002587648;0.0031928320000000005;0.0030412800000000004;0.0015779840000000002;0.0016435199999999999;0.001399808;0.001480704;0.0023265280000000004;0.002188288;0.0018841600000000002;0.0021370879999999997;0.002180096;0.0013004800000000001;0.001436672;0.002500608;0.002432;0.001359872;0.001232896;0.001615872;0.001676288;0.001524736;0.001227776;0.001227776;0.0014704639999999999;0.001726464;0.001119232
1788795000,hdr,0.0293;0.03906;0.04883;0.05859;0.06836;0.07813;0.08789;0.09766;0.10742;0.11719;0.12695;0.13672;0.14648;0.15625;0.16602;0.17578;0.18555;0.19531;0.20508;0.21484;0.22461;0.23438;0.24414;0.25391;0.26367;0.27344;0.2832;0.29297;0.30273;0.3125;0.32227;0.33203;0.3418;0.35156;0.36133;0.37109;0.38086;0.39063;0.40039;0.41016;0.41992;0.42969;0.43945;0.44922;0.45898;0.46875;0.47852;0.48828;0.49805;0.50781;0.51758;0.52734;0.53711;0.54688;0.55664;0.56641;0.57617;0.58594;0.5957;0.60547;0.61523;0.625;0.63477;0.64453;0.6543;0.66406;0.67383;0.68359;0.69336;0.70313;0.71289;0.72266;0.73242;0.74219;0.75195;0.76172;0.77148;0.78125;0.79102,0.007293952;0.012212224;0.008664064;0.00979968;0.016944128;0.051615744;0.14113792;0.166754304;0.07833395199999998;0.063500288;0.035884031999999996;0.016719872;0.012703744000000001;0.015276032000000002;0.026289152000000003;0.028389376;0.02969088;0.036465663999999995;0.031983616;0.017550336000000003;0.005588992;0.002373632;0.00190976;0.0027217920000000002;0.002551808;0.0020858880000000006;0.001558528;0.001637376;0.0011632640000000002;0.001442816;0.0019537919999999998;0.00146944;0.001406976;0.001490944;0.0010178560000000001;0.001532928;0.002127872;0.001133568;0.00075264;0.00101376;0.001271808;0.0020981759999999998;0.0021524480000000004;0.001666048;0.0015431680000000001;0.001439744;0.000878592;0.0012523519999999998;0.0012318720000000002;0.0012369920000000001;0.001024;0.000924672;0.001343488;0.001079296;0.001014784;0.0008765439999999999;0.0009543679999999999;0.000905216;0.001557504;0.0018524160000000002;0.001345536;0.00150528;0.0018810880000000002;0.002086912;0.002084864;0.001601536;0.001161216;0.00133632;0.0014499839999999999;0.001193984;0.0011468799999999999;0.0008192000000000001;0.0009984;0.000840704;0.0007413760000000001;0.000771072;0.0010178560000000001;0.000743424;0.000723968
1788795900,hdr,0.0293;0.03906;0.04883;0.05859;0.06836;0.07813;0.08789;0.09766;0.10742;0.11719;0.12695;0.13672;0.14648;0.15625;0.16602;0.17578;0.18555;0.19531;0.20508;0.21484;0.22461;0.23438;0.24414;0.25391;0.26367;0.27344;0.2832;0.29297;0.30273;0.3125;0.32227;0.33203;0.3418;0.35156;0.36133;0.37109;0.38086;0.39063;0.40039;0.41016;0.41992;0.42969;0.43945;0.44922;0.45898;0.46875;0.47852;0.48828;0.49805;0.50781;0.51758;0.52734;0.53711;0.54688;0.55664;0.56641;0.57617;0.58594;0.5957;0.60547;0.61523;0.625;0.63477;0.64453;0.6543;0.66406;0.67383;0.68359;0.69336;0.70313;0.71289;0.72266;0.73242;0.74219;0.75195;0.76172;0.77148;0.78125;0.79102,0.00514048;0.004234239999999999;0.007779327999999999;0.008537088000000002;0.009961471999999999;0.058603520000000006;0.12883456000000001;0.116224;0.062452736;0.040768512;0.019613696;0.018812928;0.020182016;0.009960448;0.014724095999999999;0.019850239999999998;0.028540928;0.030993408;0.023973888;0.015499264;0.0061255680000000005;0.005265407999999999;0.00395264;0.003059712;0.0026900479999999996;0.002592768;0.00296448;0.002363392;0.001938432;0.0027729919999999997;0.002527232;0.0018810880000000002;0.001147904;0.001430528;0.000900096;0.00237568;0.003351552;0.002981888;0.0027791359999999998;0.001670144;0.0011448320000000001;0.0017018880000000001;0.00181248;0.002660352;0.00183808;0.0011264;0.001683456;0.001855488;0.0015687680000000001;0.0014151679999999999;0.001519616;0.00150528;0.000816128;0.000674816;0.001258496;0.001729536;0.001498112;0.0015206400000000002;0.001441792;0.0018442240000000002;0.003646464;0.0034662399999999998;0.0037877759999999996;0.003472384;0.003557376;0.003555328;0.004374527999999999;0.003633152;0.004795392;0.003610624;0.002603008;0.003390464;0.004006912;0.003858432;0.0024709120000000005;0.0020633599999999998;0.0030822400000000004;0.00270336;0.002060288
1788796800,hdr,0.0293;0.03906;0.04883;0.05859;0.06836;0.07813;0.08789;0.09766;0.10742;0.11719;0.12695;0.13672;0.14648;0.15625;0.16602;0.17578;0.18555;0.19531;0.20508;0.21484;0.22461;0.23438;0.24414;0.25391;0.26367;0.27344;0.2832;0.29297;0.30273;0.3125;0.32227;0.33203;0.3418;0.35156;0.36133;0.37109;0.38086;0.39063;0.40039;0.41016;0.41992;0.42969;0.43945;0.44922;0.45898;0.46875;0.47852;0.48828;0.49805;0.50781;0.51758;0.52734;0.53711;0.54688;0.55664;0.56641;0.57617;0.58594;0.5957;0.60547;0.61523;0.625;0.63477;0.64453;0.6543;0.66406;0.67383;0.68359;0.69336;0.70313;0.71289;0.72266;0.73242;0.74219;0.75195;0.76172;0.77148;0.78125;0.79102,0.00705024;0.01048576;0.00459264;0.008743935999999999;0.011506688;0.06198272;0.11817574399999999;0.077543424;0.049220608;0.045418496;0.025101312;0.014521343999999999;0.012708864;0.013114368000000001;0.014216191999999999;0.012286975999999998;0.025408512;0.021113856;0.016425984;0.013470719999999999;0.004384768;0.0037683200000000003;0.003375104;0.002596864;0.0028917760000000004;0.004273152;0.0037990400000000005;0.003550208;0.0027811840000000003;0.002445312;0.0033802240000000002;0.00323072;0.001907712;0.001686528;0.0015544320000000001;0.001741824;0.001620992;0.0014028799999999998;0.001166336;0.0013209599999999997;0.00185344;0.001759232;0.0017356799999999999;0.0013987840000000001;0.0016977919999999998;0.001937408;0.00242176;0.003165184;0.002902016;0.0016291839999999999;0.0019394560000000002;0.0043878400000000005;0.0032532480000000003;0.003674112;0.00364544;0.00315904;0.004656128;0.004368384;0.002605056;0.002905088;0.005261312;0.0048762879999999995;0.003618816;0.004308992;0.0028436480000000003;0.0017735679999999999;0.003644416;0.003480576;0.0024903679999999997;0.0033208319999999997;0.00370176;0.003160064;0.001330176;0.0013117439999999999;0.0018718720000000001;0.001862656;0.002286592;0.00229888;0.001641472
1788797700,hdr,0.0293;0.03906;0.04883;0.05859;0.06836;0.07813;0.08789;0.09766;0.10742;0.11719;0.12695;0.13672;0.14648;0.15625;0.16602;0.17578;0.18555;0.19531;0.20508;0.21484;0.22461;0.23438;0.24414;0.25391;0.26367;0.27344;0.2832;0.29297;0.30273;0.3125;0.32227;0.33203;0.3418;0.35156;0.36133;0.37109;0.38086;0.39063;0.40039;0.41016;0.41992;0.42969;0.43945;0.44922;0.45898;0.46875;0.47852;0.48828;0.49805;0.50781;0.51758;0.52734;0.53711;0.54688;0.55664;0.56641;0.57617;0.58594;0.5957;0.60547;0.61523;0.625;0.63477;0.64453;0.6543;0.66406;0.67383;0.68359;0.69336;0.70313;0.71289;0.72266;0.73242;0.74219;0.75195;0.76172;0.77148;0.78125;0.79102,0.009967616;0.011148288000000001;0.010250239999999999;0.011617279999999999;0.01810432;0.074611712;0.13293260799999998;0.141182976;0.119404544;0.038605824000000004;0.018304;0.019006464;0.013190144000000001;0.014953471999999999;0.021829632;0.017905664;0.024118272;0.042434559999999996;0.047946751999999995;0.022668288;0.008487936;0.004312064;0.002799616;0.00244736;0.0018360320000000002;0.003279872;0.0030607359999999997;0.00408576;0.00327168;0.001898496;0.0018360320000000002;0.002665472;0.001137664;0.002116608;0.0025825279999999997;0.003909632;0.0029184000000000002;0.0018944;0.001736704;0.000919552;0.0011704320000000001;0.001480704;0.001552384;0.0019230719999999998;0.003373056;0.003024896;0.0018196479999999999;0.004926464;0.0038993920000000002;0.004909055999999999;0.008223744;0.008931328;0.006279168000000001;0.004062208;0.004422656;0.004391936000000001;0.006040576;0.0046991360000000005;0.006786047999999999;0.0068505599999999995;0.0037150720000000003;0.003406848;0.0029634559999999997;0.004048896000000001;0.003744768;0.004372480000000001;0.0044103680000000004;0.004468736;0.00444928;0.002720768;0.002825216;0.002249728;0.001743872;0.003646464;0.0021196799999999997;0.0028426239999999998;0.0023818240000000003;0.002589696;0.00163328
1788798600,hdr,0.0293;0.03906;0.04883;0.05859;0.06836;0.07813;0.08789;0.09766;0.10742;0.11719;0.12695;0.13672;0.14648;0.15625;0.16602;0.17578;0.18555;0.19531;0.20508;0.21484;0.22461;0.23438;0.24414;0.25391;0.26367;0.27344;0.2832;0.29297;0.30273;0.3125;0.32227;0.33203;0.3418;0.35156;0.36133;0.37109;0.38086;0.39063;0.40039;0.41016;0.41992;0.42969;0.43945;0.44922;0.45898;0.46875;0.47852;0.48828;0.49805;0.50781;0.51758;0.52734;0.53711;0.54688;0.55664;0.56641;0.57617;0.58594;0.5957;0.60547;0.61523;0.625;0.63477;0.64453;0.6543;0.66406;0.67383;0.68359;0.69336;0.70313;0.71289;0.72266;0.73242;0.74219;0.75195;0.76172;0.77148;0.78125;0.79102,0.005186560000000001;0.008280064;0.006163456;0.0022712319999999998;0.009745407999999999;0.030851072;0.11410124799999999;0.152557568;0.082217984;0.037392384;0.014142464;0.013490176;0.017570816;0.016518144000000002;0.01956352;0.022924288;0.021479424000000004;0.0218624;0.013328384;0.009362432;0.012771328000000002;0.007864320000000001;0.0030832639999999996;0.0023818240000000003;0.001998848;0.0014632959999999998;0.0020838399999999996;0.0021872639999999995;0.002907136;0.008897536;0.016417791999999997;0.005412864;0.00315904;0.0031375360000000002;0.003084288;0.002362368;0.001934336;0.001548288;0.001824768;0.0030894080000000005;0.002013184;0.0017018880000000001;0.001610752;0.001759232;0.002356224;0.0024832;0.003262464;0.004706304;0.004486144;0.0037611520000000002;0.005103616;0.003828736;0.004484096000000001;0.004037632;0.003154944;0.00419328;0.004850688;0.004417536;0.0035706880000000002;0.0038819839999999998;0.0032204799999999995;0.0037754880000000005;0.0040396799999999995;0.0020746239999999997;0.0024576;0.0030341120000000003;0.0029992960000000003;0.001944576;0.001906688;0.001970176;0.001721344;0.002532352;0.00292864;0.002484224;0.0017305600000000001;0.001603584;0.001795072;0.0009431040000000001;0.00087552
1788799500,hdr,0.0293;0.03906;0.04883;0.05859;0.06836;0.07813;0.08789;0.09766;0.10742;0.11719;0.12695;0.13672;0.14648;0.15625;0.16602;0.17578;0.18555;0.19531;0.20508;0.21484;0.22461;0.23438;0.24414;0.25391;0.26367;0.27344;0.2832;0.29297;0.30273;0.3125;0.32227;0.33203;0.3418;0.35156;0.36133;0.37109;0.38086;0.39063;0.40039;0.41016;0.41992;0.42969;0.43945;0.44922;0.45898;0.46875;0.47852;0.48828;0.49805;0.50781;0.51758;0.52734;0.53711;0.54688;0.55664;0.56641;0.57617;0.58594;0.5957;0.60547;0.61523;0.625;0.63477;0.64453;0.6543;0.66406;0.67383;0.68359;0.69336;0.70313;0.71289;0.72266;0.73242;0.74219;0.75195;0.76172;0.77148;0.78125;0.79102,0.0033208319999999997;0.0026071040000000003;0.00587776;0.006244352;0.01622016;0.071724032;0.147103744;0.1208064;0.071309312;0.042344448;0.020954111999999997;0.013953024;0.019372032;0.017272832000000002;0.014365696;0.018668544000000002;0.028057600000000002;0.019924992;0.025264128;0.015952896;0.010322943999999999;0.004984832000000001;0.00267264;0.0028989440000000005;0.0023920639999999997;0.002185216;0.003273728;0.0020951040000000004;0.00128512;0.000731136;0.0014561280000000001;0.002062336;0.0013926400000000001;0.00126976;0.00273408;0.0031744;0.00297472;0.002857984;0.002332672;0.001610752;0.002304;0.0025958400000000003;0.002106368;0.003110912;0.004279296;0.004262912000000001;0.004914176;0.004968448;0.006392832;0.0070543360000000005;0.010195968000000001;0.008471552000000002;0.005016576;0.005016576;0.00386048;0.003154944;0.005043199999999999;0.004195328;0.004110336;0.00384;0.0018841600000000002;0.00129024;0.002633728;0.003306496;0.0020183040000000003;0.0021217280000000002;0.002650112;0.002428928;0.002337792;0.002062336;0.002405376;0.002179072;0.0010291200000000001;0.0015493120000000002;0.001855488;0.002054144;0.0014847999999999999;0.001304576;0.0011673599999999999
1788800400,hdr,0.0293;0.03906;0.04883;0.05859;0.06836;0.07813;0.08789;0.09766;0.10742;0.11719;0.12695;0.13672;0.14648;0.15625;0.16602;0.17578;0.18555;0.19531;0.20508;0.21484;0.22461;0.23438;0.24414;0.25391;0.26367;0.27344;0.2832;0.29297;0.30273;0.3125;0.32227;0.33203;0.3418;0.35156;0.36133;0.37109;0.38086;0.39063;0.40039;0.41016;0.41992;0.42969;0.43945;0.44922;0.45898;0.46875;0.47852;0.48828;0.49805;0.50781;0.51758;0.52734;0.53711;0.54688;0.55664;0.56641;0.57617;0.58594;0.5957;0.60547;0.61523;0.625;0.63477;0.64453;0.6543;0.66406;0.67383;0.68359;0.69336;0.70313;0.71289;0.72266;0.73242;0.74219;0.75195;0.76172;0.77148;0.78125;0.79102,0.006915072;0.012898304;0.018244608;0.011486208;0.013612032;0.051090432;0.191292416;0.17024;0.07257088;0.043265024;0.022028288;0.013297663999999999;0.01064448;0.0077189120000000005;0.012173312;0.018100224;0.021169152000000004;0.023146496;0.017115136;0.010266624;0.007123968;0.004528127999999999;0.0030361600000000004;0.0038492160000000004;0.013792256;0.022132736;0.008476672000000001;0.00281088;0.001969152;0.001726464;0.001158144;0.0014581759999999998;0.001757184;0.0014110720000000002;0.0013322240000000001;0.001636352;0.002000896;0.002546688;0.0022937599999999997;0.00185344;0.0018944;0.001744896;0.001436672;0.001552384;0.0025333760000000004;0.0027023359999999996;0.002622464;0.0030535679999999996;0.002771968;0.00300032;0.003774464;0.006378496;0.00555008;0.008658944;0.007067648;0.0035706880000000002;0.004448255999999999;0.0047564799999999996;0.004968448;0.0037437440000000002;0.002451456;0.002425856;0.0028129279999999997;0.0023203839999999996;0.0018636800000000002;0.001452032;0.001422336;0.001337344;0.000941056;0.000704512;0.0013506560000000002;0.0019466239999999999;0.0021002239999999995;0.001193984;0.00097792;0.000955392;0.0011212799999999999;0.001635328;0.001016832
1788801300,hdr,0.0293;0.03906;0.04883;0.05859;0.06836;0.07813;0.08789;0.09766;0.10742;0.11719;0.12695;0.13672;0.14648;0.15625;0.16602;0.17578;0.18555;0.19531;0.20508;0.21484;0.22461;0.23438;0.24414;0.25391;0.26367;0.27344;0.2832;0.29297;0.30273;0.3125;0.32227;0.33203;0.3418;0.35156;0.36133;0.37109;0.38086;0.39063;0.40039;0.41016;0.41992;0.42969;0.43945;0.44922;0.45898;0.46875;0.47852;0.48828;0.49805;0.50781;0.51758;0.52734;0.53711;0.54688;0.55664;0.56641;0.57617;0.58594;0.5957;0.60547;0.61523;0.625;0.63477;0.64453;0.6543;0.66406;0.67383;0.68359;0.69336;0.70313;0.71289;0.72266;0.73242;0.74219;0.75195;0.76172;0.77148;0.78125;0.79102,0.006542335999999999;0.010436608;0.010084352000000001;0.012210176000000001;0.026934272000000002;0.057801728;0.157454336;0.11827712;0.067964928;0.039554048;0.03376128;0.016516096;0.011482112000000001;0.014388223999999998;0.015497216000000001;0.017435648;0.025490431999999997;0.031465472;0.031673344;0.022773759999999997;0.01353728;0.008067072;0.005523456;0.006322176;0.003909632;0.003868672;0.005262336;0.0038656000000000003;0.004098048000000001;0.003160064;0.0017674240000000003;0.003459072;0.0032174079999999997;0.0033218559999999998;0.0026327039999999996;0.002566144;0.0029952000000000004;0.001987584;0.0024872960000000004;0.002382848;0.001978368;0.0027555839999999997;0.002102272;0.001185792;0.0015616000000000002;0.0015513600000000001;0.001217536;0.001212416;0.0018524160000000002;0.002226176;0.002051072;0.002847744;0.0036812800000000003;0.003741696;0.004370432;0.004026368;0.0023357440000000003;0.0025825279999999997;0.0027566080000000002;0.003459072;0.003618816;0.0027514880000000003;0.003245056;0.0031938559999999997;0.001441792;0.001528832;0.001659904;0.0014827520000000002;0.00170496;0.001926144;0.0021862400000000003;0.0024791039999999998;0.0019455999999999998;0.001401856;0.000945152;0.001024;0.000909312;0.000791552;0.0005007359999999999
1788802200,hdr,0.0293;0.03906;0.04883;0.05859;0.06836;0.07813;0.08789;0.09766;0.10742;0.11719;0.12695;0.13672;0.14648;0.15625;0.16602;0.17578;0.18555;0.19531;0.20508;0.21484;0.22461;0.23438;0.24414;0.25391;0.26367;0.27344;0.2832;0.29297;0.30273;0.3125;0.32227;0.33203;0.3418;0.35156;0.36133;0.37109;0.38086;0.39063;0.40039;0.41016;0.41992;0.42969;0.43945;0.44922;0.45898;0.46875;0.47852;0.48828;0.49805;0.50781;0.51758;0.52734;0.53711;0.54688;0.55664;0.56641;0.57617;0.58594;0.5957;0.60547;0.61523;0.625;0.63477;0.64453;0.6543;0.66406;0.67383;0.68359;0.69336;0.70313;0.71289;0.72266;0.73242;0.74219;0.75195;0.76172;0.77148;0.78125;0.79102,0.00536576;0.012260351999999999;0.010523648;0.005272576;0.018904064;0.05104128;0.07669862399999999;0.118530048;0.16301670399999998;0.08126054399999999;0.019675136;0.01775104;0.015060992;0.018010112;0.018813952000000002;0.025036799999999998;0.021248;0.014343168;0.014154752;0.009632768;0.005629952000000001;0.004560896;0.005064704;0.00448;0.0016435199999999999;0.0023265280000000004;0.003255296;0.0026859519999999997;0.002306048;0.0010209280000000002;0.001383424;0.001744896;0.0018278399999999998;0.002172928;0.001936384;0.0021504000000000002;0.004227072;0.0030207999999999997;0.001521664;0.001258496;0.002086912;0.0025047039999999995;0.0024719359999999997;0.00194048;0.0019886079999999998;0.0016128;0.002183168;0.0021227520000000003;0.001941504;0.002382848;0.002619392;0.0022661120000000002;0.00222208;0.0027217920000000002;0.002466816;0.00266752;0.00257024;0.001973248;0.002746368;0.003401728;0.004696064;0.003208192;0.00249344;0.0025047039999999995;0.0012369920000000001;0.001736704;0.0021964800000000002;0.001913856;0.001861632;0.0019251199999999998;0.00164864;0.0014172160000000002;0.00124928;0.001284096;0.00075776;0.001145856;0.001007616;0.000966656;0.0010496000000000001
1788803100,hdr,0.0293;0.03906;0.04883;0.05859;0.06836;0.07813;0.08789;0.09766;0.10742;0.11719;0.12695;0.13672;0.14648;0.15625;0.16602;0.17578;0.18555;0.19531;0.20508;0.21484;0.22461;0.23438;0.24414;0.25391;0.26367;0.27344;0.2832;0.29297;0.30273;0.3125;0.32227;0.33203;0.3418;0.35156;0.36133;0.37109;0.38086;0.39063;0.40039;0.41016;0.41992;0.42969;0.43945;0.44922;0.45898;0.46875;0.47852;0.48828;0.49805;0.50781;0.51758;0.52734;0.53711;0.54688;0.55664;0.56641;0.57617;0.58594;0.5957;0.60547;0.61523;0.625;0.63477;0.64453;0.6543;0.66406;0.67383;0.68359;0.69336;0.70313;0.71289;0.72266;0.73242;0.74219;0.75195;0.76172;0.77148;0.78125;0.79102,0.008247296;0.010359808;0.013394944;0.01649664;0.01582592;0.044490752;0.07109632;0.11911372799999999;0.09427456;0.04930048;0.031483904;0.019928064;0.016323584000000002;0.015045632;0.012819456;0.01335808;0.012315647999999998;0.013872128000000001;0.014843904;0.01654784;0.011880448;0.005625855999999999;0.00462848;0.0037273600000000003;0.00386048;0.004952064;0.002427904;0.002127872;0.0020572159999999997;0.0021913600000000003;0.002771968;0.001517568;0.0015779840000000002;0.0019937279999999997;0.001700864;0.0012359679999999998;0.001627136;0.0013690880000000003;0.0011233280000000003;0.0010936319999999998;0.001901568;0.001702912;0.001292288;0.0015667199999999997;0.002413568;0.001956864;0.001580032;0.002000896;0.001798144;0.0021534719999999996;0.0021227520000000003;0.001281024;0.0020910079999999997;0.00251904;0.002619392;0.003451904;0.003965952;0.00370176;0.0022599680000000002;0.0017018880000000001;0.002679808;0.002577408;0.0020582400000000002;0.002505728;0.00195072;0.0016384000000000001;0.0013035520000000001;0.001238016;0.001750016;0.001412096;0.001652736;0.001743872;0.001318912;0.001468416;0.001540096;0.0013148160000000001;0.001077248;0.0008704;0.001107968
1788804000,hdr,0.0293;0.03906;0.04883;0.05859;0.06836;0.07813;0.08789;0.09766;0.10742;0.11719;0.12695;0.13672;0.14648;0.15625;0.16602;0.17578;0.18555;0.19531;0.20508;0.21484;0.22461;0.23438;0.24414;0.25391;0.26367;0.27344;0.2832;0.29297;0.30273;0.3125;0.32227;0.33203;0.3418;0.35156;0.36133;0.37109;0.38086;0.39063;0.40039;0.41016;0.41992;0.42969;0.43945;0.44922;0.45898;0.46875;0.47852;0.48828;0.49805;0.50781;0.51758;0.52734;0.53711;0.54688;0.55664;0.56641;0.57617;0.58594;0.5957;0.60547;0.61523;0.625;0.63477;0.64453;0.6543;0.66406;0.67383;0.68359;0.69336;0.70313;0.71289;0.72266;0.73242;0.74219;0.75195;0.76172;0.77148;0.78125;0.79102,0.010677248000000002;0.021110784;0.017231872;0.011101184;0.012695551999999999;0.036943871999999996;0.06862745599999999;0.121544704;0.161028096;0.09325158399999998;0.048068608;0.01974784;0.00899584;0.010180608;0.016340992;0.017800192;0.02257408;0.018432;0.017269760000000002;0.010756096;0.006719488;0.0060856320000000005;0.003503104;0.0022906879999999995;0.00334336;0.0027351040000000004;0.00232448;0.002295808;0.001373184;0.001618944;0.001253376;0.00119296;0.0012728319999999998;0.001159168;0.0012185600000000003;0.00129024;0.000795648;0.0013864959999999999;0.00180736;0.0013568;0.001222656;0.001769472;0.002322432;0.001672192;0.0015103999999999999;0.002000896;0.0046848;0.00398336;0.0035583999999999998;0.0031569919999999995;0.0034816;0.001903616;0.0027504639999999998;0.003427328;0.0025333760000000004;0.002706432;0.0019046400000000002;0.0021821440000000004;0.001666048;0.0012359679999999998;0.0010936319999999998;0.001248256;0.0029757440000000002;0.002489344;0.001758208;0.001296384;0.001145856;0.0019712;0.00187904;0.00136192;0.002108416;0.0017018880000000001;0.001404928;0.0013312;0.001687552;0.002214912;0.002700288;0.001542144;0.002258944
1788804900,hdr,0.0293;0.03906;0.04883;0.05859;0.06836;0.07813;0.08789;0.09766;0.10742;0.11719;0.12695;0.13672;0.14648;0.15625;0.16602;0.17578;0.18555;0.19531;0.20508;0.21484;0.22461;0.23438;0.24414;0.25391;0.26367;0.27344;0.2832;0.29297;0.30273;0.3125;0.32227;0.33203;0.3418;0.35156;0.36133;0.37109;0.38086;0.39063;0.40039;0.41016;0.41992;0.42969;0.43945;0.44922;0.45898;0.46875;0.47852;0.48828;0.49805;0.50781;0.51758;0.52734;0.53711;0.54688;0.55664;0.56641;0.57617;0.58594;0.5957;0.60547;0.61523;0.625;0.63477;0.64453;0.6543;0.66406;0.67383;0.68359;0.69336;0.70313;0.71289;0.72266;0.73242;0.74219;0.75195;0.76172;0.77148;0.78125;0.79102,0.010563584;0.015589376;0.010851328000000002;0.011466752;0.016681984;0.078331904;0.188196864;0.155374592;0.117465088;0.059700224;0.027338752;0.013618176;0.012876799999999999;0.015568896;0.016590848000000002;0.014415872;0.018916351999999997;0.015729663999999997;0.011303936;0.009690111999999999;0.012576768;0.0069375999999999995;0.003336192;0.0023019520000000003;0.0021329920000000002;0.0016435199999999999;0.002056192;0.002741248;0.0037550080000000002;0.00343552;0.00162816;0.0014653440000000002;0.0017397760000000002;0.001619968;0.0017889280000000002;0.001286144;0.0011233280000000003;0.000941056;0.0011755519999999998;0.00136192;0.0009738240000000001;0.0006973439999999999;0.000796672;0.001656832;0.0015738879999999998;0.002071552;0.001668096;0.00167936;0.0023429120000000004;0.003339264;0.004425728;0.003831808;0.004105216;0.003468288;0.00360448;0.001944576;0.00165376;0.0016650240000000002;0.0022015999999999997;0.002802688;0.002441216;0.002092032;0.0016230399999999999;0.001675264;0.00153088;0.000996352;0.00129024;0.001662976;0.001251328;0.001409024;0.0011970559999999997;0.001053696;0.001256448;0.001933312;0.00150528;0.001601536;0.002061312;0.001312768;0.001672192
1788805800,hdr,0.0293;0.03906;0.04883;0.05859;0.06836;0.07813;0.08789;0.09766;0.10742;0.11719;0.12695;0.13672;0.14648;0.15625;0.16602;0.17578;0.18555;0.19531;0.20508;0.21484;0.22461;0.23438;0.24414;0.25391;0.26367;0.27344;0.2832;0.29297;0.30273;0.3125;0.32227;0.33203;0.3418;0.35156;0.36133;0.37109;0.38086;0.39063;0.40039;0.41016;0.41992;0.42969;0.43945;0.44922;0.45898;0.46875;0.47852;0.48828;0.49805;0.50781;0.51758;0.52734;0.53711;0.54688;0.55664;0.56641;0.57617;0.58594;0.5957;0.60547;0.61523;0.625;0.63477;0.64453;0.6543;0.66406;0.67383;0.68359;0.69336;0.70313;0.71289;0.72266;0.73242;0.74219;0.75195;0.76172;0.77148;0.78125;0.79102,0.01110016;0.018909184000000002;0.019970047999999997;0.015218688;0.0267776;0.09260031999999999;0.14420582399999998;0.141483008;0.10677555200000001;0.06172364799999999;0.027396096;0.017026048;0.015686656;0.019561471999999996;0.024541184;0.017652736000000002;0.013326336;0.015382528;0.016241664;0.013708288;0.008024064;0.005968896;0.0037662719999999998;0.004655103999999999;0.0032358400000000002;0.002364416;0.00282624;0.002157568;0.00134144;0.0013660159999999998;0.0016988160000000001;0.002174976;0.002233344;0.0015493120000000002;0.0014530559999999999;0.001903616;0.001476608;0.0011007999999999999;0.001063936;0.001229824;0.001702912;0.002374656;0.002220032;0.0017889280000000002;0.001241088;0.0013352960000000001;0.001649664;0.001338368;0.00134656;0.001782784;0.003018752;0.0025047039999999995;0.001707008;0.002427904;0.00195584;0.00274432;0.0042383360000000005;0.0028467199999999996;0.0028487680000000002;0.001676288;0.001893376;0.0026900479999999996;0.00165888;0.001308672;0.002564096;0.003376128;0.00214016;0.0021667839999999997;0.002220032;0.0020101119999999997;0.001782784;0.001937408;0.002072576;0.001839104;0.002236416;0.0022097920000000004;0.0025333760000000004;0.002501632;0.004299776
1788806700,hdr,0.0293;0.03906;0.04883;0.05859;0.06836;0.07813;0.08789;0.09766;0.10742;0.11719;0.12695;0.13672;0.14648;0.15625;0.16602;0.17578;0.18555;0.19531;0.20508;0.21484;0.22461;0.23438;0.24414;0.25391;0.26367;0.27344;0.2832;0.29297;0.30273;0.3125;0.32227;0.33203;0.3418;0.35156;0.36133;0.37109;0.38086;0.39063;0.40039;0.41016;0.41992;0.42969;0.43945;0.44922;0.45898;0.46875;0.47852;0.48828;0.49805;0.50781;0.51758;0.52734;0.53711;0.54688;0.55664;0.56641;0.57617;0.58594;0.5957;0.60547;0.61523;0.625;0.63477;0.64453;0.6543;0.66406;0.67383;0.68359;0.69336;0.70313;0.71289;0.72266;0.73242;0.74219;0.75195;0.76172;0.77148;0.78125;0.79102,0.009081856;0.007607296;0.010745856;0.010686464;0.030628864000000002;0.08181247999999999;0.087200768;0.10625536000000001;0.125615104;0.050230272;0.037173248;0.020286464;0.015261696;0.014035968000000001;0.009168896000000001;0.01633792;0.020774912;0.01792;0.018555904;0.014450688;0.009808896000000001;0.00690176;0.004056064000000001;0.004000768;0.002306048;0.0017602560000000002;0.0019169279999999998;0.002115584;0.0015667199999999997;0.001529856;0.0013004800000000001;0.001294336;0.0013424640000000002;0.000900096;0.00295424;0.004402176;0.003324928;0.0042885119999999995;0.004005887999999999;0.004292608;0.00324096;0.0028057599999999996;0.003171328;0.003063808;0.0033884159999999996;0.00285184;0.002364416;0.002659328;0.002427904;0.001792;0.002084864;0.0026521599999999998;0.001180672;0.001611776;0.002803712;0.002147328;0.002287616;0.002101248;0.0021862400000000003;0.001789952;0.001833984;0.001289216;0.0013793280000000002;0.001250304;0.0016895999999999999;0.00195584;0.002023424;0.0024504320000000002;0.002156544;0.002458624;0.002627584;0.0022712319999999998;0.001618944;0.001632256;0.001425408;0.0017848319999999999;0.00195072;0.0031395840000000004;0.00291328
1788807600,hdr,0.0293;0.03906;0.04883;0.05859;0.06836;0.07813;0.08789;0.09766;0.10742;0.11719;0.12695;0.13672;0.14648;0.15625;0.16602;0.17578;0.18555;0.19531;0.20508;0.21484;0.22461;0.23438;0.24414;0.25391;0.26367;0.27344;0.2832;0.29297;0.30273;0.3125;0.32227;0.33203;0.3418;0.35156;0.36133;0.37109;0.38086;0.39063;0.40039;0.41016;0.41992;0.42969;0.43945;0.44922;0.45898;0.46875;0.47852;0.48828;0.49805;0.50781;0.51758;0.52734;0.53711;0.54688;0.55664;0.56641;0.57617;0.58594;0.5957;0.60547;0.61523;0.625;0.63477;0.64453;0.6543;0.66406;0.67383;0.68359;0.69336;0.70313;0.71289;0.72266;0.73242;0.74219;0.75195;0.76172;0.77148;0.78125;0.79102,0.0034754559999999996;0.011485184;0.012934144;0.013210623999999999;0.017818623999999998;0.048516095999999995;0.09049088000000001;0.12237926400000002;0.152013824;0.097758208;0.03484672;0.025751552;0.017235968;0.011973632;0.015927296;0.012581888;0.016505856;0.013678592;0.009243648000000002;0.008090624;0.0070144000000000005;0.004161536;0.004907008;0.003212288;0.002586624;0.002183168;0.002036736;0.0025958400000000003;0.0022323200000000003;0.0031160320000000004;0.002362368;0.001475584;0.0015697920000000002;0.002212864;0.00188928;0.001544192;0.002250752;0.001599488;0.002955264;0.00522752;0.006115328;0.0033218559999999998;0.002115584;0.0016895999999999999;0.00273408;0.0021964800000000002;0.001995776;0.00202752;0.002171904;0.002674688;0.002146304;0.002055168;0.0023572479999999997;0.0028620800000000004;0.0022886399999999998;0.0019435519999999999;0.001875968;0.0015851519999999998;0.001159168;0.000955392;0.001307648;0.001158144;0.001777664;0.002143232;0.00159744;0.001460224;0.0013219840000000002;0.001164288;0.001405952;0.001317888;0.001779712;0.00193024;0.0016087039999999999;0.0023019520000000003;0.002066432;0.0015206400000000002;0.001156096;0.0017203200000000002;0.0021667839999999997
1788808500,hdr,0.0293;0.03906;0.04883;0.05859;0.06836;0.07813;0.08789;0.09766;0.10742;0.11719;0.12695;0.13672;0.14648;0.15625;0.16602;0.17578;0.18555;0.19531;0.20508;0.21484;0.22461;0.23438;0.24414;0.25391;0.26367;0.27344;0.2832;0.29297;0.30273;0.3125;0.32227;0.33203;0.3418;0.35156;0.36133;0.37109;0.38086;0.39063;0.40039;0.41016;0.41992;0.42969;0.43945;0.44922;0.45898;0.46875;0.47852;0.48828;0.49805;0.50781;0.51758;0.52734;0.53711;0.54688;0.55664;0.56641;0.57617;0.58594;0.5957;0.60547;0.61523;0.625;0.63477;0.64453;0.6543;0.66406;0.67383;0.68359;0.69336;0.70313;0.71289;0.72266;0.73242;0.74219;0.75195;0.76172;0.77148;0.78125;0.79102,0.004887552000000001;0.012225536;0.01257472;0.015988736;0.034893824000000004;0.062101504;0.108747776;0.141647872;0.14759731199999998;0.10978201600000001;0.060516352;0.026785792000000003;0.012063744000000001;0.011266047999999999;0.018416639999999998;0.027967488000000002;0.022105088;0.014360576;0.014651392;0.00985088;0.005266432;0.003038208;0.0036362239999999995;0.004315136;0.0034027519999999998;0.002386944;0.00230912;0.002589696;0.001687552;0.001680384;0.001632256;0.001040384;0.001159168;0.0017192959999999997;0.001435648;0.00170496;0.002443264;0.0022466560000000005;0.001803264;0.001504256;0.0019435519999999999;0.0013312;0.001992704;0.00236544;0.002310144;0.002214912;0.002445312;0.0032460799999999997;0.0018012159999999998;0.002929664;0.004324352;0.0023674879999999996;0.0011427840000000002;0.001885184;0.002249728;0.001209344;0.0007393279999999999;0.001212416;0.0011427840000000002;0.000986112;0.0008151040000000001;0.001011712;0.0016895999999999999;0.0012871680000000002;0.001189888;0.001277952;0.001738752;0.0019537919999999998;0.0012646399999999998;0.0019650559999999997;0.002896896;0.0021780479999999997;0.001708032;0.001210368;0.003100672;0.0022405119999999996;0.003093504;0.004158464;0.00326144
1788809400,hdr,0.0293;0.03906;0.04883;0.05859;0.06836;0.07813;0.08789;0.09766;0.10742;0.11719;0.12695;0.13672;0.14648;0.15625;0.16602;0.17578;0.18555;0.19531;0.20508;0.21484;0.22461;0.23438;0.24414;0.25391;0.26367;0.27344;0.2832;0.29297;0.30273;0.3125;0.32227;0.33203;0.3418;0.35156;0.36133;0.37109;0.38086;0.39063;0.40039;0.41016;0.41992;0.42969;0.43945;0.44922;0.45898;0.46875;0.47852;0.48828;0.49805;0.50781;0.51758;0.52734;0.53711;0.54688;0.55664;0.56641;0.57617;0.58594;0.5957;0.60547;0.61523;0.625;0.63477;0.64453;0.6543;0.66406;0.67383;0.68359;0.69336;0.70313;0.71289;0.72266;0.73242;0.74219;0.75195;0.76172;0.77148;0.78125;0.79102,0.006505472;0.012295168;0.006873087999999999;0.01125376;0.024072192000000003;0.082228224;0.157739008;0.184175616;0.11116339200000001;0.08386252799999999;0.06710272;0.029437951999999996;0.015037440000000001;0.012047359999999998;0.012720128;0.012604416;0.015463424;0.016275455999999997;0.012941312;0.010530815999999998;0.009633791999999999;0.006578176000000001;0.0031467520000000005;0.00180736;0.0028927999999999996;0.002241536;0.00162816;0.001954816;0.002199552;0.00306176;0.0020183040000000003;0.00105472;0.00158208;0.0015452159999999999;0.001002496;0.001611776;0.0017479680000000001;0.002505728;0.002646016;0.0036608;0.003095552;0.0018483199999999999;0.0016230399999999999;0.0011755519999999998;0.001349632;0.00123392;0.001907712;0.001125376;0.002603008;0.00406528;0.00349696;0.001978368;0.002402304;0.002214912;0.001586176;0.0027965439999999998;0.002226176;0.0010455039999999998;0.000965632;0.0010455039999999998;0.000764928;0.0006082559999999999;0.001055744;0.0013660159999999998;0.001021952;0.001238016;0.001258496;0.0012001280000000002;0.00135168;0.001184768;0.0007946240000000001;0.001210368;0.001119232;0.0012666880000000002;0.001575936;0.00122368;0.001301504;0.001729536;0.0016384000000000001
1788810300,hdr,0.0293;0.03906;0.04883;0.05859;0.06836;0.07813;0.08789;0.09766;0.10742;0.11719;0.12695;0.13672;0.14648;0.15625;0.16602;0.17578;0.18555;0.19531;0.20508;0.21484;0.22461;0.23438;0.24414;0.25391;0.26367;0.27344;0.2832;0.29297;0.30273;0.3125;0.32227;0.33203;0.3418;0.35156;0.36133;0.37109;0.38086;0.39063;0.40039;0.41016;0.41992;0.42969;0.43945;0.44922;0.45898;0.46875;0.47852;0.48828;0.49805;0.50781;0.51758;0.52734;0.53711;0.54688;0.55664;0.56641;0.57617;0.58594;0.5957;0.60547;0.61523;0.625;0.63477;0.64453;0.6543;0.66406;0.67383;0.68359;0.69336;0.70313;0.71289;0.72266;0.73242;0.74219;0.75195;0.76172;0.77148;0.78125;0.79102,0.0032337920000000005;0.002382848;0.006183936;0.010124288;0.0093696;0.019259392;0.07932211200000001;0.059298816;0.08694784;0.07274700799999999;0.026957824;0.024283136;0.010043392000000002;0.008283136;0.014974976000000001;0.017262592;0.0128512;0.012541951999999999;0.012984319999999999;0.011889664000000001;0.006006783999999999;0.0035717120000000003;0.0042137599999999996;0.0034334720000000003;0.0022732800000000004;0.002348032;0.001926144;0.0022599680000000002;0.002637824;0.0016424959999999998;0.00128;0.00150016;0.0012994559999999998;0.0009973760000000001;0.00074752;0.00077312;0.000950272;0.001283072;0.0016097280000000002;0.0012165119999999999;0.00165888;0.0018595839999999998;0.001333248;0.00159744;0.001555456;0.001222656;0.000893952;0.001420288;0.001349632;0.0007075839999999999;0.0007106559999999999;0.00047308800000000003;0.00089088;0.0017408;0.0025374720000000003;0.002763776;0.002349056;0.001778688;0.0013578239999999999;0.0007884799999999999;0.000605184;0.000625664;0.0007014399999999999;0.000668672;0.0005857280000000001;0.000889856;0.001052672;0.000638976;0.0009594880000000001;0.0008222720000000001;0.000661504;0.0008345599999999999;0.0009584639999999999;0.00097792;0.000827392;0.001509376;0.00204288;0.001657856;0.0012789759999999998
1788811200,hdr,0.0293;0.03906;0.04883;0.05859;0.06836;0.07813;0.08789;0.09766;0.10742;0.11719;0.12695;0.13672;0.14648;0.15625;0.16602;0.17578;0.18555;0.19531;0.20508;0.21484;0.22461;0.23438;0.24414;0.25391;0.26367;0.27344;0.2832;0.29297;0.30273;0.3125;0.32227;0.33203;0.3418;0.35156;0.36133;0.37109;0.38086;0.39063;0.40039;0.41016;0.41992;0.42969;0.43945;0.44922;0.45898;0.46875;0.47852;0.48828;0.49805;0.50781;0.51758;0.52734;0.53711;0.54688;0.55664;0.56641;0.57617;0.58594;0.5957;0.60547;0.61523;0.625;0.63477;0.64453;0.6543;0.66406;0.67383;0.68359;0.69336;0.70313;0.71289;0.72266;0.73242;0.74219;0.75195;0.76172;0.77148;0.78125;0.79102,0.004937728;0.007118848;0.00617984;0.007102464;0.01506816;0.040472575999999996;0.08236544;0.06639001600000001;0.130335744;0.12929945599999998;0.044323839999999996;0.024111103999999998;0.01767424;0.008064;0.008918015999999999;0.013679616;0.014271487999999999;0.014517248;0.011789312;0.008598528000000001;0.005658624;0.00489472;0.004393983999999999;0.0035942400000000003;0.0020592640000000003;0.001507328;0.001782784;0.001906688;0.000951296;0.001296384;0.0014991359999999999;0.001600512;0.001957888;0.002568192;0.001108992;0.000631808;0.000858112;0.0009318400000000001;0.000553984;0.000621568;0.0008663039999999999;0.000979968;0.001404928;0.002101248;0.0018196479999999999;0.000939008;0.000774144;0.000641024;0.000567296;0.0006000640000000001;0.000795648;0.000385024;0.000649216;0.0010608640000000001;0.000965632;0.000652288;0.00036249599999999997;0.00047718399999999996;0.000436224;0.000331776;0.0007290879999999999;0.000891904;0.000512;0.00042803200000000007;0.000559104;0.0004986880000000001;0.0005816320000000001;0.0007372800000000001;0.000577536;0.0008837120000000001;0.00090624;0.000712704;0.0009472;0.0008151040000000001;0.001061888;0.0012554240000000002;0.000996352;0.0008519679999999999;0.001333248
1788812100,hdr,0.0293;0.03906;0.04883;0.05859;0.06836;0.07813;0.08789;0.09766;0.10742;0.11719;0.12695;0.13672;0.14648;0.15625;0.16602;0.17578;0.18555;0.19531;0.20508;0.21484;0.22461;0.23438;0.24414;0.25391;0.26367;0.27344;0.2832;0.29297;0.30273;0.3125;0.32227;0.33203;0.3418;0.35156;0.36133;0.37109;0.38086;0.39063;0.40039;0.41016;0.41992;0.42969;0.43945;0.44922;0.45898;0.46875;0.47852;0.48828;0.49805;0.50781;0.51758;0.52734;0.53711;0.54688;0.55664;0.56641;0.57617;0.58594;0.5957;0.60547;0.61523;0.625;0.63477;0.64453;0.6543;0.66406;0.67383;0.68359;0.69336;0.70313;0.71289;0.72266;0.73242;0.74219;0.75195;0.76172;0.77148;0.78125;0.79102,0.008196096000000002;0.01672192;0.011231232;0.012569599999999998;0.02858496;0.053510144;0.057591807999999994;0.101823488;0.098240512;0.081584128;0.049350656;0.02441216;0.014902272000000001;0.012537856;0.014142464;0.016804864;0.020640768;0.009352192;0.010643456;0.007933952;0.0039649279999999995;0.0032276479999999996;0.0038410239999999997;0.00197632;0.001202176;0.001652736;0.001523712;0.001670144;0.0009768959999999999;0.001344512;0.0011960319999999999;0.0014110720000000002;0.0013342719999999998;0.0014274560000000001;0.0007116799999999999;0.000649216;0.000816128;0.00075776;0.000579584;0.001088512;0.0010250239999999998;0.0007843840000000001;0.0010956800000000001;0.000939008;0.000837632;0.0005099519999999999;0.00046284799999999997;0.00039628799999999996;0.000545792;0.000507904;0.00052736;0.000503808;0.00035328;0.000497664;0.00048025600000000003;0.000494592;0.000544768;0.00062464;0.000504832;0.000533504;0.000704512;0.000534528;0.0005898240000000001;0.0007290879999999999;0.000613376;0.000555008;0.0006778880000000001;0.000461824;0.00050176;0.0007290879999999999;0.000631808;0.001461248;0.00169472;0.001226752;0.0012523519999999998;0.0014243840000000001;0.0015206400000000002;0.0016670720000000001;0.001775616
1788813000,hdr,0.0293;0.03906;0.04883;0.05859;0.06836;0.07813;0.08789;0.09766;0.10742;0.11719;0.12695;0.13672;0.14648;0.15625;0.16602;0.17578;0.18555;0.19531;0.20508;0.21484;0.22461;0.23438;0.24414;0.25391;0.26367;0.27344;0.2832;0.29297;0.30273;0.3125;0.32227;0.33203;0.3418;0.35156;0.36133;0.37109;0.38086;0.39063;0.40039;0.41016;0.41992;0.42969;0.43945;0.44922;0.45898;0.46875;0.47852;0.48828;0.49805;0.50781;0.51758;0.52734;0.53711;0.54688;0.55664;0.56641;0.57617;0.58594;0.5957;0.60547;0.61523;0.625;0.63477;0.64453;0.6543;0.66406;0.67383;0.68359;0.69336;0.70313;0.71289;0.72266;0.73242;0.74219;0.75195;0.76172;0.77148;0.78125;0.79102,0.020177920000000002;0.023784448;0.014931967999999999;0.012293120000000001;0.023673856;0.044504063999999996;0.067417088;0.068455424;0.102217728;0.131456;0.073965568;0.022845439999999998;0.01603072;0.008000512000000001;0.017284096000000002;0.022329343999999997;0.013876224;0.005937152;0.00776704;0.006209536;0.00400896;0.002584576;0.001936384;0.0024064;0.002184192;0.00160768;0.001384448;0.000879616;0.001069056;0.0009041920000000001;0.0006778880000000001;0.000625664;0.000748544;0.00046284799999999997;0.000411648;0.000549888;0.0010465279999999997;0.0014151679999999999;0.0008765439999999999;0.000544768;0.000751616;0.000816128;0.00093696;0.0005898240000000001;0.000514048;0.0005416959999999999;0.000989184;0.000903168;0.000720896;0.000372736;0.0005816320000000001;0.0008304639999999999;0.00047820800000000004;0.00044646400000000004;0.000442368;0.0005232639999999998;0.0005580800000000001;0.000387072;0.00047001599999999997;0.000534528;0.000452608;0.000434176;0.0005416959999999999;0.0006000640000000001;0.000687104;0.0005724160000000001;0.000493568;0.00033484799999999995;0.000620544;0.0004884479999999999;0.0005089280000000001;0.000765952;0.00079872;0.001030144;0.0010475520000000002;0.001055744;0.001501184;0.001180672;0.0014376960000000002
1788813900,hdr,0.0293;0.03906;0.04883;0.05859;0.06836;0.07813;0.08789;0.09766;0.10742;0.11719;0.12695;0.13672;0.14648;0.15625;0.16602;0.17578;0.18555;0.19531;0.20508;0.21484;0.22461;0.23438;0.24414;0.25391;0.26367;0.27344;0.2832;0.29297;0.30273;0.3125;0.32227;0.33203;0.3418;0.35156;0.36133;0.37109;0.38086;0.39063;0.40039;0.41016;0.41992;0.42969;0.43945;0.44922;0.45898;0.46875;0.47852;0.48828;0.49805;0.50781;0.51758;0.52734;0.53711;0.54688;0.55664;0.56641;0.57617;0.58594;0.5957;0.60547;0.61523;0.625;0.63477;0.64453;0.6543;0.66406;0.67383;0.68359;0.69336;0.70313;0.71289;0.72266;0.73242;0.74219;0.75195;0.76172;0.77148;0.78125;0.79102,0.0062279679999999995;0.011251711999999999;0.010394624;0.008759296;0.037330944000000005;0.115600384;0.079606784;0.06942924800000001;0.08183705599999999;0.10747289600000001;0.062358527999999996;0.016832512;0.016405504;0.017108992000000003;0.011728896;0.013952;0.010888192000000001;0.006477823999999999;0.004883456;0.004389888;0.003918848;0.0037427199999999997;0.004022272;0.004130816000000001;0.0036812800000000003;0.002587648;0.0011264;0.001022976;0.00089088;0.000897024;0.000743424;0.001010688;0.000758784;0.0006092800000000001;0.000529408;0.000743424;0.0007086080000000001;0.000781312;0.0008222720000000001;0.00091136;0.000999424;0.0010127360000000002;0.0005754880000000001;0.000908288;0.000917504;0.000745472;0.000869376;0.0008704;0.000620544;0.000534528;0.000539648;0.000781312;0.000715776;0.000884736;0.0007495679999999999;0.000651264;0.000922624;0.000694272;0.000594944;0.000799744;0.000923648;0.00079872;0.000812032;0.0006840319999999999;0.000594944;0.0006041600000000001;0.000644096;0.00044646400000000004;0.0006819840000000001;0.00131584;0.0013393919999999998;0.001071104;0.001447936;0.001542144;0.00123904;0.001600512;0.001302528;0.001102848;0.001716224
1788814800,hdr,0.0293;0.03906;0.04883;0.05859;0.06836;0.07813;0.08789;0.09766;0.10742;0.11719;0.12695;0.13672;0.14648;0.15625;0.16602;0.17578;0.18555;0.19531;0.20508;0.21484;0.22461;0.23438;0.24414;0.25391;0.26367;0.27344;0.2832;0.29297;0.30273;0.3125;0.32227;0.33203;0.3418;0.35156;0.36133;0.37109;0.38086;0.39063;0.40039;0.41016;0.41992;0.42969;0.43945;0.44922;0.45898;0.46875;0.47852;0.48828;0.49805;0.50781;0.51758;0.52734;0.53711;0.54688;0.55664;0.56641;0.57617;0.58594;0.5957;0.60547;0.61523;0.625;0.63477;0.64453;0.6543;0.66406;0.67383;0.68359;0.69336;0.70313;0.71289;0.72266;0.73242;0.74219;0.75195;0.76172;0.77148;0.78125;0.79102,0.007018496;0.010184704;0.006018048000000001;0.006211584;0.030281728000000004;0.089389056;0.130148352;0.15050751999999998;0.110246912;0.09315020800000001;0.05888204799999999;0.029346815999999998;0.011367424;0.011481088;0.015099904;0.011113472;0.009365503999999998;0.010463232;0.009750527999999998;0.008001536;0.003675136;0.002981888;0.0034488319999999998;0.002865152;0.001480704;0.001497088;0.001436672;0.00176128;0.001903616;0.00169984;0.0009717759999999999;0.0005683200000000001;0.000733184;0.0006277120000000001;0.0005980159999999999;0.000648192;0.0005888;0.0008222720000000001;0.0006676480000000001;0.00068096;0.0006819840000000001;0.0005416959999999999;0.0005099519999999999;0.00039219200000000003;0.000662528;0.000632832;0.000736256;0.0008366080000000001;0.000466944;0.000395264;0.000344064;0.000551936;0.0005324799999999999;0.000577536;0.000698368;0.000754688;0.000666624;0.0009564160000000001;0.000659456;0.00042598399999999997;0.00033484799999999995;0.00033792;0.000442368;0.000734208;0.0007137280000000001;0.00050176;0.000559104;0.001036288;0.001099776;0.0009758719999999999;0.000642048;0.001016832;0.000768;0.0006778880000000001;0.000621568;0.0005980159999999999;0.000642048;0.00047718399999999996;0.000731136
1788815700,hdr,0.0293;0.03906;0.04883;0.05859;0.06836;0.07813;0.08789;0.09766;0.10742;0.11719;0.12695;0.13672;0.14648;0.15625;0.16602;0.17578;0.18555;0.19531;0.20508;0.21484;0.22461;0.23438;0.24414;0.25391;0.26367;0.27344;0.2832;0.29297;0.30273;0.3125;0.32227;0.33203;0.3418;0.35156;0.36133;0.37109;0.38086;0.39063;0.40039;0.41016;0.41992;0.42969;0.43945;0.44922;0.45898;0.46875;0.47852;0.48828;0.49805;0.50781;0.51758;0.52734;0.53711;0.54688;0.55664;0.56641;0.57617;0.58594;0.5957;0.60547;0.61523;0.625;0.63477;0.64453;0.6543;0.66406;0.67383;0.68359;0.69336;0.70313;0.71289;0.72266;0.73242;0.74219;0.75195;0.76172;0.77148;0.78125;0.79102,0.005968896;0.00964608;0.012778496;0.015314944;0.057708544;0.13782220799999997;0.10404044800000001;0.071319552;0.083745792;0.060691456000000005;0.062109696;0.046124032;0.029156352;0.017468416;0.015081472;0.016091136;0.01772032;0.010331136000000001;0.005206016;0.0037847040000000003;0.003182592;0.002111488;0.0027975680000000003;0.002184192;0.001731584;0.001639424;0.00158208;0.0015226880000000001;0.001079296;0.0012544;0.001185792;0.000896;0.001325056;0.001265664;0.000854016;0.0007423999999999999;0.000879616;0.0010936319999999998;0.000774144;0.000633856;0.0005099519999999999;0.000539648;0.000637952;0.000520192;0.000420864;0.0005754880000000001;0.000516096;0.000592896;0.000763904;0.000611328;0.000766976;0.0006021119999999999;0.00040448000000000003;0.0005683200000000001;0.000671744;0.000827392;0.000754688;0.000692224;0.0006696959999999999;0.0007393279999999999;0.001004544;0.0009461760000000001;0.000648192;0.000690176;0.0009727999999999999;0.0006789119999999999;0.0007925759999999999;0.00082432;0.000533504;0.0010516479999999999;0.0012748800000000002;0.0019824639999999998;0.00238592;0.0018636800000000002;0.001692672;0.001497088;0.001035264;0.0012994559999999998;0.001893376
1788816600,hdr,0.0293;0.03906;0.04883;0.05859;0.06836;0.07813;0.08789;0.09766;0.10742;0.11719;0.12695;0.13672;0.14648;0.15625;0.16602;0.17578;0.18555;0.19531;0.20508;0.21484;0.22461;0.23438;0.24414;0.25391;0.26367;0.27344;0.2832;0.29297;0.30273;0.3125;0.32227;0.33203;0.3418;0.35156;0.36133;0.37109;0.38086;0.39063;0.40039;0.41016;0.41992;0.42969;0.43945;0.44922;0.45898;0.46875;0.47852;0.48828;0.49805;0.50781;0.51758;0.52734;0.53711;0.54688;0.55664;0.56641;0.57617;0.58594;0.5957;0.60547;0.61523;0.625;0.63477;0.64453;0.6543;0.66406;0.67383;0.68359;0.69336;0.70313;0.71289;0.72266;0.73242;0.74219;0.75195;0.76172;0.77148;0.78125;0.79102,0.009401343999999999;0.020725760000000003;0.01957888;0.008873984;0.016703488000000002;0.055053312;0.04784128;0.07717888;0.074267648;0.053440511999999996;0.060994559999999996;0.048118784;0.021709824;0.013042688;0.010964992;0.009307136;0.010571776;0.009164799999999999;0.007213056;0.004813824;0.0034078719999999997;0.00361984;0.0035778560000000004;0.003245056;0.002115584;0.001158144;0.000841728;0.0011264;0.001113088;0.000910336;0.0008325120000000001;0.0010516479999999999;0.000992256;0.000882688;0.00149504;0.0013004800000000001;0.0011417600000000001;0.00128512;0.001036288;0.000955392;0.000553984;0.000635904;0.001014784;0.0012165119999999999;0.0012605440000000002;0.0017131520000000001;0.001247232;0.0011509760000000002;0.000882688;0.00115712;0.000903168;0.001362944;0.001248256;0.001513472;0.00199168;0.001345536;0.000995328;0.00133632;0.001451008;0.000770048;0.000891904;0.001536;0.0013783040000000001;0.000996352;0.0007843840000000001;0.0006932479999999999;0.000692224;0.000933888;0.0009400319999999999;0.0009216000000000001;0.00131072;0.000990208;0.001348608;0.0013690880000000003;0.0012288;0.0009738240000000001;0.0007925759999999999;0.001021952;0.0007249919999999999
1788817500,hdr,0.0293;0.03906;0.04883;0.05859;0.06836;0.07813;0.08789;0.09766;0.10742;0.11719;0.12695;0.13672;0.14648;0.15625;0.16602;0.17578;0.18555;0.19531;0.20508;0.21484;0.22461;0.23438;0.24414;0.25391;0.26367;0.27344;0.2832;0.29297;0.30273;0.3125;0.32227;0.33203;0.3418;0.35156;0.36133;0.37109;0.38086;0.39063;0.40039;0.41016;0.41992;0.42969;0.43945;0.44922;0.45898;0.46875;0.47852;0.48828;0.49805;0.50781;0.51758;0.52734;0.53711;0.54688;0.55664;0.56641;0.57617;0.58594;0.5957;0.60547;0.61523;0.625;0.63477;0.64453;0.6543;0.66406;0.67383;0.68359;0.69336;0.70313;0.71289;0.72266;0.73242;0.74219;0.75195;0.76172;0.77148;0.78125;0.79102,0.008858624000000002;0.008421376;0.00258048;0.003008512;0.012279808;0.041273344000000003;0.047182848;0.044588032;0.048262144;0.0707584;0.062969856;0.04051558399999999;0.013251583999999999;0.011738111999999998;0.009228288;0.01448448;0.012581888;0.008265728;0.006214656;0.004129792;0.002395136;0.002067456;0.00238592;0.001657856;0.0019046400000000002;0.001829888;0.001201152;0.00091136;0.000690176;0.00073216;0.0006830079999999999;0.001432576;0.0016138239999999998;0.001414144;0.0013783040000000001;0.001174528;0.001555456;0.0022097920000000004;0.0012871680000000002;0.001507328;0.0019230719999999998;0.001538048;0.002379776;0.00424448;0.0035522559999999997;0.0021944319999999996;0.003801088;0.006148096;0.006438912000000001;0.006117376;0.00690176;0.007993344;0.009260032000000001;0.007415808;0.004994048000000001;0.0049807359999999995;0.0037591039999999997;0.004637696;0.004889599999999999;0.003680256;0.003274752;0.0031027200000000002;0.00404992;0.002849792;0.003733504;0.003221504;0.002770944;0.002961408;0.003519488;0.0033024;0.0022425599999999998;0.002197504;0.002927616;0.003040256;0.002868224;0.0023572479999999997;0.002417664;0.001639424;0.0015165439999999999
1788818400,hdr,0.0293;0.03906;0.04883;0.05859;0.06836;0.07813;0.08789;0.09766;0.10742;0.11719;0.12695;0.13672;0.14648;0.15625;0.16602;0.17578;0.18555;0.19531;0.20508;0.21484;0.22461;0.23438;0.24414;0.25391;0.26367;0.27344;0.2832;0.29297;0.30273;0.3125;0.32227;0.33203;0.3418;0.35156;0.36133;0.37109;0.38086;0.39063;0.40039;0.41016;0.41992;0.42969;0.43945;0.44922;0.45898;0.46875;0.47852;0.48828;0.49805;0.50781;0.51758;0.52734;0.53711;0.54688;0.55664;0.56641;0.57617;0.58594;0.5957;0.60547;0.61523;0.625;0.63477;0.64453;0.6543;0.66406;0.67383;0.68359;0.69336;0.70313;0.71289;0.72266;0.73242;0.74219;0.75195;0.76172;0.77148;0.78125;0.79102,0.005296128000000001;0.009310207999999999;0.006211584;0.004033536;0.017125376;0.051828736;0.070674432;0.059675648;0.04963020800000001;0.05091737599999999;0.062206976;0.038906880000000005;0.0152576;0.009376768;0.007154688;0.006387711999999999;0.007865344;0.009406464;0.008318975999999999;0.003637248;0.002328576;0.002325504;0.0022855680000000004;0.002055168;0.001188864;0.001086464;0.0012400640000000001;0.000768;0.0005601279999999999;0.0005642239999999999;0.000760832;0.000800768;0.0008304639999999999;0.000759808;0.002046976;0.002497536;0.0008560640000000001;0.000579584;0.000521216;0.0006850560000000001;0.00111104;0.000909312;0.001349632;0.0014632959999999998;0.001185792;0.0013240320000000002;0.00159744;0.0028753920000000005;0.0030627840000000003;0.0028897280000000003;0.0029419520000000003;0.004889599999999999;0.005898240000000001;0.005390335999999999;0.0055080960000000005;0.00424448;0.004883456;0.00598016;0.004030464;0.0038871039999999997;0.004538368;0.0035235839999999997;0.0030228480000000003;0.002551808;0.0024381439999999997;0.001934336;0.00119808;0.0016220159999999998;0.00175104;0.001385472;0.001033216;0.0016138239999999998;0.00193536;0.001846272;0.001584128;0.002348032;0.002402304;0.002348032;0.002378752
1788819300,hdr,0.0293;0.03906;0.04883;0.05859;0.06836;0.07813;0.08789;0.09766;0.10742;0.11719;0.12695;0.13672;0.14648;0.15625;0.16602;0.17578;0.18555;0.19531;0.20508;0.21484;0.22461;0.23438;0.24414;0.25391;0.26367;0.27344;0.2832;0.29297;0.30273;0.3125;0.32227;0.33203;0.3418;0.35156;0.36133;0.37109;0.38086;0.39063;0.40039;0.41016;0.41992;0.42969;0.43945;0.44922;0.45898;0.46875;0.47852;0.48828;0.49805;0.50781;0.51758;0.52734;0.53711;0.54688;0.55664;0.56641;0.57617;0.58594;0.5957;0.60547;0.61523;0.625;0.63477;0.64453;0.6543;0.66406;0.67383;0.68359;0.69336;0.70313;0.71289;0.72266;0.73242;0.74219;0.75195;0.76172;0.77148;0.78125;0.79102,0.007414784;0.011249664;0.013539328;0.006713344;0.010288128;0.058349568;0.064320512;0.055763968000000004;0.041662464;0.033312768;0.035277824;0.02659328;0.016991232;0.010797056;0.007949312;0.009133056;0.00764928;0.0036505599999999997;0.003195904;0.0028764159999999997;0.003299328;0.003175424;0.0027105280000000002;0.003191808;0.002716672;0.00207872;0.0014151679999999999;0.0015226880000000001;0.001265664;0.00097792;0.0007249919999999999;0.000700416;0.0008488959999999999;0.001053696;0.0012707839999999998;0.0016384000000000001;0.0016220159999999998;0.001583104;0.0012400640000000001;0.0016936960000000002;0.001624064;0.001906688;0.001782784;0.002179072;0.001845248;0.002154496;0.001570816;0.0020992000000000003;0.002056192;0.00163328;0.0019210240000000001;0.001941504;0.0020797439999999997;0.0034078719999999997;0.00318464;0.003081216;0.00396288;0.003525632;0.006421504;0.005728256;0.004740096;0.0035788799999999996;0.002791424;0.002207744;0.003055616;0.0018155520000000002;0.002576384;0.002568192;0.002635776;0.0027105280000000002;0.001618944;0.001202176;0.001954816;0.0023511039999999997;0.001284096;0.001220608;0.001826816;0.0016138239999999998;0.001416192
1788820200,hdr,0.0293;0.03906;0.04883;0.05859;0.06836;0.07813;0.08789;0.09766;0.10742;0.11719;0.12695;0.13672;0.14648;0.15625;0.16602;0.17578;0.18555;0.19531;0.20508;0.21484;0.22461;0.23438;0.24414;0.25391;0.26367;0.27344;0.2832;0.29297;0.30273;0.3125;0.32227;0.33203;0.3418;0.35156;0.36133;0.37109;0.38086;0.39063;0.40039;0.41016;0.41992;0.42969;0.43945;0.44922;0.45898;0.46875;0.47852;0.48828;0.49805;0.50781;0.51758;0.52734;0.53711;0.54688;0.55664;0.56641;0.57617;0.58594;0.5957;0.60547;0.61523;0.625;0.63477;0.64453;0.6543;0.66406;0.67383;0.68359;0.69336;0.70313;0.71289;0.72266;0.73242;0.74219;0.75195;0.76172;0.77148;0.78125;0.79102,0.007609344;0.015222784000000001;0.015174656000000002;0.009535488000000002;0.021881855999999998;0.10086911999999999;0.10978816000000001;0.055341056000000007;0.054240256;0.065195008;0.057285631999999996;0.030306304;0.017801216;0.010398720000000002;0.008395776;0.006310912;0.006345728;0.004738048;0.00640512;0.0035850240000000005;0.0035860479999999997;0.002902016;0.002358272;0.00151552;0.000970752;0.0010803199999999998;0.0008151040000000001;0.002097152;0.0024299520000000004;0.0014243840000000001;0.0017530879999999999;0.001359872;0.00082944;0.001092608;0.0027842559999999997;0.0032819200000000002;0.001649664;0.001696768;0.002243584;0.001532928;0.003040256;0.004324352;0.0035717120000000003;0.003349504;0.00317952;0.002719744;0.0021985280000000004;0.002173952;0.003575808;0.0043929600000000004;0.0032471040000000002;0.002072576;0.002023424;0.003125248;0.005992448;0.005276672;0.002658304;0.003080192;0.004616192;0.0038492160000000004;0.003622912;0.004035584;0.004237312;0.002817024;0.003432448;0.003951616;0.002881536;0.00413184;0.002352128;0.0021411840000000004;0.0020951040000000004;0.00143872;0.0016445440000000002;0.001294336;0.0016609279999999999;0.001941504;0.001682432;0.001777664;0.0022466560000000005
1788821100,hdr,0.0293;0.03906;0.04883;0.05859;0.06836;0.07813;0.08789;0.09766;0.10742;0.11719;0.12695;0.13672;0.14648;0.15625;0.16602;0.17578;0.18555;0.19531;0.20508;0.21484;0.22461;0.23438;0.24414;0.25391;0.26367;0.27344;0.2832;0.29297;0.30273;0.3125;0.32227;0.33203;0.3418;0.35156;0.36133;0.37109;0.38086;0.39063;0.40039;0.41016;0.41992;0.42969;0.43945;0.44922;0.45898;0.46875;0.47852;0.48828;0.49805;0.50781;0.51758;0.52734;0.53711;0.54688;0.55664;0.56641;0.57617;0.58594;0.5957;0.60547;0.61523;0.625;0.63477;0.64453;0.6543;0.66406;0.67383;0.68359;0.69336;0.70313;0.71289;0.72266;0.73242;0.74219;0.75195;0.76172;0.77148;0.78125;0.79102,0.0030453760000000002;0.002468864;0.0034365439999999997;0.004377600000000001;0.00809984;0.066033664;0.084026368;0.06483148799999999;0.06564864;0.050325504;0.03056128;0.021362687999999998;0.0161024;0.01586176;0.009023488000000001;0.006150144000000001;0.00485888;0.00461312;0.005441536;0.005305344;0.005611519999999999;0.002486272;0.001856512;0.002373632;0.0016609279999999999;0.00105472;0.001384448;0.0016250880000000002;0.001212416;0.000884736;0.0008468480000000001;0.0007946240000000001;0.000723968;0.000964608;0.000658432;0.00047104000000000004;0.0009287680000000001;0.0010946560000000003;0.001837056;0.002291712;0.001938432;0.0012185600000000003;0.002015232;0.0020244480000000003;0.001572864;0.0022784000000000003;0.002706432;0.002980864;0.003216384;0.003856384;0.0030228480000000003;0.003521536;0.002386944;0.003013632;0.0032808959999999997;0.002156544;0.002034688;0.0030371839999999996;0.00300544;0.0027504639999999998;0.0028764159999999997;0.0019527680000000001;0.003099648;0.002562048;0.003382272;0.004442112;0.0031488;0.0030668799999999997;0.0029419520000000003;0.0023930880000000002;0.002034688;0.00198144;0.0018944;0.001984512;0.002588672;0.00125952;0.0008509440000000001;0.001451008;0.00183296
1788822000,hdr,0.0293;0.03906;0.04883;0.05859;0.06836;0.07813;0.08789;0.09766;0.10742;0.11719;0.12695;0.13672;0.14648;0.15625;0.16602;0.17578;0.18555;0.19531;0.20508;0.21484;0.22461;0.23438;0.24414;0.25391;0.26367;0.27344;0.2832;0.29297;0.30273;0.3125;0.32227;0.33203;0.3418;0.35156;0.36133;0.37109;0.38086;0.39063;0.40039;0.41016;0.41992;0.42969;0.43945;0.44922;0.45898;0.46875;0.47852;0.48828;0.49805;0.50781;0.51758;0.52734;0.53711;0.54688;0.55664;0.56641;0.57617;0.58594;0.5957;0.60547;0.61523;0.625;0.63477;0.64453;0.6543;0.66406;0.67383;0.68359;0.69336;0.70313;0.71289;0.72266;0.73242;0.74219;0.75195;0.76172;0.77148;0.78125;0.79102,0.00359936;0.004261888;0.003063808;0.003318784;0.021472256000000002;0.098060288;0.1417984;0.08926208000000001;0.051778559999999994;0.05137408;0.026308608;0.022924288;0.018677759999999998;0.012918783999999999;0.006283264;0.007397376;0.0072314879999999995;0.005977087999999999;0.0042383360000000005;0.00397312;0.005139456;0.00448;0.002761728;0.001496064;0.0008192000000000001;0.0009482239999999999;0.0014530559999999999;0.002497536;0.001957888;0.0012523519999999998;0.000610304;0.000398336;0.000719872;0.0010014719999999998;0.001021952;0.0008509440000000001;0.001145856;0.001155072;0.00100352;0.000715776;0.00080384;0.0011735040000000001;0.0013404159999999999;0.001362944;0.001359872;0.001102848;0.0017203200000000002;0.0017971200000000001;0.0019476480000000002;0.002588672;0.0021606399999999997;0.0019712;0.002197504;0.001800192;0.001711104;0.002356224;0.0027514880000000003;0.0022374400000000003;0.002354176;0.0021032959999999997;0.001538048;0.001168384;0.001221632;0.0018575360000000001;0.001845248;0.0020418560000000003;0.002089984;0.00195072;0.001705984;0.0017684480000000002;0.0015616000000000002;0.000939008;0.00084992;0.0012165119999999999;0.0016097280000000002;0.001380352;0.0011714560000000002;0.0009359360000000001;0.0007925759999999999
1788822900,hdr,0.0293;0.03906;0.04883;0.05859;0.06836;0.07813;0.08789;0.09766;0.10742;0.11719;0.12695;0.13672;0.14648;0.15625;0.16602;0.17578;0.18555;0.19531;0.20508;0.21484;0.22461;0.23438;0.24414;0.25391;0.26367;0.27344;0.2832;0.29297;0.30273;0.3125;0.32227;0.33203;0.3418;0.35156;0.36133;0.37109;0.38086;0.39063;0.40039;0.41016;0.41992;0.42969;0.43945;0.44922;0.45898;0.46875;0.47852;0.48828;0.49805;0.50781;0.51758;0.52734;0.53711;0.54688;0.55664;0.56641;0.57617;0.58594;0.5957;0.60547;0.61523;0.625;0.63477;0.64453;0.6543;0.66406;0.67383;0.68359;0.69336;0.70313;0.71289;0.72266;0.73242;0.74219;0.75195;0.76172;0.77148;0.78125;0.79102,0.0034027519999999998;0.006590464;0.004967424;0.002435072;0.010812416000000002;0.055604224;0.099058688;0.05887385600000001;0.021925887999999998;0.021682176;0.026900480000000004;0.027773952;0.021655551999999998;0.01101824;0.010994688;0.011197440000000001;0.008736768;0.005825536;0.00558592;0.004880384;0.001721344;0.001928192;0.0023930880000000002;0.0030033919999999997;0.00195072;0.000918528;0.00136704;0.0012912639999999999;0.0008765439999999999;0.00047923199999999995;0.00047923199999999995;0.00061952;0.0006154239999999999;0.0007393279999999999;0.000459776;0.000453632;0.000621568;0.0006963200000000001;0.0006041600000000001;0.0006021119999999999;0.000731136;0.000559104;0.0009021439999999999;0.0009564160000000001;0.0012052480000000001;0.0014028799999999998;0.0011366400000000002;0.00103936;0.001241088;0.00134144;0.0020500479999999996;0.002044928;0.0015769599999999999;0.001895424;0.00195584;0.002118656;0.0009768959999999999;0.001273856;0.00170496;0.001503232;0.001457152;0.00222208;0.001831936;0.002061312;0.00139776;0.000987136;0.0013260799999999999;0.0013568;0.000965632;0.000823296;0.0008355839999999999;0.0008744960000000001;0.001107968;0.0008765439999999999;0.001180672;0.001353728;0.000672768;0.000980992;0.0013148160000000001
1788823800,hdr,0.0293;0.03906;0.04883;0.05859;0.06836;0.07813;0.08789;0.09766;0.10742;0.11719;0.12695;0.13672;0.14648;0.15625;0.16602;0.17578;0.18555;0.19531;0.20508;0.21484;0.22461;0.23438;0.24414;0.25391;0.26367;0.27344;0.2832;0.29297;0.30273;0.3125;0.32227;0.33203;0.3418;0.35156;0.36133;0.37109;0.38086;0.39063;0.40039;0.41016;0.41992;0.42969;0.43945;0.44922;0.45898;0.46875;0.47852;0.48828;0.49805;0.50781;0.51758;0.52734;0.53711;0.54688;0.55664;0.56641;0.57617;0.58594;0.5957;0.60547;0.61523;0.625;0.63477;0.64453;0.6543;0.66406;0.67383;0.68359;0.69336;0.70313;0.71289;0.72266;0.73242;0.74219;0.75195;0.76172;0.77148;0.78125;0.79102,0.004108288;0.0075673599999999995;0.0077742079999999995;0.004625408;0.017918976000000003;0.046355455999999996;0.077933568;0.062854144;0.042201088;0.048125952;0.03517952;0.031133696;0.022454272;0.010641408;0.006889472;0.006667264;0.010018815999999998;0.006589439999999999;0.002551808;0.0021903359999999998;0.0019824639999999998;0.0017039359999999999;0.001292288;0.000964608;0.00092672;0.001924096;0.002200576;0.0017090559999999998;0.00136704;0.0008192000000000001;0.0007372800000000001;0.000565248;0.00042496;0.000510976;0.000561152;0.000744448;0.000785408;0.000601088;0.0006225919999999999;0.000559104;0.000861184;0.001033216;0.001028096;0.0009318400000000001;0.0008468480000000001;0.000664576;0.000637952;0.001084416;0.0014243840000000001;0.002310144;0.002403328;0.0017039359999999999;0.001714176;0.0013117439999999999;0.0020101119999999997;0.00165376;0.001325056;0.001294336;0.0011704320000000001;0.0012544;0.001426432;0.00096768;0.001666048;0.001507328;0.000932864;0.0006676480000000001;0.000889856;0.00062976;0.0007464960000000001;0.0006830079999999999;0.000694272;0.0008366080000000001;0.000694272;0.0005713920000000001;0.000664576;0.000601088;0.0005580800000000001;0.000512;0.00048639999999999995
1788824700,hdr,0.0293;0.03906;0.04883;0.05859;0.06836;0.07813;0.08789;0.09766;0.10742;0.11719;0.12695;0.13672;0.14648;0.15625;0.16602;0.17578;0.18555;0.19531;0.20508;0.21484;0.22461;0.23438;0.24414;0.25391;0.26367;0.27344;0.2832;0.29297;0.30273;0.3125;0.32227;0.33203;0.3418;0.35156;0.36133;0.37109;0.38086;0.39063;0.40039;0.41016;0.41992;0.42969;0.43945;0.44922;0.45898;0.46875;0.47852;0.48828;0.49805;0.50781;0.51758;0.52734;0.53711;0.54688;0.55664;0.56641;0.57617;0.58594;0.5957;0.60547;0.61523;0.625;0.63477;0.64453;0.6543;0.66406;0.67383;0.68359;0.69336;0.70313;0.71289;0.72266;0.73242;0.74219;0.75195;0.76172;0.77148;0.78125;0.79102,0.004204544;0.008718336000000002;0.005045248;0.00363008;0.014824448;0.058305536;0.08973312;0.056410112;0.029325312000000003;0.017605632000000003;0.04358451199999999;0.0445184;0.023334912;0.02093568;0.01214976;0.009641984000000001;0.009741312;0.00787968;0.0037427199999999997;0.002613248;0.0028129279999999997;0.0018216959999999998;0.001403904;0.001687552;0.0012544;0.000884736;0.0011448320000000001;0.001154048;0.000937984;0.00104448;0.001286144;0.001014784;0.000753664;0.000349184;0.000339968;0.0005324799999999999;0.00047820800000000004;0.000605184;0.00072704;0.0007075839999999999;0.00067584;0.0005877759999999999;0.0005980159999999999;0.000648192;0.000922624;0.000805888;0.0007976959999999999;0.0006574080000000001;0.000891904;0.0011407359999999998;0.000812032;0.000823296;0.0010496000000000001;0.001026048;0.0010803199999999998;0.001353728;0.001139712;0.0009256959999999999;0.000877568;0.001436672;0.001472512;0.0009461760000000001;0.000905216;0.0006819840000000001;0.0005703679999999999;0.000544768;0.000616448;0.000690176;0.000743424;0.000555008;0.000750592;0.000698368;0.00041676800000000003;0.0005099519999999999;0.000653312;0.0005632;0.000415744;0.00039219200000000003;0.000411648
