Epoch Time,Processing Source,f,varianceDensity
1789516800,hdr,0.0293;0.03906;0.04883;0.05859;0.06836;0.07813;0.08789;0.09766;0.10742;0.11719;0.12695;0.13672;0.14648;0.15625;0.16602;0.17578;0.18555;0.19531;0.20508;0.21484;0.22461;0.23438;0.24414;0.25391;0.26367;0.27344;0.2832;0.29297;0.30273;0.3125;0.32227;0.33203;0.3418;0.35156;0.36133;0.37109;0.38086;0.39063;0.40039;0.41016;0.41992;0.42969;0.43945;0.44922;0.45898;0.46875;0.47852;0.48828;0.49805;0.50781;0.51758;0.52734;0.53711;0.54688;0.55664;0.56641;0.57617;0.58594;0.5957;0.60547;0.61523;0.625;0.63477;0.64453;0.6543;0.66406;0.67383;0.68359;0.69336;0.70313;0.71289;0.72266;0.73242;0.74219;0.75195;0.76172;0.77148;0.78125;0.79102,0.007258112;0.011439104000000002;0.014000128;0.006872064000000001;0.00789504;0.008892416000000002;0.008520704;0.014119936;0.017557504;0.02054144;0.010733567999999999;0.009233408000000002;0.0098816;0.006619136;0.0073185279999999995;0.007852032;0.011387904;0.012955647999999998;0.010396672000000001;0.008537088000000002;0.004814848;0.004717568;0.0026009600000000003;0.002026496;0.0018964479999999998;0.002844672;0.002627584;0.002269184;0.002920448;0.0036239360000000003;0.0036843519999999997;0.00474112;0.0038860800000000005;0.0057047040000000005;0.005225472;0.0034048;0.002069504;0.001979392;0.002716672;0.004447232;0.003915776;0.0029378560000000004;0.00153088;0.001220608;0.000648192;0.0007884799999999999;0.001202176;0.001007616;0.000715776;0.0006891520000000001;0.0010250239999999998;0.0008222720000000001;0.001056768;0.000807936;0.000607232;0.000651264;0.0006604799999999999;0.0006952960000000001;0.000466944;0.000406528;0.00076288;0.000714752;0.0005406720000000001;0.000395264;0.00055296;0.0008212479999999999;0.0009543679999999999;0.0006676480000000001;0.00032870400000000003;0.00051712;0.00048742400000000003;0.0003584;0.000310272;0.000318464;0.00037888;0.0005724160000000001;0.000376832;0.00043724800000000005;0.000459776
1789517700,hdr,0.0293;0.03906;0.04883;0.05859;0.06836;0.07813;0.08789;0.09766;0.10742;0.11719;0.12695;0.13672;0.14648;0.15625;0.16602;0.17578;0.18555;0.19531;0.20508;0.21484;0.22461;0.23438;0.24414;0.25391;0.26367;0.27344;0.2832;0.29297;0.30273;0.3125;0.32227;0.33203;0.3418;0.35156;0.36133;0.37109;0.38086;0.39063;0.40039;0.41016;0.41992;0.42969;0.43945;0.44922;0.45898;0.46875;0.47852;0.48828;0.49805;0.50781;0.51758;0.52734;0.53711;0.54688;0.55664;0.56641;0.57617;0.58594;0.5957;0.60547;0.61523;0.625;0.63477;0.64453;0.6543;0.66406;0.67383;0.68359;0.69336;0.70313;0.71289;0.72266;0.73242;0.74219;0.75195;0.76172;0.77148;0.78125;0.79102,0.004273152;0.0065218559999999995;0.007360512;0.009294848;0.009274368;0.010021888000000001;0.010841088;0.008493055999999999;0.014521343999999999;0.017294336000000004;0.011839487999999999;0.009050112;0.010937344;0.008981504;0.010012672;0.008109056;0.009382911999999998;0.007422976;0.006970367999999999;0.004934656;0.004944896;0.0038993920000000002;0.0032256;0.0033617919999999997;0.003745792;0.0026808319999999997;0.001876992;0.002673664;0.003473408;0.004389888;0.0046848;0.004703232;0.0038062079999999997;0.0018176000000000002;0.002275328;0.002771968;0.0033341440000000003;0.0031139839999999998;0.002413568;0.0024391680000000002;0.001847296;0.001618944;0.001929216;0.0019537919999999998;0.000679936;0.000643072;0.000672768;0.0005898240000000001;0.0006737919999999999;0.000656384;0.0006000640000000001;0.000653312;0.000642048;0.0007137280000000001;0.000802816;0.0006963200000000001;0.0007116799999999999;0.000663552;0.000490496;0.000484352;0.000357376;0.000582656;0.0005560319999999999;0.00029081600000000006;0.000393216;0.00048639999999999995;0.000519168;0.0005754880000000001;0.000823296;0.00064;0.000382976;0.000524288;0.000521216;0.0004884479999999999;0.000321536;0.000468992;0.0005324799999999999;0.00047001599999999997;0.0005898240000000001
1789518600,hdr,0.0293;0.03906;0.04883;0.05859;0.06836;0.07813;0.08789;0.09766;0.10742;0.11719;0.12695;0.13672;0.14648;0.15625;0.16602;0.17578;0.18555;0.19531;0.20508;0.21484;0.22461;0.23438;0.24414;0.25391;0.26367;0.27344;0.2832;0.29297;0.30273;0.3125;0.32227;0.33203;0.3418;0.35156;0.36133;0.37109;0.38086;0.39063;0.40039;0.41016;0.41992;0.42969;0.43945;0.44922;0.45898;0.46875;0.47852;0.48828;0.49805;0.50781;0.51758;0.52734;0.53711;0.54688;0.55664;0.56641;0.57617;0.58594;0.5957;0.60547;0.61523;0.625;0.63477;0.64453;0.6543;0.66406;0.67383;0.68359;0.69336;0.70313;0.71289;0.72266;0.73242;0.74219;0.75195;0.76172;0.77148;0.78125;0.79102,0.009155584;0.0093184;0.013324287999999998;0.007432192;0.014227456;0.013492224;0.010718208;0.009972736;0.017508351999999998;0.021568511999999998;0.00931328;0.00495104;0.004339712;0.004412416;0.008046592;0.009335808000000001;0.0068106239999999995;0.007020544;0.009407488000000002;0.008706048;0.005549056;0.004722688;0.00690688;0.00507392;0.002417664;0.0031559680000000003;0.003944448;0.004877312;0.0048209920000000005;0.003756032;0.003265536;0.0028385280000000003;0.00369152;0.00330752;0.0031242239999999997;0.0031815679999999996;0.0022353919999999997;0.002291712;0.002117632;0.00088576;0.001241088;0.001026048;0.00101888;0.001129472;0.000996352;0.00074752;0.00074752;0.001038336;0.001153024;0.0007249919999999999;0.000494592;0.000704512;0.000557056;0.000380928;0.00055296;0.000449536;0.00047718399999999996;0.0006184960000000001;0.000499712;0.00068608;0.0006952960000000001;0.00041676800000000003;0.000382976;0.0006604799999999999;0.0005816320000000001;0.000406528;0.00041779199999999995;0.000262144;0.000350208;0.000510976;0.000528384;0.0006574080000000001;0.0006696959999999999;0.00041779199999999995;0.000441344;0.000387072;0.00036352;0.000390144;0.000497664
1789519500,hdr,0.0293;0.03906;0.04883;0.05859;0.06836;0.07813;0.08789;0.09766;0.10742;0.11719;0.12695;0.13672;0.14648;0.15625;0.16602;0.17578;0.18555;0.19531;0.20508;0.21484;0.22461;0.23438;0.24414;0.25391;0.26367;0.27344;0.2832;0.29297;0.30273;0.3125;0.32227;0.33203;0.3418;0.35156;0.36133;0.37109;0.38086;0.39063;0.40039;0.41016;0.41992;0.42969;0.43945;0.44922;0.45898;0.46875;0.47852;0.48828;0.49805;0.50781;0.51758;0.52734;0.53711;0.54688;0.55664;0.56641;0.57617;0.58594;0.5957;0.60547;0.61523;0.625;0.63477;0.64453;0.6543;0.66406;0.67383;0.68359;0.69336;0.70313;0.71289;0.72266;0.73242;0.74219;0.75195;0.76172;0.77148;0.78125;0.79102,0.01329664;0.032905216;0.021329920000000002;0.01182208;0.013945856;0.01530368;0.0075745280000000005;0.00507904;0.011927552;0.023262208000000003;0.014636031999999998;0.00482304;0.0039495680000000005;0.00419328;0.006237184;0.011485184;0.012069888;0.014609407999999999;0.014765055999999999;0.007921664;0.004747264;0.0070993919999999995;0.004726784;0.0031426559999999997;0.002371584;0.003254272;0.004967424;0.003649536;0.003939328;0.0041144319999999995;0.003718144;0.004230144;0.005426176;0.004199424;0.002778112;0.00185856;0.00230912;0.0025251839999999998;0.00216576;0.0013035520000000001;0.0019128320000000002;0.001779712;0.00119808;0.001030144;0.0006676480000000001;0.000882688;0.000840704;0.0008048640000000001;0.00059392;0.000740352;0.0006154239999999999;0.0005416959999999999;0.000451584;0.00033792;0.000344064;0.000567296;0.0005816320000000001;0.000427008;0.00046080000000000003;0.00046796800000000003;0.00030617599999999996;0.00029696;0.00029491200000000004;0.000244736;0.000191488;0.00029286400000000005;0.00040960000000000004;0.000461824;0.00027136;0.000178176;0.00023552000000000002;0.000233472;0.00014848;0.000275456;0.000284672;0.000318464;0.00036761599999999997;0.000274432;0.00020172799999999998
1789521300,hdr,0.0293;0.03906;0.04883;0.05859;0.06836;0.07813;0.08789;0.09766;0.10742;0.11719;0.12695;0.13672;0.14648;0.15625;0.16602;0.17578;0.18555;0.19531;0.20508;0.21484;0.22461;0.23438;0.24414;0.25391;0.26367;0.27344;0.2832;0.29297;0.30273;0.3125;0.32227;0.33203;0.3418;0.35156;0.36133;0.37109;0.38086;0.39063;0.40039;0.41016;0.41992;0.42969;0.43945;0.44922;0.45898;0.46875;0.47852;0.48828;0.49805;0.50781;0.51758;0.52734;0.53711;0.54688;0.55664;0.56641;0.57617;0.58594;0.5957;0.60547;0.61523;0.625;0.63477;0.64453;0.6543;0.66406;0.67383;0.68359;0.69336;0.70313;0.71289;0.72266;0.73242;0.74219;0.75195;0.76172;0.77148;0.78125;0.79102,0.013332479999999999;0.015199232;0.018044928;0.011877376;0.015649792;0.00752128;0.003933184;0.009177088;0.013130751999999999;0.021600256;0.016744447999999995;0.007118848;0.00526336;0.006763519999999999;0.010185728;0.012503040000000002;0.0077465599999999996;0.009812992;0.009590784;0.0075325439999999995;0.006603776;0.006680576;0.007311359999999999;0.004103168000000001;0.00381952;0.0038717440000000003;0.0036085759999999996;0.004388863999999999;0.004596736;0.004569088;0.004578304;0.004890624;0.003026944;0.0040345599999999995;0.0036474880000000004;0.002791424;0.0022353919999999997;0.00225792;0.001523712;0.0017203200000000002;0.0018841600000000002;0.001926144;0.001519616;0.001265664;0.0009256959999999999;0.0007249919999999999;0.0006656;0.000840704;0.0007280640000000001;0.00052736;0.00044646400000000004;0.0005416959999999999;0.000519168;0.00047104000000000004;0.000482304;0.00047820800000000004;0.00036761599999999997;0.000418816;0.000459776;0.00033894400000000004;0.000366592;0.000258048;0.00032256;0.00036249599999999997;0.000347136;0.000349184;0.00029081600000000006;0.00029593599999999995;0.000207872;0.000151552;0.00018944;0.000175104;0.000244736;0.00018124799999999998;0.00020889599999999997;0.000233472;0.00022528;0.00014335999999999998;0.00015872
1789522200,hdr,0.0293;0.03906;0.04883;0.05859;0.06836;0.07813;0.08789;0.09766;0.10742;0.11719;0.12695;0.13672;0.14648;0.15625;0.16602;0.17578;0.18555;0.19531;0.20508;0.21484;0.22461;0.23438;0.24414;0.25391;0.26367;0.27344;0.2832;0.29297;0.30273;0.3125;0.32227;0.33203;0.3418;0.35156;0.36133;0.37109;0.38086;0.39063;0.40039;0.41016;0.41992;0.42969;0.43945;0.44922;0.45898;0.46875;0.47852;0.48828;0.49805;0.50781;0.51758;0.52734;0.53711;0.54688;0.55664;0.56641;0.57617;0.58594;0.5957;0.60547;0.61523;0.625;0.63477;0.64453;0.6543;0.66406;0.67383;0.68359;0.69336;0.70313;0.71289;0.72266;0.73242;0.74219;0.75195;0.76172;0.77148;0.78125;0.79102,0.004281344;0.008035328;0.007553023999999999;0.011609088;0.011222016;0.005284863999999999;0.0019435519999999999;0.005510144;0.014323711999999999;0.020590592;0.011920384;0.00617984;0.007536640000000001;0.0073431040000000005;0.004852736;0.0069898239999999995;0.020513791999999996;0.021676031999999998;0.013011967999999999;0.012438528;0.009424896;0.004347904;0.003216384;0.003707904;0.004165632;0.004739072;0.002445312;0.002069504;0.0026347520000000006;0.002617344;0.003487744;0.005358592;0.006965247999999999;0.004672512;0.003654656;0.003299328;0.003065856;0.00195072;0.001521664;0.001475584;0.0012042239999999998;0.0010086399999999999;0.001092608;0.000941056;0.00117248;0.00077824;0.000894976;0.001040384;0.0006021119999999999;0.000525312;0.00041676800000000003;0.00032768;0.00042291200000000006;0.000393216;0.00040550399999999994;0.00036249599999999997;0.000386048;0.000484352;0.00035430400000000006;0.000172032;0.00033792;0.000390144;0.000442368;0.00036147200000000005;0.000267264;0.000200704;0.000183296;0.000205824;0.000191488;0.000190464;0.000217088;0.00017100799999999997;0.000180224;0.00010137599999999999;0.00015052799999999998;0.00018432000000000002;9.728e-05;0.000159744;0.000159744
1789523100,hdr,0.0293;0.03906;0.04883;0.05859;0.06836;0.07813;0.08789;0.09766;0.10742;0.11719;0.12695;0.13672;0.14648;0.15625;0.16602;0.17578;0.18555;0.19531;0.20508;0.21484;0.22461;0.23438;0.24414;0.25391;0.26367;0.27344;0.2832;0.29297;0.30273;0.3125;0.32227;0.33203;0.3418;0.35156;0.36133;0.37109;0.38086;0.39063;0.40039;0.41016;0.41992;0.42969;0.43945;0.44922;0.45898;0.46875;0.47852;0.48828;0.49805;0.50781;0.51758;0.52734;0.53711;0.54688;0.55664;0.56641;0.57617;0.58594;0.5957;0.60547;0.61523;0.625;0.63477;0.64453;0.6543;0.66406;0.67383;0.68359;0.69336;0.70313;0.71289;0.72266;0.73242;0.74219;0.75195;0.76172;0.77148;0.78125;0.79102,0.0098816;0.010543104;0.008662016;0.008107008;0.008941567999999999;0.007641088;0.004269055999999999;0.008193024;0.018855936;0.030468095999999997;0.017125376;0.008802304;0.0067235839999999995;0.007219199999999999;0.010498048000000001;0.010415104;0.012836864;0.0162816;0.022236160000000005;0.02138112;0.013630464;0.008640512;0.005360640000000001;0.004521984;0.0042536959999999995;0.00383488;0.002972672;0.0030668799999999997;0.0034365439999999997;0.003079168;0.0026449919999999997;0.004074496;0.00542208;0.003531776;0.003295232;0.002477056;0.0031334399999999995;0.002753536;0.0024166400000000003;0.001997824;0.0019517439999999998;0.00124928;0.000930816;0.0009297919999999999;0.0009984;0.0008304639999999999;0.000613376;0.0006041600000000001;0.0007372800000000001;0.000630784;0.000513024;0.00030105599999999996;0.00026623999999999994;0.000335872;0.00023552000000000002;0.00027340799999999994;0.00040345599999999995;0.00041984;0.000345088;0.00030003200000000004;0.00028569600000000005;0.00028569600000000005;0.00026112;0.00018739199999999998;0.000151552;0.00016384;0.00023859199999999998;0.000207872;0.00017408000000000001;0.000132096;0.000159744;0.00014540800000000003;0.000144384;0.00012288000000000002;0.000130048;0.000167936;0.00020889599999999997;0.00015564799999999998;0.000157696
1789524000,hdr,0.0293;0.03906;0.04883;0.05859;0.06836;0.07813;0.08789;0.09766;0.10742;0.11719;0.12695;0.13672;0.14648;0.15625;0.16602;0.17578;0.18555;0.19531;0.20508;0.21484;0.22461;0.23438;0.24414;0.25391;0.26367;0.27344;0.2832;0.29297;0.30273;0.3125;0.32227;0.33203;0.3418;0.35156;0.36133;0.37109;0.38086;0.39063;0.40039;0.41016;0.41992;0.42969;0.43945;0.44922;0.45898;0.46875;0.47852;0.48828;0.49805;0.50781;0.51758;0.52734;0.53711;0.54688;0.55664;0.56641;0.57617;0.58594;0.5957;0.60547;0.61523;0.625;0.63477;0.64453;0.6543;0.66406;0.67383;0.68359;0.69336;0.70313;0.71289;0.72266;0.73242;0.74219;0.75195;0.76172;0.77148;0.78125;0.79102,0.0014817279999999999;0.005394432;0.007748608000000001;0.00623616;0.010742784;0.008912896;0.0049080320000000005;0.006296576;0.013728768;0.012652544;0.007744512;0.007293952;0.0044953599999999995;0.005164032;0.0080128;0.007213056;0.012931072;0.024602624;0.017508351999999998;0.012464128000000001;0.0075264;0.00662016;0.005472255999999999;0.0028538879999999997;0.0030228480000000003;0.006597632;0.006588415999999999;0.004825088;0.005603328;0.003357696;0.0032133120000000003;0.00351744;0.004406272000000001;0.002476032;0.002612224;0.0021985280000000004;0.00188928;0.002638848;0.0021032959999999997;0.001695744;0.001129472;0.001395712;0.001227776;0.0008345599999999999;0.000653312;0.00077312;0.000871424;0.000919552;0.0007352319999999999;0.00046796800000000003;0.000449536;0.000310272;0.000321536;0.000395264;0.000513024;0.000482304;0.000365568;0.00036147200000000005;0.00023961599999999998;0.00026623999999999994;0.000268288;0.00017100799999999997;0.000159744;0.00020275199999999997;0.000165888;0.000141312;0.00024576000000000003;0.000329728;0.000275456;0.000176128;0.00015462400000000002;0.00013311999999999997;0.00010956799999999999;8.4992e-05;9.0112e-05;0.000160768;0.000116736;8.3968e-05;7.782399999999999e-05
1789524900,hdr,0.0293;0.03906;0.04883;0.05859;0.06836;0.07813;0.08789;0.09766;0.10742;0.11719;0.12695;0.13672;0.14648;0.15625;0.16602;0.17578;0.18555;0.19531;0.20508;0.21484;0.22461;0.23438;0.24414;0.25391;0.26367;0.27344;0.2832;0.29297;0.30273;0.3125;0.32227;0.33203;0.3418;0.35156;0.36133;0.37109;0.38086;0.39063;0.40039;0.41016;0.41992;0.42969;0.43945;0.44922;0.45898;0.46875;0.47852;0.48828;0.49805;0.50781;0.51758;0.52734;0.53711;0.54688;0.55664;0.56641;0.57617;0.58594;0.5957;0.60547;0.61523;0.625;0.63477;0.64453;0.6543;0.66406;0.67383;0.68359;0.69336;0.70313;0.71289;0.72266;0.73242;0.74219;0.75195;0.76172;0.77148;0.78125;0.79102,0.003296256;0.006495232;0.007872512;0.008503296;0.011249664;0.003997696;0.001890304;0.006197248000000001;0.011411456;0.021361664;0.015256576;0.00775168;0.005906432;0.004299776;0.003974144;0.00596992;0.01465344;0.021830656000000004;0.02195968;0.014752768;0.013961216;0.006788096;0.00498176;0.004364288000000001;0.0038000639999999997;0.00258048;0.003357696;0.0046745599999999995;0.00510976;0.005236736;0.003644416;0.003680256;0.00274432;0.00319488;0.004242432;0.003278848;0.002110464;0.001521664;0.001560576;0.0018278399999999998;0.001373184;0.0010752000000000001;0.001114112;0.0010127360000000002;0.00067584;0.0006123519999999999;0.000463872;0.0007055360000000001;0.0007464960000000001;0.000633856;0.00042803200000000007;0.00036864000000000005;0.000415744;0.00039423999999999997;0.000461824;0.000463872;0.000335872;0.00032768;0.00033894400000000004;0.000308224;0.000320512;0.00029183999999999997;0.000249856;0.000260096;0.00016691200000000002;9.4208e-05;0.000161792;0.000195584;0.000175104;0.000157696;0.000159744;0.000176128;0.00010240000000000001;6.144000000000001e-05;6.8608e-05;6.8608e-05;5.632e-05;8.192e-05;9.932800000000001e-05
1789525800,hdr,0.0293;0.03906;0.04883;0.05859;0.06836;0.07813;0.08789;0.09766;0.10742;0.11719;0.12695;0.13672;0.14648;0.15625;0.16602;0.17578;0.18555;0.19531;0.20508;0.21484;0.22461;0.23438;0.24414;0.25391;0.26367;0.27344;0.2832;0.29297;0.30273;0.3125;0.32227;0.33203;0.3418;0.35156;0.36133;0.37109;0.38086;0.39063;0.40039;0.41016;0.41992;0.42969;0.43945;0.44922;0.45898;0.46875;0.47852;0.48828;0.49805;0.50781;0.51758;0.52734;0.53711;0.54688;0.55664;0.56641;0.57617;0.58594;0.5957;0.60547;0.61523;0.625;0.63477;0.64453;0.6543;0.66406;0.67383;0.68359;0.69336;0.70313;0.71289;0.72266;0.73242;0.74219;0.75195;0.76172;0.77148;0.78125;0.79102,0.001631232;0.004251648;0.005129216000000001;0.002476032;0.004141056;0.0052572159999999995;0.0030525440000000004;0.0041267199999999995;0.008672256000000001;0.009456639999999999;0.010590208;0.006020096;0.002436096;0.004432896;0.008380416000000002;0.007723008;0.010134528;0.02340352;0.024425471999999997;0.014760960000000002;0.010161152;0.014413824;0.008172544;0.004327424;0.003088384;0.0032532480000000003;0.003477504;0.004545536;0.00564224;0.005213184;0.006622207999999999;0.004516864;0.0023807999999999998;0.0024330239999999998;0.003542016;0.003515392;0.0026695679999999998;0.001722368;0.001210368;0.0017807360000000002;0.00149504;0.000743424;0.001007616;0.00088576;0.000663552;0.0008345599999999999;0.0009400319999999999;0.000633856;0.000704512;0.0006082559999999999;0.000576512;0.00037888;0.00033894400000000004;0.00043827199999999997;0.000408576;0.00030003200000000004;0.000387072;0.000316416;0.000178176;0.00027033600000000004;0.00032768;0.000195584;0.00014745600000000002;0.000217088;0.000157696;0.00011980799999999999;9.8304e-05;0.000114688;0.00017408000000000001;0.000125952;9.8304e-05;9.4208e-05;9.4208e-05;7.372800000000001e-05;0.000100352;0.00011776000000000001;0.000105472;8.0896e-05;8.704000000000001e-05
1789526700,hdr,0.0293;0.03906;0.04883;0.05859;0.06836;0.07813;0.08789;0.09766;0.10742;0.11719;0.12695;0.13672;0.14648;0.15625;0.16602;0.17578;0.18555;0.19531;0.20508;0.21484;0.22461;0.23438;0.24414;0.25391;0.26367;0.27344;0.2832;0.29297;0.30273;0.3125;0.32227;0.33203;0.3418;0.35156;0.36133;0.37109;0.38086;0.39063;0.40039;0.41016;0.41992;0.42969;0.43945;0.44922;0.45898;0.46875;0.47852;0.48828;0.49805;0.50781;0.51758;0.52734;0.53711;0.54688;0.55664;0.56641;0.57617;0.58594;0.5957;0.60547;0.61523;0.625;0.63477;0.64453;0.6543;0.66406;0.67383;0.68359;0.69336;0.70313;0.71289;0.72266;0.73242;0.74219;0.75195;0.76172;0.77148;0.78125;0.79102,0.001439744;0.003206144;0.0038952960000000003;0.005121024;0.007300096;0.005216255999999999;0.001409024;0.00324096;0.009715712;0.010320896;0.010268672000000001;0.009257984;0.003914752;0.003985408;0.009556991999999999;0.009909247999999999;0.011231232;0.021740544;0.020908032;0.012780544000000001;0.009602048;0.00976384;0.009663488;0.005484544;0.003941376;0.003698688;0.0035645440000000002;0.003938304;0.00426496;0.007481344;0.005776384;0.0038297599999999998;0.004271104;0.004278272;0.0032583679999999998;0.00380416;0.003186688;0.0020254720000000004;0.001189888;0.001452032;0.001086464;0.00049664;0.00081408;0.0007352319999999999;0.000643072;0.00046489599999999996;0.000335872;0.0005478400000000001;0.000569344;0.0006041600000000001;0.00040755200000000004;0.0005468159999999999;0.0005734399999999999;0.000548864;0.000534528;0.00047923199999999995;0.00049664;0.000536576;0.000344064;0.000251904;0.000344064;0.00029388799999999996;0.000197632;0.000160768;0.000175104;0.000139264;8.3968e-05;7.782399999999999e-05;0.000105472;0.000128;0.000129024;0.000130048;0.00010137599999999999;4.9152e-05;6.655999999999999e-05;8.9088e-05;0.000110592;6.655999999999999e-05;4.9152e-05
1789527600,hdr,0.0293;0.03906;0.04883;0.05859;0.06836;0.07813;0.08789;0.09766;0.10742;0.11719;0.12695;0.13672;0.14648;0.15625;0.16602;0.17578;0.18555;0.19531;0.20508;0.21484;0.22461;0.23438;0.24414;0.25391;0.26367;0.27344;0.2832;0.29297;0.30273;0.3125;0.32227;0.33203;0.3418;0.35156;0.36133;0.37109;0.38086;0.39063;0.40039;0.41016;0.41992;0.42969;0.43945;0.44922;0.45898;0.46875;0.47852;0.48828;0.49805;0.50781;0.51758;0.52734;0.53711;0.54688;0.55664;0.56641;0.57617;0.58594;0.5957;0.60547;0.61523;0.625;0.63477;0.64453;0.6543;0.66406;0.67383;0.68359;0.69336;0.70313;0.71289;0.72266;0.73242;0.74219;0.75195;0.76172;0.77148;0.78125;0.79102,0.001635328;0.0025262080000000003;0.003408896;0.003980288;0.0065167359999999995;0.004348928;0.00290816;0.006201344;0.015529984;0.020494336;0.014682111999999999;0.008013824;0.003680256;0.002766848;0.004538368;0.010014720000000001;0.024015872000000004;0.016038912;0.011970560000000002;0.01571328;0.01259008;0.009264127999999998;0.005448704;0.0033720319999999996;0.003785728;0.0028846080000000003;0.00202752;0.003145728;0.005245952;0.004598784000000001;0.0063395840000000005;0.005927936;0.006137856;0.0051025919999999995;0.0030607359999999997;0.0025047039999999995;0.002420736;0.001358848;0.00131584;0.0010516479999999999;0.001139712;0.001446912;0.0014448640000000001;0.000790528;0.000638976;0.000630784;0.00047718399999999996;0.0006277120000000001;0.000613376;0.0006952960000000001;0.000594944;0.00040960000000000004;0.00029388799999999996;0.000339968;0.000288768;0.00031129599999999997;0.000320512;0.000329728;0.000244736;0.00015052799999999998;0.000234496;0.000241664;0.00018739199999999998;0.000207872;0.000218112;0.000191488;0.00014540800000000003;0.00017100799999999997;9.5232e-05;9.0112e-05;8.192e-05;5.9392e-05;7.8848e-05;0.00014335999999999998;0.00011264;0.000103424;5.222399999999999e-05;7.372800000000001e-05;7.782399999999999e-05
1789528500,hdr,0.0293;0.03906;0.04883;0.05859;0.06836;0.07813;0.08789;0.09766;0.10742;0.11719;0.12695;0.13672;0.14648;0.15625;0.16602;0.17578;0.18555;0.19531;0.20508;0.21484;0.22461;0.23438;0.24414;0.25391;0.26367;0.27344;0.2832;0.29297;0.30273;0.3125;0.32227;0.33203;0.3418;0.35156;0.36133;0.37109;0.38086;0.39063;0.40039;0.41016;0.41992;0.42969;0.43945;0.44922;0.45898;0.46875;0.47852;0.48828;0.49805;0.50781;0.51758;0.52734;0.53711;0.54688;0.55664;0.56641;0.57617;0.58594;0.5957;0.60547;0.61523;0.625;0.63477;0.64453;0.6543;0.66406;0.67383;0.68359;0.69336;0.70313;0.71289;0.72266;0.73242;0.74219;0.75195;0.76172;0.77148;0.78125;0.79102,1.6384e-05;0.00097792;0.004041728;0.004722688;0.006114304;0.0030033919999999997;0.0014858240000000002;0.00370688;0.011027456;0.01499648;0.012105728;0.0096;0.003332096;0.0029378560000000004;0.005787648;0.013739008;0.015067136;0.027829248;0.024444928;0.013275136;0.01319424;0.024823808;0.014415872;0.004456448;0.00336896;0.003811328;0.004921344;0.005606399999999999;0.006011904;0.005331967999999999;0.0049479680000000005;0.00474624;0.0039321600000000005;0.002944;0.0025497600000000003;0.002199552;0.0024381439999999997;0.001787904;0.001296384;0.000837632;0.0015144960000000002;0.001558528;0.00113152;0.0009297919999999999;0.0005724160000000001;0.0007946240000000001;0.0008110079999999999;0.000503808;0.000603136;0.0006502400000000001;0.000648192;0.000580608;0.0005888;0.0005089280000000001;0.000561152;0.000326656;0.000264192;0.000381952;0.000303104;0.00015052799999999998;0.00025088;0.00022528;0.000206848;0.00015052799999999998;0.000114688;0.000134144;0.00012390399999999998;0.00014335999999999998;9.932800000000001e-05;6.2464e-05;8.704000000000001e-05;7.475199999999999e-05;8.9088e-05;7.8848e-05;6.0416e-05;6.4512e-05;6.3488e-05;6.0416e-05;7.270400000000001e-05
1789529400,hdr,0.0293;0.03906;0.04883;0.05859;0.06836;0.07813;0.08789;0.09766;0.10742;0.11719;0.12695;0.13672;0.14648;0.15625;0.16602;0.17578;0.18555;0.19531;0.20508;0.21484;0.22461;0.23438;0.24414;0.25391;0.26367;0.27344;0.2832;0.29297;0.30273;0.3125;0.32227;0.33203;0.3418;0.35156;0.36133;0.37109;0.38086;0.39063;0.40039;0.41016;0.41992;0.42969;0.43945;0.44922;0.45898;0.46875;0.47852;0.48828;0.49805;0.50781;0.51758;0.52734;0.53711;0.54688;0.55664;0.56641;0.57617;0.58594;0.5957;0.60547;0.61523;0.625;0.63477;0.64453;0.6543;0.66406;0.67383;0.68359;0.69336;0.70313;0.71289;0.72266;0.73242;0.74219;0.75195;0.76172;0.77148;0.78125;0.79102,0.002077696;0.006161407999999999;0.005024768;0.004319232;0.0030228480000000003;0.00428032;0.004977664;0.006424576;0.010947584000000002;0.02041344;0.0204288;0.015204352;0.004227072;0.002500608;0.006074367999999999;0.010425344000000001;0.021016576000000002;0.022297599999999997;0.017419264;0.01415168;0.009250816;0.011671552;0.008641536;0.006508544;0.004325376000000001;0.004551680000000001;0.004549632;0.002423808;0.003798016;0.007335936;0.006654976;0.006601727999999999;0.005475328000000001;0.00390144;0.002787328;0.002269184;0.001890304;0.001521664;0.00200192;0.0011960319999999999;0.001217536;0.000915456;0.000841728;0.00059904;0.000590848;0.0005754880000000001;0.000461824;0.000400384;0.00028774400000000004;0.00042496;0.0005724160000000001;0.00035430400000000006;0.00029286400000000005;0.000263168;0.000356352;0.000325632;0.000272384;0.00024780799999999997;0.00018124799999999998;0.00016384;0.00019865600000000002;0.000188416;0.000172032;0.000167936;0.00014848;0.000172032;0.00016896;0.00013516800000000002;0.000137216;0.000105472;7.68e-05;8.2944e-05;9.113599999999999e-05;9.4208e-05;6.5536e-05;6.4512e-05;6.144000000000001e-05;4.1984e-05;4.4032e-05
1789530300,hdr,0.0293;0.03906;0.04883;0.05859;0.06836;0.07813;0.08789;0.09766;0.10742;0.11719;0.12695;0.13672;0.14648;0.15625;0.16602;0.17578;0.18555;0.19531;0.20508;0.21484;0.22461;0.23438;0.24414;0.25391;0.26367;0.27344;0.2832;0.29297;0.30273;0.3125;0.32227;0.33203;0.3418;0.35156;0.36133;0.37109;0.38086;0.39063;0.40039;0.41016;0.41992;0.42969;0.43945;0.44922;0.45898;0.46875;0.47852;0.48828;0.49805;0.50781;0.51758;0.52734;0.53711;0.54688;0.55664;0.56641;0.57617;0.58594;0.5957;0.60547;0.61523;0.625;0.63477;0.64453;0.6543;0.66406;0.67383;0.68359;0.69336;0.70313;0.71289;0.72266;0.73242;0.74219;0.75195;0.76172;0.77148;0.78125;0.79102,0.002880512;0.008980479999999999;0.01020928;0.007165952000000001;0.011295743999999998;0.002927616;0.001405952;0.009498624;0.014265344000000001;0.01912832;0.018015232;0.016400383999999997;0.0059391999999999995;0.005385215999999999;0.008700928;0.014210048000000001;0.019427327999999997;0.020215808000000002;0.0126208;0.018128896000000002;0.021778431999999997;0.01257472;0.00804352;0.005559295999999999;0.004189184;0.004414464;0.0029798399999999997;0.003406848;0.00291328;0.005004288;0.006074367999999999;0.005051392;0.004774911999999999;0.0029501439999999996;0.00331264;0.0033423359999999996;0.002692096;0.0013660159999999998;0.001439744;0.0010199039999999999;0.0007188480000000001;0.000986112;0.001431552;0.0008560640000000001;0.0009564160000000001;0.000955392;0.000881664;0.0007229440000000001;0.00072704;0.0006973439999999999;0.000594944;0.000590848;0.000406528;0.000393216;0.000315392;0.000310272;0.00026623999999999994;0.000224256;0.00023654400000000002;0.000224256;0.00022528;0.000205824;0.000224256;0.00015872;0.000164864;0.000134144;0.00018227199999999998;0.00017100799999999997;0.00013516800000000002;0.00014540800000000003;0.00014848;0.00017408000000000001;0.000137216;8.2944e-05;9.728e-05;7.475199999999999e-05;7.270400000000001e-05;6.8608e-05;7.372800000000001e-05
1789531200,hdr,0.0293;0.03906;0.04883;0.05859;0.06836;0.07813;0.08789;0.09766;0.10742;0.11719;0.12695;0.13672;0.14648;0.15625;0.16602;0.17578;0.18555;0.19531;0.20508;0.21484;0.22461;0.23438;0.24414;0.25391;0.26367;0.27344;0.2832;0.29297;0.30273;0.3125;0.32227;0.33203;0.3418;0.35156;0.36133;0.37109;0.38086;0.39063;0.40039;0.41016;0.41992;0.42969;0.43945;0.44922;0.45898;0.46875;0.47852;0.48828;0.49805;0.50781;0.51758;0.52734;0.53711;0.54688;0.55664;0.56641;0.57617;0.58594;0.5957;0.60547;0.61523;0.625;0.63477;0.64453;0.6543;0.66406;0.67383;0.68359;0.69336;0.70313;0.71289;0.72266;0.73242;0.74219;0.75195;0.76172;0.77148;0.78125;0.79102,0.00195072;0.0040642560000000005;0.006571008;0.008261632000000001;0.015362048;0.007957504;0.0022927360000000005;0.004335616;0.008469504000000001;0.016852992;0.029350912;0.020963328;0.006854656;0.0037898240000000002;0.004487168;0.010090496;0.015659008;0.022274047999999998;0.019862528;0.012955647999999998;0.015450112;0.018307072;0.015789056;0.008896511999999999;0.007124992;0.00513536;0.00413184;0.00482816;0.005185536;0.005088256;0.005286912;0.005807104;0.00493056;0.0049653760000000005;0.005031936;0.0033679359999999998;0.003088384;0.0023920639999999997;0.001304576;0.0015185919999999998;0.0011786239999999999;0.000743424;0.000763904;0.0007557120000000001;0.0007290879999999999;0.00057856;0.00035328;0.00030924800000000003;0.000393216;0.000744448;0.0007188480000000001;0.000475136;0.000381952;0.00039628799999999996;0.000485376;0.000347136;0.000259072;0.000330752;0.000282624;0.00036249599999999997;0.00020992;0.00019968;0.000237568;0.00018124799999999998;0.000136192;0.000173056;0.000161792;0.00014643200000000002;0.000167936;0.000132096;0.000116736;0.000191488;0.000118784;0.00010649599999999999;8.192e-05;7.5776e-05;8.8064e-05;0.000114688;6.9632e-05
1789532100,hdr,0.0293;0.03906;0.04883;0.05859;0.06836;0.07813;0.08789;0.09766;0.10742;0.11719;0.12695;0.13672;0.14648;0.15625;0.16602;0.17578;0.18555;0.19531;0.20508;0.21484;0.22461;0.23438;0.24414;0.25391;0.26367;0.27344;0.2832;0.29297;0.30273;0.3125;0.32227;0.33203;0.3418;0.35156;0.36133;0.37109;0.38086;0.39063;0.40039;0.41016;0.41992;0.42969;0.43945;0.44922;0.45898;0.46875;0.47852;0.48828;0.49805;0.50781;0.51758;0.52734;0.53711;0.54688;0.55664;0.56641;0.57617;0.58594;0.5957;0.60547;0.61523;0.625;0.63477;0.64453;0.6543;0.66406;0.67383;0.68359;0.69336;0.70313;0.71289;0.72266;0.73242;0.74219;0.75195;0.76172;0.77148;0.78125;0.79102,0.0032808959999999997;0.004025343999999999;0.006005760000000001;0.004608;0.00606208;0.0035696639999999997;0.006211584;0.009999359999999999;0.012288;0.015202304;0.025005056;0.020440063999999997;0.006856704;0.003223552;0.004877312;0.013252608;0.028687360000000002;0.029185023999999997;0.01773568;0.015525888000000002;0.021723135999999997;0.018052095999999997;0.012081152;0.005829632;0.004995072;0.004488192;0.0042434560000000005;0.003997696;0.0061829120000000005;0.006401023999999999;0.005814272;0.004845568000000001;0.005168128000000001;0.003469312;0.003610624;0.002783232;0.0018155520000000002;0.0017459199999999998;0.0016650240000000002;0.001626112;0.0015687680000000001;0.000840704;0.000555008;0.000720896;0.000899072;0.000764928;0.000907264;0.0005980159999999999;0.00048127999999999995;0.000452608;0.00037478399999999997;0.00039219200000000003;0.00046080000000000003;0.00036966399999999996;0.000429056;0.0003584;0.000280576;0.00034304;0.00032768;0.000224256;0.000222208;0.000126976;0.000216064;0.000195584;0.00016384;0.00015052799999999998;0.000136192;0.00010137599999999999;0.000103424;0.000100352;0.00010752000000000001;0.000134144;0.00010956799999999999;0.0001536;8.8064e-05;8.192e-05;0.00011776000000000001;7.5776e-05;8.0896e-05
1789533000,hdr,0.0293;0.03906;0.04883;0.05859;0.06836;0.07813;0.08789;0.09766;0.10742;0.11719;0.12695;0.13672;0.14648;0.15625;0.16602;0.17578;0.18555;0.19531;0.20508;0.21484;0.22461;0.23438;0.24414;0.25391;0.26367;0.27344;0.2832;0.29297;0.30273;0.3125;0.32227;0.33203;0.3418;0.35156;0.36133;0.37109;0.38086;0.39063;0.40039;0.41016;0.41992;0.42969;0.43945;0.44922;0.45898;0.46875;0.47852;0.48828;0.49805;0.50781;0.51758;0.52734;0.53711;0.54688;0.55664;0.56641;0.57617;0.58594;0.5957;0.60547;0.61523;0.625;0.63477;0.64453;0.6543;0.66406;0.67383;0.68359;0.69336;0.70313;0.71289;0.72266;0.73242;0.74219;0.75195;0.76172;0.77148;0.78125;0.79102,0.006206464000000001;0.010462208;0.007205888;0.006415359999999999;0.016386048;0.016739328;0.010256384;0.012641280000000001;0.018966528000000003;0.025449472;0.03879424000000001;0.038317056;0.017114111999999997;0.006479872;0.006363135999999999;0.012888064000000001;0.035227648;0.037399552;0.031510528;0.020799488;0.022226944;0.020537344000000003;0.014574592;0.011573248;0.00937472;0.0043878400000000005;0.0041267199999999995;0.005670912;0.006002688;0.00485376;0.004468736;0.004298752;0.005357567999999999;0.0044206079999999995;0.0022968320000000004;0.00209408;0.0019937279999999997;0.0016148479999999999;0.001078272;0.001349632;0.0017489920000000002;0.001429504;0.001250304;0.0009615359999999999;0.000534528;0.0006092800000000001;0.00062976;0.000620544;0.0007219199999999999;0.000561152;0.000613376;0.0005601279999999999;0.000643072;0.0006000640000000001;0.000447488;0.000387072;0.000415744;0.00043827199999999997;0.00029593599999999995;0.000186368;0.00024780799999999997;0.00026623999999999994;0.00020275199999999997;0.000188416;0.000195584;0.000193536;0.000132096;7.372800000000001e-05;0.000100352;0.00015052799999999998;0.0001536;0.00019456;0.000178176;9.216000000000001e-05;8.704000000000001e-05;0.00014540800000000003;0.00016691200000000002;0.000134144;7.475199999999999e-05
1789533900,hdr,0.0293;0.03906;0.04883;0.05859;0.06836;0.07813;0.08789;0.09766;0.10742;0.11719;0.12695;0.13672;0.14648;0.15625;0.16602;0.17578;0.18555;0.19531;0.20508;0.21484;0.22461;0.23438;0.24414;0.25391;0.26367;0.27344;0.2832;0.29297;0.30273;0.3125;0.32227;0.33203;0.3418;0.35156;0.36133;0.37109;0.38086;0.39063;0.40039;0.41016;0.41992;0.42969;0.43945;0.44922;0.45898;0.46875;0.47852;0.48828;0.49805;0.50781;0.51758;0.52734;0.53711;0.54688;0.55664;0.56641;0.57617;0.58594;0.5957;0.60547;0.61523;0.625;0.63477;0.64453;0.6543;0.66406;0.67383;0.68359;0.69336;0.70313;0.71289;0.72266;0.73242;0.74219;0.75195;0.76172;0.77148;0.78125;0.79102,0.0004884479999999999;0.00150528;0.0042014719999999995;0.006206464000000001;0.010000384;0.008304639999999999;0.00605696;0.009387008;0.012920832;0.014616576000000001;0.025624576;0.025413632000000002;0.016366592;0.009560064;0.007898112;0.010873856;0.021869568;0.042252288;0.043831296;0.042620928;0.042788863999999996;0.036172800000000005;0.019448832;0.017842175999999998;0.008992768;0.005694464;0.002571264;0.003070976;0.006018048000000001;0.00415744;0.0036864000000000003;0.0038266879999999995;0.003487744;0.004349952;0.006663168;0.00512;0.003014656;0.001652736;0.001865728;0.001854464;0.001811456;0.0013824;0.000930816;0.0009297919999999999;0.0008304639999999999;0.000490496;0.000654336;0.0006277120000000001;0.000514048;0.00047104000000000004;0.00049664;0.0008089600000000001;0.000679936;0.0005847039999999999;0.000652288;0.0004915200000000001;0.000280576;0.000229376;0.00037376;0.00030003200000000004;0.000180224;0.00014643200000000002;0.000248832;0.00021913599999999998;0.000180224;0.00011161600000000001;0.000134144;0.00014950399999999998;0.00013516800000000002;0.000190464;0.000218112;0.00015564799999999998;0.000131072;0.00011571199999999999;0.00014745600000000002;0.00018432000000000002;0.00014745600000000002;0.000178176;0.000152576
1789534800,hdr,0.0293;0.03906;0.04883;0.05859;0.06836;0.07813;0.08789;0.09766;0.10742;0.11719;0.12695;0.13672;0.14648;0.15625;0.16602;0.17578;0.18555;0.19531;0.20508;0.21484;0.22461;0.23438;0.24414;0.25391;0.26367;0.27344;0.2832;0.29297;0.30273;0.3125;0.32227;0.33203;0.3418;0.35156;0.36133;0.37109;0.38086;0.39063;0.40039;0.41016;0.41992;0.42969;0.43945;0.44922;0.45898;0.46875;0.47852;0.48828;0.49805;0.50781;0.51758;0.52734;0.53711;0.54688;0.55664;0.56641;0.57617;0.58594;0.5957;0.60547;0.61523;0.625;0.63477;0.64453;0.6543;0.66406;0.67383;0.68359;0.69336;0.70313;0.71289;0.72266;0.73242;0.74219;0.75195;0.76172;0.77148;0.78125;0.79102,0.004255744;0.0062054400000000004;0.001854464;0.004879360000000001;0.010350592;0.0061286399999999994;0.007868416;0.00790528;0.017261567999999998;0.021210111999999996;0.028623871999999998;0.035704832;0.019391488;0.009663488;0.005860352;0.006834176;0.014380032;0.028981248;0.050671616;0.042727424;0.029933568;0.016158719999999998;0.016287744;0.014626816;0.006255616;0.006131712;0.006557696;0.006839296;0.005417984;0.0038092800000000004;0.0041113600000000005;0.0036167680000000002;0.00387072;0.003892224;0.005384192;0.005552128;0.0041164800000000005;0.002992128;0.002171904;0.0014858240000000002;0.001041408;0.001580032;0.000873472;0.000715776;0.0007219199999999999;0.000738304;0.0006082559999999999;0.000531456;0.000750592;0.000982016;0.00091136;0.000643072;0.00045568;0.00036864000000000005;0.00045568;0.0005468159999999999;0.00043110399999999997;0.000289792;0.000330752;0.000411648;0.00036864000000000005;0.00030208000000000004;0.000256;0.000258048;0.000200704;0.000191488;0.000207872;0.000193536;0.00029491200000000004;0.000211968;0.000210944;0.00024371200000000001;0.00027340799999999994;0.00020992;0.00010752000000000001;0.00010240000000000001;0.00014848;0.000224256;0.00021401600000000003
1789535700,hdr,0.0293;0.03906;0.04883;0.05859;0.06836;0.07813;0.08789;0.09766;0.10742;0.11719;0.12695;0.13672;0.14648;0.15625;0.16602;0.17578;0.18555;0.19531;0.20508;0.21484;0.22461;0.23438;0.24414;0.25391;0.26367;0.27344;0.2832;0.29297;0.30273;0.3125;0.32227;0.33203;0.3418;0.35156;0.36133;0.37109;0.38086;0.39063;0.40039;0.41016;0.41992;0.42969;0.43945;0.44922;0.45898;0.46875;0.47852;0.48828;0.49805;0.50781;0.51758;0.52734;0.53711;0.54688;0.55664;0.56641;0.57617;0.58594;0.5957;0.60547;0.61523;0.625;0.63477;0.64453;0.6543;0.66406;0.67383;0.68359;0.69336;0.70313;0.71289;0.72266;0.73242;0.74219;0.75195;0.76172;0.77148;0.78125;0.79102,0.003786752;0.004506624000000001;0.006284288000000001;0.007826432;0.00712704;0.00725504;0.00729088;0.015726592;0.015256576;0.016892928;0.027425792;0.029594624;0.023073792000000003;0.011739136;0.003852288;0.01435136;0.033497087999999994;0.0616704;0.05760716800000001;0.048041983999999996;0.04767232;0.033013759999999996;0.018697216;0.010597376;0.007693312;0.009118719999999999;0.005925888;0.004870144;0.005282816000000001;0.005650432;0.0059514880000000004;0.005896192;0.005013504;0.005352448;0.004122624;0.003279872;0.0023470080000000003;0.0024924160000000003;0.00216576;0.002171904;0.002177024;0.001581056;0.001343488;0.001014784;0.000785408;0.000927744;0.0011417600000000001;0.0011151359999999999;0.0009287680000000001;0.000687104;0.000499712;0.000548864;0.00042803200000000007;0.000331776;0.00041779199999999995;0.000347136;0.00023142399999999999;0.00033484799999999995;0.000280576;0.00019968;0.00022528;0.000216064;0.00020172799999999998;0.000268288;0.000160768;0.000132096;0.00021504000000000003;0.000280576;0.00021913599999999998;0.000221184;0.00023552000000000002;0.00024063999999999997;0.00023654400000000002;0.000288768;0.00023961599999999998;0.000211968;0.00023552000000000002;0.000175104;0.00011776000000000001
1789536600,hdr,0.0293;0.03906;0.04883;0.05859;0.06836;0.07813;0.08789;0.09766;0.10742;0.11719;0.12695;0.13672;0.14648;0.15625;0.16602;0.17578;0.18555;0.19531;0.20508;0.21484;0.22461;0.23438;0.24414;0.25391;0.26367;0.27344;0.2832;0.29297;0.30273;0.3125;0.32227;0.33203;0.3418;0.35156;0.36133;0.37109;0.38086;0.39063;0.40039;0.41016;0.41992;0.42969;0.43945;0.44922;0.45898;0.46875;0.47852;0.48828;0.49805;0.50781;0.51758;0.52734;0.53711;0.54688;0.55664;0.56641;0.57617;0.58594;0.5957;0.60547;0.61523;0.625;0.63477;0.64453;0.6543;0.66406;0.67383;0.68359;0.69336;0.70313;0.71289;0.72266;0.73242;0.74219;0.75195;0.76172;0.77148;0.78125;0.79102,0.0008929280000000001;0.0037150720000000003;0.003182592;0.005843968;0.014149631999999999;0.009243648000000002;0.004256768;0.004197376;0.008815616;0.016408576;0.022768640000000003;0.017858560000000002;0.014995456;0.010359808;0.010473472;0.006896639999999999;0.019356672;0.041317376;0.053117952;0.06503936;0.038709248;0.022257663999999996;0.016437247999999998;0.008609792000000002;0.010166271999999999;0.007896064;0.006731776;0.005168128000000001;0.0048363519999999995;0.004557824;0.005019648;0.0063150079999999996;0.005902336;0.008166399999999999;0.008659967999999999;0.00582656;0.00373248;0.00249856;0.0028385280000000003;0.003311616;0.001956864;0.0020398079999999997;0.001225728;0.000809984;0.000635904;0.0006502400000000001;0.00092672;0.0012462080000000002;0.0005867520000000001;0.0005703679999999999;0.000745472;0.0006154239999999999;0.00037888;0.00035328;0.000663552;0.0005703679999999999;0.00020275199999999997;0.00033689599999999994;0.00032870400000000003;0.0001536;0.00023040000000000002;0.00039936;0.00027033600000000004;0.00023654400000000002;0.00020275199999999997;0.000241664;0.000278528;0.000190464;0.000159744;0.000160768;0.00020172799999999998;0.000241664;0.000211968;0.00023961599999999998;0.00020172799999999998;0.00013516800000000002;0.00010444799999999999;0.00011161600000000001;0.000125952
1789537500,hdr,0.0293;0.03906;0.04883;0.05859;0.06836;0.07813;0.08789;0.09766;0.10742;0.11719;0.12695;0.13672;0.14648;0.15625;0.16602;0.17578;0.18555;0.19531;0.20508;0.21484;0.22461;0.23438;0.24414;0.25391;0.26367;0.27344;0.2832;0.29297;0.30273;0.3125;0.32227;0.33203;0.3418;0.35156;0.36133;0.37109;0.38086;0.39063;0.40039;0.41016;0.41992;0.42969;0.43945;0.44922;0.45898;0.46875;0.47852;0.48828;0.49805;0.50781;0.51758;0.52734;0.53711;0.54688;0.55664;0.56641;0.57617;0.58594;0.5957;0.60547;0.61523;0.625;0.63477;0.64453;0.6543;0.66406;0.67383;0.68359;0.69336;0.70313;0.71289;0.72266;0.73242;0.74219;0.75195;0.76172;0.77148;0.78125;0.79102,0.0041144319999999995;0.0058122239999999995;0.003828736;0.0053043199999999995;0.004982784;0.00738304;0.005718016;0.008037376;0.020722688000000003;0.027768832;0.021605376;0.01518592;0.020497407999999998;0.018220032;0.009143296;0.007057407999999999;0.009445376;0.035772415999999994;0.064759808;0.059885568;0.041782271999999995;0.030424064;0.022550527999999997;0.014900224;0.011347967999999998;0.0041512960000000005;0.0024616959999999998;0.002569216;0.003828736;0.005101568;0.004969472;0.004581375999999999;0.005414912;0.004120576;0.004222976;0.005169152;0.003667968;0.002014208;0.00239104;0.0031016959999999997;0.002275328;0.002221056;0.0016936960000000002;0.0012728319999999998;0.001036288;0.0009605120000000001;0.0007106559999999999;0.000764928;0.000513024;0.000453632;0.0005376000000000001;0.0004986880000000001;0.000451584;0.000610304;0.0007557120000000001;0.000648192;0.00027648;0.00020992;0.00032768;0.000314368;0.00031744;0.000365568;0.00041984;0.00032256;0.000233472;0.000267264;0.00019968;0.00019456;0.000233472;0.000282624;0.000218112;0.000190464;0.000210944;0.00014848;0.00015462400000000002;0.00019865600000000002;0.000161792;0.00012288000000000002;0.00018534400000000002
1789538400,hdr,0.0293;0.03906;0.04883;0.05859;0.06836;0.07813;0.08789;0.09766;0.10742;0.11719;0.12695;0.13672;0.14648;0.15625;0.16602;0.17578;0.18555;0.19531;0.20508;0.21484;0.22461;0.23438;0.24414;0.25391;0.26367;0.27344;0.2832;0.29297;0.30273;0.3125;0.32227;0.33203;0.3418;0.35156;0.36133;0.37109;0.38086;0.39063;0.40039;0.41016;0.41992;0.42969;0.43945;0.44922;0.45898;0.46875;0.47852;0.48828;0.49805;0.50781;0.51758;0.52734;0.53711;0.54688;0.55664;0.56641;0.57617;0.58594;0.5957;0.60547;0.61523;0.625;0.63477;0.64453;0.6543;0.66406;0.67383;0.68359;0.69336;0.70313;0.71289;0.72266;0.73242;0.74219;0.75195;0.76172;0.77148;0.78125;0.79102,0.0020572159999999997;0.0032839680000000004;0.006406144;0.008672256000000001;0.013502464;0.007913472;0.005414912;0.007502848;0.010704896;0.016512;0.018960384;0.021175296;0.018580480000000003;0.01316352;0.007397376;0.007999488;0.016146432000000002;0.032643071999999995;0.042121216;0.041068544;0.04037632;0.038521856;0.019944448;0.01415168;0.010835968;0.009947136;0.0046694399999999995;0.0033740800000000002;0.003398656;0.002794496;0.003866624;0.004952064;0.004811776;0.003969024;0.00541696;0.004677631999999999;0.0036515840000000003;0.003890176;0.002855936;0.001990656;0.001296384;0.001000448;0.0011714560000000002;0.000912384;0.000787456;0.000569344;0.000791552;0.001022976;0.0006502400000000001;0.000807936;0.0005959680000000001;0.00047104000000000004;0.000590848;0.000451584;0.000380928;0.000466944;0.000315392;0.000357376;0.00035328;0.00024780799999999997;0.000366592;0.000357376;0.00020377600000000002;0.00032256;0.000258048;0.00024063999999999997;0.000161792;0.00014643200000000002;0.000169984;0.00022528;0.00020889599999999997;0.00018944;0.00020992;0.00021401600000000003;0.000139264;0.00010956799999999999;0.00010752000000000001;0.00014540800000000003;0.000237568
1789539300,hdr,0.0293;0.03906;0.04883;0.05859;0.06836;0.07813;0.08789;0.09766;0.10742;0.11719;0.12695;0.13672;0.14648;0.15625;0.16602;0.17578;0.18555;0.19531;0.20508;0.21484;0.22461;0.23438;0.24414;0.25391;0.26367;0.27344;0.2832;0.29297;0.30273;0.3125;0.32227;0.33203;0.3418;0.35156;0.36133;0.37109;0.38086;0.39063;0.40039;0.41016;0.41992;0.42969;0.43945;0.44922;0.45898;0.46875;0.47852;0.48828;0.49805;0.50781;0.51758;0.52734;0.53711;0.54688;0.55664;0.56641;0.57617;0.58594;0.5957;0.60547;0.61523;0.625;0.63477;0.64453;0.6543;0.66406;0.67383;0.68359;0.69336;0.70313;0.71289;0.72266;0.73242;0.74219;0.75195;0.76172;0.77148;0.78125;0.79102,0.0022394880000000004;0.003393536;0.003649536;0.002214912;0.002115584;0.0059740159999999995;0.009505791999999999;0.014536704;0.017216512000000003;0.021246975999999997;0.034694144;0.034860032;0.028225536;0.015855616;0.008200191999999999;0.008941567999999999;0.012745728;0.025323519999999995;0.023753727999999998;0.032591872;0.035643392;0.0282368;0.029740032;0.018171904000000003;0.008486912000000001;0.005982207999999999;0.005330944;0.004007936;0.004074496;0.0030914560000000002;0.003359744;0.004189184;0.0042885119999999995;0.0046919679999999995;0.0040867839999999996;0.0034867200000000004;0.004047872;0.004559872;0.003203072;0.0018636800000000002;0.0012032;0.0012113920000000002;0.001038336;0.0013342719999999998;0.001581056;0.0013568;0.000896;0.000702464;0.000731136;0.000623616;0.00032870400000000003;0.000429056;0.000531456;0.000375808;0.00047411199999999995;0.00048127999999999995;0.000494592;0.00039628799999999996;0.0004352;0.00045056;0.000436224;0.000466944;0.00040243200000000004;0.000264192;0.000234496;0.00023142399999999999;0.000227328;0.000314368;0.000262144;0.000124928;0.000190464;0.00023654400000000002;0.000226304;0.000165888;9.932800000000001e-05;9.4208e-05;0.000128;0.000128;6.8608e-05
1789540200,hdr,0.0293;0.03906;0.04883;0.05859;0.06836;0.07813;0.08789;0.09766;0.10742;0.11719;0.12695;0.13672;0.14648;0.15625;0.16602;0.17578;0.18555;0.19531;0.20508;0.21484;0.22461;0.23438;0.24414;0.25391;0.26367;0.27344;0.2832;0.29297;0.30273;0.3125;0.32227;0.33203;0.3418;0.35156;0.36133;0.37109;0.38086;0.39063;0.40039;0.41016;0.41992;0.42969;0.43945;0.44922;0.45898;0.46875;0.47852;0.48828;0.49805;0.50781;0.51758;0.52734;0.53711;0.54688;0.55664;0.56641;0.57617;0.58594;0.5957;0.60547;0.61523;0.625;0.63477;0.64453;0.6543;0.66406;0.67383;0.68359;0.69336;0.70313;0.71289;0.72266;0.73242;0.74219;0.75195;0.76172;0.77148;0.78125;0.79102,0.005400576;0.009222144;0.006111232;0.007788544;0.016611328;0.013332479999999999;0.003922944;0.006818816;0.016827392;0.024088576;0.023957504;0.019870719999999998;0.020139008;0.02163712;0.011622400000000001;0.00707584;0.013111296;0.040045568;0.055885824;0.041149439999999995;0.035651584;0.022692864;0.022585344;0.019765248;0.016673791999999996;0.00836096;0.004391936000000001;0.0031938559999999997;0.0033832960000000005;0.004160512;0.003866624;0.00542208;0.006191104;0.0038881280000000002;0.005768192;0.005677056000000001;0.00300032;0.0031160320000000004;0.003104768;0.002671616;0.0015892480000000001;0.0012042239999999998;0.001558528;0.0009594880000000001;0.001027072;0.001152;0.0011837439999999998;0.001024;0.000999424;0.000490496;0.00043008000000000006;0.000400384;0.000569344;0.000579584;0.00039423999999999997;0.000415744;0.00041984;0.000303104;0.000257024;0.00030208000000000004;0.00023040000000000002;0.000180224;0.00018739199999999998;0.000280576;0.00021913599999999998;0.000191488;0.000260096;0.000193536;0.000188416;0.000162816;0.000124928;0.000116736;0.000132096;0.000159744;0.000162816;0.00012390399999999998;0.000131072;0.000110592;9.3184e-05
1789541100,hdr,0.0293;0.03906;0.04883;0.05859;0.06836;0.07813;0.08789;0.09766;0.10742;0.11719;0.12695;0.13672;0.14648;0.15625;0.16602;0.17578;0.18555;0.19531;0.20508;0.21484;0.22461;0.23438;0.24414;0.25391;0.26367;0.27344;0.2832;0.29297;0.30273;0.3125;0.32227;0.33203;0.3418;0.35156;0.36133;0.37109;0.38086;0.39063;0.40039;0.41016;0.41992;0.42969;0.43945;0.44922;0.45898;0.46875;0.47852;0.48828;0.49805;0.50781;0.51758;0.52734;0.53711;0.54688;0.55664;0.56641;0.57617;0.58594;0.5957;0.60547;0.61523;0.625;0.63477;0.64453;0.6543;0.66406;0.67383;0.68359;0.69336;0.70313;0.71289;0.72266;0.73242;0.74219;0.75195;0.76172;0.77148;0.78125;0.79102,0.0065515519999999995;0.0072560640000000004;0.005296128000000001;0.0072560640000000004;0.006900736;0.00582144;0.006532096;0.009407488000000002;0.016873471999999997;0.026835968;0.034797568;0.036908032;0.014512128000000001;0.018229248;0.015760384;0.01151488;0.012013567999999999;0.02776576;0.031985664000000004;0.034697216;0.02672128;0.029357056;0.022669312;0.012639232;0.007596032;0.005599232;0.004192256;0.004487168;0.003678208;0.002729984;0.002501632;0.004366336;0.006360064;0.005153792000000001;0.0029501439999999996;0.004396032;0.003680256;0.002168832;0.0028088320000000003;0.0022640639999999997;0.002405376;0.002052096;0.001302528;0.000692224;0.000534528;0.000590848;0.000795648;0.0009594880000000001;0.000630784;0.000505856;0.000663552;0.000744448;0.0005560319999999999;0.000567296;0.000671744;0.000484352;0.000466944;0.000345088;0.000252928;0.00020992;0.00023244799999999998;0.000274432;0.000229376;0.00020172799999999998;0.000218112;0.00021401600000000003;0.000224256;0.00022528;0.00029491200000000004;0.00024780799999999997;0.00024780799999999997;0.00020480000000000002;0.00018944;0.000263168;0.00015872;9.6256e-05;9.216000000000001e-05;8.0896e-05;0.000126976
1789542000,hdr,0.0293;0.03906;0.04883;0.05859;0.06836;0.07813;0.08789;0.09766;0.10742;0.11719;0.12695;0.13672;0.14648;0.15625;0.16602;0.17578;0.18555;0.19531;0.20508;0.21484;0.22461;0.23438;0.24414;0.25391;0.26367;0.27344;0.2832;0.29297;0.30273;0.3125;0.32227;0.33203;0.3418;0.35156;0.36133;0.37109;0.38086;0.39063;0.40039;0.41016;0.41992;0.42969;0.43945;0.44922;0.45898;0.46875;0.47852;0.48828;0.49805;0.50781;0.51758;0.52734;0.53711;0.54688;0.55664;0.56641;0.57617;0.58594;0.5957;0.60547;0.61523;0.625;0.63477;0.64453;0.6543;0.66406;0.67383;0.68359;0.69336;0.70313;0.71289;0.72266;0.73242;0.74219;0.75195;0.76172;0.77148;0.78125;0.79102,0.002417664;0.007473152;0.010903552;0.013754367999999998;0.01430016;0.017491968;0.012069888;0.013078528;0.023529472;0.018229248;0.021121024;0.025281536;0.022800384000000003;0.022981632000000002;0.011789312;0.009094144;0.009783296;0.021650431999999997;0.037971967999999995;0.053039104;0.036043776;0.031576064;0.021719040000000002;0.012584960000000001;0.014425087999999999;0.009725952;0.005286912;0.0073011199999999995;0.005082112;0.004033536;0.003365888;0.003134464;0.002646016;0.0028897280000000003;0.003460096;0.002330624;0.0021534719999999996;0.001441792;0.001910784;0.002361344;0.001915904;0.001746944;0.0015964160000000002;0.001058816;0.0008765439999999999;0.00084992;0.0007229440000000001;0.000837632;0.0009359360000000001;0.000733184;0.000545792;0.000543744;0.000458752;0.00033382400000000003;0.00029491200000000004;0.000325632;0.000385024;0.000421888;0.00040448000000000003;0.00036454399999999996;0.00029081600000000006;0.00045056;0.00037888;0.00015872;0.000190464;0.000400384;0.000376832;0.000357376;0.00029696;0.000234496;0.00017408000000000001;0.00020172799999999998;0.00023040000000000002;0.0001536;0.000130048;0.000151552;0.000114688;0.000100352;0.000137216
1789542900,hdr,0.0293;0.03906;0.04883;0.05859;0.06836;0.07813;0.08789;0.09766;0.10742;0.11719;0.12695;0.13672;0.14648;0.15625;0.16602;0.17578;0.18555;0.19531;0.20508;0.21484;0.22461;0.23438;0.24414;0.25391;0.26367;0.27344;0.2832;0.29297;0.30273;0.3125;0.32227;0.33203;0.3418;0.35156;0.36133;0.37109;0.38086;0.39063;0.40039;0.41016;0.41992;0.42969;0.43945;0.44922;0.45898;0.46875;0.47852;0.48828;0.49805;0.50781;0.51758;0.52734;0.53711;0.54688;0.55664;0.56641;0.57617;0.58594;0.5957;0.60547;0.61523;0.625;0.63477;0.64453;0.6543;0.66406;0.67383;0.68359;0.69336;0.70313;0.71289;0.72266;0.73242;0.74219;0.75195;0.76172;0.77148;0.78125;0.79102,0.004573184;0.0067184639999999995;0.010110976;0.007671808;0.01381376;0.012073984;0.007732224;0.00962048;0.016521216000000002;0.020231168;0.027269120000000004;0.032165888000000004;0.036760576;0.025511936;0.014252032;0.011094016;0.012179456;0.023402496;0.036378624000000005;0.037830656;0.030868480000000004;0.025350144;0.010176512;0.007427072;0.010971136000000001;0.008326144;0.0077393919999999995;0.005471232;0.006160384;0.0057077759999999995;0.0035440640000000004;0.002651136;0.002661376;0.003805184;0.004545536;0.003187712;0.0021534719999999996;0.001734656;0.001649664;0.00128512;0.0014796800000000001;0.001439744;0.0013783040000000001;0.001404928;0.0009021439999999999;0.000576512;0.000768;0.0009574399999999999;0.000635904;0.00050688;0.00039423999999999997;0.000451584;0.000490496;0.0006021119999999999;0.000549888;0.0002816;0.00027340799999999994;0.000345088;0.000282624;0.00035942400000000006;0.000388096;0.000259072;0.00015052799999999998;0.00020275199999999997;0.000277504;0.00020377600000000002;0.000218112;0.000253952;0.000218112;0.00013516800000000002;0.000162816;0.000260096;0.00019968;0.000172032;0.00013311999999999997;0.000157696;0.000192512;0.000140288;0.000110592
1789543800,hdr,0.0293;0.03906;0.04883;0.05859;0.06836;0.07813;0.08789;0.09766;0.10742;0.11719;0.12695;0.13672;0.14648;0.15625;0.16602;0.17578;0.18555;0.19531;0.20508;0.21484;0.22461;0.23438;0.24414;0.25391;0.26367;0.27344;0.2832;0.29297;0.30273;0.3125;0.32227;0.33203;0.3418;0.35156;0.36133;0.37109;0.38086;0.39063;0.40039;0.41016;0.41992;0.42969;0.43945;0.44922;0.45898;0.46875;0.47852;0.48828;0.49805;0.50781;0.51758;0.52734;0.53711;0.54688;0.55664;0.56641;0.57617;0.58594;0.5957;0.60547;0.61523;0.625;0.63477;0.64453;0.6543;0.66406;0.67383;0.68359;0.69336;0.70313;0.71289;0.72266;0.73242;0.74219;0.75195;0.76172;0.77148;0.78125;0.79102,0.001942528;0.0040243200000000005;0.003861504;0.005158912;0.006750208;0.007856128;0.00729088;0.007459840000000001;0.013718527999999999;0.021355519999999996;0.027550719999999997;0.031761408;0.023571456;0.016195584000000002;0.019148800000000004;0.020673536;0.015102976;0.024080384;0.045418496;0.061734912;0.053792768000000005;0.035736576;0.02149376;0.013239296000000001;0.009649152;0.007370752;0.006159360000000001;0.0063774719999999995;0.005023743999999999;0.004636672;0.002673664;0.001743872;0.002820096;0.003452928;0.0029839359999999995;0.002878464;0.0022886399999999998;0.002550784;0.002760704;0.001744896;0.001088512;0.0007106559999999999;0.00076288;0.000772096;0.000536576;0.000420864;0.00059392;0.000676864;0.000637952;0.000915456;0.0007843840000000001;0.000457728;0.00034099200000000003;0.000448512;0.000375808;0.00036249599999999997;0.000350208;0.00041062399999999995;0.000319488;0.000197632;0.00015462400000000002;0.000151552;0.00029696;0.000277504;0.000178176;0.00020992;0.00023552000000000002;0.00020172799999999998;0.000229376;0.000216064;0.000197632;0.00017408000000000001;0.00021299199999999998;0.000280576;0.000162816;0.000160768;0.00016896;0.00017408000000000001;0.000126976
1789544700,hdr,0.0293;0.03906;0.04883;0.05859;0.06836;0.07813;0.08789;0.09766;0.10742;0.11719;0.12695;0.13672;0.14648;0.15625;0.16602;0.17578;0.18555;0.19531;0.20508;0.21484;0.22461;0.23438;0.24414;0.25391;0.26367;0.27344;0.2832;0.29297;0.30273;0.3125;0.32227;0.33203;0.3418;0.35156;0.36133;0.37109;0.38086;0.39063;0.40039;0.41016;0.41992;0.42969;0.43945;0.44922;0.45898;0.46875;0.47852;0.48828;0.49805;0.50781;0.51758;0.52734;0.53711;0.54688;0.55664;0.56641;0.57617;0.58594;0.5957;0.60547;0.61523;0.625;0.63477;0.64453;0.6543;0.66406;0.67383;0.68359;0.69336;0.70313;0.71289;0.72266;0.73242;0.74219;0.75195;0.76172;0.77148;0.78125;0.79102,0.001890304;0.000813056;0.003981312;0.0067553280000000005;0.007109632;0.005957632000000001;0.0049080320000000005;0.009321471999999999;0.014987263999999998;0.019540992;0.023882752;0.024900607999999998;0.01854976;0.017284096000000002;0.013850624;0.009294848;0.009595904;0.020343808;0.041352192;0.035546112;0.055812096;0.038777856;0.03280896;0.016334848000000003;0.008925184;0.007415808;0.006432768;0.00672256;0.006489088;0.005385215999999999;0.0040243200000000005;0.002599936;0.002816;0.0022394880000000004;0.002332672;0.002369536;0.0023552;0.0014561280000000001;0.001990656;0.00255488;0.001645568;0.0008837120000000001;0.001035264;0.0007106559999999999;0.000726016;0.0005816320000000001;0.000616448;0.0006656;0.0005744639999999999;0.0005580800000000001;0.00043110399999999997;0.0005847039999999999;0.0004986880000000001;0.0003584;0.000318464;0.000314368;0.00039219200000000003;0.00033484799999999995;0.00041984;0.000459776;0.000444416;0.000413696;0.000386048;0.00047308800000000003;0.000379904;0.00033792;0.00023654400000000002;0.00020480000000000002;0.000274432;0.000205824;0.00011161600000000001;0.00020172799999999998;0.000169984;0.00018534400000000002;0.000180224;0.000180224;0.000183296;0.000160768;0.00014540800000000003
1789545600,hdr,0.0293;0.03906;0.04883;0.05859;0.06836;0.07813;0.08789;0.09766;0.10742;0.11719;0.12695;0.13672;0.14648;0.15625;0.16602;0.17578;0.18555;0.19531;0.20508;0.21484;0.22461;0.23438;0.24414;0.25391;0.26367;0.27344;0.2832;0.29297;0.30273;0.3125;0.32227;0.33203;0.3418;0.35156;0.36133;0.37109;0.38086;0.39063;0.40039;0.41016;0.41992;0.42969;0.43945;0.44922;0.45898;0.46875;0.47852;0.48828;0.49805;0.50781;0.51758;0.52734;0.53711;0.54688;0.55664;0.56641;0.57617;0.58594;0.5957;0.60547;0.61523;0.625;0.63477;0.64453;0.6543;0.66406;0.67383;0.68359;0.69336;0.70313;0.71289;0.72266;0.73242;0.74219;0.75195;0.76172;0.77148;0.78125;0.79102,0.00374784;0.003339264;0.006030336;0.008378368;0.00927232;0.009644031999999999;0.010514431999999999;0.014493696;0.017757184;0.021374976;0.021497856;0.023774208;0.026696704;0.01404416;0.020170752;0.018682880000000002;0.012391424000000002;0.022380544000000002;0.035217408;0.027261952000000002;0.034813951999999995;0.027421696;0.015125504;0.010776576000000001;0.009221120000000001;0.012065791999999999;0.008949760000000001;0.005972991999999999;0.004263936;0.006080512;0.007494656;0.004982784;0.0030341120000000003;0.0035778560000000004;0.003144704;0.002494464;0.0037990400000000005;0.003067904;0.00215552;0.0016097280000000002;0.001353728;0.001089536;0.0011694079999999998;0.00075776;0.00039936;0.000432128;0.00067584;0.000565248;0.00044032;0.00055296;0.00040448000000000003;0.000318464;0.000308224;0.000288768;0.00040448000000000003;0.000360448;0.000191488;0.000228352;0.00030208000000000004;0.000234496;0.000196608;0.000248832;0.000314368;0.000427008;0.000375808;0.000248832;0.00014540800000000003;0.000130048;0.00016691200000000002;0.000190464;0.00011571199999999999;0.00013824;0.00018227199999999998;0.000152576;0.000142336;0.000130048;9.6256e-05;9.6256e-05;8.192e-05
1789546500,hdr,0.0293;0.03906;0.04883;0.05859;0.06836;0.07813;0.08789;0.09766;0.10742;0.11719;0.12695;0.13672;0.14648;0.15625;0.16602;0.17578;0.18555;0.19531;0.20508;0.21484;0.22461;0.23438;0.24414;0.25391;0.26367;0.27344;0.2832;0.29297;0.30273;0.3125;0.32227;0.33203;0.3418;0.35156;0.36133;0.37109;0.38086;0.39063;0.40039;0.41016;0.41992;0.42969;0.43945;0.44922;0.45898;0.46875;0.47852;0.48828;0.49805;0.50781;0.51758;0.52734;0.53711;0.54688;0.55664;0.56641;0.57617;0.58594;0.5957;0.60547;0.61523;0.625;0.63477;0.64453;0.6543;0.66406;0.67383;0.68359;0.69336;0.70313;0.71289;0.72266;0.73242;0.74219;0.75195;0.76172;0.77148;0.78125;0.79102,0.0024145919999999997;0.006340607999999999;0.006472704000000001;0.004830208;0.007636992;0.010210304;0.0119296;0.009266176;0.011672575999999999;0.016878592;0.015549440000000001;0.019048448;0.019765248;0.022326272;0.017220608000000002;0.013668352;0.013193216;0.018354176;0.014865408000000002;0.01677312;0.024711168000000002;0.019504128;0.018571264;0.017153023999999996;0.01272832;0.0104704;0.008209408;0.006004736;0.005033984;0.0035952639999999995;0.0036648960000000004;0.003411968;0.002111488;0.0018944;0.0019947520000000002;0.00204288;0.001969152;0.0024494079999999997;0.002440192;0.000953344;0.001328128;0.001426432;0.000980992;0.001147904;0.000688128;0.000320512;0.00039219200000000003;0.0005621760000000001;0.000565248;0.000513024;0.000526336;0.0006154239999999999;0.0006000640000000001;0.000314368;0.000330752;0.00029491200000000004;0.00037376;0.000475136;0.000512;0.000330752;0.000315392;0.00030105599999999996;0.000390144;0.000227328;0.000242688;0.00030003200000000004;0.000320512;0.00029388799999999996;0.00026521600000000003;0.00024063999999999997;0.000228352;0.00016384;0.000126976;0.000114688;0.00011264;9.932800000000001e-05;0.000132096;0.00014848;0.000110592
1789547400,hdr,0.0293;0.03906;0.04883;0.05859;0.06836;0.07813;0.08789;0.09766;0.10742;0.11719;0.12695;0.13672;0.14648;0.15625;0.16602;0.17578;0.18555;0.19531;0.20508;0.21484;0.22461;0.23438;0.24414;0.25391;0.26367;0.27344;0.2832;0.29297;0.30273;0.3125;0.32227;0.33203;0.3418;0.35156;0.36133;0.37109;0.38086;0.39063;0.40039;0.41016;0.41992;0.42969;0.43945;0.44922;0.45898;0.46875;0.47852;0.48828;0.49805;0.50781;0.51758;0.52734;0.53711;0.54688;0.55664;0.56641;0.57617;0.58594;0.5957;0.60547;0.61523;0.625;0.63477;0.64453;0.6543;0.66406;0.67383;0.68359;0.69336;0.70313;0.71289;0.72266;0.73242;0.74219;0.75195;0.76172;0.77148;0.78125;0.79102,0.00185344;0.004767744000000001;0.009211904;0.0139264;0.009977856;0.006525952;0.008093696;0.011758592;0.016657408;0.02537472;0.013967359999999998;0.029929472000000002;0.03153408;0.027240448;0.017699839999999998;0.014018560000000001;0.015618048;0.013661184000000002;0.024459263999999998;0.03159552;0.025402367999999998;0.018983936;0.015807487999999998;0.019959807999999996;0.015868928;0.009234432;0.007801855999999999;0.006370304;0.005311488;0.002967552;0.004635648;0.005568511999999999;0.003852288;0.002794496;0.003509248;0.0037724160000000002;0.0028753920000000005;0.001461248;0.002112512;0.002250752;0.0019251199999999998;0.00144896;0.000933888;0.0011796480000000002;0.000990208;0.000505856;0.000577536;0.00057856;0.0005478400000000001;0.000411648;0.00028569600000000005;0.000371712;0.00065536;0.0005089280000000001;0.000485376;0.000259072;0.000268288;0.00031232;0.000268288;0.000260096;0.000330752;0.00021504000000000003;0.00023244799999999998;0.00021504000000000003;0.000284672;0.00027033600000000004;0.000157696;0.00014335999999999998;0.000139264;0.000134144;0.00010649599999999999;8.0896e-05;7.5776e-05;0.000116736;0.000140288;0.00011264;9.3184e-05;0.00015052799999999998;0.000142336
1789548300,hdr,0.0293;0.03906;0.04883;0.05859;0.06836;0.07813;0.08789;0.09766;0.10742;0.11719;0.12695;0.13672;0.14648;0.15625;0.16602;0.17578;0.18555;0.19531;0.20508;0.21484;0.22461;0.23438;0.24414;0.25391;0.26367;0.27344;0.2832;0.29297;0.30273;0.3125;0.32227;0.33203;0.3418;0.35156;0.36133;0.37109;0.38086;0.39063;0.40039;0.41016;0.41992;0.42969;0.43945;0.44922;0.45898;0.46875;0.47852;0.48828;0.49805;0.50781;0.51758;0.52734;0.53711;0.54688;0.55664;0.56641;0.57617;0.58594;0.5957;0.60547;0.61523;0.625;0.63477;0.64453;0.6543;0.66406;0.67383;0.68359;0.69336;0.70313;0.71289;0.72266;0.73242;0.74219;0.75195;0.76172;0.77148;0.78125;0.79102,0.002055168;0.004334592;0.001472512;0.005594112;0.009878528;0.006028288;0.003309568;0.008617984;0.013017088;0.016525311999999997;0.01028608;0.014753792000000002;0.013301760000000001;0.011692032;0.010441727999999999;0.010758144;0.013500416;0.012305407999999999;0.021471232;0.033396735999999996;0.041995264;0.033528832;0.027010048000000002;0.017391616;0.011094016;0.009194496;0.011384832;0.007043072;0.004326399999999999;0.002619392;0.0027729919999999997;0.00271872;0.003364864;0.003443712;0.002673664;0.001974272;0.002081792;0.002274304;0.0020029439999999996;0.0012666880000000002;0.000750592;0.000719872;0.000603136;0.0006963200000000001;0.0006277120000000001;0.00050176;0.000346112;0.000499712;0.000557056;0.000421888;0.000631808;0.000420864;0.00037888;0.000375808;0.000275456;0.00023552000000000002;0.00021401600000000003;0.000183296;0.00021504000000000003;0.000233472;0.000326656;0.00044032;0.00029183999999999997;0.00020172799999999998;0.000305152;0.00023961599999999998;0.000103424;0.00015564799999999998;0.0002816;0.00014643200000000002;7.372800000000001e-05;0.00010137599999999999;0.000157696;0.000178176;0.000152576;0.00013311999999999997;0.00011161600000000001;0.000103424;7.68e-05
1789549200,hdr,0.0293;0.03906;0.04883;0.05859;0.06836;0.07813;0.08789;0.09766;0.10742;0.11719;0.12695;0.13672;0.14648;0.15625;0.16602;0.17578;0.18555;0.19531;0.20508;0.21484;0.22461;0.23438;0.24414;0.25391;0.26367;0.27344;0.2832;0.29297;0.30273;0.3125;0.32227;0.33203;0.3418;0.35156;0.36133;0.37109;0.38086;0.39063;0.40039;0.41016;0.41992;0.42969;0.43945;0.44922;0.45898;0.46875;0.47852;0.48828;0.49805;0.50781;0.51758;0.52734;0.53711;0.54688;0.55664;0.56641;0.57617;0.58594;0.5957;0.60547;0.61523;0.625;0.63477;0.64453;0.6543;0.66406;0.67383;0.68359;0.69336;0.70313;0.71289;0.72266;0.73242;0.74219;0.75195;0.76172;0.77148;0.78125;0.79102,0.0014274560000000001;0.001058816;0.004292608;0.0025384959999999995;0.005470208000000001;0.009038848;0.004359168000000001;0.008297472000000002;0.013858816;0.022414336;0.01900544;0.011384832;0.013159424;0.016799744;0.01640448;0.011395072000000001;0.011387904;0.019146752;0.020560896000000002;0.028650495999999998;0.035270656000000004;0.029035520000000002;0.015121408000000001;0.013446144;0.009739264000000001;0.00662528;0.007795712;0.007780352;0.009516031999999999;0.008368128;0.0038144;0.0025210880000000003;0.00290816;0.0025907200000000003;0.001574912;0.0018575360000000001;0.002131968;0.0014632959999999998;0.000817152;0.001193984;0.0008488959999999999;0.000827392;0.0007833599999999999;0.0007352319999999999;0.000620544;0.000628736;0.000513024;0.00045568;0.000357376;0.000384;0.00029286400000000005;0.000339968;0.00029696;0.00028671999999999997;0.00046080000000000003;0.000385024;0.00025497599999999997;0.00027340799999999994;0.00027136;0.000282624;0.000385024;0.000216064;0.000216064;0.00024576000000000003;0.00020275199999999997;0.000242688;0.00023859199999999998;0.000160768;0.000129024;0.000159744;0.000159744;0.000124928;9.0112e-05;0.000118784;0.00011161600000000001;0.00010956799999999999;0.000136192;0.00010956799999999999;9.728e-05
1789550100,hdr,0.0293;0.03906;0.04883;0.05859;0.06836;0.07813;0.08789;0.09766;0.10742;0.11719;0.12695;0.13672;0.14648;0.15625;0.16602;0.17578;0.18555;0.19531;0.20508;0.21484;0.22461;0.23438;0.24414;0.25391;0.26367;0.27344;0.2832;0.29297;0.30273;0.3125;0.32227;0.33203;0.3418;0.35156;0.36133;0.37109;0.38086;0.39063;0.40039;0.41016;0.41992;0.42969;0.43945;0.44922;0.45898;0.46875;0.47852;0.48828;0.49805;0.50781;0.51758;0.52734;0.53711;0.54688;0.55664;0.56641;0.57617;0.58594;0.5957;0.60547;0.61523;0.625;0.63477;0.64453;0.6543;0.66406;0.67383;0.68359;0.69336;0.70313;0.71289;0.72266;0.73242;0.74219;0.75195;0.76172;0.77148;0.78125;0.79102,0.001652736;0.006732800000000001;0.01101824;0.004984832000000001;0.01480704;0.016572416;0.008939520000000001;0.009438207999999998;0.019232768;0.018765823999999997;0.01745408;0.01780736;0.017846271999999996;0.010070016000000001;0.00628224;0.010117119999999999;0.012164096000000001;0.014445567999999999;0.017730560000000003;0.025290752;0.033144832;0.028708863999999997;0.030835712;0.01673216;0.013709312;0.01165824;0.00670208;0.0055951360000000006;0.005395456;0.0034959360000000003;0.002656256;0.0029573119999999997;0.0030853119999999998;0.002955264;0.0025088;0.0023408640000000002;0.0027566080000000002;0.001649664;0.00242176;0.002105344;0.001831936;0.001885184;0.000888832;0.000966656;0.001926144;0.001635328;0.002363392;0.002638848;0.001870848;0.000786432;0.000760832;0.00075776;0.00044032;0.00054272;0.00046592000000000004;0.000444416;0.000519168;0.00035532799999999997;0.000257024;0.000229376;0.00022016;0.000237568;0.00024576000000000003;0.000242688;0.00015052799999999998;6.9632e-05;0.00011264;0.0001792;0.00018124799999999998;0.00012185600000000001;0.000120832;0.000161792;0.00023040000000000002;0.000180224;0.000100352;7.475199999999999e-05;0.00010137599999999999;8.6016e-05;9.216000000000001e-05
1789551000,hdr,0.0293;0.03906;0.04883;0.05859;0.06836;0.07813;0.08789;0.09766;0.10742;0.11719;0.12695;0.13672;0.14648;0.15625;0.16602;0.17578;0.18555;0.19531;0.20508;0.21484;0.22461;0.23438;0.24414;0.25391;0.26367;0.27344;0.2832;0.29297;0.30273;0.3125;0.32227;0.33203;0.3418;0.35156;0.36133;0.37109;0.38086;0.39063;0.40039;0.41016;0.41992;0.42969;0.43945;0.44922;0.45898;0.46875;0.47852;0.48828;0.49805;0.50781;0.51758;0.52734;0.53711;0.54688;0.55664;0.56641;0.57617;0.58594;0.5957;0.60547;0.61523;0.625;0.63477;0.64453;0.6543;0.66406;0.67383;0.68359;0.69336;0.70313;0.71289;0.72266;0.73242;0.74219;0.75195;0.76172;0.77148;0.78125;0.79102,0.00075264;0.0030945279999999996;0.006418432;0.007064576;0.005342208;0.004233216;0.001147904;0.0029061119999999998;0.008471552000000002;0.009270272000000001;0.012778496;0.019765248;0.024691712;0.016080895999999997;0.014307328;0.018257919999999997;0.01195008;0.014076928;0.015537152;0.012598271999999999;0.02009088;0.028659712;0.024625151999999997;0.018494464;0.013309952;0.012316672;0.007993344;0.005936128;0.005168128000000001;0.005126144;0.004611072;0.003339264;0.002771968;0.002019328;0.0028129279999999997;0.001878016;0.0020121600000000003;0.001626112;0.001011712;0.00081408;0.000631808;0.000780288;0.00075776;0.000590848;0.000601088;0.000611328;0.000483328;0.00041984;0.000262144;0.000391168;0.000519168;0.0005918719999999999;0.000303104;0.000351232;0.00047104000000000004;0.000418816;0.000357376;0.000365568;0.00034304;0.00029593599999999995;0.00021913599999999998;0.00020992;0.00029183999999999997;0.00028774400000000004;0.000192512;0.00017408000000000001;0.0001792;0.000211968;0.000244736;0.000226304;0.00016691200000000002;0.00021913599999999998;0.00020172799999999998;0.000141312;0.00013516800000000002;0.000211968;0.000196608;0.00035328;0.00046080000000000003
1789551900,hdr,0.0293;0.03906;0.04883;0.05859;0.06836;0.07813;0.08789;0.09766;0.10742;0.11719;0.12695;0.13672;0.14648;0.15625;0.16602;0.17578;0.18555;0.19531;0.20508;0.21484;0.22461;0.23438;0.24414;0.25391;0.26367;0.27344;0.2832;0.29297;0.30273;0.3125;0.32227;0.33203;0.3418;0.35156;0.36133;0.37109;0.38086;0.39063;0.40039;0.41016;0.41992;0.42969;0.43945;0.44922;0.45898;0.46875;0.47852;0.48828;0.49805;0.50781;0.51758;0.52734;0.53711;0.54688;0.55664;0.56641;0.57617;0.58594;0.5957;0.60547;0.61523;0.625;0.63477;0.64453;0.6543;0.66406;0.67383;0.68359;0.69336;0.70313;0.71289;0.72266;0.73242;0.74219;0.75195;0.76172;0.77148;0.78125;0.79102,0.0064716800000000005;0.0091392;0.008210432;0.008933376;0.006948864000000001;0.0063150079999999996;0.006725632;0.009164799999999999;0.01522688;0.015252479999999999;0.015259648;0.016832512;0.018635776000000003;0.017105920000000004;0.010264576;0.014998528;0.010800128;0.012469247999999999;0.019934208000000002;0.021873664;0.019656704;0.02463232;0.026290176;0.016659456;0.008265728;0.008267776;0.007476224;0.004452352;0.005746688;0.003556352;0.002816;0.002424832;0.001736704;0.002183168;0.0027392;0.00165376;0.0011048960000000002;0.0012247039999999999;0.0012953600000000002;0.0010608640000000001;0.001086464;0.000796672;0.000730112;0.000490496;0.00034304;0.000590848;0.0009605120000000001;0.0006123519999999999;0.000421888;0.0004884479999999999;0.00046592000000000004;0.000490496;0.000512;0.000384;0.00033484799999999995;0.000400384;0.000365568;0.000308224;0.00027648;0.000418816;0.000447488;0.00029183999999999997;0.00035430400000000006;0.000319488;0.00020480000000000002;0.00016691200000000002;0.00020889599999999997;0.000375808;0.00046284799999999997;0.00036249599999999997;0.000356352;0.000345088;0.00029491200000000004;0.000278528;0.000524288;0.0005857280000000001;0.000545792;0.00039219200000000003;0.000533504
1789552800,hdr,0.0293;0.03906;0.04883;0.05859;0.06836;0.07813;0.08789;0.09766;0.10742;0.11719;0.12695;0.13672;0.14648;0.15625;0.16602;0.17578;0.18555;0.19531;0.20508;0.21484;0.22461;0.23438;0.24414;0.25391;0.26367;0.27344;0.2832;0.29297;0.30273;0.3125;0.32227;0.33203;0.3418;0.35156;0.36133;0.37109;0.38086;0.39063;0.40039;0.41016;0.41992;0.42969;0.43945;0.44922;0.45898;0.46875;0.47852;0.48828;0.49805;0.50781;0.51758;0.52734;0.53711;0.54688;0.55664;0.56641;0.57617;0.58594;0.5957;0.60547;0.61523;0.625;0.63477;0.64453;0.6543;0.66406;0.67383;0.68359;0.69336;0.70313;0.71289;0.72266;0.73242;0.74219;0.75195;0.76172;0.77148;0.78125;0.79102,0.01001984;0.014006271999999998;0.009249792;0.00699904;0.00547328;0.008507391999999999;0.004438016;0.009454592000000001;0.009704448;0.007271424;0.016158719999999998;0.017226752;0.016584704;0.02146304;0.024420352000000003;0.02009088;0.014972928;0.01069568;0.012876799999999999;0.020389888;0.030478335999999998;0.026865664;0.0228352;0.016512;0.013228032;0.010612736000000001;0.009069568000000002;0.00652288;0.00415744;0.0044974080000000005;0.002364416;0.00268288;0.002086912;0.0024166400000000003;0.00292352;0.002251776;0.001405952;0.001343488;0.000915456;0.000785408;0.00093696;0.0008366080000000001;0.000989184;0.0006041600000000001;0.00048742400000000003;0.0005918719999999999;0.000661504;0.0005744639999999999;0.000489472;0.00037888;0.000432128;0.00039731200000000003;0.000395264;0.00057856;0.0005007359999999999;0.00039936;0.000229376;0.000434176;0.000432128;0.000279552;0.000277504;0.00028774400000000004;0.000314368;0.000318464;0.000279552;0.00023552000000000002;0.000264192;0.00034099200000000003;0.000384;0.000268288;0.00023244799999999998;0.000248832;0.000197632;0.000221184;0.000217088;0.000344064;0.000200704;0.00012390399999999998;0.00021504000000000003
1789553700,hdr,0.0293;0.03906;0.04883;0.05859;0.06836;0.07813;0.08789;0.09766;0.10742;0.11719;0.12695;0.13672;0.14648;0.15625;0.16602;0.17578;0.18555;0.19531;0.20508;0.21484;0.22461;0.23438;0.24414;0.25391;0.26367;0.27344;0.2832;0.29297;0.30273;0.3125;0.32227;0.33203;0.3418;0.35156;0.36133;0.37109;0.38086;0.39063;0.40039;0.41016;0.41992;0.42969;0.43945;0.44922;0.45898;0.46875;0.47852;0.48828;0.49805;0.50781;0.51758;0.52734;0.53711;0.54688;0.55664;0.56641;0.57617;0.58594;0.5957;0.60547;0.61523;0.625;0.63477;0.64453;0.6543;0.66406;0.67383;0.68359;0.69336;0.70313;0.71289;0.72266;0.73242;0.74219;0.75195;0.76172;0.77148;0.78125;0.79102,0.011127808;0.011373568;0.007375872;0.00836608;0.012468224;0.008787967999999998;0.008138752;0.007069696000000001;0.010262528;0.010216448;0.008603647999999998;0.008809472;0.011576320000000001;0.015650816;0.018756608;0.017282047999999998;0.010851328000000002;0.010924032000000002;0.013438976;0.020236287999999998;0.021943295999999998;0.024182784000000002;0.01573888;0.012761088000000002;0.009003008;0.00653824;0.004610047999999999;0.006080512;0.006652928;0.00390144;0.001829888;0.0034908160000000003;0.003700736;0.0033208319999999997;0.0026419199999999994;0.001944576;0.002067456;0.0013148160000000001;0.0009021439999999999;0.001106944;0.0009543679999999999;0.0006082559999999999;0.0004986880000000001;0.0011714560000000002;0.0011468799999999999;0.000694272;0.00028569600000000005;0.000400384;0.0005959680000000001;0.0005724160000000001;0.000315392;0.000461824;0.00036864000000000005;0.000385024;0.00036966399999999996;0.00029081600000000006;0.000257024;0.000313344;0.00028671999999999997;0.000308224;0.00033792;0.00028569600000000005;0.000330752;0.00031232;0.000262144;0.000401408;0.000459776;0.0006737919999999999;0.000453632;0.00023654400000000002;0.000249856;0.0001792;0.00021401600000000003;0.00021299199999999998;0.000253952;0.00018432000000000002;0.000257024;0.00025088;0.00019456
1789554600,hdr,0.0293;0.03906;0.04883;0.05859;0.06836;0.07813;0.08789;0.09766;0.10742;0.11719;0.12695;0.13672;0.14648;0.15625;0.16602;0.17578;0.18555;0.19531;0.20508;0.21484;0.22461;0.23438;0.24414;0.25391;0.26367;0.27344;0.2832;0.29297;0.30273;0.3125;0.32227;0.33203;0.3418;0.35156;0.36133;0.37109;0.38086;0.39063;0.40039;0.41016;0.41992;0.42969;0.43945;0.44922;0.45898;0.46875;0.47852;0.48828;0.49805;0.50781;0.51758;0.52734;0.53711;0.54688;0.55664;0.56641;0.57617;0.58594;0.5957;0.60547;0.61523;0.625;0.63477;0.64453;0.6543;0.66406;0.67383;0.68359;0.69336;0.70313;0.71289;0.72266;0.73242;0.74219;0.75195;0.76172;0.77148;0.78125;0.79102,0.001687552;0.003265536;0.00363008;0.007706624;0.011073536;0.009035776;0.003423232;0.005669888;0.009906176;0.011213824;0.012711936;0.012289023999999999;0.012588031999999999;0.014248960000000001;0.021075968;0.021878784;0.01795584;0.012150784;0.010875904;0.018281472;0.028337151999999997;0.020746240000000003;0.012987392;0.01076224;0.007898112;0.006612992;0.006595584;0.003994624;0.004377600000000001;0.00383488;0.003305472;0.00317952;0.002543616;0.001770496;0.0020254720000000004;0.001639424;0.001243136;0.000908288;0.0006830079999999999;0.000700416;0.000779264;0.000415744;0.000497664;0.0004956159999999999;0.000390144;0.000350208;0.000458752;0.000534528;0.0005089280000000001;0.000372736;0.000277504;0.000321536;0.000320512;0.00029183999999999997;0.00043724800000000005;0.000289792;0.000244736;0.000360448;0.00029388799999999996;0.00020172799999999998;0.000216064;0.0002816;0.00025088;0.000216064;0.000190464;0.000193536;0.00025088;0.00017408000000000001;0.000136192;0.00017100799999999997;0.000183296;0.000132096;0.00014335999999999998;0.000136192;0.000134144;0.00011980799999999999;0.00012185600000000001;0.00015872;0.00023244799999999998
1789555500,hdr,0.0293;0.03906;0.04883;0.05859;0.06836;0.07813;0.08789;0.09766;0.10742;0.11719;0.12695;0.13672;0.14648;0.15625;0.16602;0.17578;0.18555;0.19531;0.20508;0.21484;0.22461;0.23438;0.24414;0.25391;0.26367;0.27344;0.2832;0.29297;0.30273;0.3125;0.32227;0.33203;0.3418;0.35156;0.36133;0.37109;0.38086;0.39063;0.40039;0.41016;0.41992;0.42969;0.43945;0.44922;0.45898;0.46875;0.47852;0.48828;0.49805;0.50781;0.51758;0.52734;0.53711;0.54688;0.55664;0.56641;0.57617;0.58594;0.5957;0.60547;0.61523;0.625;0.63477;0.64453;0.6543;0.66406;0.67383;0.68359;0.69336;0.70313;0.71289;0.72266;0.73242;0.74219;0.75195;0.76172;0.77148;0.78125;0.79102,0.002192384;0.003048448;0.006752256;0.006864896;0.006729728;0.009925632;0.005929984;0.009921536;0.017078272;0.015004671999999998;0.009904128;0.009028608;0.012443648;0.011596799999999999;0.009153536;0.008972288;0.01165312;0.011524096;0.010860544000000001;0.008716288;0.01535488;0.016234495999999998;0.012587008000000002;0.011092992;0.010927104;0.007164928;0.00610304;0.00362496;0.002610176;0.0032194560000000003;0.00292864;0.0029460479999999997;0.00181248;0.001866752;0.001641472;0.0013905920000000002;0.001042432;0.0010946560000000003;0.000872448;0.000989184;0.0008212479999999999;0.0005560319999999999;0.0007976959999999999;0.001073152;0.000924672;0.00057856;0.0006041600000000001;0.000630784;0.000551936;0.00042496;0.000610304;0.000646144;0.00033894400000000004;0.000382976;0.000326656;0.000349184;0.000623616;0.000444416;0.000379904;0.000544768;0.00083968;0.0009615359999999999;0.000592896;0.000191488;0.000139264;0.000188416;0.000195584;0.000207872;0.000278528;0.00028569600000000005;0.000222208;0.000167936;0.00014335999999999998;0.000136192;0.00029491200000000004;0.000279552;0.000162816;0.000114688;0.000165888
1789556400,hdr,0.0293;0.03906;0.04883;0.05859;0.06836;0.07813;0.08789;0.09766;0.10742;0.11719;0.12695;0.13672;0.14648;0.15625;0.16602;0.17578;0.18555;0.19531;0.20508;0.21484;0.22461;0.23438;0.24414;0.25391;0.26367;0.27344;0.2832;0.29297;0.30273;0.3125;0.32227;0.33203;0.3418;0.35156;0.36133;0.37109;0.38086;0.39063;0.40039;0.41016;0.41992;0.42969;0.43945;0.44922;0.45898;0.46875;0.47852;0.48828;0.49805;0.50781;0.51758;0.52734;0.53711;0.54688;0.55664;0.56641;0.57617;0.58594;0.5957;0.60547;0.61523;0.625;0.63477;0.64453;0.6543;0.66406;0.67383;0.68359;0.69336;0.70313;0.71289;0.72266;0.73242;0.74219;0.75195;0.76172;0.77148;0.78125;0.79102,0.00247296;0.007374848;0.006833152;0.008296448;0.016037888;0.008306688;0.005436416;0.0048711679999999995;0.004185088000000001;0.005924864;0.010725376;0.012337152;0.010085376;0.012894208;0.010257407999999999;0.011617279999999999;0.01632768;0.013382656000000001;0.013873152;0.019377151999999998;0.016467968;0.012761088000000002;0.01254912;0.008700928;0.007808;0.004260864;0.003339264;0.0041113600000000005;0.005767168;0.004585472000000001;0.0031703039999999997;0.002077696;0.00141312;0.0016168960000000003;0.00143872;0.001250304;0.001129472;0.000776192;0.000871424;0.001161216;0.000592896;0.0005754880000000001;0.000698368;0.000576512;0.00044646400000000004;0.000360448;0.000408576;0.00050688;0.000503808;0.000483328;0.000400384;0.000662528;0.000432128;0.000475136;0.00048127999999999995;0.00059904;0.00030617599999999996;0.000524288;0.000840704;0.0005324799999999999;0.00046592000000000004;0.00044544;0.00044032;0.000323584;0.000217088;0.00026112;0.000211968;0.00023142399999999999;0.00029696;0.0002816;0.000229376;0.000229376;0.000193536;0.000139264;0.00018124799999999998;0.00019456;0.00023244799999999998;0.00023142399999999999;0.00020992
1789557300,hdr,0.0293;0.03906;0.04883;0.05859;0.06836;0.07813;0.08789;0.09766;0.10742;0.11719;0.12695;0.13672;0.14648;0.15625;0.16602;0.17578;0.18555;0.19531;0.20508;0.21484;0.22461;0.23438;0.24414;0.25391;0.26367;0.27344;0.2832;0.29297;0.30273;0.3125;0.32227;0.33203;0.3418;0.35156;0.36133;0.37109;0.38086;0.39063;0.40039;0.41016;0.41992;0.42969;0.43945;0.44922;0.45898;0.46875;0.47852;0.48828;0.49805;0.50781;0.51758;0.52734;0.53711;0.54688;0.55664;0.56641;0.57617;0.58594;0.5957;0.60547;0.61523;0.625;0.63477;0.64453;0.6543;0.66406;0.67383;0.68359;0.69336;0.70313;0.71289;0.72266;0.73242;0.74219;0.75195;0.76172;0.77148;0.78125;0.79102,0.00408064;0.00542208;0.00461824;0.005791744;0.011845632;0.014925824;0.010721280000000001;0.008692736000000001;0.01339904;0.0126976;0.007144447999999999;0.006470656;0.013917184;0.015753216;0.013316096;0.013070336;0.0135936;0.016539648;0.014733312;0.010373120000000001;0.006564863999999999;0.010476543999999999;0.01178624;0.013759487999999999;0.010867712;0.006395903999999999;0.005315584000000001;0.00479232;0.00592896;0.005862399999999999;0.0027136;0.001754112;0.001460224;0.001007616;0.0013557760000000002;0.001538048;0.001082368;0.001559552;0.0010598399999999998;0.000764928;0.000502784;0.000641024;0.000692224;0.000672768;0.000648192;0.000484352;0.000687104;0.000702464;0.000692224;0.0007352319999999999;0.001055744;0.000898048;0.000688128;0.000818176;0.000932864;0.000666624;0.0012308479999999999;0.0015779840000000002;0.001251328;0.000852992;0.0005754880000000001;0.00036864000000000005;0.00029081600000000006;0.000274432;0.00029900799999999997;0.000160768;0.000152576;0.000152576;0.000144384;0.000152576;0.000193536;0.000156672;0.00012288000000000002;0.000130048;0.00014540800000000003;0.00019456;0.000205824;0.000124928;9.5232e-05
1789558200,hdr,0.0293;0.03906;0.04883;0.05859;0.06836;0.07813;0.08789;0.09766;0.10742;0.11719;0.12695;0.13672;0.14648;0.15625;0.16602;0.17578;0.18555;0.19531;0.20508;0.21484;0.22461;0.23438;0.24414;0.25391;0.26367;0.27344;0.2832;0.29297;0.30273;0.3125;0.32227;0.33203;0.3418;0.35156;0.36133;0.37109;0.38086;0.39063;0.40039;0.41016;0.41992;0.42969;0.43945;0.44922;0.45898;0.46875;0.47852;0.48828;0.49805;0.50781;0.51758;0.52734;0.53711;0.54688;0.55664;0.56641;0.57617;0.58594;0.5957;0.60547;0.61523;0.625;0.63477;0.64453;0.6543;0.66406;0.67383;0.68359;0.69336;0.70313;0.71289;0.72266;0.73242;0.74219;0.75195;0.76172;0.77148;0.78125;0.79102,0.006255616;0.0073656319999999996;0.01355264;0.015136768;0.012946431999999999;0.007711744;0.007938048;0.005331967999999999;0.007421952;0.015426559999999999;0.016945152;0.01932288;0.021466112;0.017489920000000003;0.011020288;0.01422848;0.011953152;0.012326912;0.011414528;0.012798976;0.019621888;0.026374144;0.017852416;0.014457856;0.005897216;0.006432768;0.004258816;0.00329728;0.004347904;0.004058112000000001;0.0021360640000000005;0.002060288;0.001507328;0.001683456;0.001501184;0.0012451839999999999;0.001031168;0.000521216;0.0008837120000000001;0.000561152;0.000613376;0.0006277120000000001;0.00040755200000000004;0.000485376;0.000385024;0.000277504;0.00033792;0.000356352;0.00037785600000000004;0.000365568;0.00030617599999999996;0.000282624;0.000531456;0.00037785600000000004;0.000515072;0.000945152;0.000787456;0.000499712;0.00036761599999999997;0.000457728;0.000507904;0.00029491200000000004;0.000251904;0.000237568;0.000305152;0.000325632;0.000256;0.00020275199999999997;0.00014848;0.000211968;0.00020377600000000002;0.000193536;0.00017408000000000001;7.372800000000001e-05;9.6256e-05;0.00011571199999999999;0.000164864;0.00022016;0.00028774400000000004
1789559100,hdr,0.0293;0.03906;0.04883;0.05859;0.06836;0.07813;0.08789;0.09766;0.10742;0.11719;0.12695;0.13672;0.14648;0.15625;0.16602;0.17578;0.18555;0.19531;0.20508;0.21484;0.22461;0.23438;0.24414;0.25391;0.26367;0.27344;0.2832;0.29297;0.30273;0.3125;0.32227;0.33203;0.3418;0.35156;0.36133;0.37109;0.38086;0.39063;0.40039;0.41016;0.41992;0.42969;0.43945;0.44922;0.45898;0.46875;0.47852;0.48828;0.49805;0.50781;0.51758;0.52734;0.53711;0.54688;0.55664;0.56641;0.57617;0.58594;0.5957;0.60547;0.61523;0.625;0.63477;0.64453;0.6543;0.66406;0.67383;0.68359;0.69336;0.70313;0.71289;0.72266;0.73242;0.74219;0.75195;0.76172;0.77148;0.78125;0.79102,0.004441088;0.009160704000000002;0.013624320000000002;0.010555392;0.017027072;0.012552191999999998;0.005219328;0.008733695999999999;0.008879103999999999;0.013478912;0.009607168;0.0049879040000000005;0.00896;0.020176896;0.02917888;0.017461248;0.014696448;0.010294271999999998;0.009800704;0.010496;0.011476991999999998;0.007810048;0.010605568;0.011399168;0.011287552;0.007730176;0.005710848;0.003612672;0.001882112;0.001590272;0.001734656;0.0021452800000000003;0.002069504;0.0008704;0.001007616;0.0009297919999999999;0.0008386559999999999;0.00075776;0.000676864;0.0006789119999999999;0.00048025600000000003;0.000318464;0.00037888;0.000413696;0.000535552;0.0005099519999999999;0.000459776;0.000411648;0.00043827199999999997;0.00034099200000000003;0.000315392;0.000335872;0.00024576000000000003;0.00024063999999999997;0.000288768;0.00026623999999999994;0.000242688;0.000217088;0.00024576000000000003;0.000253952;0.000257024;0.00032256;0.00035532799999999997;0.00029593599999999995;0.00030105599999999996;0.00034201599999999995;0.00024063999999999997;0.000192512;0.00023859199999999998;0.00037068800000000004;0.000386048;0.00017100799999999997;0.00034201599999999995;0.000366592;0.000492544;0.00031744;0.00041472;0.00067072;0.000526336
1789560000,hdr,0.0293;0.03906;0.04883;0.05859;0.06836;0.07813;0.08789;0.09766;0.10742;0.11719;0.12695;0.13672;0.14648;0.15625;0.16602;0.17578;0.18555;0.19531;0.20508;0.21484;0.22461;0.23438;0.24414;0.25391;0.26367;0.27344;0.2832;0.29297;0.30273;0.3125;0.32227;0.33203;0.3418;0.35156;0.36133;0.37109;0.38086;0.39063;0.40039;0.41016;0.41992;0.42969;0.43945;0.44922;0.45898;0.46875;0.47852;0.48828;0.49805;0.50781;0.51758;0.52734;0.53711;0.54688;0.55664;0.56641;0.57617;0.58594;0.5957;0.60547;0.61523;0.625;0.63477;0.64453;0.6543;0.66406;0.67383;0.68359;0.69336;0.70313;0.71289;0.72266;0.73242;0.74219;0.75195;0.76172;0.77148;0.78125;0.79102,0.002214912;0.005192703999999999;0.014286848000000001;0.01772032;0.019753984;0.009316352;0.003431424;0.00266752;0.0031068159999999997;0.007200768;0.006349824;0.006375424;0.006973440000000001;0.01271296;0.019442688000000003;0.016980992;0.014091264000000001;0.011311103999999999;0.011071488;0.01491456;0.016623615999999997;0.013597696;0.009100288;0.006732800000000001;0.006183936;0.00431104;0.006158336;0.005036031999999999;0.003680256;0.00263168;0.001654784;0.002748416;0.002952192;0.00205312;0.000909312;0.0009144320000000001;0.00121344;0.0009984;0.0006123519999999999;0.0006092800000000001;0.0005632;0.000475136;0.000366592;0.000222208;0.0003072;0.00047308800000000003;0.000324608;0.00030412799999999997;0.000360448;0.00029593599999999995;0.000492544;0.00041062399999999995;0.000221184;0.000351232;0.000384;0.000513024;0.00047001599999999997;0.00027648;0.000466944;0.000565248;0.0005416959999999999;0.000375808;0.000376832;0.000329728;0.0002816;0.00010444799999999999;0.000124928;0.000167936;0.000167936;0.00028569600000000005;0.00027340799999999994;0.0002816;0.000390144;0.000357376;0.000504832;0.000561152;0.0006021119999999999;0.000638976;0.000770048
1789560900,hdr,0.0293;0.03906;0.04883;0.05859;0.06836;0.07813;0.08789;0.09766;0.10742;0.11719;0.12695;0.13672;0.14648;0.15625;0.16602;0.17578;0.18555;0.19531;0.20508;0.21484;0.22461;0.23438;0.24414;0.25391;0.26367;0.27344;0.2832;0.29297;0.30273;0.3125;0.32227;0.33203;0.3418;0.35156;0.36133;0.37109;0.38086;0.39063;0.40039;0.41016;0.41992;0.42969;0.43945;0.44922;0.45898;0.46875;0.47852;0.48828;0.49805;0.50781;0.51758;0.52734;0.53711;0.54688;0.55664;0.56641;0.57617;0.58594;0.5957;0.60547;0.61523;0.625;0.63477;0.64453;0.6543;0.66406;0.67383;0.68359;0.69336;0.70313;0.71289;0.72266;0.73242;0.74219;0.75195;0.76172;0.77148;0.78125;0.79102,0.00597504;0.007817216;0.01272832;0.008532992;0.011295743999999998;0.011957248;0.006827008;0.005654528000000001;0.01312256;0.012215296;0.004670464;0.009061375999999998;0.011406336;0.010117119999999999;0.009821184000000002;0.014343168;0.021138432000000002;0.020326399999999998;0.015510528;0.0146944;0.013324287999999998;0.008339456;0.008751104;0.005233664;0.007043072;0.006705152;0.005147648;0.0047912960000000004;0.0035686399999999997;0.0037222400000000004;0.003559424;0.002040832;0.00131584;0.0017684480000000002;0.0013701120000000002;0.001222656;0.000873472;0.0007075839999999999;0.0004915200000000001;0.0006082559999999999;0.000852992;0.000694272;0.00057856;0.00040550399999999994;0.000528384;0.000694272;0.0005744639999999999;0.00040448000000000003;0.000390144;0.000544768;0.000613376;0.000513024;0.0005683200000000001;0.000516096;0.000715776;0.000763904;0.0007188480000000001;0.000504832;0.000283648;0.00033484799999999995;0.000550912;0.00103424;0.000990208;0.0005406720000000001;0.00040345599999999995;0.00031232;0.000515072;0.00046489599999999996;0.000543744;0.0007946240000000001;0.0006144;0.00037376;0.0004956159999999999;0.000385024;0.00023961599999999998;0.000386048;0.00024576000000000003;0.00037376;0.00039731200000000003
1789561800,hdr,0.0293;0.03906;0.04883;0.05859;0.06836;0.07813;0.08789;0.09766;0.10742;0.11719;0.12695;0.13672;0.14648;0.15625;0.16602;0.17578;0.18555;0.19531;0.20508;0.21484;0.22461;0.23438;0.24414;0.25391;0.26367;0.27344;0.2832;0.29297;0.30273;0.3125;0.32227;0.33203;0.3418;0.35156;0.36133;0.37109;0.38086;0.39063;0.40039;0.41016;0.41992;0.42969;0.43945;0.44922;0.45898;0.46875;0.47852;0.48828;0.49805;0.50781;0.51758;0.52734;0.53711;0.54688;0.55664;0.56641;0.57617;0.58594;0.5957;0.60547;0.61523;0.625;0.63477;0.64453;0.6543;0.66406;0.67383;0.68359;0.69336;0.70313;0.71289;0.72266;0.73242;0.74219;0.75195;0.76172;0.77148;0.78125;0.79102,0.0042905600000000006;0.006971392;0.004438016;0.008217599999999999;0.014251007999999999;0.014255104;0.008764416;0.008279040000000001;0.01473024;0.013416448000000001;0.0054016;0.008582144;0.012068864;0.011698176;0.013336576000000001;0.020161536;0.019371008;0.011329536;0.009609216;0.011687936;0.013431808000000002;0.011628544;0.009833472;0.00540672;0.004321279999999999;0.004967424;0.0051968;0.003325952;0.0021002239999999995;0.003620864;0.003263488;0.0022026240000000002;0.0019394560000000002;0.001620992;0.00234496;0.002207744;0.001741824;0.00180736;0.0017305600000000001;0.0008222720000000001;0.000411648;0.00036352;0.000698368;0.000625664;0.00042598399999999997;0.000643072;0.000607232;0.000580608;0.000818176;0.000569344;0.000436224;0.000738304;0.00072704;0.00047820800000000004;0.000401408;0.00029798400000000005;0.000349184;0.00030617599999999996;0.00027340799999999994;0.000263168;0.00024576000000000003;0.000248832;0.00024063999999999997;0.00029593599999999995;0.000321536;0.000224256;0.000222208;0.000137216;0.000162816;0.00015462400000000002;0.000206848;0.00018739199999999998;0.000161792;0.00014540800000000003;0.00013516800000000002;0.0001536;0.000108544;0.00015564799999999998;0.000190464
1789562700,hdr,0.0293;0.03906;0.04883;0.05859;0.06836;0.07813;0.08789;0.09766;0.10742;0.11719;0.12695;0.13672;0.14648;0.15625;0.16602;0.17578;0.18555;0.19531;0.20508;0.21484;0.22461;0.23438;0.24414;0.25391;0.26367;0.27344;0.2832;0.29297;0.30273;0.3125;0.32227;0.33203;0.3418;0.35156;0.36133;0.37109;0.38086;0.39063;0.40039;0.41016;0.41992;0.42969;0.43945;0.44922;0.45898;0.46875;0.47852;0.48828;0.49805;0.50781;0.51758;0.52734;0.53711;0.54688;0.55664;0.56641;0.57617;0.58594;0.5957;0.60547;0.61523;0.625;0.63477;0.64453;0.6543;0.66406;0.67383;0.68359;0.69336;0.70313;0.71289;0.72266;0.73242;0.74219;0.75195;0.76172;0.77148;0.78125;0.79102,0.010810368;0.013470719999999999;0.010075136;0.007919616;0.008349696;0.009291776;0.009886720000000002;0.010753024;0.010051584;0.012872704;0.011353087999999999;0.008072191999999999;0.014614528;0.01613312;0.012631040000000001;0.010051584;0.014315519999999998;0.022063104;0.019219456000000003;0.015357952;0.014482431999999998;0.016634879999999998;0.016873471999999997;0.00565248;0.003938304;0.004775936;0.00472576;0.002966528;0.00221184;0.0029870079999999998;0.0025292799999999996;0.0027269119999999997;0.0023807999999999998;0.001688576;0.0011735040000000001;0.000951296;0.000987136;0.001000448;0.000559104;0.00059904;0.000734208;0.000623616;0.00047001599999999997;0.00055296;0.000945152;0.0008663039999999999;0.0009727999999999999;0.000871424;0.000666624;0.00047001599999999997;0.000606208;0.00072704;0.0012318720000000002;0.0011673599999999999;0.000807936;0.000610304;0.000475136;0.00054272;0.000565248;0.00044339199999999997;0.000580608;0.00049664;0.00024063999999999997;0.000345088;0.000244736;0.000388096;0.00050176;0.000449536;0.000350208;0.000228352;0.000224256;0.00021401600000000003;0.00021504000000000003;0.000263168;0.000234496;0.000197632;0.000222208;0.00021299199999999998;0.000156672
1789564500,hdr,0.0293;0.03906;0.04883;0.05859;0.06836;0.07813;0.08789;0.09766;0.10742;0.11719;0.12695;0.13672;0.14648;0.15625;0.16602;0.17578;0.18555;0.19531;0.20508;0.21484;0.22461;0.23438;0.24414;0.25391;0.26367;0.27344;0.2832;0.29297;0.30273;0.3125;0.32227;0.33203;0.3418;0.35156;0.36133;0.37109;0.38086;0.39063;0.40039;0.41016;0.41992;0.42969;0.43945;0.44922;0.45898;0.46875;0.47852;0.48828;0.49805;0.50781;0.51758;0.52734;0.53711;0.54688;0.55664;0.56641;0.57617;0.58594;0.5957;0.60547;0.61523;0.625;0.63477;0.64453;0.6543;0.66406;0.67383;0.68359;0.69336;0.70313;0.71289;0.72266;0.73242;0.74219;0.75195;0.76172;0.77148;0.78125;0.79102,0.0044206079999999995;0.005866496;0.010683392;0.016166912;0.027417599999999997;0.0170496;0.008928255999999999;0.006858752;0.007177215999999999;0.011397119999999998;0.00827392;0.007908352;0.009488384;0.009682944;0.012224512;0.01637888;0.015342592;0.020957184;0.018835456;0.021709824;0.019454976;0.009651199999999999;0.007550976000000001;0.008119296;0.005864448;0.004282368000000001;0.003371008;0.003050496;0.0042065919999999994;0.0036720640000000005;0.0028047360000000004;0.002432;0.0019517439999999998;0.001395712;0.0011264;0.0008222720000000001;0.0008222720000000001;0.000653312;0.000539648;0.0005406720000000001;0.0005980159999999999;0.00062464;0.0005734399999999999;0.000401408;0.000594944;0.000643072;0.0006850560000000001;0.000439296;0.000325632;0.000318464;0.000283648;0.000237568;0.000161792;0.00016896;0.00035532799999999997;0.00036249599999999997;0.000234496;0.000227328;0.00023552000000000002;0.00023244799999999998;0.000188416;0.000131072;0.00016896;0.00021913599999999998;0.000129024;0.000136192;0.000156672;0.000141312;0.000137216;0.000151552;0.000129024;0.000140288;0.000113664;0.00013824;0.00014335999999999998;0.00014745600000000002;0.000248832;0.000351232;0.000459776
1789565400,hdr,0.0293;0.03906;0.04883;0.05859;0.06836;0.07813;0.08789;0.09766;0.10742;0.11719;0.12695;0.13672;0.14648;0.15625;0.16602;0.17578;0.18555;0.19531;0.20508;0.21484;0.22461;0.23438;0.24414;0.25391;0.26367;0.27344;0.2832;0.29297;0.30273;0.3125;0.32227;0.33203;0.3418;0.35156;0.36133;0.37109;0.38086;0.39063;0.40039;0.41016;0.41992;0.42969;0.43945;0.44922;0.45898;0.46875;0.47852;0.48828;0.49805;0.50781;0.51758;0.52734;0.53711;0.54688;0.55664;0.56641;0.57617;0.58594;0.5957;0.60547;0.61523;0.625;0.63477;0.64453;0.6543;0.66406;0.67383;0.68359;0.69336;0.70313;0.71289;0.72266;0.73242;0.74219;0.75195;0.76172;0.77148;0.78125;0.79102,0.002361344;0.0037191679999999997;0.005914623999999999;0.010113024;0.025480192;0.014931967999999999;0.003273728;0.006124544;0.013042688;0.024763392;0.016431104000000002;0.008006656;0.009389056;0.009614336;0.011101184;0.011554816;0.009081856;0.011974655999999998;0.019010560000000003;0.012455935999999999;0.013000704000000002;0.011483136;0.008516608;0.008800256;0.005624832;0.0060682240000000005;0.006115328;0.007560192;0.00361472;0.002660352;0.002275328;0.0022425599999999998;0.0013639680000000001;0.0013639680000000001;0.001265664;0.001498112;0.0016148479999999999;0.001441792;0.00101888;0.000625664;0.0007772160000000001;0.0007014399999999999;0.000507904;0.000461824;0.00037068800000000004;0.00033484799999999995;0.00039731200000000003;0.000345088;0.000207872;0.00023040000000000002;0.00021401600000000003;0.00023552000000000002;0.000237568;0.00023552000000000002;0.000314368;0.000423936;0.00033792;0.00023654400000000002;0.000176128;0.00029388799999999996;0.0001792;0.00015462400000000002;0.000167936;0.00016691200000000002;0.000141312;9.932800000000001e-05;0.000142336;0.000176128;0.000156672;0.000129024;0.00012390399999999998;0.000125952;8.0896e-05;8.9088e-05;7.0656e-05;9.728e-05;9.216000000000001e-05;0.00013311999999999997;0.000192512
1789566300,hdr,0.0293;0.03906;0.04883;0.05859;0.06836;0.07813;0.08789;0.09766;0.10742;0.11719;0.12695;0.13672;0.14648;0.15625;0.16602;0.17578;0.18555;0.19531;0.20508;0.21484;0.22461;0.23438;0.24414;0.25391;0.26367;0.27344;0.2832;0.29297;0.30273;0.3125;0.32227;0.33203;0.3418;0.35156;0.36133;0.37109;0.38086;0.39063;0.40039;0.41016;0.41992;0.42969;0.43945;0.44922;0.45898;0.46875;0.47852;0.48828;0.49805;0.50781;0.51758;0.52734;0.53711;0.54688;0.55664;0.56641;0.57617;0.58594;0.5957;0.60547;0.61523;0.625;0.63477;0.64453;0.6543;0.66406;0.67383;0.68359;0.69336;0.70313;0.71289;0.72266;0.73242;0.74219;0.75195;0.76172;0.77148;0.78125;0.79102,0.0054558720000000005;0.006498304;0.010802176;0.015397888;0.018796544000000002;0.01243136;0.0040192;0.0037949439999999997;0.009987072;0.01688064;0.01590784;0.008776704;0.007731200000000001;0.006862848;0.007227392;0.007135232;0.010773504000000001;0.014631936;0.012456960000000001;0.012127232;0.012498944;0.012125184;0.006740992;0.010048512;0.01119232;0.00594944;0.003214336;0.003076096;0.003509248;0.0036648960000000004;0.002627584;0.0019087359999999999;0.001913856;0.0027729919999999997;0.002034688;0.0012748800000000002;0.001062912;0.001490944;0.0018483199999999999;0.001497088;0.0007464960000000001;0.000791552;0.00090624;0.000702464;0.000748544;0.000566272;0.000497664;0.000526336;0.0004352;0.000384;0.000357376;0.00033382400000000003;0.000429056;0.00052736;0.000357376;0.00027340799999999994;0.00028569600000000005;0.00030924800000000003;0.000227328;0.000217088;0.000262144;0.000274432;0.000244736;8.192e-05;7.9872e-05;8.6016e-05;0.000118784;0.000120832;7.372800000000001e-05;0.00014540800000000003;0.00014335999999999998;0.000103424;0.000131072;0.000169984;0.000120832;0.000136192;0.00015564799999999998;0.00014745600000000002;0.000234496
1789567200,hdr,0.0293;0.03906;0.04883;0.05859;0.06836;0.07813;0.08789;0.09766;0.10742;0.11719;0.12695;0.13672;0.14648;0.15625;0.16602;0.17578;0.18555;0.19531;0.20508;0.21484;0.22461;0.23438;0.24414;0.25391;0.26367;0.27344;0.2832;0.29297;0.30273;0.3125;0.32227;0.33203;0.3418;0.35156;0.36133;0.37109;0.38086;0.39063;0.40039;0.41016;0.41992;0.42969;0.43945;0.44922;0.45898;0.46875;0.47852;0.48828;0.49805;0.50781;0.51758;0.52734;0.53711;0.54688;0.55664;0.56641;0.57617;0.58594;0.5957;0.60547;0.61523;0.625;0.63477;0.64453;0.6543;0.66406;0.67383;0.68359;0.69336;0.70313;0.71289;0.72266;0.73242;0.74219;0.75195;0.76172;0.77148;0.78125;0.79102,0.011648;0.013384703999999999;0.009245696;0.00782336;0.007374848;0.00983552;0.011594752;0.008749055999999998;0.007519232;0.014193664;0.018264064000000003;0.008803328000000001;0.00517632;0.0073062399999999994;0.009332736000000001;0.012439552000000001;0.014146559999999999;0.013100032000000001;0.013524991999999998;0.013509631999999999;0.011222016;0.010100735999999999;0.009056255999999999;0.007573504;0.005117952;0.002967552;0.002407424;0.002962432;0.002476032;0.003048448;0.00345088;0.0022927360000000005;0.002163712;0.0016435199999999999;0.001129472;0.00150528;0.0011284479999999998;0.000692224;0.000672768;0.000626688;0.00031232;0.000420864;0.000533504;0.0005621760000000001;0.000466944;0.00034201599999999995;0.000323584;0.000263168;0.000344064;0.00043827199999999997;0.00029286400000000005;0.000288768;0.00021913599999999998;0.00023961599999999998;0.000217088;0.000192512;0.000224256;0.00020480000000000002;0.000188416;0.000100352;0.000134144;0.000137216;0.000124928;0.00014540800000000003;0.00013311999999999997;8.192e-05;0.00010444799999999999;0.000144384;0.00012288000000000002;8.8064e-05;6.9632e-05;0.000103424;9.113599999999999e-05;7.5776e-05;0.000114688;0.000118784;0.000144384;0.000120832;0.00024063999999999997
1789568100,hdr,0.0293;0.03906;0.04883;0.05859;0.06836;0.07813;0.08789;0.09766;0.10742;0.11719;0.12695;0.13672;0.14648;0.15625;0.16602;0.17578;0.18555;0.19531;0.20508;0.21484;0.22461;0.23438;0.24414;0.25391;0.26367;0.27344;0.2832;0.29297;0.30273;0.3125;0.32227;0.33203;0.3418;0.35156;0.36133;0.37109;0.38086;0.39063;0.40039;0.41016;0.41992;0.42969;0.43945;0.44922;0.45898;0.46875;0.47852;0.48828;0.49805;0.50781;0.51758;0.52734;0.53711;0.54688;0.55664;0.56641;0.57617;0.58594;0.5957;0.60547;0.61523;0.625;0.63477;0.64453;0.6543;0.66406;0.67383;0.68359;0.69336;0.70313;0.71289;0.72266;0.73242;0.74219;0.75195;0.76172;0.77148;0.78125;0.79102,0.0068526080000000005;0.0033105920000000002;0.004870144;0.012621824;0.019792896;0.016135168;0.00557568;0.005283839999999999;0.010229760000000001;0.020112383999999997;0.013724672;0.004888576;0.008193024;0.00866304;0.008073216000000001;0.011718656;0.010661888;0.021307392;0.022746112000000002;0.01976832;0.014043136000000001;0.012417023999999999;0.0072263679999999995;0.005256192;0.0046069760000000005;0.00581632;0.00594944;0.005237759999999999;0.003549184;0.002397184;0.001758208;0.001538048;0.001307648;0.0011427840000000002;0.001384448;0.0015616000000000002;0.0015851519999999998;0.000817152;0.0005918719999999999;0.000559104;0.00084992;0.00063488;0.000638976;0.000502784;0.00040960000000000004;0.00023142399999999999;0.000229376;0.000441344;0.00047616000000000005;0.00036147200000000005;0.00027648;0.00019968;0.000283648;0.000305152;0.000303104;0.000224256;0.00027340799999999994;0.00029183999999999997;0.000226304;0.000205824;0.000192512;0.000160768;0.000224256;0.000191488;0.00013824;0.000137216;0.000116736;8.4992e-05;7.270400000000001e-05;0.000120832;0.00011161600000000001;6.3488e-05;0.00010240000000000001;9.3184e-05;5.7344e-05;6.144000000000001e-05;8.0896e-05;5.8368e-05;7.8848e-05
1789569000,hdr,0.0293;0.03906;0.04883;0.05859;0.06836;0.07813;0.08789;0.09766;0.10742;0.11719;0.12695;0.13672;0.14648;0.15625;0.16602;0.17578;0.18555;0.19531;0.20508;0.21484;0.22461;0.23438;0.24414;0.25391;0.26367;0.27344;0.2832;0.29297;0.30273;0.3125;0.32227;0.33203;0.3418;0.35156;0.36133;0.37109;0.38086;0.39063;0.40039;0.41016;0.41992;0.42969;0.43945;0.44922;0.45898;0.46875;0.47852;0.48828;0.49805;0.50781;0.51758;0.52734;0.53711;0.54688;0.55664;0.56641;0.57617;0.58594;0.5957;0.60547;0.61523;0.625;0.63477;0.64453;0.6543;0.66406;0.67383;0.68359;0.69336;0.70313;0.71289;0.72266;0.73242;0.74219;0.75195;0.76172;0.77148;0.78125;0.79102,0.0009748480000000001;0.002332672;0.002362368;0.003979264;0.01485824;0.013216768;0.0056872960000000005;0.00467968;0.0069324799999999995;0.01004544;0.008091648;0.011179007999999999;0.010807296;0.009669632;0.012089344;0.01274368;0.013709312;0.012550144000000001;0.01114624;0.013493248;0.011431936;0.00751616;0.007906304;0.008536064;0.0064716800000000005;0.004830208;0.0024064;0.001599488;0.001695744;0.0019496960000000001;0.0024637440000000004;0.001534976;0.0015667199999999997;0.001352704;0.00091648;0.000565248;0.0005007359999999999;0.0009605120000000001;0.000831488;0.0008110079999999999;0.0012195840000000001;0.000953344;0.0006993920000000001;0.00043315199999999996;0.000459776;0.000551936;0.000795648;0.00077824;0.000533504;0.000702464;0.0006737919999999999;0.00045568;0.000750592;0.000937984;0.000891904;0.000864256;0.001053696;0.0005703679999999999;0.000279552;0.000278528;0.000288768;0.000605184;0.00048742400000000003;0.0002816;0.00037785600000000004;0.000211968;0.000120832;0.00011161600000000001;0.000120832;8.4992e-05;0.000105472;0.00010649599999999999;7.475199999999999e-05;5.1200000000000004e-05;5.222399999999999e-05;0.00010444799999999999;9.728e-05;7.270400000000001e-05;6.2464e-05
1789569900,hdr,0.0293;0.03906;0.04883;0.05859;0.06836;0.07813;0.08789;0.09766;0.10742;0.11719;0.12695;0.13672;0.14648;0.15625;0.16602;0.17578;0.18555;0.19531;0.20508;0.21484;0.22461;0.23438;0.24414;0.25391;0.26367;0.27344;0.2832;0.29297;0.30273;0.3125;0.32227;0.33203;0.3418;0.35156;0.36133;0.37109;0.38086;0.39063;0.40039;0.41016;0.41992;0.42969;0.43945;0.44922;0.45898;0.46875;0.47852;0.48828;0.49805;0.50781;0.51758;0.52734;0.53711;0.54688;0.55664;0.56641;0.57617;0.58594;0.5957;0.60547;0.61523;0.625;0.63477;0.64453;0.6543;0.66406;0.67383;0.68359;0.69336;0.70313;0.71289;0.72266;0.73242;0.74219;0.75195;0.76172;0.77148;0.78125;0.79102,0.002038784;0.00741376;0.012393471999999999;0.011107328000000001;0.014852096;0.012616704;0.006234112;0.010127359999999998;0.015801344000000002;0.019303424;0.014564352;0.0128;0.008672256000000001;0.007425024;0.010278912;0.012978176;0.010720256;0.018040832000000003;0.018417663999999997;0.012962816;0.009579520000000001;0.01132544;0.009822208;0.004840448000000001;0.005778432;0.004552704;0.004734975999999999;0.004027391999999999;0.001840128;0.0014028799999999998;0.001769472;0.00144896;0.001067008;0.001251328;0.001302528;0.0011407359999999998;0.0006840319999999999;0.000411648;0.000536576;0.00047206399999999996;0.000582656;0.000704512;0.000937984;0.0008652800000000001;0.000625664;0.000743424;0.0006819840000000001;0.0007249919999999999;0.000738304;0.000601088;0.0008110079999999999;0.00160768;0.001206272;0.000592896;0.000385024;0.00032870400000000003;0.00030208000000000004;0.000421888;0.0005724160000000001;0.000429056;0.000360448;0.00033894400000000004;0.000272384;0.00023859199999999998;0.000165888;0.000180224;0.000176128;0.000388096;0.00031129599999999997;0.000260096;0.000195584;0.000233472;0.00019968;0.00012185600000000001;9.8304e-05;0.00012185600000000001;8.9088e-05;5.9392e-05;9.0112e-05
1789570800,hdr,0.0293;0.03906;0.04883;0.05859;0.06836;0.07813;0.08789;0.09766;0.10742;0.11719;0.12695;0.13672;0.14648;0.15625;0.16602;0.17578;0.18555;0.19531;0.20508;0.21484;0.22461;0.23438;0.24414;0.25391;0.26367;0.27344;0.2832;0.29297;0.30273;0.3125;0.32227;0.33203;0.3418;0.35156;0.36133;0.37109;0.38086;0.39063;0.40039;0.41016;0.41992;0.42969;0.43945;0.44922;0.45898;0.46875;0.47852;0.48828;0.49805;0.50781;0.51758;0.52734;0.53711;0.54688;0.55664;0.56641;0.57617;0.58594;0.5957;0.60547;0.61523;0.625;0.63477;0.64453;0.6543;0.66406;0.67383;0.68359;0.69336;0.70313;0.71289;0.72266;0.73242;0.74219;0.75195;0.76172;0.77148;0.78125;0.79102,0.009895936000000001;0.012069888;0.013664256;0.014304256000000001;0.028045312;0.028174335999999998;0.009680896000000001;0.005320704;0.007156736000000001;0.010643456;0.011615232;0.01337856;0.01934848;0.011772928;0.0049479680000000005;0.005865472;0.010131456;0.017342464;0.01217024;0.00719872;0.012541951999999999;0.008557568;0.006771711999999999;0.007000064;0.005927936;0.0033310719999999996;0.0026941440000000003;0.00262144;0.00187904;0.002637824;0.002820096;0.0015656959999999999;0.000898048;0.001089536;0.001746944;0.0014028799999999998;0.000734208;0.0007188480000000001;0.0008048640000000001;0.000937984;0.0009041920000000001;0.0006696959999999999;0.000514048;0.000489472;0.000516096;0.000331776;0.0005376000000000001;0.000525312;0.000366592;0.00023654400000000002;0.00016896;0.000365568;0.000415744;0.0006154239999999999;0.000590848;0.00047923199999999995;0.000352256;0.000385024;0.00046489599999999996;0.00040550399999999994;0.000418816;0.000345088;0.000510976;0.000490496;0.0005324799999999999;0.00036966399999999996;0.000444416;0.000525312;0.00047001599999999997;0.000305152;0.00023654400000000002;0.00030208000000000004;0.00031232;0.00018227199999999998;0.000210944;0.000249856;0.00048742400000000003;0.00029696;0.000320512
1789571700,hdr,0.0293;0.03906;0.04883;0.05859;0.06836;0.07813;0.08789;0.09766;0.10742;0.11719;0.12695;0.13672;0.14648;0.15625;0.16602;0.17578;0.18555;0.19531;0.20508;0.21484;0.22461;0.23438;0.24414;0.25391;0.26367;0.27344;0.2832;0.29297;0.30273;0.3125;0.32227;0.33203;0.3418;0.35156;0.36133;0.37109;0.38086;0.39063;0.40039;0.41016;0.41992;0.42969;0.43945;0.44922;0.45898;0.46875;0.47852;0.48828;0.49805;0.50781;0.51758;0.52734;0.53711;0.54688;0.55664;0.56641;0.57617;0.58594;0.5957;0.60547;0.61523;0.625;0.63477;0.64453;0.6543;0.66406;0.67383;0.68359;0.69336;0.70313;0.71289;0.72266;0.73242;0.74219;0.75195;0.76172;0.77148;0.78125;0.79102,0.0053913599999999996;0.008756224;0.0051619840000000005;0.00472576;0.015088639999999999;0.01281024;0.00486912;0.0087296;0.006941696;0.01128448;0.019955712;0.015120384;0.014721024;0.013114368000000001;0.009816064000000001;0.008500224;0.009825279999999999;0.008547328;0.011227136;0.010389504;0.013301760000000001;0.010228735999999999;0.008257536;0.004920320000000001;0.006317056;0.005037056;0.0030873599999999995;0.0030668799999999997;0.0022927360000000005;0.001810432;0.001604608;0.00128;0.001308672;0.001089536;0.001065984;0.001043456;0.0011048960000000002;0.001337344;0.001201152;0.000823296;0.00097792;0.000805888;0.000702464;0.00062976;0.000653312;0.00052736;0.000518144;0.000466944;0.00040345599999999995;0.000267264;0.00036352;0.00030105599999999996;0.00046796800000000003;0.000528384;0.000504832;0.000533504;0.000524288;0.000468992;0.0003072;0.00025497599999999997;0.00037478399999999997;0.00037478399999999997;0.00041984;0.0005724160000000001;0.00044646400000000004;0.000432128;0.00047718399999999996;0.0006840319999999999;0.00035430400000000006;0.000623616;0.00067072;0.000743424;0.00105472;0.0010516479999999999;0.000950272;0.001583104;0.001746944;0.0019947520000000002;0.001533952
1789572600,hdr,0.0293;0.03906;0.04883;0.05859;0.06836;0.07813;0.08789;0.09766;0.10742;0.11719;0.12695;0.13672;0.14648;0.15625;0.16602;0.17578;0.18555;0.19531;0.20508;0.21484;0.22461;0.23438;0.24414;0.25391;0.26367;0.27344;0.2832;0.29297;0.30273;0.3125;0.32227;0.33203;0.3418;0.35156;0.36133;0.37109;0.38086;0.39063;0.40039;0.41016;0.41992;0.42969;0.43945;0.44922;0.45898;0.46875;0.47852;0.48828;0.49805;0.50781;0.51758;0.52734;0.53711;0.54688;0.55664;0.56641;0.57617;0.58594;0.5957;0.60547;0.61523;0.625;0.63477;0.64453;0.6543;0.66406;0.67383;0.68359;0.69336;0.70313;0.71289;0.72266;0.73242;0.74219;0.75195;0.76172;0.77148;0.78125;0.79102,0.010617856;0.032342016;0.019982336;0.020430848;0.019823616000000002;0.016011264;0.011153408000000002;0.012494848;0.012514304;0.015204352;0.021315584000000002;0.01340416;0.014893056;0.015464448;0.016072704;0.010682368000000001;0.012199936;0.016797696;0.021957632;0.013507584;0.007028736;0.007354368;0.005128192;0.005301248000000001;0.004471808;0.004596736;0.0040519679999999995;0.0034078719999999997;0.002849792;0.0032768000000000003;0.0022272;0.001325056;0.0010813440000000001;0.001096704;0.00167424;0.001052672;0.00123904;0.001011712;0.000745472;0.00076288;0.000395264;0.00018944;0.000308224;0.0006952960000000001;0.0006789119999999999;0.000671744;0.000497664;0.000442368;0.00020889599999999997;0.00018944;0.00039936;0.000411648;0.000393216;0.000280576;0.00024063999999999997;0.000561152;0.00070656;0.000679936;0.000666624;0.000750592;0.000863232;0.000791552;0.000647168;0.000466944;0.00044339199999999997;0.000873472;0.0006840319999999999;0.0008929280000000001;0.0011489279999999998;0.0009297919999999999;0.001007616;0.001590272;0.0014243840000000001;0.0011489279999999998;0.001714176;0.0028088320000000003;0.0026644480000000003;0.002564096;0.002584576
1789573500,hdr,0.0293;0.03906;0.04883;0.05859;0.06836;0.07813;0.08789;0.09766;0.10742;0.11719;0.12695;0.13672;0.14648;0.15625;0.16602;0.17578;0.18555;0.19531;0.20508;0.21484;0.22461;0.23438;0.24414;0.25391;0.26367;0.27344;0.2832;0.29297;0.30273;0.3125;0.32227;0.33203;0.3418;0.35156;0.36133;0.37109;0.38086;0.39063;0.40039;0.41016;0.41992;0.42969;0.43945;0.44922;0.45898;0.46875;0.47852;0.48828;0.49805;0.50781;0.51758;0.52734;0.53711;0.54688;0.55664;0.56641;0.57617;0.58594;0.5957;0.60547;0.61523;0.625;0.63477;0.64453;0.6543;0.66406;0.67383;0.68359;0.69336;0.70313;0.71289;0.72266;0.73242;0.74219;0.75195;0.76172;0.77148;0.78125;0.79102,0.011418624;0.010544128;0.0115456;0.011231232;0.020245504;0.031474688;0.016561152;0.010686464;0.013865983999999998;0.024605696;0.017386496;0.012655616;0.00993792;0.007999488;0.008312832000000001;0.008159231999999999;0.011505663999999999;0.010995712;0.010091519999999998;0.013060096;0.008976384;0.007667711999999999;0.009778176;0.010401792000000002;0.00606208;0.003951616;0.004200447999999999;0.003152896;0.003299328;0.0038656000000000003;0.0033341440000000003;0.001934336;0.0016650240000000002;0.0012605440000000002;0.00110592;0.001662976;0.001659904;0.0014786559999999999;0.000605184;0.000630784;0.001099776;0.0011161600000000002;0.000613376;0.00065536;0.001061888;0.001202176;0.000917504;0.000516096;0.001009664;0.0009574399999999999;0.0013946879999999998;0.0016691199999999998;0.0013568;0.0015185919999999998;0.001376256;0.0011417600000000001;0.001043456;0.0009717759999999999;0.002116608;0.00313856;0.001789952;0.001056768;0.001410048;0.001344512;0.001542144;0.0023296;0.0024340480000000003;0.002111488;0.002555904;0.0022374400000000003;0.0022702079999999997;0.00202752;0.002885632;0.003049472;0.002752512;0.003047424;0.00409088;0.0027392;0.0012462080000000002
1789574400,hdr,0.0293;0.03906;0.04883;0.05859;0.06836;0.07813;0.08789;0.09766;0.10742;0.11719;0.12695;0.13672;0.14648;0.15625;0.16602;0.17578;0.18555;0.19531;0.20508;0.21484;0.22461;0.23438;0.24414;0.25391;0.26367;0.27344;0.2832;0.29297;0.30273;0.3125;0.32227;0.33203;0.3418;0.35156;0.36133;0.37109;0.38086;0.39063;0.40039;0.41016;0.41992;0.42969;0.43945;0.44922;0.45898;0.46875;0.47852;0.48828;0.49805;0.50781;0.51758;0.52734;0.53711;0.54688;0.55664;0.56641;0.57617;0.58594;0.5957;0.60547;0.61523;0.625;0.63477;0.64453;0.6543;0.66406;0.67383;0.68359;0.69336;0.70313;0.71289;0.72266;0.73242;0.74219;0.75195;0.76172;0.77148;0.78125;0.79102,0.005658624;0.007333888;0.012060672;0.013670400000000001;0.029298688;0.022939647999999997;0.006513664000000001;0.008980479999999999;0.014853120000000001;0.014374912;0.020602879999999997;0.015241216;0.011208704;0.008377344;0.010957824;0.01633792;0.014030848;0.011551744;0.009840640000000001;0.0063723519999999995;0.005937152;0.00787968;0.009396224;0.010138624;0.005385215999999999;0.00298496;0.0022978559999999996;0.002167808;0.002226176;0.002185216;0.00160768;0.00136704;0.000740352;0.001032192;0.0007557120000000001;0.000543744;0.000908288;0.000812032;0.000933888;0.001507328;0.001992704;0.0018216959999999998;0.0015943679999999999;0.0010762240000000002;0.000795648;0.00076288;0.000648192;0.0004884479999999999;0.000351232;0.000352256;0.00041779199999999995;0.00034304;0.000393216;0.00042291200000000006;0.000647168;0.000861184;0.000656384;0.000611328;0.000703488;0.0006144;0.000717824;0.000896;0.001134592;0.001696768;0.002177024;0.002576384;0.002413568;0.002077696;0.001876992;0.003803136;0.003963904;0.003319808;0.002405376;0.0020592640000000003;0.00275456;0.002823168;0.0018083840000000001;0.001944576;0.002282496
1789575300,hdr,0.0293;0.03906;0.04883;0.05859;0.06836;0.07813;0.08789;0.09766;0.10742;0.11719;0.12695;0.13672;0.14648;0.15625;0.16602;0.17578;0.18555;0.19531;0.20508;0.21484;0.22461;0.23438;0.24414;0.25391;0.26367;0.27344;0.2832;0.29297;0.30273;0.3125;0.32227;0.33203;0.3418;0.35156;0.36133;0.37109;0.38086;0.39063;0.40039;0.41016;0.41992;0.42969;0.43945;0.44922;0.45898;0.46875;0.47852;0.48828;0.49805;0.50781;0.51758;0.52734;0.53711;0.54688;0.55664;0.56641;0.57617;0.58594;0.5957;0.60547;0.61523;0.625;0.63477;0.64453;0.6543;0.66406;0.67383;0.68359;0.69336;0.70313;0.71289;0.72266;0.73242;0.74219;0.75195;0.76172;0.77148;0.78125;0.79102,0.007373823999999999;0.009427968;0.011023360000000001;0.007458816;0.011931648;0.012271616;0.005879808;0.0075694080000000006;0.014540800000000001;0.014521343999999999;0.012575744;0.016729088;0.01316352;0.018033664;0.014905344;0.010730496;0.013515776;0.01959936;0.015650816;0.009003008;0.008930304;0.007118848;0.006284288000000001;0.0040192;0.003218432;0.004386816;0.005331967999999999;0.0031815679999999996;0.002072576;0.002172928;0.002168832;0.0016691199999999998;0.0012789759999999998;0.001431552;0.001132544;0.0009758719999999999;0.0016895999999999999;0.001882112;0.001027072;0.0007055360000000001;0.000877568;0.001000448;0.000647168;0.0005416959999999999;0.00037785600000000004;0.000611328;0.000534528;0.000349184;0.00043008000000000006;0.00043827199999999997;0.000423936;0.00043724800000000005;0.000461824;0.0005621760000000001;0.000644096;0.000802816;0.000889856;0.001134592;0.001345536;0.001118208;0.000986112;0.0014786559999999999;0.002197504;0.001809408;0.002258944;0.0028764159999999997;0.00430592;0.00310784;0.003039232;0.002832384;0.00297472;0.003844096;0.0027893759999999997;0.00275968;0.002599936;0.001938432;0.002151424;0.002372608;0.0029409279999999998
1789576200,hdr,0.0293;0.03906;0.04883;0.05859;0.06836;0.07813;0.08789;0.09766;0.10742;0.11719;0.12695;0.13672;0.14648;0.15625;0.16602;0.17578;0.18555;0.19531;0.20508;0.21484;0.22461;0.23438;0.24414;0.25391;0.26367;0.27344;0.2832;0.29297;0.30273;0.3125;0.32227;0.33203;0.3418;0.35156;0.36133;0.37109;0.38086;0.39063;0.40039;0.41016;0.41992;0.42969;0.43945;0.44922;0.45898;0.46875;0.47852;0.48828;0.49805;0.50781;0.51758;0.52734;0.53711;0.54688;0.55664;0.56641;0.57617;0.58594;0.5957;0.60547;0.61523;0.625;0.63477;0.64453;0.6543;0.66406;0.67383;0.68359;0.69336;0.70313;0.71289;0.72266;0.73242;0.74219;0.75195;0.76172;0.77148;0.78125;0.79102,0.012979200000000001;0.017710080000000003;0.015111168;0.008943616;0.014769152;0.011997184000000001;0.008976384;0.013733888000000001;0.011537407999999999;0.015799296;0.020997119999999998;0.021844992;0.024663039999999997;0.021597184;0.009952256;0.012833792000000002;0.010539008000000002;0.010002432;0.017501183999999996;0.01383424;0.007527424;0.008415232;0.008824832;0.005456896000000001;0.00425472;0.003807232;0.0029634559999999997;0.0034304;0.0032256;0.002387968;0.000980992;0.000919552;0.000807936;0.0008202239999999999;0.001032192;0.001027072;0.001432576;0.000937984;0.0009431040000000001;0.0008867839999999999;0.0007188480000000001;0.000764928;0.000672768;0.00052224;0.000434176;0.000592896;0.000577536;0.000590848;0.000694272;0.000652288;0.000601088;0.000526336;0.000826368;0.0009564160000000001;0.00101888;0.00124928;0.0010598399999999998;0.001483776;0.0013506560000000002;0.001860608;0.003204096;0.002404352;0.003811328;0.004346879999999999;0.00436224;0.00270848;0.003935232;0.00499712;0.0057200639999999995;0.0043827200000000005;0.003308544;0.00313856;0.0025937919999999997;0.00288256;0.0037898240000000002;0.001958912;0.001440768;0.002169856;0.00205312
1789577100,hdr,0.0293;0.03906;0.04883;0.05859;0.06836;0.07813;0.08789;0.09766;0.10742;0.11719;0.12695;0.13672;0.14648;0.15625;0.16602;0.17578;0.18555;0.19531;0.20508;0.21484;0.22461;0.23438;0.24414;0.25391;0.26367;0.27344;0.2832;0.29297;0.30273;0.3125;0.32227;0.33203;0.3418;0.35156;0.36133;0.37109;0.38086;0.39063;0.40039;0.41016;0.41992;0.42969;0.43945;0.44922;0.45898;0.46875;0.47852;0.48828;0.49805;0.50781;0.51758;0.52734;0.53711;0.54688;0.55664;0.56641;0.57617;0.58594;0.5957;0.60547;0.61523;0.625;0.63477;0.64453;0.6543;0.66406;0.67383;0.68359;0.69336;0.70313;0.71289;0.72266;0.73242;0.74219;0.75195;0.76172;0.77148;0.78125;0.79102,0.003816448;0.012713984000000001;0.020262912;0.018880512;0.031318016;0.019618815999999997;0.0055951360000000006;0.00712192;0.012507135999999999;0.022764544;0.031550464;0.029975552;0.018302976000000002;0.013448192000000001;0.011796480000000002;0.016425984;0.01263616;0.014982144000000001;0.013845504000000002;0.013491199999999998;0.011173888;0.007605247999999999;0.007617536;0.006291456;0.005743616;0.004228096;0.003096576;0.002445312;0.0026777600000000004;0.002556928;0.0016732160000000002;0.0013557760000000002;0.001106944;0.000893952;0.00098816;0.000978944;0.000576512;0.000610304;0.000548864;0.0005836799999999999;0.000610304;0.000760832;0.0007290879999999999;0.0008335360000000001;0.0006154239999999999;0.0005232639999999998;0.000671744;0.000750592;0.0006819840000000001;0.0006021119999999999;0.000768;0.001736704;0.001306624;0.0009943039999999999;0.00149504;0.001927168;0.001847296;0.002033664;0.002274304;0.0035440640000000004;0.00292864;0.004047872;0.0043182080000000005;0.003948544;0.004464640000000001;0.003801088;0.003866624;0.00360448;0.004015104;0.003966976;0.004677631999999999;0.003765248;0.003939328;0.003510272;0.0038871039999999997;0.003290112;0.002523136;0.001646592;0.0013568
1789578000,hdr,0.0293;0.03906;0.04883;0.05859;0.06836;0.07813;0.08789;0.09766;0.10742;0.11719;0.12695;0.13672;0.14648;0.15625;0.16602;0.17578;0.18555;0.19531;0.20508;0.21484;0.22461;0.23438;0.24414;0.25391;0.26367;0.27344;0.2832;0.29297;0.30273;0.3125;0.32227;0.33203;0.3418;0.35156;0.36133;0.37109;0.38086;0.39063;0.40039;0.41016;0.41992;0.42969;0.43945;0.44922;0.45898;0.46875;0.47852;0.48828;0.49805;0.50781;0.51758;0.52734;0.53711;0.54688;0.55664;0.56641;0.57617;0.58594;0.5957;0.60547;0.61523;0.625;0.63477;0.64453;0.6543;0.66406;0.67383;0.68359;0.69336;0.70313;0.71289;0.72266;0.73242;0.74219;0.75195;0.76172;0.77148;0.78125;0.79102,0.008693759999999998;0.01923584;0.019881984000000002;0.008947712;0.009595904;0.018881536;0.017702912;0.012868608;0.024747008;0.032843776;0.033161216;0.036007936000000004;0.025749504;0.020936703999999997;0.013014016;0.012288;0.020867072;0.020243456;0.010277888;0.012982272000000001;0.011599871999999999;0.00897536;0.006898688;0.0064;0.005590016000000001;0.005169152;0.003111936;0.0034109440000000004;0.004893696;0.005156864;0.0036894719999999996;0.003117056;0.0020121600000000003;0.0014735360000000001;0.0010833919999999999;0.000736256;0.000730112;0.00055296;0.000646144;0.001048576;0.000795648;0.000398336;0.000365568;0.000482304;0.0006830079999999999;0.000897024;0.001086464;0.000776192;0.00100352;0.001188864;0.000968704;0.000753664;0.00126976;0.0015063040000000002;0.00101888;0.0007280640000000001;0.001103872;0.001542144;0.00226816;0.002688;0.003945472;0.003955712;0.003324928;0.0035583999999999998;0.003027968;0.004123648;0.004338688;0.00398336;0.002934784;0.003529728;0.004955136000000001;0.00468992;0.004569088;0.003731456;0.004179968;0.0029573119999999997;0.002864128;0.0018278399999999998;0.0012441599999999998
1789578900,hdr,0.0293;0.03906;0.04883;0.05859;0.06836;0.07813;0.08789;0.09766;0.10742;0.11719;0.12695;0.13672;0.14648;0.15625;0.16602;0.17578;0.18555;0.19531;0.20508;0.21484;0.22461;0.23438;0.24414;0.25391;0.26367;0.27344;0.2832;0.29297;0.30273;0.3125;0.32227;0.33203;0.3418;0.35156;0.36133;0.37109;0.38086;0.39063;0.40039;0.41016;0.41992;0.42969;0.43945;0.44922;0.45898;0.46875;0.47852;0.48828;0.49805;0.50781;0.51758;0.52734;0.53711;0.54688;0.55664;0.56641;0.57617;0.58594;0.5957;0.60547;0.61523;0.625;0.63477;0.64453;0.6543;0.66406;0.67383;0.68359;0.69336;0.70313;0.71289;0.72266;0.73242;0.74219;0.75195;0.76172;0.77148;0.78125;0.79102,0.00870912;0.020724736;0.023872512;0.016684031999999998;0.02556416;0.02028032;0.010535936;0.013973504000000001;0.017707007999999996;0.02574336;0.023856127999999997;0.031117311999999998;0.031921152;0.019136511999999998;0.017905664;0.013143039999999998;0.009243648000000002;0.01601024;0.01780736;0.026188799999999998;0.02270208;0.012418048000000001;0.007506944;0.005439488;0.006577152;0.004639744;0.00343552;0.0028917760000000004;0.0024576;0.001917952;0.0017459199999999998;0.0022538239999999998;0.0024637440000000004;0.0022026240000000002;0.001294336;0.000643072;0.000843776;0.0014940160000000001;0.0021227520000000003;0.001948672;0.001722368;0.000951296;0.0008591359999999999;0.0007290879999999999;0.000611328;0.00070656;0.001432576;0.0010813440000000001;0.0010465279999999997;0.000658432;0.000799744;0.0010762240000000002;0.0009973760000000001;0.001257472;0.0010465279999999997;0.00159232;0.0019517439999999998;0.003301376;0.004358144;0.004442112;0.0028416;0.0023818240000000003;0.00407552;0.007183360000000001;0.004969472;0.0038338559999999996;0.0045076479999999995;0.00405504;0.0025753599999999996;0.0028989440000000005;0.004011008;0.0031334399999999995;0.0025262080000000003;0.002515968;0.003854336;0.00234496;0.0019455999999999998;0.0025364479999999997;0.0026419199999999994
1789579800,hdr,0.0293;0.03906;0.04883;0.05859;0.06836;0.07813;0.08789;0.09766;0.10742;0.11719;0.12695;0.13672;0.14648;0.15625;0.16602;0.17578;0.18555;0.19531;0.20508;0.21484;0.22461;0.23438;0.24414;0.25391;0.26367;0.27344;0.2832;0.29297;0.30273;0.3125;0.32227;0.33203;0.3418;0.35156;0.36133;0.37109;0.38086;0.39063;0.40039;0.41016;0.41992;0.42969;0.43945;0.44922;0.45898;0.46875;0.47852;0.48828;0.49805;0.50781;0.51758;0.52734;0.53711;0.54688;0.55664;0.56641;0.57617;0.58594;0.5957;0.60547;0.61523;0.625;0.63477;0.64453;0.6543;0.66406;0.67383;0.68359;0.69336;0.70313;0.71289;0.72266;0.73242;0.74219;0.75195;0.76172;0.77148;0.78125;0.79102,0.007184384;0.011977728000000002;0.010374144;0.008826879999999999;0.023768064;0.021935104;0.010838015999999999;0.014808064000000001;0.024423424;0.024383488000000002;0.022580224000000003;0.021793792000000003;0.024193024;0.027541504;0.018186240000000003;0.011494400000000002;0.008392703999999999;0.010481664;0.015406079999999999;0.018598912;0.013737984;0.007878656;0.00890368;0.007642112;0.00621056;0.0050800640000000005;0.00526336;0.003095552;0.0025958400000000003;0.002441216;0.001220608;0.001702912;0.00221696;0.001922048;0.0015165439999999999;0.00092672;0.0009041920000000001;0.001011712;0.000768;0.0007280640000000001;0.0009727999999999999;0.000891904;0.0009297919999999999;0.0012042239999999998;0.00064512;0.0007936;0.000750592;0.000592896;0.000790528;0.0008192000000000001;0.000590848;0.0005376000000000001;0.000823296;0.001429504;0.001221632;0.00110592;0.0023459839999999997;0.002697216;0.004631552;0.004513791999999999;0.005538816;0.0049704960000000005;0.004905984;0.004641792;0.004456448;0.004304896000000001;0.005623808;0.004267008;0.002613248;0.0023511039999999997;0.0022374400000000003;0.00200704;0.00205312;0.0025753599999999996;0.0022026240000000002;0.001860608;0.00193536;0.002432;0.002475008
1789580700,hdr,0.0293;0.03906;0.04883;0.05859;0.06836;0.07813;0.08789;0.09766;0.10742;0.11719;0.12695;0.13672;0.14648;0.15625;0.16602;0.17578;0.18555;0.19531;0.20508;0.21484;0.22461;0.23438;0.24414;0.25391;0.26367;0.27344;0.2832;0.29297;0.30273;0.3125;0.32227;0.33203;0.3418;0.35156;0.36133;0.37109;0.38086;0.39063;0.40039;0.41016;0.41992;0.42969;0.43945;0.44922;0.45898;0.46875;0.47852;0.48828;0.49805;0.50781;0.51758;0.52734;0.53711;0.54688;0.55664;0.56641;0.57617;0.58594;0.5957;0.60547;0.61523;0.625;0.63477;0.64453;0.6543;0.66406;0.67383;0.68359;0.69336;0.70313;0.71289;0.72266;0.73242;0.74219;0.75195;0.76172;0.77148;0.78125;0.79102,0.012083199999999999;0.016549888;0.022580224000000003;0.022977536;0.017873919999999998;0.013838336;0.007892992;0.010675200000000001;0.017788928;0.021211136;0.021899263999999998;0.014927872000000002;0.013791232;0.0092416;0.014443519999999998;0.010196992;0.00789504;0.010636288;0.01346048;0.015172608;0.016207871999999998;0.0109824;0.008593408;0.007725056;0.005496832;0.004811776;0.0044953599999999995;0.0027320319999999997;0.0035327999999999996;0.003451904;0.00183296;0.001742848;0.001803264;0.0015114240000000001;0.001333248;0.00103936;0.00088064;0.000771072;0.0007075839999999999;0.000760832;0.00082432;0.000769024;0.0009349119999999999;0.00117248;0.001166336;0.001248256;0.000939008;0.000700416;0.0007249919999999999;0.001156096;0.0015738879999999998;0.0011704320000000001;0.00143872;0.002183168;0.001165312;0.001201152;0.0011120639999999998;0.0018923520000000001;0.002799616;0.002030592;0.0034048;0.0046223359999999995;0.004456448;0.003006464;0.0030873599999999995;0.0030607359999999997;0.002921472;0.003781632;0.004344832000000001;0.00326656;0.002420736;0.0016291839999999999;0.002055168;0.0024801280000000003;0.002762752;0.002287616;0.001942528;0.001727488;0.001519616
1789581600,hdr,0.0293;0.03906;0.04883;0.05859;0.06836;0.07813;0.08789;0.09766;0.10742;0.11719;0.12695;0.13672;0.14648;0.15625;0.16602;0.17578;0.18555;0.19531;0.20508;0.21484;0.22461;0.23438;0.24414;0.25391;0.26367;0.27344;0.2832;0.29297;0.30273;0.3125;0.32227;0.33203;0.3418;0.35156;0.36133;0.37109;0.38086;0.39063;0.40039;0.41016;0.41992;0.42969;0.43945;0.44922;0.45898;0.46875;0.47852;0.48828;0.49805;0.50781;0.51758;0.52734;0.53711;0.54688;0.55664;0.56641;0.57617;0.58594;0.5957;0.60547;0.61523;0.625;0.63477;0.64453;0.6543;0.66406;0.67383;0.68359;0.69336;0.70313;0.71289;0.72266;0.73242;0.74219;0.75195;0.76172;0.77148;0.78125;0.79102,0.009791488;0.010462208;0.015884288;0.022218751999999998;0.032001024;0.027052032;0.008306688;0.010276864;0.024003583999999998;0.033522688;0.035955712;0.042027008000000005;0.032987136;0.016495615999999998;0.012631040000000001;0.011728896;0.014071808000000002;0.006734848;0.010008576;0.014747647999999999;0.023038976000000003;0.01511424;0.0096256;0.010445824000000001;0.005665791999999999;0.005646336;0.0071936000000000005;0.006114304;0.003408896;0.0015697920000000002;0.002055168;0.0025825279999999997;0.00197632;0.002249728;0.001875968;0.002427904;0.00210944;0.001850368;0.001036288;0.001134592;0.0015226880000000001;0.001681408;0.00146432;0.001337344;0.001166336;0.0009431040000000001;0.00075776;0.0008069119999999999;0.000986112;0.001705984;0.002067456;0.0018800639999999999;0.0010209280000000002;0.0009431040000000001;0.001241088;0.001286144;0.001552384;0.002390016;0.0026777600000000004;0.002753536;0.002849792;0.004400128;0.003378176;0.002791424;0.004160512;0.0046940160000000005;0.0039168;0.0026900479999999996;0.00395264;0.003750912;0.0022302719999999997;0.0016424959999999998;0.00226304;0.002475008;0.001770496;0.00176128;0.00269312;0.0022026240000000002;0.001393664
1789582500,hdr,0.0293;0.03906;0.04883;0.05859;0.06836;0.07813;0.08789;0.09766;0.10742;0.11719;0.12695;0.13672;0.14648;0.15625;0.16602;0.17578;0.18555;0.19531;0.20508;0.21484;0.22461;0.23438;0.24414;0.25391;0.26367;0.27344;0.2832;0.29297;0.30273;0.3125;0.32227;0.33203;0.3418;0.35156;0.36133;0.37109;0.38086;0.39063;0.40039;0.41016;0.41992;0.42969;0.43945;0.44922;0.45898;0.46875;0.47852;0.48828;0.49805;0.50781;0.51758;0.52734;0.53711;0.54688;0.55664;0.56641;0.57617;0.58594;0.5957;0.60547;0.61523;0.625;0.63477;0.64453;0.6543;0.66406;0.67383;0.68359;0.69336;0.70313;0.71289;0.72266;0.73242;0.74219;0.75195;0.76172;0.77148;0.78125;0.79102,0.004685824000000001;0.002840576;0.010852352;0.017850368;0.019948544;0.024256512;0.013162496000000001;0.01777664;0.036429824;0.04321484800000001;0.028147712;0.030184448;0.036320256;0.024972288;0.016562175999999998;0.009138176;0.0066816;0.009882624;0.009818111999999999;0.010640384;0.009095167999999999;0.0063846400000000005;0.005873664;0.005948416;0.002778112;0.003812352;0.002563072;0.0046192640000000005;0.005359616;0.006542335999999999;0.00451072;0.002348032;0.001632256;0.00188928;0.001634304;0.0018012159999999998;0.001794048;0.000812032;0.00076288;0.0006696959999999999;0.000651264;0.00076288;0.0004352;0.0008212479999999999;0.001113088;0.001276928;0.0014346239999999998;0.001381376;0.0008929280000000001;0.000720896;0.001734656;0.002321408;0.00134656;0.0014991359999999999;0.002512896;0.002045952;0.0022487040000000002;0.003277824;0.00400896;0.004353024;0.004512768;0.00417792;0.0050278400000000004;0.0071424;0.008391679999999999;0.006858752;0.006607872;0.004590591999999999;0.0037898240000000002;0.0027566080000000002;0.0029337599999999997;0.003081216;0.00390656;0.002962432;0.002212864;0.0018196479999999999;0.001388544;0.001343488;0.001678336
1789583400,hdr,0.0293;0.03906;0.04883;0.05859;0.06836;0.07813;0.08789;0.09766;0.10742;0.11719;0.12695;0.13672;0.14648;0.15625;0.16602;0.17578;0.18555;0.19531;0.20508;0.21484;0.22461;0.23438;0.24414;0.25391;0.26367;0.27344;0.2832;0.29297;0.30273;0.3125;0.32227;0.33203;0.3418;0.35156;0.36133;0.37109;0.38086;0.39063;0.40039;0.41016;0.41992;0.42969;0.43945;0.44922;0.45898;0.46875;0.47852;0.48828;0.49805;0.50781;0.51758;0.52734;0.53711;0.54688;0.55664;0.56641;0.57617;0.58594;0.5957;0.60547;0.61523;0.625;0.63477;0.64453;0.6543;0.66406;0.67383;0.68359;0.69336;0.70313;0.71289;0.72266;0.73242;0.74219;0.75195;0.76172;0.77148;0.78125;0.79102,0.002931712;0.002857984;0.00193536;0.009555968000000001;0.021691392;0.028209151999999998;0.016364543999999998;0.022291456;0.059421695999999996;0.048652288;0.027784192;0.027577344;0.022584320000000005;0.025894912;0.019263488;0.01171968;0.0043827200000000005;0.006087679999999999;0.009915392;0.009829376;0.012985344;0.012069888;0.008538111999999999;0.010063872;0.007856128;0.006008832;0.006370304;0.004251648;0.0022712319999999998;0.003868672;0.0042383360000000005;0.003857408;0.003366912;0.003222528;0.0020183040000000003;0.001412096;0.00085504;0.0006830079999999999;0.0009482239999999999;0.0010475520000000002;0.000933888;0.000917504;0.000577536;0.0008488959999999999;0.0011509760000000002;0.00082432;0.000632832;0.0009943039999999999;0.0008202239999999999;0.0014172160000000002;0.001122304;0.0018135039999999999;0.0023459839999999997;0.0024801280000000003;0.003910656;0.0030371839999999996;0.002729984;0.0029337599999999997;0.003129344;0.0055582719999999995;0.006332416;0.004194304;0.00480768;0.005910528;0.008435712000000001;0.009117696;0.0062627839999999995;0.00425472;0.004204544;0.002659328;0.0019947520000000002;0.003662848;0.00444416;0.003786752;0.004175872000000001;0.0022015999999999997;0.002318336;0.001906688;0.0024616959999999998
1789584300,hdr,0.0293;0.03906;0.04883;0.05859;0.06836;0.07813;0.08789;0.09766;0.10742;0.11719;0.12695;0.13672;0.14648;0.15625;0.16602;0.17578;0.18555;0.19531;0.20508;0.21484;0.22461;0.23438;0.24414;0.25391;0.26367;0.27344;0.2832;0.29297;0.30273;0.3125;0.32227;0.33203;0.3418;0.35156;0.36133;0.37109;0.38086;0.39063;0.40039;0.41016;0.41992;0.42969;0.43945;0.44922;0.45898;0.46875;0.47852;0.48828;0.49805;0.50781;0.51758;0.52734;0.53711;0.54688;0.55664;0.56641;0.57617;0.58594;0.5957;0.60547;0.61523;0.625;0.63477;0.64453;0.6543;0.66406;0.67383;0.68359;0.69336;0.70313;0.71289;0.72266;0.73242;0.74219;0.75195;0.76172;0.77148;0.78125;0.79102,0.003232768;0.006946816;0.007878656;0.011413504;0.01029632;0.016330752;0.009417728;0.014348288;0.029611008;0.028393472;0.021563392;0.015476736000000001;0.01724928;0.021135359999999995;0.01916928;0.011225088;0.008275968000000002;0.004815872;0.0060016639999999994;0.0076820479999999995;0.012670975999999999;0.015932415999999998;0.012724224000000001;0.006831104;0.005628928;0.005270527999999999;0.004313088;0.005475328000000001;0.00394752;0.003064832;0.0034385919999999994;0.0027852800000000002;0.002563072;0.0023388159999999996;0.002044928;0.001532928;0.0013352960000000001;0.001441792;0.001048576;0.000978944;0.0009216000000000001;0.0012154879999999998;0.0011970559999999997;0.001210368;0.000807936;0.0008519679999999999;0.000912384;0.001067008;0.001251328;0.0012462080000000002;0.001277952;0.0015779840000000002;0.0016435199999999999;0.001734656;0.0019435519999999999;0.0018831359999999999;0.002618368;0.003408896;0.0043335679999999994;0.008061952;0.005793792;0.004511744000000001;0.003945472;0.005030912;0.004062208;0.005556224;0.006069247999999999;0.005627904;0.00370176;0.00338432;0.002251776;0.003042304;0.0040192;0.003677184;0.0021002239999999995;0.002086912;0.002070528;0.0017397760000000002;0.00274432
1789585200,hdr,0.0293;0.03906;0.04883;0.05859;0.06836;0.07813;0.08789;0.09766;0.10742;0.11719;0.12695;0.13672;0.14648;0.15625;0.16602;0.17578;0.18555;0.19531;0.20508;0.21484;0.22461;0.23438;0.24414;0.25391;0.26367;0.27344;0.2832;0.29297;0.30273;0.3125;0.32227;0.33203;0.3418;0.35156;0.36133;0.37109;0.38086;0.39063;0.40039;0.41016;0.41992;0.42969;0.43945;0.44922;0.45898;0.46875;0.47852;0.48828;0.49805;0.50781;0.51758;0.52734;0.53711;0.54688;0.55664;0.56641;0.57617;0.58594;0.5957;0.60547;0.61523;0.625;0.63477;0.64453;0.6543;0.66406;0.67383;0.68359;0.69336;0.70313;0.71289;0.72266;0.73242;0.74219;0.75195;0.76172;0.77148;0.78125;0.79102,0.006077440000000001;0.006895616;0.008829952;0.011967488;0.028069887999999998;0.038011904;0.011383808;0.01326592;0.029893632;0.035637247999999996;0.030267392;0.043894784;0.045193216;0.028294144;0.023353344;0.015730688;0.00948224;0.005668864000000001;0.007652352;0.011036671999999999;0.013514752;0.008556544;0.008409088;0.007225344;0.005787648;0.005953536;0.003613696;0.002816;0.005255168;0.003922944;0.002115584;0.002200576;0.0023111679999999997;0.001672192;0.001864704;0.00210944;0.0021043200000000002;0.0017561599999999999;0.001312768;0.0014745600000000002;0.00136192;0.000980992;0.001091584;0.0011735040000000001;0.00070656;0.001089536;0.00159232;0.001936384;0.0011735040000000001;0.0012318720000000002;0.001086464;0.001345536;0.001063936;0.0015431680000000001;0.0020858880000000006;0.002225152;0.001779712;0.002802688;0.004727808;0.0032532480000000003;0.005901312;0.007015424;0.005664768;0.00321024;0.006320128;0.006523904;0.007556096000000001;0.006070272;0.0042496;0.003986432;0.0041164800000000005;0.0033300480000000004;0.0026777600000000004;0.001856512;0.0026705920000000003;0.002236416;0.00199168;0.0025937919999999997;0.0033536000000000004
1789586100,hdr,0.0293;0.03906;0.04883;0.05859;0.06836;0.07813;0.08789;0.09766;0.10742;0.11719;0.12695;0.13672;0.14648;0.15625;0.16602;0.17578;0.18555;0.19531;0.20508;0.21484;0.22461;0.23438;0.24414;0.25391;0.26367;0.27344;0.2832;0.29297;0.30273;0.3125;0.32227;0.33203;0.3418;0.35156;0.36133;0.37109;0.38086;0.39063;0.40039;0.41016;0.41992;0.42969;0.43945;0.44922;0.45898;0.46875;0.47852;0.48828;0.49805;0.50781;0.51758;0.52734;0.53711;0.54688;0.55664;0.56641;0.57617;0.58594;0.5957;0.60547;0.61523;0.625;0.63477;0.64453;0.6543;0.66406;0.67383;0.68359;0.69336;0.70313;0.71289;0.72266;0.73242;0.74219;0.75195;0.76172;0.77148;0.78125;0.79102,0.0033802240000000002;0.00538112;0.006715392;0.0065515519999999995;0.008374271999999999;0.007821312;0.007611392000000001;0.01391104;0.021982208;0.026457088;0.019758079999999997;0.025516031999999998;0.023276544000000003;0.02871296;0.026326016;0.021727232;0.011011072;0.007354368;0.009083904;0.012432384;0.013673471999999999;0.0112896;0.006665216000000001;0.007252992;0.006417408;0.0057896959999999996;0.00409088;0.004345856;0.004948991999999999;0.00452608;0.00238592;0.003318784;0.0034949119999999998;0.002274304;0.001524736;0.001134592;0.001626112;0.001337344;0.001282048;0.001089536;0.001271808;0.000978944;0.000687104;0.000896;0.001154048;0.00068608;0.000751616;0.001118208;0.001195008;0.000791552;0.00093696;0.0006154239999999999;0.0006041600000000001;0.001165312;0.0014561280000000001;0.0011407359999999998;0.001632256;0.0016895999999999999;0.00424448;0.0050350080000000005;0.00451072;0.004794368;0.005088256;0.004416512;0.00352256;0.006284288000000001;0.006565888;0.007284736;0.00726528;0.004857856;0.005234688;0.004660224;0.004893696;0.004806656;0.002840576;0.0017807360000000002;0.001403904;0.001800192;0.001891328
1789587000,hdr,0.0293;0.03906;0.04883;0.05859;0.06836;0.07813;0.08789;0.09766;0.10742;0.11719;0.12695;0.13672;0.14648;0.15625;0.16602;0.17578;0.18555;0.19531;0.20508;0.21484;0.22461;0.23438;0.24414;0.25391;0.26367;0.27344;0.2832;0.29297;0.30273;0.3125;0.32227;0.33203;0.3418;0.35156;0.36133;0.37109;0.38086;0.39063;0.40039;0.41016;0.41992;0.42969;0.43945;0.44922;0.45898;0.46875;0.47852;0.48828;0.49805;0.50781;0.51758;0.52734;0.53711;0.54688;0.55664;0.56641;0.57617;0.58594;0.5957;0.60547;0.61523;0.625;0.63477;0.64453;0.6543;0.66406;0.67383;0.68359;0.69336;0.70313;0.71289;0.72266;0.73242;0.74219;0.75195;0.76172;0.77148;0.78125;0.79102,0.001656832;0.0036864000000000003;0.004104192;0.013069312;0.022720511999999998;0.024091648;0.011411456;0.012470272;0.021322752;0.024844288;0.029333504;0.04452864;0.034192384;0.027898879999999997;0.028043264;0.013210623999999999;0.0063723519999999995;0.00619008;0.008863744;0.009311232;0.009735167999999999;0.013390848;0.009458688;0.005412864;0.005783552000000001;0.0063078399999999995;0.005262336;0.0032849919999999996;0.004422656;0.003004416;0.002321408;0.002034688;0.002208768;0.0024576;0.00199168;0.0008110079999999999;0.001220608;0.0015984640000000002;0.002663424;0.00175104;0.001581056;0.001161216;0.000861184;0.001381376;0.001476608;0.0012185600000000003;0.001073152;0.0009574399999999999;0.0008509440000000001;0.001521664;0.001685504;0.0013312;0.001924096;0.0026439680000000004;0.003336192;0.00374784;0.003780608;0.0031242239999999997;0.005525504;0.007219199999999999;0.007717888;0.008776704;0.009394175999999999;0.007899136000000001;0.004546560000000001;0.002697216;0.00628224;0.006946816;0.004736;0.004197376;0.0028897280000000003;0.003315712;0.004041728;0.0033300480000000004;0.002852864;0.00167424;0.0016302080000000002;0.002312192;0.002776064
1789587900,hdr,0.0293;0.03906;0.04883;0.05859;0.06836;0.07813;0.08789;0.09766;0.10742;0.11719;0.12695;0.13672;0.14648;0.15625;0.16602;0.17578;0.18555;0.19531;0.20508;0.21484;0.22461;0.23438;0.24414;0.25391;0.26367;0.27344;0.2832;0.29297;0.30273;0.3125;0.32227;0.33203;0.3418;0.35156;0.36133;0.37109;0.38086;0.39063;0.40039;0.41016;0.41992;0.42969;0.43945;0.44922;0.45898;0.46875;0.47852;0.48828;0.49805;0.50781;0.51758;0.52734;0.53711;0.54688;0.55664;0.56641;0.57617;0.58594;0.5957;0.60547;0.61523;0.625;0.63477;0.64453;0.6543;0.66406;0.67383;0.68359;0.69336;0.70313;0.71289;0.72266;0.73242;0.74219;0.75195;0.76172;0.77148;0.78125;0.79102,0.005746688;0.015203328000000002;0.008671232;0.002177024;0.009366528;0.010907647999999999;0.01223168;0.012497920000000001;0.016919552;0.024132608;0.025089023999999998;0.045941760000000005;0.04132864;0.031368191999999996;0.021530623999999998;0.013696;0.007922688;0.004734975999999999;0.0038717440000000003;0.00602112;0.009074688000000001;0.011063295999999999;0.009444352000000001;0.011010048;0.00802816;0.007185407999999999;0.005215232;0.004759552;0.005612544;0.004228096;0.003149824;0.003576832;0.0028272640000000003;0.002101248;0.0015063040000000002;0.00214016;0.0040192;0.00356352;0.0017889280000000002;0.002118656;0.002245632;0.0018196479999999999;0.00236032;0.00229888;0.0011970559999999997;0.001202176;0.001055744;0.001570816;0.001388544;0.001942528;0.0022927360000000005;0.002019328;0.0015063040000000002;0.002207744;0.002417664;0.0026644480000000003;0.003129344;0.0036505599999999997;0.005347328;0.004057088;0.0031098880000000003;0.0031313919999999998;0.0042485760000000004;0.006230016;0.005408768;0.005844992;0.005270527999999999;0.004171776000000001;0.00398336;0.004096;0.003716096;0.002820096;0.003838976;0.0027432959999999997;0.002275328;0.002444288;0.0022886399999999998;0.002123776;0.001887232
1789588800,hdr,0.0293;0.03906;0.04883;0.05859;0.06836;0.07813;0.08789;0.09766;0.10742;0.11719;0.12695;0.13672;0.14648;0.15625;0.16602;0.17578;0.18555;0.19531;0.20508;0.21484;0.22461;0.23438;0.24414;0.25391;0.26367;0.27344;0.2832;0.29297;0.30273;0.3125;0.32227;0.33203;0.3418;0.35156;0.36133;0.37109;0.38086;0.39063;0.40039;0.41016;0.41992;0.42969;0.43945;0.44922;0.45898;0.46875;0.47852;0.48828;0.49805;0.50781;0.51758;0.52734;0.53711;0.54688;0.55664;0.56641;0.57617;0.58594;0.5957;0.60547;0.61523;0.625;0.63477;0.64453;0.6543;0.66406;0.67383;0.68359;0.69336;0.70313;0.71289;0.72266;0.73242;0.74219;0.75195;0.76172;0.77148;0.78125;0.79102,0.0028416;0.009377792;0.009814016;0.009227263999999999;0.009231360000000001;0.016294912;0.021773312000000003;0.026083328000000003;0.032831488;0.031132672;0.035597312000000006;0.04328140799999999;0.042077184000000004;0.033219583999999996;0.022614016;0.017135616;0.009803776;0.007845888;0.006820864;0.00817664;0.009199616;0.009059328000000002;0.008198144;0.008587263999999999;0.005962752;0.005922816;0.004192256;0.0041472;0.0044451840000000005;0.004926464;0.00352256;0.002714624;0.004788223999999999;0.002948096;0.001746944;0.001348608;0.0015943679999999999;0.001388544;0.0012052480000000001;0.001536;0.002000896;0.002306048;0.001650688;0.0018176000000000002;0.0013117439999999999;0.001317888;0.001472512;0.001256448;0.001257472;0.0017336320000000001;0.000918528;0.001624064;0.002456576;0.0020797439999999997;0.0021821440000000004;0.003115008;0.002413568;0.0031897600000000003;0.0034416639999999997;0.004431872;0.006183936;0.006780928;0.004570112;0.0058920959999999994;0.00580096;0.0060610559999999996;0.007262208000000001;0.006346752000000001;0.00467968;0.003981312;0.003851264;0.0036270079999999997;0.003042304;0.002530304;0.002168832;0.002014208;0.00125952;0.001316864;0.0013547519999999999
1789589700,hdr,0.0293;0.03906;0.04883;0.05859;0.06836;0.07813;0.08789;0.09766;0.10742;0.11719;0.12695;0.13672;0.14648;0.15625;0.16602;0.17578;0.18555;0.19531;0.20508;0.21484;0.22461;0.23438;0.24414;0.25391;0.26367;0.27344;0.2832;0.29297;0.30273;0.3125;0.32227;0.33203;0.3418;0.35156;0.36133;0.37109;0.38086;0.39063;0.40039;0.41016;0.41992;0.42969;0.43945;0.44922;0.45898;0.46875;0.47852;0.48828;0.49805;0.50781;0.51758;0.52734;0.53711;0.54688;0.55664;0.56641;0.57617;0.58594;0.5957;0.60547;0.61523;0.625;0.63477;0.64453;0.6543;0.66406;0.67383;0.68359;0.69336;0.70313;0.71289;0.72266;0.73242;0.74219;0.75195;0.76172;0.77148;0.78125;0.79102,0.0028876799999999997;0.008593408;0.011796480000000002;0.010793984;0.01449472;0.024116224;0.024025088;0.017471488;0.01872896;0.017554432;0.04276735999999999;0.032309248;0.025377792;0.019664896;0.014610432;0.0157184;0.012417023999999999;0.006658048;0.0035942400000000003;0.005612544;0.0094976;0.009186304;0.009284608;0.008754175999999999;0.00723968;0.006863871999999999;0.00742912;0.00553984;0.004511744000000001;0.004326399999999999;0.0028088320000000003;0.0027658239999999996;0.003218432;0.0033331199999999997;0.00383488;0.0021002239999999995;0.002395136;0.0038502399999999996;0.002717696;0.001970176;0.001353728;0.0018196479999999999;0.001743872;0.001676288;0.0012052480000000001;0.0013793280000000002;0.001062912;0.0011704320000000001;0.001401856;0.001536;0.001408;0.0020244480000000003;0.003472384;0.003835904;0.00254464;0.001442816;0.0018288640000000001;0.0031703039999999997;0.004062208;0.004639744;0.004487168;0.0056330239999999995;0.006646784;0.008369152;0.003600384;0.004045824;0.00433152;0.003422208;0.0026449919999999997;0.00398336;0.0033310719999999996;0.0027351040000000004;0.0019455999999999998;0.001380352;0.0017489920000000002;0.002105344;0.002134016;0.002673664;0.001964032
1789590600,hdr,0.0293;0.03906;0.04883;0.05859;0.06836;0.07813;0.08789;0.09766;0.10742;0.11719;0.12695;0.13672;0.14648;0.15625;0.16602;0.17578;0.18555;0.19531;0.20508;0.21484;0.22461;0.23438;0.24414;0.25391;0.26367;0.27344;0.2832;0.29297;0.30273;0.3125;0.32227;0.33203;0.3418;0.35156;0.36133;0.37109;0.38086;0.39063;0.40039;0.41016;0.41992;0.42969;0.43945;0.44922;0.45898;0.46875;0.47852;0.48828;0.49805;0.50781;0.51758;0.52734;0.53711;0.54688;0.55664;0.56641;0.57617;0.58594;0.5957;0.60547;0.61523;0.625;0.63477;0.64453;0.6543;0.66406;0.67383;0.68359;0.69336;0.70313;0.71289;0.72266;0.73242;0.74219;0.75195;0.76172;0.77148;0.78125;0.79102,0.007468032;0.00835072;0.00741888;0.014861312;0.020221952;0.013331456;0.015725568000000002;0.015597568000000001;0.0210176;0.030893056000000002;0.030671872;0.033140736;0.031432704;0.02774016;0.022491136000000002;0.016573440000000002;0.011195392;0.006846464;0.006276095999999999;0.006484992;0.004750336;0.006786047999999999;0.00931328;0.008296448;0.007481344;0.005839871999999999;0.003653632;0.00300544;0.002977792;0.001777664;0.001096704;0.002562048;0.0027514880000000003;0.002358272;0.001337344;0.001581056;0.001202176;0.0012308479999999999;0.0015943679999999999;0.001488896;0.001032192;0.0009041920000000001;0.001036288;0.001074176;0.000932864;0.000750592;0.0014376960000000002;0.001618944;0.0013004800000000001;0.00150528;0.001552384;0.001839104;0.002637824;0.003981312;0.00290304;0.001605632;0.002532352;0.003457024;0.003572736;0.0031068159999999997;0.004585472000000001;0.006251520000000001;0.0043161599999999994;0.003291136;0.003073024;0.002379776;0.0025333760000000004;0.003827712;0.0034037760000000003;0.0028620800000000004;0.0040345599999999995;0.0029634559999999997;0.002766848;0.0035952639999999995;0.002522112;0.0025651199999999997;0.0025989119999999997;0.002336768;0.0027904
1789591500,hdr,0.0293;0.03906;0.04883;0.05859;0.06836;0.07813;0.08789;0.09766;0.10742;0.11719;0.12695;0.13672;0.14648;0.15625;0.16602;0.17578;0.18555;0.19531;0.20508;0.21484;0.22461;0.23438;0.24414;0.25391;0.26367;0.27344;0.2832;0.29297;0.30273;0.3125;0.32227;0.33203;0.3418;0.35156;0.36133;0.37109;0.38086;0.39063;0.40039;0.41016;0.41992;0.42969;0.43945;0.44922;0.45898;0.46875;0.47852;0.48828;0.49805;0.50781;0.51758;0.52734;0.53711;0.54688;0.55664;0.56641;0.57617;0.58594;0.5957;0.60547;0.61523;0.625;0.63477;0.64453;0.6543;0.66406;0.67383;0.68359;0.69336;0.70313;0.71289;0.72266;0.73242;0.74219;0.75195;0.76172;0.77148;0.78125;0.79102,0.009516031999999999;0.015618048;0.020865023999999996;0.016847872;0.014435327999999999;0.011014144;0.015827968;0.023083008;0.028850175999999998;0.035007488;0.037025792;0.035652608;0.020675584;0.025975808;0.030681088;0.02496512;0.0162048;0.006539264;0.005551103999999999;0.00694784;0.009680896000000001;0.010976256;0.006896639999999999;0.006054912;0.004931584;0.002989056;0.0039936;0.004879360000000001;0.0034037760000000003;0.003554304;0.003228672;0.0015452159999999999;0.0022568959999999996;0.0019773440000000002;0.001426432;0.0013475839999999998;0.0012605440000000002;0.001902592;0.001893376;0.00236544;0.0014581759999999998;0.001165312;0.001050624;0.000905216;0.0011509760000000002;0.0013547519999999999;0.0015851519999999998;0.0014448640000000001;0.001455104;0.0011284479999999998;0.000776192;0.0009584639999999999;0.001934336;0.001875968;0.002250752;0.00277504;0.00234496;0.0011632640000000002;0.001645568;0.003099648;0.004750336;0.0022906879999999995;0.0034263040000000002;0.004294656;0.00499712;0.00379392;0.0032471040000000002;0.004082688;0.003021824;0.002516992;0.0031016959999999997;0.002603008;0.0025047039999999995;0.0031703039999999997;0.003653632;0.00263168;0.002071552;0.002245632;0.0021299199999999996
1789592400,hdr,0.0293;0.03906;0.04883;0.05859;0.06836;0.07813;0.08789;0.09766;0.10742;0.11719;0.12695;0.13672;0.14648;0.15625;0.16602;0.17578;0.18555;0.19531;0.20508;0.21484;0.22461;0.23438;0.24414;0.25391;0.26367;0.27344;0.2832;0.29297;0.30273;0.3125;0.32227;0.33203;0.3418;0.35156;0.36133;0.37109;0.38086;0.39063;0.40039;0.41016;0.41992;0.42969;0.43945;0.44922;0.45898;0.46875;0.47852;0.48828;0.49805;0.50781;0.51758;0.52734;0.53711;0.54688;0.55664;0.56641;0.57617;0.58594;0.5957;0.60547;0.61523;0.625;0.63477;0.64453;0.6543;0.66406;0.67383;0.68359;0.69336;0.70313;0.71289;0.72266;0.73242;0.74219;0.75195;0.76172;0.77148;0.78125;0.79102,0.010481664;0.019175424;0.016309248;0.013124608;0.013426688;0.026831872;0.01324544;0.019067904;0.020013056;0.023242752000000002;0.025683968;0.025119744000000003;0.026550272;0.015622144000000001;0.025316352;0.021256192;0.01439232;0.007601152;0.004806656;0.004413439999999999;0.0035696639999999997;0.0065617919999999995;0.008580095999999999;0.008352768;0.006385664000000001;0.0030781439999999997;0.00392192;0.0048015359999999995;0.003957759999999999;0.0029419520000000003;0.003950592;0.004104192;0.002783232;0.001328128;0.001435648;0.0016424959999999998;0.001206272;0.000963584;0.0011407359999999998;0.001564672;0.001062912;0.000879616;0.0009574399999999999;0.001147904;0.0015267839999999998;0.0012605440000000002;0.001185792;0.001106944;0.001436672;0.0012247039999999999;0.000799744;0.000966656;0.0010465279999999997;0.0011120639999999998;0.0011786239999999999;0.001166336;0.00109056;0.001243136;0.0015267839999999998;0.0014438399999999998;0.001358848;0.0021411840000000004;0.002958336;0.0024002560000000004;0.003646464;0.003936256;0.0048015359999999995;0.003992576;0.003832832;0.0034949119999999998;0.003277824;0.003596288;0.0035614720000000004;0.0035246080000000003;0.002724864;0.002220032;0.002029568;0.001645568;0.001110016
1789593300,hdr,0.0293;0.03906;0.04883;0.05859;0.06836;0.07813;0.08789;0.09766;0.10742;0.11719;0.12695;0.13672;0.14648;0.15625;0.16602;0.17578;0.18555;0.19531;0.20508;0.21484;0.22461;0.23438;0.24414;0.25391;0.26367;0.27344;0.2832;0.29297;0.30273;0.3125;0.32227;0.33203;0.3418;0.35156;0.36133;0.37109;0.38086;0.39063;0.40039;0.41016;0.41992;0.42969;0.43945;0.44922;0.45898;0.46875;0.47852;0.48828;0.49805;0.50781;0.51758;0.52734;0.53711;0.54688;0.55664;0.56641;0.57617;0.58594;0.5957;0.60547;0.61523;0.625;0.63477;0.64453;0.6543;0.66406;0.67383;0.68359;0.69336;0.70313;0.71289;0.72266;0.73242;0.74219;0.75195;0.76172;0.77148;0.78125;0.79102,0.010499072;0.012289023999999999;0.015966208;0.016462848000000002;0.025965567999999998;0.03213312;0.012093439999999999;0.018266112;0.034794496;0.03638784;0.020918272;0.01874432;0.027801600000000003;0.025905152;0.02203648;0.021376;0.013961216;0.008232960000000001;0.006675455999999999;0.004938752;0.006637568;0.010696704;0.00800256;0.0070993919999999995;0.00606208;0.004941824000000001;0.00311808;0.0029952000000000004;0.0025978880000000005;0.00326656;0.0038656000000000003;0.003546112;0.0034375680000000002;0.0024872960000000004;0.0018995200000000002;0.001708032;0.000779264;0.001376256;0.00142848;0.0014110720000000002;0.0010455039999999998;0.000945152;0.0014448640000000001;0.001307648;0.001199104;0.0011120639999999998;0.001442816;0.001631232;0.0016650240000000002;0.0015144960000000002;0.002172928;0.002117632;0.0014827520000000002;0.0016291839999999999;0.0013690880000000003;0.0019886079999999998;0.003032064;0.00229888;0.002475008;0.00441856;0.00363008;0.003610624;0.004225024;0.003270656;0.00390656;0.002953216;0.002820096;0.003798016;0.003562496;0.0031375360000000002;0.003154944;0.003162112;0.0037058559999999996;0.0037611520000000002;0.00312832;0.0021299199999999996;0.002203648;0.0016404479999999999;0.001503232
1789594200,hdr,0.0293;0.03906;0.04883;0.05859;0.06836;0.07813;0.08789;0.09766;0.10742;0.11719;0.12695;0.13672;0.14648;0.15625;0.16602;0.17578;0.18555;0.19531;0.20508;0.21484;0.22461;0.23438;0.24414;0.25391;0.26367;0.27344;0.2832;0.29297;0.30273;0.3125;0.32227;0.33203;0.3418;0.35156;0.36133;0.37109;0.38086;0.39063;0.40039;0.41016;0.41992;0.42969;0.43945;0.44922;0.45898;0.46875;0.47852;0.48828;0.49805;0.50781;0.51758;0.52734;0.53711;0.54688;0.55664;0.56641;0.57617;0.58594;0.5957;0.60547;0.61523;0.625;0.63477;0.64453;0.6543;0.66406;0.67383;0.68359;0.69336;0.70313;0.71289;0.72266;0.73242;0.74219;0.75195;0.76172;0.77148;0.78125;0.79102,0.001139712;0.0050176;0.006050816;0.007240704;0.018639872;0.021361664;0.016963584000000004;0.012691456;0.029227008000000002;0.027885568;0.024522752000000002;0.029329407999999998;0.030981119999999997;0.019237888;0.015187968;0.022093824;0.01735168;0.010000384;0.007337984;0.00339968;0.006772736;0.005190656;0.005096447999999999;0.00650752;0.007044096;0.006127616;0.004661248;0.002663424;0.0030904319999999997;0.0034867200000000004;0.001806336;0.0009349119999999999;0.001362944;0.001472512;0.002015232;0.001668096;0.001127424;0.000787456;0.001133568;0.001313792;0.001632256;0.0016435199999999999;0.001328128;0.001538048;0.0011714560000000002;0.0012369920000000001;0.001611776;0.0011489279999999998;0.0010127360000000002;0.001384448;0.001527808;0.001446912;0.001654784;0.001687552;0.00252416;0.0018513919999999999;0.003924992;0.003844096;0.002676736;0.0021985280000000004;0.0028764159999999997;0.0023275519999999997;0.001306624;0.00198144;0.0024545279999999997;0.0021196799999999997;0.0032460799999999997;0.003822592;0.0021411840000000004;0.00263168;0.002204672;0.001283072;0.0018176000000000002;0.004046848;0.0023275519999999997;0.001501184;0.0014929920000000003;0.001524736;0.001676288
1789595100,hdr,0.0293;0.03906;0.04883;0.05859;0.06836;0.07813;0.08789;0.09766;0.10742;0.11719;0.12695;0.13672;0.14648;0.15625;0.16602;0.17578;0.18555;0.19531;0.20508;0.21484;0.22461;0.23438;0.24414;0.25391;0.26367;0.27344;0.2832;0.29297;0.30273;0.3125;0.32227;0.33203;0.3418;0.35156;0.36133;0.37109;0.38086;0.39063;0.40039;0.41016;0.41992;0.42969;0.43945;0.44922;0.45898;0.46875;0.47852;0.48828;0.49805;0.50781;0.51758;0.52734;0.53711;0.54688;0.55664;0.56641;0.57617;0.58594;0.5957;0.60547;0.61523;0.625;0.63477;0.64453;0.6543;0.66406;0.67383;0.68359;0.69336;0.70313;0.71289;0.72266;0.73242;0.74219;0.75195;0.76172;0.77148;0.78125;0.79102,0.007215104;0.009344;0.009037824;0.011891711999999999;0.009356287999999999;0.015560704;0.013131776;0.008083456;0.014768128;0.024916992000000002;0.024636416;0.026678272;0.016458752;0.016896;0.024800256;0.024645631999999997;0.012406783999999999;0.007558144;0.007545856;0.005367808;0.005896192;0.007333888;0.00722944;0.004072447999999999;0.003786752;0.00369152;0.003968;0.003592192;0.0020930559999999994;0.0022855680000000004;0.0025610240000000003;0.002207744;0.002046976;0.002123776;0.001632256;0.001687552;0.001967104;0.002108416;0.0015144960000000002;0.001352704;0.000918528;0.001168384;0.001118208;0.000816128;0.000620544;0.000919552;0.001145856;0.0009420800000000001;0.0003584;0.000452608;0.0005621760000000001;0.000654336;0.000633856;0.000531456;0.000893952;0.0014561280000000001;0.00089088;0.00040448000000000003;0.00065536;0.001079296;0.001528832;0.001440768;0.0008744960000000001;0.0010946560000000003;0.002637824;0.003262464;0.0026081279999999995;0.0030207999999999997;0.003004416;0.0028436480000000003;0.0025528319999999997;0.0039700479999999995;0.004491264;0.003239936;0.002046976;0.0030464;0.00350208;0.001716224;0.00229888
1789596000,hdr,0.0293;0.03906;0.04883;0.05859;0.06836;0.07813;0.08789;0.09766;0.10742;0.11719;0.12695;0.13672;0.14648;0.15625;0.16602;0.17578;0.18555;0.19531;0.20508;0.21484;0.22461;0.23438;0.24414;0.25391;0.26367;0.27344;0.2832;0.29297;0.30273;0.3125;0.32227;0.33203;0.3418;0.35156;0.36133;0.37109;0.38086;0.39063;0.40039;0.41016;0.41992;0.42969;0.43945;0.44922;0.45898;0.46875;0.47852;0.48828;0.49805;0.50781;0.51758;0.52734;0.53711;0.54688;0.55664;0.56641;0.57617;0.58594;0.5957;0.60547;0.61523;0.625;0.63477;0.64453;0.6543;0.66406;0.67383;0.68359;0.69336;0.70313;0.71289;0.72266;0.73242;0.74219;0.75195;0.76172;0.77148;0.78125;0.79102,0.0020838399999999996;0.004040704;0.005116928;0.007038976;0.012584960000000001;0.016418816;0.0145152;0.014183424;0.026052608;0.0322816;0.028617728;0.026512384000000003;0.02348032;0.025708543999999996;0.021652479999999998;0.018180095999999996;0.01273856;0.00896512;0.0052746239999999995;0.005721088;0.00619008;0.00513536;0.006259712000000001;0.007244799999999999;0.0055306240000000005;0.004320256;0.003152896;0.0027975680000000003;0.0020572159999999997;0.0017725439999999998;0.001627136;0.002816;0.0016179200000000001;0.0010762240000000002;0.001425408;0.001338368;0.0011755519999999998;0.001498112;0.0015431680000000001;0.0012953600000000002;0.0013117439999999999;0.001662976;0.001477632;0.001498112;0.000837632;0.00061952;0.000787456;0.0007290879999999999;0.000536576;0.001273856;0.001325056;0.0011468799999999999;0.001096704;0.000700416;0.001035264;0.0013117439999999999;0.001009664;0.000704512;0.0009205759999999999;0.0011919360000000002;0.0013352960000000001;0.001088512;0.0009717759999999999;0.001301504;0.00195584;0.001989632;0.00175104;0.0018257920000000001;0.002179072;0.00115712;0.001149952;0.001849344;0.002681856;0.00262144;0.0025917439999999996;0.003129344;0.002064384;0.001998848;0.001348608
1789596900,hdr,0.0293;0.03906;0.04883;0.05859;0.06836;0.07813;0.08789;0.09766;0.10742;0.11719;0.12695;0.13672;0.14648;0.15625;0.16602;0.17578;0.18555;0.19531;0.20508;0.21484;0.22461;0.23438;0.24414;0.25391;0.26367;0.27344;0.2832;0.29297;0.30273;0.3125;0.32227;0.33203;0.3418;0.35156;0.36133;0.37109;0.38086;0.39063;0.40039;0.41016;0.41992;0.42969;0.43945;0.44922;0.45898;0.46875;0.47852;0.48828;0.49805;0.50781;0.51758;0.52734;0.53711;0.54688;0.55664;0.56641;0.57617;0.58594;0.5957;0.60547;0.61523;0.625;0.63477;0.64453;0.6543;0.66406;0.67383;0.68359;0.69336;0.70313;0.71289;0.72266;0.73242;0.74219;0.75195;0.76172;0.77148;0.78125;0.79102,0.000949248;0.0010127360000000002;0.0029757440000000002;0.005466112;0.014390271999999999;0.019115008;0.01171456;0.012613632000000001;0.018312191999999998;0.023270399999999997;0.02954752;0.034793472;0.027525120000000004;0.017190912;0.014459904;0.01467904;0.012141568;0.0059985920000000005;0.0042936319999999995;0.005293056;0.004054016;0.001992704;0.003231744;0.0058890240000000005;0.007417856;0.0044103680000000004;0.003064832;0.003050496;0.0023572479999999997;0.00206848;0.002331648;0.001408;0.000913408;0.001348608;0.0015656959999999999;0.001422336;0.000945152;0.001188864;0.0012441599999999998;0.000923648;0.000759808;0.000930816;0.000891904;0.00119808;0.00099328;0.0009431040000000001;0.0009625599999999999;0.001053696;0.0010178560000000001;0.0011632640000000002;0.0011233280000000003;0.001099776;0.0006973439999999999;0.000548864;0.000887808;0.000937984;0.000715776;0.000679936;0.000688128;0.00054272;0.000782336;0.001137664;0.001757184;0.001089536;0.001101824;0.000780288;0.0008386559999999999;0.0012625919999999999;0.0011704320000000001;0.00183296;0.002829312;0.0013660159999999998;0.0014274560000000001;0.0015452159999999999;0.0013608960000000001;0.002097152;0.0018575360000000001;0.001000448;0.0009216000000000001
1789597800,hdr,0.0293;0.03906;0.04883;0.05859;0.06836;0.07813;0.08789;0.09766;0.10742;0.11719;0.12695;0.13672;0.14648;0.15625;0.16602;0.17578;0.18555;0.19531;0.20508;0.21484;0.22461;0.23438;0.24414;0.25391;0.26367;0.27344;0.2832;0.29297;0.30273;0.3125;0.32227;0.33203;0.3418;0.35156;0.36133;0.37109;0.38086;0.39063;0.40039;0.41016;0.41992;0.42969;0.43945;0.44922;0.45898;0.46875;0.47852;0.48828;0.49805;0.50781;0.51758;0.52734;0.53711;0.54688;0.55664;0.56641;0.57617;0.58594;0.5957;0.60547;0.61523;0.625;0.63477;0.64453;0.6543;0.66406;0.67383;0.68359;0.69336;0.70313;0.71289;0.72266;0.73242;0.74219;0.75195;0.76172;0.77148;0.78125;0.79102,0.001755136;0.00361984;0.004658176;0.005724160000000001;0.010180608;0.0091904;0.00575488;0.010441727999999999;0.02452992;0.043358207999999995;0.031499264;0.020499456;0.024646656;0.024222719999999996;0.014512128000000001;0.014888960000000001;0.017375232;0.009027583999999998;0.00621568;0.004046848;0.004118528000000001;0.004371456;0.005271552;0.0057251839999999995;0.004919296;0.004251648;0.0034037760000000003;0.0031969280000000004;0.003555328;0.0020172799999999998;0.0012707839999999998;0.001385472;0.001058816;0.0012789759999999998;0.001692672;0.0014592000000000001;0.0013056;0.001058816;0.000672768;0.0007833599999999999;0.001318912;0.0015667199999999997;0.00163328;0.000953344;0.0010833919999999999;0.0008366080000000001;0.0007352319999999999;0.000927744;0.000831488;0.0007772160000000001;0.001091584;0.0009830400000000001;0.000995328;0.0009758719999999999;0.00063488;0.0005888;0.0007075839999999999;0.000551936;0.000535552;0.000791552;0.001043456;0.000769024;0.000531456;0.0009021439999999999;0.000712704;0.00050176;0.0006778880000000001;0.0006952960000000001;0.0005877759999999999;0.000632832;0.000551936;0.0005324799999999999;0.0008591359999999999;0.0009441279999999999;0.000484352;0.000444416;0.0005836799999999999;0.000590848;0.000510976
1789598700,hdr,0.0293;0.03906;0.04883;0.05859;0.06836;0.07813;0.08789;0.09766;0.10742;0.11719;0.12695;0.13672;0.14648;0.15625;0.16602;0.17578;0.18555;0.19531;0.20508;0.21484;0.22461;0.23438;0.24414;0.25391;0.26367;0.27344;0.2832;0.29297;0.30273;0.3125;0.32227;0.33203;0.3418;0.35156;0.36133;0.37109;0.38086;0.39063;0.40039;0.41016;0.41992;0.42969;0.43945;0.44922;0.45898;0.46875;0.47852;0.48828;0.49805;0.50781;0.51758;0.52734;0.53711;0.54688;0.55664;0.56641;0.57617;0.58594;0.5957;0.60547;0.61523;0.625;0.63477;0.64453;0.6543;0.66406;0.67383;0.68359;0.69336;0.70313;0.71289;0.72266;0.73242;0.74219;0.75195;0.76172;0.77148;0.78125;0.79102,0.006246400000000001;0.009854976000000001;0.008569855999999999;0.008481792000000002;0.00790528;0.009480192;0.0066304;0.01134592;0.026492928;0.031044608;0.018038784;0.021371904;0.024663039999999997;0.014373888000000001;0.011624447999999999;0.015833088;0.014059519999999999;0.007575551999999999;0.00565248;0.005134336000000001;0.003111936;0.0036730879999999997;0.006005760000000001;0.00636416;0.004237312;0.003267584;0.0022855680000000004;0.0018995200000000002;0.001765376;0.002020352;0.0024002560000000004;0.001637376;0.001416192;0.0016404479999999999;0.001097728;0.000800768;0.000922624;0.0010086399999999999;0.001381376;0.000912384;0.0008355839999999999;0.001053696;0.0013117439999999999;0.001265664;0.001176576;0.000772096;0.001082368;0.0010209280000000002;0.000607232;0.000712704;0.000924672;0.0010936319999999998;0.0009830400000000001;0.0008386559999999999;0.000764928;0.0010127360000000002;0.000548864;0.00039628799999999996;0.000621568;0.000995328;0.001323008;0.000751616;0.000525312;0.000633856;0.00075264;0.0007188480000000001;0.0005867520000000001;0.000528384;0.000557056;0.000412672;0.000504832;0.000439296;0.0004884479999999999;0.00043724800000000005;0.0005713920000000001;0.000700416;0.000782336;0.0005724160000000001;0.000468992
1789599600,hdr,0.0293;0.03906;0.04883;0.05859;0.06836;0.07813;0.08789;0.09766;0.10742;0.11719;0.12695;0.13672;0.14648;0.15625;0.16602;0.17578;0.18555;0.19531;0.20508;0.21484;0.22461;0.23438;0.24414;0.25391;0.26367;0.27344;0.2832;0.29297;0.30273;0.3125;0.32227;0.33203;0.3418;0.35156;0.36133;0.37109;0.38086;0.39063;0.40039;0.41016;0.41992;0.42969;0.43945;0.44922;0.45898;0.46875;0.47852;0.48828;0.49805;0.50781;0.51758;0.52734;0.53711;0.54688;0.55664;0.56641;0.57617;0.58594;0.5957;0.60547;0.61523;0.625;0.63477;0.64453;0.6543;0.66406;0.67383;0.68359;0.69336;0.70313;0.71289;0.72266;0.73242;0.74219;0.75195;0.76172;0.77148;0.78125;0.79102,0.0055480320000000005;0.013730816;0.013018112000000002;0.008178688;0.013500416;0.021625856;0.015023103999999999;0.00929792;0.018546688;0.050190336;0.035566591999999994;0.022669312;0.011582464;0.020322304;0.02366464;0.021020672;0.015120384;0.009439232;0.006468607999999999;0.003782656;0.004942848;0.006181888;0.00459264;0.0036392959999999998;0.003504128;0.0025384959999999995;0.00330752;0.002219008;0.0019886079999999998;0.001723392;0.001293312;0.001376256;0.0015943679999999999;0.001108992;0.000785408;0.0006891520000000001;0.000887808;0.000985088;0.001275904;0.001050624;0.000842752;0.0009748480000000001;0.000785408;0.000879616;0.0007168;0.000662528;0.000912384;0.000813056;0.00055296;0.000651264;0.000766976;0.00088576;0.00047001599999999997;0.000561152;0.000676864;0.00057856;0.000731136;0.000555008;0.000623616;0.000606208;0.000525312;0.000565248;0.0005007359999999999;0.00034816000000000003;0.000411648;0.0005621760000000001;0.00039936;0.000555008;0.000519168;0.00047718399999999996;0.000288768;0.00025088;0.000283648;0.000484352;0.000421888;0.00023040000000000002;0.000313344;0.000278528;0.00033484799999999995
1789600500,hdr,0.0293;0.03906;0.04883;0.05859;0.06836;0.07813;0.08789;0.09766;0.10742;0.11719;0.12695;0.13672;0.14648;0.15625;0.16602;0.17578;0.18555;0.19531;0.20508;0.21484;0.22461;0.23438;0.24414;0.25391;0.26367;0.27344;0.2832;0.29297;0.30273;0.3125;0.32227;0.33203;0.3418;0.35156;0.36133;0.37109;0.38086;0.39063;0.40039;0.41016;0.41992;0.42969;0.43945;0.44922;0.45898;0.46875;0.47852;0.48828;0.49805;0.50781;0.51758;0.52734;0.53711;0.54688;0.55664;0.56641;0.57617;0.58594;0.5957;0.60547;0.61523;0.625;0.63477;0.64453;0.6543;0.66406;0.67383;0.68359;0.69336;0.70313;0.71289;0.72266;0.73242;0.74219;0.75195;0.76172;0.77148;0.78125;0.79102,0.0031744;0.007250944;0.011648;0.011772928;0.0245504;0.025322496;0.014755839999999997;0.013344768;0.018295808;0.029136896;0.024808447999999997;0.027909120000000003;0.022297599999999997;0.026742784;0.030737408;0.028551168000000002;0.014562304;0.00631808;0.005527552;0.004875263999999999;0.002909184;0.005986304;0.005628928;0.004803584;0.00305664;0.0015616000000000002;0.001186816;0.001746944;0.001308672;0.002046976;0.001975296;0.0018524160000000002;0.001650688;0.0011509760000000002;0.001610752;0.001895424;0.0012032;0.0012288;0.001309696;0.00103424;0.001307648;0.00115712;0.0007843840000000001;0.00077824;0.000580608;0.0010250239999999998;0.00104448;0.0007290879999999999;0.0007464960000000001;0.0008744960000000001;0.00074752;0.0004986880000000001;0.000466944;0.000644096;0.000576512;0.00081408;0.001043456;0.00065536;0.00039936;0.000258048;0.00036864000000000005;0.00057856;0.00051712;0.000398336;0.00029696;0.000345088;0.000345088;0.000452608;0.00028671999999999997;0.00023654400000000002;0.00027648;0.000193536;0.00016384;0.00029388799999999996;0.00041472;0.000331776;0.000267264;0.00018534400000000002;0.000210944
1789601400,hdr,0.0293;0.03906;0.04883;0.05859;0.06836;0.07813;0.08789;0.09766;0.10742;0.11719;0.12695;0.13672;0.14648;0.15625;0.16602;0.17578;0.18555;0.19531;0.20508;0.21484;0.22461;0.23438;0.24414;0.25391;0.26367;0.27344;0.2832;0.29297;0.30273;0.3125;0.32227;0.33203;0.3418;0.35156;0.36133;0.37109;0.38086;0.39063;0.40039;0.41016;0.41992;0.42969;0.43945;0.44922;0.45898;0.46875;0.47852;0.48828;0.49805;0.50781;0.51758;0.52734;0.53711;0.54688;0.55664;0.56641;0.57617;0.58594;0.5957;0.60547;0.61523;0.625;0.63477;0.64453;0.6543;0.66406;0.67383;0.68359;0.69336;0.70313;0.71289;0.72266;0.73242;0.74219;0.75195;0.76172;0.77148;0.78125;0.79102,0.004274175999999999;0.008247296;0.010897408;0.01050624;0.01684992;0.02537984;0.013527039999999999;0.015731712;0.030301184;0.045618175999999996;0.028748799999999998;0.018038784;0.020388864000000003;0.020598784;0.014199808000000001;0.016079872000000002;0.013052928;0.007529472;0.0048762879999999995;0.004154367999999999;0.003818496;0.003288064;0.002588672;0.0042885119999999995;0.004007936;0.003345408;0.0028426239999999998;0.001717248;0.00164864;0.00128;0.001714176;0.0015964160000000002;0.001229824;0.0014581759999999998;0.00165376;0.0012247039999999999;0.001318912;0.0015892480000000001;0.002044928;0.001425408;0.001087488;0.001323008;0.000897024;0.000871424;0.000968704;0.0010496000000000001;0.000953344;0.000854016;0.000654336;0.000726016;0.000795648;0.000561152;0.0006041600000000001;0.000607232;0.000400384;0.000365568;0.000625664;0.00055296;0.000384;0.00031744;0.00036864000000000005;0.000535552;0.000439296;0.000413696;0.000326656;0.00023859199999999998;0.000241664;0.000233472;0.000186368;0.000188416;0.000186368;0.00018124799999999998;0.000190464;0.000249856;0.00028569600000000005;0.000120832;0.00013516800000000002;0.000116736;6.5536e-05
1789602300,hdr,0.0293;0.03906;0.04883;0.05859;0.06836;0.07813;0.08789;0.09766;0.10742;0.11719;0.12695;0.13672;0.14648;0.15625;0.16602;0.17578;0.18555;0.19531;0.20508;0.21484;0.22461;0.23438;0.24414;0.25391;0.26367;0.27344;0.2832;0.29297;0.30273;0.3125;0.32227;0.33203;0.3418;0.35156;0.36133;0.37109;0.38086;0.39063;0.40039;0.41016;0.41992;0.42969;0.43945;0.44922;0.45898;0.46875;0.47852;0.48828;0.49805;0.50781;0.51758;0.52734;0.53711;0.54688;0.55664;0.56641;0.57617;0.58594;0.5957;0.60547;0.61523;0.625;0.63477;0.64453;0.6543;0.66406;0.67383;0.68359;0.69336;0.70313;0.71289;0.72266;0.73242;0.74219;0.75195;0.76172;0.77148;0.78125;0.79102,0.0011704320000000001;0.0064348159999999995;0.007292928;0.008479744;0.023740416;0.021395455999999997;0.010274815999999999;0.012041216;0.012515328;0.016012288000000003;0.016167936;0.013012992000000001;0.008240128000000001;0.008890368000000001;0.00915968;0.017487871999999998;0.012137472000000002;0.007681024;0.004500479999999999;0.0028395519999999995;0.0020992000000000003;0.002714624;0.0028436480000000003;0.0016404479999999999;0.001864704;0.002203648;0.00197632;0.0020172799999999998;0.0013352960000000001;0.000989184;0.001273856;0.001405952;0.001353728;0.001338368;0.001462272;0.001038336;0.00160768;0.001461248;0.0007946240000000001;0.001570816;0.0020490240000000004;0.0022476799999999997;0.001723392;0.00155648;0.001611776;0.00118272;0.0011673599999999999;0.001098752;0.00062976;0.000582656;0.00055296;0.00047104000000000004;0.000616448;0.000590848;0.000395264;0.00042291200000000006;0.00036249599999999997;0.00039423999999999997;0.000388096;0.00034304;0.000310272;0.00029388799999999996;0.00036147200000000005;0.000335872;0.000314368;0.000242688;0.000191488;0.000110592;6.758400000000001e-05;0.00010956799999999999;0.0001536;0.00012390399999999998;0.00010649599999999999;0.000141312;0.000197632;0.00021913599999999998;0.00019968;0.000126976;7.8848e-05
