Epoch Time,Processing Source,f,varianceDensity
1790035200,hdr,0.0293;0.03906;0.04883;0.05859;0.06836;0.07813;0.08789;0.09766;0.10742;0.11719;0.12695;0.13672;0.14648;0.15625;0.16602;0.17578;0.18555;0.19531;0.20508;0.21484;0.22461;0.23438;0.24414;0.25391;0.26367;0.27344;0.2832;0.29297;0.30273;0.3125;0.32227;0.33203;0.3418;0.35156;0.36133;0.37109;0.38086;0.39063;0.40039;0.41016;0.41992;0.42969;0.43945;0.44922;0.45898;0.46875;0.47852;0.48828;0.49805;0.50781;0.51758;0.52734;0.53711;0.54688;0.55664;0.56641;0.57617;0.58594;0.5957;0.60547;0.61523;0.625;0.63477;0.64453;0.6543;0.66406;0.67383;0.68359;0.69336;0.70313;0.71289;0.72266;0.73242;0.74219;0.75195;0.76172;0.77148;0.78125;0.79102,0.00047923199999999995;0.002254848;0.004343808;0.002619392;0.0040765440000000005;0.010863616;0.014902272000000001;0.015475711999999999;0.008118272;0.023611392;0.028941312;0.051774464;0.037417983999999994;0.018233344;0.03649331200000001;0.042567680000000004;0.038322176;0.041852928;0.047297536;0.026407935999999996;0.020078592;0.022575104;0.015691776;0.011020288;0.007617536;0.004798464;0.006912;0.008619008;0.010334208000000001;0.010845183999999999;0.009704448;0.0070471679999999995;0.005174272;0.003328;0.004810752;0.004366336;0.0029173759999999997;0.0030945279999999996;0.0029634559999999997;0.002390016;0.002505728;0.0024002560000000004;0.0028672;0.001501184;0.001168384;0.000970752;0.001248256;0.00118272;0.000964608;0.000751616;0.000379904;0.00036454399999999996;0.00047718399999999996;0.000644096;0.0009717759999999999;0.000781312;0.000466944;0.000643072;0.0006502400000000001;0.00029183999999999997;0.00032256;0.000162816;0.000282624;0.00020172799999999998;0.000193536;0.000264192;0.00013516800000000002;0.000173056;0.000129024;0.000151552;0.000218112;0.000188416;0.000151552;0.000162816;0.00013516800000000002;0.00011264;0.000124928;9.8304e-05;7.0656e-05
1790036100,hdr,0.0293;0.03906;0.04883;0.05859;0.06836;0.07813;0.08789;0.09766;0.10742;0.11719;0.12695;0.13672;0.14648;0.15625;0.16602;0.17578;0.18555;0.19531;0.20508;0.21484;0.22461;0.23438;0.24414;0.25391;0.26367;0.27344;0.2832;0.29297;0.30273;0.3125;0.32227;0.33203;0.3418;0.35156;0.36133;0.37109;0.38086;0.39063;0.40039;0.41016;0.41992;0.42969;0.43945;0.44922;0.45898;0.46875;0.47852;0.48828;0.49805;0.50781;0.51758;0.52734;0.53711;0.54688;0.55664;0.56641;0.57617;0.58594;0.5957;0.60547;0.61523;0.625;0.63477;0.64453;0.6543;0.66406;0.67383;0.68359;0.69336;0.70313;0.71289;0.72266;0.73242;0.74219;0.75195;0.76172;0.77148;0.78125;0.79102,0.000536576;0.0023439359999999996;0.0030822400000000004;0.002372608;0.0038297599999999998;0.008728576000000002;0.0132352;0.013651968;0.018305024;0.030644224;0.024121344;0.043160576;0.047586303999999996;0.044925952000000005;0.035391488000000006;0.044191744;0.053705728;0.053092352;0.035400704;0.021527552;0.015502335999999999;0.015603711999999999;0.010811392;0.010070016000000001;0.009344;0.007337984;0.007545856;0.009662463999999999;0.01193984;0.016733184;0.010702848;0.0063744;0.005122048000000001;0.004425728;0.005188608;0.006956032;0.007161855999999999;0.0038871039999999997;0.002576384;0.002021376;0.00246272;0.002154496;0.0015493120000000002;0.002107392;0.001512448;0.0014878720000000001;0.0011264;0.000995328;0.0010516479999999999;0.000738304;0.0006789119999999999;0.00043008000000000006;0.000413696;0.000606208;0.000646144;0.00054272;0.000305152;0.000200704;0.00014950399999999998;0.000315392;0.00028671999999999997;0.00022323200000000002;0.00020889599999999997;0.000217088;0.00018124799999999998;0.000120832;0.0001536;0.000125952;9.6256e-05;0.000105472;0.00012185600000000001;0.000188416;0.000200704;0.000183296;0.00010956799999999999;9.6256e-05;9.6256e-05;8.704000000000001e-05;9.6256e-05
1790037000,hdr,0.0293;0.03906;0.04883;0.05859;0.06836;0.07813;0.08789;0.09766;0.10742;0.11719;0.12695;0.13672;0.14648;0.15625;0.16602;0.17578;0.18555;0.19531;0.20508;0.21484;0.22461;0.23438;0.24414;0.25391;0.26367;0.27344;0.2832;0.29297;0.30273;0.3125;0.32227;0.33203;0.3418;0.35156;0.36133;0.37109;0.38086;0.39063;0.40039;0.41016;0.41992;0.42969;0.43945;0.44922;0.45898;0.46875;0.47852;0.48828;0.49805;0.50781;0.51758;0.52734;0.53711;0.54688;0.55664;0.56641;0.57617;0.58594;0.5957;0.60547;0.61523;0.625;0.63477;0.64453;0.6543;0.66406;0.67383;0.68359;0.69336;0.70313;0.71289;0.72266;0.73242;0.74219;0.75195;0.76172;0.77148;0.78125;0.79102,0.006355968;0.006416384;0.0056872960000000005;0.0062679039999999995;0.012356608;0.008195072;0.012108800000000001;0.01339392;0.014239744;0.023878655999999998;0.026609663999999998;0.035083264;0.04534272;0.051213312000000004;0.045679616;0.051149824;0.036388864;0.027185151999999997;0.023543807999999996;0.024598528;0.027948032000000005;0.01708544;0.011332608000000001;0.012122111999999999;0.007932928;0.00822784;0.0070471679999999995;0.008895488000000002;0.007568384;0.0090112;0.009244671999999999;0.009170944000000002;0.007533568;0.006340607999999999;0.005174272;0.002625536;0.002395136;0.004205568;0.004204544;0.0022231040000000005;0.0023500800000000005;0.0020746239999999997;0.0013219840000000002;0.001409024;0.0013547519999999999;0.0017930239999999998;0.001472512;0.00088576;0.000896;0.000863232;0.000423936;0.000350208;0.00023654400000000002;0.000279552;0.000349184;0.00029286400000000005;0.000421888;0.000380928;0.000305152;0.00014643200000000002;0.00030412799999999997;0.000339968;0.000241664;0.00022323200000000002;0.0001536;0.000137216;0.000116736;0.00012288000000000002;0.000141312;0.000159744;0.000156672;0.000128;0.00012288000000000002;0.00014745600000000002;0.00015462400000000002;0.000105472;7.167999999999999e-05;6.8608e-05;9.932800000000001e-05
1790037900,hdr,0.0293;0.03906;0.04883;0.05859;0.06836;0.07813;0.08789;0.09766;0.10742;0.11719;0.12695;0.13672;0.14648;0.15625;0.16602;0.17578;0.18555;0.19531;0.20508;0.21484;0.22461;0.23438;0.24414;0.25391;0.26367;0.27344;0.2832;0.29297;0.30273;0.3125;0.32227;0.33203;0.3418;0.35156;0.36133;0.37109;0.38086;0.39063;0.40039;0.41016;0.41992;0.42969;0.43945;0.44922;0.45898;0.46875;0.47852;0.48828;0.49805;0.50781;0.51758;0.52734;0.53711;0.54688;0.55664;0.56641;0.57617;0.58594;0.5957;0.60547;0.61523;0.625;0.63477;0.64453;0.6543;0.66406;0.67383;0.68359;0.69336;0.70313;0.71289;0.72266;0.73242;0.74219;0.75195;0.76172;0.77148;0.78125;0.79102,0.013962239999999999;0.020350976;0.017043456;0.017209344;0.010804224;0.014286848000000001;0.022627328;0.020429824;0.01287168;0.029872128;0.039958528;0.046116864;0.049982464;0.066307072;0.048057343999999995;0.031371263999999996;0.047510527999999996;0.069383168;0.043156480000000004;0.030247936;0.019229696;0.015227904;0.016987136;0.008139776;0.0074803199999999995;0.010587135999999999;0.009350144;0.007025664;0.00741888;0.009015295999999999;0.008795135999999999;0.006571008;0.005291008;0.004413439999999999;0.002070528;0.002067456;0.002207744;0.0018442240000000002;0.001850368;0.00246784;0.0025856;0.002280448;0.00187392;0.0020244480000000003;0.001636352;0.0008837120000000001;0.00068608;0.0006604799999999999;0.000664576;0.000550912;0.00081408;0.000756736;0.0007884799999999999;0.000623616;0.000454656;0.000398336;0.000382976;0.00040243200000000004;0.000226304;0.000246784;0.000274432;0.000284672;0.00019865600000000002;0.000193536;0.00023040000000000002;0.000188416;0.000165888;0.00016384;0.000159744;0.000206848;0.000216064;0.00013311999999999997;0.000128;0.00010956799999999999;9.113599999999999e-05;9.3184e-05;7.782399999999999e-05;9.6256e-05;0.00011161600000000001
1790039700,hdr,0.0293;0.03906;0.04883;0.05859;0.06836;0.07813;0.08789;0.09766;0.10742;0.11719;0.12695;0.13672;0.14648;0.15625;0.16602;0.17578;0.18555;0.19531;0.20508;0.21484;0.22461;0.23438;0.24414;0.25391;0.26367;0.27344;0.2832;0.29297;0.30273;0.3125;0.32227;0.33203;0.3418;0.35156;0.36133;0.37109;0.38086;0.39063;0.40039;0.41016;0.41992;0.42969;0.43945;0.44922;0.45898;0.46875;0.47852;0.48828;0.49805;0.50781;0.51758;0.52734;0.53711;0.54688;0.55664;0.56641;0.57617;0.58594;0.5957;0.60547;0.61523;0.625;0.63477;0.64453;0.6543;0.66406;0.67383;0.68359;0.69336;0.70313;0.71289;0.72266;0.73242;0.74219;0.75195;0.76172;0.77148;0.78125;0.79102,0.003470336;0.0026347520000000006;0.004231168;0.0037754880000000005;0.009039872000000001;0.009218048;0.015271936;0.021731328;0.020141056;0.03309568;0.03667968;0.068231168;0.075056128;0.06428876800000001;0.050410496;0.04647424000000001;0.048321536;0.0499968;0.048007167999999996;0.032254976;0.017229824;0.02101248;0.01038848;0.009049088;0.008209408;0.007449600000000001;0.006920192;0.006199296;0.004222976;0.005484544;0.007330816;0.004281344;0.004304896000000001;0.003191808;0.002272256;0.002306048;0.002914304;0.0034990079999999996;0.0026234879999999998;0.00222208;0.002371584;0.001928192;0.001600512;0.001096704;0.00088576;0.000758784;0.000649216;0.000795648;0.0007976959999999999;0.000668672;0.0009256959999999999;0.00081408;0.00047411199999999995;0.00034099200000000003;0.000413696;0.00021913599999999998;0.00029798400000000005;0.000456704;0.00045568;0.00030924800000000003;0.000252928;0.000288768;0.000274432;0.000190464;0.000251904;0.00026623999999999994;0.00029593599999999995;0.000352256;0.000390144;0.000459776;0.0005468159999999999;0.000679936;0.000638976;0.000490496;0.000475136;0.000518144;0.00055296;0.000800768;0.0009472
1790040600,hdr,0.0293;0.03906;0.04883;0.05859;0.06836;0.07813;0.08789;0.09766;0.10742;0.11719;0.12695;0.13672;0.14648;0.15625;0.16602;0.17578;0.18555;0.19531;0.20508;0.21484;0.22461;0.23438;0.24414;0.25391;0.26367;0.27344;0.2832;0.29297;0.30273;0.3125;0.32227;0.33203;0.3418;0.35156;0.36133;0.37109;0.38086;0.39063;0.40039;0.41016;0.41992;0.42969;0.43945;0.44922;0.45898;0.46875;0.47852;0.48828;0.49805;0.50781;0.51758;0.52734;0.53711;0.54688;0.55664;0.56641;0.57617;0.58594;0.5957;0.60547;0.61523;0.625;0.63477;0.64453;0.6543;0.66406;0.67383;0.68359;0.69336;0.70313;0.71289;0.72266;0.73242;0.74219;0.75195;0.76172;0.77148;0.78125;0.79102,0.0022476799999999997;0.007578624;0.0031969280000000004;0.006700032;0.009952256;0.012617728;0.008473599999999998;0.018480128000000002;0.011947008;0.017974272;0.050655231999999994;0.0633344;0.076530688;0.056569856;0.043092992000000004;0.035241984000000004;0.034029567999999996;0.059414528;0.05564416;0.037516288;0.026486784;0.019560448;0.00909824;0.007367680000000001;0.01222656;0.009474048;0.0042659840000000004;0.0056555519999999995;0.00812544;0.006687744000000001;0.0033228800000000003;0.0045670400000000005;0.0055808;0.0044748800000000005;0.004133888;0.004902912;0.0027320319999999997;0.00145408;0.001750016;0.0014172160000000002;0.0017018880000000001;0.001603584;0.0011202559999999998;0.0010762240000000002;0.000745472;0.00079872;0.0006277120000000001;0.000712704;0.0010936319999999998;0.000561152;0.000350208;0.00047308800000000003;0.000510976;0.00037478399999999997;0.0005099519999999999;0.000457728;0.000372736;0.000451584;0.000497664;0.00036147200000000005;0.000439296;0.00041472;0.00043724800000000005;0.0007137280000000001;0.0009021439999999999;0.000898048;0.0007413760000000001;0.000818176;0.001381376;0.001560576;0.0017530879999999999;0.001809408;0.001714176;0.001865728;0.00204288;0.002523136;0.003423232;0.002569216;0.001837056
1790041500,hdr,0.0293;0.03906;0.04883;0.05859;0.06836;0.07813;0.08789;0.09766;0.10742;0.11719;0.12695;0.13672;0.14648;0.15625;0.16602;0.17578;0.18555;0.19531;0.20508;0.21484;0.22461;0.23438;0.24414;0.25391;0.26367;0.27344;0.2832;0.29297;0.30273;0.3125;0.32227;0.33203;0.3418;0.35156;0.36133;0.37109;0.38086;0.39063;0.40039;0.41016;0.41992;0.42969;0.43945;0.44922;0.45898;0.46875;0.47852;0.48828;0.49805;0.50781;0.51758;0.52734;0.53711;0.54688;0.55664;0.56641;0.57617;0.58594;0.5957;0.60547;0.61523;0.625;0.63477;0.64453;0.6543;0.66406;0.67383;0.68359;0.69336;0.70313;0.71289;0.72266;0.73242;0.74219;0.75195;0.76172;0.77148;0.78125;0.79102,0.002919424;0.009449472;0.007081984;0.004624384;0.009547776;0.012775423999999999;0.015348736;0.013135872000000002;0.011805696;0.01780224;0.035631104;0.055346176;0.056201216;0.070540288;0.047505408000000006;0.03368652800000001;0.045536256000000004;0.04861337600000001;0.036641792;0.026779648;0.025614336;0.01608704;0.011959296;0.0087808;0.006791167999999999;0.006008832;0.0038963199999999996;0.004160512;0.0026808319999999997;0.0023347199999999998;0.0023511039999999997;0.004934656;0.0060385280000000005;0.004424704000000001;0.00334848;0.00292864;0.001818624;0.001409024;0.001820672;0.001119232;0.0016711679999999998;0.001856512;0.00133632;0.001009664;0.0013322240000000001;0.00124928;0.000933888;0.00059904;0.00032768;0.00052224;0.000550912;0.0005898240000000001;0.000505856;0.000518144;0.00036249599999999997;0.0006000640000000001;0.0008110079999999999;0.000408576;0.000536576;0.000643072;0.00037785600000000004;0.0005580800000000001;0.000899072;0.000970752;0.001570816;0.00197632;0.002363392;0.002219008;0.0017602560000000002;0.001723392;0.002243584;0.0023265280000000004;0.00305664;0.002753536;0.0028999679999999997;0.002494464;0.002571264;0.0020398079999999997;0.001619968
1790042400,hdr,0.0293;0.03906;0.04883;0.05859;0.06836;0.07813;0.08789;0.09766;0.10742;0.11719;0.12695;0.13672;0.14648;0.15625;0.16602;0.17578;0.18555;0.19531;0.20508;0.21484;0.22461;0.23438;0.24414;0.25391;0.26367;0.27344;0.2832;0.29297;0.30273;0.3125;0.32227;0.33203;0.3418;0.35156;0.36133;0.37109;0.38086;0.39063;0.40039;0.41016;0.41992;0.42969;0.43945;0.44922;0.45898;0.46875;0.47852;0.48828;0.49805;0.50781;0.51758;0.52734;0.53711;0.54688;0.55664;0.56641;0.57617;0.58594;0.5957;0.60547;0.61523;0.625;0.63477;0.64453;0.6543;0.66406;0.67383;0.68359;0.69336;0.70313;0.71289;0.72266;0.73242;0.74219;0.75195;0.76172;0.77148;0.78125;0.79102,0.003922944;0.00504832;0.0057446400000000005;0.005240832;0.01057792;0.013413376;0.01112064;0.007541760000000001;0.011966464;0.016449536;0.039271424000000006;0.056834048000000005;0.09522995199999999;0.078487552;0.07824588799999999;0.055771136;0.05734502400000001;0.06661324799999999;0.039291904;0.02092032;0.023138304;0.023230464;0.014245888000000002;0.010903552;0.007507968;0.005470208000000001;0.003319808;0.004651008;0.00361472;0.004790272;0.004287487999999999;0.0042434560000000005;0.004369408;0.0026327039999999996;0.002527232;0.002225152;0.002200576;0.0019230719999999998;0.0014172160000000002;0.001281024;0.001404928;0.001201152;0.001220608;0.00109056;0.0009144320000000001;0.000610304;0.00047104000000000004;0.0006912;0.000395264;0.000244736;0.000315392;0.000283648;0.000628736;0.00091136;0.000899072;0.00100352;0.0011960319999999999;0.000714752;0.000955392;0.001297408;0.002282496;0.0025200640000000002;0.002905088;0.003972096;0.002116608;0.00198144;0.001983488;0.002977792;0.004154367999999999;0.0027586560000000004;0.003515392;0.0036884480000000004;0.0026368000000000003;0.002417664;0.0021360640000000005;0.002427904;0.0013864959999999999;0.0013322240000000001;0.001538048
1790043300,hdr,0.0293;0.03906;0.04883;0.05859;0.06836;0.07813;0.08789;0.09766;0.10742;0.11719;0.12695;0.13672;0.14648;0.15625;0.16602;0.17578;0.18555;0.19531;0.20508;0.21484;0.22461;0.23438;0.24414;0.25391;0.26367;0.27344;0.2832;0.29297;0.30273;0.3125;0.32227;0.33203;0.3418;0.35156;0.36133;0.37109;0.38086;0.39063;0.40039;0.41016;0.41992;0.42969;0.43945;0.44922;0.45898;0.46875;0.47852;0.48828;0.49805;0.50781;0.51758;0.52734;0.53711;0.54688;0.55664;0.56641;0.57617;0.58594;0.5957;0.60547;0.61523;0.625;0.63477;0.64453;0.6543;0.66406;0.67383;0.68359;0.69336;0.70313;0.71289;0.72266;0.73242;0.74219;0.75195;0.76172;0.77148;0.78125;0.79102,0.005694464;0.012507135999999999;0.008136704;0.009115648;0.014490624;0.01359872;0.013394944;0.018446336;0.018629632;0.022643712;0.029199359999999997;0.046906368000000004;0.07985766400000001;0.081481728;0.064776192;0.045328384;0.043395072;0.06511615999999999;0.067849216;0.036361216;0.018855936;0.011902976000000001;0.00909824;0.006167552;0.004704256;0.006233088;0.006710272;0.005955584;0.003936256;0.003451904;0.00339456;0.00387072;0.004263936;0.003975168;0.00246784;0.001907712;0.0013701120000000002;0.001467392;0.0011509760000000002;0.0012523519999999998;0.0010086399999999999;0.001004544;0.000690176;0.001063936;0.00089088;0.0006973439999999999;0.0006952960000000001;0.000766976;0.0008089600000000001;0.00087552;0.00091136;0.001358848;0.0015616000000000002;0.001455104;0.0011007999999999999;0.0008591359999999999;0.0014233599999999998;0.001970176;0.00336896;0.004160512;0.0049285119999999995;0.004854784000000001;0.00589312;0.005244928;0.0034754559999999996;0.004059136;0.003039232;0.0022476799999999997;0.0021002239999999995;0.001820672;0.001627136;0.002056192;0.002204672;0.002659328;0.002879488;0.00226816;0.002436096;0.001861632;0.0016895999999999999
1790044200,hdr,0.0293;0.03906;0.04883;0.05859;0.06836;0.07813;0.08789;0.09766;0.10742;0.11719;0.12695;0.13672;0.14648;0.15625;0.16602;0.17578;0.18555;0.19531;0.20508;0.21484;0.22461;0.23438;0.24414;0.25391;0.26367;0.27344;0.2832;0.29297;0.30273;0.3125;0.32227;0.33203;0.3418;0.35156;0.36133;0.37109;0.38086;0.39063;0.40039;0.41016;0.41992;0.42969;0.43945;0.44922;0.45898;0.46875;0.47852;0.48828;0.49805;0.50781;0.51758;0.52734;0.53711;0.54688;0.55664;0.56641;0.57617;0.58594;0.5957;0.60547;0.61523;0.625;0.63477;0.64453;0.6543;0.66406;0.67383;0.68359;0.69336;0.70313;0.71289;0.72266;0.73242;0.74219;0.75195;0.76172;0.77148;0.78125;0.79102,0.008865792;0.011370495999999999;0.013645823999999999;0.0216832;0.019174399999999998;0.012242943999999999;0.004453375999999999;0.009417728;0.0200704;0.019838975999999998;0.025464832000000003;0.044408831999999995;0.07853158399999999;0.10428108800000001;0.067830784;0.055421952;0.040494079999999995;0.042579968;0.038358015999999995;0.032375808;0.026255360000000002;0.019080192;0.019519487999999998;0.013785088;0.008948736;0.0074803199999999995;0.005249024000000001;0.00316928;0.002241536;0.002852864;0.002816;0.003162112;0.0028672;0.0024852480000000002;0.0028672;0.002885632;0.0018841600000000002;0.001627136;0.001700864;0.001741824;0.001998848;0.001405952;0.001165312;0.001451008;0.001185792;0.000795648;0.0012052480000000001;0.001234944;0.001052672;0.001933312;0.0020162559999999997;0.0022855680000000004;0.0023552;0.0030330879999999998;0.00475136;0.007638016000000001;0.00802816;0.005156864;0.005354496;0.00605696;0.004110336;0.003540992;0.00408576;0.003782656;0.003648512;0.004092928;0.003341312;0.002931712;0.0030781439999999997;0.002584576;0.001964032;0.0028047360000000004;0.003166208;0.0023838720000000004;0.0018995200000000002;0.0019210240000000001;0.001755136;0.0015616000000000002;0.0018862080000000001
1790045100,hdr,0.0293;0.03906;0.04883;0.05859;0.06836;0.07813;0.08789;0.09766;0.10742;0.11719;0.12695;0.13672;0.14648;0.15625;0.16602;0.17578;0.18555;0.19531;0.20508;0.21484;0.22461;0.23438;0.24414;0.25391;0.26367;0.27344;0.2832;0.29297;0.30273;0.3125;0.32227;0.33203;0.3418;0.35156;0.36133;0.37109;0.38086;0.39063;0.40039;0.41016;0.41992;0.42969;0.43945;0.44922;0.45898;0.46875;0.47852;0.48828;0.49805;0.50781;0.51758;0.52734;0.53711;0.54688;0.55664;0.56641;0.57617;0.58594;0.5957;0.60547;0.61523;0.625;0.63477;0.64453;0.6543;0.66406;0.67383;0.68359;0.69336;0.70313;0.71289;0.72266;0.73242;0.74219;0.75195;0.76172;0.77148;0.78125;0.79102,0.001538048;0.0038963199999999996;0.006252544;0.010948608;0.016733184;0.019159040000000002;0.012662784;0.011201536;0.011810816;0.020257791999999997;0.029590527999999998;0.061270016;0.08637132800000001;0.061868031999999996;0.046157824;0.035163136;0.030947327999999996;0.053298176;0.059425792;0.034573311999999995;0.026346496;0.013802496;0.0066713599999999994;0.008966144;0.008018944;0.004262912000000001;0.005878784;0.004995072;0.003771392;0.003540992;0.003411968;0.004016128;0.0042496;0.002476032;0.0028436480000000003;0.002807808;0.001861632;0.001284096;0.00180736;0.001932288;0.001435648;0.0008192000000000001;0.0009472;0.001532928;0.001711104;0.0025753599999999996;0.00239616;0.0016988160000000001;0.002489344;0.002896896;0.002962432;0.004062208;0.004808704;0.0037724160000000002;0.004425728;0.006605824000000001;0.007873536;0.006813696;0.006383616;0.005610496;0.007415808;0.006137856;0.0022425599999999998;0.002501632;0.002233344;0.0021821440000000004;0.002692096;0.00338944;0.002142208;0.002096128;0.0026859519999999997;0.00239104;0.0018862080000000001;0.00218112;0.001717248;0.0022466560000000005;0.002036736;0.002092032;0.002107392
1790046000,hdr,0.0293;0.03906;0.04883;0.05859;0.06836;0.07813;0.08789;0.09766;0.10742;0.11719;0.12695;0.13672;0.14648;0.15625;0.16602;0.17578;0.18555;0.19531;0.20508;0.21484;0.22461;0.23438;0.24414;0.25391;0.26367;0.27344;0.2832;0.29297;0.30273;0.3125;0.32227;0.33203;0.3418;0.35156;0.36133;0.37109;0.38086;0.39063;0.40039;0.41016;0.41992;0.42969;0.43945;0.44922;0.45898;0.46875;0.47852;0.48828;0.49805;0.50781;0.51758;0.52734;0.53711;0.54688;0.55664;0.56641;0.57617;0.58594;0.5957;0.60547;0.61523;0.625;0.63477;0.64453;0.6543;0.66406;0.67383;0.68359;0.69336;0.70313;0.71289;0.72266;0.73242;0.74219;0.75195;0.76172;0.77148;0.78125;0.79102,0.010477568;0.017106944;0.011423744;0.006565888;0.005948416;0.007151616;0.010630144000000001;0.015869952;0.01691648;0.016396288;0.032317439999999996;0.06870630400000001;0.12114739199999999;0.13981388799999997;0.082714624;0.042278911999999995;0.03862528;0.047179776;0.041298944;0.019310592;0.018689024000000002;0.019710975999999998;0.013205504;0.005727232;0.009740288;0.01112576;0.010551296;0.006872064000000001;0.004663296;0.004512768;0.004615167999999999;0.0021893120000000005;0.0018831359999999999;0.001615872;0.0018995200000000002;0.0024709120000000005;0.002921472;0.002291712;0.001088512;0.001243136;0.001723392;0.0015513600000000001;0.0016230399999999999;0.002352128;0.002184192;0.0017131520000000001;0.002019328;0.002148352;0.0031324160000000003;0.003637248;0.0059136;0.007513087999999999;0.00575488;0.00485376;0.004921344;0.00427008;0.004557824;0.005387264;0.005472255999999999;0.0069918720000000005;0.006921216;0.0045322240000000005;0.003121152;0.002092032;0.002566144;0.002291712;0.002331648;0.002468864;0.0021985280000000004;0.0025108480000000004;0.0021288960000000003;0.001878016;0.002707456;0.003584;0.00309248;0.002417664;0.0036270079999999997;0.0031088640000000002;0.001933312
1790046900,hdr,0.0293;0.03906;0.04883;0.05859;0.06836;0.07813;0.08789;0.09766;0.10742;0.11719;0.12695;0.13672;0.14648;0.15625;0.16602;0.17578;0.18555;0.19531;0.20508;0.21484;0.22461;0.23438;0.24414;0.25391;0.26367;0.27344;0.2832;0.29297;0.30273;0.3125;0.32227;0.33203;0.3418;0.35156;0.36133;0.37109;0.38086;0.39063;0.40039;0.41016;0.41992;0.42969;0.43945;0.44922;0.45898;0.46875;0.47852;0.48828;0.49805;0.50781;0.51758;0.52734;0.53711;0.54688;0.55664;0.56641;0.57617;0.58594;0.5957;0.60547;0.61523;0.625;0.63477;0.64453;0.6543;0.66406;0.67383;0.68359;0.69336;0.70313;0.71289;0.72266;0.73242;0.74219;0.75195;0.76172;0.77148;0.78125;0.79102,0.0038174719999999997;0.009695232;0.008470528;0.005490687999999999;0.015616;0.01416704;0.021861376000000002;0.021506048;0.01167872;0.013410304;0.019572736;0.050008064;0.085164032;0.096606208;0.062799872;0.059358207999999996;0.057826304;0.036195328;0.028143616000000003;0.02963456;0.030168064;0.020459520000000002;0.014229504;0.010198016;0.007261184;0.005062656;0.003751936;0.0025292799999999996;0.003509248;0.0031887359999999997;0.003694592;0.002700288;0.004028416;0.00347648;0.002577408;0.003039232;0.002233344;0.002231296;0.0014786559999999999;0.0012032;0.0015063040000000002;0.0020162559999999997;0.0026480640000000003;0.001752064;0.0009431040000000001;0.0013035520000000001;0.001618944;0.0021534719999999996;0.002276352;0.0042035200000000005;0.004645888;0.004979712000000001;0.00673792;0.008381439999999999;0.007697408;0.005312512;0.0062904319999999994;0.003600384;0.0041164800000000005;0.0046540800000000005;0.003228672;0.00256;0.001620992;0.0027320319999999997;0.001805312;0.002620416;0.002436096;0.002051072;0.00274944;0.002330624;0.00229888;0.002341888;0.0025856;0.001727488;0.002082816;0.0026060799999999998;0.003080192;0.0022978559999999996;0.002420736
1790047800,hdr,0.0293;0.03906;0.04883;0.05859;0.06836;0.07813;0.08789;0.09766;0.10742;0.11719;0.12695;0.13672;0.14648;0.15625;0.16602;0.17578;0.18555;0.19531;0.20508;0.21484;0.22461;0.23438;0.24414;0.25391;0.26367;0.27344;0.2832;0.29297;0.30273;0.3125;0.32227;0.33203;0.3418;0.35156;0.36133;0.37109;0.38086;0.39063;0.40039;0.41016;0.41992;0.42969;0.43945;0.44922;0.45898;0.46875;0.47852;0.48828;0.49805;0.50781;0.51758;0.52734;0.53711;0.54688;0.55664;0.56641;0.57617;0.58594;0.5957;0.60547;0.61523;0.625;0.63477;0.64453;0.6543;0.66406;0.67383;0.68359;0.69336;0.70313;0.71289;0.72266;0.73242;0.74219;0.75195;0.76172;0.77148;0.78125;0.79102,0.014166016000000002;0.018875392;0.017355775999999996;0.012331008;0.013636608;0.018146304;0.023421952000000003;0.018874368000000002;0.009458688;0.020450304;0.0371456;0.04904448;0.06820659200000001;0.08686387200000001;0.101384192;0.08448512;0.054355968;0.037549056;0.047099904000000005;0.048076799999999996;0.039146495999999996;0.030236672;0.015665152;0.008925184;0.0073185279999999995;0.008983551999999999;0.006107135999999999;0.004416512;0.0048783360000000005;0.003774464;0.004453375999999999;0.002377728;0.002455552;0.003946496;0.002658304;0.001401856;0.0016220159999999998;0.0018083840000000001;0.0013209599999999997;0.001742848;0.001579008;0.001429504;0.001286144;0.001902592;0.0017152;0.001998848;0.003892224;0.003708928;0.0033884159999999996;0.005543936;0.004955136000000001;0.005197823999999999;0.006193152;0.008626176;0.0057999359999999995;0.004727808;0.003735552;0.00331264;0.004082688;0.005502976000000001;0.003938304;0.0025405440000000005;0.002304;0.002349056;0.002717696;0.003134464;0.00373248;0.002864128;0.00199168;0.0020398079999999997;0.001317888;0.001610752;0.0022937599999999997;0.002006016;0.0019455999999999998;0.00177152;0.0014919679999999998;0.0018636800000000002;0.0015738879999999998
1790048700,hdr,0.0293;0.03906;0.04883;0.05859;0.06836;0.07813;0.08789;0.09766;0.10742;0.11719;0.12695;0.13672;0.14648;0.15625;0.16602;0.17578;0.18555;0.19531;0.20508;0.21484;0.22461;0.23438;0.24414;0.25391;0.26367;0.27344;0.2832;0.29297;0.30273;0.3125;0.32227;0.33203;0.3418;0.35156;0.36133;0.37109;0.38086;0.39063;0.40039;0.41016;0.41992;0.42969;0.43945;0.44922;0.45898;0.46875;0.47852;0.48828;0.49805;0.50781;0.51758;0.52734;0.53711;0.54688;0.55664;0.56641;0.57617;0.58594;0.5957;0.60547;0.61523;0.625;0.63477;0.64453;0.6543;0.66406;0.67383;0.68359;0.69336;0.70313;0.71289;0.72266;0.73242;0.74219;0.75195;0.76172;0.77148;0.78125;0.79102,0.007273472;0.013109248;0.016223232;0.007901184;0.013321216;0.020511744;0.011132928;0.012060672;0.015438848;0.016915456;0.031484928;0.055754752;0.066588672;0.064216064;0.07095091199999999;0.052086784;0.051160064;0.052232192;0.049868800000000005;0.044049408000000005;0.027370495999999998;0.013718527999999999;0.01501184;0.012771328000000002;0.007468032;0.008127487999999999;0.00997376;0.010079232;0.00636928;0.0046848;0.003897344;0.003245056;0.003468288;0.00433664;0.002353152;0.001777664;0.001790976;0.002009088;0.0018411519999999998;0.001999872;0.002134016;0.0017725439999999998;0.002195456;0.002402304;0.003104768;0.003299328;0.004023296;0.0057794560000000005;0.0072038399999999995;0.005611519999999999;0.007294976000000001;0.007788544;0.005454848;0.003960832;0.00424448;0.003756032;0.00392704;0.004407296;0.003017728;0.0036515840000000003;0.003811328;0.0031928320000000005;0.00281088;0.003866624;0.002571264;0.002605056;0.003011584;0.002688;0.0025528319999999997;0.001820672;0.001891328;0.001275904;0.001799168;0.002164736;0.00193536;0.0019148799999999999;0.002655232;0.0022405119999999996;0.0014530559999999999
1790049600,hdr,0.0293;0.03906;0.04883;0.05859;0.06836;0.07813;0.08789;0.09766;0.10742;0.11719;0.12695;0.13672;0.14648;0.15625;0.16602;0.17578;0.18555;0.19531;0.20508;0.21484;0.22461;0.23438;0.24414;0.25391;0.26367;0.27344;0.2832;0.29297;0.30273;0.3125;0.32227;0.33203;0.3418;0.35156;0.36133;0.37109;0.38086;0.39063;0.40039;0.41016;0.41992;0.42969;0.43945;0.44922;0.45898;0.46875;0.47852;0.48828;0.49805;0.50781;0.51758;0.52734;0.53711;0.54688;0.55664;0.56641;0.57617;0.58594;0.5957;0.60547;0.61523;0.625;0.63477;0.64453;0.6543;0.66406;0.67383;0.68359;0.69336;0.70313;0.71289;0.72266;0.73242;0.74219;0.75195;0.76172;0.77148;0.78125;0.79102,0.00172544;0.003232768;0.006308864;0.012818432;0.00820224;0.010418176000000001;0.008712191999999999;0.011017216;0.015361024000000001;0.01439232;0.018538495999999998;0.043878400000000005;0.08663244799999999;0.118580224;0.106793984;0.079328256;0.08520704000000001;0.074206208;0.04502528;0.040296448;0.030966784;0.020520959999999998;0.013313024000000001;0.010477568;0.012020735999999999;0.010985472;0.009126912000000001;0.0061532159999999995;0.003038208;0.004521984;0.004591616;0.005126144;0.00334848;0.002274304;0.001502208;0.002043904;0.0020172799999999998;0.001796096;0.001395712;0.001588224;0.001432576;0.0017889280000000002;0.0018432000000000001;0.0019773440000000002;0.0020121600000000003;0.00321024;0.00415744;0.004632576;0.006478848;0.006385664000000001;0.008631296;0.009133056;0.005606399999999999;0.006060031999999999;0.004849664;0.006578176000000001;0.006511616;0.0050278400000000004;0.004989951999999999;0.003391488;0.00375296;0.0034918399999999995;0.003685376;0.003918848;0.002277376;0.00210944;0.0029695999999999998;0.003453952;0.003958784;0.003018752;0.00221184;0.00303104;0.00350208;0.003514368;0.0025978880000000005;0.001961984;0.002243584;0.0029501439999999996;0.001692672
1790050500,hdr,0.0293;0.03906;0.04883;0.05859;0.06836;0.07813;0.08789;0.09766;0.10742;0.11719;0.12695;0.13672;0.14648;0.15625;0.16602;0.17578;0.18555;0.19531;0.20508;0.21484;0.22461;0.23438;0.24414;0.25391;0.26367;0.27344;0.2832;0.29297;0.30273;0.3125;0.32227;0.33203;0.3418;0.35156;0.36133;0.37109;0.38086;0.39063;0.40039;0.41016;0.41992;0.42969;0.43945;0.44922;0.45898;0.46875;0.47852;0.48828;0.49805;0.50781;0.51758;0.52734;0.53711;0.54688;0.55664;0.56641;0.57617;0.58594;0.5957;0.60547;0.61523;0.625;0.63477;0.64453;0.6543;0.66406;0.67383;0.68359;0.69336;0.70313;0.71289;0.72266;0.73242;0.74219;0.75195;0.76172;0.77148;0.78125;0.79102,0.006043648;0.011549696000000002;0.005938176000000001;0.008653824000000001;0.012876799999999999;0.013452287999999998;0.017785856;0.013853696;0.012138495999999999;0.009703424;0.022341632;0.052021248;0.065262592;0.10167296;0.117144576;0.09765068800000001;0.07276646399999999;0.027982848;0.033143808;0.031814656;0.02225152;0.023027712;0.013745152;0.015375360000000001;0.01141248;0.00833024;0.011738111999999998;0.008612864;0.008187904;0.005927936;0.0031907839999999995;0.004242432;0.0040345599999999995;0.0047912960000000004;0.003889152;0.002067456;0.002302976;0.002265088;0.002174976;0.002213888;0.002464768;0.002004992;0.002076672;0.0030126080000000004;0.003329024;0.003065856;0.003296256;0.0030781439999999997;0.003874816;0.0044953599999999995;0.0053248;0.00480768;0.006443008;0.0069632;0.004281344;0.0033812479999999995;0.006365184;0.0055408639999999995;0.004179968;0.003712;0.003556352;0.0033873920000000004;0.00474624;0.002996224;0.0025036800000000003;0.001575936;0.002816;0.001790976;0.002871296;0.0029788160000000004;0.0031784960000000003;0.001995776;0.002353152;0.004152319999999999;0.003076096;0.00198144;0.001682432;0.0024576;0.00218112
1790051400,hdr,0.0293;0.03906;0.04883;0.05859;0.06836;0.07813;0.08789;0.09766;0.10742;0.11719;0.12695;0.13672;0.14648;0.15625;0.16602;0.17578;0.18555;0.19531;0.20508;0.21484;0.22461;0.23438;0.24414;0.25391;0.26367;0.27344;0.2832;0.29297;0.30273;0.3125;0.32227;0.33203;0.3418;0.35156;0.36133;0.37109;0.38086;0.39063;0.40039;0.41016;0.41992;0.42969;0.43945;0.44922;0.45898;0.46875;0.47852;0.48828;0.49805;0.50781;0.51758;0.52734;0.53711;0.54688;0.55664;0.56641;0.57617;0.58594;0.5957;0.60547;0.61523;0.625;0.63477;0.64453;0.6543;0.66406;0.67383;0.68359;0.69336;0.70313;0.71289;0.72266;0.73242;0.74219;0.75195;0.76172;0.77148;0.78125;0.79102,0.0063846400000000005;0.003695616;0.004050944000000001;0.005505024;0.009453568;0.02041344;0.016980992;0.012479487999999999;0.011829247999999999;0.009946112;0.012741632;0.036019199999999994;0.06458675200000001;0.11035852800000001;0.11616768000000001;0.08649216;0.049698816;0.06756864;0.048490496;0.028201984;0.020216831999999997;0.01429504;0.012971008;0.008590336;0.011630592;0.01117696;0.009103360000000001;0.006523904;0.006601727999999999;0.006821888000000001;0.007677952;0.00621568;0.0018974719999999999;0.002753536;0.003484672;0.003663872;0.003011584;0.002486272;0.003231744;0.002321408;0.002737152;0.003255296;0.003431424;0.005284863999999999;0.005302272;0.0032020480000000003;0.004066304;0.006636544;0.0068608;0.007245824;0.008041472000000001;0.009094144;0.009633791999999999;0.005960704;0.0075008;0.008388608;0.006096896;0.0048261120000000005;0.003026944;0.004917248;0.006151168;0.004438016;0.003529728;0.003943424;0.0042956800000000005;0.003716096;0.001995776;0.0023408640000000002;0.00374784;0.004120576;0.003273728;0.0033884159999999996;0.002316288;0.0030371839999999996;0.003997696;0.0029839359999999995;0.00323072;0.0019517439999999998;0.0033024
1790052300,hdr,0.0293;0.03906;0.04883;0.05859;0.06836;0.07813;0.08789;0.09766;0.10742;0.11719;0.12695;0.13672;0.14648;0.15625;0.16602;0.17578;0.18555;0.19531;0.20508;0.21484;0.22461;0.23438;0.24414;0.25391;0.26367;0.27344;0.2832;0.29297;0.30273;0.3125;0.32227;0.33203;0.3418;0.35156;0.36133;0.37109;0.38086;0.39063;0.40039;0.41016;0.41992;0.42969;0.43945;0.44922;0.45898;0.46875;0.47852;0.48828;0.49805;0.50781;0.51758;0.52734;0.53711;0.54688;0.55664;0.56641;0.57617;0.58594;0.5957;0.60547;0.61523;0.625;0.63477;0.64453;0.6543;0.66406;0.67383;0.68359;0.69336;0.70313;0.71289;0.72266;0.73242;0.74219;0.75195;0.76172;0.77148;0.78125;0.79102,0.011671552;0.021909503999999996;0.008549376000000001;0.010884096;0.016080895999999997;0.016634879999999998;0.018459648000000002;0.020379648;0.012942335999999999;0.007840768;0.018374656000000003;0.045819904;0.046770176;0.0628224;0.076783616;0.089033728;0.06638182399999999;0.036518911999999994;0.025151488;0.022913024;0.019084288;0.022845439999999998;0.013174784000000002;0.014908416;0.012662784;0.011268096;0.007668736;0.00717312;0.004540415999999999;0.0039895040000000005;0.006152192;0.006699008;0.004989951999999999;0.004421632;0.004259839999999999;0.0056381439999999994;0.005843968;0.005105663999999999;0.0057344;0.008453120000000001;0.015602688;0.012693504000000001;0.007409664000000001;0.013423616;0.012066816;0.014710784;0.008830976;0.009400320000000002;0.010425344000000001;0.008817664000000001;0.012215296;0.015471616;0.010093567999999999;0.00543232;0.004870144;0.006087679999999999;0.006986752000000001;0.004974592000000001;0.006873087999999999;0.004605952;0.0028467199999999996;0.00418304;0.00504832;0.005654528000000001;0.003974144;0.002733056;0.003736576;0.003326976;0.003741696;0.004018176;0.002458624;0.002977792;0.0020879360000000003;0.0019087359999999999;0.00183296;0.002300928;0.002729984;0.001752064;0.0019230719999999998
1790053200,hdr,0.0293;0.03906;0.04883;0.05859;0.06836;0.07813;0.08789;0.09766;0.10742;0.11719;0.12695;0.13672;0.14648;0.15625;0.16602;0.17578;0.18555;0.19531;0.20508;0.21484;0.22461;0.23438;0.24414;0.25391;0.26367;0.27344;0.2832;0.29297;0.30273;0.3125;0.32227;0.33203;0.3418;0.35156;0.36133;0.37109;0.38086;0.39063;0.40039;0.41016;0.41992;0.42969;0.43945;0.44922;0.45898;0.46875;0.47852;0.48828;0.49805;0.50781;0.51758;0.52734;0.53711;0.54688;0.55664;0.56641;0.57617;0.58594;0.5957;0.60547;0.61523;0.625;0.63477;0.64453;0.6543;0.66406;0.67383;0.68359;0.69336;0.70313;0.71289;0.72266;0.73242;0.74219;0.75195;0.76172;0.77148;0.78125;0.79102,0.0039649279999999995;0.006075392;0.00430592;0.00481792;0.00805376;0.011839487999999999;0.014366720000000001;0.013574144;0.014024703999999999;0.013586432;0.019115008;0.048219135999999996;0.086288384;0.09796096;0.045077504;0.061292544000000004;0.058672128000000004;0.045528064;0.03259392;0.027840511999999998;0.025240576;0.025491456;0.028072959999999997;0.023760896;0.020365311999999997;0.012874752;0.013634560000000002;0.008643584000000001;0.009621504;0.008069119999999999;0.007154688;0.0065064960000000005;0.00925184;0.007244799999999999;0.0053288960000000005;0.009341951999999999;0.011048959999999998;0.01359872;0.014516224;0.014000128;0.024101888;0.02697216;0.016288768000000002;0.011572224;0.012984319999999999;0.018400255999999997;0.016400383999999997;0.01171968;0.013279232;0.011869184000000001;0.009837568;0.009361408000000002;0.007824384;0.0066713599999999994;0.007252992;0.005620736;0.004667392000000001;0.0035276800000000005;0.00529408;0.0058992639999999995;0.005046272;0.003618816;0.00305152;0.0025907200000000003;0.00297472;0.003600384;0.002436096;0.002030592;0.003485696;0.0027136;0.002118656;0.0029859840000000006;0.0023111679999999997;0.002348032;0.00208896;0.002576384;0.0029491200000000004;0.0021780479999999997;0.0019128320000000002
1790054100,hdr,0.0293;0.03906;0.04883;0.05859;0.06836;0.07813;0.08789;0.09766;0.10742;0.11719;0.12695;0.13672;0.14648;0.15625;0.16602;0.17578;0.18555;0.19531;0.20508;0.21484;0.22461;0.23438;0.24414;0.25391;0.26367;0.27344;0.2832;0.29297;0.30273;0.3125;0.32227;0.33203;0.3418;0.35156;0.36133;0.37109;0.38086;0.39063;0.40039;0.41016;0.41992;0.42969;0.43945;0.44922;0.45898;0.46875;0.47852;0.48828;0.49805;0.50781;0.51758;0.52734;0.53711;0.54688;0.55664;0.56641;0.57617;0.58594;0.5957;0.60547;0.61523;0.625;0.63477;0.64453;0.6543;0.66406;0.67383;0.68359;0.69336;0.70313;0.71289;0.72266;0.73242;0.74219;0.75195;0.76172;0.77148;0.78125;0.79102,0.010749952000000002;0.016447488;0.009982976000000001;0.0056872960000000005;0.005815296;0.010033152;0.006973440000000001;0.010377216;0.013060096;0.013498367999999998;0.013107200000000001;0.039803904;0.063162368;0.082284544;0.072085504;0.06332928;0.067355648;0.03867136;0.025348096;0.038067199999999995;0.036494335999999995;0.01859072;0.017012736;0.017056768;0.012567552;0.013284352000000001;0.008450048;0.012344319999999999;0.017844224000000002;0.015826944;0.018462720000000002;0.017553408;0.018655232;0.009854976000000001;0.008978432;0.013805567999999999;0.010360832;0.017314816;0.018771968;0.020738048;0.035116032;0.037000191999999994;0.031471616;0.026467328;0.024768512000000003;0.018991103999999998;0.015396864000000001;0.014350336000000002;0.00922624;0.007247872000000001;0.007852032;0.00882176;0.009311232;0.01091584;0.009659392;0.0054855680000000006;0.004914176;0.005543936;0.007469056000000001;0.00548864;0.004656128;0.003526656;0.00362496;0.003856384;0.004166656;0.0034867200000000004;0.0036515840000000003;0.004393983999999999;0.0033208319999999997;0.002686976;0.002802688;0.002379776;0.0024463360000000003;0.002700288;0.002817024;0.003218432;0.0028129279999999997;0.0027095039999999997;0.00251904
1790055000,hdr,0.0293;0.03906;0.04883;0.05859;0.06836;0.07813;0.08789;0.09766;0.10742;0.11719;0.12695;0.13672;0.14648;0.15625;0.16602;0.17578;0.18555;0.19531;0.20508;0.21484;0.22461;0.23438;0.24414;0.25391;0.26367;0.27344;0.2832;0.29297;0.30273;0.3125;0.32227;0.33203;0.3418;0.35156;0.36133;0.37109;0.38086;0.39063;0.40039;0.41016;0.41992;0.42969;0.43945;0.44922;0.45898;0.46875;0.47852;0.48828;0.49805;0.50781;0.51758;0.52734;0.53711;0.54688;0.55664;0.56641;0.57617;0.58594;0.5957;0.60547;0.61523;0.625;0.63477;0.64453;0.6543;0.66406;0.67383;0.68359;0.69336;0.70313;0.71289;0.72266;0.73242;0.74219;0.75195;0.76172;0.77148;0.78125;0.79102,0.004307968;0.011522048;0.007469056000000001;0.008479744;0.019074048000000003;0.015351808000000002;0.010980352;0.008492032;0.005479424;0.004153344;0.018970624;0.043100160000000005;0.050982912;0.065938432;0.04415795200000001;0.043627519999999996;0.083126272;0.066956288;0.033501184;0.019596288;0.031021056;0.02395648;0.016013312;0.020097024;0.016171008;0.010606591999999998;0.005733376;0.013589503999999999;0.014170111999999999;0.014214143999999998;0.017101824;0.023983103999999998;0.017711104;0.017906687999999997;0.020962304;0.016357376;0.014900224;0.012706816000000001;0.019027968;0.021612543999999997;0.021967872;0.024510464;0.034580480000000004;0.029650944;0.02092544;0.0176896;0.015485951999999999;0.01133056;0.013755392;0.017063936000000002;0.010810368;0.0062126080000000005;0.007013376;0.008000512000000001;0.00653824;0.007877632;0.006355968;0.0050524160000000005;0.003857408;0.0019394560000000002;0.0033791999999999997;0.003680256;0.002617344;0.00442368;0.005486591999999999;0.002980864;0.0032604160000000004;0.0031467520000000005;0.0028672;0.0033331199999999997;0.00340992;0.0029982719999999997;0.002665472;0.0024156159999999998;0.001938432;0.00136704;0.0023429120000000004;0.0029501439999999996;0.002169856
1790055900,hdr,0.0293;0.03906;0.04883;0.05859;0.06836;0.07813;0.08789;0.09766;0.10742;0.11719;0.12695;0.13672;0.14648;0.15625;0.16602;0.17578;0.18555;0.19531;0.20508;0.21484;0.22461;0.23438;0.24414;0.25391;0.26367;0.27344;0.2832;0.29297;0.30273;0.3125;0.32227;0.33203;0.3418;0.35156;0.36133;0.37109;0.38086;0.39063;0.40039;0.41016;0.41992;0.42969;0.43945;0.44922;0.45898;0.46875;0.47852;0.48828;0.49805;0.50781;0.51758;0.52734;0.53711;0.54688;0.55664;0.56641;0.57617;0.58594;0.5957;0.60547;0.61523;0.625;0.63477;0.64453;0.6543;0.66406;0.67383;0.68359;0.69336;0.70313;0.71289;0.72266;0.73242;0.74219;0.75195;0.76172;0.77148;0.78125;0.79102,0.001798144;0.001882112;0.00551424;0.013889536;0.011932672;0.005275648;0.007842815999999999;0.012371968;0.011696128;0.009945088;0.013751296;0.036137984000000005;0.051470336000000005;0.05661593599999999;0.058698752;0.0432896;0.030638079999999998;0.04906905600000001;0.026334207999999998;0.021615615999999997;0.023668736;0.019848192000000004;0.026217472000000002;0.026954752000000002;0.016351232;0.015789056;0.015987712;0.021203968;0.01711104;0.013529088;0.016575488000000003;0.024250368;0.02062848;0.022973439999999998;0.027326463999999998;0.031750144;0.026516480000000002;0.019536895999999998;0.019076096;0.032002048000000005;0.023402496;0.024969216;0.020511744;0.015762432;0.012849152;0.015551488;0.017262592;0.014597120000000002;0.009588736;0.010142720000000001;0.009754624;0.012416;0.008449024;0.008774656;0.008951807999999999;0.0069498879999999996;0.006528;0.007555072;0.0057948159999999995;0.00575488;0.00800768;0.006623232;0.00547328;0.00387072;0.002588672;0.0035860479999999997;0.004692992;0.004258816;0.0034181119999999996;0.004083712000000001;0.004283392;0.002763776;0.002523136;0.002615296;0.0023572479999999997;0.002516992;0.002302976;0.002200576;0.0027566080000000002
1790056800,hdr,0.0293;0.03906;0.04883;0.05859;0.06836;0.07813;0.08789;0.09766;0.10742;0.11719;0.12695;0.13672;0.14648;0.15625;0.16602;0.17578;0.18555;0.19531;0.20508;0.21484;0.22461;0.23438;0.24414;0.25391;0.26367;0.27344;0.2832;0.29297;0.30273;0.3125;0.32227;0.33203;0.3418;0.35156;0.36133;0.37109;0.38086;0.39063;0.40039;0.41016;0.41992;0.42969;0.43945;0.44922;0.45898;0.46875;0.47852;0.48828;0.49805;0.50781;0.51758;0.52734;0.53711;0.54688;0.55664;0.56641;0.57617;0.58594;0.5957;0.60547;0.61523;0.625;0.63477;0.64453;0.6543;0.66406;0.67383;0.68359;0.69336;0.70313;0.71289;0.72266;0.73242;0.74219;0.75195;0.76172;0.77148;0.78125;0.79102,0.005139456;0.010199040000000001;0.007092224;0.009664512;0.007103487999999999;0.001846272;0.007585791999999999;0.011971584;0.014459904;0.016420864;0.021506048;0.042655743999999995;0.05400064;0.071329792;0.072880128;0.07770521599999998;0.047691776;0.029709312;0.02866176;0.031012864;0.019547136;0.014387200000000001;0.023527423999999998;0.029889536;0.024624128000000002;0.019685376;0.013904896;0.013232128;0.008349696;0.0173312;0.018227200000000002;0.02432512;0.03196416;0.015176704000000001;0.025004032;0.031320064;0.030744575999999996;0.0311808;0.034525184;0.022120448;0.03578368;0.039767040000000003;0.033453055999999995;0.022167552;0.015461376;0.020088831999999997;0.013123583999999999;0.008511488;0.008851456;0.010507263999999999;0.010319871999999999;0.00848896;0.008030208;0.007153664;0.00886784;0.009170944000000002;0.01058304;0.00985088;0.007100416;0.004611072;0.00384;0.004414464;0.004512768;0.005410816;0.004517888;0.004004864;0.00625664;0.0034048;0.0036505599999999997;0.00377856;0.0037222400000000004;0.004222976;0.003049472;0.0028999679999999997;0.002807808;0.003282944;0.004207616;0.0031406079999999996;0.002692096
1790057700,hdr,0.0293;0.03906;0.04883;0.05859;0.06836;0.07813;0.08789;0.09766;0.10742;0.11719;0.12695;0.13672;0.14648;0.15625;0.16602;0.17578;0.18555;0.19531;0.20508;0.21484;0.22461;0.23438;0.24414;0.25391;0.26367;0.27344;0.2832;0.29297;0.30273;0.3125;0.32227;0.33203;0.3418;0.35156;0.36133;0.37109;0.38086;0.39063;0.40039;0.41016;0.41992;0.42969;0.43945;0.44922;0.45898;0.46875;0.47852;0.48828;0.49805;0.50781;0.51758;0.52734;0.53711;0.54688;0.55664;0.56641;0.57617;0.58594;0.5957;0.60547;0.61523;0.625;0.63477;0.64453;0.6543;0.66406;0.67383;0.68359;0.69336;0.70313;0.71289;0.72266;0.73242;0.74219;0.75195;0.76172;0.77148;0.78125;0.79102,0.0041809920000000006;0.004903935999999999;0.008733695999999999;0.01006592;0.009088;0.0062279679999999995;0.009895936000000001;0.020897792;0.020774912;0.013568;0.006213631999999999;0.014889984;0.039944192;0.04140134400000001;0.032305152;0.041540608;0.047165439999999996;0.035067904;0.03167744;0.035777536;0.033308672;0.032449536;0.024143872000000004;0.02140672;0.031501312;0.026407935999999996;0.022515712;0.028946432;0.033339392;0.025040896;0.024935424;0.032937984;0.036209663999999996;0.029058048;0.029207552;0.03512832;0.024626176;0.018926592;0.035874816000000004;0.036985856;0.050484223999999994;0.055083008;0.023933952;0.027415552000000003;0.02278912;0.007646208;0.00724992;0.01133056;0.017949696;0.011603968000000001;0.008548351999999999;0.007977984;0.007491584;0.005898240000000001;0.005577727999999999;0.0055111679999999994;0.00581632;0.006577152;0.005763072;0.003360768;0.004227072;0.00525312;0.005819392;0.005691392;0.00289792;0.002321408;0.003057664;0.005051392;0.004323328;0.003550208;0.0031139839999999998;0.0037724160000000002;0.0034048;0.0020183040000000003;0.0029306880000000003;0.0044103680000000004;0.003779584;0.0025753599999999996;0.0025344
1790058600,hdr,0.0293;0.03906;0.04883;0.05859;0.06836;0.07813;0.08789;0.09766;0.10742;0.11719;0.12695;0.13672;0.14648;0.15625;0.16602;0.17578;0.18555;0.19531;0.20508;0.21484;0.22461;0.23438;0.24414;0.25391;0.26367;0.27344;0.2832;0.29297;0.30273;0.3125;0.32227;0.33203;0.3418;0.35156;0.36133;0.37109;0.38086;0.39063;0.40039;0.41016;0.41992;0.42969;0.43945;0.44922;0.45898;0.46875;0.47852;0.48828;0.49805;0.50781;0.51758;0.52734;0.53711;0.54688;0.55664;0.56641;0.57617;0.58594;0.5957;0.60547;0.61523;0.625;0.63477;0.64453;0.6543;0.66406;0.67383;0.68359;0.69336;0.70313;0.71289;0.72266;0.73242;0.74219;0.75195;0.76172;0.77148;0.78125;0.79102,0.004217856000000001;0.005623808;0.008796159999999999;0.00973824;0.011681792;0.012019712;0.0102144;0.007277567999999999;0.005947392;0.009349119999999999;0.015401984;0.030201856;0.041356288;0.04580659200000001;0.047242240000000005;0.06507008;0.056031232;0.03794432;0.039135232000000006;0.017309696;0.02048;0.020957184;0.026624;0.033455104;0.028025856;0.036640768000000004;0.035968;0.026712064;0.035273728;0.038976512000000005;0.03129344;0.04577996799999999;0.032697344;0.037082112;0.039590912000000006;0.047434752000000004;0.037473280000000005;0.03612672;0.039870464;0.044675072;0.037803008;0.03844915199999999;0.0353792;0.023518208000000002;0.019749888;0.020012032000000003;0.015062016;0.014227456;0.014913536;0.012544;0.010517504;0.007775232;0.004018176;0.0043161599999999994;0.004496384;0.006098944;0.007302144;0.007998464;0.005947392;0.0034662399999999998;0.004350976;0.004575232;0.0031897600000000003;0.0031928320000000005;0.00325632;0.002584576;0.0044052480000000005;0.003801088;0.0037928959999999996;0.003518464;0.0023838720000000004;0.002468864;0.0018687999999999999;0.0021452800000000003;0.0028436480000000003;0.0022487040000000002;0.0018237440000000002;0.001702912;0.0019650559999999997
1790059500,hdr,0.0293;0.03906;0.04883;0.05859;0.06836;0.07813;0.08789;0.09766;0.10742;0.11719;0.12695;0.13672;0.14648;0.15625;0.16602;0.17578;0.18555;0.19531;0.20508;0.21484;0.22461;0.23438;0.24414;0.25391;0.26367;0.27344;0.2832;0.29297;0.30273;0.3125;0.32227;0.33203;0.3418;0.35156;0.36133;0.37109;0.38086;0.39063;0.40039;0.41016;0.41992;0.42969;0.43945;0.44922;0.45898;0.46875;0.47852;0.48828;0.49805;0.50781;0.51758;0.52734;0.53711;0.54688;0.55664;0.56641;0.57617;0.58594;0.5957;0.60547;0.61523;0.625;0.63477;0.64453;0.6543;0.66406;0.67383;0.68359;0.69336;0.70313;0.71289;0.72266;0.73242;0.74219;0.75195;0.76172;0.77148;0.78125;0.79102,0.004386816;0.009097216;0.008786944;0.005842944;0.011686912;0.00700416;0.005982207999999999;0.011897856000000002;0.009455616;0.0077189120000000005;0.015051776;0.029122560000000002;0.039141376000000005;0.04857856000000001;0.055264256000000005;0.044360704;0.042023936000000005;0.033011712;0.041254912;0.032021504;0.02594816;0.029108224;0.032928768;0.02818048;0.0236288;0.026856448;0.030486528;0.031183871999999998;0.040134656000000005;0.039114752;0.027908096;0.028143616000000003;0.051505152;0.047473664;0.031408128;0.045381632000000005;0.044521472;0.026705919999999998;0.019511296;0.027397120000000004;0.043029504;0.051268608;0.026592255999999998;0.02243072;0.020854784;0.022196224;0.021536768;0.010927104;0.014360576;0.01545728;0.013481984;0.012162048;0.010645504;0.008891392;0.007312384;0.002753536;0.003221504;0.004688896;0.006163456;0.004630528;0.005653504;0.007246848;0.004773888;0.0034652159999999997;0.0032819200000000002;0.0029880320000000003;0.003757056;0.0039772159999999996;0.002158592;0.0018995200000000002;0.002354176;0.003057664;0.002712576;0.0026951679999999995;0.0031016959999999997;0.002601984;0.001736704;0.002052096;0.0016128
1790060400,hdr,0.0293;0.03906;0.04883;0.05859;0.06836;0.07813;0.08789;0.09766;0.10742;0.11719;0.12695;0.13672;0.14648;0.15625;0.16602;0.17578;0.18555;0.19531;0.20508;0.21484;0.22461;0.23438;0.24414;0.25391;0.26367;0.27344;0.2832;0.29297;0.30273;0.3125;0.32227;0.33203;0.3418;0.35156;0.36133;0.37109;0.38086;0.39063;0.40039;0.41016;0.41992;0.42969;0.43945;0.44922;0.45898;0.46875;0.47852;0.48828;0.49805;0.50781;0.51758;0.52734;0.53711;0.54688;0.55664;0.56641;0.57617;0.58594;0.5957;0.60547;0.61523;0.625;0.63477;0.64453;0.6543;0.66406;0.67383;0.68359;0.69336;0.70313;0.71289;0.72266;0.73242;0.74219;0.75195;0.76172;0.77148;0.78125;0.79102,0.004563968;0.005537792;0.0051271680000000005;0.010405887999999999;0.0127744;0.011547648;0.011450367999999999;0.010889215999999998;0.011004928;0.009943039999999998;0.015426559999999999;0.026230784;0.045091839999999994;0.055898112;0.08070451199999999;0.058380288;0.040700928;0.021292032;0.020272127999999997;0.02988032;0.02131968;0.039337984;0.028391424;0.025145344;0.04839526399999999;0.048191488;0.063652864;0.056052736000000006;0.037782527999999996;0.037234688;0.040333311999999996;0.04187648;0.054033408000000005;0.051261440000000005;0.040564736000000004;0.041181184;0.033138688;0.02891264;0.028028928;0.022437888000000003;0.030150656;0.035994624;0.028312576000000002;0.026607616;0.033736704000000006;0.028841984;0.010117119999999999;0.01093632;0.012854271999999998;0.012975104;0.009679871999999999;0.006745088;0.006564863999999999;0.006171648;0.007805952;0.006409216;0.005689344;0.00566272;0.006431744;0.0038911999999999996;0.004105216;0.005291008;0.005936128;0.006477823999999999;0.0038594560000000003;0.00301056;0.00367104;0.004780032;0.003198976;0.0028917760000000004;0.0025456639999999996;0.003510272;0.002768896;0.0015472639999999998;0.0016445440000000002;0.002167808;0.0020244480000000003;0.001875968;0.002146304
1790061300,hdr,0.0293;0.03906;0.04883;0.05859;0.06836;0.07813;0.08789;0.09766;0.10742;0.11719;0.12695;0.13672;0.14648;0.15625;0.16602;0.17578;0.18555;0.19531;0.20508;0.21484;0.22461;0.23438;0.24414;0.25391;0.26367;0.27344;0.2832;0.29297;0.30273;0.3125;0.32227;0.33203;0.3418;0.35156;0.36133;0.37109;0.38086;0.39063;0.40039;0.41016;0.41992;0.42969;0.43945;0.44922;0.45898;0.46875;0.47852;0.48828;0.49805;0.50781;0.51758;0.52734;0.53711;0.54688;0.55664;0.56641;0.57617;0.58594;0.5957;0.60547;0.61523;0.625;0.63477;0.64453;0.6543;0.66406;0.67383;0.68359;0.69336;0.70313;0.71289;0.72266;0.73242;0.74219;0.75195;0.76172;0.77148;0.78125;0.79102,0.008800256;0.008305664;0.007964672;0.011749376;0.011539456;0.00900608;0.010783744000000001;0.01073152;0.0065167359999999995;0.010150912;0.009506816000000001;0.013432832;0.034291712;0.044036096;0.024678400000000003;0.021595135999999997;0.035357695999999994;0.034192384;0.023319552000000004;0.026120192;0.055001088000000004;0.057949184;0.047182848;0.057787392;0.05480960000000001;0.056308736000000005;0.04281856;0.042952704;0.055389184;0.059409408;0.048434176;0.04775424;0.030373888;0.019661824;0.050593792;0.05067980800000001;0.053324800000000006;0.040349696000000004;0.044700672;0.027529216;0.018557952000000003;0.031947776000000004;0.027592704000000003;0.025051135999999998;0.024001536;0.023492608;0.021056512000000003;0.01483264;0.01254912;0.01117696;0.009991168;0.007409664000000001;0.009039872000000001;0.011009024;0.008982528;0.007438335999999999;0.009243648000000002;0.005141504;0.004143104;0.008255488;0.00684032;0.005502976000000001;0.004209664;0.00367104;0.004012032;0.004880384;0.0042014719999999995;0.00395264;0.003454976;0.0028723200000000003;0.004599808;0.004563968;0.004389888;0.002395136;0.00195584;0.001979392;0.002033664;0.001611776;0.001641472
1790062200,hdr,0.0293;0.03906;0.04883;0.05859;0.06836;0.07813;0.08789;0.09766;0.10742;0.11719;0.12695;0.13672;0.14648;0.15625;0.16602;0.17578;0.18555;0.19531;0.20508;0.21484;0.22461;0.23438;0.24414;0.25391;0.26367;0.27344;0.2832;0.29297;0.30273;0.3125;0.32227;0.33203;0.3418;0.35156;0.36133;0.37109;0.38086;0.39063;0.40039;0.41016;0.41992;0.42969;0.43945;0.44922;0.45898;0.46875;0.47852;0.48828;0.49805;0.50781;0.51758;0.52734;0.53711;0.54688;0.55664;0.56641;0.57617;0.58594;0.5957;0.60547;0.61523;0.625;0.63477;0.64453;0.6543;0.66406;0.67383;0.68359;0.69336;0.70313;0.71289;0.72266;0.73242;0.74219;0.75195;0.76172;0.77148;0.78125;0.79102,0.0037550080000000002;0.01098752;0.012480512;0.00907776;0.015117311999999999;0.00883712;0.00553472;0.009217023999999999;0.014256128;0.010461184;0.008214528;0.01739776;0.034510848000000004;0.024357887999999998;0.044295167999999996;0.05669888000000001;0.047461376000000007;0.036250624;0.046247936;0.042605567999999996;0.053410816;0.089362432;0.08601702400000001;0.064545792;0.07919820799999999;0.071530496;0.066336768;0.049439744;0.047593472000000005;0.045810688;0.051914752;0.04106239999999999;0.028808192;0.042048512;0.040045568;0.024438783999999998;0.03384422399999999;0.033858559999999996;0.032579583999999995;0.037867519999999995;0.026331136;0.017246208;0.011060224;0.017505279999999998;0.017692672000000003;0.014139392000000002;0.01147392;0.009745407999999999;0.009530367999999999;0.012602368000000001;0.013082624;0.007008256;0.0059115520000000005;0.007615488;0.006395903999999999;0.006391808;0.005028863999999999;0.00549376;0.006550528;0.008565759999999999;0.0066959359999999996;0.004335616;0.00416256;0.002404352;0.002671616;0.002888704;0.002512896;0.0022476799999999997;0.00246784;0.003417088;0.00207872;0.0015431680000000001;0.001854464;0.002139136;0.001987584;0.00192;0.003084288;0.0033300480000000004;0.0023275519999999997
1790063100,hdr,0.0293;0.03906;0.04883;0.05859;0.06836;0.07813;0.08789;0.09766;0.10742;0.11719;0.12695;0.13672;0.14648;0.15625;0.16602;0.17578;0.18555;0.19531;0.20508;0.21484;0.22461;0.23438;0.24414;0.25391;0.26367;0.27344;0.2832;0.29297;0.30273;0.3125;0.32227;0.33203;0.3418;0.35156;0.36133;0.37109;0.38086;0.39063;0.40039;0.41016;0.41992;0.42969;0.43945;0.44922;0.45898;0.46875;0.47852;0.48828;0.49805;0.50781;0.51758;0.52734;0.53711;0.54688;0.55664;0.56641;0.57617;0.58594;0.5957;0.60547;0.61523;0.625;0.63477;0.64453;0.6543;0.66406;0.67383;0.68359;0.69336;0.70313;0.71289;0.72266;0.73242;0.74219;0.75195;0.76172;0.77148;0.78125;0.79102,0.001306624;0.002000896;0.004688896;0.0055306240000000005;0.0062976;0.004837376;0.006887424;0.012507135999999999;0.012750848;0.009851903999999998;0.007474175999999999;0.020798464;0.023344128000000002;0.029329407999999998;0.03711283199999999;0.043339775999999997;0.058157056;0.07574937600000001;0.05149286399999999;0.059201536;0.03405004799999999;0.070114304;0.08635801600000001;0.086566912;0.073607168;0.054170623999999994;0.03983872;0.049929216;0.059773952000000005;0.043507712;0.050985984000000005;0.060803072;0.035601407999999994;0.030892032;0.044246016;0.053069824;0.027534336;0.024262656;0.028069887999999998;0.028788736000000002;0.025968639999999998;0.0206848;0.022124544000000003;0.02326528;0.026498048000000003;0.021136383999999998;0.015327232;0.017031168000000003;0.011282432;0.006109184;0.0078336;0.00754688;0.006931456;0.0069222400000000005;0.0040867839999999996;0.003748864;0.00472576;0.0038594560000000003;0.003264512;0.00249856;0.004104192;0.0060016639999999994;0.005006336;0.00459264;0.003214336;0.003069952;0.003712;0.002558976;0.002475008;0.003493888;0.00351744;0.00256;0.002637824;0.00283136;0.00282112;0.002234368;0.002249728;0.0025333760000000004;0.0018524160000000002
1790064000,hdr,0.0293;0.03906;0.04883;0.05859;0.06836;0.07813;0.08789;0.09766;0.10742;0.11719;0.12695;0.13672;0.14648;0.15625;0.16602;0.17578;0.18555;0.19531;0.20508;0.21484;0.22461;0.23438;0.24414;0.25391;0.26367;0.27344;0.2832;0.29297;0.30273;0.3125;0.32227;0.33203;0.3418;0.35156;0.36133;0.37109;0.38086;0.39063;0.40039;0.41016;0.41992;0.42969;0.43945;0.44922;0.45898;0.46875;0.47852;0.48828;0.49805;0.50781;0.51758;0.52734;0.53711;0.54688;0.55664;0.56641;0.57617;0.58594;0.5957;0.60547;0.61523;0.625;0.63477;0.64453;0.6543;0.66406;0.67383;0.68359;0.69336;0.70313;0.71289;0.72266;0.73242;0.74219;0.75195;0.76172;0.77148;0.78125;0.79102,0.0025108480000000004;0.006219776000000001;0.008860671999999998;0.005083135999999999;0.004455424;0.0070471679999999995;0.0069898239999999995;0.011140096;0.011669503999999999;0.01080832;0.017170432;0.02601472;0.04412313600000001;0.055355392;0.056215552;0.05685657599999999;0.046947328;0.05213184;0.041994239999999995;0.046806016000000006;0.104916992;0.09380352;0.12095795200000001;0.176113664;0.10028032;0.079440896;0.06198579199999999;0.066459648;0.046307328;0.039243776;0.029114367999999998;0.032338944;0.05138944;0.050274304000000006;0.039845887999999996;0.03946393599999999;0.026953728000000003;0.017757184;0.021892095999999996;0.019871744;0.024621056;0.017846271999999996;0.011160576;0.014956544;0.014319616;0.013127680000000001;0.014344191999999999;0.009731072;0.009250816;0.011567104000000002;0.010067968;0.008301567999999999;0.007885824000000001;0.006408192;0.005363712;0.0060016639999999994;0.004429824;0.00508928;0.006423552;0.003648512;0.005568511999999999;0.006006783999999999;0.004736;0.0045076479999999995;0.002989056;0.00388096;0.002823168;0.0023429120000000004;0.0035205120000000004;0.0036556799999999997;0.0027269119999999997;0.001830912;0.002168832;0.0018964479999999998;0.00270848;0.0029501439999999996;0.002466816;0.0016988160000000001;0.002505728
1790064900,hdr,0.0293;0.03906;0.04883;0.05859;0.06836;0.07813;0.08789;0.09766;0.10742;0.11719;0.12695;0.13672;0.14648;0.15625;0.16602;0.17578;0.18555;0.19531;0.20508;0.21484;0.22461;0.23438;0.24414;0.25391;0.26367;0.27344;0.2832;0.29297;0.30273;0.3125;0.32227;0.33203;0.3418;0.35156;0.36133;0.37109;0.38086;0.39063;0.40039;0.41016;0.41992;0.42969;0.43945;0.44922;0.45898;0.46875;0.47852;0.48828;0.49805;0.50781;0.51758;0.52734;0.53711;0.54688;0.55664;0.56641;0.57617;0.58594;0.5957;0.60547;0.61523;0.625;0.63477;0.64453;0.6543;0.66406;0.67383;0.68359;0.69336;0.70313;0.71289;0.72266;0.73242;0.74219;0.75195;0.76172;0.77148;0.78125;0.79102,0.0027811840000000003;0.009142272000000002;0.011682816;0.011336704;0.012338176000000001;0.007182336;0.008794112000000001;0.014603264;0.014695423999999999;0.012802047999999998;0.012648448;0.027843583999999998;0.032661504;0.03892736;0.044182528;0.052180992;0.04889190399999999;0.051491840000000004;0.049255424;0.048955392;0.07630336;0.090230784;0.099574784;0.108063744;0.093587456;0.061041663999999995;0.045845504;0.044296192;0.060122112;0.045734912;0.039883775999999996;0.03607552;0.024546304;0.022751232;0.033804288;0.040558592;0.031980544;0.030642176;0.02537472;0.025872384000000002;0.021654528;0.024864768;0.029301760000000003;0.021061631999999997;0.017196032;0.016120832;0.0188928;0.015271936;0.013533184000000002;0.009304064;0.011494400000000002;0.0099072;0.010717184;0.009312256;0.006366208000000001;0.007980032;0.007166975999999999;0.0056453119999999996;0.00421888;0.006046719999999999;0.005910528;0.0036812800000000003;0.001727488;0.003349504;0.003757056;0.005762048;0.004702207999999999;0.004859904000000001;0.004595711999999999;0.0028467199999999996;0.002656256;0.0032266240000000004;0.0034662399999999998;0.00231424;0.0021534719999999996;0.002038784;0.0021913600000000003;0.0025907200000000003;0.003055616
1790065800,hdr,0.0293;0.03906;0.04883;0.05859;0.06836;0.07813;0.08789;0.09766;0.10742;0.11719;0.12695;0.13672;0.14648;0.15625;0.16602;0.17578;0.18555;0.19531;0.20508;0.21484;0.22461;0.23438;0.24414;0.25391;0.26367;0.27344;0.2832;0.29297;0.30273;0.3125;0.32227;0.33203;0.3418;0.35156;0.36133;0.37109;0.38086;0.39063;0.40039;0.41016;0.41992;0.42969;0.43945;0.44922;0.45898;0.46875;0.47852;0.48828;0.49805;0.50781;0.51758;0.52734;0.53711;0.54688;0.55664;0.56641;0.57617;0.58594;0.5957;0.60547;0.61523;0.625;0.63477;0.64453;0.6543;0.66406;0.67383;0.68359;0.69336;0.70313;0.71289;0.72266;0.73242;0.74219;0.75195;0.76172;0.77148;0.78125;0.79102,0.0057047040000000005;0.007853055999999999;0.01112576;0.014148608;0.016948223999999998;0.011892736;0.00899584;0.009686016;0.011383808;0.009745407999999999;0.009034751999999998;0.016850944;0.04631552;0.0523264;0.047616;0.032834560000000006;0.037738495999999996;0.062103552000000006;0.050212864;0.044218367999999994;0.06061363200000001;0.062225408;0.041250815999999996;0.045415423999999996;0.060154879999999994;0.047813631999999995;0.045184;0.066270208;0.092843008;0.057918464;0.034067455999999996;0.030800896;0.025543679999999996;0.024745984;0.018002944;0.026251264;0.034444288;0.027061248;0.024251392;0.036349952000000005;0.034558976000000005;0.023818239999999997;0.019908608;0.014242815999999998;0.013632512000000001;0.017998847999999998;0.019096575999999997;0.014102528;0.013716480000000001;0.008843264;0.007123968;0.012338176000000001;0.013548544;0.009697279999999999;0.00417792;0.004088832;0.0049807359999999995;0.006772736;0.009793536;0.008170496;0.006363135999999999;0.005559295999999999;0.0040243200000000005;0.002939904;0.0028538879999999997;0.003866624;0.002428928;0.003617792;0.003175424;0.0030668799999999997;0.004224;0.00546304;0.0037877759999999996;0.001944576;0.002497536;0.002475008;0.002254848;0.0015165439999999999;0.001562624
1790066700,hdr,0.0293;0.03906;0.04883;0.05859;0.06836;0.07813;0.08789;0.09766;0.10742;0.11719;0.12695;0.13672;0.14648;0.15625;0.16602;0.17578;0.18555;0.19531;0.20508;0.21484;0.22461;0.23438;0.24414;0.25391;0.26367;0.27344;0.2832;0.29297;0.30273;0.3125;0.32227;0.33203;0.3418;0.35156;0.36133;0.37109;0.38086;0.39063;0.40039;0.41016;0.41992;0.42969;0.43945;0.44922;0.45898;0.46875;0.47852;0.48828;0.49805;0.50781;0.51758;0.52734;0.53711;0.54688;0.55664;0.56641;0.57617;0.58594;0.5957;0.60547;0.61523;0.625;0.63477;0.64453;0.6543;0.66406;0.67383;0.68359;0.69336;0.70313;0.71289;0.72266;0.73242;0.74219;0.75195;0.76172;0.77148;0.78125;0.79102,0.003080192;0.010360832;0.011014144;0.005953536;0.005629952000000001;0.004856831999999999;0.00302592;0.006573056000000001;0.009920512000000001;0.013338624;0.012228608;0.017145856;0.028653568;0.03771392;0.051192832;0.044873728;0.033545216;0.052502528;0.08520704000000001;0.08772198400000002;0.072127488;0.08664268800000001;0.085282816;0.10745446400000001;0.119755776;0.10474700799999999;0.10302361600000001;0.074359808;0.066326528;0.043241472;0.024829952;0.02784768;0.028119039999999998;0.03739136;0.041408512;0.028944383999999997;0.018843648;0.017143808;0.027586559999999996;0.029431808;0.025558016;0.01836544;0.016493568;0.01655296;0.007759871999999999;0.005250047999999999;0.006436864;0.010537984;0.007980032;0.009201663999999998;0.009714688;0.011395072000000001;0.013301760000000001;0.011352064;0.010725376;0.007483392;0.005481471999999999;0.00514048;0.006596608;0.006944768;0.005466112;0.004417536;0.006363135999999999;0.00678912;0.004555776;0.0046192640000000005;0.004323328;0.004045824;0.004948991999999999;0.002956288;0.00275456;0.002212864;0.002249728;0.001805312;0.0032593920000000003;0.0028395519999999995;0.002168832;0.002312192;0.00289792
1790067600,hdr,0.0293;0.03906;0.04883;0.05859;0.06836;0.07813;0.08789;0.09766;0.10742;0.11719;0.12695;0.13672;0.14648;0.15625;0.16602;0.17578;0.18555;0.19531;0.20508;0.21484;0.22461;0.23438;0.24414;0.25391;0.26367;0.27344;0.2832;0.29297;0.30273;0.3125;0.32227;0.33203;0.3418;0.35156;0.36133;0.37109;0.38086;0.39063;0.40039;0.41016;0.41992;0.42969;0.43945;0.44922;0.45898;0.46875;0.47852;0.48828;0.49805;0.50781;0.51758;0.52734;0.53711;0.54688;0.55664;0.56641;0.57617;0.58594;0.5957;0.60547;0.61523;0.625;0.63477;0.64453;0.6543;0.66406;0.67383;0.68359;0.69336;0.70313;0.71289;0.72266;0.73242;0.74219;0.75195;0.76172;0.77148;0.78125;0.79102,0.0034263040000000002;0.00273408;0.00263168;0.002820096;0.008772608;0.00873472;0.009202688;0.011916288;0.009980928;0.013773823999999999;0.013556736000000002;0.024322048;0.023702528;0.031214592;0.055431167999999996;0.043650048;0.037078016;0.021409792;0.053737471999999994;0.10363392;0.08177151999999999;0.08884736;0.094456832;0.09125888;0.0766208;0.11401728;0.076860416;0.061179904;0.040194048;0.060965887999999996;0.045121536;0.035146752;0.040671232;0.03953459200000001;0.037547008;0.039435264;0.048247807999999996;0.035908608;0.030177279999999997;0.032209919999999996;0.025914368;0.020058112;0.019300352;0.016034816;0.016921600000000002;0.022222847999999996;0.015763456;0.013616128;0.014029824;0.004849664;0.009310207999999999;0.010084352000000001;0.008910848;0.009905152;0.009592832;0.0090112;0.007845888;0.008881152;0.005966848;0.002829312;0.003864576;0.004093952;0.006027264;0.00451072;0.0025958400000000003;0.0022374400000000003;0.002506752;0.00315904;0.003427328;0.002613248;0.00180224;0.0016087039999999999;0.00099328;0.001926144;0.00253952;0.002110464;0.002151424;0.0015063040000000002;0.0020254720000000004
1790068500,hdr,0.0293;0.03906;0.04883;0.05859;0.06836;0.07813;0.08789;0.09766;0.10742;0.11719;0.12695;0.13672;0.14648;0.15625;0.16602;0.17578;0.18555;0.19531;0.20508;0.21484;0.22461;0.23438;0.24414;0.25391;0.26367;0.27344;0.2832;0.29297;0.30273;0.3125;0.32227;0.33203;0.3418;0.35156;0.36133;0.37109;0.38086;0.39063;0.40039;0.41016;0.41992;0.42969;0.43945;0.44922;0.45898;0.46875;0.47852;0.48828;0.49805;0.50781;0.51758;0.52734;0.53711;0.54688;0.55664;0.56641;0.57617;0.58594;0.5957;0.60547;0.61523;0.625;0.63477;0.64453;0.6543;0.66406;0.67383;0.68359;0.69336;0.70313;0.71289;0.72266;0.73242;0.74219;0.75195;0.76172;0.77148;0.78125;0.79102,0.003857408;0.00639488;0.0031897600000000003;0.001562624;0.00555008;0.003110912;0.003070976;0.00868352;0.016377856000000003;0.01616384;0.015996928;0.018817024;0.032946176;0.034925568;0.043560959999999996;0.050084864;0.03919974400000001;0.063336448;0.080718848;0.12705792;0.141918208;0.13560524799999998;0.163206144;0.139726848;0.102091776;0.09334067199999999;0.08951808;0.0725248;0.073537536;0.06012518399999999;0.043479040000000004;0.036985856;0.034289664000000004;0.038296576;0.033840128;0.026428415999999996;0.028009471999999997;0.022879232;0.024001536;0.02512896;0.025887744;0.016135168;0.017592319999999998;0.017695744000000003;0.011273216;0.013940735999999999;0.014452735999999999;0.01161216;0.010587135999999999;0.014785536;0.012077056000000001;0.009921536;0.009367552;0.006463488;0.005316608;0.004605952;0.004100095999999999;0.004211712;0.006337536;0.00601088;0.004483072;0.005107712;0.006597632;0.003941376;0.002006016;0.0033720319999999996;0.0027279360000000002;0.002482176;0.002172928;0.002868224;0.0038266879999999995;0.003798016;0.004368384;0.0027320319999999997;0.0026808319999999997;0.002048;0.001799168;0.00165376;0.00209408
1790069400,hdr,0.0293;0.03906;0.04883;0.05859;0.06836;0.07813;0.08789;0.09766;0.10742;0.11719;0.12695;0.13672;0.14648;0.15625;0.16602;0.17578;0.18555;0.19531;0.20508;0.21484;0.22461;0.23438;0.24414;0.25391;0.26367;0.27344;0.2832;0.29297;0.30273;0.3125;0.32227;0.33203;0.3418;0.35156;0.36133;0.37109;0.38086;0.39063;0.40039;0.41016;0.41992;0.42969;0.43945;0.44922;0.45898;0.46875;0.47852;0.48828;0.49805;0.50781;0.51758;0.52734;0.53711;0.54688;0.55664;0.56641;0.57617;0.58594;0.5957;0.60547;0.61523;0.625;0.63477;0.64453;0.6543;0.66406;0.67383;0.68359;0.69336;0.70313;0.71289;0.72266;0.73242;0.74219;0.75195;0.76172;0.77148;0.78125;0.79102,0.002138112;0.00232448;0.001406976;0.0029798399999999997;0.0067184639999999995;0.010478592;0.00967168;0.00743424;0.010810368;0.024590336;0.020221952;0.018766848;0.023021568;0.031181824;0.039539712;0.031105024000000002;0.060009472;0.08948940799999999;0.094903296;0.135098368;0.130125824;0.17040384;0.183991296;0.114095104;0.102866944;0.06624358400000001;0.063041536;0.092071936;0.072974336;0.045987839999999995;0.05475328;0.057781248;0.049338368;0.051265536;0.02979328;0.0339456;0.0292608;0.03725312;0.032754688000000004;0.027910144;0.024772608;0.02548736;0.022276096;0.017316863999999998;0.016755712;0.016589824;0.017217536;0.01324032;0.008962047999999999;0.008670208;0.007921664;0.005358592;0.008241152;0.008925184;0.009976832;0.005526528;0.004356095999999999;0.004277248000000001;0.0048486399999999995;0.0034979840000000004;0.002011136;0.003725312;0.005549056;0.005156864;0.0049008640000000004;0.00524288;0.0033812479999999995;0.0026685439999999997;0.002622464;0.003286016;0.00326656;0.002939904;0.0028047360000000004;0.003478528;0.0024832;0.0026060799999999998;0.0022302719999999997;0.001681408;0.0009594880000000001
1790070300,hdr,0.0293;0.03906;0.04883;0.05859;0.06836;0.07813;0.08789;0.09766;0.10742;0.11719;0.12695;0.13672;0.14648;0.15625;0.16602;0.17578;0.18555;0.19531;0.20508;0.21484;0.22461;0.23438;0.24414;0.25391;0.26367;0.27344;0.2832;0.29297;0.30273;0.3125;0.32227;0.33203;0.3418;0.35156;0.36133;0.37109;0.38086;0.39063;0.40039;0.41016;0.41992;0.42969;0.43945;0.44922;0.45898;0.46875;0.47852;0.48828;0.49805;0.50781;0.51758;0.52734;0.53711;0.54688;0.55664;0.56641;0.57617;0.58594;0.5957;0.60547;0.61523;0.625;0.63477;0.64453;0.6543;0.66406;0.67383;0.68359;0.69336;0.70313;0.71289;0.72266;0.73242;0.74219;0.75195;0.76172;0.77148;0.78125;0.79102,0.0018944;0.003576832;0.0028272640000000003;0.00377856;0.007580671999999999;0.006018048000000001;0.009118719999999999;0.008647679999999998;0.011232256;0.013167616;0.01618944;0.013795327999999999;0.0300032;0.050843648;0.051501055999999996;0.055302144;0.043486208;0.05116723199999999;0.08527052800000001;0.149383168;0.115278848;0.18158489599999997;0.261103616;0.184208384;0.121836544;0.118946816;0.126723072;0.059104256;0.056802304;0.063716352;0.050223104;0.052218879999999995;0.031003647999999998;0.03964928;0.059270144;0.045905919999999996;0.031119360000000002;0.039170048000000006;0.027497472;0.02412032;0.018144255999999997;0.011906048;0.014475264;0.012836864;0.014364672;0.015505408;0.012604416;0.013016064;0.012821504;0.011224064;0.01117184;0.0077189120000000005;0.009669632;0.008164352;0.012310528;0.008228863999999999;0.006483968;0.005615616;0.006165504;0.004882432;0.0047861760000000005;0.00485376;0.00534016;0.003574784;0.004167679999999999;0.0052418560000000005;0.00460288;0.003231744;0.0038932479999999998;0.003130368;0.00217088;0.0037621760000000003;0.002619392;0.002341888;0.0022015999999999997;0.001521664;0.00137728;0.001442816;0.00144896
1790071200,hdr,0.0293;0.03906;0.04883;0.05859;0.06836;0.07813;0.08789;0.09766;0.10742;0.11719;0.12695;0.13672;0.14648;0.15625;0.16602;0.17578;0.18555;0.19531;0.20508;0.21484;0.22461;0.23438;0.24414;0.25391;0.26367;0.27344;0.2832;0.29297;0.30273;0.3125;0.32227;0.33203;0.3418;0.35156;0.36133;0.37109;0.38086;0.39063;0.40039;0.41016;0.41992;0.42969;0.43945;0.44922;0.45898;0.46875;0.47852;0.48828;0.49805;0.50781;0.51758;0.52734;0.53711;0.54688;0.55664;0.56641;0.57617;0.58594;0.5957;0.60547;0.61523;0.625;0.63477;0.64453;0.6543;0.66406;0.67383;0.68359;0.69336;0.70313;0.71289;0.72266;0.73242;0.74219;0.75195;0.76172;0.77148;0.78125;0.79102,0.0013639680000000001;0.0038789120000000004;0.005210112;0.006790144;0.010994688;0.008327168;0.005953536;0.006884352;0.016607232;0.019424256;0.01804288;0.02809344;0.047745024;0.06581247999999999;0.0577792;0.052069375999999994;0.046107648;0.06573568;0.08459468800000002;0.15998975999999998;0.205012992;0.222660608;0.18960076799999998;0.17064140800000002;0.113695744;0.11006464;0.11796172799999999;0.08861491200000002;0.061587456000000006;0.061472768000000004;0.043591679999999994;0.040286208;0.036115456;0.037976064;0.028054528000000002;0.03003392;0.023886848000000002;0.030240768;0.0265472;0.032480256;0.027773952;0.024060928;0.032643071999999995;0.029796351999999998;0.015930368;0.00897536;0.011881472;0.011630592;0.013993984;0.009613312;0.006077440000000001;0.009214976;0.009860095999999999;0.010216448;0.008452096;0.006040576;0.009212928;0.007873536;0.004511744000000001;0.005313536;0.005170175999999999;0.004257792000000001;0.005810176;0.00482816;0.00396288;0.003750912;0.0030300159999999995;0.0030945279999999996;0.005705728;0.005792768;0.003011584;0.002117632;0.0015544320000000001;0.00342016;0.003422208;0.002972672;0.0023132160000000003;0.001714176;0.002835456
1790072100,hdr,0.0293;0.03906;0.04883;0.05859;0.06836;0.07813;0.08789;0.09766;0.10742;0.11719;0.12695;0.13672;0.14648;0.15625;0.16602;0.17578;0.18555;0.19531;0.20508;0.21484;0.22461;0.23438;0.24414;0.25391;0.26367;0.27344;0.2832;0.29297;0.30273;0.3125;0.32227;0.33203;0.3418;0.35156;0.36133;0.37109;0.38086;0.39063;0.40039;0.41016;0.41992;0.42969;0.43945;0.44922;0.45898;0.46875;0.47852;0.48828;0.49805;0.50781;0.51758;0.52734;0.53711;0.54688;0.55664;0.56641;0.57617;0.58594;0.5957;0.60547;0.61523;0.625;0.63477;0.64453;0.6543;0.66406;0.67383;0.68359;0.69336;0.70313;0.71289;0.72266;0.73242;0.74219;0.75195;0.76172;0.77148;0.78125;0.79102,0.005083135999999999;0.005367808;0.001195008;0.0011427840000000002;0.0027115520000000003;0.004574208;0.0051025919999999995;0.003982336;0.009363456000000001;0.01629696;0.031917056;0.020995072;0.033204224000000004;0.049916928;0.048210944;0.08948838399999999;0.101317632;0.066148352;0.09678336;0.1171968;0.13361459199999998;0.13732249600000002;0.17450496000000001;0.152392704;0.15303168;0.163419136;0.09177088;0.128279552;0.07804108800000001;0.03667968;0.040126464;0.05848064;0.049107968;0.059277312000000006;0.054515712;0.05258752;0.035801088;0.031419392;0.038346752;0.020184063999999998;0.010875904;0.014544895999999998;0.017127424000000002;0.017728512;0.015898624;0.011318272;0.008856576000000001;0.011144192;0.011431936;0.018906112000000003;0.016723968000000002;0.009730048;0.0058368000000000005;0.008189952;0.010355712000000001;0.008249344;0.008933376;0.008068096;0.006929408;0.005219328;0.005922816;0.005724160000000001;0.0060672;0.005692416;0.004673536;0.004527104;0.0061757439999999995;0.005000192;0.0036270079999999997;0.00309248;0.0025344;0.0025036800000000003;0.0026624;0.003195904;0.003125248;0.002419712;0.0017674240000000003;0.001680384;0.0021329920000000002
1790073000,hdr,0.0293;0.03906;0.04883;0.05859;0.06836;0.07813;0.08789;0.09766;0.10742;0.11719;0.12695;0.13672;0.14648;0.15625;0.16602;0.17578;0.18555;0.19531;0.20508;0.21484;0.22461;0.23438;0.24414;0.25391;0.26367;0.27344;0.2832;0.29297;0.30273;0.3125;0.32227;0.33203;0.3418;0.35156;0.36133;0.37109;0.38086;0.39063;0.40039;0.41016;0.41992;0.42969;0.43945;0.44922;0.45898;0.46875;0.47852;0.48828;0.49805;0.50781;0.51758;0.52734;0.53711;0.54688;0.55664;0.56641;0.57617;0.58594;0.5957;0.60547;0.61523;0.625;0.63477;0.64453;0.6543;0.66406;0.67383;0.68359;0.69336;0.70313;0.71289;0.72266;0.73242;0.74219;0.75195;0.76172;0.77148;0.78125;0.79102,0.0018411519999999998;0.004558848;0.004456448;0.004903935999999999;0.008065023999999999;0.009433088;0.007070719999999999;0.0065638400000000005;0.018046976000000003;0.032422912;0.035314688;0.018960384;0.032867328;0.028773376;0.021469184;0.03943936;0.084151296;0.07879987199999999;0.07154688000000001;0.12759552;0.170202112;0.19493888;0.25231769600000004;0.249095168;0.175475712;0.080694272;0.07367372800000001;0.11233382400000001;0.08965427200000001;0.063056896;0.039733248000000006;0.042313727999999995;0.038112256000000004;0.033370112;0.035057664;0.025402367999999998;0.017692672000000003;0.026724352;0.034387968;0.038376448;0.031637504000000004;0.02639872;0.026943487999999998;0.016452608;0.019451904;0.013930495999999999;0.011213824;0.009416704;0.00826368;0.007472128;0.006738944;0.007799808;0.008853503999999998;0.008818688;0.005684224;0.00561664;0.005991424;0.0062648320000000006;0.008153088000000001;0.004712448;0.003818496;0.00431104;0.005822464;0.006042624;0.004553728;0.004645888;0.005392384;0.006110208000000001;0.0056453119999999996;0.006048768;0.007491584;0.006300671999999999;0.002112512;0.0017377279999999998;0.002455552;0.0024104960000000003;0.0022947840000000002;0.001646592;0.002282496
1790073900,hdr,0.0293;0.03906;0.04883;0.05859;0.06836;0.07813;0.08789;0.09766;0.10742;0.11719;0.12695;0.13672;0.14648;0.15625;0.16602;0.17578;0.18555;0.19531;0.20508;0.21484;0.22461;0.23438;0.24414;0.25391;0.26367;0.27344;0.2832;0.29297;0.30273;0.3125;0.32227;0.33203;0.3418;0.35156;0.36133;0.37109;0.38086;0.39063;0.40039;0.41016;0.41992;0.42969;0.43945;0.44922;0.45898;0.46875;0.47852;0.48828;0.49805;0.50781;0.51758;0.52734;0.53711;0.54688;0.55664;0.56641;0.57617;0.58594;0.5957;0.60547;0.61523;0.625;0.63477;0.64453;0.6543;0.66406;0.67383;0.68359;0.69336;0.70313;0.71289;0.72266;0.73242;0.74219;0.75195;0.76172;0.77148;0.78125;0.79102,0.00207872;0.00398336;0.008247296;0.009868288000000001;0.0096256;0.009093120000000001;0.008081408;0.011876352000000001;0.0122624;0.020000768;0.034650112000000004;0.038935552000000005;0.041542656000000004;0.045420544;0.04664832;0.060479488000000005;0.086701056;0.093734912;0.112722944;0.133267456;0.19078656;0.27797504;0.15916646399999998;0.185976832;0.178086912;0.07161548799999999;0.06068736;0.078244864;0.065632256;0.050948096;0.050501632;0.035167232;0.037071872;0.03922944;0.0458752;0.025492479999999998;0.019931136;0.013724672;0.027804672;0.04080639999999999;0.034226176;0.017250304;0.010765311999999999;0.011044864;0.017340416;0.016911359999999997;0.0150784;0.009613312;0.007248896;0.00931328;0.006585344;0.007274496;0.008885248000000002;0.006986752000000001;0.008190975999999999;0.008817664000000001;0.00742912;0.010927104;0.008338431999999998;0.005977087999999999;0.005355520000000001;0.004058112000000001;0.005566464;0.004682751999999999;0.0040396799999999995;0.003268608;0.0033638400000000003;0.002932736;0.0029573119999999997;0.004421632;0.003211264;0.0034406400000000005;0.003290112;0.002210816;0.0016773119999999998;0.001317888;0.00162816;0.002306048;0.002829312
1790074800,hdr,0.0293;0.03906;0.04883;0.05859;0.06836;0.07813;0.08789;0.09766;0.10742;0.11719;0.12695;0.13672;0.14648;0.15625;0.16602;0.17578;0.18555;0.19531;0.20508;0.21484;0.22461;0.23438;0.24414;0.25391;0.26367;0.27344;0.2832;0.29297;0.30273;0.3125;0.32227;0.33203;0.3418;0.35156;0.36133;0.37109;0.38086;0.39063;0.40039;0.41016;0.41992;0.42969;0.43945;0.44922;0.45898;0.46875;0.47852;0.48828;0.49805;0.50781;0.51758;0.52734;0.53711;0.54688;0.55664;0.56641;0.57617;0.58594;0.5957;0.60547;0.61523;0.625;0.63477;0.64453;0.6543;0.66406;0.67383;0.68359;0.69336;0.70313;0.71289;0.72266;0.73242;0.74219;0.75195;0.76172;0.77148;0.78125;0.79102,0.0050278400000000004;0.010489856;0.010294271999999998;0.010386432;0.011196415999999999;0.010218495999999999;0.011272192;0.012535807999999999;0.0133376;0.023634943999999998;0.043646976000000004;0.03416576;0.022363136000000002;0.081622016;0.07936819199999999;0.061339648;0.06747340800000001;0.100885504;0.11938611199999999;0.1420544;0.18257919999999997;0.228967424;0.25736908799999997;0.17888768;0.140209152;0.084528128;0.07950848;0.051308544;0.06557081599999999;0.06635315199999998;0.065956864;0.06160691200000001;0.048212991999999996;0.029000704;0.039374848;0.029862912000000002;0.025392128;0.030691327999999997;0.030247936;0.028503039999999997;0.030411775999999998;0.030457856;0.025399296;0.018219008;0.0085248;0.01428992;0.017020928;0.011082751999999998;0.010899456;0.011254784000000002;0.014768128;0.011863039999999998;0.006663168;0.006713344;0.00538112;0.005682176000000001;0.007407616;0.007447552;0.006127616;0.006385664000000001;0.0058992639999999995;0.0036311040000000004;0.002354176;0.0028764159999999997;0.002295808;0.002955264;0.005438464;0.0034048;0.0030453760000000002;0.0037427199999999997;0.00310784;0.003460096;0.0035368960000000003;0.0029460479999999997;0.003439616;0.0026071040000000003;0.001746944;0.0017018880000000001;0.0016302080000000002
1790075700,hdr,0.0293;0.03906;0.04883;0.05859;0.06836;0.07813;0.08789;0.09766;0.10742;0.11719;0.12695;0.13672;0.14648;0.15625;0.16602;0.17578;0.18555;0.19531;0.20508;0.21484;0.22461;0.23438;0.24414;0.25391;0.26367;0.27344;0.2832;0.29297;0.30273;0.3125;0.32227;0.33203;0.3418;0.35156;0.36133;0.37109;0.38086;0.39063;0.40039;0.41016;0.41992;0.42969;0.43945;0.44922;0.45898;0.46875;0.47852;0.48828;0.49805;0.50781;0.51758;0.52734;0.53711;0.54688;0.55664;0.56641;0.57617;0.58594;0.5957;0.60547;0.61523;0.625;0.63477;0.64453;0.6543;0.66406;0.67383;0.68359;0.69336;0.70313;0.71289;0.72266;0.73242;0.74219;0.75195;0.76172;0.77148;0.78125;0.79102,0.0076318720000000005;0.012984319999999999;0.017022976;0.016356352;0.013981696;0.007863296;0.007980032;0.011307008;0.017560576;0.026969088;0.043870208;0.045599744;0.043836415999999996;0.078936064;0.080676864;0.07056588800000001;0.07712767999999999;0.09691648000000001;0.11880345599999999;0.22452326400000003;0.347249664;0.21203456;0.23549337600000003;0.259300352;0.19312025600000002;0.101571584;0.106087424;0.09525145600000001;0.07638016;0.07689728;0.057988095999999996;0.02845184;0.029390847999999997;0.032689152;0.035349504000000004;0.031773696;0.028596224;0.019892224;0.025473023999999997;0.024206336;0.017616896;0.016147455999999998;0.024024063999999998;0.021398528;0.014999552;0.012864511999999998;0.011661312;0.010315776;0.010431488;0.013119488;0.011338752;0.007368703999999999;0.008819712000000002;0.0062699520000000005;0.005226496;0.009602048;0.009582592000000001;0.00699904;0.006039551999999999;0.006006783999999999;0.0061409279999999995;0.006797312;0.004166656;0.00601088;0.004775936;0.004922368;0.005148672000000001;0.006589439999999999;0.0043806719999999995;0.00218112;0.0029859840000000006;0.003820544;0.0031477759999999997;0.003175424;0.0033791999999999997;0.003208192;0.002691072;0.0027791359999999998;0.002564096
1790076600,hdr,0.0293;0.03906;0.04883;0.05859;0.06836;0.07813;0.08789;0.09766;0.10742;0.11719;0.12695;0.13672;0.14648;0.15625;0.16602;0.17578;0.18555;0.19531;0.20508;0.21484;0.22461;0.23438;0.24414;0.25391;0.26367;0.27344;0.2832;0.29297;0.30273;0.3125;0.32227;0.33203;0.3418;0.35156;0.36133;0.37109;0.38086;0.39063;0.40039;0.41016;0.41992;0.42969;0.43945;0.44922;0.45898;0.46875;0.47852;0.48828;0.49805;0.50781;0.51758;0.52734;0.53711;0.54688;0.55664;0.56641;0.57617;0.58594;0.5957;0.60547;0.61523;0.625;0.63477;0.64453;0.6543;0.66406;0.67383;0.68359;0.69336;0.70313;0.71289;0.72266;0.73242;0.74219;0.75195;0.76172;0.77148;0.78125;0.79102,0.005343232;0.00877056;0.008396800000000001;0.006157312;0.009048064;0.013068288;0.014056448000000001;0.011759616;0.012297216;0.021844992;0.050838528;0.054921216;0.035105792000000004;0.058380288;0.08299110400000001;0.064448512;0.049107968;0.08142848;0.218070016;0.186913792;0.18267852799999998;0.266195968;0.32183705600000007;0.190471168;0.120313856;0.098158592;0.084448256;0.108301312;0.108294144;0.090267648;0.06485913600000001;0.054158335999999994;0.05794304;0.05467647999999999;0.028349440000000004;0.030449663999999998;0.043531264;0.033078272;0.021331968;0.027309056;0.025406464;0.025875455999999998;0.032521216000000006;0.024762368;0.016586752;0.015204352;0.012035072;0.012311552000000002;0.018024448000000002;0.015245312;0.014235648;0.014881792000000001;0.009568255999999999;0.00621056;0.01058304;0.010440704;0.008327168;0.008008704;0.004033536;0.0056227840000000005;0.006426624000000001;0.006219776000000001;0.0071045119999999995;0.004397056000000001;0.003514368;0.003221504;0.0024811519999999995;0.003835904;0.002444288;0.001969152;0.002409472;0.002390016;0.002081792;0.00300032;0.0033208319999999997;0.002654208;0.0024340480000000003;0.0019476480000000002;0.0022558720000000003
1790077500,hdr,0.0293;0.03906;0.04883;0.05859;0.06836;0.07813;0.08789;0.09766;0.10742;0.11719;0.12695;0.13672;0.14648;0.15625;0.16602;0.17578;0.18555;0.19531;0.20508;0.21484;0.22461;0.23438;0.24414;0.25391;0.26367;0.27344;0.2832;0.29297;0.30273;0.3125;0.32227;0.33203;0.3418;0.35156;0.36133;0.37109;0.38086;0.39063;0.40039;0.41016;0.41992;0.42969;0.43945;0.44922;0.45898;0.46875;0.47852;0.48828;0.49805;0.50781;0.51758;0.52734;0.53711;0.54688;0.55664;0.56641;0.57617;0.58594;0.5957;0.60547;0.61523;0.625;0.63477;0.64453;0.6543;0.66406;0.67383;0.68359;0.69336;0.70313;0.71289;0.72266;0.73242;0.74219;0.75195;0.76172;0.77148;0.78125;0.79102,0.0026705920000000003;0.0060610559999999996;0.005057536;0.004011008;0.01513984;0.013824;0.016805887999999998;0.022406144;0.020501504;0.017074176000000003;0.043019264;0.04650496;0.063392768;0.063560704;0.054379519999999994;0.071985152;0.07314739199999999;0.11217817599999999;0.184184832;0.269541376;0.323877888;0.25748172799999997;0.24240025600000004;0.2445056;0.154800128;0.107767808;0.06232064;0.111752192;0.08112128;0.08501145599999999;0.055041024;0.035918847999999996;0.036605952000000004;0.062287872;0.053767168;0.04235264;0.028092416000000002;0.029741056000000002;0.036575232;0.028817408;0.028454912;0.04043673600000001;0.022232064000000003;0.017719296;0.016158719999999998;0.020149247999999998;0.02013696;0.019761151999999997;0.015427584;0.011758592;0.007967743999999999;0.011924480000000001;0.008459264;0.006542335999999999;0.00689152;0.006050816;0.005994496;0.010442752;0.007670784000000001;0.004152319999999999;0.004555776;0.004022272;0.004758528000000001;0.003823616;0.004202496;0.005139456;0.005606399999999999;0.0037468159999999996;0.003144704;0.002568192;0.0025743360000000004;0.0027555839999999997;0.002306048;0.002817024;0.0029911039999999996;0.00266752;0.002368512;0.002373632;0.004187135999999999
1790078400,hdr,0.0293;0.03906;0.04883;0.05859;0.06836;0.07813;0.08789;0.09766;0.10742;0.11719;0.12695;0.13672;0.14648;0.15625;0.16602;0.17578;0.18555;0.19531;0.20508;0.21484;0.22461;0.23438;0.24414;0.25391;0.26367;0.27344;0.2832;0.29297;0.30273;0.3125;0.32227;0.33203;0.3418;0.35156;0.36133;0.37109;0.38086;0.39063;0.40039;0.41016;0.41992;0.42969;0.43945;0.44922;0.45898;0.46875;0.47852;0.48828;0.49805;0.50781;0.51758;0.52734;0.53711;0.54688;0.55664;0.56641;0.57617;0.58594;0.5957;0.60547;0.61523;0.625;0.63477;0.64453;0.6543;0.66406;0.67383;0.68359;0.69336;0.70313;0.71289;0.72266;0.73242;0.74219;0.75195;0.76172;0.77148;0.78125;0.79102,0.004097024;0.006931456;0.006329344;0.00339968;0.007497728;0.009414656;0.008291327999999999;0.009455616;0.019049472;0.05145804799999999;0.063415296;0.076772352;0.075609088;0.054787072;0.047497216;0.047992832;0.053812224;0.15079936000000002;0.29736959999999996;0.32965120000000003;0.32704921600000003;0.221188096;0.22700646400000002;0.19701862399999998;0.21222809599999998;0.166595584;0.085102592;0.064448512;0.079207424;0.130050048;0.128248832;0.103750656;0.07817728;0.048014336000000005;0.031545344;0.039753728;0.043029504;0.032729087999999996;0.036301824;0.027543552;0.013242368000000001;0.016077824;0.024613888;0.033123328;0.027646976;0.012484608;0.013883392;0.017880064;0.020627456;0.01447424;0.007360512;0.007891968000000001;0.007758848;0.005269504000000001;0.009220095999999999;0.00866816;0.00464384;0.007792639999999999;0.009834496;0.00600064;0.0071464960000000004;0.00762368;0.0046714880000000005;0.0035850240000000005;0.003047424;0.00282112;0.002106368;0.002435072;0.0028999679999999997;0.0037888;0.0038656000000000003;0.0015616000000000002;0.0018995200000000002;0.0023234560000000002;0.001744896;0.0023818240000000003;0.002584576;0.0013946879999999998;0.00131584
1790079300,hdr,0.0293;0.03906;0.04883;0.05859;0.06836;0.07813;0.08789;0.09766;0.10742;0.11719;0.12695;0.13672;0.14648;0.15625;0.16602;0.17578;0.18555;0.19531;0.20508;0.21484;0.22461;0.23438;0.24414;0.25391;0.26367;0.27344;0.2832;0.29297;0.30273;0.3125;0.32227;0.33203;0.3418;0.35156;0.36133;0.37109;0.38086;0.39063;0.40039;0.41016;0.41992;0.42969;0.43945;0.44922;0.45898;0.46875;0.47852;0.48828;0.49805;0.50781;0.51758;0.52734;0.53711;0.54688;0.55664;0.56641;0.57617;0.58594;0.5957;0.60547;0.61523;0.625;0.63477;0.64453;0.6543;0.66406;0.67383;0.68359;0.69336;0.70313;0.71289;0.72266;0.73242;0.74219;0.75195;0.76172;0.77148;0.78125;0.79102,0.003018752;0.00350208;0.003816448;0.007543808;0.01865216;0.01360384;0.015012863999999999;0.008270848000000003;0.012804096;0.057862144;0.089145344;0.07932416;0.055682048000000005;0.057015296;0.066709504;0.05806592;0.122641408;0.12956467200000002;0.20507750400000002;0.22631219200000002;0.347840512;0.290465792;0.23108812800000003;0.153729024;0.13481369599999998;0.11718656;0.103030784;0.10200473599999998;0.10643148799999999;0.06591897599999999;0.05235404799999999;0.07585689600000001;0.053782527999999996;0.047925248000000004;0.03005952;0.036283392;0.03569049600000001;0.03590144;0.02916864;0.023803903999999997;0.021851136;0.017328128;0.030285824;0.017079295999999997;0.010899456;0.01875968;0.014370815999999998;0.00779776;0.005873664;0.012572672;0.013780992;0.014429184;0.01182208;0.010862591999999999;0.0077813760000000004;0.009118719999999999;0.007653375999999999;0.010149888000000001;0.008454144;0.003934208;0.006168576;0.006331392;0.006320128;0.0031232000000000005;0.003073024;0.003473408;0.0035123199999999998;0.0052142080000000006;0.0047861760000000005;0.0041093119999999995;0.00330752;0.0031744;0.00375296;0.002661376;0.002265088;0.0016230399999999999;0.0013342719999999998;0.001373184;0.0014530559999999999
1790080200,hdr,0.0293;0.03906;0.04883;0.05859;0.06836;0.07813;0.08789;0.09766;0.10742;0.11719;0.12695;0.13672;0.14648;0.15625;0.16602;0.17578;0.18555;0.19531;0.20508;0.21484;0.22461;0.23438;0.24414;0.25391;0.26367;0.27344;0.2832;0.29297;0.30273;0.3125;0.32227;0.33203;0.3418;0.35156;0.36133;0.37109;0.38086;0.39063;0.40039;0.41016;0.41992;0.42969;0.43945;0.44922;0.45898;0.46875;0.47852;0.48828;0.49805;0.50781;0.51758;0.52734;0.53711;0.54688;0.55664;0.56641;0.57617;0.58594;0.5957;0.60547;0.61523;0.625;0.63477;0.64453;0.6543;0.66406;0.67383;0.68359;0.69336;0.70313;0.71289;0.72266;0.73242;0.74219;0.75195;0.76172;0.77148;0.78125;0.79102,0.0072560640000000004;0.006293504000000001;0.00407552;0.0037027839999999998;0.006137856;0.003889152;0.007588864000000001;0.015376384;0.020504576;0.043218944;0.0594944;0.04646809600000001;0.07536128;0.11385548799999999;0.08786636799999999;0.07516467199999999;0.12280217600000001;0.182371328;0.273599488;0.363835392;0.48909824;0.31688704000000006;0.25227468799999997;0.27208192000000003;0.242116608;0.151785472;0.08833740799999999;0.090090496;0.053638144;0.029124608;0.037260288;0.032351232;0.050197504000000004;0.06732288;0.04435968;0.047256576;0.051526656000000004;0.022523904;0.020054016;0.020763648000000003;0.027592704000000003;0.021481472;0.027328512;0.030910464;0.027209728;0.020822016;0.021348351999999998;0.023856127999999997;0.01885696;0.017131519999999997;0.011293696;0.011399168;0.010235904;0.012906496000000002;0.0079872;0.006762495999999999;0.006781952;0.007985152;0.005818368;0.005948416;0.006486016000000001;0.004503552;0.005320704;0.005149696;0.005561344;0.00559104;0.003718144;0.004481023999999999;0.003136512;0.003823616;0.004054016;0.0025753599999999996;0.0023500800000000005;0.002924544;0.0023132160000000003;0.0019537919999999998;0.002514944;0.001695744;0.001349632
1790081100,hdr,0.0293;0.03906;0.04883;0.05859;0.06836;0.07813;0.08789;0.09766;0.10742;0.11719;0.12695;0.13672;0.14648;0.15625;0.16602;0.17578;0.18555;0.19531;0.20508;0.21484;0.22461;0.23438;0.24414;0.25391;0.26367;0.27344;0.2832;0.29297;0.30273;0.3125;0.32227;0.33203;0.3418;0.35156;0.36133;0.37109;0.38086;0.39063;0.40039;0.41016;0.41992;0.42969;0.43945;0.44922;0.45898;0.46875;0.47852;0.48828;0.49805;0.50781;0.51758;0.52734;0.53711;0.54688;0.55664;0.56641;0.57617;0.58594;0.5957;0.60547;0.61523;0.625;0.63477;0.64453;0.6543;0.66406;0.67383;0.68359;0.69336;0.70313;0.71289;0.72266;0.73242;0.74219;0.75195;0.76172;0.77148;0.78125;0.79102,0.0015226880000000001;0.0045312;0.007444480000000001;0.008642559999999999;0.01434624;0.013075456000000001;0.014949376;0.01081856;0.01457664;0.035596288000000004;0.093838336;0.10241638399999999;0.08091648000000001;0.139031552;0.096887808;0.12904448;0.114106368;0.163416064;0.2657536;0.246859776;0.24932864000000002;0.23684096;0.214629376;0.195172352;0.159199232;0.092301312;0.059075584;0.096740352;0.093090816;0.076607488;0.06650368000000001;0.03593318399999999;0.029400064000000004;0.029266944;0.038363136;0.040740864;0.027712511999999998;0.027071487999999998;0.026736640000000002;0.0203008;0.015383552;0.020477951999999997;0.033326079999999994;0.030296064;0.026271744000000003;0.023441408;0.015519743999999999;0.02156032;0.013431808000000002;0.008928255999999999;0.008833024;0.00729088;0.005430272000000001;0.005825536;0.0075100160000000004;0.006280192;0.007611392000000001;0.008597504;0.008666111999999998;0.006910975999999999;0.004103168000000001;0.00600064;0.005870592000000001;0.004200447999999999;0.0028436480000000003;0.0027156479999999998;0.004475903999999999;0.004032511999999999;0.002914304;0.0034498560000000003;0.00398848;0.003610624;0.0034795520000000003;0.0039075839999999995;0.003326976;0.002174976;0.0022784000000000003;0.001651712;0.0024903679999999997
1790082900,hdr,0.0293;0.03906;0.04883;0.05859;0.06836;0.07813;0.08789;0.09766;0.10742;0.11719;0.12695;0.13672;0.14648;0.15625;0.16602;0.17578;0.18555;0.19531;0.20508;0.21484;0.22461;0.23438;0.24414;0.25391;0.26367;0.27344;0.2832;0.29297;0.30273;0.3125;0.32227;0.33203;0.3418;0.35156;0.36133;0.37109;0.38086;0.39063;0.40039;0.41016;0.41992;0.42969;0.43945;0.44922;0.45898;0.46875;0.47852;0.48828;0.49805;0.50781;0.51758;0.52734;0.53711;0.54688;0.55664;0.56641;0.57617;0.58594;0.5957;0.60547;0.61523;0.625;0.63477;0.64453;0.6543;0.66406;0.67383;0.68359;0.69336;0.70313;0.71289;0.72266;0.73242;0.74219;0.75195;0.76172;0.77148;0.78125;0.79102,0.005782528;0.009428991999999999;0.007209984;0.004442112;0.015194112000000001;0.017132544;0.017723392;0.009959424000000001;0.019117056;0.060101632;0.118321152;0.131974144;0.13477580800000002;0.140653568;0.14204518400000002;0.17453568000000003;0.12609331199999999;0.175258624;0.28967423999999997;0.31653785599999995;0.362034176;0.20659404799999997;0.110476288;0.13028863999999998;0.15241216;0.083263488;0.078058496;0.041497599999999996;0.055359488;0.058164223999999994;0.041908223999999994;0.043183104;0.049461248;0.029533183999999997;0.024847359999999995;0.023445504000000002;0.021296128;0.018336768;0.016622592000000002;0.019526656;0.021568511999999998;0.017992704;0.012292096;0.01828352;0.014829568;0.019070976000000003;0.02025984;0.015835136;0.011790335999999998;0.015106047999999999;0.01636864;0.010276864;0.007128064;0.008708096;0.007471104;0.005689344;0.008358912;0.007564288000000001;0.008705023999999999;0.007832576;0.006416384;0.004494335999999999;0.00326144;0.00406528;0.004927488000000001;0.004818944;0.004609024;0.002205696;0.001814528;0.0018012159999999998;0.0025180159999999997;0.003518464;0.0023173119999999998;0.0018800639999999999;0.001898496;0.0019087359999999999;0.002244608;0.003290112;0.00274432
1790083800,hdr,0.0293;0.03906;0.04883;0.05859;0.06836;0.07813;0.08789;0.09766;0.10742;0.11719;0.12695;0.13672;0.14648;0.15625;0.16602;0.17578;0.18555;0.19531;0.20508;0.21484;0.22461;0.23438;0.24414;0.25391;0.26367;0.27344;0.2832;0.29297;0.30273;0.3125;0.32227;0.33203;0.3418;0.35156;0.36133;0.37109;0.38086;0.39063;0.40039;0.41016;0.41992;0.42969;0.43945;0.44922;0.45898;0.46875;0.47852;0.48828;0.49805;0.50781;0.51758;0.52734;0.53711;0.54688;0.55664;0.56641;0.57617;0.58594;0.5957;0.60547;0.61523;0.625;0.63477;0.64453;0.6543;0.66406;0.67383;0.68359;0.69336;0.70313;0.71289;0.72266;0.73242;0.74219;0.75195;0.76172;0.77148;0.78125;0.79102,0.009758720000000002;0.012146688;0.007476224;0.0075898879999999995;0.017690624;0.020406272;0.01337344;0.011523072;0.024055807999999998;0.052236288;0.089545728;0.08499916799999999;0.128856064;0.129903616;0.134398976;0.198016;0.165679104;0.175579136;0.15638732800000002;0.198833152;0.20246835200000002;0.18721279999999998;0.142901248;0.13894963200000002;0.13124608000000001;0.09150976;0.067140608;0.072935424;0.08168038400000001;0.06049792;0.049933312;0.050780160000000005;0.039714816;0.031754239999999996;0.031525888;0.035858432;0.026498048000000003;0.023964672;0.022022144;0.017510400000000002;0.020503552;0.023161856;0.018939903999999997;0.010784768;0.007667711999999999;0.018640896;0.027124735999999997;0.024283136;0.018656255999999996;0.011498495999999999;0.013267968;0.01150464;0.00809984;0.00580096;0.005615616;0.010366975999999998;0.011075584;0.0050176;0.008003584;0.008542208;0.006694912;0.006280192;0.003625984;0.004713472000000001;0.005115903999999999;0.003515392;0.003551232;0.004343808;0.003318784;0.0036577280000000003;0.0035276800000000005;0.002741248;0.003291136;0.003934208;0.00457216;0.003667968;0.002378752;0.001974272;0.0026941440000000003
1790084700,hdr,0.0293;0.03906;0.04883;0.05859;0.06836;0.07813;0.08789;0.09766;0.10742;0.11719;0.12695;0.13672;0.14648;0.15625;0.16602;0.17578;0.18555;0.19531;0.20508;0.21484;0.22461;0.23438;0.24414;0.25391;0.26367;0.27344;0.2832;0.29297;0.30273;0.3125;0.32227;0.33203;0.3418;0.35156;0.36133;0.37109;0.38086;0.39063;0.40039;0.41016;0.41992;0.42969;0.43945;0.44922;0.45898;0.46875;0.47852;0.48828;0.49805;0.50781;0.51758;0.52734;0.53711;0.54688;0.55664;0.56641;0.57617;0.58594;0.5957;0.60547;0.61523;0.625;0.63477;0.64453;0.6543;0.66406;0.67383;0.68359;0.69336;0.70313;0.71289;0.72266;0.73242;0.74219;0.75195;0.76172;0.77148;0.78125;0.79102,0.008472576;0.010057727999999998;0.013190144000000001;0.011572224;0.013187072;0.011205632;0.0058869759999999995;0.0069847039999999996;0.018988032;0.048407552000000006;0.064284672;0.07714099199999999;0.132852736;0.18441216;0.148729856;0.165352448;0.17257779199999998;0.332561408;0.448644096;0.418555904;0.42882355200000005;0.250115072;0.214953984;0.16990719999999998;0.091032576;0.1275392;0.07935180800000001;0.0596736;0.058313727999999995;0.046512128;0.063424512;0.03441152;0.019497984;0.02378752;0.033852415999999996;0.024173568;0.022899712;0.031325184;0.036619264000000006;0.021747712;0.018108416;0.020774912;0.014376960000000001;0.016569344;0.018336768;0.010363904;0.010724352;0.014831616;0.007868416;0.008776704;0.010039296;0.00787968;0.008163328;0.009953279999999998;0.010719232;0.00881152;0.006766592000000001;0.007660544;0.00408064;0.003917824;0.0050401280000000005;0.00464384;0.004284416;0.003508224;0.004430848;0.006491136000000001;0.005228544;0.0031426559999999997;0.0028723200000000003;0.0025200640000000002;0.0033208319999999997;0.002658304;0.001353728;0.002071552;0.001544192;0.001452032;0.0017356799999999999;0.001619968;0.001168384
1790085600,hdr,0.0293;0.03906;0.04883;0.05859;0.06836;0.07813;0.08789;0.09766;0.10742;0.11719;0.12695;0.13672;0.14648;0.15625;0.16602;0.17578;0.18555;0.19531;0.20508;0.21484;0.22461;0.23438;0.24414;0.25391;0.26367;0.27344;0.2832;0.29297;0.30273;0.3125;0.32227;0.33203;0.3418;0.35156;0.36133;0.37109;0.38086;0.39063;0.40039;0.41016;0.41992;0.42969;0.43945;0.44922;0.45898;0.46875;0.47852;0.48828;0.49805;0.50781;0.51758;0.52734;0.53711;0.54688;0.55664;0.56641;0.57617;0.58594;0.5957;0.60547;0.61523;0.625;0.63477;0.64453;0.6543;0.66406;0.67383;0.68359;0.69336;0.70313;0.71289;0.72266;0.73242;0.74219;0.75195;0.76172;0.77148;0.78125;0.79102,0.0018432000000000001;0.0062627839999999995;0.010528768;0.006342656;0.008716288;0.005901312;0.006593536;0.012120063999999998;0.01952768;0.043288576;0.102791168;0.130328576;0.12595712;0.21796454399999998;0.22661119999999998;0.132071424;0.236673024;0.395418624;0.436329472;0.465828864;0.21258854400000002;0.148293632;0.17009664000000002;0.144243712;0.110496768;0.060539904000000005;0.091087872;0.100458496;0.091969536;0.055263232;0.044203007999999995;0.047637504000000004;0.054614015999999994;0.055288832;0.034838528;0.023370752;0.01907712;0.016285696000000002;0.016079872000000002;0.015148032;0.020381696;0.020040704000000003;0.020919295999999997;0.030164992;0.030042112;0.021738496000000003;0.016340992;0.026875904;0.020780032;0.007962624;0.012519424000000001;0.011127808;0.007209984;0.008850431999999998;0.00742912;0.0048711679999999995;0.00546816;0.00582656;0.00436224;0.004376576;0.004113408;0.003168256;0.004098048000000001;0.003864576;0.004303872;0.006361088;0.005356544;0.004054016;0.003208192;0.00406528;0.003446784;0.003084288;0.001460224;0.0018882559999999998;0.0035481600000000003;0.002086912;0.001757184;0.0016230399999999999;0.0018575360000000001
1790086500,hdr,0.0293;0.03906;0.04883;0.05859;0.06836;0.07813;0.08789;0.09766;0.10742;0.11719;0.12695;0.13672;0.14648;0.15625;0.16602;0.17578;0.18555;0.19531;0.20508;0.21484;0.22461;0.23438;0.24414;0.25391;0.26367;0.27344;0.2832;0.29297;0.30273;0.3125;0.32227;0.33203;0.3418;0.35156;0.36133;0.37109;0.38086;0.39063;0.40039;0.41016;0.41992;0.42969;0.43945;0.44922;0.45898;0.46875;0.47852;0.48828;0.49805;0.50781;0.51758;0.52734;0.53711;0.54688;0.55664;0.56641;0.57617;0.58594;0.5957;0.60547;0.61523;0.625;0.63477;0.64453;0.6543;0.66406;0.67383;0.68359;0.69336;0.70313;0.71289;0.72266;0.73242;0.74219;0.75195;0.76172;0.77148;0.78125;0.79102,0.0030464;0.007426048;0.006559744;0.004334592;0.009696255999999999;0.0074301440000000005;0.008351744000000001;0.010428416000000001;0.019247104;0.071740416;0.137577472;0.14702796799999998;0.236734464;0.255806464;0.29398016000000005;0.21958451199999998;0.26979840000000005;0.374295552;0.435607552;0.464008192;0.36096512;0.19913318400000002;0.27451494400000004;0.15214387199999999;0.09149952;0.094522368;0.061797375999999994;0.053879807999999994;0.046903296;0.056678400000000004;0.056388608;0.041501696000000005;0.038403072;0.043415551999999996;0.05256192;0.043495424;0.024971264000000003;0.032791552;0.033544192;0.023154688000000003;0.019985408;0.01914368;0.0228096;0.027035648;0.024840192;0.021786624;0.018898944;0.01601536;0.0130816;0.01164288;0.012320768;0.009709568000000002;0.00969216;0.012084224;0.009128959999999998;0.006407168;0.007003135999999999;0.0059811840000000005;0.005737472;0.006889472;0.003867648;0.002864128;0.0032460799999999997;0.004611072;0.004112384;0.00334848;0.004409344;0.004416512;0.004769791999999999;0.003546112;0.002158592;0.003248128;0.003690496;0.002646016;0.00366592;0.0033955839999999997;0.0026112;0.0025180159999999997;0.003416064
1790087400,hdr,0.0293;0.03906;0.04883;0.05859;0.06836;0.07813;0.08789;0.09766;0.10742;0.11719;0.12695;0.13672;0.14648;0.15625;0.16602;0.17578;0.18555;0.19531;0.20508;0.21484;0.22461;0.23438;0.24414;0.25391;0.26367;0.27344;0.2832;0.29297;0.30273;0.3125;0.32227;0.33203;0.3418;0.35156;0.36133;0.37109;0.38086;0.39063;0.40039;0.41016;0.41992;0.42969;0.43945;0.44922;0.45898;0.46875;0.47852;0.48828;0.49805;0.50781;0.51758;0.52734;0.53711;0.54688;0.55664;0.56641;0.57617;0.58594;0.5957;0.60547;0.61523;0.625;0.63477;0.64453;0.6543;0.66406;0.67383;0.68359;0.69336;0.70313;0.71289;0.72266;0.73242;0.74219;0.75195;0.76172;0.77148;0.78125;0.79102,0.002443264;0.005572608000000001;0.003931136;0.008302592000000001;0.017057792;0.020232192000000003;0.015744;0.0118272;0.022725632000000003;0.054919168;0.109274112;0.150020096;0.24414207999999998;0.34175180799999993;0.26351104;0.19687423999999998;0.28233011199999997;0.31391232;0.330786816;0.415690752;0.410237952;0.217337856;0.10817126399999999;0.114758656;0.180395008;0.13621248;0.09392947200000001;0.089987072;0.07101235200000001;0.071788544;0.042221568;0.028876799999999998;0.050847744;0.051140608;0.047355904000000004;0.037326847999999996;0.03149312;0.023330815999999997;0.0181248;0.024582144;0.022366208;0.018212864000000002;0.020162559999999996;0.012017664;0.007432192;0.012660736;0.015624192;0.015803392;0.014619647999999999;0.008696832;0.005384192;0.00826368;0.009094144;0.00861184;0.007457792;0.005771264;0.005874688;0.00505344;0.005047296000000001;0.00516096;0.006762495999999999;0.006559744;0.0054159360000000005;0.005661696;0.00416256;0.004045824;0.0033464320000000003;0.0039649279999999995;0.004143104;0.0041113600000000005;0.004851712;0.0023388159999999996;0.001770496;0.00239104;0.003270656;0.002260992;0.0012994559999999998;0.0013240320000000002;0.001527808
1790088300,hdr,0.0293;0.03906;0.04883;0.05859;0.06836;0.07813;0.08789;0.09766;0.10742;0.11719;0.12695;0.13672;0.14648;0.15625;0.16602;0.17578;0.18555;0.19531;0.20508;0.21484;0.22461;0.23438;0.24414;0.25391;0.26367;0.27344;0.2832;0.29297;0.30273;0.3125;0.32227;0.33203;0.3418;0.35156;0.36133;0.37109;0.38086;0.39063;0.40039;0.41016;0.41992;0.42969;0.43945;0.44922;0.45898;0.46875;0.47852;0.48828;0.49805;0.50781;0.51758;0.52734;0.53711;0.54688;0.55664;0.56641;0.57617;0.58594;0.5957;0.60547;0.61523;0.625;0.63477;0.64453;0.6543;0.66406;0.67383;0.68359;0.69336;0.70313;0.71289;0.72266;0.73242;0.74219;0.75195;0.76172;0.77148;0.78125;0.79102,0.0020254720000000004;0.004414464;0.0042434560000000005;0.008233984;0.028850175999999998;0.028055552;0.020478976;0.017414144;0.016822272;0.06034432;0.118678528;0.146537472;0.222951424;0.187752448;0.323586048;0.35571916800000003;0.1757184;0.29932748800000003;0.312598528;0.252982272;0.257467392;0.214739968;0.155575296;0.145473536;0.107285504;0.11176448000000001;0.112282624;0.104865792;0.081027072;0.034266112;0.029773824;0.053764096000000004;0.078005248;0.060855296;0.027150336;0.019904512;0.025624576;0.031026176;0.028935168;0.029367295999999998;0.025285632000000002;0.01906688;0.020985856;0.018757632;0.0151552;0.017591296;0.013349888;0.009777152;0.011372544;0.014635008;0.012169216;0.008704;0.0075325439999999995;0.009419776;0.008687616;0.00927744;0.005046272;0.0070912;0.005866496;0.005523456;0.008453120000000001;0.005210112;0.004052992;0.005078015999999999;0.00425472;0.004530176;0.004673536;0.00311296;0.003931136;0.003117056;0.002563072;0.002516992;0.002371584;0.002315264;0.00283136;0.002147328;0.0024739840000000003;0.001404928;0.001676288
1790089200,hdr,0.0293;0.03906;0.04883;0.05859;0.06836;0.07813;0.08789;0.09766;0.10742;0.11719;0.12695;0.13672;0.14648;0.15625;0.16602;0.17578;0.18555;0.19531;0.20508;0.21484;0.22461;0.23438;0.24414;0.25391;0.26367;0.27344;0.2832;0.29297;0.30273;0.3125;0.32227;0.33203;0.3418;0.35156;0.36133;0.37109;0.38086;0.39063;0.40039;0.41016;0.41992;0.42969;0.43945;0.44922;0.45898;0.46875;0.47852;0.48828;0.49805;0.50781;0.51758;0.52734;0.53711;0.54688;0.55664;0.56641;0.57617;0.58594;0.5957;0.60547;0.61523;0.625;0.63477;0.64453;0.6543;0.66406;0.67383;0.68359;0.69336;0.70313;0.71289;0.72266;0.73242;0.74219;0.75195;0.76172;0.77148;0.78125;0.79102,0.008735744;0.015707136;0.005528576;0.006627328;0.021916671999999998;0.034269184;0.015978496;0.023193599999999998;0.03369984;0.071569408;0.128128;0.118061056;0.13669376;0.27561779200000003;0.22325247999999998;0.276901888;0.360520704;0.470914048;0.515038208;0.21718528;0.23648256;0.267251712;0.215048192;0.16522752;0.125646848;0.085349376;0.062105600000000004;0.048311296000000004;0.053556224;0.045742080000000004;0.039457792;0.038814720000000004;0.040053759999999994;0.052634624000000005;0.046388224;0.030451712;0.016460799999999998;0.017559552;0.023947264;0.017431552;0.017995775999999998;0.020344832;0.010176512;0.011813888000000002;0.012542975999999999;0.008339456;0.012500992;0.009024511999999998;0.00327168;0.007294976000000001;0.009555968000000001;0.00855552;0.010830848;0.009490432;0.007363584000000001;0.006653952;0.006078464;0.005191680000000001;0.004452352;0.0038492160000000004;0.003216384;0.005592063999999999;0.005863424;0.004615167999999999;0.003980288;0.002691072;0.0037222400000000004;0.003753984;0.0026286079999999997;0.0022661120000000002;0.0019251199999999998;0.002134016;0.003703808;0.002302976;0.002660352;0.002741248;0.002228224;0.002064384;0.001283072
1790090100,hdr,0.0293;0.03906;0.04883;0.05859;0.06836;0.07813;0.08789;0.09766;0.10742;0.11719;0.12695;0.13672;0.14648;0.15625;0.16602;0.17578;0.18555;0.19531;0.20508;0.21484;0.22461;0.23438;0.24414;0.25391;0.26367;0.27344;0.2832;0.29297;0.30273;0.3125;0.32227;0.33203;0.3418;0.35156;0.36133;0.37109;0.38086;0.39063;0.40039;0.41016;0.41992;0.42969;0.43945;0.44922;0.45898;0.46875;0.47852;0.48828;0.49805;0.50781;0.51758;0.52734;0.53711;0.54688;0.55664;0.56641;0.57617;0.58594;0.5957;0.60547;0.61523;0.625;0.63477;0.64453;0.6543;0.66406;0.67383;0.68359;0.69336;0.70313;0.71289;0.72266;0.73242;0.74219;0.75195;0.76172;0.77148;0.78125;0.79102,0.0019712;0.004652032;0.018495488;0.006606848;0.027962368;0.03569152;0.025227264000000003;0.022014976000000002;0.010298368;0.05451161599999999;0.13008384;0.14969139200000003;0.223803392;0.268928;0.29335961600000005;0.36249702400000006;0.39990579200000004;0.5332418560000001;0.33630105600000004;0.320515072;0.333750272;0.31111168;0.15607807999999998;0.088783872;0.073275392;0.08528691199999999;0.098715648;0.085838848;0.064841728;0.055101439999999995;0.048249856;0.037667839999999994;0.046370816;0.039491584;0.020549631999999998;0.017878016;0.019175424;0.030816255999999997;0.021575679999999996;0.023769088;0.024225791999999996;0.02288128;0.013316096;0.01581568;0.015737856;0.011131904;0.010463232;0.010563584;0.00743424;0.006105088000000001;0.006808576;0.005331967999999999;0.008590336;0.008758272;0.009217023999999999;0.00624128;0.004359168000000001;0.006856704;0.004538368;0.004210688;0.005364736;0.0037898240000000002;0.002117632;0.003084288;0.00264704;0.002127872;0.002238464;0.0027740160000000002;0.0031979519999999996;0.002413568;0.00159744;0.00198144;0.001743872;0.0011509760000000002;0.001796096;0.0023050239999999997;0.001970176;0.001872896;0.0015779840000000002
1790091000,hdr,0.0293;0.03906;0.04883;0.05859;0.06836;0.07813;0.08789;0.09766;0.10742;0.11719;0.12695;0.13672;0.14648;0.15625;0.16602;0.17578;0.18555;0.19531;0.20508;0.21484;0.22461;0.23438;0.24414;0.25391;0.26367;0.27344;0.2832;0.29297;0.30273;0.3125;0.32227;0.33203;0.3418;0.35156;0.36133;0.37109;0.38086;0.39063;0.40039;0.41016;0.41992;0.42969;0.43945;0.44922;0.45898;0.46875;0.47852;0.48828;0.49805;0.50781;0.51758;0.52734;0.53711;0.54688;0.55664;0.56641;0.57617;0.58594;0.5957;0.60547;0.61523;0.625;0.63477;0.64453;0.6543;0.66406;0.67383;0.68359;0.69336;0.70313;0.71289;0.72266;0.73242;0.74219;0.75195;0.76172;0.77148;0.78125;0.79102,0.0037027839999999998;0.010223616;0.006401023999999999;0.011315200000000001;0.020873216;0.013484032;0.011681792;0.013280255999999999;0.027682816;0.05195468799999999;0.07668223999999998;0.12556595199999998;0.12017868799999999;0.128397312;0.271929344;0.44287488;0.6009958400000001;0.5573273599999999;0.396818432;0.247108608;0.19040153599999998;0.10831872000000001;0.131431424;0.103711744;0.10587136;0.10229350400000001;0.099811328;0.091728896;0.045090816;0.049668095999999995;0.038514688000000005;0.029686784;0.035726336000000004;0.03701555199999999;0.031215616;0.017118208;0.018634752;0.021395455999999997;0.02486272;0.024102912;0.020529152;0.016277504;0.013213696;0.011223039999999998;0.011618304;0.010714112000000001;0.012849152;0.012384256000000001;0.012157952;0.012853248000000001;0.007247872000000001;0.009862144;0.007126016;0.00677376;0.005628928;0.006583296;0.006250496;0.005718016;0.00505344;0.0039301119999999995;0.0038144;0.0032573439999999997;0.003513344;0.004785152;0.003290112;0.002300928;0.002958336;0.0033925120000000003;0.00318464;0.0032348159999999997;0.00330752;0.0028917760000000004;0.002023424;0.00200192;0.001325056;0.0010608640000000001;0.000894976;0.000990208;0.001580032
1790091900,hdr,0.0293;0.03906;0.04883;0.05859;0.06836;0.07813;0.08789;0.09766;0.10742;0.11719;0.12695;0.13672;0.14648;0.15625;0.16602;0.17578;0.18555;0.19531;0.20508;0.21484;0.22461;0.23438;0.24414;0.25391;0.26367;0.27344;0.2832;0.29297;0.30273;0.3125;0.32227;0.33203;0.3418;0.35156;0.36133;0.37109;0.38086;0.39063;0.40039;0.41016;0.41992;0.42969;0.43945;0.44922;0.45898;0.46875;0.47852;0.48828;0.49805;0.50781;0.51758;0.52734;0.53711;0.54688;0.55664;0.56641;0.57617;0.58594;0.5957;0.60547;0.61523;0.625;0.63477;0.64453;0.6543;0.66406;0.67383;0.68359;0.69336;0.70313;0.71289;0.72266;0.73242;0.74219;0.75195;0.76172;0.77148;0.78125;0.79102,0.007246848;0.01248768;0.008266752;0.004069376;0.017203200000000002;0.018803712;0.01864192;0.015544320000000002;0.020445184;0.040107008;0.083611648;0.142379008;0.150762496;0.25952768;0.348961792;0.366816256;0.399347712;0.26603417599999996;0.42980044800000006;0.307336192;0.25468416;0.17165824000000002;0.134075392;0.10146816;0.100575232;0.060271616;0.050406400000000004;0.044118015999999996;0.038130688;0.049571840000000006;0.045170688;0.037912576;0.02288128;0.026954752000000002;0.025119744000000003;0.021786624;0.018893823999999997;0.019173376;0.019201024;0.01569792;0.019148800000000004;0.012471296;0.015134719999999999;0.010677248000000002;0.006423552;0.006934528000000001;0.009372672;0.012153856;0.009571327999999999;0.007958528;0.010114048;0.009624576;0.008697856;0.007530496;0.009486336;0.006498304;0.003961856000000001;0.004496384;0.0060385280000000005;0.005286912;0.003854336;0.002852864;0.0037304319999999997;0.0027279360000000002;0.0024739840000000003;0.003373056;0.004279296;0.003406848;0.003119104;0.00204288;0.001746944;0.0023203839999999996;0.0026777600000000004;0.0016384000000000001;0.0024709120000000005;0.002036736;0.0016179200000000001;0.0014213119999999999;0.0022394880000000004
1790092800,hdr,0.0293;0.03906;0.04883;0.05859;0.06836;0.07813;0.08789;0.09766;0.10742;0.11719;0.12695;0.13672;0.14648;0.15625;0.16602;0.17578;0.18555;0.19531;0.20508;0.21484;0.22461;0.23438;0.24414;0.25391;0.26367;0.27344;0.2832;0.29297;0.30273;0.3125;0.32227;0.33203;0.3418;0.35156;0.36133;0.37109;0.38086;0.39063;0.40039;0.41016;0.41992;0.42969;0.43945;0.44922;0.45898;0.46875;0.47852;0.48828;0.49805;0.50781;0.51758;0.52734;0.53711;0.54688;0.55664;0.56641;0.57617;0.58594;0.5957;0.60547;0.61523;0.625;0.63477;0.64453;0.6543;0.66406;0.67383;0.68359;0.69336;0.70313;0.71289;0.72266;0.73242;0.74219;0.75195;0.76172;0.77148;0.78125;0.79102,0.006329344;0.006520832000000001;0.00418816;0.00545792;0.019161088;0.0217856;0.011048959999999998;0.01611264;0.018159615999999996;0.046488576000000004;0.08010854399999999;0.145785856;0.16867328;0.1827328;0.192796672;0.331480064;0.307572736;0.302897152;0.301267968;0.21459865600000003;0.190875648;0.20412620799999998;0.149223424;0.124655616;0.074145792;0.06033100799999999;0.056617983999999996;0.062494720000000004;0.04612915199999999;0.034310144;0.05453312;0.050085888;0.03424768;0.03817062399999999;0.038981631999999995;0.024860672000000004;0.017152;0.02358784;0.019537919999999997;0.020874240000000002;0.020658176;0.016012288000000003;0.011686912;0.010650624;0.010395647999999999;0.016013312;0.013943808;0.010446848;0.011526144;0.011218944000000002;0.008423424;0.006940672;0.005915648;0.005129216000000001;0.00474624;0.0036608;0.005937152;0.00571904;0.008215552000000001;0.005108736000000001;0.0029716480000000003;0.003658752;0.006787072;0.005283839999999999;0.003598336;0.00387072;0.0020930559999999994;0.0019937279999999997;0.0022272;0.0025917439999999996;0.0021606399999999997;0.001763328;0.002441216;0.00311296;0.0021667839999999997;0.001477632;0.001477632;0.001562624;0.001615872
1790093700,hdr,0.0293;0.03906;0.04883;0.05859;0.06836;0.07813;0.08789;0.09766;0.10742;0.11719;0.12695;0.13672;0.14648;0.15625;0.16602;0.17578;0.18555;0.19531;0.20508;0.21484;0.22461;0.23438;0.24414;0.25391;0.26367;0.27344;0.2832;0.29297;0.30273;0.3125;0.32227;0.33203;0.3418;0.35156;0.36133;0.37109;0.38086;0.39063;0.40039;0.41016;0.41992;0.42969;0.43945;0.44922;0.45898;0.46875;0.47852;0.48828;0.49805;0.50781;0.51758;0.52734;0.53711;0.54688;0.55664;0.56641;0.57617;0.58594;0.5957;0.60547;0.61523;0.625;0.63477;0.64453;0.6543;0.66406;0.67383;0.68359;0.69336;0.70313;0.71289;0.72266;0.73242;0.74219;0.75195;0.76172;0.77148;0.78125;0.79102,0.006222848;0.012284928;0.009614336;0.012047359999999998;0.018294783999999998;0.012362752000000001;0.017851392;0.020017152;0.02471936;0.068588544;0.19419136;0.256407552;0.23496294399999998;0.2547712;0.435550208;0.30455193599999997;0.226640896;0.30491545600000003;0.294528;0.23913574399999998;0.190004224;0.133863424;0.123870208;0.103714816;0.059291648;0.08964710399999999;0.136979456;0.096360448;0.060171264;0.048330752;0.03319296;0.04060057599999999;0.029691904;0.031338496;0.04486144;0.040991744;0.024722432;0.018368512;0.022914048000000003;0.029990912;0.02590208;0.017705984;0.013553663999999998;0.01788416;0.013853696;0.012607488;0.010201088;0.009457664;0.006667264;0.007202816000000001;0.010683392;0.010971136000000001;0.008556544;0.00618496;0.005097472;0.004154367999999999;0.006465536;0.006070272;0.004414464;0.002656256;0.003065856;0.003723264;0.0032532480000000003;0.005424127999999999;0.002935808;0.0022015999999999997;0.0025251839999999998;0.0027392;0.0022353919999999997;0.0013557760000000002;0.001307648;0.001501184;0.0016916480000000002;0.0017152;0.0020224;0.002097152;0.00146432;0.0016302080000000002;0.001488896
1790094600,hdr,0.0293;0.03906;0.04883;0.05859;0.06836;0.07813;0.08789;0.09766;0.10742;0.11719;0.12695;0.13672;0.14648;0.15625;0.16602;0.17578;0.18555;0.19531;0.20508;0.21484;0.22461;0.23438;0.24414;0.25391;0.26367;0.27344;0.2832;0.29297;0.30273;0.3125;0.32227;0.33203;0.3418;0.35156;0.36133;0.37109;0.38086;0.39063;0.40039;0.41016;0.41992;0.42969;0.43945;0.44922;0.45898;0.46875;0.47852;0.48828;0.49805;0.50781;0.51758;0.52734;0.53711;0.54688;0.55664;0.56641;0.57617;0.58594;0.5957;0.60547;0.61523;0.625;0.63477;0.64453;0.6543;0.66406;0.67383;0.68359;0.69336;0.70313;0.71289;0.72266;0.73242;0.74219;0.75195;0.76172;0.77148;0.78125;0.79102,0.0132352;0.014140416;0.010261504000000001;0.008358912;0.012409856;0.014420992;0.01762816;0.022482944;0.032306176;0.0335616;0.07666995199999999;0.23281152;0.302230528;0.294167552;0.2784;0.26027008;0.31481548800000003;0.309107712;0.260001792;0.212455424;0.163764224;0.157628416;0.16120524800000002;0.117371904;0.06782975999999999;0.064416768;0.05368832;0.052508672;0.060883968000000004;0.05383168;0.048429056000000005;0.026790912;0.050617344;0.037300224;0.052694015999999996;0.032653312;0.018209792000000002;0.016038912;0.012394496000000001;0.011410432;0.012535807999999999;0.018607104;0.015342592;0.011666432000000001;0.011283456;0.017267712;0.012678144;0.016793600000000002;0.016652288;0.013396991999999998;0.013268992;0.007157759999999999;0.005296128000000001;0.006837248;0.009512959999999999;0.008416256;0.004322304;0.004605952;0.0049152;0.005293056;0.004503552;0.00464896;0.0041113600000000005;0.0036362239999999995;0.003357696;0.00269824;0.0029952000000000004;0.002398208;0.0018012159999999998;0.0024924160000000003;0.002435072;0.002767872;0.002322432;0.0022231040000000005;0.002184192;0.0020357120000000003;0.0015544320000000001;0.001601536;0.0013608960000000001
1790095500,hdr,0.0293;0.03906;0.04883;0.05859;0.06836;0.07813;0.08789;0.09766;0.10742;0.11719;0.12695;0.13672;0.14648;0.15625;0.16602;0.17578;0.18555;0.19531;0.20508;0.21484;0.22461;0.23438;0.24414;0.25391;0.26367;0.27344;0.2832;0.29297;0.30273;0.3125;0.32227;0.33203;0.3418;0.35156;0.36133;0.37109;0.38086;0.39063;0.40039;0.41016;0.41992;0.42969;0.43945;0.44922;0.45898;0.46875;0.47852;0.48828;0.49805;0.50781;0.51758;0.52734;0.53711;0.54688;0.55664;0.56641;0.57617;0.58594;0.5957;0.60547;0.61523;0.625;0.63477;0.64453;0.6543;0.66406;0.67383;0.68359;0.69336;0.70313;0.71289;0.72266;0.73242;0.74219;0.75195;0.76172;0.77148;0.78125;0.79102,0.004885504;0.014505984;0.018653184;0.011667456;0.010918912000000001;0.00749568;0.016362496;0.018275327999999997;0.028386304;0.062386176;0.140782592;0.19414732799999998;0.201245696;0.26459238399999996;0.340819968;0.324150272;0.230142976;0.272756736;0.280997888;0.33455411199999996;0.252213248;0.09598464;0.09012838399999999;0.082521088;0.11039744;0.10283417599999999;0.07611904;0.06456012800000001;0.070183936;0.055739392;0.055818240000000005;0.051270656000000005;0.02594816;0.037868544000000004;0.0442368;0.016098303999999997;0.011593728000000001;0.025607168000000003;0.028552192000000004;0.018884608;0.0160512;0.011884544;0.010281984000000001;0.016524287999999998;0.016649216;0.013927424;0.014943232;0.009742335999999999;0.007916544;0.008809472;0.0076032;0.006124544;0.006193152;0.006756352;0.00623104;0.005331967999999999;0.0042086400000000005;0.005921792;0.005684224;0.006396928;0.005537792;0.0038840320000000004;0.003741696;0.004727808;0.004555776;0.004558848;0.004962303999999999;0.004236288;0.002650112;0.002006016;0.002604032;0.002000896;0.0019947520000000002;0.0021780479999999997;0.0015779840000000002;0.0011796480000000002;0.000751616;0.000897024;0.001605632
1790096400,hdr,0.0293;0.03906;0.04883;0.05859;0.06836;0.07813;0.08789;0.09766;0.10742;0.11719;0.12695;0.13672;0.14648;0.15625;0.16602;0.17578;0.18555;0.19531;0.20508;0.21484;0.22461;0.23438;0.24414;0.25391;0.26367;0.27344;0.2832;0.29297;0.30273;0.3125;0.32227;0.33203;0.3418;0.35156;0.36133;0.37109;0.38086;0.39063;0.40039;0.41016;0.41992;0.42969;0.43945;0.44922;0.45898;0.46875;0.47852;0.48828;0.49805;0.50781;0.51758;0.52734;0.53711;0.54688;0.55664;0.56641;0.57617;0.58594;0.5957;0.60547;0.61523;0.625;0.63477;0.64453;0.6543;0.66406;0.67383;0.68359;0.69336;0.70313;0.71289;0.72266;0.73242;0.74219;0.75195;0.76172;0.77148;0.78125;0.79102,0.0034918399999999995;0.0055951360000000006;0.004032511999999999;0.0061255680000000005;0.01580032;0.013871104;0.016002047999999998;0.017964031999999998;0.01967104;0.05916672;0.135380992;0.141003776;0.17895833600000002;0.21464576000000002;0.220683264;0.339463168;0.378924032;0.27234611200000003;0.2356736;0.293779456;0.15952896000000003;0.091593728;0.14550323199999998;0.155631616;0.07499264;0.045616128000000006;0.059415551999999996;0.057217024000000005;0.04312064;0.027081728;0.028440576000000002;0.032393216;0.028092416000000002;0.023744512;0.032178176;0.034029567999999996;0.022726655999999998;0.017804288;0.0189696;0.01707008;0.01429504;0.01134592;0.017063936000000002;0.01159168;0.008146944;0.018727936;0.02195968;0.020834304;0.01675264;0.010521599999999999;0.007733248;0.008585216;0.009709568000000002;0.006752256;0.007384064;0.005330944;0.003770368;0.004469760000000001;0.0037345280000000004;0.004620288;0.004363264;0.003444736;0.003070976;0.003904512;0.003533824;0.001944576;0.001774592;0.003014656;0.003492864;0.0032276479999999996;0.0020592640000000003;0.002149376;0.0021626880000000003;0.0017674240000000003;0.0021032959999999997;0.0018278399999999998;0.001661952;0.0014274560000000001;0.001201152
1790097300,hdr,0.0293;0.03906;0.04883;0.05859;0.06836;0.07813;0.08789;0.09766;0.10742;0.11719;0.12695;0.13672;0.14648;0.15625;0.16602;0.17578;0.18555;0.19531;0.20508;0.21484;0.22461;0.23438;0.24414;0.25391;0.26367;0.27344;0.2832;0.29297;0.30273;0.3125;0.32227;0.33203;0.3418;0.35156;0.36133;0.37109;0.38086;0.39063;0.40039;0.41016;0.41992;0.42969;0.43945;0.44922;0.45898;0.46875;0.47852;0.48828;0.49805;0.50781;0.51758;0.52734;0.53711;0.54688;0.55664;0.56641;0.57617;0.58594;0.5957;0.60547;0.61523;0.625;0.63477;0.64453;0.6543;0.66406;0.67383;0.68359;0.69336;0.70313;0.71289;0.72266;0.73242;0.74219;0.75195;0.76172;0.77148;0.78125;0.79102,0.002304;0.005525504;0.014089216;0.01445376;0.018477056000000002;0.017313791999999998;0.009905152;0.011460608;0.012813312;0.02894848;0.135520256;0.21536256;0.159714304;0.179316736;0.22415872;0.219579392;0.24950272;0.239367168;0.20759551999999998;0.136578048;0.107614208;0.09438720000000002;0.06508544000000001;0.065826816;0.088060928;0.082100224;0.05099622399999999;0.061364224;0.05684838400000001;0.045008896;0.037190655999999996;0.031748096;0.025566208;0.022289408000000004;0.025454592;0.028178432;0.024708096000000002;0.029623295999999997;0.019324927999999998;0.020230144;0.012571648;0.010017792;0.013049856;0.012467200000000001;0.013816832000000001;0.010080256000000001;0.009150464;0.01097728;0.0048732160000000005;0.004097024;0.007022592;0.007812096;0.007376896000000001;0.008761343999999999;0.00722944;0.003699712;0.004011008;0.0035368960000000003;0.004105216;0.004793344;0.00388096;0.004139008;0.004040704;0.0036864000000000003;0.00249856;0.001968128;0.002419712;0.0023111679999999997;0.001308672;0.002460672;0.002927616;0.003417088;0.0031907839999999995;0.0024381439999999997;0.0022015999999999997;0.0018513919999999999;0.001555456;0.001348608;0.001289216
1790098200,hdr,0.0293;0.03906;0.04883;0.05859;0.06836;0.07813;0.08789;0.09766;0.10742;0.11719;0.12695;0.13672;0.14648;0.15625;0.16602;0.17578;0.18555;0.19531;0.20508;0.21484;0.22461;0.23438;0.24414;0.25391;0.26367;0.27344;0.2832;0.29297;0.30273;0.3125;0.32227;0.33203;0.3418;0.35156;0.36133;0.37109;0.38086;0.39063;0.40039;0.41016;0.41992;0.42969;0.43945;0.44922;0.45898;0.46875;0.47852;0.48828;0.49805;0.50781;0.51758;0.52734;0.53711;0.54688;0.55664;0.56641;0.57617;0.58594;0.5957;0.60547;0.61523;0.625;0.63477;0.64453;0.6543;0.66406;0.67383;0.68359;0.69336;0.70313;0.71289;0.72266;0.73242;0.74219;0.75195;0.76172;0.77148;0.78125;0.79102,0.015453184000000002;0.0177152;0.015186944;0.02057728;0.018906112000000003;0.020752384;0.020909056;0.020858879999999996;0.012987392;0.024428543999999996;0.087160832;0.147376128;0.09957888000000001;0.141072384;0.18488217599999998;0.217406464;0.21623808;0.230833152;0.270999552;0.20728832;0.12073472;0.11014348800000001;0.088502272;0.085334016;0.07205990400000001;0.06593740800000002;0.09520332799999999;0.074508288;0.04769894399999999;0.043150336000000004;0.031773696;0.024459263999999998;0.03244544;0.044538879999999996;0.041634816;0.026832896000000002;0.023153664;0.016936959999999997;0.011900928;0.016709632;0.014349312;0.013667328;0.014614528;0.01265664;0.016625664000000002;0.011482112000000001;0.011664384;0.009396224;0.009758720000000002;0.0073728000000000005;0.007962624;0.007947263999999999;0.007176192;0.0045424639999999995;0.004677631999999999;0.005000192;0.0054210560000000005;0.00367104;0.002482176;0.003412992;0.002700288;0.0028876799999999997;0.0025333760000000004;0.002048;0.002550784;0.003011584;0.00232448;0.0024791039999999998;0.0025835520000000002;0.0014858240000000002;0.001507328;0.00216576;0.00252416;0.002823168;0.001683456;0.00149504;0.001743872;0.001619968;0.002066432
1790099100,hdr,0.0293;0.03906;0.04883;0.05859;0.06836;0.07813;0.08789;0.09766;0.10742;0.11719;0.12695;0.13672;0.14648;0.15625;0.16602;0.17578;0.18555;0.19531;0.20508;0.21484;0.22461;0.23438;0.24414;0.25391;0.26367;0.27344;0.2832;0.29297;0.30273;0.3125;0.32227;0.33203;0.3418;0.35156;0.36133;0.37109;0.38086;0.39063;0.40039;0.41016;0.41992;0.42969;0.43945;0.44922;0.45898;0.46875;0.47852;0.48828;0.49805;0.50781;0.51758;0.52734;0.53711;0.54688;0.55664;0.56641;0.57617;0.58594;0.5957;0.60547;0.61523;0.625;0.63477;0.64453;0.6543;0.66406;0.67383;0.68359;0.69336;0.70313;0.71289;0.72266;0.73242;0.74219;0.75195;0.76172;0.77148;0.78125;0.79102,0.005193728;0.011035647999999999;0.013159424;0.020410367999999998;0.028248064;0.01720832;0.015592447999999998;0.015468543999999999;0.013295616;0.04268032;0.13746688;0.181547008;0.209872896;0.24520294399999998;0.242665472;0.29195468799999996;0.227741696;0.11494912;0.13737164799999999;0.099044352;0.102281216;0.07046144;0.09151283200000002;0.095277056;0.05596774400000001;0.057245696000000006;0.052019199999999995;0.07223296000000001;0.058703872;0.053571584000000005;0.052743168;0.033110016000000006;0.037829631999999995;0.027691008000000003;0.02285568;0.021327871999999998;0.02522112;0.019479552000000004;0.013927424;0.009506816000000001;0.01430016;0.018383872;0.012788736;0.006368255999999999;0.0031979519999999996;0.007261184;0.00967168;0.009312256;0.01251328;0.009012224000000001;0.0056227840000000005;0.007018496;0.006188032;0.002944;0.004103168000000001;0.005620736;0.0035696639999999997;0.0029982719999999997;0.002332672;0.002523136;0.002177024;0.0026398719999999997;0.0019660800000000003;0.0015769599999999999;0.002372608;0.0019650559999999997;0.001961984;0.00237568;0.003013632;0.0021667839999999997;0.0012462080000000002;0.002021376;0.0019435519999999999;0.001229824;0.0018155520000000002;0.0016168960000000003;0.0013475839999999998;0.001067008;0.001460224
1790100000,hdr,0.0293;0.03906;0.04883;0.05859;0.06836;0.07813;0.08789;0.09766;0.10742;0.11719;0.12695;0.13672;0.14648;0.15625;0.16602;0.17578;0.18555;0.19531;0.20508;0.21484;0.22461;0.23438;0.24414;0.25391;0.26367;0.27344;0.2832;0.29297;0.30273;0.3125;0.32227;0.33203;0.3418;0.35156;0.36133;0.37109;0.38086;0.39063;0.40039;0.41016;0.41992;0.42969;0.43945;0.44922;0.45898;0.46875;0.47852;0.48828;0.49805;0.50781;0.51758;0.52734;0.53711;0.54688;0.55664;0.56641;0.57617;0.58594;0.5957;0.60547;0.61523;0.625;0.63477;0.64453;0.6543;0.66406;0.67383;0.68359;0.69336;0.70313;0.71289;0.72266;0.73242;0.74219;0.75195;0.76172;0.77148;0.78125;0.79102,0.007477248000000001;0.012469247999999999;0.006084608;0.009603071999999999;0.011706367999999998;0.006059008000000001;0.012962816;0.01872384;0.018854912;0.028722176;0.096984064;0.22955622399999998;0.189285376;0.118316032;0.20214681599999998;0.34340966400000006;0.26337792000000004;0.225792;0.154181632;0.137771008;0.115567616;0.11962368;0.10342195200000001;0.080480256;0.066864128;0.049967104;0.040526848;0.020005888;0.021591040000000002;0.024821760000000002;0.023771136;0.03091968;0.030493696;0.018361343999999998;0.024836096000000002;0.023754752;0.021617664;0.011053056;0.013374463999999999;0.013082624;0.006889472;0.006334464;0.009131008;0.013348864000000002;0.011673600000000001;0.007709696;0.004233216;0.0057344;0.0069375999999999995;0.00670208;0.0046970879999999994;0.004933632;0.008019968;0.006929408;0.005399551999999999;0.004320256;0.0030443519999999997;0.0052541440000000005;0.007241728;0.004990975999999999;0.002458624;0.002363392;0.002331648;0.0031027200000000002;0.003218432;0.00371712;0.003782656;0.00388096;0.00249856;0.001572864;0.0019947520000000002;0.0013824;0.0017930239999999998;0.002229248;0.0012707839999999998;0.001410048;0.001983488;0.002412544;0.001954816
1790100900,hdr,0.0293;0.03906;0.04883;0.05859;0.06836;0.07813;0.08789;0.09766;0.10742;0.11719;0.12695;0.13672;0.14648;0.15625;0.16602;0.17578;0.18555;0.19531;0.20508;0.21484;0.22461;0.23438;0.24414;0.25391;0.26367;0.27344;0.2832;0.29297;0.30273;0.3125;0.32227;0.33203;0.3418;0.35156;0.36133;0.37109;0.38086;0.39063;0.40039;0.41016;0.41992;0.42969;0.43945;0.44922;0.45898;0.46875;0.47852;0.48828;0.49805;0.50781;0.51758;0.52734;0.53711;0.54688;0.55664;0.56641;0.57617;0.58594;0.5957;0.60547;0.61523;0.625;0.63477;0.64453;0.6543;0.66406;0.67383;0.68359;0.69336;0.70313;0.71289;0.72266;0.73242;0.74219;0.75195;0.76172;0.77148;0.78125;0.79102,0.006814720000000001;0.008511488;0.00758272;0.010023936;0.012034048;0.01222656;0.016078848;0.011051008;0.0167168;0.033175552000000004;0.1113088;0.240164864;0.188900352;0.222400512;0.23446425599999998;0.190350336;0.17393561600000002;0.13694873600000002;0.161481728;0.1892864;0.157494272;0.153362432;0.123249664;0.0857856;0.089376768;0.081304576;0.066886656;0.065065984;0.040768512;0.025918464;0.023304191999999998;0.013973504000000001;0.022833152;0.023015424;0.01275392;0.008999936;0.012186624;0.010500095999999999;0.014570496;0.015208448000000001;0.008859648;0.012248063999999998;0.015686656;0.011655168;0.010263552000000002;0.007851008;0.00695808;0.007155712000000001;0.005731328000000001;0.005599232;0.005890048;0.007387136;0.004984832000000001;0.00491008;0.004504576;0.003658752;0.0029163519999999997;0.0038840320000000004;0.0051722240000000004;0.004702207999999999;0.005041152;0.0055705600000000004;0.005723136;0.0036403200000000003;0.0032870399999999998;0.003176448;0.0028764159999999997;0.0027105280000000002;0.0020910079999999997;0.0018841600000000002;0.0017489920000000002;0.002071552;0.002228224;0.002244608;0.002028544;0.0015452159999999999;0.001599488;0.001304576;0.001265664
1790101800,hdr,0.0293;0.03906;0.04883;0.05859;0.06836;0.07813;0.08789;0.09766;0.10742;0.11719;0.12695;0.13672;0.14648;0.15625;0.16602;0.17578;0.18555;0.19531;0.20508;0.21484;0.22461;0.23438;0.24414;0.25391;0.26367;0.27344;0.2832;0.29297;0.30273;0.3125;0.32227;0.33203;0.3418;0.35156;0.36133;0.37109;0.38086;0.39063;0.40039;0.41016;0.41992;0.42969;0.43945;0.44922;0.45898;0.46875;0.47852;0.48828;0.49805;0.50781;0.51758;0.52734;0.53711;0.54688;0.55664;0.56641;0.57617;0.58594;0.5957;0.60547;0.61523;0.625;0.63477;0.64453;0.6543;0.66406;0.67383;0.68359;0.69336;0.70313;0.71289;0.72266;0.73242;0.74219;0.75195;0.76172;0.77148;0.78125;0.79102,0.006590464;0.008416256;0.009276416;0.012859391999999999;0.025929728;0.021152768;0.013935616;0.011873279999999998;0.013421568000000002;0.046256127999999994;0.089971712;0.116380672;0.185423872;0.23819673599999996;0.219265024;0.24207052799999998;0.224787456;0.204664832;0.168907776;0.17412096;0.143332352;0.125355008;0.13048627200000001;0.06865407999999999;0.071998464;0.07953408000000001;0.053850112;0.040182784;0.029412352;0.019239936000000003;0.022914048000000003;0.030060544;0.036629504;0.01644032;0.01824768;0.02154496;0.018980864;0.01827328;0.013919232;0.006498304;0.008977408000000001;0.01051648;0.008692736000000001;0.00989696;0.01171968;0.010761215999999999;0.011422719999999999;0.0090624;0.0042956800000000005;0.006335487999999999;0.0057344;0.004726784;0.003163136;0.0027904;0.003378176;0.004190208000000001;0.004117504;0.003303424;0.0030945279999999996;0.003269632;0.0031242239999999997;0.002880512;0.00211456;0.002499584;0.002138112;0.0028897280000000003;0.00265728;0.001969152;0.0018636800000000002;0.0020838399999999996;0.0014458880000000002;0.0012400640000000001;0.001933312;0.003038208;0.0030822400000000004;0.001563648;0.001588224;0.001065984;0.000786432
1790102700,hdr,0.0293;0.03906;0.04883;0.05859;0.06836;0.07813;0.08789;0.09766;0.10742;0.11719;0.12695;0.13672;0.14648;0.15625;0.16602;0.17578;0.18555;0.19531;0.20508;0.21484;0.22461;0.23438;0.24414;0.25391;0.26367;0.27344;0.2832;0.29297;0.30273;0.3125;0.32227;0.33203;0.3418;0.35156;0.36133;0.37109;0.38086;0.39063;0.40039;0.41016;0.41992;0.42969;0.43945;0.44922;0.45898;0.46875;0.47852;0.48828;0.49805;0.50781;0.51758;0.52734;0.53711;0.54688;0.55664;0.56641;0.57617;0.58594;0.5957;0.60547;0.61523;0.625;0.63477;0.64453;0.6543;0.66406;0.67383;0.68359;0.69336;0.70313;0.71289;0.72266;0.73242;0.74219;0.75195;0.76172;0.77148;0.78125;0.79102,0.009708544;0.01371136;0.008616960000000002;0.012817407999999999;0.013858816;0.016714752;0.020380672000000002;0.013119488;0.019899392;0.023238656;0.06896947199999999;0.146439168;0.21436416;0.29106176;0.250159104;0.153444352;0.13603020799999999;0.07834112000000001;0.132299776;0.13893836799999998;0.151094272;0.13205094399999998;0.087387136;0.088029184;0.094232576;0.056192;0.053132288;0.051587072;0.034738176;0.032518144;0.041805824;0.038053888;0.032410624;0.022526976000000004;0.017217536;0.010032128000000001;0.010217472000000002;0.013178879999999999;0.012769280000000001;0.008841215999999999;0.009020416000000002;0.009926655999999999;0.007759871999999999;0.0070543360000000005;0.006158336;0.0050688;0.004072447999999999;0.0037437440000000002;0.004384768;0.005033984;0.00451584;0.0032839680000000004;0.0037437440000000002;0.004785152;0.006266879999999999;0.005266432;0.003908608;0.0035348480000000006;0.003658752;0.002992128;0.00211456;0.00311296;0.002427904;0.002752512;0.0031016959999999997;0.0019251199999999998;0.0015226880000000001;0.001422336;0.001467392;0.00151552;0.0015697920000000002;0.00187904;0.0021872639999999995;0.0024616959999999998;0.002587648;0.001071104;0.000664576;0.001106944;0.0010475520000000002
1790103600,hdr,0.0293;0.03906;0.04883;0.05859;0.06836;0.07813;0.08789;0.09766;0.10742;0.11719;0.12695;0.13672;0.14648;0.15625;0.16602;0.17578;0.18555;0.19531;0.20508;0.21484;0.22461;0.23438;0.24414;0.25391;0.26367;0.27344;0.2832;0.29297;0.30273;0.3125;0.32227;0.33203;0.3418;0.35156;0.36133;0.37109;0.38086;0.39063;0.40039;0.41016;0.41992;0.42969;0.43945;0.44922;0.45898;0.46875;0.47852;0.48828;0.49805;0.50781;0.51758;0.52734;0.53711;0.54688;0.55664;0.56641;0.57617;0.58594;0.5957;0.60547;0.61523;0.625;0.63477;0.64453;0.6543;0.66406;0.67383;0.68359;0.69336;0.70313;0.71289;0.72266;0.73242;0.74219;0.75195;0.76172;0.77148;0.78125;0.79102,0.008764416;0.008880128;0.008022016;0.010017792;0.015060992;0.016259072;0.021562368;0.01867264;0.01242624;0.025044992000000002;0.084390912;0.157551616;0.225358848;0.231870464;0.229921792;0.162774016;0.141702144;0.127496192;0.148238336;0.172633088;0.088080384;0.136301568;0.103602176;0.071875584;0.057750528;0.07012352000000001;0.064823296;0.041250815999999996;0.03266048;0.023994368000000002;0.024465408;0.019330048000000002;0.008915967999999998;0.018797568;0.019696639999999998;0.017660928;0.016550912;0.00944128;0.00766464;0.009856;0.010518528000000001;0.009665536;0.00721408;0.007057407999999999;0.006849536;0.004574208;0.004361215999999999;0.004975616;0.007329792000000001;0.007547903999999999;0.005251072;0.003815424;0.003068928;0.0034979840000000004;0.003421184;0.00380416;0.003332096;0.003291136;0.002888704;0.002569216;0.002683904;0.0028303359999999997;0.001521664;0.0016138239999999998;0.001882112;0.002188288;0.001875968;0.00316928;0.0028846080000000003;0.001746944;0.001242112;0.0016895999999999999;0.00167424;0.002086912;0.0020736;0.0013793280000000002;0.001010688;0.001185792;0.0011417600000000001
1790104500,hdr,0.0293;0.03906;0.04883;0.05859;0.06836;0.07813;0.08789;0.09766;0.10742;0.11719;0.12695;0.13672;0.14648;0.15625;0.16602;0.17578;0.18555;0.19531;0.20508;0.21484;0.22461;0.23438;0.24414;0.25391;0.26367;0.27344;0.2832;0.29297;0.30273;0.3125;0.32227;0.33203;0.3418;0.35156;0.36133;0.37109;0.38086;0.39063;0.40039;0.41016;0.41992;0.42969;0.43945;0.44922;0.45898;0.46875;0.47852;0.48828;0.49805;0.50781;0.51758;0.52734;0.53711;0.54688;0.55664;0.56641;0.57617;0.58594;0.5957;0.60547;0.61523;0.625;0.63477;0.64453;0.6543;0.66406;0.67383;0.68359;0.69336;0.70313;0.71289;0.72266;0.73242;0.74219;0.75195;0.76172;0.77148;0.78125;0.79102,0.0061757439999999995;0.009291776;0.012478464;0.017661952;0.024018944;0.013707264;0.015556608;0.01286144;0.008844288;0.047232;0.092214272;0.232595456;0.229767168;0.14029312;0.211972096;0.24288768;0.17284505600000002;0.167003136;0.15443353599999998;0.108080128;0.111919104;0.147950592;0.14618419200000002;0.053231616;0.031655936;0.058102784;0.045411327999999994;0.021515264;0.02611712;0.030318592000000002;0.027025408;0.026497024;0.02287616;0.017298431999999996;0.014019584000000002;0.016333824;0.01446912;0.013389824;0.008860671999999998;0.008296448;0.007468032;0.005769216000000001;0.008886272;0.006501376;0.005060608;0.005924864;0.005982207999999999;0.004289536;0.003972096;0.004498432;0.002673664;0.002208768;0.0026449919999999997;0.002627584;0.003656704;0.003621888;0.003675136;0.002729984;0.003186688;0.0023848959999999996;0.001798144;0.002484224;0.0023132160000000003;0.001901568;0.0017684480000000002;0.001344512;0.00124928;0.0011151359999999999;0.00111104;0.001632256;0.0016168960000000003;0.0013690880000000003;0.000867328;0.0008304639999999999;0.001082368;0.00100352;0.0014110720000000002;0.001243136;0.001166336
1790105400,hdr,0.0293;0.03906;0.04883;0.05859;0.06836;0.07813;0.08789;0.09766;0.10742;0.11719;0.12695;0.13672;0.14648;0.15625;0.16602;0.17578;0.18555;0.19531;0.20508;0.21484;0.22461;0.23438;0.24414;0.25391;0.26367;0.27344;0.2832;0.29297;0.30273;0.3125;0.32227;0.33203;0.3418;0.35156;0.36133;0.37109;0.38086;0.39063;0.40039;0.41016;0.41992;0.42969;0.43945;0.44922;0.45898;0.46875;0.47852;0.48828;0.49805;0.50781;0.51758;0.52734;0.53711;0.54688;0.55664;0.56641;0.57617;0.58594;0.5957;0.60547;0.61523;0.625;0.63477;0.64453;0.6543;0.66406;0.67383;0.68359;0.69336;0.70313;0.71289;0.72266;0.73242;0.74219;0.75195;0.76172;0.77148;0.78125;0.79102,0.005691392;0.007128064;0.00598016;0.011467776;0.025255935999999996;0.015706111999999998;0.009086976;0.013984768;0.01289216;0.026806272000000003;0.087232512;0.20268544;0.168640512;0.214455296;0.234079232;0.259685376;0.217601024;0.253492224;0.25569792;0.15405875200000002;0.07515545600000001;0.050939903999999994;0.071033856;0.054706176;0.03295232;0.05000908799999999;0.03685683199999999;0.021738496000000003;0.02408448;0.024057856;0.02149888;0.012414976;0.01306112;0.020359168;0.021431296;0.018193408000000005;0.017060864;0.009942016000000001;0.005146624;0.005210112;0.008310784;0.009785344000000001;0.005660671999999999;0.004747264;0.00588288;0.006167552;0.003357696;0.003996672;0.003713024;0.00270336;0.002615296;0.003503104;0.0028416;0.003158016;0.003371008;0.004094976;0.003057664;0.0019496960000000001;0.0021626880000000003;0.002061312;0.001833984;0.001579008;0.00181248;0.002195456;0.00222208;0.002704384;0.001794048;0.0016609279999999999;0.001898496;0.001248256;0.0017971200000000001;0.0020224;0.001937408;0.0020357120000000003;0.001265664;0.000754688;0.000897024;0.000748544;0.001117184
1790106300,hdr,0.0293;0.03906;0.04883;0.05859;0.06836;0.07813;0.08789;0.09766;0.10742;0.11719;0.12695;0.13672;0.14648;0.15625;0.16602;0.17578;0.18555;0.19531;0.20508;0.21484;0.22461;0.23438;0.24414;0.25391;0.26367;0.27344;0.2832;0.29297;0.30273;0.3125;0.32227;0.33203;0.3418;0.35156;0.36133;0.37109;0.38086;0.39063;0.40039;0.41016;0.41992;0.42969;0.43945;0.44922;0.45898;0.46875;0.47852;0.48828;0.49805;0.50781;0.51758;0.52734;0.53711;0.54688;0.55664;0.56641;0.57617;0.58594;0.5957;0.60547;0.61523;0.625;0.63477;0.64453;0.6543;0.66406;0.67383;0.68359;0.69336;0.70313;0.71289;0.72266;0.73242;0.74219;0.75195;0.76172;0.77148;0.78125;0.79102,0.005786624;0.010276864;0.016754688;0.017501183999999996;0.016750592;0.017483776;0.022334464;0.014529536000000001;0.013912064;0.037277696;0.114219008;0.15765094400000002;0.22017638400000003;0.35250073600000004;0.22558822399999998;0.12078796800000001;0.127332352;0.144676864;0.130727936;0.09639423999999999;0.097944576;0.08979865599999999;0.07037132800000001;0.045374464;0.065634304;0.046152703999999996;0.031422464;0.044632064;0.06319820799999999;0.054361088;0.029338624;0.02424832;0.022969344000000003;0.02446848;0.017886207999999997;0.016475135999999998;0.013538304;0.011436032;0.012644352;0.009769983999999999;0.009395200000000001;0.008933376;0.006347775999999999;0.0052142080000000006;0.0048711679999999995;0.005688319999999999;0.007451647999999999;0.005066752000000001;0.0036864000000000003;0.003908608;0.0026787839999999996;0.00272384;0.00252416;0.003848192;0.0033812479999999995;0.002312192;0.00203776;0.002638848;0.002361344;0.0020121600000000003;0.0025825279999999997;0.001722368;0.001759232;0.00141312;0.001572864;0.0007772160000000001;0.0013219840000000002;0.00134144;0.001202176;0.001195008;0.001263616;0.001056768;0.0009287680000000001;0.001337344;0.00150016;0.0011509760000000002;0.001067008;0.001451008;0.0013690880000000003
1790107200,hdr,0.0293;0.03906;0.04883;0.05859;0.06836;0.07813;0.08789;0.09766;0.10742;0.11719;0.12695;0.13672;0.14648;0.15625;0.16602;0.17578;0.18555;0.19531;0.20508;0.21484;0.22461;0.23438;0.24414;0.25391;0.26367;0.27344;0.2832;0.29297;0.30273;0.3125;0.32227;0.33203;0.3418;0.35156;0.36133;0.37109;0.38086;0.39063;0.40039;0.41016;0.41992;0.42969;0.43945;0.44922;0.45898;0.46875;0.47852;0.48828;0.49805;0.50781;0.51758;0.52734;0.53711;0.54688;0.55664;0.56641;0.57617;0.58594;0.5957;0.60547;0.61523;0.625;0.63477;0.64453;0.6543;0.66406;0.67383;0.68359;0.69336;0.70313;0.71289;0.72266;0.73242;0.74219;0.75195;0.76172;0.77148;0.78125;0.79102,0.002681856;0.011191296;0.020601855999999998;0.009909247999999999;0.010360832;0.011218944000000002;0.010146816;0.011997184000000001;0.012234752;0.020242432;0.068672512;0.12986367999999998;0.218637312;0.149153792;0.12502016;0.119291904;0.175875072;0.148230144;0.262501376;0.18958745600000002;0.148232192;0.08075264;0.04374016;0.053957632;0.070014976;0.06215168;0.055045119999999996;0.059479040000000004;0.05008896;0.028147712;0.023199743999999998;0.027396096;0.026489856;0.015067136;0.025122816;0.021693439999999998;0.010135551999999999;0.00481792;0.006894592000000001;0.009050112;0.006628352;0.00717312;0.004964352;0.007729152;0.006127616;0.005751808;0.005462016000000001;0.0038492160000000004;0.003296256;0.002118656;0.0019087359999999999;0.003039232;0.004040704;0.002445312;0.002885632;0.0027023359999999996;0.002229248;0.0020121600000000003;0.0033105920000000002;0.002833408;0.0016711679999999998;0.00181248;0.001695744;0.001862656;0.001376256;0.001078272;0.0013004800000000001;0.001277952;0.001477632;0.0015687680000000001;0.001000448;0.0009594880000000001;0.001102848;0.001210368;0.0009768959999999999;0.000831488;0.001221632;0.000740352;0.0008048640000000001
1790108100,hdr,0.0293;0.03906;0.04883;0.05859;0.06836;0.07813;0.08789;0.09766;0.10742;0.11719;0.12695;0.13672;0.14648;0.15625;0.16602;0.17578;0.18555;0.19531;0.20508;0.21484;0.22461;0.23438;0.24414;0.25391;0.26367;0.27344;0.2832;0.29297;0.30273;0.3125;0.32227;0.33203;0.3418;0.35156;0.36133;0.37109;0.38086;0.39063;0.40039;0.41016;0.41992;0.42969;0.43945;0.44922;0.45898;0.46875;0.47852;0.48828;0.49805;0.50781;0.51758;0.52734;0.53711;0.54688;0.55664;0.56641;0.57617;0.58594;0.5957;0.60547;0.61523;0.625;0.63477;0.64453;0.6543;0.66406;0.67383;0.68359;0.69336;0.70313;0.71289;0.72266;0.73242;0.74219;0.75195;0.76172;0.77148;0.78125;0.79102,0.007542784;0.010769408;0.008324096000000001;0.010738688;0.012770304;0.014239744;0.013372416;0.009585663999999999;0.019998719999999998;0.059777024;0.088953856;0.089310208;0.142381056;0.20636262400000002;0.15378124799999998;0.13336780799999998;0.16937984;0.21224448;0.216515584;0.15602688;0.07437312;0.07064268800000001;0.063379456;0.073955328;0.070102016;0.053434368;0.042451968;0.032925696000000004;0.055316479999999994;0.047747072;0.024880128;0.030432255999999998;0.015610879999999999;0.014223359999999999;0.016820223999999998;0.017342464;0.018486272;0.01565184;0.011022335999999999;0.007615488;0.005175296;0.0068096;0.005057536;0.003642368;0.003731456;0.0032266240000000004;0.004554752;0.005634048;0.005011456;0.003996672;0.0041113600000000005;0.004870144;0.005121024;0.0029716480000000003;0.002441216;0.0024340480000000003;0.00290816;0.001610752;0.001932288;0.001847296;0.0021913600000000003;0.002523136;0.001833984;0.001188864;0.001221632;0.001184768;0.001145856;0.001333248;0.000980992;0.00080384;0.0008765439999999999;0.0008591359999999999;0.0008345599999999999;0.0009738240000000001;0.000812032;0.000795648;0.000774144;0.000913408;0.001247232
1790109000,hdr,0.0293;0.03906;0.04883;0.05859;0.06836;0.07813;0.08789;0.09766;0.10742;0.11719;0.12695;0.13672;0.14648;0.15625;0.16602;0.17578;0.18555;0.19531;0.20508;0.21484;0.22461;0.23438;0.24414;0.25391;0.26367;0.27344;0.2832;0.29297;0.30273;0.3125;0.32227;0.33203;0.3418;0.35156;0.36133;0.37109;0.38086;0.39063;0.40039;0.41016;0.41992;0.42969;0.43945;0.44922;0.45898;0.46875;0.47852;0.48828;0.49805;0.50781;0.51758;0.52734;0.53711;0.54688;0.55664;0.56641;0.57617;0.58594;0.5957;0.60547;0.61523;0.625;0.63477;0.64453;0.6543;0.66406;0.67383;0.68359;0.69336;0.70313;0.71289;0.72266;0.73242;0.74219;0.75195;0.76172;0.77148;0.78125;0.79102,0.007461888;0.023118847999999997;0.019536895999999998;0.013708288;0.012973056;0.014713855999999999;0.011576320000000001;0.011571199999999999;0.01909248;0.03788595200000001;0.07441919999999999;0.126898176;0.20391526399999998;0.21520486399999997;0.260752384;0.257635328;0.14635622399999998;0.165530624;0.14388224;0.153505792;0.093879296;0.077597696;0.080523264;0.055123968;0.047410176;0.057218048;0.05445529599999999;0.036640768000000004;0.034082816;0.031041536;0.033282048;0.020740096000000003;0.014789632;0.01732096;0.016936959999999997;0.021967872;0.020170752;0.011790335999999998;0.008138752;0.007252992;0.00731648;0.00712192;0.005497856;0.00636416;0.005797888000000001;0.0030873599999999995;0.002579456;0.005090304;0.00459776;0.002977792;0.003504128;0.003158016;0.0027115520000000003;0.00316416;0.0033720319999999996;0.003262464;0.002909184;0.00188928;0.001647616;0.00263168;0.001824768;0.00091136;0.001273856;0.0015667199999999997;0.0019087359999999999;0.0017725439999999998;0.0012728319999999998;0.0013240320000000002;0.000965632;0.000772096;0.001097728;0.00104448;0.000919552;0.0012154879999999998;0.00149504;0.0009615359999999999;0.001052672;0.000668672;0.001032192
1790109900,hdr,0.0293;0.03906;0.04883;0.05859;0.06836;0.07813;0.08789;0.09766;0.10742;0.11719;0.12695;0.13672;0.14648;0.15625;0.16602;0.17578;0.18555;0.19531;0.20508;0.21484;0.22461;0.23438;0.24414;0.25391;0.26367;0.27344;0.2832;0.29297;0.30273;0.3125;0.32227;0.33203;0.3418;0.35156;0.36133;0.37109;0.38086;0.39063;0.40039;0.41016;0.41992;0.42969;0.43945;0.44922;0.45898;0.46875;0.47852;0.48828;0.49805;0.50781;0.51758;0.52734;0.53711;0.54688;0.55664;0.56641;0.57617;0.58594;0.5957;0.60547;0.61523;0.625;0.63477;0.64453;0.6543;0.66406;0.67383;0.68359;0.69336;0.70313;0.71289;0.72266;0.73242;0.74219;0.75195;0.76172;0.77148;0.78125;0.79102,0.007668736;0.011730944;0.00929792;0.011097088;0.011460608;0.011895808;0.006888448;0.010911744000000001;0.015371263999999999;0.03263488;0.10878976;0.15523942400000001;0.185699328;0.15713792000000001;0.103681024;0.13925376;0.18143334400000002;0.21359206399999997;0.16564326399999998;0.096862208;0.077110272;0.101707776;0.11992064;0.08446668800000001;0.05519872;0.039873536;0.043465727999999995;0.048629759999999994;0.02387968;0.028611584;0.026868735999999997;0.020350976;0.019086336;0.019245056;0.009092096;0.009020416000000002;0.009368575999999998;0.008814592;0.009245696;0.010187775999999999;0.006921216;0.0066734080000000005;0.007257088000000001;0.006904832;0.009479168;0.006037504;0.003068928;0.0036823039999999995;0.003975168;0.0023767040000000003;0.002417664;0.0027842559999999997;0.0028917760000000004;0.002459648;0.002217984;0.0020121600000000003;0.002172928;0.003488768;0.002615296;0.0017889280000000002;0.001380352;0.0012308479999999999;0.00159232;0.0016988160000000001;0.0017858560000000002;0.0008867839999999999;0.0009205759999999999;0.001026048;0.001103872;0.0008325120000000001;0.0010465279999999997;0.000905216;0.000871424;0.000871424;0.000878592;0.0007772160000000001;0.000861184;0.0006830079999999999;0.0005232639999999998
1790110800,hdr,0.0293;0.03906;0.04883;0.05859;0.06836;0.07813;0.08789;0.09766;0.10742;0.11719;0.12695;0.13672;0.14648;0.15625;0.16602;0.17578;0.18555;0.19531;0.20508;0.21484;0.22461;0.23438;0.24414;0.25391;0.26367;0.27344;0.2832;0.29297;0.30273;0.3125;0.32227;0.33203;0.3418;0.35156;0.36133;0.37109;0.38086;0.39063;0.40039;0.41016;0.41992;0.42969;0.43945;0.44922;0.45898;0.46875;0.47852;0.48828;0.49805;0.50781;0.51758;0.52734;0.53711;0.54688;0.55664;0.56641;0.57617;0.58594;0.5957;0.60547;0.61523;0.625;0.63477;0.64453;0.6543;0.66406;0.67383;0.68359;0.69336;0.70313;0.71289;0.72266;0.73242;0.74219;0.75195;0.76172;0.77148;0.78125;0.79102,0.005355520000000001;0.009268224;0.008620032;0.008285184;0.00800768;0.012873728;0.008875008;0.014282752000000001;0.02326016;0.030611456000000002;0.07649894399999999;0.09278873600000001;0.14926848;0.16429056;0.19238195200000002;0.23893196800000002;0.277832704;0.299094016;0.17403596799999999;0.099767296;0.109343744;0.07565824;0.058489856;0.053264384;0.051878912;0.041674752;0.0432384;0.043145216;0.037714944;0.029010944;0.027041792000000002;0.030345216;0.028295168000000002;0.016975872;0.017295359999999996;0.015220736;0.009536512;0.007550976000000001;0.006501376;0.00797696;0.006544384;0.007067648;0.007016448;0.00430592;0.0021944319999999996;0.0036024319999999996;0.004438016;0.005029888;0.003607552;0.005051392;0.004486144;0.002948096;0.0022906879999999995;0.0018636800000000002;0.0026490879999999995;0.002689024;0.001560576;0.001089536;0.001811456;0.001711104;0.001010688;0.0015984640000000002;0.0015165439999999999;0.001052672;0.001002496;0.000992256;0.0012001280000000002;0.0010649599999999998;0.000966656;0.0011714560000000002;0.000951296;0.000694272;0.0009727999999999999;0.000843776;0.0008929280000000001;0.0007976959999999999;0.0008468480000000001;0.000759808;0.000734208
1790111700,hdr,0.0293;0.03906;0.04883;0.05859;0.06836;0.07813;0.08789;0.09766;0.10742;0.11719;0.12695;0.13672;0.14648;0.15625;0.16602;0.17578;0.18555;0.19531;0.20508;0.21484;0.22461;0.23438;0.24414;0.25391;0.26367;0.27344;0.2832;0.29297;0.30273;0.3125;0.32227;0.33203;0.3418;0.35156;0.36133;0.37109;0.38086;0.39063;0.40039;0.41016;0.41992;0.42969;0.43945;0.44922;0.45898;0.46875;0.47852;0.48828;0.49805;0.50781;0.51758;0.52734;0.53711;0.54688;0.55664;0.56641;0.57617;0.58594;0.5957;0.60547;0.61523;0.625;0.63477;0.64453;0.6543;0.66406;0.67383;0.68359;0.69336;0.70313;0.71289;0.72266;0.73242;0.74219;0.75195;0.76172;0.77148;0.78125;0.79102,0.0030945279999999996;0.007003135999999999;0.004815872;0.007977984;0.020675584;0.016345088;0.008246271999999999;0.007857152;0.017967103999999998;0.06585446399999999;0.09139609600000001;0.164371456;0.19486822399999998;0.13463552;0.20624793600000002;0.210404352;0.132248576;0.15156838400000003;0.13825024;0.094938112;0.10973696;0.10715136;0.10666598399999999;0.10320281599999999;0.0605184;0.04453376;0.037537792;0.027560960000000002;0.017054720000000002;0.015906815999999997;0.021654528;0.016018432;0.021322752;0.017946624;0.012307456;0.010494976;0.012944384;0.012411904;0.010847232;0.006820864;0.005301248000000001;0.005746688;0.005875712000000001;0.005776384;0.005783552000000001;0.004934656;0.004740096;0.0033341440000000003;0.0034754559999999996;0.0031488;0.0028538879999999997;0.002939904;0.003699712;0.002864128;0.00195584;0.001854464;0.0013578239999999999;0.0017182719999999999;0.0024002560000000004;0.002844672;0.0031856640000000004;0.00222208;0.001132544;0.001015808;0.001538048;0.001818624;0.001348608;0.0014899199999999998;0.001261568;0.0009349119999999999;0.000847872;0.000756736;0.001024;0.001021952;0.000616448;0.0007229440000000001;0.001071104;0.0007086080000000001;0.0005621760000000001
1790112600,hdr,0.0293;0.03906;0.04883;0.05859;0.06836;0.07813;0.08789;0.09766;0.10742;0.11719;0.12695;0.13672;0.14648;0.15625;0.16602;0.17578;0.18555;0.19531;0.20508;0.21484;0.22461;0.23438;0.24414;0.25391;0.26367;0.27344;0.2832;0.29297;0.30273;0.3125;0.32227;0.33203;0.3418;0.35156;0.36133;0.37109;0.38086;0.39063;0.40039;0.41016;0.41992;0.42969;0.43945;0.44922;0.45898;0.46875;0.47852;0.48828;0.49805;0.50781;0.51758;0.52734;0.53711;0.54688;0.55664;0.56641;0.57617;0.58594;0.5957;0.60547;0.61523;0.625;0.63477;0.64453;0.6543;0.66406;0.67383;0.68359;0.69336;0.70313;0.71289;0.72266;0.73242;0.74219;0.75195;0.76172;0.77148;0.78125;0.79102,0.0030371839999999996;0.003996672;0.002761728;0.004016128;0.013428736;0.014804992;0.008552448;0.012013567999999999;0.013922304;0.052302848;0.07253811199999999;0.12514508800000002;0.117208064;0.11490713599999999;0.166571008;0.170049536;0.191127552;0.119000064;0.153232384;0.195081216;0.135602176;0.118760448;0.109328384;0.053402624;0.047982592;0.032801792;0.032914432;0.02353664;0.017533952;0.018523136000000003;0.01906688;0.013696;0.015383552;0.01617408;0.015366144;0.008375296;0.008311807999999999;0.010430464;0.011496447999999998;0.008982528;0.006183936;0.00766976;0.007447552;0.0032849919999999996;0.00265728;0.003549184;0.0034252799999999997;0.004852736;0.004917248;0.0025180159999999997;0.0019251199999999998;0.002116608;0.00431104;0.005997568;0.004883456;0.0032389119999999996;0.00338432;0.002720768;0.0019824639999999998;0.001742848;0.001799168;0.00115712;0.00159744;0.0022323200000000003;0.00226816;0.001383424;0.001406976;0.00122368;0.0014438399999999998;0.00122368;0.0011960319999999999;0.0011755519999999998;0.0009297919999999999;0.000672768;0.0009205759999999999;0.0011704320000000001;0.001107968;0.000617472;0.00048742400000000003
1790113500,hdr,0.0293;0.03906;0.04883;0.05859;0.06836;0.07813;0.08789;0.09766;0.10742;0.11719;0.12695;0.13672;0.14648;0.15625;0.16602;0.17578;0.18555;0.19531;0.20508;0.21484;0.22461;0.23438;0.24414;0.25391;0.26367;0.27344;0.2832;0.29297;0.30273;0.3125;0.32227;0.33203;0.3418;0.35156;0.36133;0.37109;0.38086;0.39063;0.40039;0.41016;0.41992;0.42969;0.43945;0.44922;0.45898;0.46875;0.47852;0.48828;0.49805;0.50781;0.51758;0.52734;0.53711;0.54688;0.55664;0.56641;0.57617;0.58594;0.5957;0.60547;0.61523;0.625;0.63477;0.64453;0.6543;0.66406;0.67383;0.68359;0.69336;0.70313;0.71289;0.72266;0.73242;0.74219;0.75195;0.76172;0.77148;0.78125;0.79102,0.001344512;0.0014530559999999999;0.0034652159999999997;0.007268352;0.02006528;0.012378111999999998;0.006641663999999999;0.01118208;0.012903423999999998;0.026335232;0.078687232;0.16864256;0.18775347199999998;0.17087590399999997;0.14972108800000003;0.10066124800000001;0.081554432;0.07898112000000002;0.118218752;0.14353407999999998;0.130070528;0.090389504;0.068414464;0.051456;0.03536691199999999;0.04350976;0.031135744;0.0316416;0.031194112;0.017148928;0.020155392;0.0122368;0.013923327999999999;0.012612608;0.015424512000000001;0.017762304;0.01096192;0.010786816000000001;0.00705024;0.007888896;0.00531456;0.006790144;0.007118848;0.007108608;0.0048762879999999995;0.004296704;0.003955712;0.0033802240000000002;0.003928064;0.004780032;0.003212288;0.001876992;0.0016732160000000002;0.0017203200000000002;0.001344512;0.001364992;0.001927168;0.002592768;0.0015984640000000002;0.0009287680000000001;0.001271808;0.0016220159999999998;0.00146944;0.001618944;0.00160768;0.001798144;0.001605632;0.0014213119999999999;0.00123392;0.0010178560000000001;0.001077248;0.000915456;0.001103872;0.0010199039999999999;0.00088064;0.0006737919999999999;0.0005406720000000001;0.0005007359999999999;0.00037068800000000004
1790114400,hdr,0.0293;0.03906;0.04883;0.05859;0.06836;0.07813;0.08789;0.09766;0.10742;0.11719;0.12695;0.13672;0.14648;0.15625;0.16602;0.17578;0.18555;0.19531;0.20508;0.21484;0.22461;0.23438;0.24414;0.25391;0.26367;0.27344;0.2832;0.29297;0.30273;0.3125;0.32227;0.33203;0.3418;0.35156;0.36133;0.37109;0.38086;0.39063;0.40039;0.41016;0.41992;0.42969;0.43945;0.44922;0.45898;0.46875;0.47852;0.48828;0.49805;0.50781;0.51758;0.52734;0.53711;0.54688;0.55664;0.56641;0.57617;0.58594;0.5957;0.60547;0.61523;0.625;0.63477;0.64453;0.6543;0.66406;0.67383;0.68359;0.69336;0.70313;0.71289;0.72266;0.73242;0.74219;0.75195;0.76172;0.77148;0.78125;0.79102,0.00075264;0.0014028799999999998;0.001092608;0.001907712;0.00769024;0.00886272;0.019153919999999998;0.012606464;0.015983616;0.058355712;0.120078336;0.204903424;0.2541056;0.163827712;0.21469388799999997;0.17412608000000002;0.11734425600000001;0.119021568;0.151873536;0.13006643199999998;0.085905408;0.088170496;0.056607744;0.039238656;0.048489472;0.044028928;0.040142847999999995;0.04720128;0.032902144;0.017398784;0.025833472000000003;0.026434560000000003;0.0122368;0.013920255999999999;0.008425472;0.005783552000000001;0.00536576;0.005293056;0.0068106239999999995;0.009488384;0.007093248;0.0055183359999999996;0.004377600000000001;0.0037222400000000004;0.00247808;0.004476928;0.005360640000000001;0.004482048;0.005057536;0.004469760000000001;0.003364864;0.002935808;0.002924544;0.003165184;0.002368512;0.002215936;0.002233344;0.0018257920000000001;0.0016773119999999998;0.002372608;0.0017602560000000002;0.0014243840000000001;0.0013056;0.001662976;0.0020858880000000006;0.001313792;0.000789504;0.0010649599999999998;0.0011489279999999998;0.001391616;0.0009431040000000001;0.0007229440000000001;0.00048025600000000003;0.0006850560000000001;0.0006277120000000001;0.000616448;0.0007393279999999999;0.0004884479999999999;0.00040960000000000004
1790115300,hdr,0.0293;0.03906;0.04883;0.05859;0.06836;0.07813;0.08789;0.09766;0.10742;0.11719;0.12695;0.13672;0.14648;0.15625;0.16602;0.17578;0.18555;0.19531;0.20508;0.21484;0.22461;0.23438;0.24414;0.25391;0.26367;0.27344;0.2832;0.29297;0.30273;0.3125;0.32227;0.33203;0.3418;0.35156;0.36133;0.37109;0.38086;0.39063;0.40039;0.41016;0.41992;0.42969;0.43945;0.44922;0.45898;0.46875;0.47852;0.48828;0.49805;0.50781;0.51758;0.52734;0.53711;0.54688;0.55664;0.56641;0.57617;0.58594;0.5957;0.60547;0.61523;0.625;0.63477;0.64453;0.6543;0.66406;0.67383;0.68359;0.69336;0.70313;0.71289;0.72266;0.73242;0.74219;0.75195;0.76172;0.77148;0.78125;0.79102,0.00027648;0.000917504;0.0013680639999999998;0.0027105280000000002;0.005133312;0.004872192;0.005003264;0.011966464;0.020327424;0.034666496;0.103801856;0.189261824;0.19995033599999998;0.19759820800000003;0.138103808;0.155876352;0.16033792;0.145713152;0.137801728;0.11554815999999998;0.11995852800000001;0.09126604799999999;0.085107712;0.047796224000000005;0.04743168;0.04156620800000001;0.037762048;0.03064832;0.03854336;0.036421632;0.025837567999999998;0.022877184000000002;0.019237888;0.019048448;0.014309376;0.014252032;0.013156352000000001;0.008815616;0.006462464;0.007344128000000001;0.005695488;0.0055009279999999995;0.007261184;0.007333888;0.008026111999999998;0.007702528;0.0053340160000000005;0.00452608;0.004072447999999999;0.003324928;0.002131968;0.00282112;0.002159616;0.00164864;0.001846272;0.001795072;0.002168832;0.001759232;0.0018155520000000002;0.001503232;0.0018687999999999999;0.001307648;0.0009564160000000001;0.0012400640000000001;0.001468416;0.000917504;0.000912384;0.000905216;0.001042432;0.000505856;0.000659456;0.00082432;0.000753664;0.00047001599999999997;0.000626688;0.000653312;0.000548864;0.00057856;0.000756736
1790116200,hdr,0.0293;0.03906;0.04883;0.05859;0.06836;0.07813;0.08789;0.09766;0.10742;0.11719;0.12695;0.13672;0.14648;0.15625;0.16602;0.17578;0.18555;0.19531;0.20508;0.21484;0.22461;0.23438;0.24414;0.25391;0.26367;0.27344;0.2832;0.29297;0.30273;0.3125;0.32227;0.33203;0.3418;0.35156;0.36133;0.37109;0.38086;0.39063;0.40039;0.41016;0.41992;0.42969;0.43945;0.44922;0.45898;0.46875;0.47852;0.48828;0.49805;0.50781;0.51758;0.52734;0.53711;0.54688;0.55664;0.56641;0.57617;0.58594;0.5957;0.60547;0.61523;0.625;0.63477;0.64453;0.6543;0.66406;0.67383;0.68359;0.69336;0.70313;0.71289;0.72266;0.73242;0.74219;0.75195;0.76172;0.77148;0.78125;0.79102,0.000753664;0.003362816;0.00206848;0.002879488;0.009508864;0.007960576;0.007640063999999999;0.006631424;0.015654912;0.051372032;0.10233856;0.147698688;0.253871104;0.24321331200000001;0.31368704000000003;0.237561856;0.14419148799999998;0.196324352;0.14620979199999998;0.08315494400000001;0.08009830400000001;0.055226368000000005;0.043927551999999995;0.045846528;0.042234879999999995;0.04191744;0.033282048;0.032539648000000004;0.027247616000000002;0.022380544000000002;0.019941376;0.016238592;0.015719424;0.01311232;0.009233408000000002;0.00889344;0.009154559999999999;0.010013696;0.008475647999999999;0.005966848;0.0034048;0.003429376;0.003941376;0.004673536;0.00605696;0.004580352000000001;0.003751936;0.003591168;0.0024811519999999995;0.002200576;0.0031559680000000003;0.002996224;0.002008064;0.002131968;0.0015452159999999999;0.0018800639999999999;0.002006016;0.0031703039999999997;0.002051072;0.0021288960000000003;0.0019189760000000002;0.00187904;0.0014858240000000002;0.0013199359999999999;0.001412096;0.001352704;0.001323008;0.00136704;0.000970752;0.0009041920000000001;0.001053696;0.0011489279999999998;0.000643072;0.000610304;0.000646144;0.0005683200000000001;0.000545792;0.000418816;0.00039219200000000003
1790117100,hdr,0.0293;0.03906;0.04883;0.05859;0.06836;0.07813;0.08789;0.09766;0.10742;0.11719;0.12695;0.13672;0.14648;0.15625;0.16602;0.17578;0.18555;0.19531;0.20508;0.21484;0.22461;0.23438;0.24414;0.25391;0.26367;0.27344;0.2832;0.29297;0.30273;0.3125;0.32227;0.33203;0.3418;0.35156;0.36133;0.37109;0.38086;0.39063;0.40039;0.41016;0.41992;0.42969;0.43945;0.44922;0.45898;0.46875;0.47852;0.48828;0.49805;0.50781;0.51758;0.52734;0.53711;0.54688;0.55664;0.56641;0.57617;0.58594;0.5957;0.60547;0.61523;0.625;0.63477;0.64453;0.6543;0.66406;0.67383;0.68359;0.69336;0.70313;0.71289;0.72266;0.73242;0.74219;0.75195;0.76172;0.77148;0.78125;0.79102,0.0029655040000000003;0.004929536;0.005264384;0.004038656;0.005594112;0.00549376;0.006424576;0.008463360000000001;0.011913216;0.045088768;0.141160448;0.167350272;0.30514790399999997;0.24414924799999999;0.15886848;0.14499737599999998;0.134603776;0.15146086399999997;0.16192;0.098265088;0.075270144;0.07225753600000001;0.086536192;0.044634112000000004;0.04407296;0.043771904;0.033726464;0.032034816;0.028634111999999996;0.023897088;0.026021888;0.017986560000000002;0.00986624;0.010223616;0.01033216;0.013217791999999999;0.006734848;0.008620032;0.00871424;0.009074688000000001;0.006938624;0.0055982079999999995;0.005755904;0.005199872;0.005409792;0.004235264;0.0035860479999999997;0.003332096;0.003406848;0.0028764159999999997;0.001550336;0.002200576;0.0015687680000000001;0.0015677439999999998;0.002245632;0.0020981759999999998;0.002284544;0.0017674240000000003;0.0016291839999999999;0.000917504;0.000918528;0.0019148799999999999;0.00165376;0.0015063040000000002;0.0014581759999999998;0.0010250239999999998;0.001050624;0.0007086080000000001;0.000596992;0.000717824;0.000837632;0.000663552;0.000351232;0.0007229440000000001;0.00067072;0.0008048640000000001;0.000652288;0.00054272;0.000360448
1790118000,hdr,0.0293;0.03906;0.04883;0.05859;0.06836;0.07813;0.08789;0.09766;0.10742;0.11719;0.12695;0.13672;0.14648;0.15625;0.16602;0.17578;0.18555;0.19531;0.20508;0.21484;0.22461;0.23438;0.24414;0.25391;0.26367;0.27344;0.2832;0.29297;0.30273;0.3125;0.32227;0.33203;0.3418;0.35156;0.36133;0.37109;0.38086;0.39063;0.40039;0.41016;0.41992;0.42969;0.43945;0.44922;0.45898;0.46875;0.47852;0.48828;0.49805;0.50781;0.51758;0.52734;0.53711;0.54688;0.55664;0.56641;0.57617;0.58594;0.5957;0.60547;0.61523;0.625;0.63477;0.64453;0.6543;0.66406;0.67383;0.68359;0.69336;0.70313;0.71289;0.72266;0.73242;0.74219;0.75195;0.76172;0.77148;0.78125;0.79102,0.0039495680000000005;0.0026695679999999998;0.0030904319999999997;0.004140032;0.008119296;0.008957952000000002;0.010423296;0.014810112;0.034193407999999995;0.064833536;0.060839936000000004;0.13694156799999999;0.13484031999999999;0.19136102399999996;0.186842112;0.18447564800000002;0.14642176;0.09979289599999999;0.101443584;0.09163366399999999;0.07906611200000001;0.084528128;0.052202496;0.049316864;0.062969856;0.035274752;0.02378752;0.022782976000000003;0.021075968;0.017371136;0.015039488000000002;0.01992192;0.02168832;0.01577984;0.011063295999999999;0.008767487999999999;0.008665088000000001;0.008210432;0.00775168;0.009506816000000001;0.0046295039999999996;0.002717696;0.004120576;0.004278272;0.0029429759999999995;0.002352128;0.0023388159999999996;0.00211456;0.002837504;0.00373248;0.004546560000000001;0.004030464;0.002282496;0.001477632;0.001985536;0.002609152;0.0020582400000000002;0.001555456;0.001872896;0.00193536;0.000953344;0.0007168;0.001639424;0.002377728;0.0021217280000000002;0.0017848319999999999;0.0017602560000000002;0.00145408;0.0012247039999999999;0.000765952;0.000923648;0.00107008;0.000879616;0.000910336;0.0006891520000000001;0.000401408;0.00039219200000000003;0.000538624;0.000799744
1790118900,hdr,0.0293;0.03906;0.04883;0.05859;0.06836;0.07813;0.08789;0.09766;0.10742;0.11719;0.12695;0.13672;0.14648;0.15625;0.16602;0.17578;0.18555;0.19531;0.20508;0.21484;0.22461;0.23438;0.24414;0.25391;0.26367;0.27344;0.2832;0.29297;0.30273;0.3125;0.32227;0.33203;0.3418;0.35156;0.36133;0.37109;0.38086;0.39063;0.40039;0.41016;0.41992;0.42969;0.43945;0.44922;0.45898;0.46875;0.47852;0.48828;0.49805;0.50781;0.51758;0.52734;0.53711;0.54688;0.55664;0.56641;0.57617;0.58594;0.5957;0.60547;0.61523;0.625;0.63477;0.64453;0.6543;0.66406;0.67383;0.68359;0.69336;0.70313;0.71289;0.72266;0.73242;0.74219;0.75195;0.76172;0.77148;0.78125;0.79102,0.010763264;0.012914688;0.007491584;0.00472576;0.006047744;0.015540224;0.015921152;0.013732864;0.025595904000000003;0.042845184;0.097785856;0.120372224;0.111543296;0.13290905599999997;0.11659980799999999;0.145278976;0.149423104;0.13750579200000002;0.123428864;0.07443353600000001;0.05158195200000001;0.071258112;0.050775039999999994;0.059197440000000004;0.057346048000000004;0.044348415999999995;0.04691456000000001;0.034555904;0.022372351999999998;0.022185984;0.018387968;0.013359104000000002;0.013821951999999998;0.011342847999999999;0.012224512;0.007909376000000001;0.004723712;0.004411392;0.007261184;0.008078336;0.00478208;0.003641344;0.004096;0.0050155519999999995;0.00505344;0.003212288;0.003212288;0.00288256;0.0026705920000000003;0.002212864;0.00202752;0.002564096;0.001376256;0.00180224;0.002043904;0.002033664;0.00165376;0.001926144;0.001282048;0.001288192;0.001517568;0.0019435519999999999;0.0016711679999999998;0.001193984;0.000912384;0.0010608640000000001;0.001002496;0.001098752;0.000953344;0.0005683200000000001;0.000731136;0.000863232;0.0009748480000000001;0.000703488;0.0009748480000000001;0.000787456;0.00047718399999999996;0.0005099519999999999;0.000494592
1790119800,hdr,0.0293;0.03906;0.04883;0.05859;0.06836;0.07813;0.08789;0.09766;0.10742;0.11719;0.12695;0.13672;0.14648;0.15625;0.16602;0.17578;0.18555;0.19531;0.20508;0.21484;0.22461;0.23438;0.24414;0.25391;0.26367;0.27344;0.2832;0.29297;0.30273;0.3125;0.32227;0.33203;0.3418;0.35156;0.36133;0.37109;0.38086;0.39063;0.40039;0.41016;0.41992;0.42969;0.43945;0.44922;0.45898;0.46875;0.47852;0.48828;0.49805;0.50781;0.51758;0.52734;0.53711;0.54688;0.55664;0.56641;0.57617;0.58594;0.5957;0.60547;0.61523;0.625;0.63477;0.64453;0.6543;0.66406;0.67383;0.68359;0.69336;0.70313;0.71289;0.72266;0.73242;0.74219;0.75195;0.76172;0.77148;0.78125;0.79102,0.006595584;0.01501696;0.009954304;0.0075776;0.009711616;0.011810816;0.011704319999999999;0.018057216;0.02486272;0.047082496;0.123365376;0.19127398400000004;0.163439616;0.16867020800000002;0.149248;0.121785344;0.10265088;0.125715456;0.132467712;0.13906943999999996;0.088510464;0.062789632;0.045957120000000004;0.056128512000000005;0.051545088;0.049943551999999995;0.049637376000000004;0.054203392;0.028601344;0.017937408000000002;0.02251264;0.027613184000000002;0.019624960000000004;0.013855743999999998;0.013629440000000001;0.008253439999999999;0.006064128;0.005712895999999999;0.005750784000000001;0.007749632;0.005476352000000001;0.0053504;0.004310016;0.003677184;0.005362688;0.0050401280000000005;0.003127296;0.0026081279999999995;0.001717248;0.001447936;0.001410048;0.001864704;0.001893376;0.00196096;0.001540096;0.001174528;0.00131584;0.001263616;0.0018442240000000002;0.001846272;0.00117248;0.001174528;0.001297408;0.001155072;0.0015667199999999997;0.00165888;0.001226752;0.001153024;0.001097728;0.0013701120000000002;0.0014376960000000002;0.0008366080000000001;0.000840704;0.0007229440000000001;0.000313344;0.000611328;0.00064;0.0005089280000000001;0.0006952960000000001
1790120700,hdr,0.0293;0.03906;0.04883;0.05859;0.06836;0.07813;0.08789;0.09766;0.10742;0.11719;0.12695;0.13672;0.14648;0.15625;0.16602;0.17578;0.18555;0.19531;0.20508;0.21484;0.22461;0.23438;0.24414;0.25391;0.26367;0.27344;0.2832;0.29297;0.30273;0.3125;0.32227;0.33203;0.3418;0.35156;0.36133;0.37109;0.38086;0.39063;0.40039;0.41016;0.41992;0.42969;0.43945;0.44922;0.45898;0.46875;0.47852;0.48828;0.49805;0.50781;0.51758;0.52734;0.53711;0.54688;0.55664;0.56641;0.57617;0.58594;0.5957;0.60547;0.61523;0.625;0.63477;0.64453;0.6543;0.66406;0.67383;0.68359;0.69336;0.70313;0.71289;0.72266;0.73242;0.74219;0.75195;0.76172;0.77148;0.78125;0.79102,0.0011356159999999999;0.001743872;0.001661952;0.004927488000000001;0.010687488;0.0054538239999999995;0.007687167999999999;0.006122496;0.018423808;0.041418752;0.11737702400000001;0.199699456;0.137255936;0.112249856;0.135269376;0.109499392;0.124023808;0.131089408;0.094231552;0.128689152;0.08935424;0.056855552000000004;0.05157376;0.05202944;0.0646144;0.053111808;0.0362496;0.031558656;0.02764288;0.016091136;0.014187519999999999;0.018176;0.016333824;0.012524544;0.010384384;0.011464704;0.010228735999999999;0.007131136;0.007119872;0.008684544;0.005987327999999999;0.004338688;0.005060608;0.005066752000000001;0.004912128;0.004709376;0.003777536;0.0029009920000000002;0.002349056;0.002372608;0.0024012799999999996;0.003661824;0.003125248;0.002712576;0.0021370879999999997;0.001414144;0.001726464;0.001744896;0.002127872;0.001158144;0.00088576;0.000984064;0.0013680639999999998;0.000932864;0.00146432;0.001498112;0.001048576;0.000945152;0.000847872;0.001461248;0.001164288;0.000648192;0.00048127999999999995;0.00044339199999999997;0.0005406720000000001;0.000694272;0.0005478400000000001;0.000780288;0.0007925759999999999
