Epoch Time,Processing Source,f,varianceDensity
1789344000,hdr,0.0293;0.03906;0.04883;0.05859;0.06836;0.07813;0.08789;0.09766;0.10742;0.11719;0.12695;0.13672;0.14648;0.15625;0.16602;0.17578;0.18555;0.19531;0.20508;0.21484;0.22461;0.23438;0.24414;0.25391;0.26367;0.27344;0.2832;0.29297;0.30273;0.3125;0.32227;0.33203;0.3418;0.35156;0.36133;0.37109;0.38086;0.39063;0.40039;0.41016;0.41992;0.42969;0.43945;0.44922;0.45898;0.46875;0.47852;0.48828;0.49805;0.50781;0.51758;0.52734;0.53711;0.54688;0.55664;0.56641;0.57617;0.58594;0.5957;0.60547;0.61523;0.625;0.63477;0.64453;0.6543;0.66406;0.67383;0.68359;0.69336;0.70313;0.71289;0.72266;0.73242;0.74219;0.75195;0.76172;0.77148;0.78125;0.79102,0.0006830079999999999;0.001132544;0.001055744;0.0011673599999999999;0.001610752;0.001806336;0.0024340480000000003;0.011076608;0.021222400000000002;0.013526016;0.0058019840000000005;0.004123648;0.002148352;0.005780479999999999;0.013127680000000001;0.0216576;0.037225472;0.02624512;0.01098752;0.006248447999999999;0.008424448000000001;0.008642559999999999;0.007035904000000001;0.007327744;0.012015616;0.010960896000000001;0.008689664000000001;0.007878656;0.0060016639999999994;0.00690688;0.006916095999999999;0.006158336;0.00564736;0.006178816000000001;0.006417408;0.004242432;0.0031897600000000003;0.003713024;0.0026644480000000003;0.004205568;0.004296704;0.0022231040000000005;0.002048;0.00398336;0.002919424;0.002164736;0.002424832;0.0022886399999999998;0.001371136;0.00125952;0.0019210240000000001;0.0018575360000000001;0.00138752;0.002105344;0.001605632;0.00145408;0.000930816;0.000582656;0.0008089600000000001;0.000606208;0.000653312;0.00047616000000000005;0.000434176;0.000652288;0.0006184960000000001;0.0006819840000000001;0.000730112;0.0006041600000000001;0.00047308800000000003;0.0006092800000000001;0.00050688;0.000234496;0.000289792;0.000448512;0.00030105599999999996;0.000218112;0.000205824;0.000274432;0.000222208
1789344900,hdr,0.0293;0.03906;0.04883;0.05859;0.06836;0.07813;0.08789;0.09766;0.10742;0.11719;0.12695;0.13672;0.14648;0.15625;0.16602;0.17578;0.18555;0.19531;0.20508;0.21484;0.22461;0.23438;0.24414;0.25391;0.26367;0.27344;0.2832;0.29297;0.30273;0.3125;0.32227;0.33203;0.3418;0.35156;0.36133;0.37109;0.38086;0.39063;0.40039;0.41016;0.41992;0.42969;0.43945;0.44922;0.45898;0.46875;0.47852;0.48828;0.49805;0.50781;0.51758;0.52734;0.53711;0.54688;0.55664;0.56641;0.57617;0.58594;0.5957;0.60547;0.61523;0.625;0.63477;0.64453;0.6543;0.66406;0.67383;0.68359;0.69336;0.70313;0.71289;0.72266;0.73242;0.74219;0.75195;0.76172;0.77148;0.78125;0.79102,0.000211968;0.0008202239999999999;0.0007290879999999999;0.000854016;0.001574912;0.002523136;0.00443392;0.004498432;0.007996416000000001;0.013138944;0.007481344;0.0041093119999999995;0.00282112;0.003642368;0.010671103999999999;0.027025408;0.027974656;0.020750335999999998;0.014086144;0.011390976;0.010871807999999998;0.012525567999999999;0.012199936;0.008990719999999999;0.008077312;0.007773183999999999;0.006893568;0.006111232;0.00651264;0.008411136;0.006413312;0.004555776;0.004356095999999999;0.005582848;0.006704127999999999;0.006196224;0.005477375999999999;0.004809728;0.005094400000000001;0.004227072;0.00291328;0.003154944;0.0022855680000000004;0.0021002239999999995;0.002280448;0.002793472;0.002352128;0.0016977919999999998;0.001795072;0.00149504;0.0012001280000000002;0.001422336;0.000941056;0.000907264;0.001062912;0.000781312;0.000864256;0.0009461760000000001;0.000643072;0.000768;0.0007168;0.000637952;0.000688128;0.000672768;0.0005877759999999999;0.000512;0.0004915200000000001;0.000329728;0.00030003200000000004;0.000318464;0.000246784;0.000288768;0.000283648;0.000173056;0.000258048;0.000264192;0.000207872;0.000272384;0.000260096
1789345800,hdr,0.0293;0.03906;0.04883;0.05859;0.06836;0.07813;0.08789;0.09766;0.10742;0.11719;0.12695;0.13672;0.14648;0.15625;0.16602;0.17578;0.18555;0.19531;0.20508;0.21484;0.22461;0.23438;0.24414;0.25391;0.26367;0.27344;0.2832;0.29297;0.30273;0.3125;0.32227;0.33203;0.3418;0.35156;0.36133;0.37109;0.38086;0.39063;0.40039;0.41016;0.41992;0.42969;0.43945;0.44922;0.45898;0.46875;0.47852;0.48828;0.49805;0.50781;0.51758;0.52734;0.53711;0.54688;0.55664;0.56641;0.57617;0.58594;0.5957;0.60547;0.61523;0.625;0.63477;0.64453;0.6543;0.66406;0.67383;0.68359;0.69336;0.70313;0.71289;0.72266;0.73242;0.74219;0.75195;0.76172;0.77148;0.78125;0.79102,0.000268288;0.000282624;0.000351232;0.00040345599999999995;0.000538624;0.002265088;0.004139008;0.008900608;0.017711104;0.014943232;0.006750208;0.0042137599999999996;0.003417088;0.0043008000000000005;0.004896768;0.01210368;0.025186304;0.02353664;0.012910591999999999;0.01332736;0.013804544;0.011014144;0.014244864;0.011119616;0.007803904;0.009458688;0.013205504;0.007988224;0.0071014400000000005;0.00724992;0.006234112;0.00801792;0.008008704;0.0046991360000000005;0.00384512;0.00421888;0.0038594560000000003;0.003105792;0.003149824;0.003473408;0.004575232;0.004287487999999999;0.00272896;0.0034816;0.00339968;0.002070528;0.0026490879999999995;0.0028129279999999997;0.0016691199999999998;0.001502208;0.001030144;0.0016906239999999997;0.0016302080000000002;0.001082368;0.001373184;0.0016435199999999999;0.0009523200000000001;0.0007188480000000001;0.000772096;0.000611328;0.0008744960000000001;0.000781312;0.0004986880000000001;0.000494592;0.000468992;0.0006604799999999999;0.0005416959999999999;0.000331776;0.000499712;0.00031232;0.000391168;0.000411648;0.00029593599999999995;0.000349184;0.00035532799999999997;0.00021299199999999998;0.00024780799999999997;0.00033894400000000004;0.00035430400000000006
1789346700,hdr,0.0293;0.03906;0.04883;0.05859;0.06836;0.07813;0.08789;0.09766;0.10742;0.11719;0.12695;0.13672;0.14648;0.15625;0.16602;0.17578;0.18555;0.19531;0.20508;0.21484;0.22461;0.23438;0.24414;0.25391;0.26367;0.27344;0.2832;0.29297;0.30273;0.3125;0.32227;0.33203;0.3418;0.35156;0.36133;0.37109;0.38086;0.39063;0.40039;0.41016;0.41992;0.42969;0.43945;0.44922;0.45898;0.46875;0.47852;0.48828;0.49805;0.50781;0.51758;0.52734;0.53711;0.54688;0.55664;0.56641;0.57617;0.58594;0.5957;0.60547;0.61523;0.625;0.63477;0.64453;0.6543;0.66406;0.67383;0.68359;0.69336;0.70313;0.71289;0.72266;0.73242;0.74219;0.75195;0.76172;0.77148;0.78125;0.79102,8.2944e-05;0.000244736;0.0008601600000000001;0.00039731200000000003;0.0027453439999999994;0.0034037760000000003;0.0073932799999999995;0.014507008000000002;0.020744192;0.013988864;0.009259007999999999;0.005715968;0.003054592;0.003725312;0.005318656;0.00843776;0.01288704;0.018048;0.018307072;0.013462528;0.01357312;0.016555008000000003;0.010251264000000001;0.012740608;0.007995392;0.008751104;0.01133568;0.009568255999999999;0.008098815999999998;0.008426496;0.006923263999999999;0.005907456;0.0062054400000000004;0.0073953280000000005;0.007396352;0.004083712000000001;0.005286912;0.006043648;0.00448;0.003014656;0.003519488;0.004312064;0.004757504;0.002794496;0.002675712;0.003823616;0.002982912;0.0018411519999999998;0.0022968320000000004;0.00141312;0.00176128;0.0014561280000000001;0.001441792;0.000941056;0.00067072;0.000715776;0.0010178560000000001;0.001125376;0.000817152;0.00099328;0.001073152;0.000802816;0.0006656;0.000502784;0.000567296;0.0006830079999999999;0.000421888;0.00019456;0.00016691200000000002;0.000283648;0.000365568;0.000468992;0.00046592000000000004;0.000382976;0.000253952;0.0001792;0.00021401600000000003;0.00019865600000000002;0.00029081600000000006
1789348500,hdr,0.0293;0.03906;0.04883;0.05859;0.06836;0.07813;0.08789;0.09766;0.10742;0.11719;0.12695;0.13672;0.14648;0.15625;0.16602;0.17578;0.18555;0.19531;0.20508;0.21484;0.22461;0.23438;0.24414;0.25391;0.26367;0.27344;0.2832;0.29297;0.30273;0.3125;0.32227;0.33203;0.3418;0.35156;0.36133;0.37109;0.38086;0.39063;0.40039;0.41016;0.41992;0.42969;0.43945;0.44922;0.45898;0.46875;0.47852;0.48828;0.49805;0.50781;0.51758;0.52734;0.53711;0.54688;0.55664;0.56641;0.57617;0.58594;0.5957;0.60547;0.61523;0.625;0.63477;0.64453;0.6543;0.66406;0.67383;0.68359;0.69336;0.70313;0.71289;0.72266;0.73242;0.74219;0.75195;0.76172;0.77148;0.78125;0.79102,0.000169984;8.192e-06;0.00123392;0.001799168;0.002961408;0.006537216;0.008117247999999999;0.012475392;0.016820223999999998;0.016866304;0.01128448;0.003920896;0.002866176;0.001846272;0.004432896;0.010185728;0.03009024;0.026479616;0.018417663999999997;0.012644352;0.016707583999999998;0.021471232;0.015857664;0.00853504;0.00796672;0.007535616;0.005342208;0.003591168;0.005499904;0.004736;0.0051025919999999995;0.006041599999999999;0.00764416;0.007663616;0.00611328;0.004692992;0.003969024;0.005293056;0.008591360000000001;0.004941824000000001;0.0031744;0.0022702079999999997;0.0020572159999999997;0.002966528;0.002034688;0.0019046400000000002;0.001401856;0.001829888;0.002167808;0.001385472;0.001058816;0.001043456;0.00150016;0.001325056;0.000743424;0.0008386559999999999;0.0009441279999999999;0.00118784;0.000990208;0.001222656;0.000692224;0.000592896;0.000626688;0.00049664;0.00035532799999999997;0.00029183999999999997;0.000318464;0.00028671999999999997;0.000391168;0.00039936;0.00032768;0.000288768;0.000193536;0.000217088;0.000228352;0.000233472;0.0001536;0.000176128;0.000160768
1789349400,hdr,0.0293;0.03906;0.04883;0.05859;0.06836;0.07813;0.08789;0.09766;0.10742;0.11719;0.12695;0.13672;0.14648;0.15625;0.16602;0.17578;0.18555;0.19531;0.20508;0.21484;0.22461;0.23438;0.24414;0.25391;0.26367;0.27344;0.2832;0.29297;0.30273;0.3125;0.32227;0.33203;0.3418;0.35156;0.36133;0.37109;0.38086;0.39063;0.40039;0.41016;0.41992;0.42969;0.43945;0.44922;0.45898;0.46875;0.47852;0.48828;0.49805;0.50781;0.51758;0.52734;0.53711;0.54688;0.55664;0.56641;0.57617;0.58594;0.5957;0.60547;0.61523;0.625;0.63477;0.64453;0.6543;0.66406;0.67383;0.68359;0.69336;0.70313;0.71289;0.72266;0.73242;0.74219;0.75195;0.76172;0.77148;0.78125;0.79102,0.000616448;0.001257472;0.000641024;0.001091584;0.001664;0.000812032;0.0030033919999999997;0.010832896;0.019378176;0.016154624;0.00634368;0.004227072;0.003398656;0.0039075839999999995;0.00330752;0.010916864;0.022462464;0.02223104;0.022318079999999997;0.0192512;0.022504448;0.011670527999999998;0.008933376;0.009238528000000001;0.007697408;0.006433792000000001;0.010221567999999999;0.0074004480000000004;0.005481471999999999;0.004696064;0.00712704;0.008016895999999999;0.0051619840000000005;0.003211264;0.003900416;0.00331264;0.0044031999999999995;0.00498176;0.003565568;0.003929088;0.003171328;0.004615167999999999;0.0037550080000000002;0.0022927360000000005;0.001806336;0.001227776;0.001662976;0.002096128;0.0012359679999999998;0.0010813440000000001;0.0011601919999999998;0.000918528;0.000759808;0.001086464;0.00097792;0.0008704;0.000676864;0.000603136;0.0013506560000000002;0.000888832;0.000704512;0.00061952;0.00041062399999999995;0.00050688;0.000315392;0.000331776;0.000349184;0.000329728;0.00023859199999999998;0.000193536;0.00020480000000000002;0.00029183999999999997;0.000319488;0.000283648;0.00023859199999999998;0.000218112;0.0001792;0.000137216;0.000151552
1789350300,hdr,0.0293;0.03906;0.04883;0.05859;0.06836;0.07813;0.08789;0.09766;0.10742;0.11719;0.12695;0.13672;0.14648;0.15625;0.16602;0.17578;0.18555;0.19531;0.20508;0.21484;0.22461;0.23438;0.24414;0.25391;0.26367;0.27344;0.2832;0.29297;0.30273;0.3125;0.32227;0.33203;0.3418;0.35156;0.36133;0.37109;0.38086;0.39063;0.40039;0.41016;0.41992;0.42969;0.43945;0.44922;0.45898;0.46875;0.47852;0.48828;0.49805;0.50781;0.51758;0.52734;0.53711;0.54688;0.55664;0.56641;0.57617;0.58594;0.5957;0.60547;0.61523;0.625;0.63477;0.64453;0.6543;0.66406;0.67383;0.68359;0.69336;0.70313;0.71289;0.72266;0.73242;0.74219;0.75195;0.76172;0.77148;0.78125;0.79102,0.000126976;0.0008652800000000001;0.001316864;0.000449536;0.002177024;0.002671616;0.00836096;0.013624320000000002;0.010790912;0.007809024;0.00925184;0.009115648;0.004462592;0.001905664;0.003120128;0.010422272;0.037691392;0.05065728;0.0367616;0.028763135999999998;0.02316288;0.015496192;0.017536;0.014834688;0.009151488000000001;0.007432192;0.007065599999999999;0.006925312;0.007206912;0.007928832;0.006893568;0.0065791999999999995;0.008146944;0.0088576;0.008786944;0.0066211840000000004;0.005942272;0.004091904;0.003680256;0.003365888;0.0021288960000000003;0.002364416;0.004225024;0.004591616;0.006020096;0.0037949439999999997;0.001635328;0.0016384000000000001;0.002052096;0.0021248;0.001758208;0.001716224;0.00154624;0.001381376;0.00122368;0.000899072;0.000802816;0.000743424;0.00082432;0.000863232;0.000463872;0.0005416959999999999;0.000514048;0.000490496;0.00047923199999999995;0.000544768;0.00040448000000000003;0.00047820800000000004;0.000408576;0.000380928;0.00027136;0.00035430400000000006;0.000345088;0.00027136;0.00014745600000000002;0.00018739199999999998;0.0003072;0.00021401600000000003;0.00016896
1789351200,hdr,0.0293;0.03906;0.04883;0.05859;0.06836;0.07813;0.08789;0.09766;0.10742;0.11719;0.12695;0.13672;0.14648;0.15625;0.16602;0.17578;0.18555;0.19531;0.20508;0.21484;0.22461;0.23438;0.24414;0.25391;0.26367;0.27344;0.2832;0.29297;0.30273;0.3125;0.32227;0.33203;0.3418;0.35156;0.36133;0.37109;0.38086;0.39063;0.40039;0.41016;0.41992;0.42969;0.43945;0.44922;0.45898;0.46875;0.47852;0.48828;0.49805;0.50781;0.51758;0.52734;0.53711;0.54688;0.55664;0.56641;0.57617;0.58594;0.5957;0.60547;0.61523;0.625;0.63477;0.64453;0.6543;0.66406;0.67383;0.68359;0.69336;0.70313;0.71289;0.72266;0.73242;0.74219;0.75195;0.76172;0.77148;0.78125;0.79102,0.0006993920000000001;0.000872448;0.00015052799999999998;0.000103424;0.000550912;0.0018964479999999998;0.01038848;0.030647296;0.031639552;0.023610368000000003;0.013247488000000002;0.008835072;0.005815296;0.00452608;0.007629824;0.012548096;0.022300671999999997;0.03099648;0.021577728;0.015229952000000001;0.017858560000000002;0.019520512;0.020386816;0.015811584;0.010171392000000001;0.009589760000000001;0.0074874880000000005;0.010945536;0.00896;0.008208384;0.008398848;0.0053442559999999995;0.004819968;0.006571008;0.006475776;0.005607424;0.00356352;0.006094848;0.005378048;0.004762624;0.003944448;0.003406848;0.003432448;0.0028467199999999996;0.0035205120000000004;0.003068928;0.002258944;0.0022323200000000003;0.0015185919999999998;0.0013987840000000001;0.001794048;0.001783808;0.0014438399999999998;0.001225728;0.000831488;0.00082944;0.000857088;0.000620544;0.0005376000000000001;0.00044339199999999997;0.00051712;0.00067584;0.0005867520000000001;0.00052224;0.000485376;0.000700416;0.000579584;0.000503808;0.000382976;0.000237568;0.000305152;0.000284672;0.000263168;0.00028569600000000005;0.00029900799999999997;0.00030003200000000004;0.00020889599999999997;0.00016896;7.782399999999999e-05
1789352100,hdr,0.0293;0.03906;0.04883;0.05859;0.06836;0.07813;0.08789;0.09766;0.10742;0.11719;0.12695;0.13672;0.14648;0.15625;0.16602;0.17578;0.18555;0.19531;0.20508;0.21484;0.22461;0.23438;0.24414;0.25391;0.26367;0.27344;0.2832;0.29297;0.30273;0.3125;0.32227;0.33203;0.3418;0.35156;0.36133;0.37109;0.38086;0.39063;0.40039;0.41016;0.41992;0.42969;0.43945;0.44922;0.45898;0.46875;0.47852;0.48828;0.49805;0.50781;0.51758;0.52734;0.53711;0.54688;0.55664;0.56641;0.57617;0.58594;0.5957;0.60547;0.61523;0.625;0.63477;0.64453;0.6543;0.66406;0.67383;0.68359;0.69336;0.70313;0.71289;0.72266;0.73242;0.74219;0.75195;0.76172;0.77148;0.78125;0.79102,0.00033792;0.000344064;1.7408e-05;0.00039423999999999997;0.0035368960000000003;0.00510976;0.004521984;0.013661184000000002;0.028275711999999998;0.017283072;0.010935295999999999;0.011934720000000001;0.005302272;0.004020223999999999;0.00475136;0.011267072;0.029402111999999998;0.0454144;0.025405439999999998;0.018627584;0.01529344;0.009703424;0.013147136;0.011669503999999999;0.008607744;0.007998464;0.010820608;0.009224192;0.009772032;0.013491199999999998;0.011273216;0.008973312;0.008107008;0.008368128;0.006346752000000001;0.005307392;0.004210688;0.0034979840000000004;0.002374656;0.0026849280000000005;0.0027648;0.0025743360000000004;0.002753536;0.002501632;0.0030207999999999997;0.003228672;0.002054144;0.002015232;0.002148352;0.0028129279999999997;0.0020254720000000004;0.00167424;0.0015892480000000001;0.00138752;0.0013639680000000001;0.0011151359999999999;0.0007229440000000001;0.0006277120000000001;0.000772096;0.001026048;0.0008192000000000001;0.000548864;0.000796672;0.000933888;0.000510976;0.00047616000000000005;0.00044646400000000004;0.00039423999999999997;0.000305152;0.00028569600000000005;0.00037785600000000004;0.000330752;0.000242688;0.000260096;0.000191488;0.00014335999999999998;0.00021913599999999998;0.000218112;0.000130048
1789353000,hdr,0.0293;0.03906;0.04883;0.05859;0.06836;0.07813;0.08789;0.09766;0.10742;0.11719;0.12695;0.13672;0.14648;0.15625;0.16602;0.17578;0.18555;0.19531;0.20508;0.21484;0.22461;0.23438;0.24414;0.25391;0.26367;0.27344;0.2832;0.29297;0.30273;0.3125;0.32227;0.33203;0.3418;0.35156;0.36133;0.37109;0.38086;0.39063;0.40039;0.41016;0.41992;0.42969;0.43945;0.44922;0.45898;0.46875;0.47852;0.48828;0.49805;0.50781;0.51758;0.52734;0.53711;0.54688;0.55664;0.56641;0.57617;0.58594;0.5957;0.60547;0.61523;0.625;0.63477;0.64453;0.6543;0.66406;0.67383;0.68359;0.69336;0.70313;0.71289;0.72266;0.73242;0.74219;0.75195;0.76172;0.77148;0.78125;0.79102,0.0008222720000000001;0.001026048;0.000674816;0.0008560640000000001;0.0012605440000000002;0.003889152;0.00832512;0.020599808;0.012793856;0.007921664;0.009290752;0.008615936;0.004816895999999999;0.0032573439999999997;0.004145152;0.005919743999999999;0.020050944;0.047529984;0.044399616;0.021521408;0.0178944;0.015256576;0.016219136;0.017364992000000003;0.015524864000000001;0.014114815999999999;0.009986048;0.008635392;0.012177407999999999;0.007903232;0.009769983999999999;0.00850432;0.007986176000000001;0.0056872960000000005;0.005108736000000001;0.008179712;0.006106112;0.004376576;0.0028057599999999996;0.003207168;0.002980864;0.002601984;0.002820096;0.00190976;0.00279552;0.002748416;0.002443264;0.0017889280000000002;0.0016732160000000002;0.001560576;0.001333248;0.001373184;0.001462272;0.000898048;0.000543744;0.0007884799999999999;0.0011243520000000001;0.001509376;0.001201152;0.00059904;0.00046592000000000004;0.00033792;0.00034201599999999995;0.000453632;0.000395264;0.00041676800000000003;0.0005877759999999999;0.000454656;0.000485376;0.000251904;0.000315392;0.000411648;0.00044339199999999997;0.000284672;0.00027136;0.0003072;0.000289792;0.00024780799999999997;0.00026112
1789353900,hdr,0.0293;0.03906;0.04883;0.05859;0.06836;0.07813;0.08789;0.09766;0.10742;0.11719;0.12695;0.13672;0.14648;0.15625;0.16602;0.17578;0.18555;0.19531;0.20508;0.21484;0.22461;0.23438;0.24414;0.25391;0.26367;0.27344;0.2832;0.29297;0.30273;0.3125;0.32227;0.33203;0.3418;0.35156;0.36133;0.37109;0.38086;0.39063;0.40039;0.41016;0.41992;0.42969;0.43945;0.44922;0.45898;0.46875;0.47852;0.48828;0.49805;0.50781;0.51758;0.52734;0.53711;0.54688;0.55664;0.56641;0.57617;0.58594;0.5957;0.60547;0.61523;0.625;0.63477;0.64453;0.6543;0.66406;0.67383;0.68359;0.69336;0.70313;0.71289;0.72266;0.73242;0.74219;0.75195;0.76172;0.77148;0.78125;0.79102,0.000442368;0.001318912;0.00084992;0.0004884479999999999;0.0034037760000000003;0.007171072;0.011810816;0.019302399999999997;0.023837696;0.019373055999999996;0.017408;0.01094656;0.006024192;0.005158912;0.00621056;0.008680448;0.025875455999999998;0.058867712;0.046671872;0.040608767999999996;0.023766016;0.025879552;0.012506112;0.018805759999999998;0.014422016;0.013749248;0.01273344;0.009521152;0.007277567999999999;0.005360640000000001;0.0049080320000000005;0.00653824;0.007904256;0.00580608;0.004896768;0.004600831999999999;0.005126144;0.003975168;0.002663424;0.0029593600000000003;0.003035136;0.0034816;0.0019230719999999998;0.00292352;0.0023296;0.001810432;0.0014991359999999999;0.002824192;0.002910208;0.001728512;0.001176576;0.001035264;0.0009359360000000001;0.000782336;0.001153024;0.0015943679999999999;0.0016148479999999999;0.000852992;0.000871424;0.000825344;0.0006225919999999999;0.000668672;0.000789504;0.000525312;0.000544768;0.0008089600000000001;0.000621568;0.00034099200000000003;0.00029798400000000005;0.00041062399999999995;0.000413696;0.00044339199999999997;0.0003072;0.00023961599999999998;0.00023654400000000002;0.000233472;0.000169984;0.000160768;0.000207872
1789354800,hdr,0.0293;0.03906;0.04883;0.05859;0.06836;0.07813;0.08789;0.09766;0.10742;0.11719;0.12695;0.13672;0.14648;0.15625;0.16602;0.17578;0.18555;0.19531;0.20508;0.21484;0.22461;0.23438;0.24414;0.25391;0.26367;0.27344;0.2832;0.29297;0.30273;0.3125;0.32227;0.33203;0.3418;0.35156;0.36133;0.37109;0.38086;0.39063;0.40039;0.41016;0.41992;0.42969;0.43945;0.44922;0.45898;0.46875;0.47852;0.48828;0.49805;0.50781;0.51758;0.52734;0.53711;0.54688;0.55664;0.56641;0.57617;0.58594;0.5957;0.60547;0.61523;0.625;0.63477;0.64453;0.6543;0.66406;0.67383;0.68359;0.69336;0.70313;0.71289;0.72266;0.73242;0.74219;0.75195;0.76172;0.77148;0.78125;0.79102,0.000638976;0.001999872;0.004388863999999999;0.0012625919999999999;0.000980992;0.0029163519999999997;0.01145344;0.018336768;0.018634752;0.024370176;0.0289024;0.015619071999999998;0.005956608;0.002935808;0.0028620800000000004;0.0043827200000000005;0.009922560000000002;0.026109952000000002;0.04930048;0.029990912;0.013318144;0.009171967999999999;0.015506432;0.013542400000000001;0.014070784;0.012417023999999999;0.013681664;0.010315776;0.009579520000000001;0.006665216000000001;0.005960704;0.005906432;0.004286464;0.00390144;0.004317184;0.004453375999999999;0.004369408;0.005211136;0.0018841600000000002;0.0035706880000000002;0.003922944;0.003274752;0.002952192;0.002213888;0.002233344;0.00234496;0.001513472;0.002279424;0.003469312;0.0020029439999999996;0.00136192;0.0013322240000000001;0.0012646399999999998;0.001015808;0.000712704;0.000918528;0.001176576;0.000861184;0.000912384;0.001000448;0.001302528;0.0009543679999999999;0.0006502400000000001;0.00047308800000000003;0.000329728;0.000386048;0.00047308800000000003;0.000566272;0.000457728;0.00036454399999999996;0.000352256;0.00022016;0.00023244799999999998;0.0002816;0.000256;0.00032870400000000003;0.00021401600000000003;0.000183296;0.000178176
1789355700,hdr,0.0293;0.03906;0.04883;0.05859;0.06836;0.07813;0.08789;0.09766;0.10742;0.11719;0.12695;0.13672;0.14648;0.15625;0.16602;0.17578;0.18555;0.19531;0.20508;0.21484;0.22461;0.23438;0.24414;0.25391;0.26367;0.27344;0.2832;0.29297;0.30273;0.3125;0.32227;0.33203;0.3418;0.35156;0.36133;0.37109;0.38086;0.39063;0.40039;0.41016;0.41992;0.42969;0.43945;0.44922;0.45898;0.46875;0.47852;0.48828;0.49805;0.50781;0.51758;0.52734;0.53711;0.54688;0.55664;0.56641;0.57617;0.58594;0.5957;0.60547;0.61523;0.625;0.63477;0.64453;0.6543;0.66406;0.67383;0.68359;0.69336;0.70313;0.71289;0.72266;0.73242;0.74219;0.75195;0.76172;0.77148;0.78125;0.79102,0.000738304;0.002666496;0.002531328;0.001210368;0.002269184;0.004570112;0.009771008;0.027595776000000002;0.027282432000000002;0.024410112;0.016954367999999997;0.01428992;0.010692608000000001;0.008791040000000002;0.0068229119999999996;0.01014784;0.009924607999999998;0.011180032000000001;0.02246144;0.030545919999999997;0.026334207999999998;0.010541055999999998;0.022073343999999998;0.017617920000000002;0.011829247999999999;0.010819584;0.013654016;0.012045312;0.00939008;0.007087104;0.0060016639999999994;0.004870144;0.004430848;0.005624832;0.004590591999999999;0.005312512;0.00504832;0.0038092800000000004;0.0027473920000000004;0.0038062079999999997;0.004230144;0.0041113600000000005;0.00289792;0.00345088;0.003659776;0.002543616;0.002855936;0.0022476799999999997;0.00093696;0.000805888;0.00177152;0.002205696;0.001610752;0.0015452159999999999;0.0017848319999999999;0.0017530879999999999;0.0009768959999999999;0.000646144;0.000631808;0.0011632640000000002;0.001113088;0.0005713920000000001;0.00044646400000000004;0.00047718399999999996;0.000698368;0.0009216000000000001;0.0005867520000000001;0.000525312;0.000744448;0.000485376;0.00042291200000000006;0.0005847039999999999;0.00045568;0.000308224;0.00037376;0.00028774400000000004;0.000176128;0.000218112;0.000244736
1789356600,hdr,0.0293;0.03906;0.04883;0.05859;0.06836;0.07813;0.08789;0.09766;0.10742;0.11719;0.12695;0.13672;0.14648;0.15625;0.16602;0.17578;0.18555;0.19531;0.20508;0.21484;0.22461;0.23438;0.24414;0.25391;0.26367;0.27344;0.2832;0.29297;0.30273;0.3125;0.32227;0.33203;0.3418;0.35156;0.36133;0.37109;0.38086;0.39063;0.40039;0.41016;0.41992;0.42969;0.43945;0.44922;0.45898;0.46875;0.47852;0.48828;0.49805;0.50781;0.51758;0.52734;0.53711;0.54688;0.55664;0.56641;0.57617;0.58594;0.5957;0.60547;0.61523;0.625;0.63477;0.64453;0.6543;0.66406;0.67383;0.68359;0.69336;0.70313;0.71289;0.72266;0.73242;0.74219;0.75195;0.76172;0.77148;0.78125;0.79102,0.002372608;0.003892224;0.005757952;0.005815296;0.005387264;0.0047615999999999995;0.012455935999999999;0.025115648;0.023384064;0.021269504;0.018884608;0.014210048000000001;0.014147584000000001;0.011312128;0.0069396480000000005;0.0073656319999999996;0.009396224;0.024122368;0.056345599999999996;0.036019199999999994;0.014148608;0.016450559999999996;0.013636608;0.012093439999999999;0.01455616;0.013928448;0.012804096;0.011048959999999998;0.008758272;0.007552;0.006345728;0.004084736;0.002280448;0.002515968;0.0031907839999999995;0.003974144;0.0038819839999999998;0.0034867200000000004;0.003917824;0.004025343999999999;0.002909184;0.003434496;0.004027391999999999;0.0034990079999999996;0.0027105280000000002;0.002578432;0.0017561599999999999;0.001734656;0.001476608;0.0011960319999999999;0.001263616;0.0018012159999999998;0.0015493120000000002;0.0013393919999999998;0.000915456;0.0011233280000000003;0.001079296;0.000702464;0.000726016;0.0005713920000000001;0.000636928;0.00042803200000000007;0.00040550399999999994;0.000360448;0.00039423999999999997;0.00045056;0.000458752;0.00035532799999999997;0.000329728;0.00031232;0.00022016;0.00022323200000000002;0.00025497599999999997;0.000380928;0.000345088;0.00017100799999999997;0.00017408000000000001;0.000313344;0.000263168
1789357500,hdr,0.0293;0.03906;0.04883;0.05859;0.06836;0.07813;0.08789;0.09766;0.10742;0.11719;0.12695;0.13672;0.14648;0.15625;0.16602;0.17578;0.18555;0.19531;0.20508;0.21484;0.22461;0.23438;0.24414;0.25391;0.26367;0.27344;0.2832;0.29297;0.30273;0.3125;0.32227;0.33203;0.3418;0.35156;0.36133;0.37109;0.38086;0.39063;0.40039;0.41016;0.41992;0.42969;0.43945;0.44922;0.45898;0.46875;0.47852;0.48828;0.49805;0.50781;0.51758;0.52734;0.53711;0.54688;0.55664;0.56641;0.57617;0.58594;0.5957;0.60547;0.61523;0.625;0.63477;0.64453;0.6543;0.66406;0.67383;0.68359;0.69336;0.70313;0.71289;0.72266;0.73242;0.74219;0.75195;0.76172;0.77148;0.78125;0.79102,0.0012032;0.001385472;0.004429824;0.0033546239999999996;0.0006676480000000001;0.0015892480000000001;0.010535936;0.014919680000000001;0.007578624;0.009602048;0.015901696;0.017681408;0.014381055999999998;0.010010624;0.00715264;0.007272447999999999;0.014287872;0.022643712;0.019438592;0.019833856;0.020321280000000004;0.015224831999999999;0.014171136;0.011413504;0.01108992;0.013387776;0.008588288000000001;0.010328064;0.006679552000000001;0.0034744320000000004;0.00493056;0.005124096;0.003951616;0.004736;0.004210688;0.0031559680000000003;0.002477056;0.00295424;0.00276992;0.002919424;0.004023296;0.002397184;0.001688576;0.00155648;0.0013056;0.0016128;0.001089536;0.0016670720000000001;0.0021964800000000002;0.001885184;0.001574912;0.0010209280000000002;0.0017182719999999999;0.001344512;0.0012083200000000001;0.0008355839999999999;0.000529408;0.000494592;0.0007229440000000001;0.000789504;0.0006840319999999999;0.00048639999999999995;0.0006952960000000001;0.000676864;0.000448512;0.000365568;0.0005744639999999999;0.0006041600000000001;0.00050176;0.00039628799999999996;0.000351232;0.00037068800000000004;0.00028774400000000004;0.000226304;0.000167936;0.000191488;0.00013311999999999997;0.00014335999999999998;0.000173056
1789358400,hdr,0.0293;0.03906;0.04883;0.05859;0.06836;0.07813;0.08789;0.09766;0.10742;0.11719;0.12695;0.13672;0.14648;0.15625;0.16602;0.17578;0.18555;0.19531;0.20508;0.21484;0.22461;0.23438;0.24414;0.25391;0.26367;0.27344;0.2832;0.29297;0.30273;0.3125;0.32227;0.33203;0.3418;0.35156;0.36133;0.37109;0.38086;0.39063;0.40039;0.41016;0.41992;0.42969;0.43945;0.44922;0.45898;0.46875;0.47852;0.48828;0.49805;0.50781;0.51758;0.52734;0.53711;0.54688;0.55664;0.56641;0.57617;0.58594;0.5957;0.60547;0.61523;0.625;0.63477;0.64453;0.6543;0.66406;0.67383;0.68359;0.69336;0.70313;0.71289;0.72266;0.73242;0.74219;0.75195;0.76172;0.77148;0.78125;0.79102,0.00309248;0.0063232;0.007274496;0.001875968;0.004021248;0.0009400319999999999;0.003724288;0.01125376;0.007909376000000001;0.009010176;0.015493119999999999;0.015788032;0.013036544;0.014519296000000001;0.009594879999999998;0.0052592640000000005;0.010497023999999999;0.019830784;0.028178432;0.026118144;0.020620287999999997;0.010681343999999999;0.007494656;0.009162751999999998;0.01117184;0.012539904000000001;0.00836096;0.006176768;0.004914176;0.005076991999999999;0.005569536;0.005861376000000001;0.003934208;0.0035932159999999998;0.0039075839999999995;0.005958656;0.006019072;0.004901888;0.002686976;0.004152319999999999;0.006116352;0.004250624;0.002509824;0.00200704;0.001552384;0.002056192;0.0023265280000000004;0.002030592;0.001429504;0.0011356159999999999;0.0006963200000000001;0.000807936;0.000801792;0.000785408;0.000745472;0.0005601279999999999;0.000531456;0.00048639999999999995;0.000632832;0.00055296;0.00039219200000000003;0.000251904;0.000331776;0.000313344;0.00030105599999999996;0.00029900799999999997;0.000444416;0.00032768;0.000137216;0.000169984;0.00024371200000000001;0.00021913599999999998;0.000161792;0.00021299199999999998;0.00023552000000000002;0.00018227199999999998;0.000196608;0.000116736;0.000161792
1789359300,hdr,0.0293;0.03906;0.04883;0.05859;0.06836;0.07813;0.08789;0.09766;0.10742;0.11719;0.12695;0.13672;0.14648;0.15625;0.16602;0.17578;0.18555;0.19531;0.20508;0.21484;0.22461;0.23438;0.24414;0.25391;0.26367;0.27344;0.2832;0.29297;0.30273;0.3125;0.32227;0.33203;0.3418;0.35156;0.36133;0.37109;0.38086;0.39063;0.40039;0.41016;0.41992;0.42969;0.43945;0.44922;0.45898;0.46875;0.47852;0.48828;0.49805;0.50781;0.51758;0.52734;0.53711;0.54688;0.55664;0.56641;0.57617;0.58594;0.5957;0.60547;0.61523;0.625;0.63477;0.64453;0.6543;0.66406;0.67383;0.68359;0.69336;0.70313;0.71289;0.72266;0.73242;0.74219;0.75195;0.76172;0.77148;0.78125;0.79102,0.002494464;0.004062208;0.004891648;0.003027968;0.004943871999999999;0.003072;0.002994176;0.007527424;0.010592256000000001;0.019557376;0.012018687999999998;0.007677952;0.00656896;0.0076195839999999996;0.008367104;0.009509888000000001;0.011751424000000002;0.016970752000000002;0.026285056;0.017789952;0.020169727999999998;0.017849343999999996;0.016927743999999998;0.010507263999999999;0.006129664;0.007538687999999999;0.006270975999999999;0.005487616;0.008738816;0.007868416;0.006752256;0.004125696;0.002852864;0.004023296;0.003919872;0.005065728;0.0035952639999999995;0.003349504;0.002935808;0.004059136;0.003909632;0.002341888;0.002569216;0.0027729919999999997;0.0031027200000000002;0.002026496;0.00177152;0.001537024;0.0010455039999999998;0.00119808;0.0014458880000000002;0.001138688;0.001073152;0.0012666880000000002;0.0009584639999999999;0.00077312;0.000756736;0.000577536;0.000544768;0.00042803200000000007;0.00047616000000000005;0.0006830079999999999;0.0006696959999999999;0.00051712;0.0005468159999999999;0.000524288;0.000326656;0.00042496;0.000502784;0.00033689599999999994;0.000206848;0.000196608;0.00020480000000000002;0.000175104;0.00014540800000000003;0.00020275199999999997;0.000157696;0.000229376;0.000159744
1789360200,hdr,0.0293;0.03906;0.04883;0.05859;0.06836;0.07813;0.08789;0.09766;0.10742;0.11719;0.12695;0.13672;0.14648;0.15625;0.16602;0.17578;0.18555;0.19531;0.20508;0.21484;0.22461;0.23438;0.24414;0.25391;0.26367;0.27344;0.2832;0.29297;0.30273;0.3125;0.32227;0.33203;0.3418;0.35156;0.36133;0.37109;0.38086;0.39063;0.40039;0.41016;0.41992;0.42969;0.43945;0.44922;0.45898;0.46875;0.47852;0.48828;0.49805;0.50781;0.51758;0.52734;0.53711;0.54688;0.55664;0.56641;0.57617;0.58594;0.5957;0.60547;0.61523;0.625;0.63477;0.64453;0.6543;0.66406;0.67383;0.68359;0.69336;0.70313;0.71289;0.72266;0.73242;0.74219;0.75195;0.76172;0.77148;0.78125;0.79102,0.00027136;0.000217088;0.0006952960000000001;0.000781312;0.000513024;0.001026048;0.006155264;0.016471039999999996;0.007865344;0.015158272;0.013264896;0.018992128;0.015054848;0.014466048;0.011798527999999999;0.008019968;0.007207936;0.015104;0.018922496;0.021127168;0.018239488;0.011517952;0.010910719999999999;0.009825279999999999;0.013389824;0.012418048000000001;0.00751616;0.007313408;0.01069568;0.009288704;0.00615424;0.004950016;0.003273728;0.00319488;0.0035645440000000002;0.0036270079999999997;0.001926144;0.001972224;0.002262016;0.002432;0.002787328;0.00175104;0.0021872639999999995;0.001882112;0.0012195840000000001;0.001862656;0.0018083840000000001;0.002082816;0.001462272;0.0010956800000000001;0.00065536;0.001376256;0.0015616000000000002;0.000799744;0.00040345599999999995;0.0005376000000000001;0.00081408;0.000999424;0.0009441279999999999;0.0006123519999999999;0.000607232;0.00046080000000000003;0.00037478399999999997;0.00042291200000000006;0.000321536;0.0005683200000000001;0.000376832;0.000259072;0.00021299199999999998;0.00019968;0.000259072;0.00019968;0.000259072;0.00027136;0.00020275199999999997;0.000248832;0.000157696;0.00014745600000000002;0.000193536
1789361100,hdr,0.0293;0.03906;0.04883;0.05859;0.06836;0.07813;0.08789;0.09766;0.10742;0.11719;0.12695;0.13672;0.14648;0.15625;0.16602;0.17578;0.18555;0.19531;0.20508;0.21484;0.22461;0.23438;0.24414;0.25391;0.26367;0.27344;0.2832;0.29297;0.30273;0.3125;0.32227;0.33203;0.3418;0.35156;0.36133;0.37109;0.38086;0.39063;0.40039;0.41016;0.41992;0.42969;0.43945;0.44922;0.45898;0.46875;0.47852;0.48828;0.49805;0.50781;0.51758;0.52734;0.53711;0.54688;0.55664;0.56641;0.57617;0.58594;0.5957;0.60547;0.61523;0.625;0.63477;0.64453;0.6543;0.66406;0.67383;0.68359;0.69336;0.70313;0.71289;0.72266;0.73242;0.74219;0.75195;0.76172;0.77148;0.78125;0.79102,0.002349056;0.002868224;0.008279040000000001;0.00808448;0.00462336;0.004717568;0.010653696;0.019139583999999998;0.012002304;0.010234880000000002;0.014664703999999999;0.01699328;0.013719552;0.011531264000000001;0.008699904;0.006873087999999999;0.012438528;0.022619136;0.02577408;0.030806016;0.017313791999999998;0.012439552000000001;0.010471424000000002;0.01116672;0.017362943999999998;0.012465152;0.007779327999999999;0.0058941440000000005;0.005905408;0.005118976;0.004152319999999999;0.005942272;0.003781632;0.006228992;0.004575232;0.0026439680000000004;0.004028416;0.003444736;0.00273408;0.002154496;0.002004992;0.002977792;0.0025077759999999998;0.001537024;0.001371136;0.0010649599999999998;0.00160768;0.001353728;0.0015185919999999998;0.001388544;0.0012646399999999998;0.0009216000000000001;0.0004986880000000001;0.000643072;0.000899072;0.000780288;0.000623616;0.00035942400000000006;0.000391168;0.00044646400000000004;0.00043008000000000006;0.000391168;0.000315392;0.00023961599999999998;0.000398336;0.00035328;0.00024780799999999997;0.00021504000000000003;0.00021504000000000003;0.00027033600000000004;0.00032870400000000003;0.000256;0.00024371200000000001;0.000257024;0.00017715200000000003;0.00015564799999999998;0.0001792;0.00020992;0.000156672
1789362000,hdr,0.0293;0.03906;0.04883;0.05859;0.06836;0.07813;0.08789;0.09766;0.10742;0.11719;0.12695;0.13672;0.14648;0.15625;0.16602;0.17578;0.18555;0.19531;0.20508;0.21484;0.22461;0.23438;0.24414;0.25391;0.26367;0.27344;0.2832;0.29297;0.30273;0.3125;0.32227;0.33203;0.3418;0.35156;0.36133;0.37109;0.38086;0.39063;0.40039;0.41016;0.41992;0.42969;0.43945;0.44922;0.45898;0.46875;0.47852;0.48828;0.49805;0.50781;0.51758;0.52734;0.53711;0.54688;0.55664;0.56641;0.57617;0.58594;0.5957;0.60547;0.61523;0.625;0.63477;0.64453;0.6543;0.66406;0.67383;0.68359;0.69336;0.70313;0.71289;0.72266;0.73242;0.74219;0.75195;0.76172;0.77148;0.78125;0.79102,0.0026112;0.006503424;0.007180288;0.005131264;0.004706304;0.0061757439999999995;0.010745856;0.014865408000000002;0.017746944;0.01479168;0.012772351999999999;0.010869760000000001;0.00656896;0.015936512;0.017710080000000003;0.009158656000000001;0.009230335999999999;0.01588224;0.020000768;0.014780416000000001;0.025710591999999997;0.020102144;0.014835712;0.009377792;0.008793088;0.00817664;0.0122112;0.008936448;0.003376128;0.006078464;0.0057477119999999994;0.004655103999999999;0.006376448000000001;0.006336512;0.005562368000000001;0.0042956800000000005;0.00433152;0.0035440640000000004;0.0031744;0.0030453760000000002;0.003245056;0.0025528319999999997;0.001754112;0.0018196479999999999;0.0015667199999999997;0.001304576;0.001439744;0.0008212479999999999;0.0012646399999999998;0.0012400640000000001;0.001253376;0.00150016;0.0009441279999999999;0.001212416;0.001376256;0.0009021439999999999;0.00091648;0.000551936;0.000548864;0.000703488;0.000782336;0.0006144;0.000454656;0.000318464;0.000621568;0.00043315199999999996;0.0003072;0.000259072;0.000244736;0.00020480000000000002;0.00011264;0.00013311999999999997;0.00019968;0.00024576000000000003;0.00019968;0.00026623999999999994;0.00029593599999999995;0.000267264;0.00022323200000000002
1789362900,hdr,0.0293;0.03906;0.04883;0.05859;0.06836;0.07813;0.08789;0.09766;0.10742;0.11719;0.12695;0.13672;0.14648;0.15625;0.16602;0.17578;0.18555;0.19531;0.20508;0.21484;0.22461;0.23438;0.24414;0.25391;0.26367;0.27344;0.2832;0.29297;0.30273;0.3125;0.32227;0.33203;0.3418;0.35156;0.36133;0.37109;0.38086;0.39063;0.40039;0.41016;0.41992;0.42969;0.43945;0.44922;0.45898;0.46875;0.47852;0.48828;0.49805;0.50781;0.51758;0.52734;0.53711;0.54688;0.55664;0.56641;0.57617;0.58594;0.5957;0.60547;0.61523;0.625;0.63477;0.64453;0.6543;0.66406;0.67383;0.68359;0.69336;0.70313;0.71289;0.72266;0.73242;0.74219;0.75195;0.76172;0.77148;0.78125;0.79102,0.000730112;0.0012728319999999998;0.001009664;0.0013547519999999999;0.002915328;0.003744768;0.0026624;0.010830848;0.009857023999999999;0.004914176;0.009254911999999999;0.010249216;0.006159360000000001;0.006491136000000001;0.009562112000000001;0.00787456;0.007329792000000001;0.014412800000000002;0.024715264000000004;0.026756095999999997;0.021918720000000003;0.019255296;0.01744896;0.011116543999999999;0.009953279999999998;0.0070021120000000004;0.005731328000000001;0.005476352000000001;0.0060907520000000005;0.006474751999999999;0.005121024;0.003642368;0.0043407359999999996;0.004844544;0.003835904;0.004102144;0.0035368960000000003;0.0022015999999999997;0.0022487040000000002;0.002584576;0.0034242560000000005;0.003218432;0.00344576;0.0025456639999999996;0.002295808;0.001681408;0.001683456;0.00165376;0.0015544320000000001;0.0010465279999999997;0.000763904;0.0011735040000000001;0.0010752000000000001;0.0007280640000000001;0.0007086080000000001;0.0006574080000000001;0.0007188480000000001;0.0007249919999999999;0.00045568;0.000449536;0.000366592;0.00046489599999999996;0.00035328;0.00035532799999999997;0.00029491200000000004;0.00026112;0.000210944;0.00020889599999999997;0.00018124799999999998;0.000195584;0.000197632;0.000152576;0.00018534400000000002;0.00015052799999999998;0.00017100799999999997;0.000224256;0.000186368;0.000161792;9.728e-05
1789363800,hdr,0.0293;0.03906;0.04883;0.05859;0.06836;0.07813;0.08789;0.09766;0.10742;0.11719;0.12695;0.13672;0.14648;0.15625;0.16602;0.17578;0.18555;0.19531;0.20508;0.21484;0.22461;0.23438;0.24414;0.25391;0.26367;0.27344;0.2832;0.29297;0.30273;0.3125;0.32227;0.33203;0.3418;0.35156;0.36133;0.37109;0.38086;0.39063;0.40039;0.41016;0.41992;0.42969;0.43945;0.44922;0.45898;0.46875;0.47852;0.48828;0.49805;0.50781;0.51758;0.52734;0.53711;0.54688;0.55664;0.56641;0.57617;0.58594;0.5957;0.60547;0.61523;0.625;0.63477;0.64453;0.6543;0.66406;0.67383;0.68359;0.69336;0.70313;0.71289;0.72266;0.73242;0.74219;0.75195;0.76172;0.77148;0.78125;0.79102,0.0010721279999999999;0.000222208;0.00273408;0.001729536;0.002330624;0.00233984;0.0020981759999999998;0.008039424;0.006525952;0.0050677759999999995;0.00792064;0.012593152;0.014539775999999999;0.012886016;0.009273344;0.0070471679999999995;0.006367232;0.0094464;0.025695232;0.032677888;0.021147648;0.01811968;0.01745408;0.013275136;0.011056127999999998;0.0090624;0.006305792;0.009030656000000001;0.006909952;0.0071884800000000006;0.009007104;0.006334464;0.0042936319999999995;0.004388863999999999;0.003908608;0.0032133120000000003;0.00410624;0.003068928;0.00216576;0.0021370879999999997;0.002008064;0.002374656;0.0016445440000000002;0.001911808;0.0018442240000000002;0.001872896;0.001591296;0.001502208;0.0015872;0.001405952;0.001038336;0.000758784;0.000663552;0.000881664;0.0010608640000000001;0.0007116799999999999;0.0006154239999999999;0.000531456;0.00050688;0.000436224;0.00040243200000000004;0.000357376;0.00029798400000000005;0.000379904;0.000510976;0.000395264;0.00024063999999999997;0.000253952;0.000319488;0.00030924800000000003;0.000263168;0.00029491200000000004;0.00022528;0.000125952;0.000134144;0.000108544;0.00014950399999999998;0.000183296;0.000164864
1789364700,hdr,0.0293;0.03906;0.04883;0.05859;0.06836;0.07813;0.08789;0.09766;0.10742;0.11719;0.12695;0.13672;0.14648;0.15625;0.16602;0.17578;0.18555;0.19531;0.20508;0.21484;0.22461;0.23438;0.24414;0.25391;0.26367;0.27344;0.2832;0.29297;0.30273;0.3125;0.32227;0.33203;0.3418;0.35156;0.36133;0.37109;0.38086;0.39063;0.40039;0.41016;0.41992;0.42969;0.43945;0.44922;0.45898;0.46875;0.47852;0.48828;0.49805;0.50781;0.51758;0.52734;0.53711;0.54688;0.55664;0.56641;0.57617;0.58594;0.5957;0.60547;0.61523;0.625;0.63477;0.64453;0.6543;0.66406;0.67383;0.68359;0.69336;0.70313;0.71289;0.72266;0.73242;0.74219;0.75195;0.76172;0.77148;0.78125;0.79102,0.001839104;0.002378752;0.0005734399999999999;0.000130048;0.001829888;0.0021288960000000003;0.004320256;0.006653952;0.0074455039999999995;0.00703488;0.013833216;0.014349312;0.015367168;0.014216191999999999;0.012447744;0.010077184000000001;0.011016192000000001;0.016848896000000002;0.029254656;0.029529088000000002;0.013858816;0.007489536;0.011337728000000002;0.012832768;0.013542400000000001;0.012311552000000002;0.0058419200000000004;0.0070492160000000005;0.0063395840000000005;0.0048660479999999996;0.005008384;0.003519488;0.0050104319999999996;0.00642048;0.005088256;0.0037918720000000004;0.003546112;0.0030412800000000004;0.003535872;0.00256;0.0027514880000000003;0.002584576;0.002011136;0.001572864;0.001243136;0.0015851519999999998;0.001174528;0.0010086399999999999;0.001053696;0.0013905920000000002;0.0010014719999999998;0.0010608640000000001;0.001043456;0.000786432;0.000863232;0.000712704;0.000499712;0.00080384;0.0006993920000000001;0.000320512;0.00033792;0.000323584;0.00023961599999999998;0.000262144;0.00033484799999999995;0.000151552;0.000152576;0.000253952;0.00011264;0.000161792;0.000151552;0.000110592;0.000137216;0.00018534400000000002;0.000152576;0.000140288;0.00012288000000000002;0.00010240000000000001;7.372800000000001e-05
1789365600,hdr,0.0293;0.03906;0.04883;0.05859;0.06836;0.07813;0.08789;0.09766;0.10742;0.11719;0.12695;0.13672;0.14648;0.15625;0.16602;0.17578;0.18555;0.19531;0.20508;0.21484;0.22461;0.23438;0.24414;0.25391;0.26367;0.27344;0.2832;0.29297;0.30273;0.3125;0.32227;0.33203;0.3418;0.35156;0.36133;0.37109;0.38086;0.39063;0.40039;0.41016;0.41992;0.42969;0.43945;0.44922;0.45898;0.46875;0.47852;0.48828;0.49805;0.50781;0.51758;0.52734;0.53711;0.54688;0.55664;0.56641;0.57617;0.58594;0.5957;0.60547;0.61523;0.625;0.63477;0.64453;0.6543;0.66406;0.67383;0.68359;0.69336;0.70313;0.71289;0.72266;0.73242;0.74219;0.75195;0.76172;0.77148;0.78125;0.79102,0.001343488;0.0022968320000000004;0.003366912;0.002291712;0.0026849280000000005;0.00395264;0.00494592;0.011216896;0.009885696;0.009298944000000002;0.005846016;0.00549888;0.007058432;0.012691456;0.012939263999999999;0.00817664;0.00603136;0.016128;0.045099007999999996;0.046501888;0.037676032;0.026565632000000002;0.01701888;0.008396800000000001;0.010234880000000002;0.009525248;0.006341632;0.005948416;0.005420032;0.006426624000000001;0.005942272;0.006313983999999999;0.00754688;0.007549952;0.007830528;0.003584;0.003345408;0.00381952;0.002477056;0.002161664;0.00283136;0.002156544;0.0025917439999999996;0.0018083840000000001;0.001743872;0.002353152;0.0023336960000000006;0.001404928;0.001468416;0.001696768;0.001681408;0.002127872;0.0016168960000000003;0.001103872;0.000765952;0.00050176;0.000528384;0.00047923199999999995;0.000395264;0.000388096;0.000505856;0.000551936;0.00042496;0.000447488;0.00027136;0.000237568;0.000192512;0.000188416;0.000241664;0.000140288;0.00019456;0.00013824;0.000126976;0.00010649599999999999;0.00012390399999999998;0.000160768;0.000134144;0.000128;0.000105472
1789366500,hdr,0.0293;0.03906;0.04883;0.05859;0.06836;0.07813;0.08789;0.09766;0.10742;0.11719;0.12695;0.13672;0.14648;0.15625;0.16602;0.17578;0.18555;0.19531;0.20508;0.21484;0.22461;0.23438;0.24414;0.25391;0.26367;0.27344;0.2832;0.29297;0.30273;0.3125;0.32227;0.33203;0.3418;0.35156;0.36133;0.37109;0.38086;0.39063;0.40039;0.41016;0.41992;0.42969;0.43945;0.44922;0.45898;0.46875;0.47852;0.48828;0.49805;0.50781;0.51758;0.52734;0.53711;0.54688;0.55664;0.56641;0.57617;0.58594;0.5957;0.60547;0.61523;0.625;0.63477;0.64453;0.6543;0.66406;0.67383;0.68359;0.69336;0.70313;0.71289;0.72266;0.73242;0.74219;0.75195;0.76172;0.77148;0.78125;0.79102,0.004255744;0.005267456;0.003918848;0.00516608;0.006403072;0.0022947840000000002;0.005059584;0.012650496;0.013824;0.005960704;0.005581824000000001;0.009752575999999999;0.011967488;0.006653952;0.0076032;0.011082751999999998;0.013428736;0.016740352000000003;0.03219968;0.045625344;0.040228864;0.028570624;0.027911168;0.025197568;0.017609727999999998;0.011785216000000001;0.007821312;0.007496704000000001;0.007204863999999999;0.006360064;0.005394432;0.004954112;0.005479424;0.0039168;0.002603008;0.004189184;0.0047912960000000004;0.0024545279999999997;0.001468416;0.00290304;0.00370688;0.002506752;0.0015185919999999998;0.0014796800000000001;0.00160256;0.0012247039999999999;0.0016087039999999999;0.0012441599999999998;0.000878592;0.000847872;0.00105472;0.000759808;0.001028096;0.0008304639999999999;0.000826368;0.000415744;0.000524288;0.0005621760000000001;0.0006041600000000001;0.000520192;0.000316416;0.000205824;0.000258048;0.00023040000000000002;0.000228352;0.000321536;0.00034201599999999995;0.000390144;0.0003328;0.00030617599999999996;0.000188416;0.00015462400000000002;0.000131072;0.000165888;0.000132096;0.000105472;0.000103424;0.000156672;0.00015872
1789367400,hdr,0.0293;0.03906;0.04883;0.05859;0.06836;0.07813;0.08789;0.09766;0.10742;0.11719;0.12695;0.13672;0.14648;0.15625;0.16602;0.17578;0.18555;0.19531;0.20508;0.21484;0.22461;0.23438;0.24414;0.25391;0.26367;0.27344;0.2832;0.29297;0.30273;0.3125;0.32227;0.33203;0.3418;0.35156;0.36133;0.37109;0.38086;0.39063;0.40039;0.41016;0.41992;0.42969;0.43945;0.44922;0.45898;0.46875;0.47852;0.48828;0.49805;0.50781;0.51758;0.52734;0.53711;0.54688;0.55664;0.56641;0.57617;0.58594;0.5957;0.60547;0.61523;0.625;0.63477;0.64453;0.6543;0.66406;0.67383;0.68359;0.69336;0.70313;0.71289;0.72266;0.73242;0.74219;0.75195;0.76172;0.77148;0.78125;0.79102,0.00561664;0.004412416;0.006495232;0.003198976;0.006587392000000001;0.012002304;0.007662591999999999;0.012319744;0.009724928;0.009312256;0.0049408;0.004637696;0.007636992;0.010737664000000001;0.010557440000000001;0.008583168000000002;0.006951936;0.012884992;0.022843392;0.043674624;0.050719744;0.035586047999999995;0.023206912;0.018356224;0.015184896;0.012878848;0.008046592;0.0080128;0.007819264;0.006895616;0.006098944;0.005177344;0.003654656;0.004468736;0.004163584;0.003027968;0.003110912;0.0034816;0.003032064;0.002180096;0.0028897280000000003;0.002778112;0.0022814719999999997;0.00256;0.002331648;0.0023572479999999997;0.002542592;0.0014561280000000001;0.001318912;0.0011704320000000001;0.0015206400000000002;0.001210368;0.0009349119999999999;0.00076288;0.0007925759999999999;0.0008192000000000001;0.000642048;0.000503808;0.0005099519999999999;0.0005099519999999999;0.00046592000000000004;0.00033894400000000004;0.00032256;0.000415744;0.000550912;0.00047616000000000005;0.000434176;0.00029286400000000005;0.000308224;0.000244736;0.00020377600000000002;0.0001792;0.00018124799999999998;0.00024780799999999997;0.00029491200000000004;0.000242688;0.00023859199999999998;0.000207872;0.00019865600000000002
1789368300,hdr,0.0293;0.03906;0.04883;0.05859;0.06836;0.07813;0.08789;0.09766;0.10742;0.11719;0.12695;0.13672;0.14648;0.15625;0.16602;0.17578;0.18555;0.19531;0.20508;0.21484;0.22461;0.23438;0.24414;0.25391;0.26367;0.27344;0.2832;0.29297;0.30273;0.3125;0.32227;0.33203;0.3418;0.35156;0.36133;0.37109;0.38086;0.39063;0.40039;0.41016;0.41992;0.42969;0.43945;0.44922;0.45898;0.46875;0.47852;0.48828;0.49805;0.50781;0.51758;0.52734;0.53711;0.54688;0.55664;0.56641;0.57617;0.58594;0.5957;0.60547;0.61523;0.625;0.63477;0.64453;0.6543;0.66406;0.67383;0.68359;0.69336;0.70313;0.71289;0.72266;0.73242;0.74219;0.75195;0.76172;0.77148;0.78125;0.79102,0.007945216;0.010519552;0.012041216;0.005357567999999999;0.00868352;0.012054528;0.011268096;0.013049856;0.007007232;0.006005760000000001;0.01257984;0.012300288000000001;0.007606272;0.006349824;0.008502271999999998;0.006141952;0.006427647999999999;0.008977408000000001;0.018089984;0.027672576;0.05161472;0.058216448;0.037439488;0.018100224;0.011593728000000001;0.008928255999999999;0.007667711999999999;0.008224768;0.008574975999999998;0.007140352;0.005313536;0.004716544;0.00410112;0.004564992;0.0039546880000000005;0.0038379520000000004;0.0021821440000000004;0.002274304;0.002031616;0.0018083840000000001;0.002111488;0.00245248;0.002147328;0.00244736;0.00159744;0.001681408;0.001726464;0.0018964479999999998;0.0015964160000000002;0.001084416;0.0009605120000000001;0.0005632;0.000918528;0.00122368;0.0010127360000000002;0.000736256;0.000666624;0.00044032;0.000447488;0.00033792;0.000282624;0.00031129599999999997;0.00020992;0.00035942400000000006;0.0005703679999999999;0.000324608;0.00040345599999999995;0.000388096;0.000325632;0.00041779199999999995;0.00037785600000000004;0.000351232;0.00032256;0.00031744;0.000376832;0.000616448;0.0006778880000000001;0.000548864;0.0005642239999999999
1789369200,hdr,0.0293;0.03906;0.04883;0.05859;0.06836;0.07813;0.08789;0.09766;0.10742;0.11719;0.12695;0.13672;0.14648;0.15625;0.16602;0.17578;0.18555;0.19531;0.20508;0.21484;0.22461;0.23438;0.24414;0.25391;0.26367;0.27344;0.2832;0.29297;0.30273;0.3125;0.32227;0.33203;0.3418;0.35156;0.36133;0.37109;0.38086;0.39063;0.40039;0.41016;0.41992;0.42969;0.43945;0.44922;0.45898;0.46875;0.47852;0.48828;0.49805;0.50781;0.51758;0.52734;0.53711;0.54688;0.55664;0.56641;0.57617;0.58594;0.5957;0.60547;0.61523;0.625;0.63477;0.64453;0.6543;0.66406;0.67383;0.68359;0.69336;0.70313;0.71289;0.72266;0.73242;0.74219;0.75195;0.76172;0.77148;0.78125;0.79102,0.0070246399999999995;0.007389184;0.007757824000000001;0.008452096;0.008100864;0.008473599999999998;0.010877952000000001;0.015004671999999998;0.008658944;0.0078336;0.010490880000000001;0.0100096;0.010231807999999998;0.013520896000000001;0.010086399999999999;0.010697727999999998;0.009096192000000001;0.009338879999999999;0.020465664;0.035035136;0.03144704;0.027794432;0.027823103999999998;0.024941568;0.015875072;0.008429568;0.010073088;0.009664512;0.00606208;0.011636736;0.006383616;0.005173248;0.005632;0.004975616;0.003186688;0.004178944;0.004373504;0.004379648;0.004598784000000001;0.0029695999999999998;0.0020582400000000002;0.002061312;0.0018360320000000002;0.002374656;0.002395136;0.001242112;0.001496064;0.001498112;0.001467392;0.001792;0.00126976;0.001248256;0.001333248;0.0006737919999999999;0.00068096;0.000996352;0.001234944;0.000654336;0.000442368;0.00047001599999999997;0.00047411199999999995;0.000269312;0.000346112;0.0005304320000000001;0.0005304320000000001;0.000442368;0.00027136;0.000326656;0.00033689599999999994;0.000161792;0.000263168;0.000237568;0.000339968;0.0006021119999999999;0.00046284799999999997;0.000305152;0.000544768;0.0007393279999999999;0.000702464
1789370100,hdr,0.0293;0.03906;0.04883;0.05859;0.06836;0.07813;0.08789;0.09766;0.10742;0.11719;0.12695;0.13672;0.14648;0.15625;0.16602;0.17578;0.18555;0.19531;0.20508;0.21484;0.22461;0.23438;0.24414;0.25391;0.26367;0.27344;0.2832;0.29297;0.30273;0.3125;0.32227;0.33203;0.3418;0.35156;0.36133;0.37109;0.38086;0.39063;0.40039;0.41016;0.41992;0.42969;0.43945;0.44922;0.45898;0.46875;0.47852;0.48828;0.49805;0.50781;0.51758;0.52734;0.53711;0.54688;0.55664;0.56641;0.57617;0.58594;0.5957;0.60547;0.61523;0.625;0.63477;0.64453;0.6543;0.66406;0.67383;0.68359;0.69336;0.70313;0.71289;0.72266;0.73242;0.74219;0.75195;0.76172;0.77148;0.78125;0.79102,0.008534016;0.013618176;0.009245696;0.005833728;0.008148992;0.012413951999999999;0.016116736;0.020346879999999998;0.009596928;0.006792192;0.010439679999999998;0.009579520000000001;0.009151488000000001;0.008964096;0.008565759999999999;0.00869888;0.008409088;0.007729152;0.015266816;0.019522559999999998;0.021764095999999997;0.026346496;0.024346624;0.014244864;0.01256448;0.012061696;0.01256448;0.010391552000000002;0.008912896;0.0064512;0.005879808;0.004220928;0.003442688;0.002619392;0.00197632;0.0029009920000000002;0.002850816;0.002412544;0.0027863040000000003;0.002418688;0.0019394560000000002;0.002284544;0.002123776;0.001475584;0.001769472;0.001727488;0.0016128;0.0010250239999999998;0.0006676480000000001;0.0011233280000000003;0.000919552;0.000671744;0.00075264;0.000723968;0.0007075839999999999;0.000912384;0.00062976;0.00046592000000000004;0.000391168;0.000366592;0.000456704;0.00032256;0.00027033600000000004;0.000244736;0.00028671999999999997;0.00027340799999999994;0.000222208;0.000288768;0.000357376;0.00034099200000000003;0.000324608;0.00035532799999999997;0.000253952;0.00029183999999999997;0.00033382400000000003;0.000244736;0.00032256;0.00047308800000000003;0.000484352
1789371000,hdr,0.0293;0.03906;0.04883;0.05859;0.06836;0.07813;0.08789;0.09766;0.10742;0.11719;0.12695;0.13672;0.14648;0.15625;0.16602;0.17578;0.18555;0.19531;0.20508;0.21484;0.22461;0.23438;0.24414;0.25391;0.26367;0.27344;0.2832;0.29297;0.30273;0.3125;0.32227;0.33203;0.3418;0.35156;0.36133;0.37109;0.38086;0.39063;0.40039;0.41016;0.41992;0.42969;0.43945;0.44922;0.45898;0.46875;0.47852;0.48828;0.49805;0.50781;0.51758;0.52734;0.53711;0.54688;0.55664;0.56641;0.57617;0.58594;0.5957;0.60547;0.61523;0.625;0.63477;0.64453;0.6543;0.66406;0.67383;0.68359;0.69336;0.70313;0.71289;0.72266;0.73242;0.74219;0.75195;0.76172;0.77148;0.78125;0.79102,0.003644416;0.006624256;0.006654976;0.007561216;0.006491136000000001;0.008656895999999999;0.0160256;0.010642431999999999;0.005486591999999999;0.004806656;0.005679103999999999;0.006009856;0.0064665600000000005;0.0070891520000000005;0.006273024;0.005239808;0.0063078399999999995;0.007977984;0.011666432000000001;0.021217279999999998;0.038907904;0.055853056000000005;0.042644480000000005;0.027144191999999998;0.017150976;0.011017216;0.008100864;0.00708096;0.005150719999999999;0.0037427199999999997;0.0038297599999999998;0.0038062079999999997;0.003606528;0.003134464;0.003992576;0.002458624;0.001542144;0.00194048;0.002379776;0.002771968;0.002630656;0.0018432000000000001;0.0012032;0.001831936;0.0016138239999999998;0.001364992;0.0012687360000000001;0.0008867839999999999;0.000840704;0.000726016;0.000590848;0.00065536;0.000633856;0.000382976;0.000452608;0.00050176;0.000305152;0.00027340799999999994;0.00026521600000000003;0.00031744;0.00033792;0.0001792;0.000137216;0.0001792;0.000242688;0.000249856;0.000136192;0.000207872;0.000157696;0.00016384;0.00024063999999999997;0.00047923199999999995;0.0003328;0.000427008;0.00040345599999999995;0.00027033600000000004;0.000339968;0.000543744;0.0009472
1789371900,hdr,0.0293;0.03906;0.04883;0.05859;0.06836;0.07813;0.08789;0.09766;0.10742;0.11719;0.12695;0.13672;0.14648;0.15625;0.16602;0.17578;0.18555;0.19531;0.20508;0.21484;0.22461;0.23438;0.24414;0.25391;0.26367;0.27344;0.2832;0.29297;0.30273;0.3125;0.32227;0.33203;0.3418;0.35156;0.36133;0.37109;0.38086;0.39063;0.40039;0.41016;0.41992;0.42969;0.43945;0.44922;0.45898;0.46875;0.47852;0.48828;0.49805;0.50781;0.51758;0.52734;0.53711;0.54688;0.55664;0.56641;0.57617;0.58594;0.5957;0.60547;0.61523;0.625;0.63477;0.64453;0.6543;0.66406;0.67383;0.68359;0.69336;0.70313;0.71289;0.72266;0.73242;0.74219;0.75195;0.76172;0.77148;0.78125;0.79102,0.009172992;0.019274752;0.010418176000000001;0.007379968;0.00804352;0.011516928;0.014517248;0.01846784;0.008954879999999998;0.005791744;0.0071393279999999995;0.0062853119999999995;0.00551424;0.00818688;0.009565184000000001;0.009273344;0.009362432;0.0058316800000000005;0.0073031680000000005;0.008935423999999999;0.021241856;0.035792896;0.042034176;0.022321152;0.011594752;0.008733695999999999;0.007088128000000001;0.0076318720000000005;0.008138752;0.00699392;0.005423104000000001;0.005021696000000001;0.003228672;0.002890752;0.00398336;0.0028917760000000004;0.00242688;0.0023019520000000003;0.001931264;0.0016691199999999998;0.001542144;0.001229824;0.000641024;0.000763904;0.0011786239999999999;0.0008704;0.000646144;0.000652288;0.000782336;0.00061952;0.00044339199999999997;0.0005754880000000001;0.000534528;0.000463872;0.000241664;0.00029593599999999995;0.00040448000000000003;0.000382976;0.00030003200000000004;0.000502784;0.000489472;0.00042291200000000006;0.000605184;0.0005959680000000001;0.0005847039999999999;0.001138688;0.001632256;0.0013035520000000001;0.002156544;0.0022353919999999997;0.0019968;0.0020490240000000004;0.00195072;0.004524032;0.004267008;0.0021985280000000004;0.002699264;0.003080192;0.002064384
1789372800,hdr,0.0293;0.03906;0.04883;0.05859;0.06836;0.07813;0.08789;0.09766;0.10742;0.11719;0.12695;0.13672;0.14648;0.15625;0.16602;0.17578;0.18555;0.19531;0.20508;0.21484;0.22461;0.23438;0.24414;0.25391;0.26367;0.27344;0.2832;0.29297;0.30273;0.3125;0.32227;0.33203;0.3418;0.35156;0.36133;0.37109;0.38086;0.39063;0.40039;0.41016;0.41992;0.42969;0.43945;0.44922;0.45898;0.46875;0.47852;0.48828;0.49805;0.50781;0.51758;0.52734;0.53711;0.54688;0.55664;0.56641;0.57617;0.58594;0.5957;0.60547;0.61523;0.625;0.63477;0.64453;0.6543;0.66406;0.67383;0.68359;0.69336;0.70313;0.71289;0.72266;0.73242;0.74219;0.75195;0.76172;0.77148;0.78125;0.79102,0.007222272;0.010487808;0.006629375999999999;0.004370432;0.003940352;0.003371008;0.006409216;0.012469247999999999;0.007404544;0.00854528;0.005947392;0.0037191679999999997;0.005269504000000001;0.00677888;0.008744960000000001;0.010353664;0.008732672;0.008704;0.013172736;0.016246784;0.026816511999999997;0.057643008;0.048037888;0.019255296;0.016628736;0.014916608;0.013003776;0.007683072;0.0067604480000000005;0.005325824;0.004277248000000001;0.0038338559999999996;0.002310144;0.002080768;0.0018196479999999999;0.001759232;0.0016097280000000002;0.0011264;0.0009041920000000001;0.00139776;0.001729536;0.0014346239999999998;0.000968704;0.000753664;0.000764928;0.00048639999999999995;0.0005713920000000001;0.0006184960000000001;0.000484352;0.00041984;0.000536576;0.000524288;0.00028774400000000004;0.000260096;0.00020992;0.000283648;0.00029491200000000004;0.000318464;0.000205824;0.000207872;0.0005959680000000001;0.000731136;0.00048742400000000003;0.0006184960000000001;0.00059392;0.000692224;0.001082368;0.0012523519999999998;0.00110592;0.00280064;0.003350528;0.0046469120000000004;0.003039232;0.0026286079999999997;0.0034263040000000002;0.0041963519999999995;0.0035778560000000004;0.0034334720000000003;0.003598336
1789373700,hdr,0.0293;0.03906;0.04883;0.05859;0.06836;0.07813;0.08789;0.09766;0.10742;0.11719;0.12695;0.13672;0.14648;0.15625;0.16602;0.17578;0.18555;0.19531;0.20508;0.21484;0.22461;0.23438;0.24414;0.25391;0.26367;0.27344;0.2832;0.29297;0.30273;0.3125;0.32227;0.33203;0.3418;0.35156;0.36133;0.37109;0.38086;0.39063;0.40039;0.41016;0.41992;0.42969;0.43945;0.44922;0.45898;0.46875;0.47852;0.48828;0.49805;0.50781;0.51758;0.52734;0.53711;0.54688;0.55664;0.56641;0.57617;0.58594;0.5957;0.60547;0.61523;0.625;0.63477;0.64453;0.6543;0.66406;0.67383;0.68359;0.69336;0.70313;0.71289;0.72266;0.73242;0.74219;0.75195;0.76172;0.77148;0.78125;0.79102,0.0029593600000000003;0.005235712000000001;0.0029470720000000002;0.0054528;0.005393408000000001;0.00896512;0.013202432;0.016074752;0.009100288;0.0063150079999999996;0.0053063680000000005;0.004745216;0.00588288;0.007459840000000001;0.008818688;0.006087679999999999;0.006839296;0.008083456;0.007119872;0.009346048;0.017449984;0.017654784;0.03305676799999999;0.021071872;0.015560704;0.015811584;0.008635392;0.008971264;0.007534592;0.00384512;0.00425472;0.004605952;0.003309568;0.0022026240000000002;0.001552384;0.0023357440000000003;0.001716224;0.001195008;0.001867776;0.0014827520000000002;0.000871424;0.00098816;0.0011212799999999999;0.001371136;0.0010516479999999999;0.0009318400000000001;0.000719872;0.00040960000000000004;0.000436224;0.00043827199999999997;0.000372736;0.00025088;0.000350208;0.000458752;0.00020275199999999997;0.000126976;0.000160768;0.000167936;0.000178176;0.00022016;0.000216064;0.000151552;0.000197632;0.00016896;0.000152576;0.00020480000000000002;0.000200704;0.00036966399999999996;0.000427008;0.000329728;0.000516096;0.00077824;0.000857088;0.0009287680000000001;0.000864256;0.000878592;0.00128;0.001721344;0.0016097280000000002
1789374600,hdr,0.0293;0.03906;0.04883;0.05859;0.06836;0.07813;0.08789;0.09766;0.10742;0.11719;0.12695;0.13672;0.14648;0.15625;0.16602;0.17578;0.18555;0.19531;0.20508;0.21484;0.22461;0.23438;0.24414;0.25391;0.26367;0.27344;0.2832;0.29297;0.30273;0.3125;0.32227;0.33203;0.3418;0.35156;0.36133;0.37109;0.38086;0.39063;0.40039;0.41016;0.41992;0.42969;0.43945;0.44922;0.45898;0.46875;0.47852;0.48828;0.49805;0.50781;0.51758;0.52734;0.53711;0.54688;0.55664;0.56641;0.57617;0.58594;0.5957;0.60547;0.61523;0.625;0.63477;0.64453;0.6543;0.66406;0.67383;0.68359;0.69336;0.70313;0.71289;0.72266;0.73242;0.74219;0.75195;0.76172;0.77148;0.78125;0.79102,0.004840448000000001;0.009039872000000001;0.007618560000000001;0.003649536;0.0042434560000000005;0.003877888;0.005864448;0.011295743999999998;0.009588736;0.006352896;0.004377600000000001;0.0046848;0.006577152;0.00673792;0.006126591999999999;0.006091776000000001;0.00473088;0.007010304;0.007221248;0.015832064;0.025475072;0.019906559999999997;0.020474879999999997;0.015077375999999998;0.013467648;0.011921408;0.01307648;0.00946176;0.008459264;0.004890624;0.003965952;0.002893824;0.001882112;0.002468864;0.002241536;0.0020490240000000004;0.0012154879999999998;0.001147904;0.001343488;0.001250304;0.0007168;0.000881664;0.000789504;0.0008048640000000001;0.00087552;0.000666624;0.000531456;0.000717824;0.0006225919999999999;0.000528384;0.000379904;0.000375808;0.00030617599999999996;0.000282624;0.00026112;0.000264192;0.000257024;0.000186368;0.000136192;0.00014848;0.000165888;0.000152576;0.000139264;0.00018432000000000002;0.00018944;0.00013311999999999997;0.000144384;0.00022016;0.00030412799999999997;0.000305152;0.000234496;0.00019968;0.000308224;0.000520192;0.0005754880000000001;0.000483328;0.00037068800000000004;0.000828416;0.000941056
1789375500,hdr,0.0293;0.03906;0.04883;0.05859;0.06836;0.07813;0.08789;0.09766;0.10742;0.11719;0.12695;0.13672;0.14648;0.15625;0.16602;0.17578;0.18555;0.19531;0.20508;0.21484;0.22461;0.23438;0.24414;0.25391;0.26367;0.27344;0.2832;0.29297;0.30273;0.3125;0.32227;0.33203;0.3418;0.35156;0.36133;0.37109;0.38086;0.39063;0.40039;0.41016;0.41992;0.42969;0.43945;0.44922;0.45898;0.46875;0.47852;0.48828;0.49805;0.50781;0.51758;0.52734;0.53711;0.54688;0.55664;0.56641;0.57617;0.58594;0.5957;0.60547;0.61523;0.625;0.63477;0.64453;0.6543;0.66406;0.67383;0.68359;0.69336;0.70313;0.71289;0.72266;0.73242;0.74219;0.75195;0.76172;0.77148;0.78125;0.79102,0.003122176;0.009715712;0.007325696;0.004709376;0.006617088;0.006137856;0.007629824;0.010254336000000001;0.005300224;0.004639744;0.003212288;0.0019455999999999998;0.002527232;0.004345856;0.004926464;0.004888576;0.008635392;0.009231360000000001;0.012132351999999999;0.020670464;0.02613248;0.028545024000000002;0.01634816;0.011966464;0.011133952;0.013309952;0.012606464;0.011444224;0.007755776;0.005203968;0.0035522559999999997;0.0024145919999999997;0.0021862400000000003;0.002269184;0.0018278399999999998;0.002531328;0.001436672;0.000985088;0.001296384;0.001957888;0.001409024;0.000858112;0.000616448;0.00033894400000000004;0.000412672;0.00063488;0.000521216;0.00040550399999999994;0.000385024;0.00043827199999999997;0.00029491200000000004;0.000318464;0.00033689599999999994;0.000257024;0.00029491200000000004;0.000264192;0.000226304;0.00023040000000000002;0.000180224;0.00023552000000000002;0.000357376;0.000366592;0.00035942400000000006;0.000349184;0.00034816000000000003;0.000458752;0.0006932479999999999;0.0005099519999999999;0.000922624;0.002019328;0.001924096;0.002052096;0.001659904;0.0023357440000000003;0.00387072;0.0040345599999999995;0.003894272;0.003667968;0.002888704
1789376400,hdr,0.0293;0.03906;0.04883;0.05859;0.06836;0.07813;0.08789;0.09766;0.10742;0.11719;0.12695;0.13672;0.14648;0.15625;0.16602;0.17578;0.18555;0.19531;0.20508;0.21484;0.22461;0.23438;0.24414;0.25391;0.26367;0.27344;0.2832;0.29297;0.30273;0.3125;0.32227;0.33203;0.3418;0.35156;0.36133;0.37109;0.38086;0.39063;0.40039;0.41016;0.41992;0.42969;0.43945;0.44922;0.45898;0.46875;0.47852;0.48828;0.49805;0.50781;0.51758;0.52734;0.53711;0.54688;0.55664;0.56641;0.57617;0.58594;0.5957;0.60547;0.61523;0.625;0.63477;0.64453;0.6543;0.66406;0.67383;0.68359;0.69336;0.70313;0.71289;0.72266;0.73242;0.74219;0.75195;0.76172;0.77148;0.78125;0.79102,0.0028047360000000004;0.001462272;0.002045952;0.00292352;0.0032890880000000003;0.00357376;0.004233216;0.012203008;0.013027328000000001;0.00562176;0.0043980799999999995;0.0051148800000000005;0.0041164800000000005;0.003908608;0.004171776000000001;0.006341632;0.006782976;0.008561664;0.012016640000000002;0.020929536;0.013032448;0.012984319999999999;0.028924928;0.018318336;0.011554816;0.007392256;0.005238784;0.00384512;0.005193728;0.004321279999999999;0.0042885119999999995;0.0031774719999999998;0.002770944;0.0023889920000000004;0.001446912;0.001440768;0.0017459199999999998;0.0019210240000000001;0.0016936960000000002;0.000932864;0.0009041920000000001;0.000795648;0.00068096;0.000754688;0.000559104;0.00040550399999999994;0.00047820800000000004;0.000514048;0.00041062399999999995;0.000274432;0.000241664;0.000345088;0.000252928;0.00018227199999999998;0.00019968;0.000226304;0.00020377600000000002;0.000205824;0.00016384;0.000183296;0.000229376;0.00019865600000000002;0.000142336;0.000151552;0.00014643200000000002;0.00023040000000000002;0.000382976;0.000492544;0.000205824;0.000529408;0.000668672;0.000519168;0.000765952;0.000632832;0.0009472;0.000812032;0.001538048;0.0014704639999999999;0.001195008
1789377300,hdr,0.0293;0.03906;0.04883;0.05859;0.06836;0.07813;0.08789;0.09766;0.10742;0.11719;0.12695;0.13672;0.14648;0.15625;0.16602;0.17578;0.18555;0.19531;0.20508;0.21484;0.22461;0.23438;0.24414;0.25391;0.26367;0.27344;0.2832;0.29297;0.30273;0.3125;0.32227;0.33203;0.3418;0.35156;0.36133;0.37109;0.38086;0.39063;0.40039;0.41016;0.41992;0.42969;0.43945;0.44922;0.45898;0.46875;0.47852;0.48828;0.49805;0.50781;0.51758;0.52734;0.53711;0.54688;0.55664;0.56641;0.57617;0.58594;0.5957;0.60547;0.61523;0.625;0.63477;0.64453;0.6543;0.66406;0.67383;0.68359;0.69336;0.70313;0.71289;0.72266;0.73242;0.74219;0.75195;0.76172;0.77148;0.78125;0.79102,0.003484672;0.006272;0.0027351040000000004;0.002904064;0.0048732160000000005;0.006244352;0.009895936000000001;0.013872128000000001;0.007716864;0.00418304;0.004041728;0.004006912;0.003218432;0.003656704;0.004154367999999999;0.002980864;0.005018624;0.005141504;0.009786368;0.017633279999999998;0.019536895999999998;0.021675008;0.025560064;0.016506879999999998;0.011760640000000001;0.008993791999999999;0.008727552;0.00549376;0.0034037760000000003;0.003603456;0.003736576;0.0028999679999999997;0.0020029439999999996;0.00249856;0.0027279360000000002;0.0012625919999999999;0.001061888;0.001004544;0.0012308479999999999;0.001358848;0.000672768;0.00076288;0.0008048640000000001;0.000688128;0.000738304;0.0007290879999999999;0.000408576;0.00029696;0.000188416;0.00021401600000000003;0.000308224;0.00024780799999999997;0.00026521600000000003;0.000159744;0.00020377600000000002;0.000156672;0.00010752000000000001;0.000103424;0.000130048;0.000142336;0.000126976;0.000114688;0.000137216;0.00016384;8.2944e-05;0.000113664;0.000159744;0.000134144;0.000105472;0.000116736;0.00011980799999999999;0.000124928;0.00010956799999999999;0.00013311999999999997;0.00018227199999999998;0.000178176;0.00015052799999999998;9.113599999999999e-05;0.000161792
1789378200,hdr,0.0293;0.03906;0.04883;0.05859;0.06836;0.07813;0.08789;0.09766;0.10742;0.11719;0.12695;0.13672;0.14648;0.15625;0.16602;0.17578;0.18555;0.19531;0.20508;0.21484;0.22461;0.23438;0.24414;0.25391;0.26367;0.27344;0.2832;0.29297;0.30273;0.3125;0.32227;0.33203;0.3418;0.35156;0.36133;0.37109;0.38086;0.39063;0.40039;0.41016;0.41992;0.42969;0.43945;0.44922;0.45898;0.46875;0.47852;0.48828;0.49805;0.50781;0.51758;0.52734;0.53711;0.54688;0.55664;0.56641;0.57617;0.58594;0.5957;0.60547;0.61523;0.625;0.63477;0.64453;0.6543;0.66406;0.67383;0.68359;0.69336;0.70313;0.71289;0.72266;0.73242;0.74219;0.75195;0.76172;0.77148;0.78125;0.79102,0.004174848;0.005879808;0.0057088;0.003584;0.004752384;0.007615488;0.008086527999999999;0.012775423999999999;0.009496576;0.004269055999999999;0.003417088;0.001814528;0.0020582400000000002;0.004759552;0.006967296;0.00800256;0.00584704;0.008646656;0.0120576;0.011986944;0.015280127999999999;0.015835136;0.014051328;0.012790784;0.009808896000000001;0.011621376000000001;0.010262528;0.004977664;0.004072447999999999;0.002174976;0.003278848;0.0033024;0.00334848;0.003183616;0.00131072;0.000813056;0.0010813440000000001;0.000939008;0.000659456;0.000652288;0.000569344;0.000801792;0.0006144;0.000502784;0.000620544;0.0006656;0.00043110399999999997;0.000344064;0.000381952;0.000264192;0.000207872;0.00016384;0.000210944;0.000167936;0.000142336;0.00020172799999999998;0.00017100799999999997;0.000126976;0.000128;0.00017715200000000003;0.00018944;0.00018124799999999998;9.932800000000001e-05;5.9392e-05;8.4992e-05;0.00012185600000000001;0.00015564799999999998;0.000136192;7.372800000000001e-05;8.192e-05;0.00011264;0.00010752000000000001;0.000125952;0.00013824;0.00014335999999999998;0.00012390399999999998;0.00016384;0.000160768;0.00014335999999999998
1789379100,hdr,0.0293;0.03906;0.04883;0.05859;0.06836;0.07813;0.08789;0.09766;0.10742;0.11719;0.12695;0.13672;0.14648;0.15625;0.16602;0.17578;0.18555;0.19531;0.20508;0.21484;0.22461;0.23438;0.24414;0.25391;0.26367;0.27344;0.2832;0.29297;0.30273;0.3125;0.32227;0.33203;0.3418;0.35156;0.36133;0.37109;0.38086;0.39063;0.40039;0.41016;0.41992;0.42969;0.43945;0.44922;0.45898;0.46875;0.47852;0.48828;0.49805;0.50781;0.51758;0.52734;0.53711;0.54688;0.55664;0.56641;0.57617;0.58594;0.5957;0.60547;0.61523;0.625;0.63477;0.64453;0.6543;0.66406;0.67383;0.68359;0.69336;0.70313;0.71289;0.72266;0.73242;0.74219;0.75195;0.76172;0.77148;0.78125;0.79102,0.00076288;0.0005416959999999999;0.002260992;0.001728512;0.000423936;0.0034867200000000004;0.006358016;0.013131776;0.013476864000000002;0.006289408;0.00410624;0.003069952;0.002811904;0.002817024;0.0023203839999999996;0.0032471040000000002;0.003852288;0.004353024;0.008051712;0.008518656000000001;0.016861184;0.020521984;0.015297535999999999;0.01412608;0.007123968;0.0067553280000000005;0.006573056000000001;0.004304896000000001;0.004133888;0.003567616;0.002477056;0.003581952;0.003687424;0.00185856;0.001803264;0.001384448;0.000915456;0.001293312;0.001329152;0.000807936;0.0006154239999999999;0.0006041600000000001;0.000439296;0.00033792;0.000514048;0.000638976;0.000423936;0.00024780799999999997;0.00033382400000000003;0.000316416;0.00017408000000000001;0.000140288;0.00014848;0.00011161600000000001;0.00017100799999999997;0.000329728;0.00029696;0.000216064;0.00023244799999999998;0.000175104;0.00015564799999999998;0.00014335999999999998;0.000125952;0.00010240000000000001;0.000125952;0.00015462400000000002;0.00022016;0.000164864;0.000246784;0.00018944;0.00030003200000000004;0.000237568;0.00021299199999999998;0.000434176;0.0006737919999999999;0.000692224;0.000442368;0.000447488;0.001145856
1789380000,hdr,0.0293;0.03906;0.04883;0.05859;0.06836;0.07813;0.08789;0.09766;0.10742;0.11719;0.12695;0.13672;0.14648;0.15625;0.16602;0.17578;0.18555;0.19531;0.20508;0.21484;0.22461;0.23438;0.24414;0.25391;0.26367;0.27344;0.2832;0.29297;0.30273;0.3125;0.32227;0.33203;0.3418;0.35156;0.36133;0.37109;0.38086;0.39063;0.40039;0.41016;0.41992;0.42969;0.43945;0.44922;0.45898;0.46875;0.47852;0.48828;0.49805;0.50781;0.51758;0.52734;0.53711;0.54688;0.55664;0.56641;0.57617;0.58594;0.5957;0.60547;0.61523;0.625;0.63477;0.64453;0.6543;0.66406;0.67383;0.68359;0.69336;0.70313;0.71289;0.72266;0.73242;0.74219;0.75195;0.76172;0.77148;0.78125;0.79102,0.008671232;0.013232128;0.010153983999999998;0.006983679999999999;0.00712704;0.0037150720000000003;0.005901312;0.01782784;0.018034687999999997;0.004907008;0.0034263040000000002;0.0027105280000000002;0.002159616;0.002572288;0.0027965439999999998;0.00330752;0.0043980799999999995;0.009354240000000002;0.013716480000000001;0.011841536;0.015506432;0.014650368;0.016048128;0.013500416;0.00758272;0.005541888;0.007742464;0.005141504;0.003412992;0.00305664;0.003975168;0.003214336;0.001846272;0.0014991359999999999;0.0013148160000000001;0.001533952;0.001864704;0.0019886079999999998;0.0014151679999999999;0.00068096;0.00033484799999999995;0.000758784;0.0007188480000000001;0.000544768;0.0007086080000000001;0.00090624;0.000499712;0.000280576;0.000352256;0.00030412799999999997;0.000379904;0.000387072;0.00034099200000000003;0.00028569600000000005;0.000260096;0.00028671999999999997;0.00018944;0.000131072;0.000165888;0.000206848;0.00014848;0.00010752000000000001;0.000151552;0.00015564799999999998;0.000200704;0.000169984;0.000259072;0.00020889599999999997;0.000134144;0.000186368;0.000164864;0.000160768;0.00023654400000000002;0.00030617599999999996;0.00048127999999999995;0.00036761599999999997;0.000412672;0.0007106559999999999;0.000694272
1789380900,hdr,0.0293;0.03906;0.04883;0.05859;0.06836;0.07813;0.08789;0.09766;0.10742;0.11719;0.12695;0.13672;0.14648;0.15625;0.16602;0.17578;0.18555;0.19531;0.20508;0.21484;0.22461;0.23438;0.24414;0.25391;0.26367;0.27344;0.2832;0.29297;0.30273;0.3125;0.32227;0.33203;0.3418;0.35156;0.36133;0.37109;0.38086;0.39063;0.40039;0.41016;0.41992;0.42969;0.43945;0.44922;0.45898;0.46875;0.47852;0.48828;0.49805;0.50781;0.51758;0.52734;0.53711;0.54688;0.55664;0.56641;0.57617;0.58594;0.5957;0.60547;0.61523;0.625;0.63477;0.64453;0.6543;0.66406;0.67383;0.68359;0.69336;0.70313;0.71289;0.72266;0.73242;0.74219;0.75195;0.76172;0.77148;0.78125;0.79102,0.003979264;0.005151744;0.003831808;0.002794496;0.00338944;0.0021862400000000003;0.001800192;0.010318848;0.01352192;0.00787456;0.002547712;0.001867776;0.001599488;0.002866176;0.004335616;0.004074496;0.0048783360000000005;0.0057098240000000005;0.008146944;0.01188352;0.022110208;0.025545728;0.01363968;0.009938944;0.004498432;0.00606208;0.0051650559999999995;0.0041267199999999995;0.002996224;0.003533824;0.001811456;0.0019189760000000002;0.002546688;0.002386944;0.002101248;0.0009830400000000001;0.0015667199999999997;0.001435648;0.000918528;0.000782336;0.0005304320000000001;0.00046796800000000003;0.0004884479999999999;0.000518144;0.00029900799999999997;0.000237568;0.00031129599999999997;0.000331776;0.00044339199999999997;0.00040448000000000003;0.00030412799999999997;0.00023040000000000002;0.00020172799999999998;0.00018944;0.00018124799999999998;0.00017100799999999997;0.000151552;0.00014745600000000002;0.000175104;0.00014540800000000003;9.8304e-05;0.00010240000000000001;0.000114688;0.000173056;0.00014745600000000002;0.000124928;7.68e-05;7.475199999999999e-05;7.9872e-05;0.00011571199999999999;9.932800000000001e-05;0.00011980799999999999;0.000152576;0.000173056;0.00020377600000000002;0.00029491200000000004;0.0002816;0.00030924800000000003;0.000278528
1789381800,hdr,0.0293;0.03906;0.04883;0.05859;0.06836;0.07813;0.08789;0.09766;0.10742;0.11719;0.12695;0.13672;0.14648;0.15625;0.16602;0.17578;0.18555;0.19531;0.20508;0.21484;0.22461;0.23438;0.24414;0.25391;0.26367;0.27344;0.2832;0.29297;0.30273;0.3125;0.32227;0.33203;0.3418;0.35156;0.36133;0.37109;0.38086;0.39063;0.40039;0.41016;0.41992;0.42969;0.43945;0.44922;0.45898;0.46875;0.47852;0.48828;0.49805;0.50781;0.51758;0.52734;0.53711;0.54688;0.55664;0.56641;0.57617;0.58594;0.5957;0.60547;0.61523;0.625;0.63477;0.64453;0.6543;0.66406;0.67383;0.68359;0.69336;0.70313;0.71289;0.72266;0.73242;0.74219;0.75195;0.76172;0.77148;0.78125;0.79102,0.004656128;0.007693312;0.00695296;0.003857408;0.0026449919999999997;0.001225728;0.0023234560000000002;0.006458368000000001;0.010182655999999998;0.006757376;0.003919872;0.002870272;0.0016066560000000001;0.002183168;0.003685376;0.004110336;0.004197376;0.008966144;0.014777344;0.013931520000000001;0.025598976;0.019555327999999997;0.016615424;0.015425536;0.012533759999999998;0.005175296;0.006931456;0.005814272;0.004501504;0.004386816;0.0034334720000000003;0.0019824639999999998;0.002051072;0.0021329920000000002;0.0012052480000000001;0.0008366080000000001;0.00097792;0.001079296;0.001137664;0.00100352;0.000816128;0.000544768;0.000630784;0.000544768;0.000310272;0.00035430400000000006;0.00043315199999999996;0.00033484799999999995;0.00026623999999999994;0.00023142399999999999;0.00023552000000000002;0.000234496;0.000308224;0.000188416;0.000125952;9.3184e-05;0.00010444799999999999;0.00011980799999999999;0.000141312;0.00011571199999999999;0.00013311999999999997;0.00013824;0.000132096;0.000164864;0.00018432000000000002;0.00010240000000000001;9.0112e-05;8.4992e-05;7.475199999999999e-05;8.192e-05;8.704000000000001e-05;8.6016e-05;6.0416e-05;0.000103424;0.00013516800000000002;0.000110592;0.00010240000000000001;0.00011571199999999999;0.000140288
1789382700,hdr,0.0293;0.03906;0.04883;0.05859;0.06836;0.07813;0.08789;0.09766;0.10742;0.11719;0.12695;0.13672;0.14648;0.15625;0.16602;0.17578;0.18555;0.19531;0.20508;0.21484;0.22461;0.23438;0.24414;0.25391;0.26367;0.27344;0.2832;0.29297;0.30273;0.3125;0.32227;0.33203;0.3418;0.35156;0.36133;0.37109;0.38086;0.39063;0.40039;0.41016;0.41992;0.42969;0.43945;0.44922;0.45898;0.46875;0.47852;0.48828;0.49805;0.50781;0.51758;0.52734;0.53711;0.54688;0.55664;0.56641;0.57617;0.58594;0.5957;0.60547;0.61523;0.625;0.63477;0.64453;0.6543;0.66406;0.67383;0.68359;0.69336;0.70313;0.71289;0.72266;0.73242;0.74219;0.75195;0.76172;0.77148;0.78125;0.79102,0.000858112;0.0025978880000000005;0.0031784960000000003;0.004564992;0.005317631999999999;0.002587648;0.003546112;0.011368448;0.0147712;0.0058869759999999995;0.002265088;0.001837056;0.001999872;0.001410048;0.002558976;0.0033208319999999997;0.006240256;0.009152512;0.011712512000000001;0.024229887999999998;0.020726783999999998;0.024440832000000003;0.025588736;0.013261824;0.008733695999999999;0.007754751999999999;0.005755904;0.004993024;0.003141632;0.002020352;0.00183296;0.002286592;0.001475584;0.000825344;0.0006973439999999999;0.000765952;0.000823296;0.00092672;0.00091136;0.000715776;0.00047001599999999997;0.000257024;0.00029900799999999997;0.000412672;0.00043724800000000005;0.000518144;0.00039936;0.00025088;0.000284672;0.00037785600000000004;0.00028569600000000005;0.000165888;0.00011776000000000001;0.000161792;0.000152576;8.9088e-05;0.000130048;0.000134144;0.00015052799999999998;0.000134144;0.000129024;9.0112e-05;0.000105472;0.000105472;0.000108544;0.000151552;9.6256e-05;5.3247999999999996e-05;8.6016e-05;8.704000000000001e-05;7.8848e-05;9.728e-05;9.216000000000001e-05;9.216000000000001e-05;8.9088e-05;0.000116736;0.000108544;0.000137216;0.000173056
1789383600,hdr,0.0293;0.03906;0.04883;0.05859;0.06836;0.07813;0.08789;0.09766;0.10742;0.11719;0.12695;0.13672;0.14648;0.15625;0.16602;0.17578;0.18555;0.19531;0.20508;0.21484;0.22461;0.23438;0.24414;0.25391;0.26367;0.27344;0.2832;0.29297;0.30273;0.3125;0.32227;0.33203;0.3418;0.35156;0.36133;0.37109;0.38086;0.39063;0.40039;0.41016;0.41992;0.42969;0.43945;0.44922;0.45898;0.46875;0.47852;0.48828;0.49805;0.50781;0.51758;0.52734;0.53711;0.54688;0.55664;0.56641;0.57617;0.58594;0.5957;0.60547;0.61523;0.625;0.63477;0.64453;0.6543;0.66406;0.67383;0.68359;0.69336;0.70313;0.71289;0.72266;0.73242;0.74219;0.75195;0.76172;0.77148;0.78125;0.79102,0.001716224;0.003781632;0.003567616;0.0034181119999999996;0.00500224;0.005157888;0.006704127999999999;0.009348096;0.016428032000000002;0.008399872;0.0023592960000000003;0.002423808;0.003592192;0.002468864;0.002617344;0.002067456;0.0025989119999999997;0.00265728;0.008456192;0.02304;0.021829632;0.018850816;0.017659904;0.013413376;0.014973952;0.010884096;0.007931904;0.0068126720000000005;0.003228672;0.003216384;0.003291136;0.002578432;0.001395712;0.0017889280000000002;0.00210944;0.001818624;0.001107968;0.000800768;0.0005980159999999999;0.0008304639999999999;0.00062976;0.000418816;0.0004986880000000001;0.00044544;0.000375808;0.00033382400000000003;0.000385024;0.00025497599999999997;0.000186368;0.0003072;0.000315392;0.00018944;0.000126976;0.000237568;0.000197632;0.00014335999999999998;9.728e-05;0.000105472;9.3184e-05;0.00010444799999999999;0.00010240000000000001;0.00011776000000000001;0.000142336;0.000131072;9.728e-05;0.00010752000000000001;0.00013824;0.00011264;0.000108544;0.000125952;8.6016e-05;0.00010956799999999999;0.000116736;0.00011776000000000001;0.00013824;0.000113664;0.000186368;0.000128;0.000173056
1789384500,hdr,0.0293;0.03906;0.04883;0.05859;0.06836;0.07813;0.08789;0.09766;0.10742;0.11719;0.12695;0.13672;0.14648;0.15625;0.16602;0.17578;0.18555;0.19531;0.20508;0.21484;0.22461;0.23438;0.24414;0.25391;0.26367;0.27344;0.2832;0.29297;0.30273;0.3125;0.32227;0.33203;0.3418;0.35156;0.36133;0.37109;0.38086;0.39063;0.40039;0.41016;0.41992;0.42969;0.43945;0.44922;0.45898;0.46875;0.47852;0.48828;0.49805;0.50781;0.51758;0.52734;0.53711;0.54688;0.55664;0.56641;0.57617;0.58594;0.5957;0.60547;0.61523;0.625;0.63477;0.64453;0.6543;0.66406;0.67383;0.68359;0.69336;0.70313;0.71289;0.72266;0.73242;0.74219;0.75195;0.76172;0.77148;0.78125;0.79102,0.008109056;0.014164992;0.006569983999999999;0.003683328;0.005691392;0.003708928;0.001829888;0.010334208000000001;0.010687488;0.00795648;0.00433152;0.002502656;0.001524736;0.001803264;0.002615296;0.006024192;0.008297472000000002;0.006117376;0.005946368;0.01422848;0.02103808;0.034866176;0.023701504;0.01290752;0.013079552;0.00914432;0.00615424;0.005129216000000001;0.0062904319999999994;0.00613888;0.0035481600000000003;0.0024145919999999997;0.003311616;0.003204096;0.0018432000000000001;0.001092608;0.001063936;0.000809984;0.001117184;0.000805888;0.0006993920000000001;0.0006123519999999999;0.000401408;0.00028671999999999997;0.000569344;0.00051712;0.000420864;0.000356352;0.00037888;0.00023244799999999998;0.000216064;0.00022323200000000002;0.00020377600000000002;0.000190464;8.704000000000001e-05;0.000164864;0.00016691200000000002;0.000140288;0.000114688;0.00012390399999999998;0.00014950399999999998;0.00014335999999999998;0.00011980799999999999;0.000130048;9.3184e-05;0.00012185600000000001;0.00014745600000000002;9.932800000000001e-05;0.000132096;8.2944e-05;5.632e-05;0.000108544;9.5232e-05;0.00010137599999999999;0.00011776000000000001;0.000114688;0.00023142399999999999;0.00019968;0.00020889599999999997
1789385400,hdr,0.0293;0.03906;0.04883;0.05859;0.06836;0.07813;0.08789;0.09766;0.10742;0.11719;0.12695;0.13672;0.14648;0.15625;0.16602;0.17578;0.18555;0.19531;0.20508;0.21484;0.22461;0.23438;0.24414;0.25391;0.26367;0.27344;0.2832;0.29297;0.30273;0.3125;0.32227;0.33203;0.3418;0.35156;0.36133;0.37109;0.38086;0.39063;0.40039;0.41016;0.41992;0.42969;0.43945;0.44922;0.45898;0.46875;0.47852;0.48828;0.49805;0.50781;0.51758;0.52734;0.53711;0.54688;0.55664;0.56641;0.57617;0.58594;0.5957;0.60547;0.61523;0.625;0.63477;0.64453;0.6543;0.66406;0.67383;0.68359;0.69336;0.70313;0.71289;0.72266;0.73242;0.74219;0.75195;0.76172;0.77148;0.78125;0.79102,0.008108032;0.007590912;0.009590784;0.007524352000000001;0.005011456;0.0029695999999999998;0.00306176;0.010119168;0.012674048;0.00912384;0.004708352;0.002757632;0.0027136;0.002377728;0.003535872;0.004154367999999999;0.004777984000000001;0.006514687999999999;0.011817983999999998;0.010371072;0.023422975999999998;0.040290304;0.024323072;0.017247232;0.013094912;0.012377088;0.008629247999999999;0.003851264;0.004081664;0.003551232;0.0029409279999999998;0.00351744;0.003039232;0.0019189760000000002;0.0014213119999999999;0.0015431680000000001;0.000903168;0.0012605440000000002;0.00146944;0.000894976;0.000561152;0.000442368;0.00047616000000000005;0.000492544;0.00040243200000000004;0.000555008;0.000528384;0.000391168;0.000283648;0.000272384;0.000335872;0.00028671999999999997;0.00019968;0.00020377600000000002;0.000132096;0.00020275199999999997;0.000227328;0.000164864;0.000131072;0.000160768;0.000132096;0.00011776000000000001;0.000144384;0.000139264;0.00014335999999999998;9.8304e-05;0.000140288;0.000162816;0.000246784;0.00022528;0.000192512;0.00020172799999999998;0.000131072;0.000173056;0.00034099200000000003;0.00023859199999999998;0.00030105599999999996;0.000331776;0.00030412799999999997
1789386300,hdr,0.0293;0.03906;0.04883;0.05859;0.06836;0.07813;0.08789;0.09766;0.10742;0.11719;0.12695;0.13672;0.14648;0.15625;0.16602;0.17578;0.18555;0.19531;0.20508;0.21484;0.22461;0.23438;0.24414;0.25391;0.26367;0.27344;0.2832;0.29297;0.30273;0.3125;0.32227;0.33203;0.3418;0.35156;0.36133;0.37109;0.38086;0.39063;0.40039;0.41016;0.41992;0.42969;0.43945;0.44922;0.45898;0.46875;0.47852;0.48828;0.49805;0.50781;0.51758;0.52734;0.53711;0.54688;0.55664;0.56641;0.57617;0.58594;0.5957;0.60547;0.61523;0.625;0.63477;0.64453;0.6543;0.66406;0.67383;0.68359;0.69336;0.70313;0.71289;0.72266;0.73242;0.74219;0.75195;0.76172;0.77148;0.78125;0.79102,0.0056381439999999994;0.008020992;0.008686591999999998;0.004770816;0.006632448;0.0047912960000000004;0.0027136;0.009399296;0.014060544;0.012664832;0.004425728;0.00300032;0.002895872;0.00171008;0.0021964800000000002;0.0037386240000000003;0.004556800000000001;0.006350848;0.01115648;0.022308864;0.033908735999999995;0.040858623999999996;0.035334144;0.022940672;0.011571199999999999;0.00894464;0.005791744;0.0074055679999999995;0.004976639999999999;0.0031856640000000004;0.0037375999999999998;0.0034181119999999996;0.00237056;0.00171008;0.001176576;0.000910336;0.001275904;0.001067008;0.00062464;0.000623616;0.000965632;0.0007884799999999999;0.0007423999999999999;0.000668672;0.000349184;0.000459776;0.000347136;0.00043110399999999997;0.000279552;0.000226304;0.000325632;0.00029593599999999995;0.000314368;0.00023244799999999998;0.00017408000000000001;0.00023142399999999999;0.000346112;0.00022323200000000002;0.000164864;0.00014745600000000002;0.00018944;0.000195584;0.00022016;0.000188416;0.000330752;0.000320512;0.000175104;0.00014848;0.00020275199999999997;0.000329728;0.0003328;0.00024780799999999997;0.000400384;0.000510976;0.0007557120000000001;0.000809984;0.000661504;0.00085504;0.0010803199999999998
1789387200,hdr,0.0293;0.03906;0.04883;0.05859;0.06836;0.07813;0.08789;0.09766;0.10742;0.11719;0.12695;0.13672;0.14648;0.15625;0.16602;0.17578;0.18555;0.19531;0.20508;0.21484;0.22461;0.23438;0.24414;0.25391;0.26367;0.27344;0.2832;0.29297;0.30273;0.3125;0.32227;0.33203;0.3418;0.35156;0.36133;0.37109;0.38086;0.39063;0.40039;0.41016;0.41992;0.42969;0.43945;0.44922;0.45898;0.46875;0.47852;0.48828;0.49805;0.50781;0.51758;0.52734;0.53711;0.54688;0.55664;0.56641;0.57617;0.58594;0.5957;0.60547;0.61523;0.625;0.63477;0.64453;0.6543;0.66406;0.67383;0.68359;0.69336;0.70313;0.71289;0.72266;0.73242;0.74219;0.75195;0.76172;0.77148;0.78125;0.79102,0.003600384;0.00498688;0.005522432;0.006807552000000001;0.00654848;0.006761472000000001;0.008459264;0.009863168;0.014548992;0.01353216;0.005256192;0.0028764159999999997;0.0023265280000000004;0.001765376;0.002568192;0.005168128000000001;0.007391232;0.007335936;0.009121792;0.016206848;0.020631552;0.030542847999999997;0.032437247999999995;0.014553088000000002;0.012179456;0.005959679999999999;0.0056872960000000005;0.006106112;0.004569088;0.004739072;0.004256768;0.0029419520000000003;0.0027361279999999996;0.002571264;0.0013905920000000002;0.0014919679999999998;0.0016066560000000001;0.0011161600000000002;0.0008089600000000001;0.000750592;0.000636928;0.000702464;0.000656384;0.000458752;0.00031232;0.000444416;0.00049664;0.00040755200000000004;0.000339968;0.00044339199999999997;0.00037376;0.000283648;0.000164864;0.00014745600000000002;0.00016691200000000002;0.000151552;0.00020377600000000002;0.00018944;0.000180224;0.000124928;0.000144384;0.000310272;0.00043110399999999997;0.000703488;0.000577536;0.000610304;0.0007086080000000001;0.0009359360000000001;0.0014376960000000002;0.0007946240000000001;0.001345536;0.002977792;0.003040256;0.00320512;0.0027351040000000004;0.002110464;0.00237056;0.002262016;0.002107392
1789388100,hdr,0.0293;0.03906;0.04883;0.05859;0.06836;0.07813;0.08789;0.09766;0.10742;0.11719;0.12695;0.13672;0.14648;0.15625;0.16602;0.17578;0.18555;0.19531;0.20508;0.21484;0.22461;0.23438;0.24414;0.25391;0.26367;0.27344;0.2832;0.29297;0.30273;0.3125;0.32227;0.33203;0.3418;0.35156;0.36133;0.37109;0.38086;0.39063;0.40039;0.41016;0.41992;0.42969;0.43945;0.44922;0.45898;0.46875;0.47852;0.48828;0.49805;0.50781;0.51758;0.52734;0.53711;0.54688;0.55664;0.56641;0.57617;0.58594;0.5957;0.60547;0.61523;0.625;0.63477;0.64453;0.6543;0.66406;0.67383;0.68359;0.69336;0.70313;0.71289;0.72266;0.73242;0.74219;0.75195;0.76172;0.77148;0.78125;0.79102,0.0022538239999999998;0.005862399999999999;0.006244352;0.0033884159999999996;0.005832703999999999;0.006670336000000001;0.008009728;0.013789184000000001;0.016331776000000003;0.014144512000000001;0.0052746239999999995;0.0021862400000000003;0.001805312;0.00239616;0.003618816;0.003038208;0.003369984;0.004752384;0.009231360000000001;0.017551360000000002;0.025764864;0.025996288;0.016784384;0.011160576;0.012520448;0.00783872;0.004978688;0.005101568;0.0038144;0.0034365439999999997;0.0026368000000000003;0.002308096;0.003072;0.001944576;0.001805312;0.001404928;0.000922624;0.000985088;0.000978944;0.00104448;0.000659456;0.000613376;0.0008089600000000001;0.0006604799999999999;0.000448512;0.00046080000000000003;0.0004352;0.00033689599999999994;0.000393216;0.000346112;0.000268288;0.000229376;0.00025088;0.000216064;0.000246784;0.000210944;0.000228352;0.00023552000000000002;0.00022528;0.000251904;0.00024780799999999997;0.0004884479999999999;0.000463872;0.0005918719999999999;0.00076288;0.0012707839999999998;0.0014581759999999998;0.001195008;0.0023336960000000006;0.002134016;0.001727488;0.0022394880000000004;0.00311808;0.0026347520000000006;0.0021217280000000002;0.001798144;0.0014653440000000002;0.0011212799999999999;0.002003968
1789389000,hdr,0.0293;0.03906;0.04883;0.05859;0.06836;0.07813;0.08789;0.09766;0.10742;0.11719;0.12695;0.13672;0.14648;0.15625;0.16602;0.17578;0.18555;0.19531;0.20508;0.21484;0.22461;0.23438;0.24414;0.25391;0.26367;0.27344;0.2832;0.29297;0.30273;0.3125;0.32227;0.33203;0.3418;0.35156;0.36133;0.37109;0.38086;0.39063;0.40039;0.41016;0.41992;0.42969;0.43945;0.44922;0.45898;0.46875;0.47852;0.48828;0.49805;0.50781;0.51758;0.52734;0.53711;0.54688;0.55664;0.56641;0.57617;0.58594;0.5957;0.60547;0.61523;0.625;0.63477;0.64453;0.6543;0.66406;0.67383;0.68359;0.69336;0.70313;0.71289;0.72266;0.73242;0.74219;0.75195;0.76172;0.77148;0.78125;0.79102,0.003981312;0.010859520000000001;0.00986624;0.0051251199999999995;0.008689664000000001;0.005947392;0.005462016000000001;0.004644864;0.019196928;0.020175872;0.007497728;0.0021452800000000003;0.0023818240000000003;0.002967552;0.0022528;0.003774464;0.004743168;0.006943744;0.009022464;0.013278207999999998;0.026663936;0.01642496;0.017665023999999998;0.014649344;0.012829696;0.010672128000000001;0.0071167999999999995;0.004611072;0.0054784;0.004616192;0.002245632;0.002833408;0.002254848;0.0024309759999999996;0.0017674240000000003;0.00124928;0.001113088;0.001071104;0.0012195840000000001;0.000858112;0.0009431040000000001;0.000768;0.0008929280000000001;0.000631808;0.000510976;0.000694272;0.000514048;0.00028569600000000005;0.00046489599999999996;0.000535552;0.000366592;0.00020172799999999998;0.000320512;0.000524288;0.000365568;0.00034304;0.000320512;0.00039423999999999997;0.00047206399999999996;0.000877568;0.001199104;0.0012359679999999998;0.001405952;0.001512448;0.00167936;0.0012359679999999998;0.001281024;0.0018278399999999998;0.0038144;0.0038789120000000004;0.003396608;0.0037375999999999998;0.003371008;0.0015267839999999998;0.001957888;0.0015544320000000001;0.001661952;0.0026531840000000003;0.003121152
1789389900,hdr,0.0293;0.03906;0.04883;0.05859;0.06836;0.07813;0.08789;0.09766;0.10742;0.11719;0.12695;0.13672;0.14648;0.15625;0.16602;0.17578;0.18555;0.19531;0.20508;0.21484;0.22461;0.23438;0.24414;0.25391;0.26367;0.27344;0.2832;0.29297;0.30273;0.3125;0.32227;0.33203;0.3418;0.35156;0.36133;0.37109;0.38086;0.39063;0.40039;0.41016;0.41992;0.42969;0.43945;0.44922;0.45898;0.46875;0.47852;0.48828;0.49805;0.50781;0.51758;0.52734;0.53711;0.54688;0.55664;0.56641;0.57617;0.58594;0.5957;0.60547;0.61523;0.625;0.63477;0.64453;0.6543;0.66406;0.67383;0.68359;0.69336;0.70313;0.71289;0.72266;0.73242;0.74219;0.75195;0.76172;0.77148;0.78125;0.79102,0.0033791999999999997;0.00525824;0.003667968;0.001563648;0.00231424;0.0028989440000000005;0.003966976;0.013205504;0.018225152;0.012811264;0.00508416;0.00226304;0.0015431680000000001;0.001816576;0.001657856;0.00375296;0.00927744;0.008547328;0.006511616;0.01450496;0.027277311999999998;0.020150272;0.013546496;0.013705216000000001;0.014072832;0.010287104;0.00622592;0.005750784000000001;0.006689791999999999;0.004259839999999999;0.002868224;0.00300544;0.005360640000000001;0.002717696;0.0020162559999999997;0.001700864;0.001412096;0.0013260799999999999;0.0011151359999999999;0.000687104;0.0007014399999999999;0.000592896;0.000400384;0.000331776;0.00033484799999999995;0.000736256;0.001134592;0.001364992;0.000980992;0.001147904;0.0018995200000000002;0.0026060799999999998;0.002291712;0.001734656;0.005124096;0.007898112;0.007153664;0.00636928;0.005827584;0.006281215999999999;0.005187583999999999;0.00594432;0.006576128;0.006174719999999999;0.004564992;0.004975616;0.0044677119999999996;0.002291712;0.0028600319999999998;0.0036321279999999997;0.0032389119999999996;0.00324096;0.001885184;0.00188928;0.0019496960000000001;0.001338368;0.001895424;0.002373632;0.00149504
1789391700,hdr,0.0293;0.03906;0.04883;0.05859;0.06836;0.07813;0.08789;0.09766;0.10742;0.11719;0.12695;0.13672;0.14648;0.15625;0.16602;0.17578;0.18555;0.19531;0.20508;0.21484;0.22461;0.23438;0.24414;0.25391;0.26367;0.27344;0.2832;0.29297;0.30273;0.3125;0.32227;0.33203;0.3418;0.35156;0.36133;0.37109;0.38086;0.39063;0.40039;0.41016;0.41992;0.42969;0.43945;0.44922;0.45898;0.46875;0.47852;0.48828;0.49805;0.50781;0.51758;0.52734;0.53711;0.54688;0.55664;0.56641;0.57617;0.58594;0.5957;0.60547;0.61523;0.625;0.63477;0.64453;0.6543;0.66406;0.67383;0.68359;0.69336;0.70313;0.71289;0.72266;0.73242;0.74219;0.75195;0.76172;0.77148;0.78125;0.79102,0.0011007999999999999;0.012486656;0.01531392;0.0060037120000000005;0.002992128;0.001097728;0.002688;0.018535423999999998;0.023788544000000002;0.01670144;0.009484287999999999;0.004304896000000001;0.002484224;0.001364992;0.0021207039999999997;0.002604032;0.003612672;0.00386048;0.006433792000000001;0.012796927999999999;0.016182272;0.012229631999999999;0.011112448;0.011543552;0.012135424;0.007730176;0.00247808;0.003206144;0.003390464;0.003026944;0.0017039359999999999;0.00198656;0.00200192;0.00246784;0.004281344;0.004892672000000001;0.004570112;0.004171776000000001;0.0024309759999999996;0.0017377279999999998;0.00208896;0.00195584;0.0021227520000000003;0.002013184;0.001212416;0.001226752;0.001258496;0.0018923520000000001;0.002102272;0.001757184;0.001297408;0.001490944;0.0022405119999999996;0.003453952;0.004647936;0.002874368;0.002907136;0.005615616;0.006283264;0.005444607999999999;0.006699008;0.004499456;0.005095424;0.006846464;0.005486591999999999;0.005811200000000001;0.004881408;0.003371008;0.003182592;0.00290304;0.0036648960000000004;0.003538944;0.001631232;0.0009748480000000001;0.000854016;0.0014991359999999999;0.000912384;0.000963584;0.0012625919999999999
1789392600,hdr,0.0293;0.03906;0.04883;0.05859;0.06836;0.07813;0.08789;0.09766;0.10742;0.11719;0.12695;0.13672;0.14648;0.15625;0.16602;0.17578;0.18555;0.19531;0.20508;0.21484;0.22461;0.23438;0.24414;0.25391;0.26367;0.27344;0.2832;0.29297;0.30273;0.3125;0.32227;0.33203;0.3418;0.35156;0.36133;0.37109;0.38086;0.39063;0.40039;0.41016;0.41992;0.42969;0.43945;0.44922;0.45898;0.46875;0.47852;0.48828;0.49805;0.50781;0.51758;0.52734;0.53711;0.54688;0.55664;0.56641;0.57617;0.58594;0.5957;0.60547;0.61523;0.625;0.63477;0.64453;0.6543;0.66406;0.67383;0.68359;0.69336;0.70313;0.71289;0.72266;0.73242;0.74219;0.75195;0.76172;0.77148;0.78125;0.79102,0.0030863360000000003;0.00792576;0.012635135999999998;0.00538624;0.004468736;0.0033228800000000003;0.007638016000000001;0.020038656;0.021625856;0.016100352000000002;0.010345472;0.002737152;0.0022538239999999998;0.0026787839999999996;0.002000896;0.002031616;0.005115903999999999;0.010834943999999999;0.011215872;0.007599104;0.013617152;0.020996096000000002;0.019412991999999997;0.010812416000000002;0.009513984;0.006295551999999999;0.004073472;0.0035368960000000003;0.0033925120000000003;0.002336768;0.0021780479999999997;0.001816576;0.002402304;0.0022353919999999997;0.0018800639999999999;0.0018513919999999999;0.001973248;0.001619968;0.0019087359999999999;0.003472384;0.002161664;0.002656256;0.00217088;0.001754112;0.001209344;0.000941056;0.001130496;0.0019650559999999997;0.002615296;0.002064384;0.004815872;0.006467584000000001;0.004281344;0.003980288;0.004682751999999999;0.003902464;0.0037918720000000004;0.005738495999999999;0.0066088959999999995;0.0046469120000000004;0.004260864;0.004006912;0.0030832639999999996;0.0024227840000000003;0.003100672;0.003315712;0.0025200640000000002;0.003111936;0.004442112;0.00410112;0.0033024;0.0036474880000000004;0.003064832;0.00215552;0.002233344;0.001975296;0.0015616000000000002;0.0013557760000000002;0.00122368
1789393500,hdr,0.0293;0.03906;0.04883;0.05859;0.06836;0.07813;0.08789;0.09766;0.10742;0.11719;0.12695;0.13672;0.14648;0.15625;0.16602;0.17578;0.18555;0.19531;0.20508;0.21484;0.22461;0.23438;0.24414;0.25391;0.26367;0.27344;0.2832;0.29297;0.30273;0.3125;0.32227;0.33203;0.3418;0.35156;0.36133;0.37109;0.38086;0.39063;0.40039;0.41016;0.41992;0.42969;0.43945;0.44922;0.45898;0.46875;0.47852;0.48828;0.49805;0.50781;0.51758;0.52734;0.53711;0.54688;0.55664;0.56641;0.57617;0.58594;0.5957;0.60547;0.61523;0.625;0.63477;0.64453;0.6543;0.66406;0.67383;0.68359;0.69336;0.70313;0.71289;0.72266;0.73242;0.74219;0.75195;0.76172;0.77148;0.78125;0.79102,0.005012480000000001;0.0065791999999999995;0.006916095999999999;0.009086976;0.013627392;0.010171392000000001;0.00733696;0.022249472000000003;0.041446399999999994;0.02187776;0.011423744;0.0046469120000000004;0.002315264;0.002111488;0.0015165439999999999;0.0023408640000000002;0.004282368000000001;0.010397696;0.01627648;0.012582912;0.015020032000000001;0.017316863999999998;0.020801536;0.011141120000000001;0.004416512;0.004682751999999999;0.006099968;0.0047564799999999996;0.0037928959999999996;0.00247808;0.0020930559999999994;0.001729536;0.0011264;0.001845248;0.002390016;0.001972224;0.001323008;0.000955392;0.0010178560000000001;0.000917504;0.000949248;0.001011712;0.001154048;0.001729536;0.0018800639999999999;0.0017602560000000002;0.002111488;0.0030822400000000004;0.0037949439999999997;0.00472576;0.0062054400000000004;0.007237632;0.010459136;0.013031424;0.007368703999999999;0.005066752000000001;0.006373376;0.006122496;0.00848896;0.009632768;0.0063621120000000005;0.005279743999999999;0.0050688;0.003252224;0.003795968;0.0038338559999999996;0.003584;0.003150848;0.0025108480000000004;0.0016291839999999999;0.0012789759999999998;0.0016384000000000001;0.0022374400000000003;0.002615296;0.002922496;0.0023429120000000004;0.00262656;0.00241152;0.001027072
1789394400,hdr,0.0293;0.03906;0.04883;0.05859;0.06836;0.07813;0.08789;0.09766;0.10742;0.11719;0.12695;0.13672;0.14648;0.15625;0.16602;0.17578;0.18555;0.19531;0.20508;0.21484;0.22461;0.23438;0.24414;0.25391;0.26367;0.27344;0.2832;0.29297;0.30273;0.3125;0.32227;0.33203;0.3418;0.35156;0.36133;0.37109;0.38086;0.39063;0.40039;0.41016;0.41992;0.42969;0.43945;0.44922;0.45898;0.46875;0.47852;0.48828;0.49805;0.50781;0.51758;0.52734;0.53711;0.54688;0.55664;0.56641;0.57617;0.58594;0.5957;0.60547;0.61523;0.625;0.63477;0.64453;0.6543;0.66406;0.67383;0.68359;0.69336;0.70313;0.71289;0.72266;0.73242;0.74219;0.75195;0.76172;0.77148;0.78125;0.79102,0.0031488;0.005168128000000001;0.011419648000000001;0.008506368;0.007949312;0.010095616;0.007364607999999999;0.01616896;0.04122624;0.033579008;0.01639424;0.0039075839999999995;0.0020736;0.00121344;0.002174976;0.003707904;0.007701504;0.007248896;0.0074751999999999996;0.010126336;0.00802304;0.008226816;0.011258879999999999;0.00733696;0.005070848;0.003948544;0.003939328;0.0037683200000000003;0.003332096;0.002881536;0.00247808;0.001770496;0.001057792;0.0013004800000000001;0.001050624;0.00104448;0.000953344;0.0005888;0.0008447999999999999;0.000663552;0.0005478400000000001;0.000879616;0.000953344;0.0017244159999999999;0.00180224;0.001796096;0.00292864;0.004737024;0.0046592;0.005320704;0.006421504;0.009938944;0.012163072;0.007778304;0.006784;0.005277696;0.006336512;0.006470656;0.0037468159999999996;0.002666496;0.004571136000000001;0.00540672;0.004441088;0.003674112;0.002531328;0.002021376;0.0026060799999999998;0.002803712;0.003064832;0.0029173759999999997;0.002417664;0.0022814719999999997;0.0022702079999999997;0.00252416;0.002361344;0.002276352;0.0015616000000000002;0.002287616;0.0022661120000000002
1789395300,hdr,0.0293;0.03906;0.04883;0.05859;0.06836;0.07813;0.08789;0.09766;0.10742;0.11719;0.12695;0.13672;0.14648;0.15625;0.16602;0.17578;0.18555;0.19531;0.20508;0.21484;0.22461;0.23438;0.24414;0.25391;0.26367;0.27344;0.2832;0.29297;0.30273;0.3125;0.32227;0.33203;0.3418;0.35156;0.36133;0.37109;0.38086;0.39063;0.40039;0.41016;0.41992;0.42969;0.43945;0.44922;0.45898;0.46875;0.47852;0.48828;0.49805;0.50781;0.51758;0.52734;0.53711;0.54688;0.55664;0.56641;0.57617;0.58594;0.5957;0.60547;0.61523;0.625;0.63477;0.64453;0.6543;0.66406;0.67383;0.68359;0.69336;0.70313;0.71289;0.72266;0.73242;0.74219;0.75195;0.76172;0.77148;0.78125;0.79102,0.007355392;0.010943488000000001;0.007449600000000001;0.00972288;0.002299904;0.002596864;0.00861184;0.017226752;0.029099008000000003;0.028534784;0.010740736;0.0060385280000000005;0.004624384;0.002676736;0.002594816;0.003024896;0.0031406079999999996;0.005989376;0.008489984;0.009721856000000001;0.016031744;0.023368704;0.016226303999999997;0.009213952000000001;0.0073031680000000005;0.0035532800000000002;0.003459072;0.0034826239999999997;0.0022026240000000002;0.0013199359999999999;0.001247232;0.0013035520000000001;0.001103872;0.00116224;0.0019148799999999999;0.001662976;0.0012666880000000002;0.00134656;0.001210368;0.0011284479999999998;0.001035264;0.0009543679999999999;0.0009984;0.001414144;0.0021268479999999998;0.002577408;0.0028344320000000004;0.0036433919999999996;0.003422208;0.004918272;0.007588864000000001;0.008471552000000002;0.005184512;0.005081088000000001;0.005909504;0.007160832000000001;0.00956928;0.011459583999999998;0.006197248000000001;0.0051619840000000005;0.007918592;0.006397952;0.005157888;0.007647232;0.00558592;0.002922496;0.00276992;0.0029982719999999997;0.003369984;0.0027658239999999996;0.003349504;0.002803712;0.0027217920000000002;0.004271104;0.0028897280000000003;0.002142208;0.0023173119999999998;0.001611776;0.001907712
1789396200,hdr,0.0293;0.03906;0.04883;0.05859;0.06836;0.07813;0.08789;0.09766;0.10742;0.11719;0.12695;0.13672;0.14648;0.15625;0.16602;0.17578;0.18555;0.19531;0.20508;0.21484;0.22461;0.23438;0.24414;0.25391;0.26367;0.27344;0.2832;0.29297;0.30273;0.3125;0.32227;0.33203;0.3418;0.35156;0.36133;0.37109;0.38086;0.39063;0.40039;0.41016;0.41992;0.42969;0.43945;0.44922;0.45898;0.46875;0.47852;0.48828;0.49805;0.50781;0.51758;0.52734;0.53711;0.54688;0.55664;0.56641;0.57617;0.58594;0.5957;0.60547;0.61523;0.625;0.63477;0.64453;0.6543;0.66406;0.67383;0.68359;0.69336;0.70313;0.71289;0.72266;0.73242;0.74219;0.75195;0.76172;0.77148;0.78125;0.79102,0.0068352000000000005;0.009751552;0.014779392;0.008068096;0.008828928;0.005844992;0.009870335999999999;0.014937088;0.036081664000000006;0.023123968;0.011894784;0.006278144;0.002798592;0.001874944;0.0029788160000000004;0.0033546239999999996;0.0054855680000000006;0.008702976;0.009848832;0.008797184;0.009342976000000001;0.013092864000000001;0.014941184;0.00997888;0.006684671999999999;0.003847168;0.002131968;0.002009088;0.002177024;0.001676288;0.0018216959999999998;0.001536;0.0013004800000000001;0.001477632;0.001145856;0.001028096;0.00063488;0.00067072;0.000651264;0.00068608;0.0008304639999999999;0.000748544;0.001318912;0.00225792;0.0036730879999999997;0.005778432;0.0063569920000000005;0.008584192;0.012986368;0.010786816000000001;0.010425344000000001;0.009203712;0.012517376;0.013060096;0.01133568;0.010104832000000001;0.009442304;0.005722112;0.005481471999999999;0.007914496;0.005230592;0.005095424;0.005121024;0.006504448;0.007477248000000001;0.006770688;0.005260288;0.0039772159999999996;0.004207616;0.003150848;0.002613248;0.002238464;0.00206848;0.0025251839999999998;0.002596864;0.002588672;0.002885632;0.0021299199999999996;0.002195456
1789397100,hdr,0.0293;0.03906;0.04883;0.05859;0.06836;0.07813;0.08789;0.09766;0.10742;0.11719;0.12695;0.13672;0.14648;0.15625;0.16602;0.17578;0.18555;0.19531;0.20508;0.21484;0.22461;0.23438;0.24414;0.25391;0.26367;0.27344;0.2832;0.29297;0.30273;0.3125;0.32227;0.33203;0.3418;0.35156;0.36133;0.37109;0.38086;0.39063;0.40039;0.41016;0.41992;0.42969;0.43945;0.44922;0.45898;0.46875;0.47852;0.48828;0.49805;0.50781;0.51758;0.52734;0.53711;0.54688;0.55664;0.56641;0.57617;0.58594;0.5957;0.60547;0.61523;0.625;0.63477;0.64453;0.6543;0.66406;0.67383;0.68359;0.69336;0.70313;0.71289;0.72266;0.73242;0.74219;0.75195;0.76172;0.77148;0.78125;0.79102,0.002279424;0.0015165439999999999;0.002793472;0.004516864;0.005602304;0.005646336;0.014239744;0.019696639999999998;0.032316416;0.036286464;0.017878016;0.004098048000000001;0.003821568;0.00311808;0.0027115520000000003;0.003431424;0.004062208;0.0053391359999999995;0.00758272;0.00932352;0.008461312;0.009493504;0.011553792;0.008497152000000001;0.005497856;0.003382272;0.0029009920000000002;0.002455552;0.001893376;0.0015687680000000001;0.0008151040000000001;0.00057856;0.000899072;0.001309696;0.001256448;0.002043904;0.0021217280000000002;0.0008447999999999999;0.001000448;0.0009564160000000001;0.0019650559999999997;0.00195072;0.00275968;0.003393536;0.004197376;0.009608192000000002;0.01068032;0.015079424;0.012571648;0.012198912000000001;0.016632832000000004;0.019725312;0.014322688;0.011828224;0.014377984;0.011063295999999999;0.010852352;0.008124416;0.005993472;0.006941696;0.005502976000000001;0.0040366080000000006;0.00214016;0.0036239360000000003;0.004726784;0.004525056;0.002799616;0.0024872960000000004;0.002771968;0.003245056;0.002762752;0.0025344;0.00241152;0.0028047360000000004;0.0027648;0.00253952;0.002353152;0.0026808319999999997;0.002009088
1789398000,hdr,0.0293;0.03906;0.04883;0.05859;0.06836;0.07813;0.08789;0.09766;0.10742;0.11719;0.12695;0.13672;0.14648;0.15625;0.16602;0.17578;0.18555;0.19531;0.20508;0.21484;0.22461;0.23438;0.24414;0.25391;0.26367;0.27344;0.2832;0.29297;0.30273;0.3125;0.32227;0.33203;0.3418;0.35156;0.36133;0.37109;0.38086;0.39063;0.40039;0.41016;0.41992;0.42969;0.43945;0.44922;0.45898;0.46875;0.47852;0.48828;0.49805;0.50781;0.51758;0.52734;0.53711;0.54688;0.55664;0.56641;0.57617;0.58594;0.5957;0.60547;0.61523;0.625;0.63477;0.64453;0.6543;0.66406;0.67383;0.68359;0.69336;0.70313;0.71289;0.72266;0.73242;0.74219;0.75195;0.76172;0.77148;0.78125;0.79102,0.0030033919999999997;0.007057407999999999;0.007283712;0.003488768;0.0021985280000000004;0.00287744;0.012691456;0.018849792;0.023012352;0.029719552;0.016911359999999997;0.005291008;0.0018862080000000001;0.0023203839999999996;0.0030627840000000003;0.002895872;0.0036239360000000003;0.0043878400000000005;0.004998144;0.011106304000000001;0.016070656;0.012038144;0.00968192;0.0046868479999999995;0.005994496;0.0045475839999999995;0.0030822400000000004;0.0028487680000000002;0.002425856;0.002499584;0.001792;0.001053696;0.0011048960000000002;0.000999424;0.000891904;0.000638976;0.000633856;0.000774144;0.0009748480000000001;0.0011407359999999998;0.001158144;0.0011735040000000001;0.0011673599999999999;0.0013148160000000001;0.001915904;0.002921472;0.003328;0.004381696;0.006479872;0.010715135999999998;0.015647743999999998;0.014092288;0.011912191999999999;0.011803648000000002;0.009442304;0.009769983999999999;0.010430464;0.010548224;0.008418303999999998;0.004749312;0.00426496;0.005070848;0.00387584;0.002955264;0.0032337920000000005;0.003910656;0.005966848;0.005016576;0.004322304;0.0036812800000000003;0.003510272;0.003468288;0.002277376;0.001763328;0.002112512;0.002291712;0.001882112;0.001544192;0.001969152
1789398900,hdr,0.0293;0.03906;0.04883;0.05859;0.06836;0.07813;0.08789;0.09766;0.10742;0.11719;0.12695;0.13672;0.14648;0.15625;0.16602;0.17578;0.18555;0.19531;0.20508;0.21484;0.22461;0.23438;0.24414;0.25391;0.26367;0.27344;0.2832;0.29297;0.30273;0.3125;0.32227;0.33203;0.3418;0.35156;0.36133;0.37109;0.38086;0.39063;0.40039;0.41016;0.41992;0.42969;0.43945;0.44922;0.45898;0.46875;0.47852;0.48828;0.49805;0.50781;0.51758;0.52734;0.53711;0.54688;0.55664;0.56641;0.57617;0.58594;0.5957;0.60547;0.61523;0.625;0.63477;0.64453;0.6543;0.66406;0.67383;0.68359;0.69336;0.70313;0.71289;0.72266;0.73242;0.74219;0.75195;0.76172;0.77148;0.78125;0.79102,0.006109184;0.011039744;0.012404736;0.011248639999999999;0.008390656;0.005690368;0.011521024000000001;0.026162176;0.040383487999999995;0.035104767999999995;0.024350719999999996;0.010011648;0.00469504;0.0029798399999999997;0.003629056;0.004359168000000001;0.004346879999999999;0.004344832000000001;0.004198400000000001;0.006194175999999999;0.007651328000000001;0.014013439999999999;0.009972736;0.005698559999999999;0.004176895999999999;0.003151872;0.0041963519999999995;0.002576384;0.001974272;0.000953344;0.00063488;0.0010680320000000002;0.00111104;0.0007843840000000001;0.0005744639999999999;0.00064;0.00103936;0.000995328;0.000982016;0.0006574080000000001;0.0008345599999999999;0.0011212799999999999;0.001176576;0.002148352;0.0044922880000000005;0.007938048;0.005822464;0.006785024000000001;0.00829952;0.011717632;0.013589503999999999;0.009198592;0.017662976;0.012274688;0.010095616;0.007455744;0.009445376;0.005900287999999999;0.0052469759999999996;0.0067553280000000005;0.004682751999999999;0.0050728959999999995;0.005059584;0.005516288;0.004539392000000001;0.004788223999999999;0.005121024;0.003270656;0.003295232;0.002528256;0.002720768;0.002516992;0.001744896;0.004204544;0.003658752;0.001927168;0.001527808;0.0019169279999999998;0.00155648
1789399800,hdr,0.0293;0.03906;0.04883;0.05859;0.06836;0.07813;0.08789;0.09766;0.10742;0.11719;0.12695;0.13672;0.14648;0.15625;0.16602;0.17578;0.18555;0.19531;0.20508;0.21484;0.22461;0.23438;0.24414;0.25391;0.26367;0.27344;0.2832;0.29297;0.30273;0.3125;0.32227;0.33203;0.3418;0.35156;0.36133;0.37109;0.38086;0.39063;0.40039;0.41016;0.41992;0.42969;0.43945;0.44922;0.45898;0.46875;0.47852;0.48828;0.49805;0.50781;0.51758;0.52734;0.53711;0.54688;0.55664;0.56641;0.57617;0.58594;0.5957;0.60547;0.61523;0.625;0.63477;0.64453;0.6543;0.66406;0.67383;0.68359;0.69336;0.70313;0.71289;0.72266;0.73242;0.74219;0.75195;0.76172;0.77148;0.78125;0.79102,0.002092032;0.008107008;0.009330688;0.00422912;0.007415808;0.004108288;0.009105408;0.018662400000000003;0.030313472;0.035812352;0.018016255999999998;0.01202176;0.006222848;0.004874240000000001;0.003183616;0.0033832960000000005;0.0026009600000000003;0.00237568;0.004298752;0.00856064;0.016536576;0.010162176000000002;0.016017408;0.011814912;0.006115328;0.004198400000000001;0.0020121600000000003;0.001906688;0.001729536;0.002096128;0.001695744;0.0012554240000000002;0.001286144;0.001234944;0.000987136;0.0009748480000000001;0.000617472;0.000408576;0.000651264;0.0007086080000000001;0.000561152;0.000964608;0.001062912;0.001258496;0.0013946879999999998;0.002169856;0.003596288;0.003828736;0.003939328;0.006329344;0.008025088000000001;0.010856448000000001;0.01222656;0.011819008;0.011010048;0.007830528;0.008082432;0.010179584;0.0072314879999999995;0.0059115520000000005;0.006388736;0.005292032;0.003567616;0.004804608;0.004411392;0.003267584;0.004159487999999999;0.00381952;0.0022947840000000002;0.002403328;0.0022067199999999997;0.001754112;0.001550336;0.00206848;0.00209408;0.0025374720000000003;0.00241152;0.001742848;0.0014714879999999997
1789400700,hdr,0.0293;0.03906;0.04883;0.05859;0.06836;0.07813;0.08789;0.09766;0.10742;0.11719;0.12695;0.13672;0.14648;0.15625;0.16602;0.17578;0.18555;0.19531;0.20508;0.21484;0.22461;0.23438;0.24414;0.25391;0.26367;0.27344;0.2832;0.29297;0.30273;0.3125;0.32227;0.33203;0.3418;0.35156;0.36133;0.37109;0.38086;0.39063;0.40039;0.41016;0.41992;0.42969;0.43945;0.44922;0.45898;0.46875;0.47852;0.48828;0.49805;0.50781;0.51758;0.52734;0.53711;0.54688;0.55664;0.56641;0.57617;0.58594;0.5957;0.60547;0.61523;0.625;0.63477;0.64453;0.6543;0.66406;0.67383;0.68359;0.69336;0.70313;0.71289;0.72266;0.73242;0.74219;0.75195;0.76172;0.77148;0.78125;0.79102,0.007635968;0.015229952000000001;0.020005888;0.015489024;0.018497536;0.012099584;0.016576512;0.033766399999999995;0.02126336;0.026184704000000003;0.018438144;0.012205056;0.00580096;0.0030453760000000002;0.002803712;0.002640896;0.005268480000000001;0.004527104;0.004946944;0.008246271999999999;0.01756672;0.011269119999999999;0.008804352;0.0074874880000000005;0.00361984;0.002717696;0.0022015999999999997;0.0017807360000000002;0.002082816;0.001787904;0.00172544;0.000652288;0.000963584;0.0009472;0.0012165119999999999;0.000932864;0.0009205759999999999;0.0009144320000000001;0.000633856;0.000617472;0.00088064;0.0011960319999999999;0.001385472;0.001645568;0.0019189760000000002;0.001829888;0.002615296;0.005026816;0.005177344;0.005607424;0.0078336;0.011223039999999998;0.014498816;0.012805120000000001;0.010140672;0.006864896;0.010248192;0.006709247999999999;0.005682176000000001;0.005614592;0.004037632;0.003798016;0.003222528;0.00433664;0.004166656;0.00334848;0.0031426559999999997;0.0027822079999999996;0.002148352;0.0017192959999999997;0.002055168;0.002571264;0.001778688;0.0024012799999999996;0.0017489920000000002;0.0027013120000000004;0.0025856;0.001779712;0.001165312
1789401600,hdr,0.0293;0.03906;0.04883;0.05859;0.06836;0.07813;0.08789;0.09766;0.10742;0.11719;0.12695;0.13672;0.14648;0.15625;0.16602;0.17578;0.18555;0.19531;0.20508;0.21484;0.22461;0.23438;0.24414;0.25391;0.26367;0.27344;0.2832;0.29297;0.30273;0.3125;0.32227;0.33203;0.3418;0.35156;0.36133;0.37109;0.38086;0.39063;0.40039;0.41016;0.41992;0.42969;0.43945;0.44922;0.45898;0.46875;0.47852;0.48828;0.49805;0.50781;0.51758;0.52734;0.53711;0.54688;0.55664;0.56641;0.57617;0.58594;0.5957;0.60547;0.61523;0.625;0.63477;0.64453;0.6543;0.66406;0.67383;0.68359;0.69336;0.70313;0.71289;0.72266;0.73242;0.74219;0.75195;0.76172;0.77148;0.78125;0.79102,0.006680576;0.009408512;0.008605696;0.005507072;0.004859904000000001;0.005248;0.014512128000000001;0.027551744;0.029761536;0.031515648;0.019562496;0.010563584;0.005651455999999999;0.00375296;0.0030914560000000002;0.0027320319999999997;0.004184064;0.006100992;0.004614144;0.008324096000000001;0.009783296;0.012342272;0.007159808;0.004026368;0.004021248;0.004436992;0.003366912;0.0020121600000000003;0.001722368;0.001168384;0.001113088;0.00103936;0.000908288;0.000968704;0.0007843840000000001;0.0009717759999999999;0.000868352;0.0005867520000000001;0.000549888;0.000781312;0.000744448;0.0010946560000000003;0.0016066560000000001;0.001814528;0.002328576;0.002688;0.002563072;0.006740992;0.013368320000000001;0.010642431999999999;0.00872448;0.010616832;0.0137728;0.011086848;0.010397696;0.013587456;0.012219391999999999;0.015751168;0.013574144;0.010128384;0.013257728000000002;0.0099584;0.008933376;0.005403648;0.00385536;0.003610624;0.00381952;0.005516288;0.004179968;0.0017623040000000001;0.002151424;0.002086912;0.002045952;0.002956288;0.0029634559999999997;0.00357376;0.003047424;0.0024299520000000004;0.0020029439999999996
1789402500,hdr,0.0293;0.03906;0.04883;0.05859;0.06836;0.07813;0.08789;0.09766;0.10742;0.11719;0.12695;0.13672;0.14648;0.15625;0.16602;0.17578;0.18555;0.19531;0.20508;0.21484;0.22461;0.23438;0.24414;0.25391;0.26367;0.27344;0.2832;0.29297;0.30273;0.3125;0.32227;0.33203;0.3418;0.35156;0.36133;0.37109;0.38086;0.39063;0.40039;0.41016;0.41992;0.42969;0.43945;0.44922;0.45898;0.46875;0.47852;0.48828;0.49805;0.50781;0.51758;0.52734;0.53711;0.54688;0.55664;0.56641;0.57617;0.58594;0.5957;0.60547;0.61523;0.625;0.63477;0.64453;0.6543;0.66406;0.67383;0.68359;0.69336;0.70313;0.71289;0.72266;0.73242;0.74219;0.75195;0.76172;0.77148;0.78125;0.79102,0.002700288;0.005584896;0.006207488;0.0069847039999999996;0.008987647999999999;0.0077639679999999996;0.009028608;0.023961600000000003;0.027619328;0.02975232;0.019873792;0.015920128000000002;0.011162624;0.007284736;0.005895167999999999;0.004775936;0.002674688;0.0038819839999999998;0.0035942400000000003;0.005108736000000001;0.010435584000000001;0.012865536;0.011267072;0.008492032;0.005380095999999999;0.00247296;0.003447808;0.0031027200000000002;0.001775616;0.0014796800000000001;0.001910784;0.0018698239999999997;0.0008202239999999999;0.000800768;0.000751616;0.0008048640000000001;0.000816128;0.000980992;0.0014561280000000001;0.0014110720000000002;0.001089536;0.00099328;0.001676288;0.0020797439999999997;0.003332096;0.004810752;0.006612992;0.010207232;0.009516031999999999;0.012740608;0.018187263999999998;0.019204096;0.021240832;0.017211392;0.011518976;0.014088192;0.017403904;0.011490304;0.007899136000000001;0.007478272;0.007299072;0.005876736;0.004814848;0.003654656;0.004867072;0.0043335679999999994;0.00387072;0.0025344;0.002427904;0.003074048;0.003444736;0.00345088;0.0027023359999999996;0.0035829760000000003;0.00391168;0.0029952000000000004;0.002260992;0.0017131520000000001;0.002008064
1789403400,hdr,0.0293;0.03906;0.04883;0.05859;0.06836;0.07813;0.08789;0.09766;0.10742;0.11719;0.12695;0.13672;0.14648;0.15625;0.16602;0.17578;0.18555;0.19531;0.20508;0.21484;0.22461;0.23438;0.24414;0.25391;0.26367;0.27344;0.2832;0.29297;0.30273;0.3125;0.32227;0.33203;0.3418;0.35156;0.36133;0.37109;0.38086;0.39063;0.40039;0.41016;0.41992;0.42969;0.43945;0.44922;0.45898;0.46875;0.47852;0.48828;0.49805;0.50781;0.51758;0.52734;0.53711;0.54688;0.55664;0.56641;0.57617;0.58594;0.5957;0.60547;0.61523;0.625;0.63477;0.64453;0.6543;0.66406;0.67383;0.68359;0.69336;0.70313;0.71289;0.72266;0.73242;0.74219;0.75195;0.76172;0.77148;0.78125;0.79102,0.008338431999999998;0.008897536;0.0074455039999999995;0.003371008;0.003941376;0.003035136;0.008776704;0.02473472;0.035779584;0.03833241600000001;0.03113472;0.013732864;0.01040896;0.0066048;0.006905856;0.004911104;0.0025344;0.004308992;0.007621632;0.007118848;0.008725504;0.008036352;0.006567936000000001;0.00775168;0.006361088;0.0036157439999999997;0.002553856;0.001969152;0.002217984;0.001580032;0.000879616;0.0010608640000000001;0.001159168;0.001409024;0.0018237440000000002;0.001555456;0.001058816;0.0015964160000000002;0.001271808;0.0012912639999999999;0.001374208;0.002427904;0.003454976;0.005865472;0.008471552000000002;0.009875456;0.015442944000000002;0.02025984;0.016406528000000004;0.014031871999999999;0.018934784;0.014865408000000002;0.010361856;0.012270592;0.013082624;0.00974336;0.008271872;0.00636416;0.006734848;0.008855552;0.006431744;0.006076416;0.006158336;0.0052142080000000006;0.003979264;0.0035123199999999998;0.0028057599999999996;0.002228224;0.0020172799999999998;0.002210816;0.00204288;0.002056192;0.0034037760000000003;0.002704384;0.002840576;0.0017602560000000002;0.0019527680000000001;0.0018882559999999998;0.00252416
1789404300,hdr,0.0293;0.03906;0.04883;0.05859;0.06836;0.07813;0.08789;0.09766;0.10742;0.11719;0.12695;0.13672;0.14648;0.15625;0.16602;0.17578;0.18555;0.19531;0.20508;0.21484;0.22461;0.23438;0.24414;0.25391;0.26367;0.27344;0.2832;0.29297;0.30273;0.3125;0.32227;0.33203;0.3418;0.35156;0.36133;0.37109;0.38086;0.39063;0.40039;0.41016;0.41992;0.42969;0.43945;0.44922;0.45898;0.46875;0.47852;0.48828;0.49805;0.50781;0.51758;0.52734;0.53711;0.54688;0.55664;0.56641;0.57617;0.58594;0.5957;0.60547;0.61523;0.625;0.63477;0.64453;0.6543;0.66406;0.67383;0.68359;0.69336;0.70313;0.71289;0.72266;0.73242;0.74219;0.75195;0.76172;0.77148;0.78125;0.79102,0.010831872000000001;0.02364928;0.022624256;0.015663104;0.009424896;0.005941248;0.007974911999999999;0.018272255999999997;0.023845888;0.029312;0.03046912;0.015524864000000001;0.00869888;0.004616192;0.005398528;0.003587072;0.0022712319999999998;0.001430528;0.002089984;0.004304896000000001;0.008537088000000002;0.008896511999999999;0.0073062399999999994;0.006555648;0.0047912960000000004;0.0046192640000000005;0.003818496;0.0023347199999999998;0.0020183040000000003;0.002379776;0.0018042879999999998;0.001611776;0.0012154879999999998;0.001174528;0.000671744;0.0005089280000000001;0.0008509440000000001;0.001257472;0.000888832;0.0011284479999999998;0.00141312;0.001584128;0.0021903359999999998;0.00407552;0.00747008;0.009939968;0.011602944000000002;0.020745216;0.025473023999999997;0.021114880000000003;0.019452928;0.012165120000000001;0.017205248;0.01326592;0.009847808000000001;0.00741376;0.008996864;0.0078592;0.0068106239999999995;0.008718336000000002;0.006678528;0.003889152;0.005369856000000001;0.00599552;0.004734975999999999;0.00407552;0.002768896;0.0034652159999999997;0.002469888;0.0027504639999999998;0.0034672640000000003;0.002642944;0.0015697920000000002;0.001155072;0.0014827520000000002;0.002413568;0.002833408;0.0024145919999999997;0.00146944
1789405200,hdr,0.0293;0.03906;0.04883;0.05859;0.06836;0.07813;0.08789;0.09766;0.10742;0.11719;0.12695;0.13672;0.14648;0.15625;0.16602;0.17578;0.18555;0.19531;0.20508;0.21484;0.22461;0.23438;0.24414;0.25391;0.26367;0.27344;0.2832;0.29297;0.30273;0.3125;0.32227;0.33203;0.3418;0.35156;0.36133;0.37109;0.38086;0.39063;0.40039;0.41016;0.41992;0.42969;0.43945;0.44922;0.45898;0.46875;0.47852;0.48828;0.49805;0.50781;0.51758;0.52734;0.53711;0.54688;0.55664;0.56641;0.57617;0.58594;0.5957;0.60547;0.61523;0.625;0.63477;0.64453;0.6543;0.66406;0.67383;0.68359;0.69336;0.70313;0.71289;0.72266;0.73242;0.74219;0.75195;0.76172;0.77148;0.78125;0.79102,0.00886272;0.020386816;0.020020224;0.013750272000000001;0.011219967999999999;0.006340607999999999;0.009107456;0.019759104;0.028490752;0.02247168;0.025546752;0.021252096;0.01271296;0.005226496;0.004013055999999999;0.002936832;0.002125824;0.003373056;0.003926016;0.007939072;0.013374463999999999;0.007438335999999999;0.00500224;0.004913152;0.006473728;0.003472384;0.000970752;0.00123392;0.001501184;0.0014899199999999998;0.000970752;0.000910336;0.001253376;0.001061888;0.0010956800000000001;0.000945152;0.000666624;0.00105472;0.001810432;0.0018288640000000001;0.00154624;0.0027791359999999998;0.0050688;0.005474304;0.006296576;0.009647104000000002;0.012552191999999998;0.017510400000000002;0.016715776;0.027552768;0.027981824;0.01839104;0.009713663999999999;0.009284608;0.008216576;0.008387584;0.013516799999999999;0.009101312;0.008430592;0.006288384;0.0073728000000000005;0.007541760000000001;0.005554176;0.006955008;0.0045895680000000005;0.004002816;0.006370304;0.004829183999999999;0.002904064;0.0033382399999999997;0.00310784;0.002356224;0.0026531840000000003;0.0032440319999999996;0.0029716480000000003;0.003049472;0.0026296320000000002;0.002179072;0.001763328
1789406100,hdr,0.0293;0.03906;0.04883;0.05859;0.06836;0.07813;0.08789;0.09766;0.10742;0.11719;0.12695;0.13672;0.14648;0.15625;0.16602;0.17578;0.18555;0.19531;0.20508;0.21484;0.22461;0.23438;0.24414;0.25391;0.26367;0.27344;0.2832;0.29297;0.30273;0.3125;0.32227;0.33203;0.3418;0.35156;0.36133;0.37109;0.38086;0.39063;0.40039;0.41016;0.41992;0.42969;0.43945;0.44922;0.45898;0.46875;0.47852;0.48828;0.49805;0.50781;0.51758;0.52734;0.53711;0.54688;0.55664;0.56641;0.57617;0.58594;0.5957;0.60547;0.61523;0.625;0.63477;0.64453;0.6543;0.66406;0.67383;0.68359;0.69336;0.70313;0.71289;0.72266;0.73242;0.74219;0.75195;0.76172;0.77148;0.78125;0.79102,0.013860863999999999;0.026947584;0.022147072;0.006981632000000001;0.007402496;0.010920959999999999;0.014053376;0.022817792;0.023716864;0.017457152000000004;0.01481216;0.017441792;0.013192192;0.007398399999999999;0.005296128000000001;0.003605504;0.0049233919999999995;0.004372480000000001;0.00562688;0.006928384;0.009371648000000002;0.015619071999999998;0.010363904;0.004979712000000001;0.005531647999999999;0.005876736;0.002514944;0.003099648;0.002476032;0.001232896;0.001031168;0.0008929280000000001;0.00124928;0.001345536;0.001022976;0.0005713920000000001;0.00091648;0.001306624;0.001333248;0.0014817279999999999;0.0017807360000000002;0.002316288;0.003836928;0.006319104;0.007416832;0.009340928;0.011665407999999999;0.013973504000000001;0.014784512;0.017554432;0.014087167999999999;0.008881152;0.011689984;0.016258047999999997;0.008214528;0.006667264;0.006496256;0.0046766080000000005;0.00772608;0.008102912;0.0073431040000000005;0.0035614720000000004;0.00540672;0.004277248000000001;0.003994624;0.003513344;0.004143104;0.003274752;0.0027822079999999996;0.003417088;0.004310016;0.003572736;0.002679808;0.0031426559999999997;0.003744768;0.0029798399999999997;0.00269312;0.002011136;0.0019773440000000002
1789407000,hdr,0.0293;0.03906;0.04883;0.05859;0.06836;0.07813;0.08789;0.09766;0.10742;0.11719;0.12695;0.13672;0.14648;0.15625;0.16602;0.17578;0.18555;0.19531;0.20508;0.21484;0.22461;0.23438;0.24414;0.25391;0.26367;0.27344;0.2832;0.29297;0.30273;0.3125;0.32227;0.33203;0.3418;0.35156;0.36133;0.37109;0.38086;0.39063;0.40039;0.41016;0.41992;0.42969;0.43945;0.44922;0.45898;0.46875;0.47852;0.48828;0.49805;0.50781;0.51758;0.52734;0.53711;0.54688;0.55664;0.56641;0.57617;0.58594;0.5957;0.60547;0.61523;0.625;0.63477;0.64453;0.6543;0.66406;0.67383;0.68359;0.69336;0.70313;0.71289;0.72266;0.73242;0.74219;0.75195;0.76172;0.77148;0.78125;0.79102,0.013543423999999998;0.016897023999999997;0.015588352000000001;0.011322368000000001;0.01732608;0.011750400000000001;0.003736576;0.013735935999999999;0.011542528;0.0281088;0.040541184;0.026313728;0.017517568;0.014596096;0.00565248;0.002102272;0.002250752;0.00200704;0.0024811519999999995;0.0045670400000000005;0.00799744;0.010882047999999998;0.009588736;0.00695296;0.00392704;0.002171904;0.002054144;0.0018411519999999998;0.001626112;0.001604608;0.001180672;0.00115712;0.001149952;0.001242112;0.001238016;0.0008509440000000001;0.001050624;0.001042432;0.001139712;0.001024;0.0012308479999999999;0.00238592;0.002720768;0.0041472;0.005359616;0.005284863999999999;0.00676864;0.012681215999999999;0.015932415999999998;0.018257919999999997;0.019552256;0.024621056;0.01466368;0.011126784;0.01027072;0.011615232;0.010426368;0.00850432;0.009000959999999999;0.0077342719999999995;0.005476352000000001;0.005627904;0.00740352;0.0030300159999999995;0.005738495999999999;0.005144576;0.004261888;0.0037048320000000004;0.0038144;0.004200447999999999;0.004077568;0.0027555839999999997;0.0025856;0.0025036800000000003;0.001898496;0.0022558720000000003;0.001591296;0.00146944;0.001901568
1789407900,hdr,0.0293;0.03906;0.04883;0.05859;0.06836;0.07813;0.08789;0.09766;0.10742;0.11719;0.12695;0.13672;0.14648;0.15625;0.16602;0.17578;0.18555;0.19531;0.20508;0.21484;0.22461;0.23438;0.24414;0.25391;0.26367;0.27344;0.2832;0.29297;0.30273;0.3125;0.32227;0.33203;0.3418;0.35156;0.36133;0.37109;0.38086;0.39063;0.40039;0.41016;0.41992;0.42969;0.43945;0.44922;0.45898;0.46875;0.47852;0.48828;0.49805;0.50781;0.51758;0.52734;0.53711;0.54688;0.55664;0.56641;0.57617;0.58594;0.5957;0.60547;0.61523;0.625;0.63477;0.64453;0.6543;0.66406;0.67383;0.68359;0.69336;0.70313;0.71289;0.72266;0.73242;0.74219;0.75195;0.76172;0.77148;0.78125;0.79102,0.011208704;0.017195008;0.016862208;0.008428544;0.01091584;0.010512384;0.007206912;0.018828288000000002;0.03285504;0.029377536;0.028483584;0.023079936000000002;0.018779136000000002;0.011057152;0.0049582079999999995;0.0025108480000000004;0.002716672;0.003375104;0.0035072000000000002;0.005751808;0.008207359999999999;0.0069396480000000005;0.00393728;0.0048486399999999995;0.004530176;0.003239936;0.002818048;0.001944576;0.001033216;0.001161216;0.00108544;0.000882688;0.000861184;0.0012001280000000002;0.001006592;0.000917504;0.000872448;0.000781312;0.000919552;0.001532928;0.0019046400000000002;0.0028620800000000004;0.004617216;0.005700608;0.0052469759999999996;0.009981951999999999;0.01383424;0.016480256000000002;0.022003711999999998;0.024797184;0.021660672000000002;0.015818752000000002;0.015099904;0.010643456;0.00935936;0.008321024;0.010265599999999998;0.007334912;0.0046848;0.005189632;0.005394432;0.005850112;0.004999168;0.00425472;0.00640512;0.007000064;0.0069632;0.00546816;0.005090304;0.002588672;0.001942528;0.00366592;0.0026245120000000003;0.0026347520000000006;0.0032757759999999998;0.002828288;0.002696192;0.002183168;0.00202752
1789408800,hdr,0.0293;0.03906;0.04883;0.05859;0.06836;0.07813;0.08789;0.09766;0.10742;0.11719;0.12695;0.13672;0.14648;0.15625;0.16602;0.17578;0.18555;0.19531;0.20508;0.21484;0.22461;0.23438;0.24414;0.25391;0.26367;0.27344;0.2832;0.29297;0.30273;0.3125;0.32227;0.33203;0.3418;0.35156;0.36133;0.37109;0.38086;0.39063;0.40039;0.41016;0.41992;0.42969;0.43945;0.44922;0.45898;0.46875;0.47852;0.48828;0.49805;0.50781;0.51758;0.52734;0.53711;0.54688;0.55664;0.56641;0.57617;0.58594;0.5957;0.60547;0.61523;0.625;0.63477;0.64453;0.6543;0.66406;0.67383;0.68359;0.69336;0.70313;0.71289;0.72266;0.73242;0.74219;0.75195;0.76172;0.77148;0.78125;0.79102,0.009682944;0.018284544000000003;0.028243967999999998;0.020006912;0.016095232;0.015343616;0.014106624;0.018142208;0.017563648;0.017598464;0.014331904000000001;0.030327808;0.017446912000000002;0.011722752000000001;0.007493631999999999;0.005863424;0.004335616;0.0041164800000000005;0.004315136;0.003117056;0.003216384;0.004917248;0.006146048;0.00384512;0.00252416;0.0018442240000000002;0.0013783040000000001;0.0017336320000000001;0.0021227520000000003;0.0019496960000000001;0.0013578239999999999;0.001276928;0.0007946240000000001;0.0009021439999999999;0.000502784;0.00052224;0.0008212479999999999;0.001091584;0.001040384;0.00141312;0.0014858240000000002;0.0015534079999999998;0.00270848;0.0046049279999999995;0.004153344;0.00610304;0.007841792;0.011889664000000001;0.0137984;0.018640896;0.019475456000000002;0.032631808;0.020874240000000002;0.015985664;0.017133568;0.012163072;0.013339648;0.00840192;0.007108608;0.009345024;0.008849408000000001;0.0057149440000000004;0.004615167999999999;0.00533504;0.0046745599999999995;0.004108288;0.002733056;0.0031928320000000005;0.004026368;0.003913728;0.003130368;0.0028426239999999998;0.002444288;0.003278848;0.003064832;0.0031907839999999995;0.00320512;0.003103744;0.002096128
1789409700,hdr,0.0293;0.03906;0.04883;0.05859;0.06836;0.07813;0.08789;0.09766;0.10742;0.11719;0.12695;0.13672;0.14648;0.15625;0.16602;0.17578;0.18555;0.19531;0.20508;0.21484;0.22461;0.23438;0.24414;0.25391;0.26367;0.27344;0.2832;0.29297;0.30273;0.3125;0.32227;0.33203;0.3418;0.35156;0.36133;0.37109;0.38086;0.39063;0.40039;0.41016;0.41992;0.42969;0.43945;0.44922;0.45898;0.46875;0.47852;0.48828;0.49805;0.50781;0.51758;0.52734;0.53711;0.54688;0.55664;0.56641;0.57617;0.58594;0.5957;0.60547;0.61523;0.625;0.63477;0.64453;0.6543;0.66406;0.67383;0.68359;0.69336;0.70313;0.71289;0.72266;0.73242;0.74219;0.75195;0.76172;0.77148;0.78125;0.79102,0.010114048;0.014438399999999999;0.018671616000000002;0.016331776000000003;0.019461120000000002;0.008828928;0.008890368000000001;0.018292736;0.02630144;0.026533888000000002;0.01781248;0.018952192;0.016571392;0.016254975999999997;0.010431488;0.006230016;0.004856831999999999;0.0036392959999999998;0.005148672000000001;0.006286336;0.00808448;0.008253439999999999;0.008571904;0.006375424;0.004642816;0.0029306880000000003;0.0018288640000000001;0.0019968;0.0017131520000000001;0.001656832;0.0009205759999999999;0.00096768;0.0008468480000000001;0.0008458240000000001;0.0008335360000000001;0.0008202239999999999;0.0011448320000000001;0.001027072;0.001440768;0.0020910079999999997;0.002650112;0.0027648;0.002316288;0.005168128000000001;0.012478464;0.010501120000000001;0.008387584;0.01698816;0.020797440000000004;0.026297343999999997;0.024794111999999997;0.021393408;0.016537600000000003;0.013684736;0.01383424;0.008204288;0.008011775999999998;0.011169792;0.010269696;0.011103232;0.008470528;0.006309888;0.005426176;0.002712576;0.003168256;0.004033536;0.005293056;0.004155392;0.0028764159999999997;0.003168256;0.0025374720000000003;0.0034908160000000003;0.0036167680000000002;0.0026951679999999995;0.00433152;0.00382464;0.0021043200000000002;0.002102272;0.00188928
1789410600,hdr,0.0293;0.03906;0.04883;0.05859;0.06836;0.07813;0.08789;0.09766;0.10742;0.11719;0.12695;0.13672;0.14648;0.15625;0.16602;0.17578;0.18555;0.19531;0.20508;0.21484;0.22461;0.23438;0.24414;0.25391;0.26367;0.27344;0.2832;0.29297;0.30273;0.3125;0.32227;0.33203;0.3418;0.35156;0.36133;0.37109;0.38086;0.39063;0.40039;0.41016;0.41992;0.42969;0.43945;0.44922;0.45898;0.46875;0.47852;0.48828;0.49805;0.50781;0.51758;0.52734;0.53711;0.54688;0.55664;0.56641;0.57617;0.58594;0.5957;0.60547;0.61523;0.625;0.63477;0.64453;0.6543;0.66406;0.67383;0.68359;0.69336;0.70313;0.71289;0.72266;0.73242;0.74219;0.75195;0.76172;0.77148;0.78125;0.79102,0.004124672;0.008328192;0.006474751999999999;0.007964672;0.009618432000000001;0.0039495680000000005;0.006404096000000001;0.019725312;0.02558464;0.032137216;0.036288511999999995;0.029162496;0.021612543999999997;0.016903168000000003;0.010691584;0.004349952;0.00255488;0.0020633599999999998;0.0024637440000000004;0.003493888;0.005516288;0.005477375999999999;0.006614016;0.005066752000000001;0.003575808;0.003222528;0.0028221440000000004;0.0013905920000000002;0.001038336;0.00175104;0.001536;0.001097728;0.00142848;0.001038336;0.001042432;0.0010014719999999998;0.000979968;0.001348608;0.001695744;0.0022272;0.003103744;0.00482816;0.008057855999999999;0.012811264;0.011008;0.012414976;0.017135616;0.014327808;0.021814271999999996;0.027984896000000002;0.022095872;0.022779904;0.01760256;0.010215424;0.010273791999999999;0.011008;0.012142592;0.009179136000000001;0.0094976;0.00598016;0.006030336;0.006156287999999999;0.004785152;0.006523904;0.0056002560000000005;0.0038799359999999996;0.0034037760000000003;0.0037304319999999997;0.003470336;0.004067328;0.005587968;0.0039301119999999995;0.0031395840000000004;0.0034662399999999998;0.0026234879999999998;0.002282496;0.0018698239999999997;0.00271872;0.0026368000000000003
1789411500,hdr,0.0293;0.03906;0.04883;0.05859;0.06836;0.07813;0.08789;0.09766;0.10742;0.11719;0.12695;0.13672;0.14648;0.15625;0.16602;0.17578;0.18555;0.19531;0.20508;0.21484;0.22461;0.23438;0.24414;0.25391;0.26367;0.27344;0.2832;0.29297;0.30273;0.3125;0.32227;0.33203;0.3418;0.35156;0.36133;0.37109;0.38086;0.39063;0.40039;0.41016;0.41992;0.42969;0.43945;0.44922;0.45898;0.46875;0.47852;0.48828;0.49805;0.50781;0.51758;0.52734;0.53711;0.54688;0.55664;0.56641;0.57617;0.58594;0.5957;0.60547;0.61523;0.625;0.63477;0.64453;0.6543;0.66406;0.67383;0.68359;0.69336;0.70313;0.71289;0.72266;0.73242;0.74219;0.75195;0.76172;0.77148;0.78125;0.79102,0.010205183999999999;0.017307648000000002;0.017207295999999997;0.012749824;0.004453375999999999;0.005224448;0.0049080320000000005;0.008178688;0.016979968;0.026898432;0.031955967999999994;0.032352255999999996;0.025817088;0.016766976;0.010758144;0.005307392;0.004901888;0.0037550080000000002;0.005594112;0.005850112;0.005336064000000001;0.005195776000000001;0.005359616;0.004307968;0.0037662719999999998;0.002849792;0.002505728;0.001521664;0.001061888;0.0008468480000000001;0.0013260799999999999;0.001242112;0.001477632;0.00129024;0.000643072;0.002084864;0.002572288;0.001798144;0.0017479680000000001;0.001895424;0.0036648960000000004;0.004390912;0.0064;0.012803072;0.019907584;0.023389184;0.030592;0.023076864000000002;0.013029375999999999;0.017269760000000002;0.02441216;0.020225024;0.024158207999999997;0.018453503999999996;0.014230528000000001;0.013827072;0.009511936;0.00579584;0.00548864;0.003931136;0.0043161599999999994;0.0078110720000000005;0.007244799999999999;0.00498688;0.004822015999999999;0.0035686399999999997;0.003469312;0.003678208;0.004562943999999999;0.00388096;0.0026849280000000005;0.003264512;0.0033208319999999997;0.002566144;0.0023459839999999997;0.002813952;0.0027217920000000002;0.002535424;0.002040832
1789412400,hdr,0.0293;0.03906;0.04883;0.05859;0.06836;0.07813;0.08789;0.09766;0.10742;0.11719;0.12695;0.13672;0.14648;0.15625;0.16602;0.17578;0.18555;0.19531;0.20508;0.21484;0.22461;0.23438;0.24414;0.25391;0.26367;0.27344;0.2832;0.29297;0.30273;0.3125;0.32227;0.33203;0.3418;0.35156;0.36133;0.37109;0.38086;0.39063;0.40039;0.41016;0.41992;0.42969;0.43945;0.44922;0.45898;0.46875;0.47852;0.48828;0.49805;0.50781;0.51758;0.52734;0.53711;0.54688;0.55664;0.56641;0.57617;0.58594;0.5957;0.60547;0.61523;0.625;0.63477;0.64453;0.6543;0.66406;0.67383;0.68359;0.69336;0.70313;0.71289;0.72266;0.73242;0.74219;0.75195;0.76172;0.77148;0.78125;0.79102,0.004907008;0.00812544;0.00948736;0.0070246399999999995;0.006591488;0.006117376;0.0077690879999999995;0.006122496;0.011097088;0.029817856;0.036445184;0.033696767999999995;0.030088192;0.018034687999999997;0.007379968;0.005464063999999999;0.003637248;0.002970624;0.00311296;0.003431424;0.003919872;0.006065152;0.006808576;0.0030361600000000004;0.002776064;0.003054592;0.0023470080000000003;0.00242176;0.001572864;0.001503232;0.001973248;0.0013793280000000002;0.0010752000000000001;0.00202752;0.001284096;0.00045568;0.0011632640000000002;0.001201152;0.001442816;0.001672192;0.0027842559999999997;0.003423232;0.003934208;0.0066488319999999995;0.007458816;0.010911744000000001;0.017615871999999998;0.020276224;0.018670592;0.020326399999999998;0.017349632;0.009003008;0.008778752;0.012603392;0.009594879999999998;0.014877696;0.011750400000000001;0.0059136;0.005148672000000001;0.0035696639999999997;0.005057536;0.005113856;0.004512768;0.003811328;0.002939904;0.0024637440000000004;0.0028876799999999997;0.003530752;0.0030207999999999997;0.002625536;0.00258048;0.002052096;0.0019773440000000002;0.002896896;0.00214016;0.002061312;0.002512896;0.003533824;0.002742272
1789413300,hdr,0.0293;0.03906;0.04883;0.05859;0.06836;0.07813;0.08789;0.09766;0.10742;0.11719;0.12695;0.13672;0.14648;0.15625;0.16602;0.17578;0.18555;0.19531;0.20508;0.21484;0.22461;0.23438;0.24414;0.25391;0.26367;0.27344;0.2832;0.29297;0.30273;0.3125;0.32227;0.33203;0.3418;0.35156;0.36133;0.37109;0.38086;0.39063;0.40039;0.41016;0.41992;0.42969;0.43945;0.44922;0.45898;0.46875;0.47852;0.48828;0.49805;0.50781;0.51758;0.52734;0.53711;0.54688;0.55664;0.56641;0.57617;0.58594;0.5957;0.60547;0.61523;0.625;0.63477;0.64453;0.6543;0.66406;0.67383;0.68359;0.69336;0.70313;0.71289;0.72266;0.73242;0.74219;0.75195;0.76172;0.77148;0.78125;0.79102,0.004081664;0.007588864000000001;0.007305216;0.007055360000000001;0.007023616;0.00632832;0.007046144;0.007140352;0.015265792;0.028520447999999997;0.0255232;0.023001088;0.02797568;0.022491136000000002;0.010326016;0.004447232;0.0017735679999999999;0.002019328;0.002286592;0.004320256;0.0037375999999999998;0.005141504;0.007123968;0.006020096;0.00347648;0.0025671680000000003;0.001533952;0.001837056;0.00242688;0.0016179200000000001;0.001222656;0.001765376;0.002082816;0.0021504000000000002;0.0024739840000000003;0.00129024;0.00144896;0.001304576;0.00152576;0.001680384;0.0016220159999999998;0.0018288640000000001;0.0028190719999999997;0.005357567999999999;0.005442560000000001;0.004094976;0.006223872;0.009155584;0.016685056;0.014951424;0.013491199999999998;0.016219136;0.016683008000000003;0.022171648000000002;0.021126144;0.013616128;0.015596544;0.010242048;0.009779199999999998;0.007279616;0.006764544;0.005807104;0.0055132160000000005;0.006370304;0.004227072;0.004762624;0.0038963199999999996;0.005698559999999999;0.004446208000000001;0.003555328;0.0025497600000000003;0.0016988160000000001;0.00323072;0.0033802240000000002;0.00473088;0.004601856;0.004598784000000001;0.00276992;0.001936384
1789414200,hdr,0.0293;0.03906;0.04883;0.05859;0.06836;0.07813;0.08789;0.09766;0.10742;0.11719;0.12695;0.13672;0.14648;0.15625;0.16602;0.17578;0.18555;0.19531;0.20508;0.21484;0.22461;0.23438;0.24414;0.25391;0.26367;0.27344;0.2832;0.29297;0.30273;0.3125;0.32227;0.33203;0.3418;0.35156;0.36133;0.37109;0.38086;0.39063;0.40039;0.41016;0.41992;0.42969;0.43945;0.44922;0.45898;0.46875;0.47852;0.48828;0.49805;0.50781;0.51758;0.52734;0.53711;0.54688;0.55664;0.56641;0.57617;0.58594;0.5957;0.60547;0.61523;0.625;0.63477;0.64453;0.6543;0.66406;0.67383;0.68359;0.69336;0.70313;0.71289;0.72266;0.73242;0.74219;0.75195;0.76172;0.77148;0.78125;0.79102,0.002280448;0.004334592;0.005215232;0.007237632;0.008931328;0.008441856;0.007568384;0.014640128;0.022335488;0.027052032;0.029836288;0.02966016;0.023240704;0.020772864;0.014437376;0.0088576;0.004026368;0.002496512;0.0014796800000000001;0.001999872;0.002028544;0.0034078719999999997;0.005963776;0.00531456;0.00263168;0.002816;0.0035932159999999998;0.0021913600000000003;0.0013393919999999998;0.001636352;0.00199168;0.001079296;0.000887808;0.001343488;0.001467392;0.002014208;0.001941504;0.0025077759999999998;0.002060288;0.0029839359999999995;0.00320512;0.0029163519999999997;0.003344384;0.0054855680000000006;0.007856128;0.011251711999999999;0.011423744;0.012855295999999999;0.017324032;0.016749568;0.016041984;0.021218304;0.014876671999999999;0.009918464;0.009947136;0.006780928;0.005390335999999999;0.004442112;0.003429376;0.005875712000000001;0.006943744;0.00562176;0.00428032;0.00384512;0.003918848;0.0029839359999999995;0.003163136;0.002610176;0.002581504;0.002931712;0.002924544;0.002409472;0.0015677439999999998;0.001082368;0.00261632;0.0037601279999999997;0.003468288;0.002605056;0.001891328
1789415100,hdr,0.0293;0.03906;0.04883;0.05859;0.06836;0.07813;0.08789;0.09766;0.10742;0.11719;0.12695;0.13672;0.14648;0.15625;0.16602;0.17578;0.18555;0.19531;0.20508;0.21484;0.22461;0.23438;0.24414;0.25391;0.26367;0.27344;0.2832;0.29297;0.30273;0.3125;0.32227;0.33203;0.3418;0.35156;0.36133;0.37109;0.38086;0.39063;0.40039;0.41016;0.41992;0.42969;0.43945;0.44922;0.45898;0.46875;0.47852;0.48828;0.49805;0.50781;0.51758;0.52734;0.53711;0.54688;0.55664;0.56641;0.57617;0.58594;0.5957;0.60547;0.61523;0.625;0.63477;0.64453;0.6543;0.66406;0.67383;0.68359;0.69336;0.70313;0.71289;0.72266;0.73242;0.74219;0.75195;0.76172;0.77148;0.78125;0.79102,0.0050350080000000005;0.007578624;0.006624256;0.005903360000000001;0.007333888;0.007172095999999999;0.00522752;0.015971328;0.026102784;0.023250944;0.031222784;0.05401088;0.037756928;0.029111296;0.019894272;0.009459712;0.005532672;0.003014656;0.0020592640000000003;0.002577408;0.003653632;0.00548352;0.003827712;0.004232192;0.0048711679999999995;0.00242176;0.002029568;0.001882112;0.001429504;0.002086912;0.0016435199999999999;0.00153088;0.001911808;0.001696768;0.001420288;0.002535424;0.0026234879999999998;0.001798144;0.001948672;0.001512448;0.0018278399999999998;0.0020592640000000003;0.003186688;0.002494464;0.006124544;0.007885824000000001;0.008032256;0.010482688;0.013474816;0.01460736;0.023334912;0.016653311999999997;0.016314368000000003;0.008080384;0.006828032;0.011084799999999999;0.008982528;0.005347328;0.0036382720000000006;0.0051271680000000005;0.00588288;0.008982528;0.009897983999999999;0.0058019840000000005;0.005440512;0.003924992;0.003336192;0.002563072;0.002679808;0.002497536;0.0023767040000000003;0.00183808;0.001061888;0.002353152;0.00144896;0.00134656;0.0015964160000000002;0.0017858560000000002;0.001572864
1789416000,hdr,0.0293;0.03906;0.04883;0.05859;0.06836;0.07813;0.08789;0.09766;0.10742;0.11719;0.12695;0.13672;0.14648;0.15625;0.16602;0.17578;0.18555;0.19531;0.20508;0.21484;0.22461;0.23438;0.24414;0.25391;0.26367;0.27344;0.2832;0.29297;0.30273;0.3125;0.32227;0.33203;0.3418;0.35156;0.36133;0.37109;0.38086;0.39063;0.40039;0.41016;0.41992;0.42969;0.43945;0.44922;0.45898;0.46875;0.47852;0.48828;0.49805;0.50781;0.51758;0.52734;0.53711;0.54688;0.55664;0.56641;0.57617;0.58594;0.5957;0.60547;0.61523;0.625;0.63477;0.64453;0.6543;0.66406;0.67383;0.68359;0.69336;0.70313;0.71289;0.72266;0.73242;0.74219;0.75195;0.76172;0.77148;0.78125;0.79102,0.005843968;0.009389056;0.011850752;0.009091072;0.009107456;0.009712640000000002;0.013648896;0.020260864;0.021339135999999998;0.021782528;0.02725376;0.034903039999999996;0.021945344;0.014587904;0.013270015999999999;0.010512384;0.005024768;0.0034672640000000003;0.0017561599999999999;0.001426432;0.0013312;0.002619392;0.005013504;0.0059648;0.0031313919999999998;0.0021780479999999997;0.00229888;0.002502656;0.0030443519999999997;0.002405376;0.001476608;0.0016988160000000001;0.001548288;0.00160256;0.002096128;0.0021329920000000002;0.0019230719999999998;0.002244608;0.002368512;0.001995776;0.002031616;0.002316288;0.001882112;0.0032256;0.004975616;0.004661248;0.004484096000000001;0.002945024;0.0058890240000000005;0.009064448000000001;0.012566528;0.016641024;0.011063295999999999;0.00986624;0.007328768;0.013172736;0.018506752;0.005583872;0.005936128;0.004605952;0.005699584;0.004473856;0.003653632;0.004822015999999999;0.0040448;0.0035276800000000005;0.0027320319999999997;0.003263488;0.00312832;0.0028303359999999997;0.002052096;0.0013056;0.0016445440000000002;0.0022528;0.001931264;0.00170496;0.001403904;0.001631232;0.0014530559999999999
1789416900,hdr,0.0293;0.03906;0.04883;0.05859;0.06836;0.07813;0.08789;0.09766;0.10742;0.11719;0.12695;0.13672;0.14648;0.15625;0.16602;0.17578;0.18555;0.19531;0.20508;0.21484;0.22461;0.23438;0.24414;0.25391;0.26367;0.27344;0.2832;0.29297;0.30273;0.3125;0.32227;0.33203;0.3418;0.35156;0.36133;0.37109;0.38086;0.39063;0.40039;0.41016;0.41992;0.42969;0.43945;0.44922;0.45898;0.46875;0.47852;0.48828;0.49805;0.50781;0.51758;0.52734;0.53711;0.54688;0.55664;0.56641;0.57617;0.58594;0.5957;0.60547;0.61523;0.625;0.63477;0.64453;0.6543;0.66406;0.67383;0.68359;0.69336;0.70313;0.71289;0.72266;0.73242;0.74219;0.75195;0.76172;0.77148;0.78125;0.79102,0.004508671999999999;0.012076031999999999;0.00512;0.001782784;0.00499712;0.004006912;0.007337984;0.01069056;0.013717504;0.01882112;0.048643072;0.042469375999999996;0.022648831999999997;0.016062464;0.015956992;0.0055132160000000005;0.003931136;0.001903616;0.0027822079999999996;0.003574784;0.004819968;0.0057344;0.004125696;0.0027566080000000002;0.002072576;0.0015472639999999998;0.000978944;0.001261568;0.002203648;0.00195584;0.0011970559999999997;0.0021329920000000002;0.0027555839999999997;0.00200192;0.0022886399999999998;0.001716224;0.00133632;0.0018944;0.001775616;0.001723392;0.0017356799999999999;0.0021196799999999997;0.001956864;0.0020879360000000003;0.00198656;0.0030627840000000003;0.004992;0.008306688;0.011860992;0.010995712;0.011817983999999998;0.008992768;0.01340928;0.013790208;0.010156031999999999;0.01291776;0.015190015999999999;0.010960896000000001;0.006884352;0.0058890240000000005;0.006242304;0.0045895680000000005;0.003325952;0.0038789120000000004;0.0038799359999999996;0.0044851199999999996;0.003555328;0.004228096;0.00393728;0.002691072;0.002111488;0.0030330879999999998;0.0033464320000000003;0.002586624;0.0022026240000000002;0.002014208;0.002183168;0.0022353919999999997;0.0016650240000000002
1789417800,hdr,0.0293;0.03906;0.04883;0.05859;0.06836;0.07813;0.08789;0.09766;0.10742;0.11719;0.12695;0.13672;0.14648;0.15625;0.16602;0.17578;0.18555;0.19531;0.20508;0.21484;0.22461;0.23438;0.24414;0.25391;0.26367;0.27344;0.2832;0.29297;0.30273;0.3125;0.32227;0.33203;0.3418;0.35156;0.36133;0.37109;0.38086;0.39063;0.40039;0.41016;0.41992;0.42969;0.43945;0.44922;0.45898;0.46875;0.47852;0.48828;0.49805;0.50781;0.51758;0.52734;0.53711;0.54688;0.55664;0.56641;0.57617;0.58594;0.5957;0.60547;0.61523;0.625;0.63477;0.64453;0.6543;0.66406;0.67383;0.68359;0.69336;0.70313;0.71289;0.72266;0.73242;0.74219;0.75195;0.76172;0.77148;0.78125;0.79102,0.00419328;0.009582592000000001;0.01321984;0.006505472;0.007356416;0.008342528;0.008334336000000001;0.017737727999999998;0.017972224000000002;0.024059904;0.039758848;0.033235968;0.034883584;0.032104447999999994;0.025542656000000004;0.016237568;0.0076994559999999995;0.003912704;0.003006464;0.0023511039999999997;0.0019947520000000002;0.00301568;0.00307712;0.0028344320000000004;0.00195584;0.0019230719999999998;0.0014438399999999998;0.001385472;0.001267712;0.001626112;0.00202752;0.002045952;0.00144896;0.001537024;0.0018483199999999999;0.002179072;0.001714176;0.001147904;0.001837056;0.002614272;0.002620416;0.002117632;0.002286592;0.003121152;0.004189184;0.004032511999999999;0.007192576;0.010469376;0.010775551999999999;0.009326592;0.006921216;0.008541183999999999;0.011360255999999999;0.010933248000000001;0.009725952;0.008849408000000001;0.01076224;0.007462912;0.004144128;0.004976639999999999;0.004765696;0.0023572479999999997;0.003151872;0.0059965439999999995;0.005356544;0.004482048;0.004012032;0.0035809279999999997;0.003551232;0.003733504;0.0035850240000000005;0.0033208319999999997;0.003588096;0.002921472;0.002040832;0.001584128;0.001676288;0.00159744;0.001352704
1789418700,hdr,0.0293;0.03906;0.04883;0.05859;0.06836;0.07813;0.08789;0.09766;0.10742;0.11719;0.12695;0.13672;0.14648;0.15625;0.16602;0.17578;0.18555;0.19531;0.20508;0.21484;0.22461;0.23438;0.24414;0.25391;0.26367;0.27344;0.2832;0.29297;0.30273;0.3125;0.32227;0.33203;0.3418;0.35156;0.36133;0.37109;0.38086;0.39063;0.40039;0.41016;0.41992;0.42969;0.43945;0.44922;0.45898;0.46875;0.47852;0.48828;0.49805;0.50781;0.51758;0.52734;0.53711;0.54688;0.55664;0.56641;0.57617;0.58594;0.5957;0.60547;0.61523;0.625;0.63477;0.64453;0.6543;0.66406;0.67383;0.68359;0.69336;0.70313;0.71289;0.72266;0.73242;0.74219;0.75195;0.76172;0.77148;0.78125;0.79102,0.008519679999999998;0.010383360000000001;0.009266176;0.0074803199999999995;0.008860671999999998;0.009479168;0.009125887999999999;0.014455807999999999;0.021613568;0.023010304;0.027804672;0.040118271999999996;0.03439103999999999;0.024397824000000002;0.021527552;0.023989248;0.009982976000000001;0.003055616;0.0038993920000000002;0.003936256;0.0034754559999999996;0.00305664;0.0035809279999999997;0.0033740800000000002;0.0032511999999999997;0.002363392;0.001714176;0.002131968;0.002566144;0.001441792;0.001401856;0.0014592000000000001;0.0016988160000000001;0.0022599680000000002;0.0029306880000000003;0.0031313919999999998;0.002604032;0.002161664;0.0014499839999999999;0.002072576;0.002737152;0.006019072;0.0075325439999999995;0.010921984000000001;0.010180608;0.008148992;0.008310784;0.009428991999999999;0.009194496;0.009495551999999999;0.007481344;0.010176512;0.016751615999999997;0.017439744000000004;0.011142144;0.009474048;0.008707072;0.006943744;0.007486464;0.0065812480000000005;0.002729984;0.003510272;0.004189184;0.004624384;0.004678656;0.002915328;0.002609152;0.004018176;0.0050524160000000005;0.003592192;0.001586176;0.0018012159999999998;0.002646016;0.002863104;0.00265728;0.002444288;0.0024739840000000003;0.002654208;0.0023296
1789419600,hdr,0.0293;0.03906;0.04883;0.05859;0.06836;0.07813;0.08789;0.09766;0.10742;0.11719;0.12695;0.13672;0.14648;0.15625;0.16602;0.17578;0.18555;0.19531;0.20508;0.21484;0.22461;0.23438;0.24414;0.25391;0.26367;0.27344;0.2832;0.29297;0.30273;0.3125;0.32227;0.33203;0.3418;0.35156;0.36133;0.37109;0.38086;0.39063;0.40039;0.41016;0.41992;0.42969;0.43945;0.44922;0.45898;0.46875;0.47852;0.48828;0.49805;0.50781;0.51758;0.52734;0.53711;0.54688;0.55664;0.56641;0.57617;0.58594;0.5957;0.60547;0.61523;0.625;0.63477;0.64453;0.6543;0.66406;0.67383;0.68359;0.69336;0.70313;0.71289;0.72266;0.73242;0.74219;0.75195;0.76172;0.77148;0.78125;0.79102,0.00758272;0.015578112000000002;0.01806336;0.00986112;0.008905728;0.013310976;0.014993408000000001;0.010589184;0.015975424000000002;0.016790528;0.028767232;0.04796416;0.025513984;0.023832576;0.018757632;0.015619071999999998;0.005833728;0.003812352;0.0028344320000000004;0.002973696;0.00239104;0.002228224;0.0021862400000000003;0.001794048;0.002509824;0.0024801280000000003;0.001688576;0.0015616000000000002;0.001108992;0.0011601919999999998;0.0020490240000000004;0.002183168;0.002101248;0.0018636800000000002;0.001655808;0.001968128;0.0018800639999999999;0.0018135039999999999;0.002205696;0.00350208;0.003241984;0.005298175999999999;0.007728128;0.010292223999999999;0.017067008;0.017838080000000003;0.009306112000000002;0.009135104;0.011503616;0.013980672000000001;0.016109567999999998;0.015509503999999999;0.010758144;0.0094464;0.005586944;0.006676479999999999;0.007662591999999999;0.007324672;0.005900287999999999;0.005228544;0.00380416;0.005858304;0.00622592;0.003959808;0.0035860479999999997;0.003165184;0.003065856;0.0028989440000000005;0.0033331199999999997;0.003319808;0.0031744;0.002907136;0.002348032;0.002009088;0.001647616;0.002149376;0.001845248;0.001143808;0.001584128
1789420500,hdr,0.0293;0.03906;0.04883;0.05859;0.06836;0.07813;0.08789;0.09766;0.10742;0.11719;0.12695;0.13672;0.14648;0.15625;0.16602;0.17578;0.18555;0.19531;0.20508;0.21484;0.22461;0.23438;0.24414;0.25391;0.26367;0.27344;0.2832;0.29297;0.30273;0.3125;0.32227;0.33203;0.3418;0.35156;0.36133;0.37109;0.38086;0.39063;0.40039;0.41016;0.41992;0.42969;0.43945;0.44922;0.45898;0.46875;0.47852;0.48828;0.49805;0.50781;0.51758;0.52734;0.53711;0.54688;0.55664;0.56641;0.57617;0.58594;0.5957;0.60547;0.61523;0.625;0.63477;0.64453;0.6543;0.66406;0.67383;0.68359;0.69336;0.70313;0.71289;0.72266;0.73242;0.74219;0.75195;0.76172;0.77148;0.78125;0.79102,0.009771008;0.012746752;0.010098688;0.009353216000000001;0.006562816;0.0038410239999999997;0.005945344;0.012447744;0.011977728000000002;0.015367168;0.02608128;0.024681472;0.033302528000000005;0.036502528;0.038555648;0.013197312;0.00598016;0.0039546880000000005;0.0034959360000000003;0.003129344;0.003014656;0.003340288;0.0029839359999999995;0.0025497600000000003;0.00281088;0.001777664;0.00230912;0.001600512;0.00133632;0.001544192;0.0015267839999999998;0.0012318720000000002;0.001794048;0.0021893120000000005;0.002280448;0.0031887359999999997;0.00251904;0.004127744;0.005424127999999999;0.006584319999999999;0.006474751999999999;0.008272895999999998;0.009895936000000001;0.011889664000000001;0.014148608;0.012164096000000001;0.009148416;0.005814272;0.007479295999999999;0.01107968;0.009535488000000002;0.005961728;0.0038594560000000003;0.00241152;0.0030873599999999995;0.005630976;0.00897536;0.012829696;0.009697279999999999;0.00802816;0.005792768;0.006037504;0.007581696;0.007426048;0.005219328;0.003827712;0.004374527999999999;0.004233216;0.00436736;0.00476672;0.00241152;0.0012625919999999999;0.0022835200000000003;0.00295424;0.004199424;0.0032430080000000003;0.002737152;0.0023848959999999996;0.001741824
1789421400,hdr,0.0293;0.03906;0.04883;0.05859;0.06836;0.07813;0.08789;0.09766;0.10742;0.11719;0.12695;0.13672;0.14648;0.15625;0.16602;0.17578;0.18555;0.19531;0.20508;0.21484;0.22461;0.23438;0.24414;0.25391;0.26367;0.27344;0.2832;0.29297;0.30273;0.3125;0.32227;0.33203;0.3418;0.35156;0.36133;0.37109;0.38086;0.39063;0.40039;0.41016;0.41992;0.42969;0.43945;0.44922;0.45898;0.46875;0.47852;0.48828;0.49805;0.50781;0.51758;0.52734;0.53711;0.54688;0.55664;0.56641;0.57617;0.58594;0.5957;0.60547;0.61523;0.625;0.63477;0.64453;0.6543;0.66406;0.67383;0.68359;0.69336;0.70313;0.71289;0.72266;0.73242;0.74219;0.75195;0.76172;0.77148;0.78125;0.79102,0.007251968;0.011448320000000001;0.012290048000000001;0.009363456000000001;0.006246400000000001;0.0076994559999999995;0.007822336000000001;0.01056256;0.012571648;0.014013439999999999;0.03090432;0.047237119999999994;0.055104512;0.046670848;0.023882752;0.014963711999999999;0.008916992;0.006632448;0.004307968;0.002279424;0.0021268479999999998;0.0021288960000000003;0.001850368;0.002935808;0.002865152;0.002070528;0.001461248;0.002451456;0.00210944;0.0019527680000000001;0.00178176;0.001829888;0.0021872639999999995;0.0019773440000000002;0.0023807999999999998;0.0023807999999999998;0.003084288;0.004924416;0.006144;0.0056381439999999994;0.008462336;0.008554496000000002;0.008853503999999998;0.011411456;0.012975104;0.013481984;0.011311103999999999;0.009111552;0.007005184;0.00407552;0.00406528;0.005669888;0.005019648;0.006680576;0.005854208;0.00508416;0.006265856000000001;0.0037621760000000003;0.005805056;0.006950911999999999;0.0054528;0.005649408000000001;0.005811200000000001;0.006782976;0.006301696;0.003059712;0.00436224;0.006407168;0.0029409279999999998;0.0025958400000000003;0.003750912;0.004215808;0.0036720640000000005;0.003459072;0.0034109440000000004;0.004093952;0.0025989119999999997;0.0024924160000000003;0.002409472
1789422300,hdr,0.0293;0.03906;0.04883;0.05859;0.06836;0.07813;0.08789;0.09766;0.10742;0.11719;0.12695;0.13672;0.14648;0.15625;0.16602;0.17578;0.18555;0.19531;0.20508;0.21484;0.22461;0.23438;0.24414;0.25391;0.26367;0.27344;0.2832;0.29297;0.30273;0.3125;0.32227;0.33203;0.3418;0.35156;0.36133;0.37109;0.38086;0.39063;0.40039;0.41016;0.41992;0.42969;0.43945;0.44922;0.45898;0.46875;0.47852;0.48828;0.49805;0.50781;0.51758;0.52734;0.53711;0.54688;0.55664;0.56641;0.57617;0.58594;0.5957;0.60547;0.61523;0.625;0.63477;0.64453;0.6543;0.66406;0.67383;0.68359;0.69336;0.70313;0.71289;0.72266;0.73242;0.74219;0.75195;0.76172;0.77148;0.78125;0.79102,0.00648192;0.013069312;0.01029632;0.006380544000000001;0.007230464;0.005472255999999999;0.006198272;0.012210176000000001;0.011897856000000002;0.014724095999999999;0.026080255999999996;0.03685068799999999;0.045704192;0.033178624;0.013335552;0.010188800000000001;0.004549632;0.002691072;0.001840128;0.002021376;0.001371136;0.002131968;0.0028467199999999996;0.002210816;0.0015656959999999999;0.001555456;0.001956864;0.001521664;0.0013752319999999999;0.000910336;0.000867328;0.0009297919999999999;0.00170496;0.0018442240000000002;0.00146432;0.002516992;0.0036608;0.00274944;0.0023234560000000002;0.003224576;0.005352448;0.006656;0.007847936;0.011547648;0.012439552000000001;0.007996416000000001;0.008003584;0.006700032;0.007559168;0.0065218559999999995;0.005449728;0.006457344;0.005316608;0.0038266879999999995;0.003291136;0.004189184;0.004115456;0.003770368;0.0041472;0.0029429759999999995;0.0022302719999999997;0.003434496;0.0032604160000000004;0.003622912;0.004783103999999999;0.003621888;0.0022466560000000005;0.002835456;0.0039424;0.004948991999999999;0.0029952000000000004;0.0026521599999999998;0.00239616;0.002366464;0.0026644480000000003;0.002777088;0.002286592;0.001619968;0.0019773440000000002
1789423200,hdr,0.0293;0.03906;0.04883;0.05859;0.06836;0.07813;0.08789;0.09766;0.10742;0.11719;0.12695;0.13672;0.14648;0.15625;0.16602;0.17578;0.18555;0.19531;0.20508;0.21484;0.22461;0.23438;0.24414;0.25391;0.26367;0.27344;0.2832;0.29297;0.30273;0.3125;0.32227;0.33203;0.3418;0.35156;0.36133;0.37109;0.38086;0.39063;0.40039;0.41016;0.41992;0.42969;0.43945;0.44922;0.45898;0.46875;0.47852;0.48828;0.49805;0.50781;0.51758;0.52734;0.53711;0.54688;0.55664;0.56641;0.57617;0.58594;0.5957;0.60547;0.61523;0.625;0.63477;0.64453;0.6543;0.66406;0.67383;0.68359;0.69336;0.70313;0.71289;0.72266;0.73242;0.74219;0.75195;0.76172;0.77148;0.78125;0.79102,0.011972608;0.014256128;0.008654848;0.014619647999999999;0.00818688;0.005465088;0.0024012799999999996;0.006898688;0.011697152;0.012015616;0.016175104000000003;0.01853952;0.029740032;0.022362112;0.021507072;0.014473216;0.007932928;0.0065638400000000005;0.0037836799999999998;0.0016435199999999999;0.001913856;0.001933312;0.001426432;0.0021329920000000002;0.002543616;0.001654784;0.001524736;0.001775616;0.001234944;0.000878592;0.000787456;0.0006123519999999999;0.000995328;0.0013260799999999999;0.0011970559999999997;0.0015677439999999998;0.00192;0.0023275519999999997;0.00258048;0.004017152;0.00567808;0.006440959999999999;0.00471552;0.007933952;0.011149312;0.012894208;0.010939392;0.008725504;0.005919743999999999;0.010560512;0.008481792000000002;0.006019072;0.006178816000000001;0.0048486399999999995;0.002914304;0.002961408;0.003434496;0.0038594560000000003;0.002798592;0.00326656;0.003165184;0.0037662719999999998;0.003309568;0.004103168000000001;0.002777088;0.003171328;0.0025456639999999996;0.002911232;0.002028544;0.0018421759999999998;0.0025753599999999996;0.002006016;0.0021667839999999997;0.002362368;0.002199552;0.0029798399999999997;0.003274752;0.00266752;0.00237568
1789424100,hdr,0.0293;0.03906;0.04883;0.05859;0.06836;0.07813;0.08789;0.09766;0.10742;0.11719;0.12695;0.13672;0.14648;0.15625;0.16602;0.17578;0.18555;0.19531;0.20508;0.21484;0.22461;0.23438;0.24414;0.25391;0.26367;0.27344;0.2832;0.29297;0.30273;0.3125;0.32227;0.33203;0.3418;0.35156;0.36133;0.37109;0.38086;0.39063;0.40039;0.41016;0.41992;0.42969;0.43945;0.44922;0.45898;0.46875;0.47852;0.48828;0.49805;0.50781;0.51758;0.52734;0.53711;0.54688;0.55664;0.56641;0.57617;0.58594;0.5957;0.60547;0.61523;0.625;0.63477;0.64453;0.6543;0.66406;0.67383;0.68359;0.69336;0.70313;0.71289;0.72266;0.73242;0.74219;0.75195;0.76172;0.77148;0.78125;0.79102,0.001654784;0.004103168000000001;0.004794368;0.007607296;0.008849408000000001;0.004734975999999999;0.0022026240000000002;0.008315904;0.008551424;0.007965696;0.014630912000000001;0.022407167999999998;0.033573887999999996;0.022828031999999998;0.020901888;0.016489471999999998;0.010958848;0.004692992;0.0022906879999999995;0.001999872;0.001447936;0.0020582400000000002;0.0017674240000000003;0.0017203200000000002;0.0017735679999999999;0.002258944;0.00151552;0.001661952;0.001036288;0.00150016;0.00135168;0.001716224;0.0021360640000000005;0.0028672;0.003480576;0.002435072;0.002267136;0.002134016;0.0027013120000000004;0.002578432;0.00433152;0.005219328;0.005182464000000001;0.009164799999999999;0.01585152;0.015896576;0.014360576;0.012470272;0.011762688;0.010134528;0.006035456;0.004974592000000001;0.003088384;0.003731456;0.00417792;0.004413439999999999;0.004499456;0.004538368;0.0041492479999999995;0.003198976;0.00379392;0.00343552;0.0032532480000000003;0.0042536959999999995;0.004550656;0.0038860800000000005;0.0030126080000000004;0.002642944;0.002420736;0.002445312;0.0014438399999999998;0.001637376;0.001681408;0.001451008;0.0019230719999999998;0.00187392;0.002425856;0.0019230719999999998;0.0016168960000000003
1789425000,hdr,0.0293;0.03906;0.04883;0.05859;0.06836;0.07813;0.08789;0.09766;0.10742;0.11719;0.12695;0.13672;0.14648;0.15625;0.16602;0.17578;0.18555;0.19531;0.20508;0.21484;0.22461;0.23438;0.24414;0.25391;0.26367;0.27344;0.2832;0.29297;0.30273;0.3125;0.32227;0.33203;0.3418;0.35156;0.36133;0.37109;0.38086;0.39063;0.40039;0.41016;0.41992;0.42969;0.43945;0.44922;0.45898;0.46875;0.47852;0.48828;0.49805;0.50781;0.51758;0.52734;0.53711;0.54688;0.55664;0.56641;0.57617;0.58594;0.5957;0.60547;0.61523;0.625;0.63477;0.64453;0.6543;0.66406;0.67383;0.68359;0.69336;0.70313;0.71289;0.72266;0.73242;0.74219;0.75195;0.76172;0.77148;0.78125;0.79102,0.001429504;0.00299008;0.003065856;0.00472064;0.005393408000000001;0.0027453439999999994;0.002374656;0.008452096;0.013431808000000002;0.014491648;0.019890176;0.028374016;0.031213568;0.026672128;0.017533952;0.013778944;0.008395776;0.004969472;0.0022425599999999998;0.001783808;0.0019968;0.0014796800000000001;0.0016384000000000001;0.0023388159999999996;0.00178176;0.0015616000000000002;0.001293312;0.0019968;0.001891328;0.0019230719999999998;0.001814528;0.002886656;0.0033832960000000005;0.0034365439999999997;0.003813376;0.006027264;0.004346879999999999;0.0025753599999999996;0.00266752;0.001876992;0.001887232;0.003221504;0.005654528000000001;0.005711872;0.007673856;0.005499904;0.005142528;0.006553600000000001;0.007169024;0.007299072;0.007299072;0.00854528;0.006757376;0.003579904;0.003786752;0.004050944000000001;0.0035932159999999998;0.003439616;0.004209664;0.003074048;0.001995776;0.001928192;0.0022702079999999997;0.0020858880000000006;0.00309248;0.002551808;0.002308096;0.00222208;0.002172928;0.00268288;0.00325632;0.00229888;0.002494464;0.002762752;0.00169984;0.0014376960000000002;0.0011417600000000001;0.001637376;0.002173952
1789425900,hdr,0.0293;0.03906;0.04883;0.05859;0.06836;0.07813;0.08789;0.09766;0.10742;0.11719;0.12695;0.13672;0.14648;0.15625;0.16602;0.17578;0.18555;0.19531;0.20508;0.21484;0.22461;0.23438;0.24414;0.25391;0.26367;0.27344;0.2832;0.29297;0.30273;0.3125;0.32227;0.33203;0.3418;0.35156;0.36133;0.37109;0.38086;0.39063;0.40039;0.41016;0.41992;0.42969;0.43945;0.44922;0.45898;0.46875;0.47852;0.48828;0.49805;0.50781;0.51758;0.52734;0.53711;0.54688;0.55664;0.56641;0.57617;0.58594;0.5957;0.60547;0.61523;0.625;0.63477;0.64453;0.6543;0.66406;0.67383;0.68359;0.69336;0.70313;0.71289;0.72266;0.73242;0.74219;0.75195;0.76172;0.77148;0.78125;0.79102,0.003296256;0.006979584;0.007023616;0.0034242560000000005;0.0013660159999999998;0.0020858880000000006;0.003581952;0.008829952;0.009325568000000001;0.006750208;0.015122432;0.021743615999999997;0.018237439999999997;0.028357631999999997;0.026256384;0.012219391999999999;0.007172095999999999;0.003273728;0.001410048;0.001854464;0.0015892480000000001;0.00129024;0.0027893759999999997;0.0031232000000000005;0.0024791039999999998;0.001426432;0.001538048;0.0014714879999999997;0.0012308479999999999;0.0014653440000000002;0.00125952;0.003017728;0.0039034879999999997;0.002864128;0.0041216000000000004;0.0051025919999999995;0.004195328;0.002993152;0.0021299199999999996;0.002066432;0.0034181119999999996;0.00326144;0.003566592;0.003452928;0.0036474880000000004;0.005360640000000001;0.007617536;0.007282688;0.008206336000000002;0.010860544000000001;0.004893696;0.006544384;0.005865472;0.003658752;0.003642368;0.0045844480000000005;0.0036085759999999996;0.0031406079999999996;0.001915904;0.003953664;0.0035932159999999998;0.0025671680000000003;0.001862656;0.002228224;0.0021268479999999998;0.0022097920000000004;0.0015851519999999998;0.001286144;0.001714176;0.002097152;0.002932736;0.001775616;0.001726464;0.0018278399999999998;0.002086912;0.0013639680000000001;0.000813056;0.00107008;0.0013393919999999998
1789426800,hdr,0.0293;0.03906;0.04883;0.05859;0.06836;0.07813;0.08789;0.09766;0.10742;0.11719;0.12695;0.13672;0.14648;0.15625;0.16602;0.17578;0.18555;0.19531;0.20508;0.21484;0.22461;0.23438;0.24414;0.25391;0.26367;0.27344;0.2832;0.29297;0.30273;0.3125;0.32227;0.33203;0.3418;0.35156;0.36133;0.37109;0.38086;0.39063;0.40039;0.41016;0.41992;0.42969;0.43945;0.44922;0.45898;0.46875;0.47852;0.48828;0.49805;0.50781;0.51758;0.52734;0.53711;0.54688;0.55664;0.56641;0.57617;0.58594;0.5957;0.60547;0.61523;0.625;0.63477;0.64453;0.6543;0.66406;0.67383;0.68359;0.69336;0.70313;0.71289;0.72266;0.73242;0.74219;0.75195;0.76172;0.77148;0.78125;0.79102,0.005743616;0.009175039999999999;0.012969984;0.012532736000000001;0.00684032;0.005510144;0.005706752;0.011799552;0.0162304;0.00825856;0.009361408000000002;0.014266368;0.023142399999999997;0.036896768;0.029564928;0.017127424000000002;0.007588864000000001;0.00309248;0.001898496;0.001835008;0.0013506560000000002;0.001265664;0.0020490240000000004;0.002052096;0.0015226880000000001;0.0012994559999999998;0.0012554240000000002;0.001502208;0.0015667199999999997;0.002238464;0.0024637440000000004;0.004845568000000001;0.006959104000000001;0.005599232;0.004082688;0.003422208;0.0030781439999999997;0.002671616;0.0027320319999999997;0.002563072;0.002456576;0.00215552;0.0027729919999999997;0.0039874559999999995;0.00452608;0.004092928;0.004178944;0.006072320000000001;0.005187583999999999;0.004504576;0.005317631999999999;0.003662848;0.001973248;0.001846272;0.001898496;0.002412544;0.0029184000000000002;0.0024832;0.001839104;0.001452032;0.001376256;0.00149504;0.001652736;0.001348608;0.0011202559999999998;0.0012625919999999999;0.001676288;0.001288192;0.0006092800000000001;0.0007086080000000001;0.001158144;0.00065536;0.0010813440000000001;0.001283072;0.001234944;0.001091584;0.0008089600000000001;0.001004544;0.001057792
1789427700,hdr,0.0293;0.03906;0.04883;0.05859;0.06836;0.07813;0.08789;0.09766;0.10742;0.11719;0.12695;0.13672;0.14648;0.15625;0.16602;0.17578;0.18555;0.19531;0.20508;0.21484;0.22461;0.23438;0.24414;0.25391;0.26367;0.27344;0.2832;0.29297;0.30273;0.3125;0.32227;0.33203;0.3418;0.35156;0.36133;0.37109;0.38086;0.39063;0.40039;0.41016;0.41992;0.42969;0.43945;0.44922;0.45898;0.46875;0.47852;0.48828;0.49805;0.50781;0.51758;0.52734;0.53711;0.54688;0.55664;0.56641;0.57617;0.58594;0.5957;0.60547;0.61523;0.625;0.63477;0.64453;0.6543;0.66406;0.67383;0.68359;0.69336;0.70313;0.71289;0.72266;0.73242;0.74219;0.75195;0.76172;0.77148;0.78125;0.79102,0.004896768;0.007287808;0.009534464;0.010569727999999999;0.004470783999999999;0.001860608;0.002825216;0.0073062399999999994;0.011272192;0.008986624000000002;0.013785088;0.022091775999999997;0.023296;0.025134080000000003;0.021016576000000002;0.01814528;0.0060262399999999995;0.002961408;0.0018442240000000002;0.001527808;0.001056768;0.0013905920000000002;0.001700864;0.001297408;0.001425408;0.00125952;0.002060288;0.002118656;0.0024227840000000003;0.0027566080000000002;0.0032593920000000003;0.0034949119999999998;0.00362496;0.004451328;0.006173696;0.0050350080000000005;0.0052418560000000005;0.0029716480000000003;0.00231424;0.002299904;0.003088384;0.003079168;0.002497536;0.0023470080000000003;0.004284416;0.003134464;0.002589696;0.005767168;0.005931008000000001;0.005578751999999999;0.005408768;0.003299328;0.003427328;0.002931712;0.0021821440000000004;0.0025651199999999997;0.002066432;0.002013184;0.002151424;0.001961984;0.0013352960000000001;0.00119808;0.001460224;0.001632256;0.00146432;0.0009564160000000001;0.000637952;0.000596992;0.000750592;0.000754688;0.00065536;0.000676864;0.000966656;0.0009717759999999999;0.0009216000000000001;0.0010127360000000002;0.000807936;0.000631808;0.000720896
1789428600,hdr,0.0293;0.03906;0.04883;0.05859;0.06836;0.07813;0.08789;0.09766;0.10742;0.11719;0.12695;0.13672;0.14648;0.15625;0.16602;0.17578;0.18555;0.19531;0.20508;0.21484;0.22461;0.23438;0.24414;0.25391;0.26367;0.27344;0.2832;0.29297;0.30273;0.3125;0.32227;0.33203;0.3418;0.35156;0.36133;0.37109;0.38086;0.39063;0.40039;0.41016;0.41992;0.42969;0.43945;0.44922;0.45898;0.46875;0.47852;0.48828;0.49805;0.50781;0.51758;0.52734;0.53711;0.54688;0.55664;0.56641;0.57617;0.58594;0.5957;0.60547;0.61523;0.625;0.63477;0.64453;0.6543;0.66406;0.67383;0.68359;0.69336;0.70313;0.71289;0.72266;0.73242;0.74219;0.75195;0.76172;0.77148;0.78125;0.79102,0.006801408;0.008223744;0.007740416;0.007189504;0.007980032;0.010124288;0.0017459199999999998;0.006836223999999999;0.014061568;0.008809472;0.007816192;0.010721280000000001;0.016678912;0.030616575999999996;0.028115967999999998;0.014892032000000001;0.006637568;0.004135936;0.00246272;0.002325504;0.0023347199999999998;0.001552384;0.002304;0.001744896;0.002101248;0.001910784;0.0012554240000000002;0.0015513600000000001;0.0016650240000000002;0.002229248;0.002646016;0.003674112;0.003222528;0.00366592;0.003390464;0.00265728;0.0031744;0.002111488;0.0036403200000000003;0.00388096;0.002374656;0.002617344;0.0035471359999999998;0.0026347520000000006;0.002200576;0.00217088;0.00242176;0.003798016;0.003150848;0.00242688;0.004018176;0.003432448;0.004072447999999999;0.0030525440000000004;0.002185216;0.002816;0.002679808;0.00197632;0.0020029439999999996;0.001809408;0.0015872;0.002123776;0.00153088;0.000899072;0.001184768;0.000646144;0.000979968;0.001799168;0.001114112;0.0010956800000000001;0.0013342719999999998;0.001716224;0.002040832;0.001007616;0.0012185600000000003;0.0010465279999999997;0.0012789759999999998;0.00123904;0.000738304
1789429500,hdr,0.0293;0.03906;0.04883;0.05859;0.06836;0.07813;0.08789;0.09766;0.10742;0.11719;0.12695;0.13672;0.14648;0.15625;0.16602;0.17578;0.18555;0.19531;0.20508;0.21484;0.22461;0.23438;0.24414;0.25391;0.26367;0.27344;0.2832;0.29297;0.30273;0.3125;0.32227;0.33203;0.3418;0.35156;0.36133;0.37109;0.38086;0.39063;0.40039;0.41016;0.41992;0.42969;0.43945;0.44922;0.45898;0.46875;0.47852;0.48828;0.49805;0.50781;0.51758;0.52734;0.53711;0.54688;0.55664;0.56641;0.57617;0.58594;0.5957;0.60547;0.61523;0.625;0.63477;0.64453;0.6543;0.66406;0.67383;0.68359;0.69336;0.70313;0.71289;0.72266;0.73242;0.74219;0.75195;0.76172;0.77148;0.78125;0.79102,0.007607296;0.009617408;0.004793344;0.003982336;0.006079487999999999;0.0027852800000000002;0.00276992;0.007195648;0.005643264;0.008902656;0.00848384;0.013277184;0.02613248;0.030040064000000002;0.0219904;0.010043392000000002;0.004824064;0.002944;0.00123392;0.00154624;0.0015667199999999997;0.00133632;0.001483776;0.001396736;0.0014581759999999998;0.0014233599999999998;0.00151552;0.001931264;0.0033310719999999996;0.002231296;0.0022476799999999997;0.002674688;0.003757056;0.0030126080000000004;0.00397824;0.004350976;0.0035327999999999996;0.00311808;0.0021534719999999996;0.0015114240000000001;0.001580032;0.001905664;0.00262144;0.0023500800000000005;0.001942528;0.0019937279999999997;0.001591296;0.001846272;0.002052096;0.00190976;0.00206848;0.0027504639999999998;0.0023203839999999996;0.0023674879999999996;0.003453952;0.0032256;0.00244736;0.0027658239999999996;0.002717696;0.002368512;0.0024340480000000003;0.002522112;0.0018687999999999999;0.0011284479999999998;0.001206272;0.001325056;0.000984064;0.0011601919999999998;0.0007976959999999999;0.000714752;0.000726016;0.000861184;0.000790528;0.0009727999999999999;0.00103424;0.0008837120000000001;0.001117184;0.001145856;0.001185792
