Epoch Time,Processing Source,f,varianceDensity
1788480000,hdr,0.0293;0.03906;0.04883;0.05859;0.06836;0.07813;0.08789;0.09766;0.10742;0.11719;0.12695;0.13672;0.14648;0.15625;0.16602;0.17578;0.18555;0.19531;0.20508;0.21484;0.22461;0.23438;0.24414;0.25391;0.26367;0.27344;0.2832;0.29297;0.30273;0.3125;0.32227;0.33203;0.3418;0.35156;0.36133;0.37109;0.38086;0.39063;0.40039;0.41016;0.41992;0.42969;0.43945;0.44922;0.45898;0.46875;0.47852;0.48828;0.49805;0.50781;0.51758;0.52734;0.53711;0.54688;0.55664;0.56641;0.57617;0.58594;0.5957;0.60547;0.61523;0.625;0.63477;0.64453;0.6543;0.66406;0.67383;0.68359;0.69336;0.70313;0.71289;0.72266;0.73242;0.74219;0.75195;0.76172;0.77148;0.78125;0.79102,0.0022886399999999998;0.005158912;0.008231936;0.010369024;0.007696384;0.001782784;0.002968576;0.013205504;0.025729023999999996;0.045609984;0.055816192;0.10062336;0.148134912;0.192971776;0.32379187200000004;0.27668992;0.14867148800000002;0.137490432;0.128678912;0.078613504;0.081155072;0.074908672;0.057785344;0.043244543999999996;0.0443136;0.038507519999999996;0.026441728;0.024285184;0.018006016;0.020302848000000002;0.0217088;0.018270208;0.009971711999999999;0.011744256;0.010335232;0.008213504000000002;0.010505216;0.008109056;0.0055132160000000005;0.007379968;0.007483392;0.006439936;0.004475903999999999;0.004783103999999999;0.004272128000000001;0.00516608;0.005302272;0.003765248;0.003913728;0.00271872;0.00180224;0.002146304;0.0024309759999999996;0.001289216;0.001681408;0.00193536;0.001937408;0.002865152;0.0021504000000000002;0.001425408;0.001229824;0.0013701120000000002;0.001604608;0.002069504;0.002477056;0.001961984;0.001678336;0.001412096;0.000712704;0.000653312;0.000899072;0.000995328;0.001189888;0.001164288;0.00115712;0.0013199359999999999;0.0013680639999999998;0.001308672;0.0011007999999999999
1788480900,hdr,0.0293;0.03906;0.04883;0.05859;0.06836;0.07813;0.08789;0.09766;0.10742;0.11719;0.12695;0.13672;0.14648;0.15625;0.16602;0.17578;0.18555;0.19531;0.20508;0.21484;0.22461;0.23438;0.24414;0.25391;0.26367;0.27344;0.2832;0.29297;0.30273;0.3125;0.32227;0.33203;0.3418;0.35156;0.36133;0.37109;0.38086;0.39063;0.40039;0.41016;0.41992;0.42969;0.43945;0.44922;0.45898;0.46875;0.47852;0.48828;0.49805;0.50781;0.51758;0.52734;0.53711;0.54688;0.55664;0.56641;0.57617;0.58594;0.5957;0.60547;0.61523;0.625;0.63477;0.64453;0.6543;0.66406;0.67383;0.68359;0.69336;0.70313;0.71289;0.72266;0.73242;0.74219;0.75195;0.76172;0.77148;0.78125;0.79102,0.003329024;0.00359936;0.004255744;0.005181440000000001;0.0077987840000000004;0.004303872;0.007796736;0.019153919999999998;0.031637504000000004;0.035180543999999994;0.029590527999999998;0.04619878400000001;0.132922368;0.21571072;0.20691865599999998;0.130245632;0.17874124800000002;0.24349184;0.148404224;0.086396928;0.061008896;0.054521856;0.04826112;0.050370559999999995;0.047234048;0.039824384000000004;0.034402304;0.031509504;0.02382848;0.019779584;0.024162304;0.027442176;0.015167488000000002;0.008324096000000001;0.013118464;0.01055232;0.006672384;0.009261056;0.006638592;0.007943168;0.004922368;0.005814272;0.00689152;0.0042485760000000004;0.003748864;0.003885056;0.0038144;0.0029798399999999997;0.00222208;0.002184192;0.002737152;0.004184064;0.0034109440000000004;0.002110464;0.001743872;0.001317888;0.0017848319999999999;0.0018237440000000002;0.0017889280000000002;0.0019517439999999998;0.002004992;0.0019435519999999999;0.000900096;0.001809408;0.002203648;0.001527808;0.001557504;0.0010803199999999998;0.0012113920000000002;0.00131072;0.000871424;0.0009912319999999999;0.00118784;0.001385472;0.001006592;0.000760832;0.000646144;0.00080384;0.000731136
1788481800,hdr,0.0293;0.03906;0.04883;0.05859;0.06836;0.07813;0.08789;0.09766;0.10742;0.11719;0.12695;0.13672;0.14648;0.15625;0.16602;0.17578;0.18555;0.19531;0.20508;0.21484;0.22461;0.23438;0.24414;0.25391;0.26367;0.27344;0.2832;0.29297;0.30273;0.3125;0.32227;0.33203;0.3418;0.35156;0.36133;0.37109;0.38086;0.39063;0.40039;0.41016;0.41992;0.42969;0.43945;0.44922;0.45898;0.46875;0.47852;0.48828;0.49805;0.50781;0.51758;0.52734;0.53711;0.54688;0.55664;0.56641;0.57617;0.58594;0.5957;0.60547;0.61523;0.625;0.63477;0.64453;0.6543;0.66406;0.67383;0.68359;0.69336;0.70313;0.71289;0.72266;0.73242;0.74219;0.75195;0.76172;0.77148;0.78125;0.79102,0.004071424000000001;0.007778304;0.010251264000000001;0.014194688;0.008396800000000001;0.0047104;0.0031784960000000003;0.01872384;0.048292864000000005;0.020542464;0.02928128;0.06340095999999999;0.088500224;0.181110784;0.278752256;0.27869388800000006;0.200845312;0.165726208;0.154573824;0.12596838400000002;0.128590848;0.054586368;0.029505536;0.022918144;0.030707711999999998;0.023462912;0.023739392;0.020149247999999998;0.017895424;0.021629952;0.018653184;0.012402688;0.010221567999999999;0.006979584;0.008253439999999999;0.011250688;0.01106944;0.007723008;0.005131264;0.00525312;0.005860352;0.005775359999999999;0.004716544;0.002919424;0.002976768;0.00367104;0.003654656;0.0030535679999999996;0.002014208;0.003912704;0.00369152;0.003049472;0.002108416;0.0018800639999999999;0.001108992;0.0017489920000000002;0.002071552;0.0020398079999999997;0.001404928;0.000826368;0.000605184;0.0009584639999999999;0.00104448;0.001103872;0.001531904;0.0018421759999999998;0.0012462080000000002;0.0014592000000000001;0.001127424;0.001649664;0.001107968;0.0009349119999999999;0.000945152;0.0009205759999999999;0.0006144;0.000528384;0.000659456;0.0005713920000000001;0.000432128
1788482700,hdr,0.0293;0.03906;0.04883;0.05859;0.06836;0.07813;0.08789;0.09766;0.10742;0.11719;0.12695;0.13672;0.14648;0.15625;0.16602;0.17578;0.18555;0.19531;0.20508;0.21484;0.22461;0.23438;0.24414;0.25391;0.26367;0.27344;0.2832;0.29297;0.30273;0.3125;0.32227;0.33203;0.3418;0.35156;0.36133;0.37109;0.38086;0.39063;0.40039;0.41016;0.41992;0.42969;0.43945;0.44922;0.45898;0.46875;0.47852;0.48828;0.49805;0.50781;0.51758;0.52734;0.53711;0.54688;0.55664;0.56641;0.57617;0.58594;0.5957;0.60547;0.61523;0.625;0.63477;0.64453;0.6543;0.66406;0.67383;0.68359;0.69336;0.70313;0.71289;0.72266;0.73242;0.74219;0.75195;0.76172;0.77148;0.78125;0.79102,0.0011243520000000001;0.007118848;0.005783552000000001;0.003369984;0.00442368;0.0018636800000000002;0.003183616;0.011260928;0.024906752;0.029022207999999997;0.024870912000000002;0.067934208;0.171308032;0.187579392;0.15879168000000002;0.178167808;0.130871296;0.07565926399999999;0.056782848;0.055238656;0.060883968000000004;0.05236019199999999;0.042252288;0.046690303999999995;0.04160716800000001;0.025263103999999998;0.023640064;0.02288128;0.02118656;0.020614144;0.008027136;0.006707200000000001;0.009544704;0.009450496;0.007768064000000001;0.005925888;0.005533696;0.006878207999999999;0.0055951360000000006;0.00576512;0.00605696;0.005200896000000001;0.003555328;0.00352256;0.003504128;0.003323904;0.0036720640000000005;0.0017244159999999999;0.003264512;0.004832256;0.004366336;0.0024299520000000004;0.001586176;0.0019087359999999999;0.001794048;0.001774592;0.0017203200000000002;0.0014929920000000003;0.0014499839999999999;0.001297408;0.0013547519999999999;0.0007884799999999999;0.0012400640000000001;0.001422336;0.00087552;0.000937984;0.001133568;0.000966656;0.000796672;0.001234944;0.00136192;0.0011776;0.0006656;0.0006502400000000001;0.000748544;0.00070656;0.000605184;0.000447488;0.00031232
1788484500,hdr,0.0293;0.03906;0.04883;0.05859;0.06836;0.07813;0.08789;0.09766;0.10742;0.11719;0.12695;0.13672;0.14648;0.15625;0.16602;0.17578;0.18555;0.19531;0.20508;0.21484;0.22461;0.23438;0.24414;0.25391;0.26367;0.27344;0.2832;0.29297;0.30273;0.3125;0.32227;0.33203;0.3418;0.35156;0.36133;0.37109;0.38086;0.39063;0.40039;0.41016;0.41992;0.42969;0.43945;0.44922;0.45898;0.46875;0.47852;0.48828;0.49805;0.50781;0.51758;0.52734;0.53711;0.54688;0.55664;0.56641;0.57617;0.58594;0.5957;0.60547;0.61523;0.625;0.63477;0.64453;0.6543;0.66406;0.67383;0.68359;0.69336;0.70313;0.71289;0.72266;0.73242;0.74219;0.75195;0.76172;0.77148;0.78125;0.79102,0.000802816;0.001890304;0.002295808;0.003897344;0.003311616;0.0011233280000000003;0.0006912;0.008411136;0.022852608;0.034541568;0.05896499200000001;0.032669696000000005;0.09600204799999999;0.145754112;0.150739968;0.125913088;0.08924364799999998;0.09727897599999999;0.07215001599999998;0.070600704;0.048970752;0.043718656;0.056260608000000004;0.033724416;0.023269376;0.029223936;0.0225536;0.014724095999999999;0.021651456;0.012536832;0.015578112000000002;0.013441024000000001;0.011128831999999998;0.008824832;0.007184384;0.009020416000000002;0.009322496;0.007081984;0.005154816;0.0037304319999999997;0.00404992;0.004089856;0.0027975680000000003;0.003401728;0.00471552;0.003821568;0.002587648;0.0022097920000000004;0.002169856;0.001837056;0.002315264;0.0018176000000000002;0.00117248;0.001098752;0.001161216;0.000909312;0.001292288;0.001790976;0.001381376;0.0011233280000000003;0.001189888;0.0011786239999999999;0.00123392;0.000872448;0.0007884799999999999;0.000881664;0.0009768959999999999;0.00087552;0.0008929280000000001;0.000854016;0.000497664;0.0006144;0.000401408;0.00039628799999999996;0.0004986880000000001;0.000365568;0.00031744;0.000526336;0.000401408
1788485400,hdr,0.0293;0.03906;0.04883;0.05859;0.06836;0.07813;0.08789;0.09766;0.10742;0.11719;0.12695;0.13672;0.14648;0.15625;0.16602;0.17578;0.18555;0.19531;0.20508;0.21484;0.22461;0.23438;0.24414;0.25391;0.26367;0.27344;0.2832;0.29297;0.30273;0.3125;0.32227;0.33203;0.3418;0.35156;0.36133;0.37109;0.38086;0.39063;0.40039;0.41016;0.41992;0.42969;0.43945;0.44922;0.45898;0.46875;0.47852;0.48828;0.49805;0.50781;0.51758;0.52734;0.53711;0.54688;0.55664;0.56641;0.57617;0.58594;0.5957;0.60547;0.61523;0.625;0.63477;0.64453;0.6543;0.66406;0.67383;0.68359;0.69336;0.70313;0.71289;0.72266;0.73242;0.74219;0.75195;0.76172;0.77148;0.78125;0.79102,0.002505728;0.0040294400000000005;0.0044974080000000005;0.003298304;0.005520384;0.001856512;0.001675264;0.014070784;0.025306112;0.025721856;0.041238528;0.04432896;0.09183744;0.17181593599999997;0.14324326400000004;0.11623526399999999;0.121358336;0.10222387200000001;0.097727488;0.064753664;0.029917183999999996;0.022023168;0.048135168;0.035040256;0.025105408;0.022421504;0.018018304;0.018715648;0.019994624000000003;0.022457343999999997;0.013480959999999998;0.013887488;0.012560384;0.011267072;0.00812032;0.005646336;0.004744192;0.004527104;0.004775936;0.004448255999999999;0.002638848;0.0024494079999999997;0.003323904;0.002870272;0.004099072;0.00335872;0.0027514880000000003;0.001956864;0.002000896;0.0024872960000000004;0.0019937279999999997;0.00169984;0.0015738879999999998;0.0016291839999999999;0.00136192;0.0016128;0.000766976;0.001050624;0.000736256;0.001380352;0.0011786239999999999;0.0009594880000000001;0.000887808;0.0007884799999999999;0.0009144320000000001;0.000827392;0.000813056;0.000490496;0.00042496;0.000592896;0.0006574080000000001;0.000698368;0.000668672;0.000715776;0.0007116799999999999;0.000715776;0.000492544;0.0004352;0.000339968
1788486300,hdr,0.0293;0.03906;0.04883;0.05859;0.06836;0.07813;0.08789;0.09766;0.10742;0.11719;0.12695;0.13672;0.14648;0.15625;0.16602;0.17578;0.18555;0.19531;0.20508;0.21484;0.22461;0.23438;0.24414;0.25391;0.26367;0.27344;0.2832;0.29297;0.30273;0.3125;0.32227;0.33203;0.3418;0.35156;0.36133;0.37109;0.38086;0.39063;0.40039;0.41016;0.41992;0.42969;0.43945;0.44922;0.45898;0.46875;0.47852;0.48828;0.49805;0.50781;0.51758;0.52734;0.53711;0.54688;0.55664;0.56641;0.57617;0.58594;0.5957;0.60547;0.61523;0.625;0.63477;0.64453;0.6543;0.66406;0.67383;0.68359;0.69336;0.70313;0.71289;0.72266;0.73242;0.74219;0.75195;0.76172;0.77148;0.78125;0.79102,0.0017377279999999998;0.002444288;0.00261632;0.00599552;0.009092096;0.003928064;0.0007372800000000001;0.006371328000000001;0.021033984000000002;0.024464384;0.043222016;0.0444672;0.08214937600000001;0.146792448;0.17141247999999998;0.099903488;0.128606208;0.10631987200000001;0.082511872;0.065552384;0.031314944;0.027552768;0.037014528;0.033112064;0.025639936;0.018276352;0.02343424;0.0201472;0.020124672;0.01114624;0.009271296;0.01206784;0.01100288;0.008927232;0.008154112;0.006404096000000001;0.003048448;0.0032440319999999996;0.005184512;0.00479232;0.004250624;0.00391168;0.003877888;0.003452928;0.004071424000000001;0.004742143999999999;0.003728384;0.00298496;0.002440192;0.0025047039999999995;0.0020736;0.002139136;0.001558528;0.001906688;0.002272256;0.001824768;0.00234496;0.00207872;0.001251328;0.0007772160000000001;0.000984064;0.000847872;0.0008704;0.0008622079999999999;0.000966656;0.0007423999999999999;0.000668672;0.00067072;0.000616448;0.0008222720000000001;0.0005632;0.000531456;0.000493568;0.000418816;0.000375808;0.00037785600000000004;0.000461824;0.00036249599999999997;0.000451584
1788487200,hdr,0.0293;0.03906;0.04883;0.05859;0.06836;0.07813;0.08789;0.09766;0.10742;0.11719;0.12695;0.13672;0.14648;0.15625;0.16602;0.17578;0.18555;0.19531;0.20508;0.21484;0.22461;0.23438;0.24414;0.25391;0.26367;0.27344;0.2832;0.29297;0.30273;0.3125;0.32227;0.33203;0.3418;0.35156;0.36133;0.37109;0.38086;0.39063;0.40039;0.41016;0.41992;0.42969;0.43945;0.44922;0.45898;0.46875;0.47852;0.48828;0.49805;0.50781;0.51758;0.52734;0.53711;0.54688;0.55664;0.56641;0.57617;0.58594;0.5957;0.60547;0.61523;0.625;0.63477;0.64453;0.6543;0.66406;0.67383;0.68359;0.69336;0.70313;0.71289;0.72266;0.73242;0.74219;0.75195;0.76172;0.77148;0.78125;0.79102,0.001263616;0.001744896;0.0019128320000000002;0.0055480320000000005;0.006158336;0.000607232;0.0005232639999999998;0.002506752;0.014061568;0.029150208;0.045171712;0.06809088;0.10556416;0.121141248;0.109430784;0.10696396799999999;0.08070656;0.064498688;0.06758604800000001;0.061453311999999996;0.04176384;0.040496128;0.031331328;0.027179007999999998;0.020015104;0.013962239999999999;0.018071552;0.020044799999999998;0.014401536;0.021225472000000002;0.013658112;0.011070464;0.0070543360000000005;0.006016;0.00605696;0.006801408;0.006983679999999999;0.00530944;0.004092928;0.003007488;0.002528256;0.002880512;0.003551232;0.00361472;0.003216384;0.002562048;0.002004992;0.002704384;0.002110464;0.002279424;0.002108416;0.001584128;0.000907264;0.0008110079999999999;0.001289216;0.0017663999999999998;0.001460224;0.0009615359999999999;0.00125952;0.0013946879999999998;0.001683456;0.000979968;0.00083968;0.0007188480000000001;0.000494592;0.000526336;0.0005703679999999999;0.0005724160000000001;0.000489472;0.0006604799999999999;0.0006082559999999999;0.0005734399999999999;0.0005744639999999999;0.0005724160000000001;0.000621568;0.00057856;0.00046489599999999996;0.000371712;0.000449536
1788488100,hdr,0.0293;0.03906;0.04883;0.05859;0.06836;0.07813;0.08789;0.09766;0.10742;0.11719;0.12695;0.13672;0.14648;0.15625;0.16602;0.17578;0.18555;0.19531;0.20508;0.21484;0.22461;0.23438;0.24414;0.25391;0.26367;0.27344;0.2832;0.29297;0.30273;0.3125;0.32227;0.33203;0.3418;0.35156;0.36133;0.37109;0.38086;0.39063;0.40039;0.41016;0.41992;0.42969;0.43945;0.44922;0.45898;0.46875;0.47852;0.48828;0.49805;0.50781;0.51758;0.52734;0.53711;0.54688;0.55664;0.56641;0.57617;0.58594;0.5957;0.60547;0.61523;0.625;0.63477;0.64453;0.6543;0.66406;0.67383;0.68359;0.69336;0.70313;0.71289;0.72266;0.73242;0.74219;0.75195;0.76172;0.77148;0.78125;0.79102,0.000510976;0.000980992;0.00185344;0.003026944;0.0037468159999999996;0.0033802240000000002;0.003603456;0.005150719999999999;0.017456128;0.026756095999999997;0.02925568;0.043693055999999994;0.103984128;0.149028864;0.16848896;0.152948736;0.120493056;0.07620608;0.045003776;0.038785023999999994;0.033860608;0.041624576;0.026082304;0.018656255999999996;0.033652735999999996;0.033328128;0.032566272;0.019836928;0.015348736;0.020575232;0.01871872;0.015760384;0.017421312;0.015268864000000002;0.010085376;0.005842944;0.0045076479999999995;0.005311488;0.00676864;0.005069824;0.005046272;0.004927488000000001;0.003854336;0.00373248;0.002741248;0.003063808;0.002440192;0.002143232;0.001796096;0.001468416;0.0017336320000000001;0.001878016;0.002219008;0.0020224;0.001651712;0.00103424;0.0013393919999999998;0.0013424640000000002;0.001082368;0.001348608;0.0012195840000000001;0.00133632;0.0012400640000000001;0.000531456;0.000444416;0.0006840319999999999;0.000651264;0.00087552;0.0007106559999999999;0.0006041600000000001;0.0006789119999999999;0.0006891520000000001;0.0006737919999999999;0.000502784;0.00030924800000000003;0.00023552000000000002;0.000288768;0.00037376;0.00039731200000000003
1788489000,hdr,0.0293;0.03906;0.04883;0.05859;0.06836;0.07813;0.08789;0.09766;0.10742;0.11719;0.12695;0.13672;0.14648;0.15625;0.16602;0.17578;0.18555;0.19531;0.20508;0.21484;0.22461;0.23438;0.24414;0.25391;0.26367;0.27344;0.2832;0.29297;0.30273;0.3125;0.32227;0.33203;0.3418;0.35156;0.36133;0.37109;0.38086;0.39063;0.40039;0.41016;0.41992;0.42969;0.43945;0.44922;0.45898;0.46875;0.47852;0.48828;0.49805;0.50781;0.51758;0.52734;0.53711;0.54688;0.55664;0.56641;0.57617;0.58594;0.5957;0.60547;0.61523;0.625;0.63477;0.64453;0.6543;0.66406;0.67383;0.68359;0.69336;0.70313;0.71289;0.72266;0.73242;0.74219;0.75195;0.76172;0.77148;0.78125;0.79102,0.001097728;0.001911808;0.001964032;0.00312832;0.0035235839999999997;0.001031168;0.000644096;0.008764416;0.027567104;0.03425792;0.03383603200000001;0.062820352;0.15509196800000002;0.18926591999999998;0.173171712;0.11808870400000002;0.086448128;0.06261657600000001;0.06573772800000001;0.08595251200000001;0.067820544;0.030091264;0.04906291199999999;0.050165760000000004;0.022189056000000002;0.017122304;0.020958208;0.016787456;0.019688448;0.02066432;0.017134592;0.009536512;0.011432959999999999;0.013945856;0.012866559999999999;0.015973376;0.013502464;0.010067968;0.006890496;0.005398528;0.005081088000000001;0.005108736000000001;0.0035235839999999997;0.0023111679999999997;0.0018882559999999998;0.00258048;0.002683904;0.00211456;0.002589696;0.0025497600000000003;0.00185856;0.001193984;0.002699264;0.001927168;0.0019660800000000003;0.001746944;0.001016832;0.0008519679999999999;0.001251328;0.001420288;0.0009482239999999999;0.000924672;0.00091136;0.000690176;0.00092672;0.000867328;0.000659456;0.000606208;0.000596992;0.000400384;0.00045056;0.000620544;0.000630784;0.000497664;0.000357376;0.000533504;0.0005724160000000001;0.000436224;0.000324608
1788489900,hdr,0.0293;0.03906;0.04883;0.05859;0.06836;0.07813;0.08789;0.09766;0.10742;0.11719;0.12695;0.13672;0.14648;0.15625;0.16602;0.17578;0.18555;0.19531;0.20508;0.21484;0.22461;0.23438;0.24414;0.25391;0.26367;0.27344;0.2832;0.29297;0.30273;0.3125;0.32227;0.33203;0.3418;0.35156;0.36133;0.37109;0.38086;0.39063;0.40039;0.41016;0.41992;0.42969;0.43945;0.44922;0.45898;0.46875;0.47852;0.48828;0.49805;0.50781;0.51758;0.52734;0.53711;0.54688;0.55664;0.56641;0.57617;0.58594;0.5957;0.60547;0.61523;0.625;0.63477;0.64453;0.6543;0.66406;0.67383;0.68359;0.69336;0.70313;0.71289;0.72266;0.73242;0.74219;0.75195;0.76172;0.77148;0.78125;0.79102,0.0005918719999999999;0.0005580800000000001;0.001079296;0.00154624;0.001763328;0.00142848;0.0019251199999999998;0.007810048;0.023682048000000004;0.021830656000000004;0.026072064000000002;0.061205504;0.16243507199999999;0.325676032;0.29461811200000004;0.239775744;0.11595776;0.08570368;0.090483712;0.059026432000000004;0.035658752;0.031668224;0.035680256;0.024094719999999997;0.03551232;0.03644928;0.026225663999999996;0.028874752;0.028455936;0.022464512;0.015531008;0.016777216;0.016224256000000003;0.013734912;0.011051008;0.008298495999999999;0.00766464;0.007020544;0.0069888;0.0036730879999999997;0.00396288;0.004516864;0.004230144;0.004651008;0.0034263040000000002;0.002118656;0.001856512;0.0032266240000000004;0.001800192;0.002911232;0.003313664;0.0017930239999999998;0.0023674879999999996;0.0018964479999999998;0.0015063040000000002;0.001728512;0.0012083200000000001;0.001476608;0.001937408;0.000910336;0.001056768;0.001022976;0.0006840319999999999;0.0007055360000000001;0.0007055360000000001;0.0006604799999999999;0.00063488;0.0007464960000000001;0.00047923199999999995;0.000366592;0.000454656;0.000406528;0.000277504;0.00029491200000000004;0.000444416;0.000375808;0.000434176;0.00044032;0.000529408
1788490800,hdr,0.0293;0.03906;0.04883;0.05859;0.06836;0.07813;0.08789;0.09766;0.10742;0.11719;0.12695;0.13672;0.14648;0.15625;0.16602;0.17578;0.18555;0.19531;0.20508;0.21484;0.22461;0.23438;0.24414;0.25391;0.26367;0.27344;0.2832;0.29297;0.30273;0.3125;0.32227;0.33203;0.3418;0.35156;0.36133;0.37109;0.38086;0.39063;0.40039;0.41016;0.41992;0.42969;0.43945;0.44922;0.45898;0.46875;0.47852;0.48828;0.49805;0.50781;0.51758;0.52734;0.53711;0.54688;0.55664;0.56641;0.57617;0.58594;0.5957;0.60547;0.61523;0.625;0.63477;0.64453;0.6543;0.66406;0.67383;0.68359;0.69336;0.70313;0.71289;0.72266;0.73242;0.74219;0.75195;0.76172;0.77148;0.78125;0.79102,0.000945152;0.0007137280000000001;0.000847872;0.002076672;0.003648512;0.003096576;0.002642944;0.0058019840000000005;0.019880960000000003;0.03731968;0.033568768;0.027920384;0.070677504;0.152935424;0.265447424;0.14639206400000002;0.047537152;0.062815232;0.059061248;0.047473664;0.038051839999999996;0.030074880000000002;0.02603008;0.029836288;0.02162688;0.016361472;0.0193792;0.014745600000000001;0.013986816;0.02192384;0.024733696;0.026012671999999997;0.024365056;0.01628672;0.015271936;0.016563199999999997;0.013786112;0.009102335999999999;0.006896639999999999;0.006667264;0.004369408;0.002581504;0.0022886399999999998;0.003980288;0.003400704;0.002174976;0.001861632;0.002948096;0.001452032;0.001426432;0.0021452800000000003;0.001716224;0.001405952;0.001636352;0.001282048;0.001301504;0.001199104;0.001062912;0.0010956800000000001;0.0008304639999999999;0.000989184;0.000984064;0.000520192;0.000738304;0.000748544;0.000823296;0.0005099519999999999;0.0006082559999999999;0.000651264;0.000533504;0.000436224;0.0005007359999999999;0.000483328;0.0003584;0.00034099200000000003;0.000387072;0.000279552;0.000303104;0.000321536
1788491700,hdr,0.0293;0.03906;0.04883;0.05859;0.06836;0.07813;0.08789;0.09766;0.10742;0.11719;0.12695;0.13672;0.14648;0.15625;0.16602;0.17578;0.18555;0.19531;0.20508;0.21484;0.22461;0.23438;0.24414;0.25391;0.26367;0.27344;0.2832;0.29297;0.30273;0.3125;0.32227;0.33203;0.3418;0.35156;0.36133;0.37109;0.38086;0.39063;0.40039;0.41016;0.41992;0.42969;0.43945;0.44922;0.45898;0.46875;0.47852;0.48828;0.49805;0.50781;0.51758;0.52734;0.53711;0.54688;0.55664;0.56641;0.57617;0.58594;0.5957;0.60547;0.61523;0.625;0.63477;0.64453;0.6543;0.66406;0.67383;0.68359;0.69336;0.70313;0.71289;0.72266;0.73242;0.74219;0.75195;0.76172;0.77148;0.78125;0.79102,0.000447488;0.00027648;0.001011712;0.002501632;0.00383488;0.0014151679999999999;0.00269312;0.005991424;0.019209216;0.023200768;0.028211200000000002;0.043148288;0.11902976;0.247589888;0.271753216;0.201020416;0.09068339199999999;0.07989759999999999;0.090177536;0.060879871999999995;0.04110438400000001;0.019359743999999998;0.024847359999999995;0.023488512;0.025955328;0.022026240000000002;0.024860672000000004;0.019390464;0.016312319999999998;0.015699968;0.0177664;0.015192064;0.013539328;0.01081344;0.010005504;0.009805824;0.010025983999999998;0.00786944;0.006075392;0.004356095999999999;0.005919743999999999;0.005671936;0.005663744000000001;0.003519488;0.003862528;0.003035136;0.002896896;0.002402304;0.00251904;0.002226176;0.0018575360000000001;0.0015185919999999998;0.001610752;0.002195456;0.001618944;0.001217536;0.0010086399999999999;0.001343488;0.001133568;0.000786432;0.0012451839999999999;0.0010721279999999999;0.000723968;0.0009287680000000001;0.001032192;0.00043110399999999997;0.000453632;0.00047923199999999995;0.0006021119999999999;0.000534528;0.000457728;0.000347136;0.000432128;0.00037785600000000004;0.0002816;0.000227328;0.000221184;0.00027033600000000004;0.000268288
1788492600,hdr,0.0293;0.03906;0.04883;0.05859;0.06836;0.07813;0.08789;0.09766;0.10742;0.11719;0.12695;0.13672;0.14648;0.15625;0.16602;0.17578;0.18555;0.19531;0.20508;0.21484;0.22461;0.23438;0.24414;0.25391;0.26367;0.27344;0.2832;0.29297;0.30273;0.3125;0.32227;0.33203;0.3418;0.35156;0.36133;0.37109;0.38086;0.39063;0.40039;0.41016;0.41992;0.42969;0.43945;0.44922;0.45898;0.46875;0.47852;0.48828;0.49805;0.50781;0.51758;0.52734;0.53711;0.54688;0.55664;0.56641;0.57617;0.58594;0.5957;0.60547;0.61523;0.625;0.63477;0.64453;0.6543;0.66406;0.67383;0.68359;0.69336;0.70313;0.71289;0.72266;0.73242;0.74219;0.75195;0.76172;0.77148;0.78125;0.79102,0.00021504000000000003;0.00040345599999999995;0.00042496;0.00299008;0.005682176000000001;0.002019328;0.0017326079999999998;0.004827136;0.017880064;0.048159744000000004;0.054361088;0.050318336000000005;0.102637568;0.20926464;0.25905766399999997;0.18215219200000002;0.11983872;0.112436224;0.062954496;0.03584;0.036424703999999995;0.032683008;0.025933824;0.031732736;0.025453568;0.023103488;0.024962048;0.017426432;0.029390847999999997;0.027528192;0.02112512;0.016542719999999997;0.014016512;0.012859391999999999;0.008276992;0.011619328;0.008073216000000001;0.006646784;0.0055808;0.004294656;0.00382464;0.005147648;0.003265536;0.003473408;0.00153088;0.002038784;0.002131968;0.0035123199999999998;0.002852864;0.0022476799999999997;0.001870848;0.0023357440000000003;0.003100672;0.001931264;0.001486848;0.001371136;0.0014448640000000001;0.00116224;0.0009041920000000001;0.00084992;0.00082432;0.0009984;0.000569344;0.0006184960000000001;0.0006840319999999999;0.000516096;0.0006840319999999999;0.0008192000000000001;0.00042803200000000007;0.00059392;0.0007352319999999999;0.000690176;0.00045568;0.00042496;0.00035532799999999997;0.00044032;0.00027136;0.00019456;0.00025088
1788493500,hdr,0.0293;0.03906;0.04883;0.05859;0.06836;0.07813;0.08789;0.09766;0.10742;0.11719;0.12695;0.13672;0.14648;0.15625;0.16602;0.17578;0.18555;0.19531;0.20508;0.21484;0.22461;0.23438;0.24414;0.25391;0.26367;0.27344;0.2832;0.29297;0.30273;0.3125;0.32227;0.33203;0.3418;0.35156;0.36133;0.37109;0.38086;0.39063;0.40039;0.41016;0.41992;0.42969;0.43945;0.44922;0.45898;0.46875;0.47852;0.48828;0.49805;0.50781;0.51758;0.52734;0.53711;0.54688;0.55664;0.56641;0.57617;0.58594;0.5957;0.60547;0.61523;0.625;0.63477;0.64453;0.6543;0.66406;0.67383;0.68359;0.69336;0.70313;0.71289;0.72266;0.73242;0.74219;0.75195;0.76172;0.77148;0.78125;0.79102,0.000687104;0.003088384;0.002366464;0.002167808;0.001531904;0.0009287680000000001;0.001664;0.008565759999999999;0.021097472000000003;0.036661248;0.057632767999999994;0.052898816;0.044864511999999995;0.09354752000000001;0.132491264;0.157449216;0.09496576000000001;0.077991936;0.051186687999999994;0.041873407999999994;0.021228544;0.038719487999999996;0.039112704;0.026917888;0.025438208;0.013669376;0.02343936;0.020567039999999998;0.01579008;0.015840256;0.024426496;0.023014399999999997;0.01558016;0.011288576000000002;0.010856448000000001;0.009555968000000001;0.00769536;0.005441536;0.004785152;0.004921344;0.004804608;0.004999168;0.002742272;0.0029982719999999997;0.002551808;0.002902016;0.0031477759999999997;0.003299328;0.0032389119999999996;0.0016916480000000002;0.00172544;0.001652736;0.00145408;0.001292288;0.0009574399999999999;0.000790528;0.000900096;0.000893952;0.000779264;0.000671744;0.0006184960000000001;0.000817152;0.000642048;0.0006963200000000001;0.000782336;0.0007925759999999999;0.0007976959999999999;0.0008089600000000001;0.0005888;0.000528384;0.000398336;0.000350208;0.00043724800000000005;0.000454656;0.000406528;0.000432128;0.00036761599999999997;0.00030924800000000003;0.00023142399999999999
1788494400,hdr,0.0293;0.03906;0.04883;0.05859;0.06836;0.07813;0.08789;0.09766;0.10742;0.11719;0.12695;0.13672;0.14648;0.15625;0.16602;0.17578;0.18555;0.19531;0.20508;0.21484;0.22461;0.23438;0.24414;0.25391;0.26367;0.27344;0.2832;0.29297;0.30273;0.3125;0.32227;0.33203;0.3418;0.35156;0.36133;0.37109;0.38086;0.39063;0.40039;0.41016;0.41992;0.42969;0.43945;0.44922;0.45898;0.46875;0.47852;0.48828;0.49805;0.50781;0.51758;0.52734;0.53711;0.54688;0.55664;0.56641;0.57617;0.58594;0.5957;0.60547;0.61523;0.625;0.63477;0.64453;0.6543;0.66406;0.67383;0.68359;0.69336;0.70313;0.71289;0.72266;0.73242;0.74219;0.75195;0.76172;0.77148;0.78125;0.79102,0.004267008;0.013128704000000001;0.010491904;0.003994624;0.0059965439999999995;0.00300032;0.0028538879999999997;0.010165248;0.023724032000000003;0.037198848;0.043076608;0.058586112;0.072658944;0.21303603200000001;0.26719334400000005;0.24353587200000001;0.19267584;0.104636416;0.05425664;0.065251328;0.056818688;0.023764992;0.026856448;0.02911232;0.01662976;0.018097152000000002;0.016110592;0.018509823999999998;0.0197632;0.018538495999999998;0.017656832;0.013158399999999999;0.011649024000000001;0.005994496;0.005741568;0.0074455039999999995;0.007927808;0.007787519999999999;0.007212032;0.006033408;0.005144576;0.003434496;0.002245632;0.0028088320000000003;0.002332672;0.0022528;0.002009088;0.0024504320000000002;0.001716224;0.00145408;0.0013905920000000002;0.000831488;0.0010209280000000002;0.00099328;0.000827392;0.0007137280000000001;0.0005980159999999999;0.00107008;0.00097792;0.0009594880000000001;0.0010762240000000002;0.00082432;0.000765952;0.000768;0.000644096;0.000441344;0.0005632;0.0008325120000000001;0.00070656;0.0005089280000000001;0.000289792;0.00035532799999999997;0.00040345599999999995;0.00039423999999999997;0.000385024;0.000357376;0.00020992;0.00023654400000000002;0.000249856
1788495300,hdr,0.0293;0.03906;0.04883;0.05859;0.06836;0.07813;0.08789;0.09766;0.10742;0.11719;0.12695;0.13672;0.14648;0.15625;0.16602;0.17578;0.18555;0.19531;0.20508;0.21484;0.22461;0.23438;0.24414;0.25391;0.26367;0.27344;0.2832;0.29297;0.30273;0.3125;0.32227;0.33203;0.3418;0.35156;0.36133;0.37109;0.38086;0.39063;0.40039;0.41016;0.41992;0.42969;0.43945;0.44922;0.45898;0.46875;0.47852;0.48828;0.49805;0.50781;0.51758;0.52734;0.53711;0.54688;0.55664;0.56641;0.57617;0.58594;0.5957;0.60547;0.61523;0.625;0.63477;0.64453;0.6543;0.66406;0.67383;0.68359;0.69336;0.70313;0.71289;0.72266;0.73242;0.74219;0.75195;0.76172;0.77148;0.78125;0.79102,0.001395712;0.001117184;0.0026859519999999997;0.007872512;0.0071915519999999995;0.004296704;0.0051968;0.011290623999999999;0.025587712;0.046681088;0.058250239999999995;0.059856896;0.115953664;0.26621952;0.33331712;0.223655936;0.13060096;0.080557056;0.07460761599999999;0.088331264;0.054458368;0.049606656000000006;0.024825856000000004;0.021559296;0.020231168;0.026216448;0.02379776;0.011475968000000001;0.017795072;0.01097728;0.01224704;0.011175936;0.007830528;0.007311359999999999;0.006349824;0.005237759999999999;0.008856576000000001;0.007293952;0.0051271680000000005;0.004078592000000001;0.0032430080000000003;0.003216384;0.003427328;0.003633152;0.0024924160000000003;0.0027648;0.0032757759999999998;0.0014786559999999999;0.0022487040000000002;0.001933312;0.0014878720000000001;0.0021360640000000005;0.001580032;0.000816128;0.001250304;0.001558528;0.0011755519999999998;0.0011632640000000002;0.0013393919999999998;0.000761856;0.000569344;0.0005980159999999999;0.000930816;0.00076288;0.00047923199999999995;0.0007086080000000001;0.00036454399999999996;0.00033894400000000004;0.000427008;0.000456704;0.0004915200000000001;0.00046080000000000003;0.00045568;0.0005007359999999999;0.00038912;0.00022016;0.000262144;0.000263168;0.00023244799999999998
1788496200,hdr,0.0293;0.03906;0.04883;0.05859;0.06836;0.07813;0.08789;0.09766;0.10742;0.11719;0.12695;0.13672;0.14648;0.15625;0.16602;0.17578;0.18555;0.19531;0.20508;0.21484;0.22461;0.23438;0.24414;0.25391;0.26367;0.27344;0.2832;0.29297;0.30273;0.3125;0.32227;0.33203;0.3418;0.35156;0.36133;0.37109;0.38086;0.39063;0.40039;0.41016;0.41992;0.42969;0.43945;0.44922;0.45898;0.46875;0.47852;0.48828;0.49805;0.50781;0.51758;0.52734;0.53711;0.54688;0.55664;0.56641;0.57617;0.58594;0.5957;0.60547;0.61523;0.625;0.63477;0.64453;0.6543;0.66406;0.67383;0.68359;0.69336;0.70313;0.71289;0.72266;0.73242;0.74219;0.75195;0.76172;0.77148;0.78125;0.79102,0.002280448;0.005240832;0.010409984;0.010888192000000001;0.010269696;0.004202496;0.002515968;0.007286783999999999;0.01859584;0.05113344;0.047941632;0.039831552000000006;0.078468096;0.126265344;0.187031552;0.23376793599999998;0.15291904;0.087847936;0.052414464;0.045780992;0.03841433599999999;0.039421951999999996;0.035184639999999996;0.02857984;0.027370495999999998;0.03508224;0.029190144;0.03239936;0.025596928;0.02344448;0.018079744000000002;0.01117696;0.011012095999999999;0.008644608;0.0063774719999999995;0.004850688;0.005011456;0.004023296;0.003813376;0.00379392;0.0035440640000000004;0.003531776;0.003733504;0.0027975680000000003;0.002084864;0.0024145919999999997;0.0023930880000000002;0.0019169279999999998;0.00165376;0.001723392;0.001063936;0.00123904;0.0013660159999999998;0.0013926400000000001;0.001782784;0.000941056;0.0011786239999999999;0.001265664;0.000840704;0.000633856;0.000672768;0.00043827199999999997;0.00039219200000000003;0.0005007359999999999;0.0005601279999999999;0.0006082559999999999;0.000551936;0.000436224;0.000371712;0.000411648;0.000324608;0.000283648;0.000382976;0.00042803200000000007;0.000274432;0.00019865600000000002;0.000172032;0.000196608;0.000227328
1788497100,hdr,0.0293;0.03906;0.04883;0.05859;0.06836;0.07813;0.08789;0.09766;0.10742;0.11719;0.12695;0.13672;0.14648;0.15625;0.16602;0.17578;0.18555;0.19531;0.20508;0.21484;0.22461;0.23438;0.24414;0.25391;0.26367;0.27344;0.2832;0.29297;0.30273;0.3125;0.32227;0.33203;0.3418;0.35156;0.36133;0.37109;0.38086;0.39063;0.40039;0.41016;0.41992;0.42969;0.43945;0.44922;0.45898;0.46875;0.47852;0.48828;0.49805;0.50781;0.51758;0.52734;0.53711;0.54688;0.55664;0.56641;0.57617;0.58594;0.5957;0.60547;0.61523;0.625;0.63477;0.64453;0.6543;0.66406;0.67383;0.68359;0.69336;0.70313;0.71289;0.72266;0.73242;0.74219;0.75195;0.76172;0.77148;0.78125;0.79102,0.0023173119999999998;0.00628736;0.012186624;0.00987136;0.002700288;0.003836928;0.005844992;0.013262848;0.022890496;0.042018816;0.030656512;0.038245376000000005;0.06552064;0.140255232;0.15630335999999997;0.14146764799999997;0.10476544;0.095141888;0.082117632;0.046971904;0.047926272;0.047260672;0.045443072;0.021743615999999997;0.023012352;0.027168768;0.022914048000000003;0.023713792;0.015433728;0.014159871999999999;0.012384256000000001;0.011460608;0.011528192000000001;0.010347519999999999;0.009481216;0.006444032000000001;0.005945344;0.0051251199999999995;0.006934528000000001;0.0046991360000000005;0.005163008;0.00489472;0.003862528;0.002413568;0.002082816;0.002482176;0.0027791359999999998;0.002556928;0.00233984;0.002060288;0.002043904;0.001251328;0.0009441279999999999;0.001067008;0.0010199039999999999;0.000631808;0.000933888;0.0012994559999999998;0.001084416;0.0009359360000000001;0.000868352;0.000382976;0.00047104000000000004;0.000652288;0.0006850560000000001;0.000770048;0.000457728;0.00042803200000000007;0.000398336;0.000313344;0.00034201599999999995;0.00034304;0.000515072;0.000528384;0.000331776;0.000246784;0.000278528;0.0002816;0.000324608
1788498000,hdr,0.0293;0.03906;0.04883;0.05859;0.06836;0.07813;0.08789;0.09766;0.10742;0.11719;0.12695;0.13672;0.14648;0.15625;0.16602;0.17578;0.18555;0.19531;0.20508;0.21484;0.22461;0.23438;0.24414;0.25391;0.26367;0.27344;0.2832;0.29297;0.30273;0.3125;0.32227;0.33203;0.3418;0.35156;0.36133;0.37109;0.38086;0.39063;0.40039;0.41016;0.41992;0.42969;0.43945;0.44922;0.45898;0.46875;0.47852;0.48828;0.49805;0.50781;0.51758;0.52734;0.53711;0.54688;0.55664;0.56641;0.57617;0.58594;0.5957;0.60547;0.61523;0.625;0.63477;0.64453;0.6543;0.66406;0.67383;0.68359;0.69336;0.70313;0.71289;0.72266;0.73242;0.74219;0.75195;0.76172;0.77148;0.78125;0.79102,0.004175872000000001;0.010038271999999999;0.011623423999999999;0.009290752;0.008597504;0.0029880320000000003;0.0028999679999999997;0.017723392;0.047977472;0.058855423999999996;0.030258176;0.05517311999999999;0.095234048;0.16102092799999998;0.131606528;0.143038464;0.136451072;0.098727936;0.07946649600000001;0.066540544;0.033506304;0.037407744;0.042620928;0.038304768;0.030729216;0.023394304;0.01235968;0.008402943999999999;0.016879615999999997;0.021897216;0.014275584000000001;0.012651520000000001;0.012296192;0.016995328;0.0120576;0.00534016;0.008373248;0.005902336;0.004911104;0.0038174719999999997;0.0038656000000000003;0.0043161599999999994;0.004164608;0.0032511999999999997;0.002646016;0.003212288;0.001983488;0.002386944;0.002494464;0.001476608;0.0014991359999999999;0.0011837439999999998;0.0010465279999999997;0.0007557120000000001;0.00090112;0.001107968;0.000900096;0.000692224;0.00067584;0.0005642239999999999;0.000888832;0.0008704;0.000613376;0.000879616;0.000828416;0.000503808;0.00041062399999999995;0.000434176;0.000391168;0.000400384;0.000489472;0.000582656;0.000468992;0.000349184;0.000391168;0.00029081600000000006;0.00020275199999999997;0.00020275199999999997;0.00030924800000000003
1788498900,hdr,0.0293;0.03906;0.04883;0.05859;0.06836;0.07813;0.08789;0.09766;0.10742;0.11719;0.12695;0.13672;0.14648;0.15625;0.16602;0.17578;0.18555;0.19531;0.20508;0.21484;0.22461;0.23438;0.24414;0.25391;0.26367;0.27344;0.2832;0.29297;0.30273;0.3125;0.32227;0.33203;0.3418;0.35156;0.36133;0.37109;0.38086;0.39063;0.40039;0.41016;0.41992;0.42969;0.43945;0.44922;0.45898;0.46875;0.47852;0.48828;0.49805;0.50781;0.51758;0.52734;0.53711;0.54688;0.55664;0.56641;0.57617;0.58594;0.5957;0.60547;0.61523;0.625;0.63477;0.64453;0.6543;0.66406;0.67383;0.68359;0.69336;0.70313;0.71289;0.72266;0.73242;0.74219;0.75195;0.76172;0.77148;0.78125;0.79102,0.000903168;0.00034099200000000003;0.001405952;0.0023336960000000006;0.004708352;0.0022968320000000004;0.00149504;0.009931776;0.032246784;0.038961152;0.034270207999999996;0.054281216;0.07013375999999999;0.089025536;0.127391744;0.187441152;0.143715328;0.10412236799999999;0.07867903999999999;0.070566912;0.041073664;0.033594368;0.033081344000000006;0.036916224000000004;0.033162239999999996;0.024527872;0.014154752;0.013941760000000001;0.012617728;0.012101632;0.011727871999999999;0.010269696;0.007224319999999999;0.011047936;0.009234432;0.010619904000000001;0.008465407999999999;0.006398976000000001;0.004091904;0.00307712;0.002845696;0.0037990400000000005;0.00316928;0.002267136;0.003104768;0.003278848;0.0023336960000000006;0.0017377279999999998;0.0015534079999999998;0.0018595839999999998;0.002195456;0.0018237440000000002;0.0016291839999999999;0.001258496;0.000990208;0.0006993920000000001;0.000770048;0.0012605440000000002;0.0012318720000000002;0.00068096;0.000504832;0.0008366080000000001;0.0005918719999999999;0.00062464;0.000376832;0.00019456;0.00033894400000000004;0.00034099200000000003;0.00040448000000000003;0.00031129599999999997;0.000256;0.000371712;0.00036761599999999997;0.000352256;0.000385024;0.000350208;0.00031232;0.00030924800000000003;0.00027033600000000004
1788499800,hdr,0.0293;0.03906;0.04883;0.05859;0.06836;0.07813;0.08789;0.09766;0.10742;0.11719;0.12695;0.13672;0.14648;0.15625;0.16602;0.17578;0.18555;0.19531;0.20508;0.21484;0.22461;0.23438;0.24414;0.25391;0.26367;0.27344;0.2832;0.29297;0.30273;0.3125;0.32227;0.33203;0.3418;0.35156;0.36133;0.37109;0.38086;0.39063;0.40039;0.41016;0.41992;0.42969;0.43945;0.44922;0.45898;0.46875;0.47852;0.48828;0.49805;0.50781;0.51758;0.52734;0.53711;0.54688;0.55664;0.56641;0.57617;0.58594;0.5957;0.60547;0.61523;0.625;0.63477;0.64453;0.6543;0.66406;0.67383;0.68359;0.69336;0.70313;0.71289;0.72266;0.73242;0.74219;0.75195;0.76172;0.77148;0.78125;0.79102,0.0034488319999999998;0.002272256;0.0026296320000000002;0.004743168;0.00394752;0.0017602560000000002;0.0027115520000000003;0.010747904;0.024403968;0.029922304;0.053015551999999994;0.041249792;0.045698048000000005;0.11124223999999999;0.2046208;0.272045056;0.22883328;0.136365056;0.101244928;0.075551744;0.043252736;0.025847808;0.033680384;0.031214592;0.018359296;0.017899520000000002;0.020886527999999998;0.016324608;0.016488448;0.016258047999999997;0.011240448;0.005753856;0.004198400000000001;0.00510464;0.0055009279999999995;0.003390464;0.00575488;0.005046272;0.0038993920000000002;0.003753984;0.004473856;0.003396608;0.00261632;0.0025835520000000002;0.0020500479999999996;0.001961984;0.002092032;0.001524736;0.001611776;0.001634304;0.0008929280000000001;0.000964608;0.001042432;0.00113152;0.001271808;0.001165312;0.000903168;0.000759808;0.0006604799999999999;0.00055296;0.0005406720000000001;0.0005560319999999999;0.0006277120000000001;0.000631808;0.000694272;0.000764928;0.000382976;0.000226304;0.000413696;0.00036249599999999997;0.00052736;0.00046080000000000003;0.00018124799999999998;0.000192512;0.00036454399999999996;0.000211968;0.000183296;0.000229376;0.000283648
1788500700,hdr,0.0293;0.03906;0.04883;0.05859;0.06836;0.07813;0.08789;0.09766;0.10742;0.11719;0.12695;0.13672;0.14648;0.15625;0.16602;0.17578;0.18555;0.19531;0.20508;0.21484;0.22461;0.23438;0.24414;0.25391;0.26367;0.27344;0.2832;0.29297;0.30273;0.3125;0.32227;0.33203;0.3418;0.35156;0.36133;0.37109;0.38086;0.39063;0.40039;0.41016;0.41992;0.42969;0.43945;0.44922;0.45898;0.46875;0.47852;0.48828;0.49805;0.50781;0.51758;0.52734;0.53711;0.54688;0.55664;0.56641;0.57617;0.58594;0.5957;0.60547;0.61523;0.625;0.63477;0.64453;0.6543;0.66406;0.67383;0.68359;0.69336;0.70313;0.71289;0.72266;0.73242;0.74219;0.75195;0.76172;0.77148;0.78125;0.79102,0.000637952;0.0016650240000000002;0.004920320000000001;0.0033884159999999996;0.0025856;0.002147328;0.004091904;0.014554112;0.045575168;0.07116288;0.042082304;0.047386623999999995;0.07414272;0.084942848;0.204352512;0.245228544;0.18168422399999998;0.14414336000000003;0.109324288;0.051689472;0.040147968;0.053649408;0.029130752;0.024455168000000003;0.023447552000000003;0.014306304;0.013842432;0.011128831999999998;0.013677568000000001;0.01391616;0.015128576000000001;0.009648128;0.008625152;0.006669312;0.0046592;0.00800768;0.005224448;0.004630528;0.005501952;0.004642816;0.002741248;0.0027566080000000002;0.001870848;0.002106368;0.002045952;0.002125824;0.0018513919999999999;0.001711104;0.001876992;0.00249344;0.001800192;0.0011919360000000002;0.0019046400000000002;0.0011233280000000003;0.001010688;0.001086464;0.000758784;0.00079872;0.000801792;0.000869376;0.0009768959999999999;0.000858112;0.000504832;0.00047718399999999996;0.00047206399999999996;0.00037068800000000004;0.00031744;0.000360448;0.000344064;0.0005304320000000001;0.00030924800000000003;0.000195584;0.00026112;0.000325632;0.00033689599999999994;0.00025497599999999997;0.00024063999999999997;0.00024780799999999997;0.000176128
1788501600,hdr,0.0293;0.03906;0.04883;0.05859;0.06836;0.07813;0.08789;0.09766;0.10742;0.11719;0.12695;0.13672;0.14648;0.15625;0.16602;0.17578;0.18555;0.19531;0.20508;0.21484;0.22461;0.23438;0.24414;0.25391;0.26367;0.27344;0.2832;0.29297;0.30273;0.3125;0.32227;0.33203;0.3418;0.35156;0.36133;0.37109;0.38086;0.39063;0.40039;0.41016;0.41992;0.42969;0.43945;0.44922;0.45898;0.46875;0.47852;0.48828;0.49805;0.50781;0.51758;0.52734;0.53711;0.54688;0.55664;0.56641;0.57617;0.58594;0.5957;0.60547;0.61523;0.625;0.63477;0.64453;0.6543;0.66406;0.67383;0.68359;0.69336;0.70313;0.71289;0.72266;0.73242;0.74219;0.75195;0.76172;0.77148;0.78125;0.79102,0.0009727999999999999;0.0017489920000000002;0.0020797439999999997;0.003572736;0.004573184;0.0012462080000000002;0.002330624;0.014241792;0.031922176;0.033379328;0.037434368;0.08915967999999999;0.102652928;0.09414041599999999;0.1959424;0.27445555200000005;0.16535859199999997;0.06864179200000001;0.093232128;0.063817728;0.037571584000000005;0.036632576;0.027266048;0.018612224000000004;0.018707456;0.01862656;0.024038399999999998;0.015681536;0.011286528;0.014960639999999999;0.013853696;0.008850431999999998;0.00635904;0.0037949439999999997;0.004171776000000001;0.005710848;0.005958656;0.004148224;0.003508224;0.0028764159999999997;0.001910784;0.0026531840000000003;0.00167936;0.0027566080000000002;0.002586624;0.002142208;0.0017684480000000002;0.002080768;0.001250304;0.001004544;0.0010803199999999998;0.001065984;0.000893952;0.000922624;0.0010803199999999998;0.0007936;0.000637952;0.000326656;0.00077312;0.000999424;0.000648192;0.000420864;0.0007106559999999999;0.0005621760000000001;0.000603136;0.000828416;0.0006574080000000001;0.00064;0.000743424;0.000611328;0.00042803200000000007;0.000339968;0.000413696;0.00036966399999999996;0.000427008;0.000318464;0.000269312;0.000258048;0.00023654400000000002
1788502500,hdr,0.0293;0.03906;0.04883;0.05859;0.06836;0.07813;0.08789;0.09766;0.10742;0.11719;0.12695;0.13672;0.14648;0.15625;0.16602;0.17578;0.18555;0.19531;0.20508;0.21484;0.22461;0.23438;0.24414;0.25391;0.26367;0.27344;0.2832;0.29297;0.30273;0.3125;0.32227;0.33203;0.3418;0.35156;0.36133;0.37109;0.38086;0.39063;0.40039;0.41016;0.41992;0.42969;0.43945;0.44922;0.45898;0.46875;0.47852;0.48828;0.49805;0.50781;0.51758;0.52734;0.53711;0.54688;0.55664;0.56641;0.57617;0.58594;0.5957;0.60547;0.61523;0.625;0.63477;0.64453;0.6543;0.66406;0.67383;0.68359;0.69336;0.70313;0.71289;0.72266;0.73242;0.74219;0.75195;0.76172;0.77148;0.78125;0.79102,0.00059904;0.00380416;0.004909055999999999;0.0027811840000000003;0.002873344;0.002006016;0.001731584;0.02126336;0.089104384;0.10417561600000001;0.085095424;0.08953344;0.088039424;0.100294656;0.16316416;0.17200640000000003;0.16311808;0.08699699200000001;0.056654848;0.034632704;0.038683648;0.04150271999999999;0.035007488;0.025201664000000002;0.023534592;0.018715648;0.012795904;0.010991616;0.021118975999999998;0.017872896;0.006683648;0.008608768;0.00732672;0.00404992;0.0031098880000000003;0.00549888;0.004668415999999999;0.003439616;0.0037693439999999996;0.002719744;0.001610752;0.0016302080000000002;0.0017889280000000002;0.0013352960000000001;0.001647616;0.002476032;0.002208768;0.0021032959999999997;0.001440768;0.001133568;0.0012185600000000003;0.0009615359999999999;0.000989184;0.000864256;0.0008704;0.000879616;0.0007393279999999999;0.0006891520000000001;0.000799744;0.0009615359999999999;0.000748544;0.00047206399999999996;0.00043315199999999996;0.0004884479999999999;0.000632832;0.000642048;0.00047616000000000005;0.00035942400000000006;0.000387072;0.00038912;0.00025497599999999997;0.000251904;0.000308224;0.00036864000000000005;0.000277504;0.00023244799999999998;0.000318464;0.000252928;0.000282624
1788503400,hdr,0.0293;0.03906;0.04883;0.05859;0.06836;0.07813;0.08789;0.09766;0.10742;0.11719;0.12695;0.13672;0.14648;0.15625;0.16602;0.17578;0.18555;0.19531;0.20508;0.21484;0.22461;0.23438;0.24414;0.25391;0.26367;0.27344;0.2832;0.29297;0.30273;0.3125;0.32227;0.33203;0.3418;0.35156;0.36133;0.37109;0.38086;0.39063;0.40039;0.41016;0.41992;0.42969;0.43945;0.44922;0.45898;0.46875;0.47852;0.48828;0.49805;0.50781;0.51758;0.52734;0.53711;0.54688;0.55664;0.56641;0.57617;0.58594;0.5957;0.60547;0.61523;0.625;0.63477;0.64453;0.6543;0.66406;0.67383;0.68359;0.69336;0.70313;0.71289;0.72266;0.73242;0.74219;0.75195;0.76172;0.77148;0.78125;0.79102,0.000963584;0.004185088000000001;0.0059136;0.005044224;0.005706752;0.003073024;0.002724864;0.013512704;0.033186816;0.049692672;0.058510336;0.080872448;0.0965888;0.15545344;0.27004006399999997;0.142246912;0.106776576;0.153655296;0.11308544;0.11201433599999999;0.09513369599999999;0.059528191999999994;0.029346815999999998;0.023711744;0.019282944;0.015893504;0.011457536;0.010863616;0.017078272;0.01494528;0.012258304;0.008189952;0.005869568;0.004729856;0.00313856;0.003340288;0.0033925120000000003;0.004590591999999999;0.003771392;0.002460672;0.00203776;0.0020224;0.002013184;0.0023357440000000003;0.0022886399999999998;0.00195584;0.00274944;0.00257024;0.001107968;0.000605184;0.000791552;0.000980992;0.000818176;0.000854016;0.000782336;0.000982016;0.000879616;0.000482304;0.000365568;0.000413696;0.000525312;0.000734208;0.000872448;0.000605184;0.000654336;0.000550912;0.000366592;0.000580608;0.00034201599999999995;0.000315392;0.000385024;0.000504832;0.000356352;0.000248832;0.000283648;0.000324608;0.000365568;0.000458752;0.000289792
1788504300,hdr,0.0293;0.03906;0.04883;0.05859;0.06836;0.07813;0.08789;0.09766;0.10742;0.11719;0.12695;0.13672;0.14648;0.15625;0.16602;0.17578;0.18555;0.19531;0.20508;0.21484;0.22461;0.23438;0.24414;0.25391;0.26367;0.27344;0.2832;0.29297;0.30273;0.3125;0.32227;0.33203;0.3418;0.35156;0.36133;0.37109;0.38086;0.39063;0.40039;0.41016;0.41992;0.42969;0.43945;0.44922;0.45898;0.46875;0.47852;0.48828;0.49805;0.50781;0.51758;0.52734;0.53711;0.54688;0.55664;0.56641;0.57617;0.58594;0.5957;0.60547;0.61523;0.625;0.63477;0.64453;0.6543;0.66406;0.67383;0.68359;0.69336;0.70313;0.71289;0.72266;0.73242;0.74219;0.75195;0.76172;0.77148;0.78125;0.79102,0.0006952960000000001;0.002101248;0.004217856000000001;0.0031733760000000003;0.0041963519999999995;0.003446784;0.004476928;0.030466048000000003;0.07504281600000001;0.062459904000000004;0.054573056;0.064239616;0.088892416;0.095870976;0.15556710399999998;0.150955008;0.13892096;0.08063487999999999;0.104531968;0.117373952;0.058571776;0.033943551999999995;0.019851264;0.019233792;0.031491072;0.028239872;0.020498432;0.014859263999999999;0.014249984;0.012234752;0.01183232;0.00782336;0.007849984;0.010064895999999999;0.006754304;0.007317504;0.0071936000000000005;0.00342016;0.0033351680000000003;0.003252224;0.0025108480000000004;0.0022886399999999998;0.002637824;0.001591296;0.001074176;0.0016988160000000001;0.001380352;0.001637376;0.0010956800000000001;0.00111104;0.0012400640000000001;0.000927744;0.001026048;0.00090112;0.0006696959999999999;0.000893952;0.000663552;0.000582656;0.0005416959999999999;0.00036761599999999997;0.000518144;0.000672768;0.0005324799999999999;0.00036454399999999996;0.000421888;0.00046080000000000003;0.000259072;0.00022528;0.00030617599999999996;0.000324608;0.000531456;0.00037785600000000004;0.000283648;0.00031129599999999997;0.000246784;0.000288768;0.00029491200000000004;0.000193536;0.000156672
1788505200,hdr,0.0293;0.03906;0.04883;0.05859;0.06836;0.07813;0.08789;0.09766;0.10742;0.11719;0.12695;0.13672;0.14648;0.15625;0.16602;0.17578;0.18555;0.19531;0.20508;0.21484;0.22461;0.23438;0.24414;0.25391;0.26367;0.27344;0.2832;0.29297;0.30273;0.3125;0.32227;0.33203;0.3418;0.35156;0.36133;0.37109;0.38086;0.39063;0.40039;0.41016;0.41992;0.42969;0.43945;0.44922;0.45898;0.46875;0.47852;0.48828;0.49805;0.50781;0.51758;0.52734;0.53711;0.54688;0.55664;0.56641;0.57617;0.58594;0.5957;0.60547;0.61523;0.625;0.63477;0.64453;0.6543;0.66406;0.67383;0.68359;0.69336;0.70313;0.71289;0.72266;0.73242;0.74219;0.75195;0.76172;0.77148;0.78125;0.79102,0.0013578239999999999;0.0018718720000000001;0.002931712;0.006463488;0.008267776;0.0025989119999999997;0.003460096;0.018999296000000002;0.037434368;0.040296448;0.062337024;0.10981068799999999;0.15733964800000003;0.20495872;0.313572352;0.331997184;0.355625984;0.134279168;0.052809728;0.078385152;0.078257152;0.032263168;0.030998528;0.018885632000000003;0.017710080000000003;0.013280255999999999;0.012354559999999999;0.00807424;0.006074367999999999;0.009071616;0.007938048;0.006044672;0.004827136;0.0042014719999999995;0.005639168;0.003958784;0.004429824;0.003026944;0.002660352;0.0024903679999999997;0.0030607359999999997;0.003613696;0.002377728;0.0019087359999999999;0.0012359679999999998;0.0010014719999999998;0.00133632;0.0014878720000000001;0.000950272;0.0008110079999999999;0.000776192;0.00076288;0.0008192000000000001;0.00088064;0.000908288;0.000690176;0.000544768;0.000504832;0.00041676800000000003;0.000357376;0.000412672;0.0004915200000000001;0.000356352;0.00043110399999999997;0.000610304;0.0005632;0.00033484799999999995;0.00034816000000000003;0.000324608;0.000497664;0.000339968;0.00030924800000000003;0.000451584;0.00046796800000000003;0.000324608;0.000429056;0.00040960000000000004;0.00036249599999999997;0.000330752
1788506100,hdr,0.0293;0.03906;0.04883;0.05859;0.06836;0.07813;0.08789;0.09766;0.10742;0.11719;0.12695;0.13672;0.14648;0.15625;0.16602;0.17578;0.18555;0.19531;0.20508;0.21484;0.22461;0.23438;0.24414;0.25391;0.26367;0.27344;0.2832;0.29297;0.30273;0.3125;0.32227;0.33203;0.3418;0.35156;0.36133;0.37109;0.38086;0.39063;0.40039;0.41016;0.41992;0.42969;0.43945;0.44922;0.45898;0.46875;0.47852;0.48828;0.49805;0.50781;0.51758;0.52734;0.53711;0.54688;0.55664;0.56641;0.57617;0.58594;0.5957;0.60547;0.61523;0.625;0.63477;0.64453;0.6543;0.66406;0.67383;0.68359;0.69336;0.70313;0.71289;0.72266;0.73242;0.74219;0.75195;0.76172;0.77148;0.78125;0.79102,0.0005683200000000001;0.004737024;0.00461824;0.002874368;0.0040396799999999995;0.0033812479999999995;0.002783232;0.01921536;0.06343987200000001;0.06903705600000001;0.08158924799999999;0.147249152;0.15489945599999996;0.0840704;0.07275519999999999;0.176560128;0.214699008;0.127004672;0.096743424;0.07197900799999998;0.067955712;0.053274624000000007;0.040012799999999994;0.024302592;0.017327104;0.017306624;0.011011072;0.009819136000000001;0.008993791999999999;0.00855552;0.007969792;0.00648704;0.00361472;0.0038789120000000004;0.005880831999999999;0.005163008;0.004272128000000001;0.002972672;0.002497536;0.002251776;0.0023336960000000006;0.00229888;0.001974272;0.001401856;0.001273856;0.001645568;0.00172544;0.001330176;0.0011007999999999999;0.001078272;0.001062912;0.000898048;0.000549888;0.0006277120000000001;0.0007423999999999999;0.0005703679999999999;0.000733184;0.0011212799999999999;0.0007495679999999999;0.00063488;0.000580608;0.00068096;0.0007116799999999999;0.00036249599999999997;0.000335872;0.000288768;0.000275456;0.000365568;0.00035942400000000006;0.00039423999999999997;0.00023244799999999998;0.000352256;0.0002816;0.00037068800000000004;0.000329728;0.00029081600000000006;0.00031129599999999997;0.0003328;0.000278528
1788507000,hdr,0.0293;0.03906;0.04883;0.05859;0.06836;0.07813;0.08789;0.09766;0.10742;0.11719;0.12695;0.13672;0.14648;0.15625;0.16602;0.17578;0.18555;0.19531;0.20508;0.21484;0.22461;0.23438;0.24414;0.25391;0.26367;0.27344;0.2832;0.29297;0.30273;0.3125;0.32227;0.33203;0.3418;0.35156;0.36133;0.37109;0.38086;0.39063;0.40039;0.41016;0.41992;0.42969;0.43945;0.44922;0.45898;0.46875;0.47852;0.48828;0.49805;0.50781;0.51758;0.52734;0.53711;0.54688;0.55664;0.56641;0.57617;0.58594;0.5957;0.60547;0.61523;0.625;0.63477;0.64453;0.6543;0.66406;0.67383;0.68359;0.69336;0.70313;0.71289;0.72266;0.73242;0.74219;0.75195;0.76172;0.77148;0.78125;0.79102,0.001284096;0.0025917439999999996;0.002650112;0.0053043199999999995;0.009317376;0.0020592640000000003;0.0034498560000000003;0.015407104000000001;0.038378496;0.060320768000000004;0.057223168;0.11694592;0.181603328;0.145833984;0.14473728;0.183872512;0.17445375999999999;0.147334144;0.154628096;0.086976512;0.047434752000000004;0.042744832;0.047441920000000005;0.034580480000000004;0.024085504;0.019176448;0.015669248;0.008649727999999999;0.008162304;0.010206208000000001;0.007655424;0.0060016639999999994;0.0075202559999999995;0.006361088;0.00344576;0.004289536;0.004957184;0.003014656;0.0030033919999999997;0.0031160320000000004;0.002700288;0.002420736;0.0014786559999999999;0.0014704639999999999;0.001504256;0.0013905920000000002;0.0013352960000000001;0.0010956800000000001;0.00117248;0.001103872;0.000376832;0.000222208;0.00048742400000000003;0.00062976;0.0008837120000000001;0.000592896;0.0005959680000000001;0.000726016;0.00059904;0.0006656;0.000656384;0.0005877759999999999;0.000461824;0.000453632;0.000439296;0.000388096;0.000316416;0.0002816;0.000222208;0.000288768;0.000427008;0.00036761599999999997;0.00035532799999999997;0.000372736;0.000284672;0.000193536;0.00018227199999999998;0.000160768;0.000178176
1788507900,hdr,0.0293;0.03906;0.04883;0.05859;0.06836;0.07813;0.08789;0.09766;0.10742;0.11719;0.12695;0.13672;0.14648;0.15625;0.16602;0.17578;0.18555;0.19531;0.20508;0.21484;0.22461;0.23438;0.24414;0.25391;0.26367;0.27344;0.2832;0.29297;0.30273;0.3125;0.32227;0.33203;0.3418;0.35156;0.36133;0.37109;0.38086;0.39063;0.40039;0.41016;0.41992;0.42969;0.43945;0.44922;0.45898;0.46875;0.47852;0.48828;0.49805;0.50781;0.51758;0.52734;0.53711;0.54688;0.55664;0.56641;0.57617;0.58594;0.5957;0.60547;0.61523;0.625;0.63477;0.64453;0.6543;0.66406;0.67383;0.68359;0.69336;0.70313;0.71289;0.72266;0.73242;0.74219;0.75195;0.76172;0.77148;0.78125;0.79102,0.000786432;0.0025262080000000003;0.001729536;0.005397504;0.010316800000000001;0.00493568;0.003168256;0.020472832000000003;0.039688192000000004;0.04317286399999999;0.09024;0.109899776;0.131168256;0.139967488;0.13887180799999999;0.15539712;0.20395724799999998;0.14120345599999998;0.10900992;0.10611404799999999;0.06360064;0.041438208000000004;0.030733312000000002;0.022566912;0.01447424;0.014482431999999998;0.010358784;0.007392256;0.0075745280000000005;0.008559616;0.009009152;0.008834047999999999;0.005133312;0.00533504;0.005383168000000001;0.003328;0.003592192;0.003680256;0.0029122560000000002;0.00319488;0.00234496;0.0016445440000000002;0.001635328;0.001527808;0.001676288;0.0013578239999999999;0.000843776;0.000576512;0.00077824;0.001041408;0.0007843840000000001;0.000858112;0.000990208;0.0009697280000000001;0.00074752;0.000548864;0.0008325120000000001;0.00079872;0.000780288;0.000941056;0.000882688;0.000592896;0.000596992;0.000400384;0.000371712;0.000420864;0.000421888;0.000543744;0.000544768;0.0004986880000000001;0.00047718399999999996;0.00039423999999999997;0.000423936;0.000376832;0.000252928;0.000263168;0.000207872;0.000136192;0.000156672
1788508800,hdr,0.0293;0.03906;0.04883;0.05859;0.06836;0.07813;0.08789;0.09766;0.10742;0.11719;0.12695;0.13672;0.14648;0.15625;0.16602;0.17578;0.18555;0.19531;0.20508;0.21484;0.22461;0.23438;0.24414;0.25391;0.26367;0.27344;0.2832;0.29297;0.30273;0.3125;0.32227;0.33203;0.3418;0.35156;0.36133;0.37109;0.38086;0.39063;0.40039;0.41016;0.41992;0.42969;0.43945;0.44922;0.45898;0.46875;0.47852;0.48828;0.49805;0.50781;0.51758;0.52734;0.53711;0.54688;0.55664;0.56641;0.57617;0.58594;0.5957;0.60547;0.61523;0.625;0.63477;0.64453;0.6543;0.66406;0.67383;0.68359;0.69336;0.70313;0.71289;0.72266;0.73242;0.74219;0.75195;0.76172;0.77148;0.78125;0.79102,0.0026787839999999996;0.00290304;0.0023838720000000004;0.00363008;0.005202943999999999;0.0013987840000000001;0.0022241279999999997;0.016152576;0.042758144;0.055795712;0.069912576;0.1259008;0.14817894399999998;0.109435904;0.116856832;0.19578777600000002;0.16910438400000002;0.10204160000000001;0.09282457599999999;0.07855103999999999;0.06106624;0.035222527999999996;0.024825856000000004;0.020964352000000002;0.025689088000000002;0.014065664;0.013478912;0.012900351999999999;0.009212928;0.006207488;0.007456768;0.00769024;0.004500479999999999;0.0058368000000000005;0.006187008;0.0034048;0.004011008;0.002092032;0.0032256;0.003750912;0.003055616;0.002417664;0.00145408;0.001682432;0.0016445440000000002;0.0015185919999999998;0.001376256;0.0014233599999999998;0.002028544;0.001839104;0.0009768959999999999;0.00079872;0.001087488;0.001856512;0.0013946879999999998;0.000785408;0.000816128;0.00073216;0.0008929280000000001;0.00082432;0.00088064;0.00087552;0.0005478400000000001;0.000484352;0.00039936;0.000284672;0.0003328;0.00043315199999999996;0.000352256;0.000387072;0.000448512;0.00029491200000000004;0.000380928;0.000447488;0.0003584;0.000365568;0.000384;0.00021504000000000003;0.00034816000000000003
1788509700,hdr,0.0293;0.03906;0.04883;0.05859;0.06836;0.07813;0.08789;0.09766;0.10742;0.11719;0.12695;0.13672;0.14648;0.15625;0.16602;0.17578;0.18555;0.19531;0.20508;0.21484;0.22461;0.23438;0.24414;0.25391;0.26367;0.27344;0.2832;0.29297;0.30273;0.3125;0.32227;0.33203;0.3418;0.35156;0.36133;0.37109;0.38086;0.39063;0.40039;0.41016;0.41992;0.42969;0.43945;0.44922;0.45898;0.46875;0.47852;0.48828;0.49805;0.50781;0.51758;0.52734;0.53711;0.54688;0.55664;0.56641;0.57617;0.58594;0.5957;0.60547;0.61523;0.625;0.63477;0.64453;0.6543;0.66406;0.67383;0.68359;0.69336;0.70313;0.71289;0.72266;0.73242;0.74219;0.75195;0.76172;0.77148;0.78125;0.79102,0.0006840319999999999;0.003057664;0.0039936;0.0036116480000000003;0.006063104000000001;0.005428224000000001;0.004334592;0.024353792;0.021301248;0.049007616000000004;0.074597376;0.0989696;0.167033856;0.217464832;0.144350208;0.17056768;0.24393932799999998;0.132506624;0.10552012799999999;0.066384896;0.032731136;0.030915584;0.030386176;0.019904512;0.020563968000000002;0.014180351999999998;0.009839616;0.007762944000000001;0.009430016;0.007148544;0.00646144;0.004627455999999999;0.004461567999999999;0.00485376;0.0044031999999999995;0.003141632;0.00292352;0.0017663999999999998;0.001563648;0.00128;0.001343488;0.0025344;0.0018216959999999998;0.0013219840000000002;0.0009727999999999999;0.001302528;0.00118272;0.00110592;0.0011796480000000002;0.001031168;0.001159168;0.0015114240000000001;0.001107968;0.00111104;0.001153024;0.0012953600000000002;0.001430528;0.000790528;0.000576512;0.00061952;0.000432128;0.000436224;0.00040960000000000004;0.000452608;0.00062464;0.00043724800000000005;0.000227328;0.00025497599999999997;0.000319488;0.00031129599999999997;0.00032256;0.000314368;0.000278528;0.000366592;0.00031129599999999997;0.00023859199999999998;0.00034816000000000003;0.000280576;0.00029696
1788510600,hdr,0.0293;0.03906;0.04883;0.05859;0.06836;0.07813;0.08789;0.09766;0.10742;0.11719;0.12695;0.13672;0.14648;0.15625;0.16602;0.17578;0.18555;0.19531;0.20508;0.21484;0.22461;0.23438;0.24414;0.25391;0.26367;0.27344;0.2832;0.29297;0.30273;0.3125;0.32227;0.33203;0.3418;0.35156;0.36133;0.37109;0.38086;0.39063;0.40039;0.41016;0.41992;0.42969;0.43945;0.44922;0.45898;0.46875;0.47852;0.48828;0.49805;0.50781;0.51758;0.52734;0.53711;0.54688;0.55664;0.56641;0.57617;0.58594;0.5957;0.60547;0.61523;0.625;0.63477;0.64453;0.6543;0.66406;0.67383;0.68359;0.69336;0.70313;0.71289;0.72266;0.73242;0.74219;0.75195;0.76172;0.77148;0.78125;0.79102,0.0013824;0.002506752;0.0012728319999999998;0.004349952;0.00560128;0.0020418560000000003;0.003908608;0.017255424000000002;0.038004736000000004;0.07654912;0.121777152;0.23439564799999998;0.165588992;0.16649625599999998;0.15740211199999998;0.126780416;0.13579059200000002;0.15016550399999998;0.11269222400000001;0.070385664;0.033824768;0.025362431999999997;0.020079616;0.013064192;0.018627584;0.017598464;0.016412672000000003;0.012037119999999998;0.0073154560000000006;0.008711168000000002;0.004880384;0.004001792;0.003683328;0.00466432;0.004237312;0.004202496;0.0036823039999999995;0.0037222400000000004;0.0027361279999999996;0.0013148160000000001;0.002188288;0.0022640639999999997;0.001729536;0.00142848;0.00137728;0.001247232;0.001026048;0.000891904;0.0008335360000000001;0.000789504;0.000950272;0.001011712;0.001275904;0.000987136;0.000733184;0.000664576;0.00048025600000000003;0.00040448000000000003;0.000672768;0.0005959680000000001;0.000641024;0.000694272;0.000525312;0.00031129599999999997;0.00037376;0.000451584;0.00033894400000000004;0.00036147200000000005;0.0005416959999999999;0.000319488;0.00032768;0.000352256;0.00018432000000000002;0.00029593599999999995;0.00029388799999999996;0.00023142399999999999;0.000310272;0.00031232;0.00023961599999999998
1788511500,hdr,0.0293;0.03906;0.04883;0.05859;0.06836;0.07813;0.08789;0.09766;0.10742;0.11719;0.12695;0.13672;0.14648;0.15625;0.16602;0.17578;0.18555;0.19531;0.20508;0.21484;0.22461;0.23438;0.24414;0.25391;0.26367;0.27344;0.2832;0.29297;0.30273;0.3125;0.32227;0.33203;0.3418;0.35156;0.36133;0.37109;0.38086;0.39063;0.40039;0.41016;0.41992;0.42969;0.43945;0.44922;0.45898;0.46875;0.47852;0.48828;0.49805;0.50781;0.51758;0.52734;0.53711;0.54688;0.55664;0.56641;0.57617;0.58594;0.5957;0.60547;0.61523;0.625;0.63477;0.64453;0.6543;0.66406;0.67383;0.68359;0.69336;0.70313;0.71289;0.72266;0.73242;0.74219;0.75195;0.76172;0.77148;0.78125;0.79102,0.000592896;0.003120128;0.003680256;0.003525632;0.007790592000000001;0.0030781439999999997;0.001685504;0.008602624;0.023396352;0.0417792;0.078587904;0.157645824;0.264042496;0.26938982399999994;0.210558976;0.18531532799999997;0.15011020800000002;0.184976384;0.09601433599999999;0.057188352;0.044928;0.022152191999999998;0.027531264;0.020114432;0.015519743999999999;0.014359552000000001;0.008694783999999999;0.005283839999999999;0.006254592;0.003652608;0.0065218559999999995;0.007088128000000001;0.003844096;0.0034867200000000004;0.0027023359999999996;0.002082816;0.0024084479999999997;0.002656256;0.002484224;0.002960384;0.0024883199999999996;0.0013608960000000001;0.001856512;0.001359872;0.001358848;0.00116224;0.00108544;0.0013660159999999998;0.001337344;0.00103424;0.001307648;0.000939008;0.0008202239999999999;0.000526336;0.000620544;0.000726016;0.000733184;0.000553984;0.000525312;0.000385024;0.0005898240000000001;0.000800768;0.000452608;0.000712704;0.0007219199999999999;0.00054272;0.000401408;0.000272384;0.00028671999999999997;0.000315392;0.000277504;0.000283648;0.000376832;0.00035328;0.000372736;0.000320512;0.00031232;0.00023654400000000002;0.000116736
1788512400,hdr,0.0293;0.03906;0.04883;0.05859;0.06836;0.07813;0.08789;0.09766;0.10742;0.11719;0.12695;0.13672;0.14648;0.15625;0.16602;0.17578;0.18555;0.19531;0.20508;0.21484;0.22461;0.23438;0.24414;0.25391;0.26367;0.27344;0.2832;0.29297;0.30273;0.3125;0.32227;0.33203;0.3418;0.35156;0.36133;0.37109;0.38086;0.39063;0.40039;0.41016;0.41992;0.42969;0.43945;0.44922;0.45898;0.46875;0.47852;0.48828;0.49805;0.50781;0.51758;0.52734;0.53711;0.54688;0.55664;0.56641;0.57617;0.58594;0.5957;0.60547;0.61523;0.625;0.63477;0.64453;0.6543;0.66406;0.67383;0.68359;0.69336;0.70313;0.71289;0.72266;0.73242;0.74219;0.75195;0.76172;0.77148;0.78125;0.79102,0.000800768;0.001391616;0.00129024;0.002791424;0.006684671999999999;0.003035136;0.0022241279999999997;0.011529216;0.03274752;0.053867519999999995;0.095570944;0.184901632;0.19488767999999998;0.132696064;0.128913408;0.131534848;0.15738265599999998;0.117287936;0.0861952;0.049901568;0.056579072;0.044724224;0.0344576;0.038897664;0.026841088;0.011333632;0.01048064;0.008237056000000001;0.006028288;0.003597312;0.00291328;0.00398848;0.0037048320000000004;0.003740672;0.002666496;0.002111488;0.002368512;0.002417664;0.00178176;0.00176128;0.002096128;0.0018483199999999999;0.001431552;0.000903168;0.000768;0.0005324799999999999;0.000801792;0.0010752000000000001;0.000854016;0.000736256;0.0011161600000000002;0.000907264;0.000647168;0.00067584;0.00054272;0.00049664;0.00044339199999999997;0.0007495679999999999;0.0006696959999999999;0.00043827199999999997;0.000459776;0.00048742400000000003;0.00055296;0.00036966399999999996;0.000216064;0.000206848;0.000283648;0.000447488;0.00047820800000000004;0.00029491200000000004;0.000288768;0.00023961599999999998;8.6016e-05;0.000183296;0.000391168;0.000365568;0.000351232;0.000258048;0.00023552000000000002
1788513300,hdr,0.0293;0.03906;0.04883;0.05859;0.06836;0.07813;0.08789;0.09766;0.10742;0.11719;0.12695;0.13672;0.14648;0.15625;0.16602;0.17578;0.18555;0.19531;0.20508;0.21484;0.22461;0.23438;0.24414;0.25391;0.26367;0.27344;0.2832;0.29297;0.30273;0.3125;0.32227;0.33203;0.3418;0.35156;0.36133;0.37109;0.38086;0.39063;0.40039;0.41016;0.41992;0.42969;0.43945;0.44922;0.45898;0.46875;0.47852;0.48828;0.49805;0.50781;0.51758;0.52734;0.53711;0.54688;0.55664;0.56641;0.57617;0.58594;0.5957;0.60547;0.61523;0.625;0.63477;0.64453;0.6543;0.66406;0.67383;0.68359;0.69336;0.70313;0.71289;0.72266;0.73242;0.74219;0.75195;0.76172;0.77148;0.78125;0.79102,0.0016230399999999999;0.003446784;0.003559424;0.0030781439999999997;0.0068577280000000004;0.0011284479999999998;0.002142208;0.016451583999999998;0.038286336;0.067145728;0.127758336;0.264034304;0.30588723199999995;0.175340544;0.168184832;0.13941657600000001;0.09539686399999998;0.089300992;0.071595008;0.03552767999999999;0.029436928000000005;0.03623424;0.039630847999999996;0.030655487999999998;0.027726848000000002;0.017384448;0.014306304;0.009535488000000002;0.0076769279999999995;0.006283264;0.005111808;0.002368512;0.005020672;0.005851136000000001;0.004568063999999999;0.0030986240000000003;0.001683456;0.001652736;0.001931264;0.0017203200000000002;0.001734656;0.0017971200000000001;0.001401856;0.001374208;0.001096704;0.00077312;0.0010178560000000001;0.0006819840000000001;0.00090624;0.00098816;0.0012032;0.001087488;0.00072704;0.000557056;0.000694272;0.000630784;0.00052224;0.000740352;0.000651264;0.000427008;0.00037376;0.000434176;0.000413696;0.00035328;0.000605184;0.000371712;0.0003584;0.000277504;0.000344064;0.00030412799999999997;0.00033894400000000004;0.00027033600000000004;0.000351232;0.00036966399999999996;0.000365568;0.00030003200000000004;0.000234496;0.000197632;0.00023142399999999999
1788514200,hdr,0.0293;0.03906;0.04883;0.05859;0.06836;0.07813;0.08789;0.09766;0.10742;0.11719;0.12695;0.13672;0.14648;0.15625;0.16602;0.17578;0.18555;0.19531;0.20508;0.21484;0.22461;0.23438;0.24414;0.25391;0.26367;0.27344;0.2832;0.29297;0.30273;0.3125;0.32227;0.33203;0.3418;0.35156;0.36133;0.37109;0.38086;0.39063;0.40039;0.41016;0.41992;0.42969;0.43945;0.44922;0.45898;0.46875;0.47852;0.48828;0.49805;0.50781;0.51758;0.52734;0.53711;0.54688;0.55664;0.56641;0.57617;0.58594;0.5957;0.60547;0.61523;0.625;0.63477;0.64453;0.6543;0.66406;0.67383;0.68359;0.69336;0.70313;0.71289;0.72266;0.73242;0.74219;0.75195;0.76172;0.77148;0.78125;0.79102,0.0009431040000000001;0.0017326079999999998;0.0021893120000000005;0.005295104;0.016047104;0.010107904000000001;0.00602112;0.012908544;0.018946048000000004;0.042113024000000006;0.07858176000000001;0.14746009599999998;0.223125504;0.259521536;0.21476966400000003;0.226531328;0.22921932799999997;0.12712959999999998;0.08890368;0.06070272;0.030949376;0.031144960000000003;0.024989696;0.012850176;0.016592896;0.019112960000000002;0.016176127999999998;0.008170496;0.008592384;0.0060958720000000004;0.005113856;0.0049285119999999995;0.004484096000000001;0.0031488;0.003336192;0.0026060799999999998;0.002476032;0.002021376;0.002192384;0.001779712;0.00215552;0.001446912;0.0012687360000000001;0.001330176;0.001312768;0.0013475839999999998;0.0013322240000000001;0.001152;0.001099776;0.00109056;0.000900096;0.000795648;0.0005744639999999999;0.000503808;0.00044646400000000004;0.00040448000000000003;0.0006277120000000001;0.00046489599999999996;0.000531456;0.00034099200000000003;0.00039628799999999996;0.00043724800000000005;0.000432128;0.0006000640000000001;0.00037785600000000004;0.00036864000000000005;0.000324608;0.00044339199999999997;0.000319488;0.00033484799999999995;0.000323584;0.00026521600000000003;0.00024063999999999997;0.000282624;0.000305152;0.000272384;0.00022323200000000002;0.000280576;0.00031744
1788515100,hdr,0.0293;0.03906;0.04883;0.05859;0.06836;0.07813;0.08789;0.09766;0.10742;0.11719;0.12695;0.13672;0.14648;0.15625;0.16602;0.17578;0.18555;0.19531;0.20508;0.21484;0.22461;0.23438;0.24414;0.25391;0.26367;0.27344;0.2832;0.29297;0.30273;0.3125;0.32227;0.33203;0.3418;0.35156;0.36133;0.37109;0.38086;0.39063;0.40039;0.41016;0.41992;0.42969;0.43945;0.44922;0.45898;0.46875;0.47852;0.48828;0.49805;0.50781;0.51758;0.52734;0.53711;0.54688;0.55664;0.56641;0.57617;0.58594;0.5957;0.60547;0.61523;0.625;0.63477;0.64453;0.6543;0.66406;0.67383;0.68359;0.69336;0.70313;0.71289;0.72266;0.73242;0.74219;0.75195;0.76172;0.77148;0.78125;0.79102,0.000662528;0.001383424;0.0023429120000000004;0.00498176;0.004462592;0.0034867200000000004;0.0011704320000000001;0.008000512000000001;0.037508096000000005;0.060948480000000006;0.112041984;0.21483212800000004;0.301159424;0.26189312000000003;0.19659059199999998;0.15978496000000003;0.122698752;0.07574323200000001;0.093739008;0.073885696;0.048483328;0.040983552000000006;0.033587200000000005;0.01788928;0.014213120000000001;0.011334656;0.009266176;0.011772928;0.011925504;0.009814016;0.008697856;0.00513536;0.003453952;0.00238592;0.002372608;0.00231424;0.002089984;0.002070528;0.001330176;0.00195584;0.0020879360000000003;0.0017203200000000002;0.00089088;0.0010946560000000003;0.001289216;0.00077824;0.000769024;0.00038912;0.000515072;0.000610304;0.0005324799999999999;0.000692224;0.0007946240000000001;0.000857088;0.0005560319999999999;0.00024780799999999997;0.00047104000000000004;0.00062976;0.000499712;0.000512;0.000648192;0.000384;0.00047616000000000005;0.00072704;0.00039219200000000003;0.00043827199999999997;0.000580608;0.000644096;0.000489472;0.000356352;0.000303104;0.000272384;0.000258048;0.000314368;0.000192512;0.000349184;0.000210944;0.000165888;0.000256
1788516000,hdr,0.0293;0.03906;0.04883;0.05859;0.06836;0.07813;0.08789;0.09766;0.10742;0.11719;0.12695;0.13672;0.14648;0.15625;0.16602;0.17578;0.18555;0.19531;0.20508;0.21484;0.22461;0.23438;0.24414;0.25391;0.26367;0.27344;0.2832;0.29297;0.30273;0.3125;0.32227;0.33203;0.3418;0.35156;0.36133;0.37109;0.38086;0.39063;0.40039;0.41016;0.41992;0.42969;0.43945;0.44922;0.45898;0.46875;0.47852;0.48828;0.49805;0.50781;0.51758;0.52734;0.53711;0.54688;0.55664;0.56641;0.57617;0.58594;0.5957;0.60547;0.61523;0.625;0.63477;0.64453;0.6543;0.66406;0.67383;0.68359;0.69336;0.70313;0.71289;0.72266;0.73242;0.74219;0.75195;0.76172;0.77148;0.78125;0.79102,0.00562688;0.007105536;0.006479872;0.007247872000000001;0.011020288;0.0020029439999999996;0.001532928;0.014332928;0.028302336;0.056419328000000005;0.092242944;0.16622694400000002;0.141303808;0.182935552;0.29136691200000003;0.22389145600000002;0.111060992;0.08273612799999999;0.07459123200000001;0.056115200000000004;0.044450816000000004;0.034512896;0.032258048000000004;0.014394368000000001;0.011373568;0.01408;0.012849152;0.009812992;0.008594431999999999;0.0068608;0.0046540800000000005;0.004104192;0.003390464;0.003597312;0.0036352000000000003;0.00262656;0.0027883520000000005;0.0022026240000000002;0.002398208;0.002364416;0.003065856;0.002542592;0.001661952;0.0014561280000000001;0.001432576;0.000987136;0.001130496;0.0012523519999999998;0.0008488959999999999;0.0009697280000000001;0.0010250239999999998;0.000809984;0.000868352;0.000503808;0.000421888;0.000659456;0.00045568;0.0004986880000000001;0.00057856;0.000766976;0.00059392;0.000631808;0.000985088;0.001038336;0.00064512;0.000489472;0.0005898240000000001;0.000561152;0.0005754880000000001;0.000544768;0.000415744;0.00035430400000000006;0.00040345599999999995;0.00036352;0.00033792;0.00035942400000000006;0.00035430400000000006;0.00025088;0.00019968
1788516900,hdr,0.0293;0.03906;0.04883;0.05859;0.06836;0.07813;0.08789;0.09766;0.10742;0.11719;0.12695;0.13672;0.14648;0.15625;0.16602;0.17578;0.18555;0.19531;0.20508;0.21484;0.22461;0.23438;0.24414;0.25391;0.26367;0.27344;0.2832;0.29297;0.30273;0.3125;0.32227;0.33203;0.3418;0.35156;0.36133;0.37109;0.38086;0.39063;0.40039;0.41016;0.41992;0.42969;0.43945;0.44922;0.45898;0.46875;0.47852;0.48828;0.49805;0.50781;0.51758;0.52734;0.53711;0.54688;0.55664;0.56641;0.57617;0.58594;0.5957;0.60547;0.61523;0.625;0.63477;0.64453;0.6543;0.66406;0.67383;0.68359;0.69336;0.70313;0.71289;0.72266;0.73242;0.74219;0.75195;0.76172;0.77148;0.78125;0.79102,0.002306048;0.0050524160000000005;0.0062627839999999995;0.005317631999999999;0.008512511999999998;0.005061632000000001;0.001727488;0.009583616;0.038657024;0.098217984;0.13436928;0.23084134399999998;0.28690841599999994;0.190598144;0.19298406399999998;0.16534528;0.19859968;0.11351961599999999;0.10014617599999999;0.05400576;0.04558336;0.025647104;0.020230144;0.015818752000000002;0.016459776000000002;0.011312128;0.006728703999999999;0.007605247999999999;0.005098496;0.00342016;0.005907456;0.007271424;0.0050524160000000005;0.00275968;0.002444288;0.00204288;0.002108416;0.001979392;0.001267712;0.001599488;0.002048;0.001666048;0.0011735040000000001;0.00075264;0.0007116799999999999;0.000626688;0.00062976;0.000694272;0.0009297919999999999;0.0008355839999999999;0.000785408;0.000861184;0.000548864;0.000427008;0.000676864;0.000771072;0.000381952;0.00037068800000000004;0.000360448;0.000444416;0.000386048;0.000408576;0.00046489599999999996;0.000531456;0.000449536;0.000268288;0.000379904;0.00043008000000000006;0.00039423999999999997;0.000228352;0.000320512;0.000305152;0.00020480000000000002;0.00022528;0.00018124799999999998;0.00017408000000000001;0.00020377600000000002;0.000242688;0.000264192
1788517800,hdr,0.0293;0.03906;0.04883;0.05859;0.06836;0.07813;0.08789;0.09766;0.10742;0.11719;0.12695;0.13672;0.14648;0.15625;0.16602;0.17578;0.18555;0.19531;0.20508;0.21484;0.22461;0.23438;0.24414;0.25391;0.26367;0.27344;0.2832;0.29297;0.30273;0.3125;0.32227;0.33203;0.3418;0.35156;0.36133;0.37109;0.38086;0.39063;0.40039;0.41016;0.41992;0.42969;0.43945;0.44922;0.45898;0.46875;0.47852;0.48828;0.49805;0.50781;0.51758;0.52734;0.53711;0.54688;0.55664;0.56641;0.57617;0.58594;0.5957;0.60547;0.61523;0.625;0.63477;0.64453;0.6543;0.66406;0.67383;0.68359;0.69336;0.70313;0.71289;0.72266;0.73242;0.74219;0.75195;0.76172;0.77148;0.78125;0.79102,0.000256;0.0019517439999999998;0.0034949119999999998;0.00062976;0.00451584;0.005992448;0.003216384;0.006893568;0.028433408;0.046249983999999994;0.075032576;0.167742464;0.30727679999999996;0.309204992;0.257255424;0.17487872;0.101658624;0.107014144;0.106930176;0.067369984;0.057347072;0.054441984;0.02148864;0.014920704000000002;0.012204032;0.0065587200000000005;0.008114176;0.009017343999999998;0.007416832;0.007538687999999999;0.005679103999999999;0.00463872;0.003898368;0.005152768;0.0037222400000000004;0.0030627840000000003;0.001978368;0.00196096;0.002062336;0.0023439359999999996;0.001995776;0.001978368;0.001507328;0.0009830400000000001;0.000515072;0.000548864;0.000826368;0.001014784;0.001014784;0.00065536;0.000534528;0.000499712;0.00057856;0.000611328;0.0005847039999999999;0.000512;0.0005857280000000001;0.000458752;0.000418816;0.00034201599999999995;0.0005560319999999999;0.000555008;0.000516096;0.00034816000000000003;0.000313344;0.000391168;0.000551936;0.00031232;0.000196608;0.00015872;0.000144384;0.000157696;0.00023961599999999998;0.000246784;0.000161792;0.00019968;0.00021913599999999998;0.000167936;0.000114688
1788518700,hdr,0.0293;0.03906;0.04883;0.05859;0.06836;0.07813;0.08789;0.09766;0.10742;0.11719;0.12695;0.13672;0.14648;0.15625;0.16602;0.17578;0.18555;0.19531;0.20508;0.21484;0.22461;0.23438;0.24414;0.25391;0.26367;0.27344;0.2832;0.29297;0.30273;0.3125;0.32227;0.33203;0.3418;0.35156;0.36133;0.37109;0.38086;0.39063;0.40039;0.41016;0.41992;0.42969;0.43945;0.44922;0.45898;0.46875;0.47852;0.48828;0.49805;0.50781;0.51758;0.52734;0.53711;0.54688;0.55664;0.56641;0.57617;0.58594;0.5957;0.60547;0.61523;0.625;0.63477;0.64453;0.6543;0.66406;0.67383;0.68359;0.69336;0.70313;0.71289;0.72266;0.73242;0.74219;0.75195;0.76172;0.77148;0.78125;0.79102,0.00013516800000000002;0.00016384;0.0013209599999999997;0.0028876799999999997;0.008160256000000001;0.002372608;0.00030105599999999996;0.009651199999999999;0.038925312;0.055932928;0.12186624;0.238410752;0.382821376;0.23712256;0.17904435200000002;0.16024166399999998;0.106793984;0.135795712;0.094127104;0.04692992000000001;0.063366144;0.039804928;0.023819264;0.02405376;0.016662528;0.012106752;0.012217344000000002;0.01242624;0.010121216;0.008154112;0.005828608;0.004448255999999999;0.0029716480000000003;0.002011136;0.0016424959999999998;0.001601536;0.001875968;0.0015697920000000002;0.002023424;0.002633728;0.003274752;0.0020930559999999994;0.001214464;0.0009523200000000001;0.0007372800000000001;0.0005601279999999999;0.001022976;0.000913408;0.000818176;0.0008304639999999999;0.00093696;0.0009359360000000001;0.00083968;0.00101376;0.0018810880000000002;0.001876992;0.0008704;0.000714752;0.0009041920000000001;0.000630784;0.0004915200000000001;0.0007352319999999999;0.0006891520000000001;0.00050688;0.000398336;0.00027136;0.000237568;0.000303104;0.00034201599999999995;0.000351232;0.00024576000000000003;0.00044032;0.000553984;0.00043315199999999996;0.00016384;0.000268288;0.000345088;0.00029491200000000004;0.000226304
1788519600,hdr,0.0293;0.03906;0.04883;0.05859;0.06836;0.07813;0.08789;0.09766;0.10742;0.11719;0.12695;0.13672;0.14648;0.15625;0.16602;0.17578;0.18555;0.19531;0.20508;0.21484;0.22461;0.23438;0.24414;0.25391;0.26367;0.27344;0.2832;0.29297;0.30273;0.3125;0.32227;0.33203;0.3418;0.35156;0.36133;0.37109;0.38086;0.39063;0.40039;0.41016;0.41992;0.42969;0.43945;0.44922;0.45898;0.46875;0.47852;0.48828;0.49805;0.50781;0.51758;0.52734;0.53711;0.54688;0.55664;0.56641;0.57617;0.58594;0.5957;0.60547;0.61523;0.625;0.63477;0.64453;0.6543;0.66406;0.67383;0.68359;0.69336;0.70313;0.71289;0.72266;0.73242;0.74219;0.75195;0.76172;0.77148;0.78125;0.79102,0.001195008;0.0013004800000000001;0.000831488;0.002052096;0.006187008;0.002640896;0.0008929280000000001;0.008095744;0.039742464;0.069763072;0.121598976;0.100732928;0.13859839999999998;0.19077324799999998;0.209825792;0.23677849599999998;0.14577254400000003;0.065548288;0.072302592;0.058382336;0.052771839999999993;0.028988416;0.026226687999999998;0.028338176;0.020234239999999997;0.01150464;0.007026688;0.00733696;0.010319871999999999;0.009869312;0.005327872;0.004261888;0.004332544000000001;0.003262464;0.0023439359999999996;0.00154624;0.001876992;0.0023920639999999997;0.00215552;0.001792;0.001284096;0.0011970559999999997;0.0011356159999999999;0.000871424;0.000690176;0.0008345599999999999;0.000628736;0.0005959680000000001;0.000831488;0.000703488;0.0005601279999999999;0.000605184;0.0006574080000000001;0.0007976959999999999;0.000635904;0.000642048;0.0005867520000000001;0.000349184;0.00028774400000000004;0.000360448;0.000516096;0.000494592;0.00029286400000000005;0.00048639999999999995;0.00040550399999999994;0.00030412799999999997;0.000483328;0.0005232639999999998;0.00027340799999999994;0.00027340799999999994;0.000310272;0.00029491200000000004;0.000310272;0.00037888;0.00036966399999999996;0.000391168;0.00029696;0.00022323200000000002;0.00017715200000000003
1788520500,hdr,0.0293;0.03906;0.04883;0.05859;0.06836;0.07813;0.08789;0.09766;0.10742;0.11719;0.12695;0.13672;0.14648;0.15625;0.16602;0.17578;0.18555;0.19531;0.20508;0.21484;0.22461;0.23438;0.24414;0.25391;0.26367;0.27344;0.2832;0.29297;0.30273;0.3125;0.32227;0.33203;0.3418;0.35156;0.36133;0.37109;0.38086;0.39063;0.40039;0.41016;0.41992;0.42969;0.43945;0.44922;0.45898;0.46875;0.47852;0.48828;0.49805;0.50781;0.51758;0.52734;0.53711;0.54688;0.55664;0.56641;0.57617;0.58594;0.5957;0.60547;0.61523;0.625;0.63477;0.64453;0.6543;0.66406;0.67383;0.68359;0.69336;0.70313;0.71289;0.72266;0.73242;0.74219;0.75195;0.76172;0.77148;0.78125;0.79102,3.1744e-05;0.000134144;0.000439296;0.0029992960000000003;0.009303039999999999;0.0036864000000000003;0.0021227520000000003;0.007033856;0.02811392;0.06545817599999999;0.16582655999999998;0.27888537599999996;0.30285824000000006;0.168628224;0.174544896;0.123947008;0.17031065599999998;0.162139136;0.136891392;0.088763392;0.036897792;0.02237952;0.031754239999999996;0.031033344;0.0192;0.011684864;0.005933056;0.0037632;0.004115456;0.004052992;0.005110783999999999;0.005233664;0.00384512;0.00293888;0.002180096;0.00316416;0.0029419520000000003;0.002413568;0.0014735360000000001;0.001373184;0.001053696;0.0011233280000000003;0.00124928;0.001030144;0.001149952;0.0009727999999999999;0.0007290879999999999;0.000642048;0.0005406720000000001;0.000565248;0.00047308800000000003;0.000436224;0.000557056;0.00046796800000000003;0.000456704;0.000535552;0.00040345599999999995;0.000400384;0.00037376;0.00046592000000000004;0.00044544;0.00043110399999999997;0.00033792;0.000390144;0.00042496;0.00039219200000000003;0.00042598399999999997;0.0005406720000000001;0.000525312;0.000451584;0.000260096;0.000207872;0.000275456;0.000252928;0.00024780799999999997;0.000395264;0.00032256;0.000141312;0.00011161600000000001
1788521400,hdr,0.0293;0.03906;0.04883;0.05859;0.06836;0.07813;0.08789;0.09766;0.10742;0.11719;0.12695;0.13672;0.14648;0.15625;0.16602;0.17578;0.18555;0.19531;0.20508;0.21484;0.22461;0.23438;0.24414;0.25391;0.26367;0.27344;0.2832;0.29297;0.30273;0.3125;0.32227;0.33203;0.3418;0.35156;0.36133;0.37109;0.38086;0.39063;0.40039;0.41016;0.41992;0.42969;0.43945;0.44922;0.45898;0.46875;0.47852;0.48828;0.49805;0.50781;0.51758;0.52734;0.53711;0.54688;0.55664;0.56641;0.57617;0.58594;0.5957;0.60547;0.61523;0.625;0.63477;0.64453;0.6543;0.66406;0.67383;0.68359;0.69336;0.70313;0.71289;0.72266;0.73242;0.74219;0.75195;0.76172;0.77148;0.78125;0.79102,0.0006737919999999999;0.00168448;0.001406976;0.003950592;0.012875776;0.006670336000000001;0.00075776;0.00920064;0.039881728000000005;0.07251967999999999;0.069974016;0.10028339200000001;0.21272576;0.28499353600000005;0.19270963200000002;0.106087424;0.175318016;0.15301222400000003;0.0639232;0.058358784;0.052276224;0.023448576000000002;0.024235008000000002;0.021952512;0.013281280000000001;0.010032128000000001;0.009242624;0.008042496;0.006660096000000001;0.006766592000000001;0.005839871999999999;0.004729856;0.004903935999999999;0.004574208;0.002445312;0.0016435199999999999;0.0018442240000000002;0.001524736;0.000632832;0.000939008;0.0014438399999999998;0.001396736;0.00108544;0.001442816;0.001461248;0.000923648;0.00085504;0.001477632;0.001686528;0.000937984;0.000903168;0.000674816;0.00097792;0.00133632;0.001036288;0.000451584;0.000380928;0.00045568;0.0005580800000000001;0.00068608;0.000676864;0.000401408;0.000442368;0.00047308800000000003;0.00036966399999999996;0.000382976;0.00039731200000000003;0.00032870400000000003;0.000452608;0.00064512;0.00031232;0.000303104;0.000197632;0.000188416;0.000196608;0.00014643200000000002;0.00024371200000000001;0.000178176;0.000191488
1788522300,hdr,0.0293;0.03906;0.04883;0.05859;0.06836;0.07813;0.08789;0.09766;0.10742;0.11719;0.12695;0.13672;0.14648;0.15625;0.16602;0.17578;0.18555;0.19531;0.20508;0.21484;0.22461;0.23438;0.24414;0.25391;0.26367;0.27344;0.2832;0.29297;0.30273;0.3125;0.32227;0.33203;0.3418;0.35156;0.36133;0.37109;0.38086;0.39063;0.40039;0.41016;0.41992;0.42969;0.43945;0.44922;0.45898;0.46875;0.47852;0.48828;0.49805;0.50781;0.51758;0.52734;0.53711;0.54688;0.55664;0.56641;0.57617;0.58594;0.5957;0.60547;0.61523;0.625;0.63477;0.64453;0.6543;0.66406;0.67383;0.68359;0.69336;0.70313;0.71289;0.72266;0.73242;0.74219;0.75195;0.76172;0.77148;0.78125;0.79102,0.00047411199999999995;0.000825344;0.001130496;0.004430848;0.007427072;0.001895424;0.001102848;0.006375424;0.022624256;0.054572032;0.08659456;0.145173504;0.185074688;0.19488563199999998;0.326267904;0.28271820799999997;0.186954752;0.112980992;0.060916736;0.049674239999999995;0.024507392;0.03272192;0.034699264;0.02158592;0.010816511999999999;0.018342911999999996;0.015312896000000001;0.010482688;0.008323072;0.007861248;0.005163008;0.005694464;0.0037058559999999996;0.0032573439999999997;0.00370688;0.003180544;0.003049472;0.00234496;0.002291712;0.001915904;0.0015472639999999998;0.0016711679999999998;0.001199104;0.0013608960000000001;0.001304576;0.0009543679999999999;0.0012072959999999998;0.000825344;0.0005857280000000001;0.000543744;0.00044339199999999997;0.0004956159999999999;0.000827392;0.000715776;0.0005734399999999999;0.000731136;0.000924672;0.000898048;0.000867328;0.0008652800000000001;0.00109056;0.0007772160000000001;0.000505856;0.00033894400000000004;0.00041984;0.000504832;0.000863232;0.000785408;0.000459776;0.00041472;0.000461824;0.000390144;0.000461824;0.0005683200000000001;0.00040448000000000003;0.000482304;0.000454656;0.00033792;0.00035942400000000006
1788523200,hdr,0.0293;0.03906;0.04883;0.05859;0.06836;0.07813;0.08789;0.09766;0.10742;0.11719;0.12695;0.13672;0.14648;0.15625;0.16602;0.17578;0.18555;0.19531;0.20508;0.21484;0.22461;0.23438;0.24414;0.25391;0.26367;0.27344;0.2832;0.29297;0.30273;0.3125;0.32227;0.33203;0.3418;0.35156;0.36133;0.37109;0.38086;0.39063;0.40039;0.41016;0.41992;0.42969;0.43945;0.44922;0.45898;0.46875;0.47852;0.48828;0.49805;0.50781;0.51758;0.52734;0.53711;0.54688;0.55664;0.56641;0.57617;0.58594;0.5957;0.60547;0.61523;0.625;0.63477;0.64453;0.6543;0.66406;0.67383;0.68359;0.69336;0.70313;0.71289;0.72266;0.73242;0.74219;0.75195;0.76172;0.77148;0.78125;0.79102,0.001391616;0.001570816;0.001263616;0.0044922880000000005;0.0078848;0.0054538239999999995;0.0018995200000000002;0.008390656;0.03536691199999999;0.05848064;0.082388992;0.109294592;0.16754483200000003;0.180982784;0.15675187200000001;0.103008256;0.08135168000000001;0.08033792;0.073984;0.052191232;0.045074432;0.031837184000000004;0.013892607999999999;0.021225472000000002;0.018876415999999997;0.01628672;0.011237376;0.007287808;0.005861376000000001;0.0036648960000000004;0.005013504;0.0038461439999999997;0.004468736;0.003323904;0.0031139839999999998;0.0026449919999999997;0.00133632;0.001532928;0.0016732160000000002;0.001593344;0.0018135039999999999;0.001605632;0.0015144960000000002;0.0015964160000000002;0.0017336320000000001;0.00115712;0.000513024;0.0009830400000000001;0.000768;0.0009420800000000001;0.000857088;0.0007219199999999999;0.0008202239999999999;0.000908288;0.0011509760000000002;0.001176576;0.001570816;0.0012052480000000001;0.000871424;0.001041408;0.000823296;0.000781312;0.0007219199999999999;0.0006891520000000001;0.00061952;0.0006912;0.00072704;0.0006993920000000001;0.000663552;0.00047308800000000003;0.00031232;0.000345088;0.000398336;0.000330752;0.000347136;0.000385024;0.000313344;0.00027340799999999994;0.000274432
1788524100,hdr,0.0293;0.03906;0.04883;0.05859;0.06836;0.07813;0.08789;0.09766;0.10742;0.11719;0.12695;0.13672;0.14648;0.15625;0.16602;0.17578;0.18555;0.19531;0.20508;0.21484;0.22461;0.23438;0.24414;0.25391;0.26367;0.27344;0.2832;0.29297;0.30273;0.3125;0.32227;0.33203;0.3418;0.35156;0.36133;0.37109;0.38086;0.39063;0.40039;0.41016;0.41992;0.42969;0.43945;0.44922;0.45898;0.46875;0.47852;0.48828;0.49805;0.50781;0.51758;0.52734;0.53711;0.54688;0.55664;0.56641;0.57617;0.58594;0.5957;0.60547;0.61523;0.625;0.63477;0.64453;0.6543;0.66406;0.67383;0.68359;0.69336;0.70313;0.71289;0.72266;0.73242;0.74219;0.75195;0.76172;0.77148;0.78125;0.79102,0.001752064;0.0038696959999999997;0.002147328;0.004625408;0.003890176;0.00236032;0.0026419199999999994;0.008909824;0.029943808000000002;0.041945088;0.070902784;0.119576576;0.126773248;0.18100633600000002;0.18579660799999997;0.175025152;0.15021977599999997;0.10581504;0.075011072;0.041573376;0.029218815999999998;0.024117248;0.025248768;0.02232832;0.01567744;0.009436159999999999;0.01171456;0.008972288;0.009688064;0.006656;0.006611968;0.007484416;0.0047810560000000005;0.002799616;0.002043904;0.002030592;0.002147328;0.0016609279999999999;0.00101376;0.0006952960000000001;0.0009205759999999999;0.0010608640000000001;0.001077248;0.000932864;0.000756736;0.0008366080000000001;0.0010086399999999999;0.001077248;0.0007976959999999999;0.000601088;0.000863232;0.001113088;0.000917504;0.0008222720000000001;0.000492544;0.00046796800000000003;0.00033484799999999995;0.000698368;0.0007393279999999999;0.000628736;0.0006778880000000001;0.00047308800000000003;0.0008366080000000001;0.000633856;0.00048639999999999995;0.000536576;0.000594944;0.000606208;0.000557056;0.0005601279999999999;0.0006082559999999999;0.000565248;0.000520192;0.000457728;0.000357376;0.000242688;0.000323584;0.00033689599999999994;0.00031744
1788525000,hdr,0.0293;0.03906;0.04883;0.05859;0.06836;0.07813;0.08789;0.09766;0.10742;0.11719;0.12695;0.13672;0.14648;0.15625;0.16602;0.17578;0.18555;0.19531;0.20508;0.21484;0.22461;0.23438;0.24414;0.25391;0.26367;0.27344;0.2832;0.29297;0.30273;0.3125;0.32227;0.33203;0.3418;0.35156;0.36133;0.37109;0.38086;0.39063;0.40039;0.41016;0.41992;0.42969;0.43945;0.44922;0.45898;0.46875;0.47852;0.48828;0.49805;0.50781;0.51758;0.52734;0.53711;0.54688;0.55664;0.56641;0.57617;0.58594;0.5957;0.60547;0.61523;0.625;0.63477;0.64453;0.6543;0.66406;0.67383;0.68359;0.69336;0.70313;0.71289;0.72266;0.73242;0.74219;0.75195;0.76172;0.77148;0.78125;0.79102,0.004134912;0.007921664;0.0037877759999999996;0.006618112;0.007151616;0.0028876799999999997;0.0023429120000000004;0.0037621760000000003;0.018237439999999997;0.045705216;0.08810905599999999;0.15192064;0.19959295999999999;0.184481792;0.180640768;0.332132352;0.283507712;0.122510336;0.055066623999999995;0.06989516800000001;0.045026304;0.019518464;0.018588671999999997;0.014124032;0.013474816;0.01212416;0.008927232;0.010212352;0.012935168000000002;0.008928255999999999;0.0061306880000000005;0.007069696000000001;0.006164480000000001;0.004097024;0.0029460479999999997;0.0036239360000000003;0.002512896;0.001746944;0.0015872;0.0018483199999999999;0.001399808;0.0011151359999999999;0.0009727999999999999;0.001149952;0.001388544;0.0015656959999999999;0.001627136;0.0013547519999999999;0.00117248;0.001138688;0.0010762240000000002;0.0007557120000000001;0.00070656;0.000873472;0.000894976;0.001226752;0.001384448;0.0010496000000000001;0.000809984;0.0008652800000000001;0.0010956800000000001;0.001678336;0.001826816;0.001238016;0.000831488;0.0007423999999999999;0.00045056;0.00044339199999999997;0.00063488;0.00057856;0.000461824;0.00029491200000000004;0.000335872;0.000352256;0.000283648;0.00027648;0.000388096;0.000406528;0.000249856
1788525900,hdr,0.0293;0.03906;0.04883;0.05859;0.06836;0.07813;0.08789;0.09766;0.10742;0.11719;0.12695;0.13672;0.14648;0.15625;0.16602;0.17578;0.18555;0.19531;0.20508;0.21484;0.22461;0.23438;0.24414;0.25391;0.26367;0.27344;0.2832;0.29297;0.30273;0.3125;0.32227;0.33203;0.3418;0.35156;0.36133;0.37109;0.38086;0.39063;0.40039;0.41016;0.41992;0.42969;0.43945;0.44922;0.45898;0.46875;0.47852;0.48828;0.49805;0.50781;0.51758;0.52734;0.53711;0.54688;0.55664;0.56641;0.57617;0.58594;0.5957;0.60547;0.61523;0.625;0.63477;0.64453;0.6543;0.66406;0.67383;0.68359;0.69336;0.70313;0.71289;0.72266;0.73242;0.74219;0.75195;0.76172;0.77148;0.78125;0.79102,0.0020879360000000003;0.00434176;0.0026941440000000003;0.00854016;0.014522368;0.0028672;0.002213888;0.011148288000000001;0.037576703999999995;0.045558784;0.064224256;0.090431488;0.09635532799999999;0.105984;0.148407296;0.10713395199999999;0.076184576;0.06505574400000001;0.054337536;0.057627648000000004;0.046722048;0.026194943999999998;0.01506816;0.015837184;0.014318592;0.012420096;0.011099136;0.010319871999999999;0.011394047999999999;0.013150207999999998;0.008194048;0.004023296;0.003971072;0.003807232;0.003767296;0.00231424;0.0016906239999999997;0.0022712319999999998;0.0024709120000000005;0.002226176;0.001874944;0.0014213119999999999;0.001695744;0.0009021439999999999;0.000603136;0.00048127999999999995;0.0007464960000000001;0.000658432;0.000659456;0.000776192;0.0006891520000000001;0.000827392;0.00072704;0.000643072;0.000538624;0.000638976;0.00065536;0.000847872;0.00068096;0.000461824;0.0005918719999999999;0.000688128;0.0006993920000000001;0.000427008;0.0006154239999999999;0.000812032;0.000785408;0.0004986880000000001;0.000544768;0.000490496;0.000400384;0.000308224;0.00031129599999999997;0.00040345599999999995;0.00040345599999999995;0.00047820800000000004;0.000421888;0.000233472;0.00030003200000000004
1788527700,hdr,0.0293;0.03906;0.04883;0.05859;0.06836;0.07813;0.08789;0.09766;0.10742;0.11719;0.12695;0.13672;0.14648;0.15625;0.16602;0.17578;0.18555;0.19531;0.20508;0.21484;0.22461;0.23438;0.24414;0.25391;0.26367;0.27344;0.2832;0.29297;0.30273;0.3125;0.32227;0.33203;0.3418;0.35156;0.36133;0.37109;0.38086;0.39063;0.40039;0.41016;0.41992;0.42969;0.43945;0.44922;0.45898;0.46875;0.47852;0.48828;0.49805;0.50781;0.51758;0.52734;0.53711;0.54688;0.55664;0.56641;0.57617;0.58594;0.5957;0.60547;0.61523;0.625;0.63477;0.64453;0.6543;0.66406;0.67383;0.68359;0.69336;0.70313;0.71289;0.72266;0.73242;0.74219;0.75195;0.76172;0.77148;0.78125;0.79102,0.002106368;0.005168128000000001;0.004469760000000001;0.004302848;0.009184256;0.004191232;0.0035061759999999997;0.007778304;0.016751615999999997;0.039529472;0.063012864;0.085020672;0.124197888;0.157559808;0.104614912;0.1504256;0.21014220800000002;0.114337792;0.062379008;0.038524928;0.030661632;0.033843200000000004;0.029484032;0.017431552;0.015962112;0.01246208;0.011701248;0.008824832;0.008203264000000002;0.008672256000000001;0.003419136;0.004861951999999999;0.005761024;0.0025405440000000005;0.0037611520000000002;0.005291008;0.002850816;0.002902016;0.002637824;0.0017930239999999998;0.001004544;0.000966656;0.0014192640000000002;0.0015738879999999998;0.001050624;0.001024;0.000950272;0.0011704320000000001;0.0011151359999999999;0.000731136;0.00061952;0.0006502400000000001;0.000781312;0.0006604799999999999;0.000463872;0.000625664;0.000643072;0.000731136;0.000795648;0.000577536;0.000557056;0.000459776;0.000605184;0.000653312;0.000577536;0.00047104000000000004;0.00038912;0.000288768;0.00023859199999999998;0.000538624;0.000555008;0.000456704;0.000241664;0.000224256;0.000244736;0.00040550399999999994;0.000393216;0.000262144;0.000144384
1788528600,hdr,0.0293;0.03906;0.04883;0.05859;0.06836;0.07813;0.08789;0.09766;0.10742;0.11719;0.12695;0.13672;0.14648;0.15625;0.16602;0.17578;0.18555;0.19531;0.20508;0.21484;0.22461;0.23438;0.24414;0.25391;0.26367;0.27344;0.2832;0.29297;0.30273;0.3125;0.32227;0.33203;0.3418;0.35156;0.36133;0.37109;0.38086;0.39063;0.40039;0.41016;0.41992;0.42969;0.43945;0.44922;0.45898;0.46875;0.47852;0.48828;0.49805;0.50781;0.51758;0.52734;0.53711;0.54688;0.55664;0.56641;0.57617;0.58594;0.5957;0.60547;0.61523;0.625;0.63477;0.64453;0.6543;0.66406;0.67383;0.68359;0.69336;0.70313;0.71289;0.72266;0.73242;0.74219;0.75195;0.76172;0.77148;0.78125;0.79102,0.00030105599999999996;0.00122368;0.0013312;0.00670208;0.009888768;0.00326656;0.002556928;0.00530944;0.025090048;0.046041088;0.0824064;0.100681728;0.110925824;0.164967424;0.169667584;0.11291136;0.074991616;0.094308352;0.076413952;0.062799872;0.042017792;0.023831552;0.018366464;0.012044288;0.010789888;0.010117119999999999;0.008733695999999999;0.009358336;0.006395903999999999;0.006831104;0.005082112;0.0033218559999999998;0.003728384;0.0039301119999999995;0.003807232;0.002177024;0.0011509760000000002;0.000949248;0.001455104;0.0016424959999999998;0.003024896;0.00288256;0.002127872;0.0028672;0.0024709120000000005;0.001206272;0.0006225919999999999;0.000881664;0.00101888;0.00097792;0.0009615359999999999;0.0007249919999999999;0.000694272;0.000754688;0.000827392;0.000905216;0.0006973439999999999;0.00043008000000000006;0.0005007359999999999;0.00039219200000000003;0.000475136;0.00032768;0.00045056;0.000497664;0.0005324799999999999;0.00029696;0.000257024;0.000441344;0.00041062399999999995;0.000385024;0.000412672;0.000376832;0.000325632;0.000264192;0.00029696;0.00027648;0.000381952;0.000288768;0.00028569600000000005
1788529500,hdr,0.0293;0.03906;0.04883;0.05859;0.06836;0.07813;0.08789;0.09766;0.10742;0.11719;0.12695;0.13672;0.14648;0.15625;0.16602;0.17578;0.18555;0.19531;0.20508;0.21484;0.22461;0.23438;0.24414;0.25391;0.26367;0.27344;0.2832;0.29297;0.30273;0.3125;0.32227;0.33203;0.3418;0.35156;0.36133;0.37109;0.38086;0.39063;0.40039;0.41016;0.41992;0.42969;0.43945;0.44922;0.45898;0.46875;0.47852;0.48828;0.49805;0.50781;0.51758;0.52734;0.53711;0.54688;0.55664;0.56641;0.57617;0.58594;0.5957;0.60547;0.61523;0.625;0.63477;0.64453;0.6543;0.66406;0.67383;0.68359;0.69336;0.70313;0.71289;0.72266;0.73242;0.74219;0.75195;0.76172;0.77148;0.78125;0.79102,0.00019968;0.00040755200000000004;0.001036288;0.008861696;0.01193984;0.0022978559999999996;0.002441216;0.004978688;0.017415168;0.057576447999999995;0.07268044800000001;0.067514368;0.14058495999999998;0.160328704;0.117385216;0.07736934399999999;0.086518784;0.073416704;0.048571392;0.024132608;0.032273408;0.025673728;0.017813503999999997;0.018920448;0.020529152;0.013534207999999999;0.010701824;0.010294271999999998;0.01079296;0.010993664;0.010600448;0.006586368;0.005520384;0.005566464;0.003011584;0.002924544;0.003356672;0.0035706880000000002;0.002225152;0.002143232;0.002656256;0.0021217280000000002;0.0018513919999999999;0.001934336;0.001818624;0.00157184;0.0010762240000000002;0.0009482239999999999;0.001298432;0.001117184;0.000606208;0.00061952;0.00110592;0.001349632;0.000912384;0.0012523519999999998;0.001166336;0.001114112;0.001079296;0.000869376;0.000520192;0.000748544;0.000759808;0.00081408;0.0009727999999999999;0.001374208;0.00121344;0.0009625599999999999;0.000816128;0.0005754880000000001;0.0006000640000000001;0.0005468159999999999;0.000412672;0.000365568;0.000268288;0.00020992;0.000195584;0.000191488;0.00022528
1788530400,hdr,0.0293;0.03906;0.04883;0.05859;0.06836;0.07813;0.08789;0.09766;0.10742;0.11719;0.12695;0.13672;0.14648;0.15625;0.16602;0.17578;0.18555;0.19531;0.20508;0.21484;0.22461;0.23438;0.24414;0.25391;0.26367;0.27344;0.2832;0.29297;0.30273;0.3125;0.32227;0.33203;0.3418;0.35156;0.36133;0.37109;0.38086;0.39063;0.40039;0.41016;0.41992;0.42969;0.43945;0.44922;0.45898;0.46875;0.47852;0.48828;0.49805;0.50781;0.51758;0.52734;0.53711;0.54688;0.55664;0.56641;0.57617;0.58594;0.5957;0.60547;0.61523;0.625;0.63477;0.64453;0.6543;0.66406;0.67383;0.68359;0.69336;0.70313;0.71289;0.72266;0.73242;0.74219;0.75195;0.76172;0.77148;0.78125;0.79102,0.0016936960000000002;0.003877888;0.005835776;0.012998656;0.010123264000000002;0.000759808;0.0005099519999999999;0.0037621760000000003;0.014427136;0.039073791999999996;0.068205568;0.07859097599999999;0.09354137600000001;0.13190553600000002;0.20792832;0.16757759999999997;0.136131584;0.099096576;0.044216319999999996;0.046570495999999996;0.04484608;0.029790208;0.014915584;0.009609216;0.01662464;0.016134144;0.01356288;0.011204608;0.013299712;0.010830848;0.006214656;0.007257088000000001;0.008861696;0.006240256;0.0057251839999999995;0.004545536;0.003347456;0.003546112;0.002852864;0.001800192;0.001088512;0.001468416;0.001005568;0.0009472;0.001250304;0.0007772160000000001;0.0011120639999999998;0.0010496000000000001;0.001052672;0.00088064;0.00082944;0.0008386559999999999;0.000887808;0.000632832;0.000429056;0.000610304;0.0005980159999999999;0.00041676800000000003;0.0007495679999999999;0.0012185600000000003;0.000781312;0.001133568;0.000751616;0.000843776;0.000723968;0.0008345599999999999;0.0005857280000000001;0.000393216;0.000395264;0.000559104;0.000518144;0.000505856;0.00036761599999999997;0.000415744;0.000468992;0.00039628799999999996;0.00024780799999999997;0.000227328;0.00024371200000000001
1788531300,hdr,0.0293;0.03906;0.04883;0.05859;0.06836;0.07813;0.08789;0.09766;0.10742;0.11719;0.12695;0.13672;0.14648;0.15625;0.16602;0.17578;0.18555;0.19531;0.20508;0.21484;0.22461;0.23438;0.24414;0.25391;0.26367;0.27344;0.2832;0.29297;0.30273;0.3125;0.32227;0.33203;0.3418;0.35156;0.36133;0.37109;0.38086;0.39063;0.40039;0.41016;0.41992;0.42969;0.43945;0.44922;0.45898;0.46875;0.47852;0.48828;0.49805;0.50781;0.51758;0.52734;0.53711;0.54688;0.55664;0.56641;0.57617;0.58594;0.5957;0.60547;0.61523;0.625;0.63477;0.64453;0.6543;0.66406;0.67383;0.68359;0.69336;0.70313;0.71289;0.72266;0.73242;0.74219;0.75195;0.76172;0.77148;0.78125;0.79102,0.001794048;0.006259712000000001;0.0062648320000000006;0.006023168;0.010277888;0.0037058559999999996;0.002321408;0.004301823999999999;0.014892032000000001;0.045228032;0.06656102400000001;0.054513663999999996;0.074339328;0.157843456;0.176396288;0.169760768;0.11451904;0.065152;0.050806784;0.036470784;0.041669632;0.027897856;0.011271168;0.014654464;0.02156032;0.01737728;0.015411199999999998;0.013852672;0.010753024;0.006872064000000001;0.003885056;0.00499712;0.006228992;0.003929088;0.00252416;0.0021411840000000004;0.00357376;0.0038000639999999997;0.003386368;0.003228672;0.002638848;0.0013004800000000001;0.000951296;0.0010946560000000003;0.0012042239999999998;0.0008765439999999999;0.000785408;0.000840704;0.0006021119999999999;0.000610304;0.0006830079999999999;0.000899072;0.0008601600000000001;0.000734208;0.00043724800000000005;0.000494592;0.000672768;0.00036454399999999996;0.00028569600000000005;0.000526336;0.0005713920000000001;0.000544768;0.00064;0.000857088;0.001110016;0.0009256959999999999;0.0008048640000000001;0.000717824;0.000413696;0.00047001599999999997;0.000415744;0.00037888;0.00043724800000000005;0.0005376000000000001;0.000489472;0.00034099200000000003;0.000288768;0.000482304;0.000448512
1788532200,hdr,0.0293;0.03906;0.04883;0.05859;0.06836;0.07813;0.08789;0.09766;0.10742;0.11719;0.12695;0.13672;0.14648;0.15625;0.16602;0.17578;0.18555;0.19531;0.20508;0.21484;0.22461;0.23438;0.24414;0.25391;0.26367;0.27344;0.2832;0.29297;0.30273;0.3125;0.32227;0.33203;0.3418;0.35156;0.36133;0.37109;0.38086;0.39063;0.40039;0.41016;0.41992;0.42969;0.43945;0.44922;0.45898;0.46875;0.47852;0.48828;0.49805;0.50781;0.51758;0.52734;0.53711;0.54688;0.55664;0.56641;0.57617;0.58594;0.5957;0.60547;0.61523;0.625;0.63477;0.64453;0.6543;0.66406;0.67383;0.68359;0.69336;0.70313;0.71289;0.72266;0.73242;0.74219;0.75195;0.76172;0.77148;0.78125;0.79102,0.005023743999999999;0.008297472000000002;0.009659392;0.01094144;0.010185728;0.003489792;0.00167424;0.003076096;0.020405248;0.03972096;0.047153152000000004;0.054290432;0.066686976;0.099692544;0.17983488;0.168508416;0.08583168000000001;0.07177216;0.062870528;0.051708928;0.039945216;0.017644543999999998;0.019260416000000002;0.016769024;0.011495423999999999;0.013499392;0.00892416;0.011941888000000001;0.01067008;0.010685440000000001;0.007102464;0.005896192;0.005863424;0.0055183359999999996;0.004551680000000001;0.004352;0.003422208;0.003591168;0.004026368;0.00267264;0.002456576;0.002046976;0.001742848;0.0021248;0.002112512;0.0022394880000000004;0.0021626880000000003;0.0013475839999999998;0.0021780479999999997;0.002951168;0.002997248;0.002888704;0.002213888;0.000964608;0.0011202559999999998;0.00133632;0.001168384;0.0011448320000000001;0.001098752;0.001055744;0.001098752;0.001058816;0.000733184;0.000594944;0.000384;0.000398336;0.000499712;0.0006830079999999999;0.000441344;0.000497664;0.000505856;0.000453632;0.000436224;0.000449536;0.000429056;0.00047308800000000003;0.00037888;0.00020992;0.00026623999999999994
1788533100,hdr,0.0293;0.03906;0.04883;0.05859;0.06836;0.07813;0.08789;0.09766;0.10742;0.11719;0.12695;0.13672;0.14648;0.15625;0.16602;0.17578;0.18555;0.19531;0.20508;0.21484;0.22461;0.23438;0.24414;0.25391;0.26367;0.27344;0.2832;0.29297;0.30273;0.3125;0.32227;0.33203;0.3418;0.35156;0.36133;0.37109;0.38086;0.39063;0.40039;0.41016;0.41992;0.42969;0.43945;0.44922;0.45898;0.46875;0.47852;0.48828;0.49805;0.50781;0.51758;0.52734;0.53711;0.54688;0.55664;0.56641;0.57617;0.58594;0.5957;0.60547;0.61523;0.625;0.63477;0.64453;0.6543;0.66406;0.67383;0.68359;0.69336;0.70313;0.71289;0.72266;0.73242;0.74219;0.75195;0.76172;0.77148;0.78125;0.79102,0.002070528;0.003224576;0.0042065919999999994;0.009970688;0.011737088;0.0051599359999999995;0.005357567999999999;0.004401152;0.01467392;0.029135872;0.07071232000000001;0.09235353600000001;0.11890688;0.127671296;0.160674816;0.165740544;0.117453824;0.12232089600000001;0.054719488;0.034072576;0.041097216;0.026540031999999998;0.012095488;0.010550272;0.009607168;0.011139072;0.010472448;0.008015872;0.0069324799999999995;0.005724160000000001;0.0068474880000000005;0.004772864000000001;0.005149696;0.006941696;0.0056576000000000005;0.003119104;0.0019650559999999997;0.000908288;0.0018862080000000001;0.002148352;0.001695744;0.001129472;0.0012400640000000001;0.000873472;0.0008048640000000001;0.0008366080000000001;0.001000448;0.001294336;0.0011489279999999998;0.001061888;0.001247232;0.001275904;0.001256448;0.001057792;0.000899072;0.0008704;0.0007936;0.000626688;0.000662528;0.0005867520000000001;0.00073216;0.000533504;0.00064512;0.0006789119999999999;0.0006000640000000001;0.000659456;0.0008488959999999999;0.000653312;0.0005621760000000001;0.000539648;0.000346112;0.0005836799999999999;0.0006225919999999999;0.000454656;0.0004884479999999999;0.00041984;0.00031232;0.00026521600000000003;0.000325632
1788534000,hdr,0.0293;0.03906;0.04883;0.05859;0.06836;0.07813;0.08789;0.09766;0.10742;0.11719;0.12695;0.13672;0.14648;0.15625;0.16602;0.17578;0.18555;0.19531;0.20508;0.21484;0.22461;0.23438;0.24414;0.25391;0.26367;0.27344;0.2832;0.29297;0.30273;0.3125;0.32227;0.33203;0.3418;0.35156;0.36133;0.37109;0.38086;0.39063;0.40039;0.41016;0.41992;0.42969;0.43945;0.44922;0.45898;0.46875;0.47852;0.48828;0.49805;0.50781;0.51758;0.52734;0.53711;0.54688;0.55664;0.56641;0.57617;0.58594;0.5957;0.60547;0.61523;0.625;0.63477;0.64453;0.6543;0.66406;0.67383;0.68359;0.69336;0.70313;0.71289;0.72266;0.73242;0.74219;0.75195;0.76172;0.77148;0.78125;0.79102,0.004040704;0.0067082240000000005;0.00548352;0.014032896;0.010998784;0.0027310080000000005;0.0017530879999999999;0.002228224;0.014585856;0.036854784;0.07958323199999999;0.09568665600000001;0.080128;0.066393088;0.09521459199999999;0.124437504;0.07819264;0.03106816;0.048223232000000005;0.049490943999999995;0.024762368;0.033277952;0.021522431999999998;0.015645696;0.016098303999999997;0.013036544;0.012372992;0.00838656;0.008609792000000002;0.010830848;0.006856704;0.0029337599999999997;0.0026624;0.003442688;0.002302976;0.002282496;0.002451456;0.002015232;0.001603584;0.0018421759999999998;0.001770496;0.001165312;0.001477632;0.001559552;0.001077248;0.00122368;0.000919552;0.0009984;0.00100352;0.001078272;0.0010833919999999999;0.0009349119999999999;0.00075264;0.001209344;0.000992256;0.0008622079999999999;0.0005713920000000001;0.000638976;0.000899072;0.0009758719999999999;0.000719872;0.0007055360000000001;0.00061952;0.000376832;0.000365568;0.00047616000000000005;0.000533504;0.00043315199999999996;0.000494592;0.0004884479999999999;0.000395264;0.000504832;0.00044032;0.000387072;0.00028774400000000004;0.00022016;0.000447488;0.000449536;0.00042291200000000006
1788534900,hdr,0.0293;0.03906;0.04883;0.05859;0.06836;0.07813;0.08789;0.09766;0.10742;0.11719;0.12695;0.13672;0.14648;0.15625;0.16602;0.17578;0.18555;0.19531;0.20508;0.21484;0.22461;0.23438;0.24414;0.25391;0.26367;0.27344;0.2832;0.29297;0.30273;0.3125;0.32227;0.33203;0.3418;0.35156;0.36133;0.37109;0.38086;0.39063;0.40039;0.41016;0.41992;0.42969;0.43945;0.44922;0.45898;0.46875;0.47852;0.48828;0.49805;0.50781;0.51758;0.52734;0.53711;0.54688;0.55664;0.56641;0.57617;0.58594;0.5957;0.60547;0.61523;0.625;0.63477;0.64453;0.6543;0.66406;0.67383;0.68359;0.69336;0.70313;0.71289;0.72266;0.73242;0.74219;0.75195;0.76172;0.77148;0.78125;0.79102,0.005219328;0.010673152;0.011691008;0.008568832;0.008040447999999999;0.003313664;0.0023336960000000006;0.003252224;0.009304064;0.042770432000000004;0.093923328;0.095988736;0.126652416;0.09555968;0.09577983999999999;0.08590336;0.07351296;0.06498304;0.055048192;0.033570815999999996;0.025230336000000003;0.020928512000000003;0.022076415999999998;0.031336448;0.023693311999999998;0.011063295999999999;0.012085248;0.014553088000000002;0.010112;0.007401472;0.005873664;0.003740672;0.003853312;0.004179968;0.007237632;0.004299776;0.0035645440000000002;0.002402304;0.001850368;0.003186688;0.00373248;0.002807808;0.0020121600000000003;0.00146944;0.001954816;0.001125376;0.00217088;0.0036894719999999996;0.0035061759999999997;0.003023872;0.0026705920000000003;0.0015165439999999999;0.000676864;0.000897024;0.001091584;0.0011970559999999997;0.000900096;0.0008212479999999999;0.000548864;0.000661504;0.0007086080000000001;0.00035532799999999997;0.000412672;0.000458752;0.000339968;0.000217088;0.00038912;0.00040550399999999994;0.00047411199999999995;0.00036352;0.000387072;0.00041472;0.00032256;0.000226304;0.00029798400000000005;0.000352256;0.000335872;0.00043315199999999996;0.00047820800000000004
1788535800,hdr,0.0293;0.03906;0.04883;0.05859;0.06836;0.07813;0.08789;0.09766;0.10742;0.11719;0.12695;0.13672;0.14648;0.15625;0.16602;0.17578;0.18555;0.19531;0.20508;0.21484;0.22461;0.23438;0.24414;0.25391;0.26367;0.27344;0.2832;0.29297;0.30273;0.3125;0.32227;0.33203;0.3418;0.35156;0.36133;0.37109;0.38086;0.39063;0.40039;0.41016;0.41992;0.42969;0.43945;0.44922;0.45898;0.46875;0.47852;0.48828;0.49805;0.50781;0.51758;0.52734;0.53711;0.54688;0.55664;0.56641;0.57617;0.58594;0.5957;0.60547;0.61523;0.625;0.63477;0.64453;0.6543;0.66406;0.67383;0.68359;0.69336;0.70313;0.71289;0.72266;0.73242;0.74219;0.75195;0.76172;0.77148;0.78125;0.79102,0.004369408;0.005388288000000001;0.007550976000000001;0.006878207999999999;0.007646208;0.00551424;0.00349696;0.0035829760000000003;0.01326592;0.042349568;0.078538752;0.07376896000000001;0.116851712;0.156526592;0.141316096;0.104460288;0.09127424;0.09150873600000001;0.053302272000000005;0.01949184;0.0212736;0.014138368;0.01653248;0.021098495999999998;0.017506304;0.01580544;0.010320896;0.009699328;0.011199488;0.00976384;0.009321471999999999;0.004870144;0.004326399999999999;0.004259839999999999;0.0041512960000000005;0.003995648;0.0034816;0.00273408;0.0022015999999999997;0.0017663999999999998;0.001948672;0.00200192;0.00154624;0.0016220159999999998;0.001476608;0.0013547519999999999;0.001253376;0.0012001280000000002;0.000782336;0.0007352319999999999;0.00059904;0.000801792;0.000763904;0.0006502400000000001;0.00062464;0.0008509440000000001;0.000918528;0.0011509760000000002;0.000945152;0.001097728;0.0009041920000000001;0.0006912;0.000592896;0.000557056;0.000674816;0.0007423999999999999;0.000656384;0.000246784;0.000454656;0.000493568;0.000468992;0.0005099519999999999;0.00041984;0.000349184;0.000415744;0.000521216;0.000379904;0.000513024;0.00047308800000000003
1788536700,hdr,0.0293;0.03906;0.04883;0.05859;0.06836;0.07813;0.08789;0.09766;0.10742;0.11719;0.12695;0.13672;0.14648;0.15625;0.16602;0.17578;0.18555;0.19531;0.20508;0.21484;0.22461;0.23438;0.24414;0.25391;0.26367;0.27344;0.2832;0.29297;0.30273;0.3125;0.32227;0.33203;0.3418;0.35156;0.36133;0.37109;0.38086;0.39063;0.40039;0.41016;0.41992;0.42969;0.43945;0.44922;0.45898;0.46875;0.47852;0.48828;0.49805;0.50781;0.51758;0.52734;0.53711;0.54688;0.55664;0.56641;0.57617;0.58594;0.5957;0.60547;0.61523;0.625;0.63477;0.64453;0.6543;0.66406;0.67383;0.68359;0.69336;0.70313;0.71289;0.72266;0.73242;0.74219;0.75195;0.76172;0.77148;0.78125;0.79102,0.001353728;0.0037928959999999996;0.009713663999999999;0.011568128;0.009512959999999999;0.005229568;0.008507391999999999;0.0070297599999999995;0.018262016;0.038555648;0.09641574400000001;0.13397299199999999;0.07875584000000001;0.083769344;0.19218739199999998;0.141958144;0.054642688;0.059010047999999996;0.051120128;0.070052864;0.038930432;0.023500800000000002;0.015474688;0.014666752;0.013077503999999998;0.016390144;0.00749568;0.00802304;0.012796927999999999;0.012419072;0.007785472000000001;0.006493184;0.007357440000000001;0.00788992;0.006498304;0.004413439999999999;0.0031907839999999995;0.003729408;0.001404928;0.001934336;0.001759232;0.0022978559999999996;0.00198656;0.001626112;0.001422336;0.001695744;0.0013424640000000002;0.000805888;0.0007188480000000001;0.00099328;0.001055744;0.000723968;0.0007290879999999999;0.000882688;0.0009461760000000001;0.0007096320000000001;0.000980992;0.000579584;0.000326656;0.0006000640000000001;0.000730112;0.000483328;0.00029081600000000006;0.0004956159999999999;0.0005898240000000001;0.000539648;0.00040960000000000004;0.000375808;0.0004884479999999999;0.000418816;0.00026623999999999994;0.000329728;0.00032768;0.00037376;0.00032768;0.000308224;0.00037376;0.00041779199999999995;0.0005601279999999999
1788537600,hdr,0.0293;0.03906;0.04883;0.05859;0.06836;0.07813;0.08789;0.09766;0.10742;0.11719;0.12695;0.13672;0.14648;0.15625;0.16602;0.17578;0.18555;0.19531;0.20508;0.21484;0.22461;0.23438;0.24414;0.25391;0.26367;0.27344;0.2832;0.29297;0.30273;0.3125;0.32227;0.33203;0.3418;0.35156;0.36133;0.37109;0.38086;0.39063;0.40039;0.41016;0.41992;0.42969;0.43945;0.44922;0.45898;0.46875;0.47852;0.48828;0.49805;0.50781;0.51758;0.52734;0.53711;0.54688;0.55664;0.56641;0.57617;0.58594;0.5957;0.60547;0.61523;0.625;0.63477;0.64453;0.6543;0.66406;0.67383;0.68359;0.69336;0.70313;0.71289;0.72266;0.73242;0.74219;0.75195;0.76172;0.77148;0.78125;0.79102,0.00956416;0.01495552;0.009864191999999999;0.009680896000000001;0.010391552000000002;0.005014528;0.004649983999999999;0.005245952;0.009947136;0.028150784;0.059153408;0.07371161600000001;0.047799296;0.090605568;0.111988736;0.100950016;0.065466368;0.04094464;0.043600896;0.040792064;0.031594496;0.023202815999999998;0.025225216;0.020686848;0.014839808;0.018059264;0.015694848;0.010765311999999999;0.012019712;0.008403968000000001;0.0069273600000000005;0.004458496;0.0034826239999999997;0.0029378560000000004;0.003951616;0.004888576;0.00695808;0.0058019840000000005;0.003375104;0.002197504;0.0030330879999999998;0.002770944;0.002004992;0.001829888;0.001209344;0.0010936319999999998;0.00117248;0.0013148160000000001;0.0009420800000000001;0.0006993920000000001;0.000536576;0.00082944;0.000878592;0.0003584;0.000679936;0.000457728;0.0006144;0.00108544;0.000898048;0.0007413760000000001;0.000823296;0.000582656;0.000457728;0.0005304320000000001;0.0006696959999999999;0.000668672;0.00039219200000000003;0.000350208;0.00047104000000000004;0.000413696;0.00039423999999999997;0.000352256;0.00036454399999999996;0.000352256;0.000459776;0.000421888;0.0002816;0.00029388799999999996;0.000625664
1788538500,hdr,0.0293;0.03906;0.04883;0.05859;0.06836;0.07813;0.08789;0.09766;0.10742;0.11719;0.12695;0.13672;0.14648;0.15625;0.16602;0.17578;0.18555;0.19531;0.20508;0.21484;0.22461;0.23438;0.24414;0.25391;0.26367;0.27344;0.2832;0.29297;0.30273;0.3125;0.32227;0.33203;0.3418;0.35156;0.36133;0.37109;0.38086;0.39063;0.40039;0.41016;0.41992;0.42969;0.43945;0.44922;0.45898;0.46875;0.47852;0.48828;0.49805;0.50781;0.51758;0.52734;0.53711;0.54688;0.55664;0.56641;0.57617;0.58594;0.5957;0.60547;0.61523;0.625;0.63477;0.64453;0.6543;0.66406;0.67383;0.68359;0.69336;0.70313;0.71289;0.72266;0.73242;0.74219;0.75195;0.76172;0.77148;0.78125;0.79102,0.0052172799999999995;0.009401343999999999;0.011568128;0.0118016;0.004844544;0.0015964160000000002;0.005284863999999999;0.0075776;0.014082048000000002;0.037974016;0.056122368;0.085559296;0.12307763199999999;0.11029196799999999;0.12053299199999999;0.07386931199999999;0.036374527999999996;0.0360704;0.034083840000000004;0.020013056;0.031767552;0.031176704000000003;0.020936703999999997;0.025345023999999997;0.017505279999999998;0.009816064000000001;0.007938048;0.006337536;0.009227263999999999;0.008282112;0.00470528;0.00316416;0.0037304319999999997;0.0040796159999999995;0.0029859840000000006;0.003675136;0.0028385280000000003;0.003559424;0.002295808;0.001451008;0.00217088;0.0020244480000000003;0.001281024;0.00168448;0.00199168;0.0010475520000000002;0.001432576;0.001636352;0.00125952;0.0014858240000000002;0.0017131520000000001;0.001476608;0.00125952;0.0007884799999999999;0.000628736;0.000611328;0.0007106559999999999;0.000651264;0.00079872;0.0008519679999999999;0.0007976959999999999;0.0006184960000000001;0.000543744;0.000606208;0.000715776;0.000497664;0.00032768;0.0003584;0.000504832;0.0004986880000000001;0.00031129599999999997;0.000484352;0.000459776;0.000360448;0.000356352;0.000413696;0.0005580800000000001;0.000492544;0.0004884479999999999
1788539400,hdr,0.0293;0.03906;0.04883;0.05859;0.06836;0.07813;0.08789;0.09766;0.10742;0.11719;0.12695;0.13672;0.14648;0.15625;0.16602;0.17578;0.18555;0.19531;0.20508;0.21484;0.22461;0.23438;0.24414;0.25391;0.26367;0.27344;0.2832;0.29297;0.30273;0.3125;0.32227;0.33203;0.3418;0.35156;0.36133;0.37109;0.38086;0.39063;0.40039;0.41016;0.41992;0.42969;0.43945;0.44922;0.45898;0.46875;0.47852;0.48828;0.49805;0.50781;0.51758;0.52734;0.53711;0.54688;0.55664;0.56641;0.57617;0.58594;0.5957;0.60547;0.61523;0.625;0.63477;0.64453;0.6543;0.66406;0.67383;0.68359;0.69336;0.70313;0.71289;0.72266;0.73242;0.74219;0.75195;0.76172;0.77148;0.78125;0.79102,0.012517376;0.022897664;0.024620032;0.021731328;0.018144255999999997;0.005786624;0.0020858880000000006;0.003530752;0.0201472;0.06033100799999999;0.075157504;0.087340032;0.101424128;0.070838272;0.067028992;0.06905241599999999;0.034051072;0.042231808;0.039561216;0.038085632;0.04036096;0.028819455999999997;0.027654144;0.024803328000000003;0.020593664;0.013085695999999999;0.011227136;0.008725504;0.006109184;0.004228096;0.0040642560000000005;0.002546688;0.0026439680000000004;0.0021944319999999996;0.002997248;0.0028999679999999997;0.00236544;0.00253952;0.002799616;0.0025907200000000003;0.002373632;0.0022814719999999997;0.001961984;0.0018831359999999999;0.0017326079999999998;0.002214912;0.00177152;0.00117248;0.001591296;0.00188928;0.0012554240000000002;0.0018176000000000002;0.0017203200000000002;0.00165888;0.0013946879999999998;0.0012185600000000003;0.0011970559999999997;0.000790528;0.000740352;0.000690176;0.0009482239999999999;0.0006819840000000001;0.000371712;0.000671744;0.000756736;0.000524288;0.000456704;0.000531456;0.000376832;0.000207872;0.000391168;0.000461824;0.00032768;0.000305152;0.00040755200000000004;0.00045568;0.000494592;0.000524288;0.00047104000000000004
1788540300,hdr,0.0293;0.03906;0.04883;0.05859;0.06836;0.07813;0.08789;0.09766;0.10742;0.11719;0.12695;0.13672;0.14648;0.15625;0.16602;0.17578;0.18555;0.19531;0.20508;0.21484;0.22461;0.23438;0.24414;0.25391;0.26367;0.27344;0.2832;0.29297;0.30273;0.3125;0.32227;0.33203;0.3418;0.35156;0.36133;0.37109;0.38086;0.39063;0.40039;0.41016;0.41992;0.42969;0.43945;0.44922;0.45898;0.46875;0.47852;0.48828;0.49805;0.50781;0.51758;0.52734;0.53711;0.54688;0.55664;0.56641;0.57617;0.58594;0.5957;0.60547;0.61523;0.625;0.63477;0.64453;0.6543;0.66406;0.67383;0.68359;0.69336;0.70313;0.71289;0.72266;0.73242;0.74219;0.75195;0.76172;0.77148;0.78125;0.79102,0.004124672;0.005956608;0.005778432;0.01219584;0.01580032;0.007578624;0.003975168;0.007151616;0.02005504;0.041626623999999994;0.05064192;0.06706380799999999;0.076904448;0.05953536;0.08033792;0.073044992;0.057829376;0.065665024;0.072397824;0.047925248000000004;0.024492032;0.020972544;0.02845184;0.017825792;0.02364928;0.020173824;0.009302016;0.005141504;0.005536768;0.004867072;0.00461312;0.004088832;0.0035276800000000005;0.002610176;0.0024903679999999997;0.002469888;0.0019537919999999998;0.001874944;0.0015953919999999997;0.0019189760000000002;0.001637376;0.001803264;0.0014561280000000001;0.001431552;0.0018278399999999998;0.001795072;0.001031168;0.001091584;0.0009472;0.0007833599999999999;0.001027072;0.0014561280000000001;0.001519616;0.0021002239999999995;0.0013004800000000001;0.000857088;0.000661504;0.000731136;0.001004544;0.0009297919999999999;0.0006225919999999999;0.00075264;0.000782336;0.0008335360000000001;0.00107008;0.001058816;0.001041408;0.0011243520000000001;0.0009973760000000001;0.000796672;0.00063488;0.0007014399999999999;0.000843776;0.0009697280000000001;0.000799744;0.000605184;0.0005857280000000001;0.0004986880000000001;0.0004956159999999999
1788541200,hdr,0.0293;0.03906;0.04883;0.05859;0.06836;0.07813;0.08789;0.09766;0.10742;0.11719;0.12695;0.13672;0.14648;0.15625;0.16602;0.17578;0.18555;0.19531;0.20508;0.21484;0.22461;0.23438;0.24414;0.25391;0.26367;0.27344;0.2832;0.29297;0.30273;0.3125;0.32227;0.33203;0.3418;0.35156;0.36133;0.37109;0.38086;0.39063;0.40039;0.41016;0.41992;0.42969;0.43945;0.44922;0.45898;0.46875;0.47852;0.48828;0.49805;0.50781;0.51758;0.52734;0.53711;0.54688;0.55664;0.56641;0.57617;0.58594;0.5957;0.60547;0.61523;0.625;0.63477;0.64453;0.6543;0.66406;0.67383;0.68359;0.69336;0.70313;0.71289;0.72266;0.73242;0.74219;0.75195;0.76172;0.77148;0.78125;0.79102,0.009464832000000001;0.012017664;0.01293824;0.013449216;0.00582656;0.005809152;0.005264384;0.008385536;0.015455232;0.050002943999999994;0.09659596799999999;0.07383244800000001;0.07690137600000001;0.07754137600000001;0.10494975999999999;0.092992512;0.070472704;0.098376704;0.093334528;0.043185152000000004;0.030930944;0.03333632;0.027912192000000002;0.016730112;0.012837887999999999;0.008219648;0.010630144000000001;0.009465856;0.008108032;0.007291903999999999;0.005768192;0.00324096;0.002763776;0.002665472;0.00195584;0.0013608960000000001;0.000861184;0.000992256;0.0015206400000000002;0.0017203200000000002;0.0015697920000000002;0.001726464;0.001831936;0.00119808;0.0010608640000000001;0.001247232;0.000841728;0.0007946240000000001;0.0008468480000000001;0.000881664;0.001206272;0.0012400640000000001;0.001206272;0.000750592;0.00087552;0.000882688;0.000858112;0.001122304;0.0009594880000000001;0.0009615359999999999;0.001209344;0.0015697920000000002;0.001743872;0.0016895999999999999;0.0012083200000000001;0.001723392;0.0014581759999999998;0.0012441599999999998;0.001307648;0.00135168;0.001078272;0.000730112;0.001098752;0.000894976;0.001209344;0.001711104;0.001267712;0.0005898240000000001;0.0007557120000000001
1788542100,hdr,0.0293;0.03906;0.04883;0.05859;0.06836;0.07813;0.08789;0.09766;0.10742;0.11719;0.12695;0.13672;0.14648;0.15625;0.16602;0.17578;0.18555;0.19531;0.20508;0.21484;0.22461;0.23438;0.24414;0.25391;0.26367;0.27344;0.2832;0.29297;0.30273;0.3125;0.32227;0.33203;0.3418;0.35156;0.36133;0.37109;0.38086;0.39063;0.40039;0.41016;0.41992;0.42969;0.43945;0.44922;0.45898;0.46875;0.47852;0.48828;0.49805;0.50781;0.51758;0.52734;0.53711;0.54688;0.55664;0.56641;0.57617;0.58594;0.5957;0.60547;0.61523;0.625;0.63477;0.64453;0.6543;0.66406;0.67383;0.68359;0.69336;0.70313;0.71289;0.72266;0.73242;0.74219;0.75195;0.76172;0.77148;0.78125;0.79102,0.011103232;0.010607616;0.011026432000000001;0.012333055999999998;0.012778496;0.007979008000000001;0.004013055999999999;0.009802752;0.034964480000000006;0.07304396800000001;0.090248192;0.08044851199999999;0.090520576;0.07290675199999999;0.089889792;0.072974336;0.06533939200000001;0.043621375999999996;0.0609792;0.07060991999999999;0.042463232;0.020459520000000002;0.01614336;0.018152448;0.015767552;0.01502208;0.009607168;0.009376768;0.010254336000000001;0.00651776;0.005071872000000001;0.0033423359999999996;0.0025262080000000003;0.0027432959999999997;0.0029880320000000003;0.001542144;0.0024545279999999997;0.0020879360000000003;0.001263616;0.0017182719999999999;0.0017182719999999999;0.001687552;0.001624064;0.000879616;0.0009420800000000001;0.0009912319999999999;0.001329152;0.00225792;0.001420288;0.001202176;0.0012113920000000002;0.00091136;0.0009441279999999999;0.002076672;0.001731584;0.001312768;0.00119808;0.000982016;0.000690176;0.00081408;0.000768;0.000877568;0.000873472;0.0008048640000000001;0.0011960319999999999;0.001396736;0.0010946560000000003;0.001011712;0.000937984;0.00125952;0.00118272;0.0009625599999999999;0.0008744960000000001;0.000723968;0.0008468480000000001;0.001016832;0.00109056;0.001352704;0.0011919360000000002
1788543000,hdr,0.0293;0.03906;0.04883;0.05859;0.06836;0.07813;0.08789;0.09766;0.10742;0.11719;0.12695;0.13672;0.14648;0.15625;0.16602;0.17578;0.18555;0.19531;0.20508;0.21484;0.22461;0.23438;0.24414;0.25391;0.26367;0.27344;0.2832;0.29297;0.30273;0.3125;0.32227;0.33203;0.3418;0.35156;0.36133;0.37109;0.38086;0.39063;0.40039;0.41016;0.41992;0.42969;0.43945;0.44922;0.45898;0.46875;0.47852;0.48828;0.49805;0.50781;0.51758;0.52734;0.53711;0.54688;0.55664;0.56641;0.57617;0.58594;0.5957;0.60547;0.61523;0.625;0.63477;0.64453;0.6543;0.66406;0.67383;0.68359;0.69336;0.70313;0.71289;0.72266;0.73242;0.74219;0.75195;0.76172;0.77148;0.78125;0.79102,0.004862976;0.008792064;0.011370495999999999;0.0118272;0.019131392000000004;0.005573631999999999;0.0013404159999999999;0.005194752;0.019074048000000003;0.06412288;0.186027008;0.232216576;0.101982208;0.105389056;0.086299648;0.07483392000000001;0.044590080000000004;0.033548288;0.041596928;0.04790272;0.022805504;0.012801024;0.02515968;0.022646784;0.015903743999999997;0.012814336;0.010406912;0.009539583999999999;0.006995968000000001;0.004154367999999999;0.0042086400000000005;0.003371008;0.0033310719999999996;0.003100672;0.0026695679999999998;0.001872896;0.00137216;0.00162816;0.00165376;0.002146304;0.001531904;0.001168384;0.0010465279999999997;0.001508352;0.00144896;0.000982016;0.000937984;0.00083968;0.000945152;0.00082432;0.0009594880000000001;0.001009664;0.0007925759999999999;0.00046796800000000003;0.000494592;0.0005713920000000001;0.000621568;0.00059904;0.00064;0.001108992;0.000978944;0.001087488;0.001007616;0.000982016;0.000903168;0.000795648;0.0010936319999999998;0.001132544;0.0011151359999999999;0.000795648;0.0007137280000000001;0.0007075839999999999;0.0009318400000000001;0.000907264;0.00079872;0.0009605120000000001;0.0008366080000000001;0.0014704639999999999;0.001345536
1788543900,hdr,0.0293;0.03906;0.04883;0.05859;0.06836;0.07813;0.08789;0.09766;0.10742;0.11719;0.12695;0.13672;0.14648;0.15625;0.16602;0.17578;0.18555;0.19531;0.20508;0.21484;0.22461;0.23438;0.24414;0.25391;0.26367;0.27344;0.2832;0.29297;0.30273;0.3125;0.32227;0.33203;0.3418;0.35156;0.36133;0.37109;0.38086;0.39063;0.40039;0.41016;0.41992;0.42969;0.43945;0.44922;0.45898;0.46875;0.47852;0.48828;0.49805;0.50781;0.51758;0.52734;0.53711;0.54688;0.55664;0.56641;0.57617;0.58594;0.5957;0.60547;0.61523;0.625;0.63477;0.64453;0.6543;0.66406;0.67383;0.68359;0.69336;0.70313;0.71289;0.72266;0.73242;0.74219;0.75195;0.76172;0.77148;0.78125;0.79102,0.010401792000000002;0.018495488;0.010748928;0.014844928;0.009282559999999999;0.003345408;0.003422208;0.00621568;0.027770879999999998;0.074169344;0.07647641599999999;0.085132288;0.135656448;0.12579328;0.08083148799999999;0.064637952;0.062601216;0.06390784000000001;0.04776448;0.030702592;0.027513856;0.017631232;0.016924672;0.014729215999999998;0.01307648;0.010743807999999999;0.006703104;0.0076032;0.008485887999999999;0.005736448;0.005579776;0.00451584;0.003872768;0.00340992;0.0021360640000000005;0.001601536;0.00180224;0.002397184;0.0018810880000000002;0.0013660159999999998;0.002374656;0.0016230399999999999;0.0018196479999999999;0.001882112;0.0016895999999999999;0.001655808;0.0012687360000000001;0.0012185600000000003;0.001067008;0.0009768959999999999;0.00089088;0.000882688;0.001038336;0.000879616;0.000702464;0.00080384;0.00065536;0.00043315199999999996;0.000544768;0.000525312;0.000638976;0.000884736;0.001165312;0.001461248;0.001014784;0.001414144;0.001096704;0.000731136;0.0009727999999999999;0.0009584639999999999;0.001010688;0.0010455039999999998;0.000623616;0.000787456;0.0008744960000000001;0.00059904;0.000740352;0.0007413760000000001;0.000360448
1788544800,hdr,0.0293;0.03906;0.04883;0.05859;0.06836;0.07813;0.08789;0.09766;0.10742;0.11719;0.12695;0.13672;0.14648;0.15625;0.16602;0.17578;0.18555;0.19531;0.20508;0.21484;0.22461;0.23438;0.24414;0.25391;0.26367;0.27344;0.2832;0.29297;0.30273;0.3125;0.32227;0.33203;0.3418;0.35156;0.36133;0.37109;0.38086;0.39063;0.40039;0.41016;0.41992;0.42969;0.43945;0.44922;0.45898;0.46875;0.47852;0.48828;0.49805;0.50781;0.51758;0.52734;0.53711;0.54688;0.55664;0.56641;0.57617;0.58594;0.5957;0.60547;0.61523;0.625;0.63477;0.64453;0.6543;0.66406;0.67383;0.68359;0.69336;0.70313;0.71289;0.72266;0.73242;0.74219;0.75195;0.76172;0.77148;0.78125;0.79102,0.007622656;0.01956352;0.022181888;0.01777152;0.020364287999999998;0.019091456000000003;0.011952128000000001;0.013229056000000001;0.025044992000000002;0.07254937599999998;0.108961792;0.087646208;0.09792204800000001;0.11175936;0.056677376;0.051728383999999995;0.051535871999999996;0.049173504;0.080852992;0.076038144;0.033360895999999994;0.02950656;0.021526528;0.022202368;0.01884672;0.017641472000000002;0.010914816;0.007261184;0.0071045119999999995;0.006409216;0.004943871999999999;0.004274175999999999;0.003088384;0.0024309759999999996;0.0030750720000000003;0.0029788160000000004;0.003318784;0.003081216;0.0030412800000000004;0.0018995200000000002;0.002127872;0.00091136;0.001133568;0.001995776;0.002048;0.00119296;0.001206272;0.00125952;0.0014233599999999998;0.0013035520000000001;0.000980992;0.0013660159999999998;0.0014561280000000001;0.00081408;0.000837632;0.0010813440000000001;0.001247232;0.001309696;0.0012441599999999998;0.000984064;0.0008335360000000001;0.000692224;0.0006184960000000001;0.00050688;0.000413696;0.000823296;0.0007976959999999999;0.000930816;0.0009564160000000001;0.000679936;0.0007833599999999999;0.0005836799999999999;0.000561152;0.0005580800000000001;0.000533504;0.000606208;0.000694272;0.00062976;0.000719872
1788545700,hdr,0.0293;0.03906;0.04883;0.05859;0.06836;0.07813;0.08789;0.09766;0.10742;0.11719;0.12695;0.13672;0.14648;0.15625;0.16602;0.17578;0.18555;0.19531;0.20508;0.21484;0.22461;0.23438;0.24414;0.25391;0.26367;0.27344;0.2832;0.29297;0.30273;0.3125;0.32227;0.33203;0.3418;0.35156;0.36133;0.37109;0.38086;0.39063;0.40039;0.41016;0.41992;0.42969;0.43945;0.44922;0.45898;0.46875;0.47852;0.48828;0.49805;0.50781;0.51758;0.52734;0.53711;0.54688;0.55664;0.56641;0.57617;0.58594;0.5957;0.60547;0.61523;0.625;0.63477;0.64453;0.6543;0.66406;0.67383;0.68359;0.69336;0.70313;0.71289;0.72266;0.73242;0.74219;0.75195;0.76172;0.77148;0.78125;0.79102,0.012631040000000001;0.014574592;0.008166399999999999;0.020298752;0.016953344000000002;0.01439744;0.011997184000000001;0.009101312;0.024209407999999998;0.060354559999999995;0.114577408;0.14923776;0.19920691199999999;0.1727232;0.09707212800000001;0.05372415999999999;0.045645824;0.04528332799999999;0.029263872;0.024287232;0.028036096;0.01556992;0.015600639999999999;0.020129791999999997;0.016004096000000002;0.01273856;0.012319744;0.012184575999999999;0.008600576;0.00751616;0.006198272;0.00802816;0.003990528;0.002852864;0.0038881280000000002;0.003182592;0.0018698239999999997;0.002061312;0.0018687999999999999;0.001758208;0.002056192;0.002123776;0.0021985280000000004;0.002003968;0.0012451839999999999;0.001580032;0.0018411519999999998;0.0008202239999999999;0.001158144;0.001769472;0.00217088;0.00203776;0.000919552;0.0006850560000000001;0.0010813440000000001;0.000641024;0.00052224;0.000731136;0.0005898240000000001;0.0005857280000000001;0.00051712;0.00059904;0.0008151040000000001;0.000765952;0.000679936;0.000603136;0.000386048;0.000557056;0.0006952960000000001;0.000817152;0.00068096;0.000545792;0.000577536;0.000520192;0.0006973439999999999;0.000557056;0.000734208;0.0006696959999999999;0.000590848
1788546600,hdr,0.0293;0.03906;0.04883;0.05859;0.06836;0.07813;0.08789;0.09766;0.10742;0.11719;0.12695;0.13672;0.14648;0.15625;0.16602;0.17578;0.18555;0.19531;0.20508;0.21484;0.22461;0.23438;0.24414;0.25391;0.26367;0.27344;0.2832;0.29297;0.30273;0.3125;0.32227;0.33203;0.3418;0.35156;0.36133;0.37109;0.38086;0.39063;0.40039;0.41016;0.41992;0.42969;0.43945;0.44922;0.45898;0.46875;0.47852;0.48828;0.49805;0.50781;0.51758;0.52734;0.53711;0.54688;0.55664;0.56641;0.57617;0.58594;0.5957;0.60547;0.61523;0.625;0.63477;0.64453;0.6543;0.66406;0.67383;0.68359;0.69336;0.70313;0.71289;0.72266;0.73242;0.74219;0.75195;0.76172;0.77148;0.78125;0.79102,0.008019968;0.00699904;0.012776448000000001;0.018792448;0.016905216;0.009731072;0.0050104319999999996;0.013283327999999999;0.035272703999999995;0.063983616;0.08816128;0.125205504;0.126972928;0.160582656;0.11210956799999999;0.056539136;0.045147136000000004;0.054856704;0.057912319999999996;0.059175936;0.039715839999999995;0.018833408;0.012581888;0.019827712;0.014739456;0.013831168;0.009003008;0.006657023999999999;0.007424;0.004744192;0.003805184;0.005199872;0.00353792;0.0047104;0.004630528;0.003011584;0.001803264;0.001862656;0.0013506560000000002;0.001466368;0.001188864;0.000723968;0.000671744;0.000559104;0.000903168;0.001181696;0.001122304;0.0009297919999999999;0.0011837439999999998;0.00134656;0.0016230399999999999;0.001529856;0.000863232;0.00122368;0.0010455039999999998;0.0007116799999999999;0.00059904;0.00073216;0.000545792;0.000787456;0.000690176;0.000644096;0.000761856;0.0009359360000000001;0.0006502400000000001;0.00051712;0.000643072;0.000638976;0.0006778880000000001;0.000823296;0.000843776;0.000592896;0.0005376000000000001;0.00054272;0.000321536;0.000384;0.0007372800000000001;0.000502784;0.0004956159999999999
1788547500,hdr,0.0293;0.03906;0.04883;0.05859;0.06836;0.07813;0.08789;0.09766;0.10742;0.11719;0.12695;0.13672;0.14648;0.15625;0.16602;0.17578;0.18555;0.19531;0.20508;0.21484;0.22461;0.23438;0.24414;0.25391;0.26367;0.27344;0.2832;0.29297;0.30273;0.3125;0.32227;0.33203;0.3418;0.35156;0.36133;0.37109;0.38086;0.39063;0.40039;0.41016;0.41992;0.42969;0.43945;0.44922;0.45898;0.46875;0.47852;0.48828;0.49805;0.50781;0.51758;0.52734;0.53711;0.54688;0.55664;0.56641;0.57617;0.58594;0.5957;0.60547;0.61523;0.625;0.63477;0.64453;0.6543;0.66406;0.67383;0.68359;0.69336;0.70313;0.71289;0.72266;0.73242;0.74219;0.75195;0.76172;0.77148;0.78125;0.79102,0.018925568;0.028788736000000002;0.038348799999999995;0.028474368;0.017596416;0.008416256;0.008844288;0.017502208;0.040268799999999993;0.076025856;0.14449561600000002;0.1942016;0.1707776;0.111389696;0.105138176;0.0796672;0.05867622399999999;0.097323008;0.06433484799999999;0.037192704;0.026150912000000002;0.020269056;0.015816704;0.015986688;0.009346048;0.013959168;0.007704576;0.00573952;0.006782976;0.0072161280000000005;0.004772864000000001;0.004040704;0.003885056;0.0025671680000000003;0.002500608;0.0023347199999999998;0.001810432;0.0027904;0.003040256;0.002976768;0.0022906879999999995;0.001692672;0.001887232;0.001702912;0.0014530559999999999;0.001309696;0.001317888;0.001038336;0.00096768;0.001030144;0.00107008;0.001359872;0.0013680639999999998;0.0011427840000000002;0.000812032;0.0007413760000000001;0.0007168;0.000910336;0.001031168;0.0009605120000000001;0.0008663039999999999;0.000864256;0.0006850560000000001;0.0007116799999999999;0.000674816;0.000579584;0.000539648;0.000536576;0.00044032;0.000432128;0.00032256;0.00036454399999999996;0.00036864000000000005;0.00039731200000000003;0.000282624;0.000316416;0.000237568;0.000267264;0.000489472
1788548400,hdr,0.0293;0.03906;0.04883;0.05859;0.06836;0.07813;0.08789;0.09766;0.10742;0.11719;0.12695;0.13672;0.14648;0.15625;0.16602;0.17578;0.18555;0.19531;0.20508;0.21484;0.22461;0.23438;0.24414;0.25391;0.26367;0.27344;0.2832;0.29297;0.30273;0.3125;0.32227;0.33203;0.3418;0.35156;0.36133;0.37109;0.38086;0.39063;0.40039;0.41016;0.41992;0.42969;0.43945;0.44922;0.45898;0.46875;0.47852;0.48828;0.49805;0.50781;0.51758;0.52734;0.53711;0.54688;0.55664;0.56641;0.57617;0.58594;0.5957;0.60547;0.61523;0.625;0.63477;0.64453;0.6543;0.66406;0.67383;0.68359;0.69336;0.70313;0.71289;0.72266;0.73242;0.74219;0.75195;0.76172;0.77148;0.78125;0.79102,0.008428544;0.013600768;0.01232384;0.022648831999999997;0.023274496;0.011307008;0.005029888;0.010148863999999999;0.038460416000000004;0.09769472;0.136950784;0.155354112;0.22258483199999998;0.183762944;0.1107968;0.08384409599999999;0.071595008;0.07952179200000001;0.068330496;0.03973632;0.025097216000000002;0.026771456000000003;0.016442368;0.013314047999999998;0.01257984;0.009536512;0.008175616;0.004818944;0.00413184;0.004632576;0.004087808;0.003183616;0.004378624000000001;0.0026296320000000002;0.001984512;0.0023265280000000004;0.002225152;0.0025978880000000005;0.0021227520000000003;0.00162816;0.00128;0.0013783040000000001;0.002052096;0.001810432;0.0014704639999999999;0.001253376;0.001102848;0.0007372800000000001;0.000922624;0.000937984;0.0008345599999999999;0.000807936;0.001087488;0.000982016;0.0010465279999999997;0.00088064;0.001032192;0.0007219199999999999;0.0006021119999999999;0.00041472;0.00054272;0.000661504;0.000545792;0.000692224;0.000881664;0.000536576;0.00047718399999999996;0.00047206399999999996;0.000539648;0.00047411199999999995;0.00037068800000000004;0.000412672;0.000434176;0.00032256;0.00029183999999999997;0.000391168;0.000275456;0.000253952;0.000251904
1788549300,hdr,0.0293;0.03906;0.04883;0.05859;0.06836;0.07813;0.08789;0.09766;0.10742;0.11719;0.12695;0.13672;0.14648;0.15625;0.16602;0.17578;0.18555;0.19531;0.20508;0.21484;0.22461;0.23438;0.24414;0.25391;0.26367;0.27344;0.2832;0.29297;0.30273;0.3125;0.32227;0.33203;0.3418;0.35156;0.36133;0.37109;0.38086;0.39063;0.40039;0.41016;0.41992;0.42969;0.43945;0.44922;0.45898;0.46875;0.47852;0.48828;0.49805;0.50781;0.51758;0.52734;0.53711;0.54688;0.55664;0.56641;0.57617;0.58594;0.5957;0.60547;0.61523;0.625;0.63477;0.64453;0.6543;0.66406;0.67383;0.68359;0.69336;0.70313;0.71289;0.72266;0.73242;0.74219;0.75195;0.76172;0.77148;0.78125;0.79102,0.006761472000000001;0.007508992;0.0034488319999999998;0.006305792;0.008440832;0.0056227840000000005;0.004944896;0.00751616;0.033702911999999995;0.080929792;0.21291007999999997;0.34643660800000003;0.14170111999999999;0.09770188799999999;0.061406208;0.054520832000000005;0.048702464;0.043529216;0.042672128000000004;0.044722176;0.031025151999999997;0.021668864;0.021469184;0.011617279999999999;0.015499264;0.011924480000000001;0.007537664;0.006763519999999999;0.004215808;0.004642816;0.004310016;0.003510272;0.0036024319999999996;0.003658752;0.002768896;0.002459648;0.0033832960000000005;0.002689024;0.00154624;0.0014827520000000002;0.002055168;0.001803264;0.000953344;0.0006574080000000001;0.0009441279999999999;0.0011796480000000002;0.001048576;0.000937984;0.000502784;0.00042291200000000006;0.000510976;0.000776192;0.000656384;0.000661504;0.0008663039999999999;0.0011202559999999998;0.001016832;0.00059904;0.000621568;0.0007116799999999999;0.000526336;0.000607232;0.000807936;0.000641024;0.0005703679999999999;0.000448512;0.000485376;0.000524288;0.000387072;0.000771072;0.00046592000000000004;0.000386048;0.000329728;0.000324608;0.000388096;0.00033894400000000004;0.000259072;0.00024780799999999997;0.00022016
1788550200,hdr,0.0293;0.03906;0.04883;0.05859;0.06836;0.07813;0.08789;0.09766;0.10742;0.11719;0.12695;0.13672;0.14648;0.15625;0.16602;0.17578;0.18555;0.19531;0.20508;0.21484;0.22461;0.23438;0.24414;0.25391;0.26367;0.27344;0.2832;0.29297;0.30273;0.3125;0.32227;0.33203;0.3418;0.35156;0.36133;0.37109;0.38086;0.39063;0.40039;0.41016;0.41992;0.42969;0.43945;0.44922;0.45898;0.46875;0.47852;0.48828;0.49805;0.50781;0.51758;0.52734;0.53711;0.54688;0.55664;0.56641;0.57617;0.58594;0.5957;0.60547;0.61523;0.625;0.63477;0.64453;0.6543;0.66406;0.67383;0.68359;0.69336;0.70313;0.71289;0.72266;0.73242;0.74219;0.75195;0.76172;0.77148;0.78125;0.79102,0.008649727999999999;0.010758144;0.005517312000000001;0.009773056;0.009534464;0.0062126080000000005;0.003908608;0.018911232;0.051428352;0.115520512;0.239880192;0.262160384;0.27632128;0.24918016;0.15955455999999998;0.082107392;0.048374784;0.051037184;0.047213568;0.036074496000000005;0.024259583999999997;0.0168448;0.011700224;0.012409856;0.00896;0.007168;0.006278144;0.006322176;0.0066211840000000004;0.006943744;0.004127744;0.0033024;0.0036362239999999995;0.002441216;0.00320512;0.0024883199999999996;0.0022937599999999997;0.002168832;0.0013557760000000002;0.001289216;0.000826368;0.001572864;0.0023767040000000003;0.0015390719999999998;0.001028096;0.001118208;0.000816128;0.000769024;0.0009984;0.000694272;0.000715776;0.000847872;0.001275904;0.00146432;0.001132544;0.000717824;0.0007280640000000001;0.00047820800000000004;0.000763904;0.000791552;0.00050176;0.00041676800000000003;0.000617472;0.000799744;0.0005580800000000001;0.000635904;0.00067072;0.000636928;0.0005232639999999998;0.000413696;0.000376832;0.0005642239999999999;0.0006082559999999999;0.000504832;0.0005304320000000001;0.000659456;0.000504832;0.000331776;0.000356352
1788551100,hdr,0.0293;0.03906;0.04883;0.05859;0.06836;0.07813;0.08789;0.09766;0.10742;0.11719;0.12695;0.13672;0.14648;0.15625;0.16602;0.17578;0.18555;0.19531;0.20508;0.21484;0.22461;0.23438;0.24414;0.25391;0.26367;0.27344;0.2832;0.29297;0.30273;0.3125;0.32227;0.33203;0.3418;0.35156;0.36133;0.37109;0.38086;0.39063;0.40039;0.41016;0.41992;0.42969;0.43945;0.44922;0.45898;0.46875;0.47852;0.48828;0.49805;0.50781;0.51758;0.52734;0.53711;0.54688;0.55664;0.56641;0.57617;0.58594;0.5957;0.60547;0.61523;0.625;0.63477;0.64453;0.6543;0.66406;0.67383;0.68359;0.69336;0.70313;0.71289;0.72266;0.73242;0.74219;0.75195;0.76172;0.77148;0.78125;0.79102,0.006181888;0.00787456;0.004736;0.006985728;0.01057792;0.004896768;0.00492544;0.015147008;0.051761152000000005;0.096171008;0.17107456;0.21602406400000002;0.23942656;0.221776896;0.18693427199999998;0.15682764800000001;0.089411584;0.033873919999999995;0.02664448;0.022950912;0.013659136;0.012960768;0.014307328;0.01535488;0.010403840000000001;0.009368575999999998;0.00780288;0.0076769279999999995;0.0059391999999999995;0.0039034879999999997;0.003765248;0.004160512;0.003065856;0.002568192;0.00180224;0.002021376;0.00188928;0.00230912;0.001778688;0.0015144960000000002;0.00141824;0.001833984;0.001799168;0.00204288;0.001675264;0.001330176;0.00126976;0.001079296;0.000754688;0.0012953600000000002;0.0018524160000000002;0.0014735360000000001;0.0010803199999999998;0.0018411519999999998;0.001824768;0.0009441279999999999;0.001637376;0.0016936960000000002;0.001138688;0.001005568;0.000945152;0.0005888;0.00033689599999999994;0.00042803200000000007;0.000406528;0.000497664;0.00051712;0.000395264;0.000388096;0.000565248;0.000436224;0.000331776;0.000376832;0.000308224;0.000282624;0.000335872;0.000267264;0.00023859199999999998;0.00029491200000000004
1788552000,hdr,0.0293;0.03906;0.04883;0.05859;0.06836;0.07813;0.08789;0.09766;0.10742;0.11719;0.12695;0.13672;0.14648;0.15625;0.16602;0.17578;0.18555;0.19531;0.20508;0.21484;0.22461;0.23438;0.24414;0.25391;0.26367;0.27344;0.2832;0.29297;0.30273;0.3125;0.32227;0.33203;0.3418;0.35156;0.36133;0.37109;0.38086;0.39063;0.40039;0.41016;0.41992;0.42969;0.43945;0.44922;0.45898;0.46875;0.47852;0.48828;0.49805;0.50781;0.51758;0.52734;0.53711;0.54688;0.55664;0.56641;0.57617;0.58594;0.5957;0.60547;0.61523;0.625;0.63477;0.64453;0.6543;0.66406;0.67383;0.68359;0.69336;0.70313;0.71289;0.72266;0.73242;0.74219;0.75195;0.76172;0.77148;0.78125;0.79102,0.004775936;0.010261504000000001;0.010167296000000001;0.012099584;0.019775487999999997;0.00588288;0.002167808;0.013584384;0.044379136000000007;0.10031923200000001;0.182953984;0.29957734399999997;0.313938944;0.302106624;0.14106111999999998;0.087999488;0.057731072;0.06421504;0.052758528;0.037936128;0.031025151999999997;0.014649344;0.014155776;0.014676992;0.009090047999999998;0.006627328;0.004535295999999999;0.004874240000000001;0.007084032;0.00528896;0.003442688;0.0022476799999999997;0.003163136;0.00226816;0.002139136;0.001929216;0.002792448;0.002020352;0.002260992;0.0022405119999999996;0.001241088;0.001271808;0.001184768;0.001096704;0.001195008;0.0009727999999999999;0.0008468480000000001;0.0008335360000000001;0.001401856;0.001959936;0.001313792;0.0012032;0.000995328;0.00128512;0.0013117439999999999;0.001117184;0.0011489279999999998;0.0013219840000000002;0.000941056;0.001145856;0.001137664;0.0007884799999999999;0.000631808;0.0005754880000000001;0.0006574080000000001;0.000854016;0.0005877759999999999;0.00044646400000000004;0.000671744;0.0010496000000000001;0.000837632;0.000641024;0.000528384;0.000544768;0.0006830079999999999;0.00036761599999999997;0.000226304;0.00036249599999999997;0.0005898240000000001
1788552900,hdr,0.0293;0.03906;0.04883;0.05859;0.06836;0.07813;0.08789;0.09766;0.10742;0.11719;0.12695;0.13672;0.14648;0.15625;0.16602;0.17578;0.18555;0.19531;0.20508;0.21484;0.22461;0.23438;0.24414;0.25391;0.26367;0.27344;0.2832;0.29297;0.30273;0.3125;0.32227;0.33203;0.3418;0.35156;0.36133;0.37109;0.38086;0.39063;0.40039;0.41016;0.41992;0.42969;0.43945;0.44922;0.45898;0.46875;0.47852;0.48828;0.49805;0.50781;0.51758;0.52734;0.53711;0.54688;0.55664;0.56641;0.57617;0.58594;0.5957;0.60547;0.61523;0.625;0.63477;0.64453;0.6543;0.66406;0.67383;0.68359;0.69336;0.70313;0.71289;0.72266;0.73242;0.74219;0.75195;0.76172;0.77148;0.78125;0.79102,0.008792064;0.00856064;0.008696832;0.006146048;0.008832;0.005937152;0.0038297599999999998;0.010653696;0.039999488;0.08676966400000001;0.189851648;0.227129344;0.235922432;0.11547443199999999;0.10534297599999999;0.09519820799999999;0.047218688;0.02858496;0.042254336;0.045188096000000004;0.024684544;0.017436672000000004;0.011365376;0.009105408;0.008570880000000001;0.012429312;0.009135104;0.0036812800000000003;0.003396608;0.0042956800000000005;0.0027217920000000002;0.0025333760000000004;0.001875968;0.001723392;0.002034688;0.00165888;0.0020244480000000003;0.001901568;0.0011909120000000001;0.0018974719999999999;0.001835008;0.0021002239999999995;0.002061312;0.001308672;0.0013342719999999998;0.001833984;0.002077696;0.0015390719999999998;0.0010946560000000003;0.0012912639999999999;0.001281024;0.0024903679999999997;0.002197504;0.001958912;0.0025344;0.00277504;0.0029634559999999997;0.001787904;0.0017356799999999999;0.001195008;0.0008222720000000001;0.000714752;0.001156096;0.001028096;0.000871424;0.00046796800000000003;0.00041062399999999995;0.00074752;0.00082432;0.0007096320000000001;0.0009205759999999999;0.00116224;0.0009482239999999999;0.0009349119999999999;0.0008663039999999999;0.000415744;0.000761856;0.0015165439999999999;0.001503232
1788553800,hdr,0.0293;0.03906;0.04883;0.05859;0.06836;0.07813;0.08789;0.09766;0.10742;0.11719;0.12695;0.13672;0.14648;0.15625;0.16602;0.17578;0.18555;0.19531;0.20508;0.21484;0.22461;0.23438;0.24414;0.25391;0.26367;0.27344;0.2832;0.29297;0.30273;0.3125;0.32227;0.33203;0.3418;0.35156;0.36133;0.37109;0.38086;0.39063;0.40039;0.41016;0.41992;0.42969;0.43945;0.44922;0.45898;0.46875;0.47852;0.48828;0.49805;0.50781;0.51758;0.52734;0.53711;0.54688;0.55664;0.56641;0.57617;0.58594;0.5957;0.60547;0.61523;0.625;0.63477;0.64453;0.6543;0.66406;0.67383;0.68359;0.69336;0.70313;0.71289;0.72266;0.73242;0.74219;0.75195;0.76172;0.77148;0.78125;0.79102,0.004242432;0.010642431999999999;0.01381376;0.013979647999999999;0.018019328;0.009302016;0.003836928;0.012567552;0.04083712;0.075097088;0.12200960000000001;0.16777420799999998;0.175346688;0.19216793599999998;0.12729856;0.068263936;0.046455807999999994;0.04432281600000001;0.041058304;0.038364159999999994;0.030057472000000002;0.022063104;0.012833792000000002;0.009387008;0.0061777920000000005;0.004841472;0.00477184;0.0046868479999999995;0.004409344;0.004211712;0.005129216000000001;0.003741696;0.00261632;0.0022487040000000002;0.00165888;0.0012912639999999999;0.001778688;0.00169472;0.001590272;0.0018216959999999998;0.00109056;0.0017643519999999998;0.0019476480000000002;0.0018964479999999998;0.001861632;0.001600512;0.001895424;0.001755136;0.0013209599999999997;0.002197504;0.002116608;0.0015964160000000002;0.0013864959999999999;0.001758208;0.00197632;0.0012195840000000001;0.001147904;0.000990208;0.0012359679999999998;0.000858112;0.000987136;0.0011786239999999999;0.00098816;0.000930816;0.000625664;0.000345088;0.0006891520000000001;0.0007946240000000001;0.000654336;0.0007219199999999999;0.0014151679999999999;0.001466368;0.001048576;0.0009420800000000001;0.001096704;0.001153024;0.001826816;0.0016435199999999999;0.0018636800000000002
1788554700,hdr,0.0293;0.03906;0.04883;0.05859;0.06836;0.07813;0.08789;0.09766;0.10742;0.11719;0.12695;0.13672;0.14648;0.15625;0.16602;0.17578;0.18555;0.19531;0.20508;0.21484;0.22461;0.23438;0.24414;0.25391;0.26367;0.27344;0.2832;0.29297;0.30273;0.3125;0.32227;0.33203;0.3418;0.35156;0.36133;0.37109;0.38086;0.39063;0.40039;0.41016;0.41992;0.42969;0.43945;0.44922;0.45898;0.46875;0.47852;0.48828;0.49805;0.50781;0.51758;0.52734;0.53711;0.54688;0.55664;0.56641;0.57617;0.58594;0.5957;0.60547;0.61523;0.625;0.63477;0.64453;0.6543;0.66406;0.67383;0.68359;0.69336;0.70313;0.71289;0.72266;0.73242;0.74219;0.75195;0.76172;0.77148;0.78125;0.79102,0.00267264;0.003049472;0.004364288000000001;0.005057536;0.01010688;0.003270656;0.0022231040000000005;0.009397248;0.040356864;0.09821184;0.212310016;0.363113472;0.265427968;0.138611712;0.183923712;0.13542604800000002;0.064872448;0.043491328;0.038955008;0.023171072;0.01882112;0.018868224000000003;0.013676544;0.010841088;0.008121344;0.006403072;0.005270527999999999;0.005481471999999999;0.006218752;0.004217856000000001;0.00430592;0.004512768;0.0023408640000000002;0.001865728;0.002014208;0.0016691199999999998;0.001056768;0.001129472;0.00162816;0.001722368;0.001970176;0.0010465279999999997;0.000995328;0.0011202559999999998;0.001188864;0.00110592;0.001217536;0.0013680639999999998;0.0018257920000000001;0.002464768;0.002204672;0.00118784;0.0008192000000000001;0.0008867839999999999;0.00081408;0.000651264;0.00062976;0.000712704;0.0007219199999999999;0.001082368;0.0011776;0.001441792;0.00134656;0.001010688;0.000950272;0.0006502400000000001;0.0008110079999999999;0.0011509760000000002;0.000635904;0.00070656;0.000847872;0.0009359360000000001;0.000932864;0.0006604799999999999;0.0006574080000000001;0.000504832;0.0006277120000000001;0.000941056;0.000694272
1788555600,hdr,0.0293;0.03906;0.04883;0.05859;0.06836;0.07813;0.08789;0.09766;0.10742;0.11719;0.12695;0.13672;0.14648;0.15625;0.16602;0.17578;0.18555;0.19531;0.20508;0.21484;0.22461;0.23438;0.24414;0.25391;0.26367;0.27344;0.2832;0.29297;0.30273;0.3125;0.32227;0.33203;0.3418;0.35156;0.36133;0.37109;0.38086;0.39063;0.40039;0.41016;0.41992;0.42969;0.43945;0.44922;0.45898;0.46875;0.47852;0.48828;0.49805;0.50781;0.51758;0.52734;0.53711;0.54688;0.55664;0.56641;0.57617;0.58594;0.5957;0.60547;0.61523;0.625;0.63477;0.64453;0.6543;0.66406;0.67383;0.68359;0.69336;0.70313;0.71289;0.72266;0.73242;0.74219;0.75195;0.76172;0.77148;0.78125;0.79102,0.002475008;0.008315904;0.012571648;0.010685440000000001;0.012633088000000002;0.00385536;0.001657856;0.012916736000000002;0.032760832000000004;0.08583372799999998;0.26580070399999994;0.428519424;0.34528870399999995;0.193746944;0.09589350399999999;0.097048576;0.040650752;0.041457664000000005;0.040076288;0.024560639999999998;0.014063616;0.016407552;0.017240064;0.009295872;0.008163328;0.009370624;0.00323072;0.0039874559999999995;0.003400704;0.00296448;0.0042137599999999996;0.003264512;0.0020797439999999997;0.001714176;0.0009297919999999999;0.0018575360000000001;0.0020224;0.0022855680000000004;0.0022661120000000002;0.002348032;0.0017489920000000002;0.000989184;0.00100352;0.000785408;0.000427008;0.000745472;0.000761856;0.0006000640000000001;0.000893952;0.000879616;0.0010199039999999999;0.001014784;0.0008110079999999999;0.000637952;0.00061952;0.0008519679999999999;0.0008837120000000001;0.0005734399999999999;0.0005724160000000001;0.0005089280000000001;0.000497664;0.000413696;0.000412672;0.00036454399999999996;0.000253952;0.000344064;0.000326656;0.000183296;0.00031232;0.000326656;0.00035532799999999997;0.000339968;0.000393216;0.000418816;0.00033792;0.00014643200000000002;0.00020889599999999997;0.00027136;0.000305152
1788556500,hdr,0.0293;0.03906;0.04883;0.05859;0.06836;0.07813;0.08789;0.09766;0.10742;0.11719;0.12695;0.13672;0.14648;0.15625;0.16602;0.17578;0.18555;0.19531;0.20508;0.21484;0.22461;0.23438;0.24414;0.25391;0.26367;0.27344;0.2832;0.29297;0.30273;0.3125;0.32227;0.33203;0.3418;0.35156;0.36133;0.37109;0.38086;0.39063;0.40039;0.41016;0.41992;0.42969;0.43945;0.44922;0.45898;0.46875;0.47852;0.48828;0.49805;0.50781;0.51758;0.52734;0.53711;0.54688;0.55664;0.56641;0.57617;0.58594;0.5957;0.60547;0.61523;0.625;0.63477;0.64453;0.6543;0.66406;0.67383;0.68359;0.69336;0.70313;0.71289;0.72266;0.73242;0.74219;0.75195;0.76172;0.77148;0.78125;0.79102,0.012762112;0.01937408;0.022152191999999998;0.012169216;0.016488448;0.007542784;0.00508416;0.008174592000000001;0.03793305600000001;0.100320256;0.225890304;0.355258368;0.294275072;0.175780864;0.08316723200000001;0.055602175999999996;0.038708224;0.04623360000000001;0.040577024;0.036185088000000004;0.031034368000000003;0.026705919999999998;0.015777792;0.014150656;0.009486336;0.011464704;0.006176768;0.002571264;0.00345088;0.003690496;0.004247552;0.003351552;0.00275456;0.0023265280000000004;0.001476608;0.0021227520000000003;0.0017018880000000001;0.00119296;0.001329152;0.0017182719999999999;0.0020357120000000003;0.001586176;0.0007168;0.0006041600000000001;0.00061952;0.00036249599999999997;0.00040345599999999995;0.000763904;0.000748544;0.00035532799999999997;0.0005468159999999999;0.0007075839999999999;0.000756736;0.000525312;0.00033792;0.000551936;0.0006830079999999999;0.000454656;0.00037888;0.0005980159999999999;0.000548864;0.0005324799999999999;0.000388096;0.000434176;0.00047104000000000004;0.00044544;0.00051712;0.000349184;0.000267264;0.00036249599999999997;0.00034099200000000003;0.000191488;0.000144384;0.00019968;0.00025088;0.00024063999999999997;0.000224256;0.000228352;0.000248832
1788557400,hdr,0.0293;0.03906;0.04883;0.05859;0.06836;0.07813;0.08789;0.09766;0.10742;0.11719;0.12695;0.13672;0.14648;0.15625;0.16602;0.17578;0.18555;0.19531;0.20508;0.21484;0.22461;0.23438;0.24414;0.25391;0.26367;0.27344;0.2832;0.29297;0.30273;0.3125;0.32227;0.33203;0.3418;0.35156;0.36133;0.37109;0.38086;0.39063;0.40039;0.41016;0.41992;0.42969;0.43945;0.44922;0.45898;0.46875;0.47852;0.48828;0.49805;0.50781;0.51758;0.52734;0.53711;0.54688;0.55664;0.56641;0.57617;0.58594;0.5957;0.60547;0.61523;0.625;0.63477;0.64453;0.6543;0.66406;0.67383;0.68359;0.69336;0.70313;0.71289;0.72266;0.73242;0.74219;0.75195;0.76172;0.77148;0.78125;0.79102,0.015393792;0.019653632;0.012020735999999999;0.01069568;0.02119168;0.007112704;0.006887424;0.015538175999999999;0.0417536;0.060875776000000006;0.202469376;0.32521011199999994;0.26271744;0.251867136;0.14650368;0.073140224;0.06503219199999999;0.046348287999999994;0.026441728;0.027528192;0.032120832;0.020002816;0.012288;0.008481792000000002;0.006426624000000001;0.0067583999999999995;0.00633344;0.005385215999999999;0.00374784;0.0027504639999999998;0.002460672;0.001533952;0.0022835200000000003;0.002241536;0.001102848;0.001014784;0.0013905920000000002;0.0012646399999999998;0.0015851519999999998;0.001440768;0.00128512;0.001058816;0.000913408;0.0012605440000000002;0.001113088;0.00077312;0.000635904;0.0008366080000000001;0.0008335360000000001;0.0007925759999999999;0.000676864;0.0008212479999999999;0.000950272;0.0008468480000000001;0.000897024;0.000731136;0.001149952;0.0006952960000000001;0.000507904;0.0008345599999999999;0.0008345599999999999;0.00050176;0.0005734399999999999;0.000805888;0.000753664;0.000536576;0.000283648;0.0004884479999999999;0.000740352;0.0005744639999999999;0.000380928;0.000195584;0.00021913599999999998;0.000253952;0.00029696;0.000346112;0.000256;0.000195584;0.000141312
1788558300,hdr,0.0293;0.03906;0.04883;0.05859;0.06836;0.07813;0.08789;0.09766;0.10742;0.11719;0.12695;0.13672;0.14648;0.15625;0.16602;0.17578;0.18555;0.19531;0.20508;0.21484;0.22461;0.23438;0.24414;0.25391;0.26367;0.27344;0.2832;0.29297;0.30273;0.3125;0.32227;0.33203;0.3418;0.35156;0.36133;0.37109;0.38086;0.39063;0.40039;0.41016;0.41992;0.42969;0.43945;0.44922;0.45898;0.46875;0.47852;0.48828;0.49805;0.50781;0.51758;0.52734;0.53711;0.54688;0.55664;0.56641;0.57617;0.58594;0.5957;0.60547;0.61523;0.625;0.63477;0.64453;0.6543;0.66406;0.67383;0.68359;0.69336;0.70313;0.71289;0.72266;0.73242;0.74219;0.75195;0.76172;0.77148;0.78125;0.79102,0.013954048;0.036425728000000004;0.022321152;0.0109824;0.023118847999999997;0.007965696;0.004641792;0.008877056000000001;0.041146368;0.110513152;0.17049088;0.326258688;0.323084288;0.15940505600000002;0.13865062399999997;0.08348672;0.06656511999999999;0.039934976000000004;0.023669759999999998;0.013031424;0.014011392;0.014924799999999998;0.015127551999999999;0.009622528;0.013699072;0.013672447999999999;0.00802304;0.006002688;0.004105216;0.002633728;0.001777664;0.002594816;0.001882112;0.002188288;0.0021299199999999996;0.001917952;0.0017889280000000002;0.002180096;0.00239104;0.001575936;0.0007884799999999999;0.001030144;0.001138688;0.0011509760000000002;0.0008601600000000001;0.0009041920000000001;0.001016832;0.001061888;0.000753664;0.0005836799999999999;0.000531456;0.000635904;0.000751616;0.00088064;0.00074752;0.000519168;0.000466944;0.000606208;0.0006830079999999999;0.0005376000000000001;0.0003584;0.00024780799999999997;0.0005406720000000001;0.000646144;0.000649216;0.000458752;0.000257024;0.000275456;0.000315392;0.000284672;0.000318464;0.0002816;0.00020480000000000002;0.000267264;0.000326656;0.000282624;0.000263168;0.00037068800000000004;0.000321536
1788559200,hdr,0.0293;0.03906;0.04883;0.05859;0.06836;0.07813;0.08789;0.09766;0.10742;0.11719;0.12695;0.13672;0.14648;0.15625;0.16602;0.17578;0.18555;0.19531;0.20508;0.21484;0.22461;0.23438;0.24414;0.25391;0.26367;0.27344;0.2832;0.29297;0.30273;0.3125;0.32227;0.33203;0.3418;0.35156;0.36133;0.37109;0.38086;0.39063;0.40039;0.41016;0.41992;0.42969;0.43945;0.44922;0.45898;0.46875;0.47852;0.48828;0.49805;0.50781;0.51758;0.52734;0.53711;0.54688;0.55664;0.56641;0.57617;0.58594;0.5957;0.60547;0.61523;0.625;0.63477;0.64453;0.6543;0.66406;0.67383;0.68359;0.69336;0.70313;0.71289;0.72266;0.73242;0.74219;0.75195;0.76172;0.77148;0.78125;0.79102,0.0015677439999999998;0.00611328;0.008377344;0.006687744000000001;0.014179328;0.011593728000000001;0.003182592;0.004641792;0.022667264;0.092758016;0.139311104;0.13420339200000003;0.184409088;0.147613696;0.103729152;0.100279296;0.06955315200000001;0.033205248;0.030364672;0.028874752;0.018576384;0.013508608;0.012709887999999999;0.011416576;0.0060661759999999995;0.005425152;0.005289983999999999;0.003740672;0.003757056;0.0028549120000000002;0.0017356799999999999;0.0012912639999999999;0.0021370879999999997;0.0021370879999999997;0.001875968;0.001634304;0.001440768;0.0020224;0.00134144;0.0012400640000000001;0.001050624;0.0010598399999999998;0.001580032;0.001590272;0.001611776;0.0012359679999999998;0.000786432;0.001327104;0.001555456;0.001253376;0.000930816;0.0009943039999999999;0.001789952;0.001559552;0.001917952;0.002070528;0.0020858880000000006;0.001071104;0.000823296;0.000734208;0.000750592;0.0007372800000000001;0.0005642239999999999;0.000466944;0.000503808;0.00076288;0.000712704;0.000649216;0.000448512;0.000390144;0.000528384;0.00047104000000000004;0.000379904;0.00036352;0.00030924800000000003;0.000289792;0.00041984;0.000533504;0.000326656
1788560100,hdr,0.0293;0.03906;0.04883;0.05859;0.06836;0.07813;0.08789;0.09766;0.10742;0.11719;0.12695;0.13672;0.14648;0.15625;0.16602;0.17578;0.18555;0.19531;0.20508;0.21484;0.22461;0.23438;0.24414;0.25391;0.26367;0.27344;0.2832;0.29297;0.30273;0.3125;0.32227;0.33203;0.3418;0.35156;0.36133;0.37109;0.38086;0.39063;0.40039;0.41016;0.41992;0.42969;0.43945;0.44922;0.45898;0.46875;0.47852;0.48828;0.49805;0.50781;0.51758;0.52734;0.53711;0.54688;0.55664;0.56641;0.57617;0.58594;0.5957;0.60547;0.61523;0.625;0.63477;0.64453;0.6543;0.66406;0.67383;0.68359;0.69336;0.70313;0.71289;0.72266;0.73242;0.74219;0.75195;0.76172;0.77148;0.78125;0.79102,0.0018831359999999999;0.004154367999999999;0.004118528000000001;0.0053442559999999995;0.011224064;0.010088448;0.007860223999999999;0.013835264000000002;0.020543488000000002;0.060731392;0.148800512;0.226429952;0.18110463999999998;0.171692032;0.12609536;0.08308224;0.059271168000000006;0.051289088;0.033061888000000005;0.024986624;0.019326976;0.012165120000000001;0.009945088;0.009672703999999999;0.007642112;0.005711872;0.003618816;0.0027279360000000002;0.0019466239999999999;0.0025333760000000004;0.001580032;0.001911808;0.00247808;0.001153024;0.001000448;0.001267712;0.000995328;0.0009420800000000001;0.0018995200000000002;0.0020756480000000002;0.0009758719999999999;0.000837632;0.0006932479999999999;0.0006656;0.000869376;0.001038336;0.0012154879999999998;0.0012994559999999998;0.001225728;0.0016435199999999999;0.003136512;0.003795968;0.002337792;0.0017489920000000002;0.001301504;0.0012707839999999998;0.000596992;0.0005724160000000001;0.000756736;0.000736256;0.00077824;0.0005816320000000001;0.000590848;0.000594944;0.000318464;0.000391168;0.000439296;0.00027340799999999994;0.000284672;0.00029593599999999995;0.00020172799999999998;0.0003328;0.00036966399999999996;0.00024576000000000003;0.000227328;0.00027648;0.00040755200000000004;0.00026521600000000003;0.000192512
1788561000,hdr,0.0293;0.03906;0.04883;0.05859;0.06836;0.07813;0.08789;0.09766;0.10742;0.11719;0.12695;0.13672;0.14648;0.15625;0.16602;0.17578;0.18555;0.19531;0.20508;0.21484;0.22461;0.23438;0.24414;0.25391;0.26367;0.27344;0.2832;0.29297;0.30273;0.3125;0.32227;0.33203;0.3418;0.35156;0.36133;0.37109;0.38086;0.39063;0.40039;0.41016;0.41992;0.42969;0.43945;0.44922;0.45898;0.46875;0.47852;0.48828;0.49805;0.50781;0.51758;0.52734;0.53711;0.54688;0.55664;0.56641;0.57617;0.58594;0.5957;0.60547;0.61523;0.625;0.63477;0.64453;0.6543;0.66406;0.67383;0.68359;0.69336;0.70313;0.71289;0.72266;0.73242;0.74219;0.75195;0.76172;0.77148;0.78125;0.79102,0.003926016;0.005321728;0.005154816;0.013889536;0.02732544;0.015814656;0.005828608;0.009906176;0.04791091200000001;0.09265766399999999;0.204612608;0.265571328;0.24071167999999998;0.226164736;0.12813824;0.089191424;0.07915212800000002;0.051326976;0.024139776;0.014998528;0.016401408;0.014435327999999999;0.009752575999999999;0.007805952;0.0065617919999999995;0.0065218559999999995;0.00400896;0.003511296;0.0031569919999999995;0.003103744;0.002084864;0.0020172799999999998;0.001544192;0.001092608;0.001408;0.001362944;0.001654784;0.0014581759999999998;0.0014919679999999998;0.001145856;0.00096768;0.00123904;0.0013056;0.0011417600000000001;0.000795648;0.0012400640000000001;0.0014991359999999999;0.000759808;0.000580608;0.000776192;0.0006912;0.000461824;0.000376832;0.000515072;0.000494592;0.000499712;0.000700416;0.0005713920000000001;0.00043008000000000006;0.000412672;0.0005888;0.000743424;0.0005560319999999999;0.00028569600000000005;0.000466944;0.0007925759999999999;0.0006021119999999999;0.00039628799999999996;0.00039423999999999997;0.000280576;0.00031129599999999997;0.000314368;0.00036966399999999996;0.00039219200000000003;0.00046080000000000003;0.000466944;0.00030924800000000003;0.00036352;0.000349184
1788561900,hdr,0.0293;0.03906;0.04883;0.05859;0.06836;0.07813;0.08789;0.09766;0.10742;0.11719;0.12695;0.13672;0.14648;0.15625;0.16602;0.17578;0.18555;0.19531;0.20508;0.21484;0.22461;0.23438;0.24414;0.25391;0.26367;0.27344;0.2832;0.29297;0.30273;0.3125;0.32227;0.33203;0.3418;0.35156;0.36133;0.37109;0.38086;0.39063;0.40039;0.41016;0.41992;0.42969;0.43945;0.44922;0.45898;0.46875;0.47852;0.48828;0.49805;0.50781;0.51758;0.52734;0.53711;0.54688;0.55664;0.56641;0.57617;0.58594;0.5957;0.60547;0.61523;0.625;0.63477;0.64453;0.6543;0.66406;0.67383;0.68359;0.69336;0.70313;0.71289;0.72266;0.73242;0.74219;0.75195;0.76172;0.77148;0.78125;0.79102,0.003598336;0.005410816;0.004777984000000001;0.0046991360000000005;0.01110528;0.012274688;0.0066048;0.00946176;0.03263488;0.06274252799999999;0.119369728;0.17795584;0.238923776;0.194260992;0.08654540799999999;0.06688256;0.04543283199999999;0.0171264;0.015015936;0.012207104;0.016100352000000002;0.009890815999999998;0.006724608;0.007673856;0.010831872000000001;0.0046069760000000005;0.00543744;0.0037847040000000003;0.002084864;0.0022405119999999996;0.0022026240000000002;0.00158208;0.001395712;0.001273856;0.001301504;0.000898048;0.001168384;0.001564672;0.00091136;0.0013506560000000002;0.0010598399999999998;0.0011233280000000003;0.001353728;0.001063936;0.0007393279999999999;0.0009216000000000001;0.000909312;0.0007290879999999999;0.000666624;0.000789504;0.0011776;0.001052672;0.000579584;0.0007188480000000001;0.000772096;0.0006819840000000001;0.00064;0.000621568;0.000772096;0.000535552;0.0005888;0.000843776;0.001098752;0.001027072;0.001250304;0.0011468799999999999;0.00075776;0.0007925759999999999;0.000789504;0.0008222720000000001;0.000315392;0.000395264;0.000313344;0.00033689599999999994;0.00039628799999999996;0.00035328;0.000252928;0.000330752;0.000381952
1788562800,hdr,0.0293;0.03906;0.04883;0.05859;0.06836;0.07813;0.08789;0.09766;0.10742;0.11719;0.12695;0.13672;0.14648;0.15625;0.16602;0.17578;0.18555;0.19531;0.20508;0.21484;0.22461;0.23438;0.24414;0.25391;0.26367;0.27344;0.2832;0.29297;0.30273;0.3125;0.32227;0.33203;0.3418;0.35156;0.36133;0.37109;0.38086;0.39063;0.40039;0.41016;0.41992;0.42969;0.43945;0.44922;0.45898;0.46875;0.47852;0.48828;0.49805;0.50781;0.51758;0.52734;0.53711;0.54688;0.55664;0.56641;0.57617;0.58594;0.5957;0.60547;0.61523;0.625;0.63477;0.64453;0.6543;0.66406;0.67383;0.68359;0.69336;0.70313;0.71289;0.72266;0.73242;0.74219;0.75195;0.76172;0.77148;0.78125;0.79102,0.0022067199999999997;0.0028129279999999997;0.002219008;0.006611968;0.015931392;0.009715712;0.004489216;0.006076416;0.031814656;0.08646348799999999;0.151808;0.23529779199999998;0.24106700799999997;0.16901632;0.191330304;0.1058048;0.049421311999999995;0.029561856;0.011966464;0.02267136;0.009007104;0.015015936;0.014013439999999999;0.008708096;0.007575551999999999;0.005229568;0.004856831999999999;0.00305664;0.002269184;0.0029460479999999997;0.00187392;0.001328128;0.0012605440000000002;0.001185792;0.001103872;0.0005867520000000001;0.000679936;0.001009664;0.000963584;0.00068096;0.0009758719999999999;0.00084992;0.0008192000000000001;0.000802816;0.0008458240000000001;0.00061952;0.0007946240000000001;0.000918528;0.0010250239999999998;0.000714752;0.000406528;0.0006123519999999999;0.000826368;0.0012083200000000001;0.001033216;0.0010496000000000001;0.000664576;0.00047411199999999995;0.0005376000000000001;0.000413696;0.00037068800000000004;0.00029491200000000004;0.00031232;0.000380928;0.000277504;0.000319488;0.000324608;0.000274432;0.000325632;0.000365568;0.00048742400000000003;0.00033382400000000003;0.000233472;0.00029183999999999997;0.000234496;0.000193536;0.000228352;0.000217088;0.000128
1788563700,hdr,0.0293;0.03906;0.04883;0.05859;0.06836;0.07813;0.08789;0.09766;0.10742;0.11719;0.12695;0.13672;0.14648;0.15625;0.16602;0.17578;0.18555;0.19531;0.20508;0.21484;0.22461;0.23438;0.24414;0.25391;0.26367;0.27344;0.2832;0.29297;0.30273;0.3125;0.32227;0.33203;0.3418;0.35156;0.36133;0.37109;0.38086;0.39063;0.40039;0.41016;0.41992;0.42969;0.43945;0.44922;0.45898;0.46875;0.47852;0.48828;0.49805;0.50781;0.51758;0.52734;0.53711;0.54688;0.55664;0.56641;0.57617;0.58594;0.5957;0.60547;0.61523;0.625;0.63477;0.64453;0.6543;0.66406;0.67383;0.68359;0.69336;0.70313;0.71289;0.72266;0.73242;0.74219;0.75195;0.76172;0.77148;0.78125;0.79102,0.001649664;0.002829312;0.001837056;0.006014976;0.01831936;0.008890368000000001;0.0022231040000000005;0.00871424;0.036515839999999994;0.097504256;0.121347072;0.13316096;0.13286195199999998;0.173765632;0.11986841599999999;0.056536064000000004;0.034993152;0.024373248;0.020552703999999998;0.014939136;0.017857536;0.014726144;0.006716416;0.010115072;0.010190848;0.005997568;0.004308992;0.0027504639999999998;0.002328576;0.002043904;0.0013475839999999998;0.00111104;0.001258496;0.001210368;0.001412096;0.000898048;0.0010455039999999998;0.000864256;0.0011632640000000002;0.001408;0.001318912;0.000907264;0.000534528;0.000493568;0.000825344;0.00099328;0.0007843840000000001;0.0007946240000000001;0.0008325120000000001;0.001101824;0.0015165439999999999;0.00203264;0.001232896;0.000825344;0.00076288;0.000738304;0.000525312;0.000504832;0.0004986880000000001;0.000356352;0.00036454399999999996;0.000512;0.00050688;0.00047308800000000003;0.000393216;0.000391168;0.000371712;0.000528384;0.0004352;0.00029081600000000006;0.00019968;0.000193536;0.00018432000000000002;0.000191488;0.00016691200000000002;0.00019865600000000002;0.000288768;0.00024576000000000003;0.00021401600000000003
1788564600,hdr,0.0293;0.03906;0.04883;0.05859;0.06836;0.07813;0.08789;0.09766;0.10742;0.11719;0.12695;0.13672;0.14648;0.15625;0.16602;0.17578;0.18555;0.19531;0.20508;0.21484;0.22461;0.23438;0.24414;0.25391;0.26367;0.27344;0.2832;0.29297;0.30273;0.3125;0.32227;0.33203;0.3418;0.35156;0.36133;0.37109;0.38086;0.39063;0.40039;0.41016;0.41992;0.42969;0.43945;0.44922;0.45898;0.46875;0.47852;0.48828;0.49805;0.50781;0.51758;0.52734;0.53711;0.54688;0.55664;0.56641;0.57617;0.58594;0.5957;0.60547;0.61523;0.625;0.63477;0.64453;0.6543;0.66406;0.67383;0.68359;0.69336;0.70313;0.71289;0.72266;0.73242;0.74219;0.75195;0.76172;0.77148;0.78125;0.79102,0.000124928;0.0029378560000000004;0.005332992;0.002714624;0.009094144;0.00582656;0.0029491200000000004;0.011180032000000001;0.041762816;0.09717759999999999;0.095991808;0.141033472;0.223468544;0.19851776000000002;0.11598745599999999;0.064029696;0.035563519999999994;0.025903104;0.023806975999999997;0.014714880000000001;0.010925056;0.010340351999999999;0.008188928000000002;0.0077987840000000004;0.007693312;0.007144447999999999;0.0027432959999999997;0.001774592;0.002034688;0.00264704;0.002258944;0.00122368;0.00064;0.00099328;0.001265664;0.00082944;0.000985088;0.001096704;0.0009697280000000001;0.0009697280000000001;0.000789504;0.0010209280000000002;0.0008325120000000001;0.001043456;0.0010752000000000001;0.000787456;0.0010608640000000001;0.000812032;0.001087488;0.001251328;0.0007280640000000001;0.000781312;0.000899072;0.000775168;0.0007168;0.0008335360000000001;0.0005918719999999999;0.00075264;0.0009768959999999999;0.000891904;0.000648192;0.00037478399999999997;0.00036454399999999996;0.000538624;0.000567296;0.000448512;0.000339968;0.0002816;0.00033484799999999995;0.000253952;0.00025497599999999997;0.000331776;0.00026623999999999994;0.000253952;0.00023040000000000002;0.00019865600000000002;0.000267264;0.00014335999999999998;0.0001536
1788565500,hdr,0.0293;0.03906;0.04883;0.05859;0.06836;0.07813;0.08789;0.09766;0.10742;0.11719;0.12695;0.13672;0.14648;0.15625;0.16602;0.17578;0.18555;0.19531;0.20508;0.21484;0.22461;0.23438;0.24414;0.25391;0.26367;0.27344;0.2832;0.29297;0.30273;0.3125;0.32227;0.33203;0.3418;0.35156;0.36133;0.37109;0.38086;0.39063;0.40039;0.41016;0.41992;0.42969;0.43945;0.44922;0.45898;0.46875;0.47852;0.48828;0.49805;0.50781;0.51758;0.52734;0.53711;0.54688;0.55664;0.56641;0.57617;0.58594;0.5957;0.60547;0.61523;0.625;0.63477;0.64453;0.6543;0.66406;0.67383;0.68359;0.69336;0.70313;0.71289;0.72266;0.73242;0.74219;0.75195;0.76172;0.77148;0.78125;0.79102,0.003221504;0.007845888;0.0042752;0.004736;0.010413055999999999;0.0050350080000000005;0.0024104960000000003;0.009954304;0.053421055999999995;0.11616563199999999;0.172709888;0.19383091200000002;0.18074624;0.174487552;0.100663296;0.045364224;0.029398016;0.026255360000000002;0.019540992;0.017548288000000002;0.014145536;0.010398720000000002;0.010323968000000001;0.006908928000000001;0.006250496;0.005646336;0.002587648;0.003186688;0.002807808;0.002111488;0.001872896;0.0007464960000000001;0.000990208;0.0013342719999999998;0.0009359360000000001;0.0004956159999999999;0.000756736;0.001661952;0.0023357440000000003;0.0014448640000000001;0.0008488959999999999;0.000700416;0.000779264;0.0007280640000000001;0.000613376;0.000648192;0.00035532799999999997;0.000303104;0.00043315199999999996;0.000524288;0.000652288;0.000736256;0.00088576;0.000513024;0.000550912;0.000630784;0.0005478400000000001;0.000427008;0.00039423999999999997;0.00039628799999999996;0.000346112;0.000493568;0.0004884479999999999;0.000533504;0.000275456;0.000221184;0.00033689599999999994;0.00032768;0.000318464;0.00039936;0.000319488;0.00022016;0.00024576000000000003;0.00023142399999999999;0.000314368;0.000305152;0.00029593599999999995;0.000277504;0.00029696
