Epoch Time,Processing Source,f,varianceDensity
1788652800,hdr,0.0293;0.03906;0.04883;0.05859;0.06836;0.07813;0.08789;0.09766;0.10742;0.11719;0.12695;0.13672;0.14648;0.15625;0.16602;0.17578;0.18555;0.19531;0.20508;0.21484;0.22461;0.23438;0.24414;0.25391;0.26367;0.27344;0.2832;0.29297;0.30273;0.3125;0.32227;0.33203;0.3418;0.35156;0.36133;0.37109;0.38086;0.39063;0.40039;0.41016;0.41992;0.42969;0.43945;0.44922;0.45898;0.46875;0.47852;0.48828;0.49805;0.50781;0.51758;0.52734;0.53711;0.54688;0.55664;0.56641;0.57617;0.58594;0.5957;0.60547;0.61523;0.625;0.63477;0.64453;0.6543;0.66406;0.67383;0.68359;0.69336;0.70313;0.71289;0.72266;0.73242;0.74219;0.75195;0.76172;0.77148;0.78125;0.79102,0.001243136;0.004769791999999999;0.004127744;0.002023424;0.005768192;0.008111104;0.011097088;0.013774848;0.03322470400000001;0.058985472000000004;0.07383552;0.095266816;0.108060672;0.18309119999999998;0.17112064000000002;0.089484288;0.067380224;0.051460096;0.025530367999999998;0.018686976;0.012869631999999999;0.010591232;0.012048384;0.01538048;0.02216448;0.035086336;0.025860096;0.029963264;0.036948992;0.028591104000000003;0.021714944;0.030916608;0.036611072;0.02343936;0.015630335999999998;0.011961344;0.012128256;0.008872960000000001;0.0050749440000000005;0.00300032;0.0034949119999999998;0.0031774719999999998;0.003979264;0.005738495999999999;0.0039895040000000005;0.0021964800000000002;0.003603456;0.003540992;0.0024330239999999998;0.001513472;0.001186816;0.0009717759999999999;0.001296384;0.0011970559999999997;0.001048576;0.00077824;0.000719872;0.000661504;0.000543744;0.0006082559999999999;0.0007229440000000001;0.000740352;0.0007936;0.000569344;0.00033792;0.000229376;0.00031744;0.000275456;0.000258048;0.00029696;0.00029491200000000004;0.00029388799999999996;0.000339968;0.00018432000000000002;0.000195584;0.000260096;0.000190464;0.000200704;0.00020889599999999997
1788653700,hdr,0.0293;0.03906;0.04883;0.05859;0.06836;0.07813;0.08789;0.09766;0.10742;0.11719;0.12695;0.13672;0.14648;0.15625;0.16602;0.17578;0.18555;0.19531;0.20508;0.21484;0.22461;0.23438;0.24414;0.25391;0.26367;0.27344;0.2832;0.29297;0.30273;0.3125;0.32227;0.33203;0.3418;0.35156;0.36133;0.37109;0.38086;0.39063;0.40039;0.41016;0.41992;0.42969;0.43945;0.44922;0.45898;0.46875;0.47852;0.48828;0.49805;0.50781;0.51758;0.52734;0.53711;0.54688;0.55664;0.56641;0.57617;0.58594;0.5957;0.60547;0.61523;0.625;0.63477;0.64453;0.6543;0.66406;0.67383;0.68359;0.69336;0.70313;0.71289;0.72266;0.73242;0.74219;0.75195;0.76172;0.77148;0.78125;0.79102,0.001890304;0.002315264;0.001798144;0.001296384;0.0046192640000000005;0.005890048;0.0057446400000000005;0.010714112000000001;0.021931008;0.0363008;0.046524416000000006;0.078435328;0.138679296;0.17256448000000002;0.15441408;0.121664512;0.07864524799999999;0.08095744;0.037450752000000004;0.021856255999999998;0.017195008;0.016637951999999998;0.015859711999999998;0.016805887999999998;0.021865472;0.028833791999999997;0.039137279999999997;0.04794368;0.050845695999999996;0.034912256;0.044593152000000004;0.032919552000000005;0.012624895999999998;0.01352192;0.011249664;0.010508288000000001;0.010370048000000002;0.008725504;0.006663168;0.005451776;0.005083135999999999;0.0037990400000000005;0.002825216;0.003360768;0.0038911999999999996;0.0034375680000000002;0.0022702079999999997;0.0026521599999999998;0.002299904;0.0019394560000000002;0.0016230399999999999;0.0011919360000000002;0.000867328;0.00082944;0.001048576;0.0010014719999999998;0.00100352;0.000717824;0.000733184;0.0005724160000000001;0.00044339199999999997;0.000447488;0.00042496;0.000258048;0.00042496;0.000452608;0.000356352;0.000452608;0.000335872;0.000139264;0.00015462400000000002;0.000269312;0.000206848;0.000216064;0.000161792;0.00020172799999999998;0.00016691200000000002;0.00010649599999999999;0.00011161600000000001
1788654600,hdr,0.0293;0.03906;0.04883;0.05859;0.06836;0.07813;0.08789;0.09766;0.10742;0.11719;0.12695;0.13672;0.14648;0.15625;0.16602;0.17578;0.18555;0.19531;0.20508;0.21484;0.22461;0.23438;0.24414;0.25391;0.26367;0.27344;0.2832;0.29297;0.30273;0.3125;0.32227;0.33203;0.3418;0.35156;0.36133;0.37109;0.38086;0.39063;0.40039;0.41016;0.41992;0.42969;0.43945;0.44922;0.45898;0.46875;0.47852;0.48828;0.49805;0.50781;0.51758;0.52734;0.53711;0.54688;0.55664;0.56641;0.57617;0.58594;0.5957;0.60547;0.61523;0.625;0.63477;0.64453;0.6543;0.66406;0.67383;0.68359;0.69336;0.70313;0.71289;0.72266;0.73242;0.74219;0.75195;0.76172;0.77148;0.78125;0.79102,0.0016650240000000002;0.002791424;0.00301568;0.0017530879999999999;0.009053183999999999;0.014620672000000001;0.014027776;0.018305024;0.022948864000000003;0.040899583999999996;0.041692160000000006;0.053849088;0.05764096;0.06351462399999999;0.075664384;0.09341952;0.0808192;0.10254131200000001;0.129339392;0.045203456;0.012002304;0.0102912;0.011497472;0.009759743999999999;0.017182720000000002;0.034792448;0.077126656;0.068230144;0.048713728000000005;0.033292288;0.03905024000000001;0.044358656;0.0358656;0.020451328;0.011820032;0.01355264;0.013042688;0.007856128;0.0074751999999999996;0.007528448;0.005282816000000001;0.004072447999999999;0.00408064;0.0040294400000000005;0.004640767999999999;0.005917696;0.0043182080000000005;0.002352128;0.0016384000000000001;0.001959936;0.001707008;0.001253376;0.001028096;0.0013660159999999998;0.0013547519999999999;0.0014151679999999999;0.0012544;0.001014784;0.000507904;0.0004956159999999999;0.000393216;0.00042496;0.00044544;0.0004884479999999999;0.0005847039999999999;0.0005888;0.00039936;0.000263168;0.000264192;0.000263168;0.000218112;0.00021913599999999998;0.000366592;0.00029286400000000005;0.000197632;0.00015052799999999998;0.000157696;0.00020172799999999998;0.00015462400000000002
1788655500,hdr,0.0293;0.03906;0.04883;0.05859;0.06836;0.07813;0.08789;0.09766;0.10742;0.11719;0.12695;0.13672;0.14648;0.15625;0.16602;0.17578;0.18555;0.19531;0.20508;0.21484;0.22461;0.23438;0.24414;0.25391;0.26367;0.27344;0.2832;0.29297;0.30273;0.3125;0.32227;0.33203;0.3418;0.35156;0.36133;0.37109;0.38086;0.39063;0.40039;0.41016;0.41992;0.42969;0.43945;0.44922;0.45898;0.46875;0.47852;0.48828;0.49805;0.50781;0.51758;0.52734;0.53711;0.54688;0.55664;0.56641;0.57617;0.58594;0.5957;0.60547;0.61523;0.625;0.63477;0.64453;0.6543;0.66406;0.67383;0.68359;0.69336;0.70313;0.71289;0.72266;0.73242;0.74219;0.75195;0.76172;0.77148;0.78125;0.79102,0.0032890880000000003;0.004129792;0.003968;0.002448384;0.009003008;0.011269119999999999;0.012568576000000001;0.018169855999999998;0.021408768;0.021948416000000002;0.031814656;0.051546112;0.07940812800000001;0.079579136;0.110007296;0.12888576000000002;0.09154355200000001;0.095681536;0.13543423999999998;0.07134617600000001;0.019836928;0.01021952;0.014042111999999999;0.011482112000000001;0.011348992;0.031628288;0.051049472;0.036459519999999995;0.055397376000000005;0.05208166400000001;0.03875328;0.020757504;0.020752384;0.031565824;0.025161727999999998;0.012904448;0.011452416;0.010571776;0.007425024;0.00677376;0.0061757439999999995;0.003446784;0.0037437440000000002;0.005028863999999999;0.0036823039999999995;0.004271104;0.003835904;0.00270848;0.004611072;0.0036392959999999998;0.001042432;0.0017192959999999997;0.0014899199999999998;0.0016895999999999999;0.0013219840000000002;0.0013199359999999999;0.000990208;0.0012359679999999998;0.0012247039999999999;0.0009420800000000001;0.0006830079999999999;0.000738304;0.0005724160000000001;0.000454656;0.000349184;0.000448512;0.000534528;0.00047820800000000004;0.00030617599999999996;0.000427008;0.00027648;0.000289792;0.00025088;0.000315392;0.000347136;0.00026521600000000003;0.000191488;0.000227328;0.000258048
1788657300,hdr,0.0293;0.03906;0.04883;0.05859;0.06836;0.07813;0.08789;0.09766;0.10742;0.11719;0.12695;0.13672;0.14648;0.15625;0.16602;0.17578;0.18555;0.19531;0.20508;0.21484;0.22461;0.23438;0.24414;0.25391;0.26367;0.27344;0.2832;0.29297;0.30273;0.3125;0.32227;0.33203;0.3418;0.35156;0.36133;0.37109;0.38086;0.39063;0.40039;0.41016;0.41992;0.42969;0.43945;0.44922;0.45898;0.46875;0.47852;0.48828;0.49805;0.50781;0.51758;0.52734;0.53711;0.54688;0.55664;0.56641;0.57617;0.58594;0.5957;0.60547;0.61523;0.625;0.63477;0.64453;0.6543;0.66406;0.67383;0.68359;0.69336;0.70313;0.71289;0.72266;0.73242;0.74219;0.75195;0.76172;0.77148;0.78125;0.79102,0.00195072;0.003298304;0.0029695999999999998;0.005310464;0.016241664;0.016996352000000003;0.006385664000000001;0.009982976000000001;0.024695808;0.026075136000000002;0.027431936;0.035482624000000004;0.041315328;0.05430579199999999;0.078594048;0.059870208;0.042807296;0.050162688000000004;0.092698624;0.062140416000000004;0.040650752;0.029540352;0.014846976000000001;0.019540992;0.017795072;0.018393088;0.026856448;0.041622528000000006;0.045810688;0.03733504;0.02858496;0.022560768;0.029054976;0.024851455999999997;0.010753024;0.01598976;0.014353408;0.008802304;0.005456896000000001;0.00631808;0.0042905600000000006;0.006211584;0.006305792;0.00466432;0.004312064;0.004286464;0.003690496;0.004673536;0.0038911999999999996;0.002861056;0.0017336320000000001;0.001276928;0.001330176;0.001026048;0.001071104;0.0009830400000000001;0.001327104;0.0012728319999999998;0.001079296;0.001122304;0.001015808;0.000543744;0.00029798400000000005;0.000549888;0.00065536;0.00062976;0.0006574080000000001;0.000750592;0.00046796800000000003;0.000505856;0.0005836799999999999;0.000365568;0.00032256;0.000324608;0.00037888;0.00027033600000000004;0.000175104;0.000169984;0.000244736
1788658200,hdr,0.0293;0.03906;0.04883;0.05859;0.06836;0.07813;0.08789;0.09766;0.10742;0.11719;0.12695;0.13672;0.14648;0.15625;0.16602;0.17578;0.18555;0.19531;0.20508;0.21484;0.22461;0.23438;0.24414;0.25391;0.26367;0.27344;0.2832;0.29297;0.30273;0.3125;0.32227;0.33203;0.3418;0.35156;0.36133;0.37109;0.38086;0.39063;0.40039;0.41016;0.41992;0.42969;0.43945;0.44922;0.45898;0.46875;0.47852;0.48828;0.49805;0.50781;0.51758;0.52734;0.53711;0.54688;0.55664;0.56641;0.57617;0.58594;0.5957;0.60547;0.61523;0.625;0.63477;0.64453;0.6543;0.66406;0.67383;0.68359;0.69336;0.70313;0.71289;0.72266;0.73242;0.74219;0.75195;0.76172;0.77148;0.78125;0.79102,0.00413696;0.006491136000000001;0.01076224;0.01125376;0.017479679999999997;0.019540992;0.018347007999999998;0.014467072000000001;0.02265088;0.032214016;0.026743808;0.026925056;0.047384576;0.068364288;0.063898624;0.052465663999999995;0.070156288;0.08499712;0.06375424;0.050536448;0.042257407999999996;0.029923328000000003;0.023692288;0.0167424;0.01334784;0.017995775999999998;0.040440832;0.034818048;0.017032191999999998;0.022423552;0.029285376000000002;0.016529408;0.013300736;0.013158399999999999;0.014302208;0.01693184;0.011285503999999998;0.010391552000000002;0.006490112;0.00903168;0.005901312;0.006041599999999999;0.005700608;0.005082112;0.004931584;0.0051650559999999995;0.003042304;0.0022405119999999996;0.002055168;0.0023592960000000003;0.0020418560000000003;0.0020029439999999996;0.002020352;0.001118208;0.00113152;0.001498112;0.000986112;0.000879616;0.001302528;0.000769024;0.00065536;0.001307648;0.00136192;0.0009256959999999999;0.000651264;0.000494592;0.000548864;0.000521216;0.00037376;0.000325632;0.00029696;0.000393216;0.00029696;0.000274432;0.00037478399999999997;0.000268288;0.000267264;0.000289792;0.00029491200000000004
1788659100,hdr,0.0293;0.03906;0.04883;0.05859;0.06836;0.07813;0.08789;0.09766;0.10742;0.11719;0.12695;0.13672;0.14648;0.15625;0.16602;0.17578;0.18555;0.19531;0.20508;0.21484;0.22461;0.23438;0.24414;0.25391;0.26367;0.27344;0.2832;0.29297;0.30273;0.3125;0.32227;0.33203;0.3418;0.35156;0.36133;0.37109;0.38086;0.39063;0.40039;0.41016;0.41992;0.42969;0.43945;0.44922;0.45898;0.46875;0.47852;0.48828;0.49805;0.50781;0.51758;0.52734;0.53711;0.54688;0.55664;0.56641;0.57617;0.58594;0.5957;0.60547;0.61523;0.625;0.63477;0.64453;0.6543;0.66406;0.67383;0.68359;0.69336;0.70313;0.71289;0.72266;0.73242;0.74219;0.75195;0.76172;0.77148;0.78125;0.79102,0.0059965439999999995;0.008387584;0.00771072;0.007074815999999999;0.009756672000000001;0.006274048;0.011031552;0.017965056;0.022519808000000002;0.022336512;0.031351807999999995;0.02916864;0.030542847999999997;0.037476352;0.06910668800000001;0.056585216;0.042140672;0.034407424;0.047767552000000005;0.070531072;0.056925184000000004;0.037204992;0.025366528;0.018240512;0.017328128;0.017403904;0.023670784;0.02415104;0.019127296000000002;0.019088384000000003;0.023012352;0.018642943999999998;0.016477184000000002;0.012744703999999999;0.01342464;0.013589503999999999;0.009237503999999999;0.0066437119999999995;0.005901312;0.006705152;0.006417408;0.003656704;0.0027648;0.0028385280000000003;0.003567616;0.002308096;0.0023674879999999996;0.0027320319999999997;0.002489344;0.001984512;0.001757184;0.001632256;0.0011509760000000002;0.0012707839999999998;0.00151552;0.0010803199999999998;0.0010649599999999998;0.0015452159999999999;0.0014274560000000001;0.001723392;0.0014458880000000002;0.0007833599999999999;0.001174528;0.0012195840000000001;0.000659456;0.0006737919999999999;0.000894976;0.000841728;0.001082368;0.00103424;0.000719872;0.000795648;0.0005642239999999999;0.00037888;0.000310272;0.000442368;0.0006963200000000001;0.00074752;0.00043315199999999996
1788660000,hdr,0.0293;0.03906;0.04883;0.05859;0.06836;0.07813;0.08789;0.09766;0.10742;0.11719;0.12695;0.13672;0.14648;0.15625;0.16602;0.17578;0.18555;0.19531;0.20508;0.21484;0.22461;0.23438;0.24414;0.25391;0.26367;0.27344;0.2832;0.29297;0.30273;0.3125;0.32227;0.33203;0.3418;0.35156;0.36133;0.37109;0.38086;0.39063;0.40039;0.41016;0.41992;0.42969;0.43945;0.44922;0.45898;0.46875;0.47852;0.48828;0.49805;0.50781;0.51758;0.52734;0.53711;0.54688;0.55664;0.56641;0.57617;0.58594;0.5957;0.60547;0.61523;0.625;0.63477;0.64453;0.6543;0.66406;0.67383;0.68359;0.69336;0.70313;0.71289;0.72266;0.73242;0.74219;0.75195;0.76172;0.77148;0.78125;0.79102,0.01093632;0.009027583999999998;0.0062279679999999995;0.009012224000000001;0.016710655999999997;0.009075712;0.011596799999999999;0.01875456;0.020998144;0.019207167999999997;0.021617664;0.024498176;0.027527167999999998;0.048937984;0.06135398399999999;0.059618304000000004;0.061814784;0.065225728;0.056617983999999996;0.05358796799999999;0.06597017599999999;0.060504063999999996;0.04291072;0.020733951999999996;0.017402880000000003;0.018332671999999998;0.013867008;0.011490304;0.022464512;0.020764672;0.030478335999999998;0.021949439999999997;0.016376832;0.01207808;0.007857152;0.011667456;0.013512704;0.004772864000000001;0.00555008;0.004112384;0.006474751999999999;0.005808128;0.00413696;0.0036556799999999997;0.003162112;0.003216384;0.004554752;0.0032808959999999997;0.0023275519999999997;0.0026071040000000003;0.002157568;0.002958336;0.002484224;0.0014991359999999999;0.001401856;0.001352704;0.00135168;0.000987136;0.001155072;0.000789504;0.00048639999999999995;0.000720896;0.00047820800000000004;0.0005836799999999999;0.00033689599999999994;0.0006912;0.000864256;0.000717824;0.000877568;0.00067584;0.0009984;0.001026048;0.00052736;0.0007106559999999999;0.0012247039999999999;0.000864256;0.00037376;0.000376832;0.0004986880000000001
1788660900,hdr,0.0293;0.03906;0.04883;0.05859;0.06836;0.07813;0.08789;0.09766;0.10742;0.11719;0.12695;0.13672;0.14648;0.15625;0.16602;0.17578;0.18555;0.19531;0.20508;0.21484;0.22461;0.23438;0.24414;0.25391;0.26367;0.27344;0.2832;0.29297;0.30273;0.3125;0.32227;0.33203;0.3418;0.35156;0.36133;0.37109;0.38086;0.39063;0.40039;0.41016;0.41992;0.42969;0.43945;0.44922;0.45898;0.46875;0.47852;0.48828;0.49805;0.50781;0.51758;0.52734;0.53711;0.54688;0.55664;0.56641;0.57617;0.58594;0.5957;0.60547;0.61523;0.625;0.63477;0.64453;0.6543;0.66406;0.67383;0.68359;0.69336;0.70313;0.71289;0.72266;0.73242;0.74219;0.75195;0.76172;0.77148;0.78125;0.79102,0.005604352;0.004546560000000001;0.00311296;0.0028088320000000003;0.007828479999999999;0.006858752;0.010943488000000001;0.019063808;0.017132544;0.016037888;0.02340352;0.034805760000000005;0.027966464;0.04440780800000001;0.06160076800000001;0.048601087999999994;0.045031424;0.052864;0.03557888;0.030263296000000002;0.048335872;0.048889856;0.035717120000000005;0.030056448;0.01527808;0.013898752;0.01133056;0.010380288;0.015476736000000001;0.014686208000000001;0.019401728;0.017862656;0.020100096;0.018379775999999997;0.016969728;0.00949248;0.011568128;0.009607168;0.00564736;0.008009728;0.006732800000000001;0.00473088;0.004902912;0.005132288;0.004472832;0.003606528;0.0038840320000000004;0.004170752000000001;0.003016704;0.002692096;0.003088384;0.0027095039999999997;0.00230912;0.001388544;0.001015808;0.000930816;0.0009830400000000001;0.00131584;0.0014346239999999998;0.001257472;0.001362944;0.001026048;0.001055744;0.000796672;0.0006850560000000001;0.0006604799999999999;0.00059392;0.0008519679999999999;0.0007116799999999999;0.000557056;0.0006082559999999999;0.000485376;0.00038912;0.000319488;0.000345088;0.000441344;0.0005713920000000001;0.00046489599999999996;0.000313344
1788661800,hdr,0.0293;0.03906;0.04883;0.05859;0.06836;0.07813;0.08789;0.09766;0.10742;0.11719;0.12695;0.13672;0.14648;0.15625;0.16602;0.17578;0.18555;0.19531;0.20508;0.21484;0.22461;0.23438;0.24414;0.25391;0.26367;0.27344;0.2832;0.29297;0.30273;0.3125;0.32227;0.33203;0.3418;0.35156;0.36133;0.37109;0.38086;0.39063;0.40039;0.41016;0.41992;0.42969;0.43945;0.44922;0.45898;0.46875;0.47852;0.48828;0.49805;0.50781;0.51758;0.52734;0.53711;0.54688;0.55664;0.56641;0.57617;0.58594;0.5957;0.60547;0.61523;0.625;0.63477;0.64453;0.6543;0.66406;0.67383;0.68359;0.69336;0.70313;0.71289;0.72266;0.73242;0.74219;0.75195;0.76172;0.77148;0.78125;0.79102,0.007003135999999999;0.006203391999999999;0.008196096000000002;0.012261376000000001;0.025624576;0.013739008;0.008665088000000001;0.027660288;0.01734656;0.019683327999999996;0.018405376;0.012413951999999999;0.012266496;0.018496512;0.038500352;0.035488768000000004;0.032831488;0.032465919999999995;0.039243776;0.050936832;0.054586368;0.048905216;0.044932096000000005;0.023185408;0.031071232;0.019946495999999998;0.011958271999999999;0.009854976000000001;0.011264;0.012741632;0.015898624;0.015378432000000001;0.011390976;0.014892032000000001;0.023555072;0.022842368000000002;0.017851392;0.01230336;0.010005504;0.007878656;0.006443008;0.004668415999999999;0.005757952;0.006387711999999999;0.003782656;0.003767296;0.00178176;0.003165184;0.002172928;0.001757184;0.0017663999999999998;0.001040384;0.001572864;0.002300928;0.002666496;0.00200704;0.0014899199999999998;0.001583104;0.001572864;0.001251328;0.001007616;0.000632832;0.0008468480000000001;0.00091136;0.00054272;0.00059904;0.0007833599999999999;0.000867328;0.0005836799999999999;0.000349184;0.000380928;0.000468992;0.0005867520000000001;0.000484352;0.000316416;0.000411648;0.0005478400000000001;0.00047820800000000004;0.00034304
1788662700,hdr,0.0293;0.03906;0.04883;0.05859;0.06836;0.07813;0.08789;0.09766;0.10742;0.11719;0.12695;0.13672;0.14648;0.15625;0.16602;0.17578;0.18555;0.19531;0.20508;0.21484;0.22461;0.23438;0.24414;0.25391;0.26367;0.27344;0.2832;0.29297;0.30273;0.3125;0.32227;0.33203;0.3418;0.35156;0.36133;0.37109;0.38086;0.39063;0.40039;0.41016;0.41992;0.42969;0.43945;0.44922;0.45898;0.46875;0.47852;0.48828;0.49805;0.50781;0.51758;0.52734;0.53711;0.54688;0.55664;0.56641;0.57617;0.58594;0.5957;0.60547;0.61523;0.625;0.63477;0.64453;0.6543;0.66406;0.67383;0.68359;0.69336;0.70313;0.71289;0.72266;0.73242;0.74219;0.75195;0.76172;0.77148;0.78125;0.79102,0.00643072;0.014076928;0.007245824;0.004335616;0.015707136;0.008413183999999999;0.015776768;0.023266304;0.02962432;0.032579583999999995;0.0248576;0.013931520000000001;0.011147263999999999;0.011728896;0.029249536;0.050327552;0.03969024000000001;0.029279232;0.059523072;0.04438528;0.05687296;0.05364224;0.031599616000000004;0.023217151999999998;0.019609599999999998;0.017393664;0.017259519999999997;0.013154304;0.008552448;0.010696704;0.014925824;0.01211392;0.021740544;0.018248704;0.011126784;0.01147904;0.013344768;0.008569855999999999;0.008587263999999999;0.006019072;0.003915776;0.004732928;0.0063621120000000005;0.00632832;0.005660671999999999;0.0045475839999999995;0.003511296;0.002955264;0.0026071040000000003;0.001774592;0.001717248;0.00218112;0.0017152;0.0021248;0.002724864;0.002395136;0.001133568;0.0007229440000000001;0.0013035520000000001;0.000964608;0.0009021439999999999;0.0009973760000000001;0.0008192000000000001;0.0007833599999999999;0.001007616;0.00093696;0.0012001280000000002;0.000613376;0.000717824;0.0007280640000000001;0.00036147200000000005;0.0008222720000000001;0.0010250239999999998;0.000826368;0.000827392;0.00076288;0.0007495679999999999;0.000393216;0.000319488
1788663600,hdr,0.0293;0.03906;0.04883;0.05859;0.06836;0.07813;0.08789;0.09766;0.10742;0.11719;0.12695;0.13672;0.14648;0.15625;0.16602;0.17578;0.18555;0.19531;0.20508;0.21484;0.22461;0.23438;0.24414;0.25391;0.26367;0.27344;0.2832;0.29297;0.30273;0.3125;0.32227;0.33203;0.3418;0.35156;0.36133;0.37109;0.38086;0.39063;0.40039;0.41016;0.41992;0.42969;0.43945;0.44922;0.45898;0.46875;0.47852;0.48828;0.49805;0.50781;0.51758;0.52734;0.53711;0.54688;0.55664;0.56641;0.57617;0.58594;0.5957;0.60547;0.61523;0.625;0.63477;0.64453;0.6543;0.66406;0.67383;0.68359;0.69336;0.70313;0.71289;0.72266;0.73242;0.74219;0.75195;0.76172;0.77148;0.78125;0.79102,0.0032501760000000005;0.0045844480000000005;0.00269312;0.0031406079999999996;0.015415296;0.012448768;0.012507135999999999;0.027969536;0.027264;0.020205568;0.012816384;0.015123455999999999;0.014509056;0.019693567999999998;0.035058688;0.029919232;0.029933568;0.024911871999999998;0.025411584;0.032165888000000004;0.022893568;0.037373952;0.023703552;0.020987903999999998;0.018065408;0.01332736;0.012152832;0.009252864000000001;0.007693312;0.0075745280000000005;0.00754688;0.007219199999999999;0.009790464;0.009597952;0.007949312;0.011218944000000002;0.014014464;0.00546304;0.008291327999999999;0.00762368;0.005051392;0.0052142080000000006;0.004285440000000001;0.00323072;0.004267008;0.004172799999999999;0.003765248;0.002811904;0.004108288;0.003315712;0.002417664;0.0018524160000000002;0.0020101119999999997;0.002349056;0.002460672;0.00180224;0.002514944;0.001789952;0.0016291839999999999;0.0018135039999999999;0.0022978559999999996;0.001875968;0.001301504;0.001330176;0.000996352;0.0010803199999999998;0.00146944;0.0013568;0.001583104;0.0015943679999999999;0.001755136;0.00196096;0.001283072;0.001708032;0.0014499839999999999;0.000918528;0.001610752;0.00126976;0.0007219199999999999
1788664500,hdr,0.0293;0.03906;0.04883;0.05859;0.06836;0.07813;0.08789;0.09766;0.10742;0.11719;0.12695;0.13672;0.14648;0.15625;0.16602;0.17578;0.18555;0.19531;0.20508;0.21484;0.22461;0.23438;0.24414;0.25391;0.26367;0.27344;0.2832;0.29297;0.30273;0.3125;0.32227;0.33203;0.3418;0.35156;0.36133;0.37109;0.38086;0.39063;0.40039;0.41016;0.41992;0.42969;0.43945;0.44922;0.45898;0.46875;0.47852;0.48828;0.49805;0.50781;0.51758;0.52734;0.53711;0.54688;0.55664;0.56641;0.57617;0.58594;0.5957;0.60547;0.61523;0.625;0.63477;0.64453;0.6543;0.66406;0.67383;0.68359;0.69336;0.70313;0.71289;0.72266;0.73242;0.74219;0.75195;0.76172;0.77148;0.78125;0.79102,0.0056002560000000005;0.009851903999999998;0.010253312;0.00673792;0.009915392;0.010436608;0.008948736;0.021523456;0.036486144;0.023488512;0.015302656000000001;0.010285056;0.006588415999999999;0.016417791999999997;0.015712256;0.017959936;0.03523686399999999;0.033902591999999995;0.01931264;0.023343104;0.024306688000000003;0.037572608;0.037884928;0.039387135999999996;0.035741695999999996;0.015289344;0.010513408;0.00800768;0.006969344;0.008895488000000002;0.010420224;0.011307008;0.009836544;0.011696128;0.010556416;0.007799808;0.006763519999999999;0.008067072;0.00676864;0.005380095999999999;0.006761472000000001;0.006541312;0.005275648;0.005347328;0.005762048;0.005477375999999999;0.004885504;0.004448255999999999;0.004892672000000001;0.003401728;0.003001344;0.00334336;0.003721216;0.002811904;0.0023767040000000003;0.003412992;0.0050800640000000005;0.003565568;0.002034688;0.0020172799999999998;0.002131968;0.002661376;0.00251904;0.001936384;0.003248128;0.0030822400000000004;0.002642944;0.0039168;0.002840576;0.00200704;0.0026941440000000003;0.002368512;0.002234368;0.001929216;0.00193536;0.0019517439999999998;0.0017326079999999998;0.001328128;0.0012400640000000001
1788665400,hdr,0.0293;0.03906;0.04883;0.05859;0.06836;0.07813;0.08789;0.09766;0.10742;0.11719;0.12695;0.13672;0.14648;0.15625;0.16602;0.17578;0.18555;0.19531;0.20508;0.21484;0.22461;0.23438;0.24414;0.25391;0.26367;0.27344;0.2832;0.29297;0.30273;0.3125;0.32227;0.33203;0.3418;0.35156;0.36133;0.37109;0.38086;0.39063;0.40039;0.41016;0.41992;0.42969;0.43945;0.44922;0.45898;0.46875;0.47852;0.48828;0.49805;0.50781;0.51758;0.52734;0.53711;0.54688;0.55664;0.56641;0.57617;0.58594;0.5957;0.60547;0.61523;0.625;0.63477;0.64453;0.6543;0.66406;0.67383;0.68359;0.69336;0.70313;0.71289;0.72266;0.73242;0.74219;0.75195;0.76172;0.77148;0.78125;0.79102,0.005470208000000001;0.006780928;0.006105088000000001;0.010034176;0.024205312;0.005865472;0.0045373440000000004;0.015890432;0.016873471999999997;0.016569344;0.019062784;0.01499136;0.008519679999999998;0.014092288;0.01995776;0.024548352000000002;0.021154816;0.022792192;0.020381696;0.019812352;0.028036096;0.029648896;0.04013875199999999;0.024330240000000003;0.022711296000000002;0.020155392;0.017526784;0.0075745280000000005;0.008695808;0.006740992;0.005905408;0.008316928;0.010930176;0.007442432;0.0057999359999999995;0.009469951999999998;0.013369343999999998;0.00941056;0.009602048;0.011574272;0.008710144;0.006381567999999999;0.008502271999999998;0.008364031999999999;0.006165504;0.006279168000000001;0.007875584;0.008636416000000001;0.005761024;0.00498688;0.005020672;0.005392384;0.007404544;0.007700479999999999;0.003848192;0.0049285119999999995;0.006281215999999999;0.005494784000000001;0.004115456;0.006007808;0.007267328000000001;0.00553472;0.00334336;0.002840576;0.0039936;0.004419584000000001;0.0035276800000000005;0.0025989119999999997;0.002443264;0.002151424;0.0025835520000000002;0.00210944;0.002500608;0.00195072;0.00204288;0.002108416;0.001837056;0.001498112;0.001632256
1788666300,hdr,0.0293;0.03906;0.04883;0.05859;0.06836;0.07813;0.08789;0.09766;0.10742;0.11719;0.12695;0.13672;0.14648;0.15625;0.16602;0.17578;0.18555;0.19531;0.20508;0.21484;0.22461;0.23438;0.24414;0.25391;0.26367;0.27344;0.2832;0.29297;0.30273;0.3125;0.32227;0.33203;0.3418;0.35156;0.36133;0.37109;0.38086;0.39063;0.40039;0.41016;0.41992;0.42969;0.43945;0.44922;0.45898;0.46875;0.47852;0.48828;0.49805;0.50781;0.51758;0.52734;0.53711;0.54688;0.55664;0.56641;0.57617;0.58594;0.5957;0.60547;0.61523;0.625;0.63477;0.64453;0.6543;0.66406;0.67383;0.68359;0.69336;0.70313;0.71289;0.72266;0.73242;0.74219;0.75195;0.76172;0.77148;0.78125;0.79102,0.0018176000000000002;0.0123904;0.01547264;0.010211327999999999;0.01945088;0.012515328;0.011866112;0.019674112;0.017478656000000002;0.015415296;0.011781119999999999;0.012450815999999998;0.00691712;0.00948224;0.016345088;0.021105664;0.025116672000000003;0.021525504;0.020667392;0.020355072000000002;0.026812416;0.030454784;0.025358336000000002;0.027339776000000003;0.03469824;0.022301696;0.014589952000000002;0.016370688;0.00994816;0.0074301440000000005;0.006462464;0.008660992000000001;0.006779904000000001;0.00687104;0.008584192;0.008566784;0.005594112;0.009353216000000001;0.015783936000000002;0.0171008;0.010127359999999998;0.007947263999999999;0.008547328;0.005250047999999999;0.0049704960000000005;0.005986304;0.006087679999999999;0.006383616;0.00555008;0.00810496;0.007678976;0.007957504;0.008689664000000001;0.01046016;0.007653375999999999;0.008018944;0.005885951999999999;0.004388863999999999;0.006503424;0.007261184;0.004716544;0.00358912;0.0034375680000000002;0.004464640000000001;0.004284416;0.0041144319999999995;0.002679808;0.0028487680000000002;0.001744896;0.001649664;0.00169984;0.00239104;0.002185216;0.001968128;0.00206848;0.0020490240000000004;0.0017643519999999998;0.001476608;0.0015165439999999999
1788667200,hdr,0.0293;0.03906;0.04883;0.05859;0.06836;0.07813;0.08789;0.09766;0.10742;0.11719;0.12695;0.13672;0.14648;0.15625;0.16602;0.17578;0.18555;0.19531;0.20508;0.21484;0.22461;0.23438;0.24414;0.25391;0.26367;0.27344;0.2832;0.29297;0.30273;0.3125;0.32227;0.33203;0.3418;0.35156;0.36133;0.37109;0.38086;0.39063;0.40039;0.41016;0.41992;0.42969;0.43945;0.44922;0.45898;0.46875;0.47852;0.48828;0.49805;0.50781;0.51758;0.52734;0.53711;0.54688;0.55664;0.56641;0.57617;0.58594;0.5957;0.60547;0.61523;0.625;0.63477;0.64453;0.6543;0.66406;0.67383;0.68359;0.69336;0.70313;0.71289;0.72266;0.73242;0.74219;0.75195;0.76172;0.77148;0.78125;0.79102,0.001583104;0.004974592000000001;0.007727103999999999;0.005787648;0.007529472;0.007671808;0.011864064;0.020629504;0.016800768;0.010262528;0.013082624;0.007908352;0.004097024;0.00823808;0.011215872;0.016940032;0.02070016;0.024998912;0.0221952;0.018968575999999997;0.01682432;0.013705216000000001;0.022753279999999997;0.026150912000000002;0.024172543999999997;0.025739263999999998;0.018204671999999998;0.011794432;0.012921855999999999;0.009093120000000001;0.0058419200000000004;0.0074055679999999995;0.005823488;0.0086784;0.005842944;0.009960448;0.008617984;0.005690368;0.006342656;0.006707200000000001;0.0048732160000000005;0.0060139519999999995;0.01240064;0.011347967999999998;0.008942592;0.010600448;0.009984;0.009654272;0.008755200000000001;0.009010176;0.010560512;0.006779904000000001;0.006341632;0.007609344;0.005364736;0.004461567999999999;0.007749632;0.00677888;0.007055360000000001;0.004799488;0.003017728;0.003540992;0.003920896;0.00342016;0.0022732800000000004;0.001507328;0.0016435199999999999;0.0020838399999999996;0.00216576;0.0021985280000000004;0.00234496;0.002656256;0.002531328;0.0012318720000000002;0.000842752;0.001149952;0.0015616000000000002;0.0011243520000000001;0.001091584
1788668100,hdr,0.0293;0.03906;0.04883;0.05859;0.06836;0.07813;0.08789;0.09766;0.10742;0.11719;0.12695;0.13672;0.14648;0.15625;0.16602;0.17578;0.18555;0.19531;0.20508;0.21484;0.22461;0.23438;0.24414;0.25391;0.26367;0.27344;0.2832;0.29297;0.30273;0.3125;0.32227;0.33203;0.3418;0.35156;0.36133;0.37109;0.38086;0.39063;0.40039;0.41016;0.41992;0.42969;0.43945;0.44922;0.45898;0.46875;0.47852;0.48828;0.49805;0.50781;0.51758;0.52734;0.53711;0.54688;0.55664;0.56641;0.57617;0.58594;0.5957;0.60547;0.61523;0.625;0.63477;0.64453;0.6543;0.66406;0.67383;0.68359;0.69336;0.70313;0.71289;0.72266;0.73242;0.74219;0.75195;0.76172;0.77148;0.78125;0.79102,0.004326399999999999;0.007058432;0.008711168000000002;0.00841216;0.009187328000000002;0.010312703999999999;0.017910784;0.027319296000000003;0.025445376;0.031981568;0.019281919999999998;0.007836672000000001;0.007853055999999999;0.008466432;0.010968064;0.0175616;0.019451904;0.018802687999999998;0.01637888;0.012572672;0.014143488;0.02005504;0.03317657599999999;0.031618048;0.022832128;0.01632768;0.016088064;0.009024511999999998;0.01120256;0.010630144000000001;0.008614912;0.005844992;0.006796287999999999;0.0084992;0.006640640000000001;0.005898240000000001;0.00948736;0.008487936;0.012095488;0.010380288;0.011660287999999998;0.015095807999999999;0.01494528;0.011760640000000001;0.01089536;0.010650624;0.007354368;0.007773183999999999;0.005174272;0.005410816;0.008194048;0.006069247999999999;0.007349248000000001;0.008695808;0.010238975999999999;0.00498688;0.0032133120000000003;0.004696064;0.004846592;0.004139008;0.0034959360000000003;0.00477184;0.004413439999999999;0.0025210880000000003;0.0030904319999999997;0.003838976;0.003559424;0.002766848;0.0017848319999999999;0.001405952;0.001734656;0.001404928;0.001156096;0.000953344;0.0011161600000000002;0.0011243520000000001;0.001042432;0.0009594880000000001;0.001092608
1788669000,hdr,0.0293;0.03906;0.04883;0.05859;0.06836;0.07813;0.08789;0.09766;0.10742;0.11719;0.12695;0.13672;0.14648;0.15625;0.16602;0.17578;0.18555;0.19531;0.20508;0.21484;0.22461;0.23438;0.24414;0.25391;0.26367;0.27344;0.2832;0.29297;0.30273;0.3125;0.32227;0.33203;0.3418;0.35156;0.36133;0.37109;0.38086;0.39063;0.40039;0.41016;0.41992;0.42969;0.43945;0.44922;0.45898;0.46875;0.47852;0.48828;0.49805;0.50781;0.51758;0.52734;0.53711;0.54688;0.55664;0.56641;0.57617;0.58594;0.5957;0.60547;0.61523;0.625;0.63477;0.64453;0.6543;0.66406;0.67383;0.68359;0.69336;0.70313;0.71289;0.72266;0.73242;0.74219;0.75195;0.76172;0.77148;0.78125;0.79102,0.008064;0.010466303999999997;0.007427072;0.013855743999999998;0.02290688;0.007994368;0.009462784;0.032873472;0.041416704000000006;0.034456576;0.02235392;0.010029056;0.00531456;0.005629952000000001;0.007716864;0.00979456;0.016417791999999997;0.022469632;0.018791423999999998;0.014041088;0.013152256;0.024219648;0.026256384;0.014594048;0.016458752;0.021564416;0.013966336;0.011487232;0.011056127999999998;0.007467008;0.005385215999999999;0.010579967999999999;0.010555392;0.007808;0.005409792;0.004818944;0.008045568;0.016125952000000002;0.015797248;0.015112192000000002;0.017312768;0.014813184;0.011901951999999999;0.011553792;0.00734208;0.006489088;0.006535168;0.0070471679999999995;0.0056872960000000005;0.007731200000000001;0.005133312;0.003637248;0.0035072000000000002;0.0041564160000000005;0.005235712000000001;0.00292352;0.0032266240000000004;0.003417088;0.004259839999999999;0.00375296;0.0035860479999999997;0.0034385919999999994;0.0036884480000000004;0.0026419199999999994;0.001734656;0.002172928;0.002555904;0.0022640639999999997;0.0019466239999999999;0.00138752;0.0010475520000000002;0.0010209280000000002;0.0009359360000000001;0.001082368;0.0011776;0.0013557760000000002;0.001675264;0.0015851519999999998;0.001371136
1788669900,hdr,0.0293;0.03906;0.04883;0.05859;0.06836;0.07813;0.08789;0.09766;0.10742;0.11719;0.12695;0.13672;0.14648;0.15625;0.16602;0.17578;0.18555;0.19531;0.20508;0.21484;0.22461;0.23438;0.24414;0.25391;0.26367;0.27344;0.2832;0.29297;0.30273;0.3125;0.32227;0.33203;0.3418;0.35156;0.36133;0.37109;0.38086;0.39063;0.40039;0.41016;0.41992;0.42969;0.43945;0.44922;0.45898;0.46875;0.47852;0.48828;0.49805;0.50781;0.51758;0.52734;0.53711;0.54688;0.55664;0.56641;0.57617;0.58594;0.5957;0.60547;0.61523;0.625;0.63477;0.64453;0.6543;0.66406;0.67383;0.68359;0.69336;0.70313;0.71289;0.72266;0.73242;0.74219;0.75195;0.76172;0.77148;0.78125;0.79102,0.0076288;0.019430399999999997;0.015374335999999999;0.012767232;0.022108159999999998;0.020176896;0.015331328;0.035323904;0.029405183999999997;0.017242111999999997;0.017650687999999998;0.010267647999999999;0.008807424;0.004996095999999999;0.00678912;0.011723776000000002;0.016195584000000002;0.010620928;0.017362943999999998;0.016080895999999997;0.015188992;0.015363072;0.020059135999999998;0.027138048;0.018681856;0.018650112;0.01661952;0.010976256;0.012194815999999999;0.008207359999999999;0.005757952;0.005204992;0.004859904000000001;0.005251072;0.00560128;0.004368384;0.004742143999999999;0.005270527999999999;0.005960704;0.008064;0.011792384;0.009371648000000002;0.008881152;0.008315904;0.008619008;0.009264127999999998;0.013244415999999998;0.007902207999999999;0.006957056;0.007701504;0.007870464;0.004881408;0.004012032;0.0033146879999999997;0.00398336;0.004727808;0.004307968;0.003454976;0.004081664;0.002791424;0.001668096;0.001707008;0.002465792;0.0018278399999999998;0.0017326079999999998;0.002956288;0.0023552;0.0026286079999999997;0.0023592960000000003;0.0015656959999999999;0.001243136;0.0011468799999999999;0.001232896;0.0008591359999999999;0.00098816;0.00137216;0.0011694079999999998;0.0008704;0.000791552
1788670800,hdr,0.0293;0.03906;0.04883;0.05859;0.06836;0.07813;0.08789;0.09766;0.10742;0.11719;0.12695;0.13672;0.14648;0.15625;0.16602;0.17578;0.18555;0.19531;0.20508;0.21484;0.22461;0.23438;0.24414;0.25391;0.26367;0.27344;0.2832;0.29297;0.30273;0.3125;0.32227;0.33203;0.3418;0.35156;0.36133;0.37109;0.38086;0.39063;0.40039;0.41016;0.41992;0.42969;0.43945;0.44922;0.45898;0.46875;0.47852;0.48828;0.49805;0.50781;0.51758;0.52734;0.53711;0.54688;0.55664;0.56641;0.57617;0.58594;0.5957;0.60547;0.61523;0.625;0.63477;0.64453;0.6543;0.66406;0.67383;0.68359;0.69336;0.70313;0.71289;0.72266;0.73242;0.74219;0.75195;0.76172;0.77148;0.78125;0.79102,0.003936256;0.006246400000000001;0.004855808;0.00619008;0.007102464;0.007588864000000001;0.018335743999999998;0.031038463999999998;0.025201664000000002;0.034231296;0.032236544;0.010070016000000001;0.007519232;0.009437184000000001;0.009802752;0.008621055999999998;0.015321088;0.013012992000000001;0.012350464;0.010943488000000001;0.012601343999999999;0.019836928;0.030038016;0.020978688;0.010579967999999999;0.011204608;0.014327808;0.017162240000000002;0.009038848;0.0037683200000000003;0.005011456;0.005385215999999999;0.00400384;0.0035399679999999997;0.005315584000000001;0.004926464;0.0042137599999999996;0.0035061759999999997;0.002673664;0.005577727999999999;0.00861184;0.00936448;0.004422656;0.005090304;0.006779904000000001;0.009133056;0.008425472;0.0070123519999999995;0.008187904;0.007611392000000001;0.006073344;0.003535872;0.0035072000000000002;0.00268288;0.0021944319999999996;0.00257024;0.00244736;0.002603008;0.00268288;0.001839104;0.0022937599999999997;0.002096128;0.002102272;0.001490944;0.001989632;0.001795072;0.001345536;0.0016435199999999999;0.002387968;0.001875968;0.00113152;0.0011673599999999999;0.000953344;0.0008304639999999999;0.001221632;0.0011243520000000001;0.000758784;0.0008222720000000001;0.000617472
1788671700,hdr,0.0293;0.03906;0.04883;0.05859;0.06836;0.07813;0.08789;0.09766;0.10742;0.11719;0.12695;0.13672;0.14648;0.15625;0.16602;0.17578;0.18555;0.19531;0.20508;0.21484;0.22461;0.23438;0.24414;0.25391;0.26367;0.27344;0.2832;0.29297;0.30273;0.3125;0.32227;0.33203;0.3418;0.35156;0.36133;0.37109;0.38086;0.39063;0.40039;0.41016;0.41992;0.42969;0.43945;0.44922;0.45898;0.46875;0.47852;0.48828;0.49805;0.50781;0.51758;0.52734;0.53711;0.54688;0.55664;0.56641;0.57617;0.58594;0.5957;0.60547;0.61523;0.625;0.63477;0.64453;0.6543;0.66406;0.67383;0.68359;0.69336;0.70313;0.71289;0.72266;0.73242;0.74219;0.75195;0.76172;0.77148;0.78125;0.79102,0.003790848;0.006493184;0.006697984000000001;0.00836608;0.010805248000000002;0.009748480000000002;0.020072448;0.042342399999999995;0.039517184000000004;0.028567552;0.019473408;0.011429888000000001;0.004502528;0.007074815999999999;0.013157376;0.0180736;0.022371328;0.034178047999999996;0.019537919999999997;0.015222784000000001;0.016138239999999998;0.011375616;0.010083327999999999;0.014114815999999999;0.017251328;0.016915456;0.018758656;0.013431808000000002;0.00978944;0.005896192;0.005491711999999999;0.00623104;0.00671232;0.00553984;0.004426751999999999;0.0021268479999999998;0.005817344;0.005438464;0.0038062079999999997;0.006523904;0.005372928;0.0058521599999999995;0.00678912;0.006094848;0.007502848;0.005999616;0.00707584;0.00944128;0.004921344;0.004058112000000001;0.004932608;0.0037304319999999997;0.0044451840000000005;0.0054538239999999995;0.0052019200000000005;0.004815872;0.0034078719999999997;0.00273408;0.00335872;0.004399104;0.00393728;0.002197504;0.0028487680000000002;0.002127872;0.001975296;0.00192;0.001795072;0.001580032;0.0017807360000000002;0.0017858560000000002;0.0009912319999999999;0.000766976;0.0009256959999999999;0.0012728319999999998;0.0008366080000000001;0.000891904;0.000852992;0.000720896;0.0010086399999999999
1788672600,hdr,0.0293;0.03906;0.04883;0.05859;0.06836;0.07813;0.08789;0.09766;0.10742;0.11719;0.12695;0.13672;0.14648;0.15625;0.16602;0.17578;0.18555;0.19531;0.20508;0.21484;0.22461;0.23438;0.24414;0.25391;0.26367;0.27344;0.2832;0.29297;0.30273;0.3125;0.32227;0.33203;0.3418;0.35156;0.36133;0.37109;0.38086;0.39063;0.40039;0.41016;0.41992;0.42969;0.43945;0.44922;0.45898;0.46875;0.47852;0.48828;0.49805;0.50781;0.51758;0.52734;0.53711;0.54688;0.55664;0.56641;0.57617;0.58594;0.5957;0.60547;0.61523;0.625;0.63477;0.64453;0.6543;0.66406;0.67383;0.68359;0.69336;0.70313;0.71289;0.72266;0.73242;0.74219;0.75195;0.76172;0.77148;0.78125;0.79102,0.0019496960000000001;0.003674112;0.007493631999999999;0.0073932799999999995;0.014414848;0.014406655999999999;0.02503168;0.03467366400000001;0.020635648;0.022246400000000003;0.0198656;0.021172224;0.01319936;0.008896511999999999;0.0071362560000000005;0.01048576;0.013466624;0.009368575999999998;0.01150976;0.00836096;0.008304639999999999;0.010755072000000001;0.014383103999999999;0.011132928;0.011396096;0.010170368;0.010835968;0.010392576;0.009947136;0.011194368;0.009278464;0.005088256;0.005405696;0.00679936;0.0047636480000000005;0.004104192;0.0044902399999999995;0.0032532480000000003;0.00326144;0.004661248;0.004974592000000001;0.006023168;0.006263808;0.004844544;0.004356095999999999;0.005456896000000001;0.008498176000000001;0.007640063999999999;0.0047810560000000005;0.002527232;0.004000768;0.0069898239999999995;0.005136384;0.003610624;0.002936832;0.002231296;0.002399232;0.003434496;0.003513344;0.0027852800000000002;0.0025077759999999998;0.0023592960000000003;0.002167808;0.002014208;0.001426432;0.001286144;0.002006016;0.0017725439999999998;0.002096128;0.0016302080000000002;0.0011960319999999999;0.001385472;0.0013260799999999999;0.001067008;0.000805888;0.000872448;0.0009768959999999999;0.00109056;0.00104448
1788673500,hdr,0.0293;0.03906;0.04883;0.05859;0.06836;0.07813;0.08789;0.09766;0.10742;0.11719;0.12695;0.13672;0.14648;0.15625;0.16602;0.17578;0.18555;0.19531;0.20508;0.21484;0.22461;0.23438;0.24414;0.25391;0.26367;0.27344;0.2832;0.29297;0.30273;0.3125;0.32227;0.33203;0.3418;0.35156;0.36133;0.37109;0.38086;0.39063;0.40039;0.41016;0.41992;0.42969;0.43945;0.44922;0.45898;0.46875;0.47852;0.48828;0.49805;0.50781;0.51758;0.52734;0.53711;0.54688;0.55664;0.56641;0.57617;0.58594;0.5957;0.60547;0.61523;0.625;0.63477;0.64453;0.6543;0.66406;0.67383;0.68359;0.69336;0.70313;0.71289;0.72266;0.73242;0.74219;0.75195;0.76172;0.77148;0.78125;0.79102,0.009015295999999999;0.014516224;0.005811200000000001;0.00396288;0.007560192;0.0042536959999999995;0.01189888;0.026615808;0.032812032;0.036968448;0.025880576000000002;0.015742976000000002;0.009310207999999999;0.007329792000000001;0.010462208;0.009132032000000002;0.014352384;0.012070912;0.007938048;0.011873279999999998;0.00990208;0.009113600000000001;0.014921727999999999;0.011737088;0.009621504;0.014764032000000002;0.012428288000000001;0.017005568;0.012514304;0.008472576;0.007471104;0.0043182080000000005;0.003576832;0.004879360000000001;0.004205568;0.0044677119999999996;0.003856384;0.003373056;0.002931712;0.003428352;0.004217856000000001;0.004296704;0.003796992;0.004493312000000001;0.006332416;0.006725632;0.0036730879999999997;0.004028416;0.0037765119999999997;0.002729984;0.0025364479999999997;0.0024084479999999997;0.001999872;0.002829312;0.003634176;0.0036270079999999997;0.004323328;0.004896768;0.003514368;0.00278016;0.001790976;0.001907712;0.0022568959999999996;0.002331648;0.0016435199999999999;0.001835008;0.001664;0.0014530559999999999;0.0017971200000000001;0.00198656;0.0023429120000000004;0.002234368;0.002023424;0.001536;0.001509376;0.001337344;0.001741824;0.0016435199999999999;0.0013946879999999998
1788674400,hdr,0.0293;0.03906;0.04883;0.05859;0.06836;0.07813;0.08789;0.09766;0.10742;0.11719;0.12695;0.13672;0.14648;0.15625;0.16602;0.17578;0.18555;0.19531;0.20508;0.21484;0.22461;0.23438;0.24414;0.25391;0.26367;0.27344;0.2832;0.29297;0.30273;0.3125;0.32227;0.33203;0.3418;0.35156;0.36133;0.37109;0.38086;0.39063;0.40039;0.41016;0.41992;0.42969;0.43945;0.44922;0.45898;0.46875;0.47852;0.48828;0.49805;0.50781;0.51758;0.52734;0.53711;0.54688;0.55664;0.56641;0.57617;0.58594;0.5957;0.60547;0.61523;0.625;0.63477;0.64453;0.6543;0.66406;0.67383;0.68359;0.69336;0.70313;0.71289;0.72266;0.73242;0.74219;0.75195;0.76172;0.77148;0.78125;0.79102,0.004007936;0.008699904;0.009953279999999998;0.007887871999999999;0.006202368;0.013838336;0.036573184;0.056497152;0.044978176;0.04852838400000001;0.030657536;0.02264064;0.008845312;0.0075776;0.011576320000000001;0.011699199999999998;0.011705344000000001;0.00923648;0.00784896;0.012599296;0.013824;0.014221312;0.017141760000000002;0.014664703999999999;0.00956928;0.009545728000000002;0.012805120000000001;0.011588608;0.012432384;0.007921664;0.008022016;0.007658496;0.009575423999999999;0.008318975999999999;0.0053442559999999995;0.006575103999999999;0.0064665600000000005;0.003900416;0.004995072;0.00415744;0.0039321600000000005;0.005091327999999999;0.003224576;0.00317952;0.005384192;0.006142976;0.00636928;0.006486016000000001;0.005385215999999999;0.005458943999999999;0.004187135999999999;0.0027658239999999996;0.0022097920000000004;0.0017971200000000001;0.001409024;0.0017479680000000001;0.00242688;0.002225152;0.002260992;0.002051072;0.0012625919999999999;0.001557504;0.0020254720000000004;0.0018042879999999998;0.001329152;0.0013824;0.00122368;0.001519616;0.002440192;0.002322432;0.001846272;0.00138752;0.001281024;0.001537024;0.0014581759999999998;0.0010598399999999998;0.001636352;0.0016650240000000002;0.001359872
1788675300,hdr,0.0293;0.03906;0.04883;0.05859;0.06836;0.07813;0.08789;0.09766;0.10742;0.11719;0.12695;0.13672;0.14648;0.15625;0.16602;0.17578;0.18555;0.19531;0.20508;0.21484;0.22461;0.23438;0.24414;0.25391;0.26367;0.27344;0.2832;0.29297;0.30273;0.3125;0.32227;0.33203;0.3418;0.35156;0.36133;0.37109;0.38086;0.39063;0.40039;0.41016;0.41992;0.42969;0.43945;0.44922;0.45898;0.46875;0.47852;0.48828;0.49805;0.50781;0.51758;0.52734;0.53711;0.54688;0.55664;0.56641;0.57617;0.58594;0.5957;0.60547;0.61523;0.625;0.63477;0.64453;0.6543;0.66406;0.67383;0.68359;0.69336;0.70313;0.71289;0.72266;0.73242;0.74219;0.75195;0.76172;0.77148;0.78125;0.79102,0.007876608;0.013546496;0.014741504;0.011664384;0.00936448;0.01007616;0.023839744;0.038811648000000004;0.035777536;0.03804979199999999;0.042399743999999996;0.020805631999999998;0.008650752000000001;0.008774656;0.009103360000000001;0.004989951999999999;0.00982016;0.01588736;0.015182848;0.014806016;0.012455935999999999;0.012079103999999998;0.017489920000000003;0.017097728;0.017632256000000002;0.017775615999999998;0.01363968;0.008253439999999999;0.0069898239999999995;0.010398720000000002;0.011768832;0.010646528;0.009943039999999998;0.007842815999999999;0.004603904000000001;0.0031815679999999996;0.0027658239999999996;0.003810304;0.003653632;0.0049704960000000005;0.005281792;0.0049633279999999995;0.006295551999999999;0.006807552000000001;0.009194496;0.0070543360000000005;0.003934208;0.004342784;0.005496832;0.0042035200000000005;0.0032256;0.0034867200000000004;0.004603904000000001;0.0028723200000000003;0.003997696;0.003427328;0.002811904;0.00253952;0.003621888;0.0036311040000000004;0.0017602560000000002;0.0017336320000000001;0.002568192;0.002117632;0.00180736;0.0013783040000000001;0.001675264;0.0015390719999999998;0.002210816;0.002117632;0.0022640639999999997;0.001588224;0.001234944;0.0012288;0.001242112;0.0010496000000000001;0.001985536;0.002596864;0.0026449919999999997
1788676200,hdr,0.0293;0.03906;0.04883;0.05859;0.06836;0.07813;0.08789;0.09766;0.10742;0.11719;0.12695;0.13672;0.14648;0.15625;0.16602;0.17578;0.18555;0.19531;0.20508;0.21484;0.22461;0.23438;0.24414;0.25391;0.26367;0.27344;0.2832;0.29297;0.30273;0.3125;0.32227;0.33203;0.3418;0.35156;0.36133;0.37109;0.38086;0.39063;0.40039;0.41016;0.41992;0.42969;0.43945;0.44922;0.45898;0.46875;0.47852;0.48828;0.49805;0.50781;0.51758;0.52734;0.53711;0.54688;0.55664;0.56641;0.57617;0.58594;0.5957;0.60547;0.61523;0.625;0.63477;0.64453;0.6543;0.66406;0.67383;0.68359;0.69336;0.70313;0.71289;0.72266;0.73242;0.74219;0.75195;0.76172;0.77148;0.78125;0.79102,0.004315136;0.00609792;0.008455167999999999;0.010164224;0.013856768;0.011815936;0.035049472;0.052516864;0.049017856;0.042594304000000006;0.050556928;0.028038144;0.009583616;0.005793792;0.004040704;0.00833024;0.01344512;0.013223936;0.013334528;0.014472191999999998;0.013181952000000002;0.00884736;0.013779968;0.015588352000000001;0.02422784;0.010725376;0.011993087999999999;0.014586880000000002;0.010003456;0.013658112;0.012242943999999999;0.012934144;0.014072832;0.006329344;0.00479232;0.005945344;0.00503808;0.007179264;0.007219199999999999;0.004481023999999999;0.004887552000000001;0.006710272;0.009748480000000002;0.009033728;0.006638592;0.004615167999999999;0.0046469120000000004;0.0028764159999999997;0.003076096;0.0043161599999999994;0.004486144;0.003854336;0.0040867839999999996;0.00331264;0.0029419520000000003;0.002762752;0.002527232;0.0021452800000000003;0.001744896;0.0029306880000000003;0.002927616;0.0029992960000000003;0.0030914560000000002;0.001475584;0.001796096;0.0018687999999999999;0.001670144;0.0009584639999999999;0.0016916480000000002;0.0017735679999999999;0.001552384;0.001381376;0.001122304;0.0008212479999999999;0.001084416;0.0013578239999999999;0.001325056;0.0027740160000000002;0.001990656
1788677100,hdr,0.0293;0.03906;0.04883;0.05859;0.06836;0.07813;0.08789;0.09766;0.10742;0.11719;0.12695;0.13672;0.14648;0.15625;0.16602;0.17578;0.18555;0.19531;0.20508;0.21484;0.22461;0.23438;0.24414;0.25391;0.26367;0.27344;0.2832;0.29297;0.30273;0.3125;0.32227;0.33203;0.3418;0.35156;0.36133;0.37109;0.38086;0.39063;0.40039;0.41016;0.41992;0.42969;0.43945;0.44922;0.45898;0.46875;0.47852;0.48828;0.49805;0.50781;0.51758;0.52734;0.53711;0.54688;0.55664;0.56641;0.57617;0.58594;0.5957;0.60547;0.61523;0.625;0.63477;0.64453;0.6543;0.66406;0.67383;0.68359;0.69336;0.70313;0.71289;0.72266;0.73242;0.74219;0.75195;0.76172;0.77148;0.78125;0.79102,0.0022353919999999997;0.004649983999999999;0.0027842559999999997;0.0054538239999999995;0.007357440000000001;0.003510272;0.011281408000000001;0.031924224;0.031870975999999995;0.028012543999999997;0.033075200000000006;0.016726016;0.006729728;0.006528;0.005993472;0.006887424;0.017087488;0.023860224;0.01438208;0.0102144;0.009135104;0.016795648;0.017956864;0.01857024;0.02357248;0.018223104;0.019616768;0.019018752;0.012025856;0.012944384;0.009339904000000001;0.010492928;0.009217023999999999;0.007528448;0.006912;0.008956928;0.008753152;0.0076615680000000005;0.005686272;0.009216;0.007618560000000001;0.0054016;0.007845888;0.007600127999999999;0.005610496;0.005972991999999999;0.006006783999999999;0.003694592;0.002829312;0.0036474880000000004;0.004936704;0.004278272;0.004533248;0.002243584;0.002501632;0.0034918399999999995;0.0039649279999999995;0.003444736;0.0035205120000000004;0.003723264;0.004225024;0.002280448;0.0020398079999999997;0.0024739840000000003;0.001975296;0.002277376;0.0028436480000000003;0.0030914560000000002;0.0035778560000000004;0.0017561599999999999;0.0015390719999999998;0.002014208;0.002262016;0.001523712;0.001284096;0.001672192;0.001731584;0.001374208;0.0011407359999999998
1788678000,hdr,0.0293;0.03906;0.04883;0.05859;0.06836;0.07813;0.08789;0.09766;0.10742;0.11719;0.12695;0.13672;0.14648;0.15625;0.16602;0.17578;0.18555;0.19531;0.20508;0.21484;0.22461;0.23438;0.24414;0.25391;0.26367;0.27344;0.2832;0.29297;0.30273;0.3125;0.32227;0.33203;0.3418;0.35156;0.36133;0.37109;0.38086;0.39063;0.40039;0.41016;0.41992;0.42969;0.43945;0.44922;0.45898;0.46875;0.47852;0.48828;0.49805;0.50781;0.51758;0.52734;0.53711;0.54688;0.55664;0.56641;0.57617;0.58594;0.5957;0.60547;0.61523;0.625;0.63477;0.64453;0.6543;0.66406;0.67383;0.68359;0.69336;0.70313;0.71289;0.72266;0.73242;0.74219;0.75195;0.76172;0.77148;0.78125;0.79102,0.002505728;0.0032511999999999997;0.0024719359999999997;0.0038430719999999995;0.010094592000000001;0.00982016;0.030061568000000004;0.045341695999999994;0.040570880000000004;0.02830848;0.015280127999999999;0.022192128000000002;0.017384448;0.010354688;0.0061255680000000005;0.010139648;0.01464832;0.022562816000000003;0.025111552;0.018972672;0.011990016000000001;0.014440448;0.019403776;0.014343168;0.014942208;0.018197503999999996;0.013508608;0.014320639999999999;0.015305728000000001;0.013422592;0.008336384;0.009128959999999998;0.012556288;0.010718208;0.011669503999999999;0.010338304;0.008361984000000001;0.008243200000000001;0.006825984;0.010652672;0.00821248;0.005313536;0.0057968640000000005;0.009632768;0.008578048000000001;0.005036031999999999;0.0023019520000000003;0.003574784;0.004581375999999999;0.005417984;0.004713472000000001;0.002890752;0.003951616;0.004726784;0.002551808;0.002131968;0.0022067199999999997;0.00386048;0.003121152;0.002801664;0.003211264;0.001956864;0.00169472;0.0023889920000000004;0.0033884159999999996;0.00320512;0.0021821440000000004;0.0023111679999999997;0.0016906239999999997;0.001165312;0.001056768;0.0011417600000000001;0.001564672;0.0015226880000000001;0.001209344;0.0010936319999999998;0.001590272;0.0011233280000000003;0.0010209280000000002
1788678900,hdr,0.0293;0.03906;0.04883;0.05859;0.06836;0.07813;0.08789;0.09766;0.10742;0.11719;0.12695;0.13672;0.14648;0.15625;0.16602;0.17578;0.18555;0.19531;0.20508;0.21484;0.22461;0.23438;0.24414;0.25391;0.26367;0.27344;0.2832;0.29297;0.30273;0.3125;0.32227;0.33203;0.3418;0.35156;0.36133;0.37109;0.38086;0.39063;0.40039;0.41016;0.41992;0.42969;0.43945;0.44922;0.45898;0.46875;0.47852;0.48828;0.49805;0.50781;0.51758;0.52734;0.53711;0.54688;0.55664;0.56641;0.57617;0.58594;0.5957;0.60547;0.61523;0.625;0.63477;0.64453;0.6543;0.66406;0.67383;0.68359;0.69336;0.70313;0.71289;0.72266;0.73242;0.74219;0.75195;0.76172;0.77148;0.78125;0.79102,0.003966976;0.009248768;0.009857023999999999;0.007573504;0.011646976;0.012381184;0.031813631999999994;0.06230937600000001;0.060667904;0.041996288;0.034524160000000005;0.02804736;0.014816256;0.008042496;0.009154559999999999;0.009862144;0.010986496000000002;0.014655488;0.017154047999999998;0.016887808;0.009490432;0.0241152;0.027894784;0.022401024000000002;0.020857856000000004;0.021981183999999997;0.023732224;0.014010368;0.010640384;0.01086464;0.014741504;0.0128512;0.010450944;0.007762944000000001;0.00714752;0.00979456;0.015591424;0.011455488000000002;0.009039872000000001;0.011235328000000001;0.011053056;0.008956928;0.006981632000000001;0.007079935999999999;0.008335359999999998;0.007345152;0.004032511999999999;0.0035471359999999998;0.0052121599999999995;0.0063621120000000005;0.005869568;0.00342016;0.003555328;0.003248128;0.0031088640000000002;0.0024576;0.002633728;0.003187712;0.00321536;0.0035205120000000004;0.0032266240000000004;0.002417664;0.0023203839999999996;0.00311296;0.002046976;0.001934336;0.0016066560000000001;0.001513472;0.0018421759999999998;0.00167424;0.00154624;0.0010680320000000002;0.00096768;0.0011837439999999998;0.001069056;0.00081408;0.00092672;0.00067584;0.0009349119999999999
1788679800,hdr,0.0293;0.03906;0.04883;0.05859;0.06836;0.07813;0.08789;0.09766;0.10742;0.11719;0.12695;0.13672;0.14648;0.15625;0.16602;0.17578;0.18555;0.19531;0.20508;0.21484;0.22461;0.23438;0.24414;0.25391;0.26367;0.27344;0.2832;0.29297;0.30273;0.3125;0.32227;0.33203;0.3418;0.35156;0.36133;0.37109;0.38086;0.39063;0.40039;0.41016;0.41992;0.42969;0.43945;0.44922;0.45898;0.46875;0.47852;0.48828;0.49805;0.50781;0.51758;0.52734;0.53711;0.54688;0.55664;0.56641;0.57617;0.58594;0.5957;0.60547;0.61523;0.625;0.63477;0.64453;0.6543;0.66406;0.67383;0.68359;0.69336;0.70313;0.71289;0.72266;0.73242;0.74219;0.75195;0.76172;0.77148;0.78125;0.79102,0.001455104;0.00209408;0.005268480000000001;0.010469376;0.013583360000000001;0.004325376000000001;0.012672;0.050579455999999995;0.098629632;0.067419136;0.03278848;0.024420352000000003;0.014508031999999999;0.008945664;0.0069273600000000005;0.005320704;0.01048576;0.015990784;0.011744256;0.018618368;0.020707328;0.017297408;0.018546688;0.019182592000000002;0.023651328;0.029682688;0.022258688;0.013463552;0.016861184;0.018168832;0.010616832;0.008952832;0.007816192;0.008994816000000001;0.004685824000000001;0.008933376;0.011782144;0.009349119999999999;0.012919808;0.010338304;0.00566272;0.008500224;0.0075264;0.00453632;0.004211712;0.003279872;0.004936704;0.005423104000000001;0.005190656;0.00320512;0.003943424;0.0029839359999999995;0.0023439359999999996;0.004386816;0.005736448;0.004038656;0.002837504;0.002936832;0.0033310719999999996;0.0038174719999999997;0.002527232;0.0015892480000000001;0.002881536;0.003239936;0.00273408;0.002020352;0.0010178560000000001;0.000726016;0.001048576;0.001457152;0.00170496;0.001275904;0.001222656;0.0011427840000000002;0.001229824;0.001251328;0.000764928;0.0007116799999999999;0.000723968
1788680700,hdr,0.0293;0.03906;0.04883;0.05859;0.06836;0.07813;0.08789;0.09766;0.10742;0.11719;0.12695;0.13672;0.14648;0.15625;0.16602;0.17578;0.18555;0.19531;0.20508;0.21484;0.22461;0.23438;0.24414;0.25391;0.26367;0.27344;0.2832;0.29297;0.30273;0.3125;0.32227;0.33203;0.3418;0.35156;0.36133;0.37109;0.38086;0.39063;0.40039;0.41016;0.41992;0.42969;0.43945;0.44922;0.45898;0.46875;0.47852;0.48828;0.49805;0.50781;0.51758;0.52734;0.53711;0.54688;0.55664;0.56641;0.57617;0.58594;0.5957;0.60547;0.61523;0.625;0.63477;0.64453;0.6543;0.66406;0.67383;0.68359;0.69336;0.70313;0.71289;0.72266;0.73242;0.74219;0.75195;0.76172;0.77148;0.78125;0.79102,0.005095424;0.005627904;0.007117824;0.007497728;0.024761344;0.01272832;0.024545280000000003;0.06650265600000001;0.085808128;0.056728575999999996;0.023811072;0.029568;0.011462656000000002;0.006458368000000001;0.008032256;0.009227263999999999;0.010029056;0.012648448;0.018725888000000003;0.027938815999999998;0.031526912;0.02233344;0.018646015999999998;0.02674688;0.03757568;0.031342592;0.033158144;0.029627392;0.012105728;0.010274815999999999;0.011943936000000002;0.008573952000000001;0.005762048;0.0064194560000000005;0.009936896;0.012011520000000001;0.008592384;0.005634048;0.004772864000000001;0.005051392;0.007599104;0.006788096;0.0068751360000000004;0.0061829120000000005;0.004217856000000001;0.004905984;0.00377856;0.00468992;0.004301823999999999;0.004272128000000001;0.00367616;0.004446208000000001;0.005336064000000001;0.002844672;0.002061312;0.0025835520000000002;0.005023743999999999;0.004593664000000001;0.0027320319999999997;0.003129344;0.0020910079999999997;0.002914304;0.0024371200000000005;0.0023132160000000003;0.002212864;0.0019650559999999997;0.0016906239999999997;0.0017930239999999998;0.0020244480000000003;0.0013639680000000001;0.001373184;0.001430528;0.0014028799999999998;0.001149952;0.000730112;0.000897024;0.001086464;0.001286144;0.001527808
1788681600,hdr,0.0293;0.03906;0.04883;0.05859;0.06836;0.07813;0.08789;0.09766;0.10742;0.11719;0.12695;0.13672;0.14648;0.15625;0.16602;0.17578;0.18555;0.19531;0.20508;0.21484;0.22461;0.23438;0.24414;0.25391;0.26367;0.27344;0.2832;0.29297;0.30273;0.3125;0.32227;0.33203;0.3418;0.35156;0.36133;0.37109;0.38086;0.39063;0.40039;0.41016;0.41992;0.42969;0.43945;0.44922;0.45898;0.46875;0.47852;0.48828;0.49805;0.50781;0.51758;0.52734;0.53711;0.54688;0.55664;0.56641;0.57617;0.58594;0.5957;0.60547;0.61523;0.625;0.63477;0.64453;0.6543;0.66406;0.67383;0.68359;0.69336;0.70313;0.71289;0.72266;0.73242;0.74219;0.75195;0.76172;0.77148;0.78125;0.79102,0.007801855999999999;0.007915519999999999;0.010628096;0.007945216;0.012297216;0.013175807999999999;0.02566656;0.069122048;0.06593740800000002;0.09486848;0.045481983999999996;0.03648;0.026891263999999998;0.013438976;0.004672512;0.004337664;0.005311488;0.017529856;0.03449856;0.028828672000000003;0.01032192;0.011383808;0.014227456;0.018355200000000002;0.023458816;0.024813567999999998;0.019220479999999998;0.0181504;0.021210111999999996;0.01984;0.015240192000000001;0.014441472;0.007792639999999999;0.011333632;0.00867328;0.006332416;0.005588992;0.006391808;0.004307968;0.00639488;0.010681343999999999;0.00815104;0.006792192;0.004976639999999999;0.005872639999999999;0.005262336;0.003959808;0.0039649279999999995;0.002741248;0.0018687999999999999;0.0026234879999999998;0.003366912;0.0036157439999999997;0.004989951999999999;0.004220928;0.004110336;0.004911104;0.005264384;0.003239936;0.0023767040000000003;0.0021452800000000003;0.001956864;0.002658304;0.002787328;0.002569216;0.0025262080000000003;0.002919424;0.002868224;0.002700288;0.0023234560000000002;0.001593344;0.001830912;0.001403904;0.0017121280000000003;0.001769472;0.0015677439999999998;0.0009287680000000001;0.000854016;0.001184768
1788682500,hdr,0.0293;0.03906;0.04883;0.05859;0.06836;0.07813;0.08789;0.09766;0.10742;0.11719;0.12695;0.13672;0.14648;0.15625;0.16602;0.17578;0.18555;0.19531;0.20508;0.21484;0.22461;0.23438;0.24414;0.25391;0.26367;0.27344;0.2832;0.29297;0.30273;0.3125;0.32227;0.33203;0.3418;0.35156;0.36133;0.37109;0.38086;0.39063;0.40039;0.41016;0.41992;0.42969;0.43945;0.44922;0.45898;0.46875;0.47852;0.48828;0.49805;0.50781;0.51758;0.52734;0.53711;0.54688;0.55664;0.56641;0.57617;0.58594;0.5957;0.60547;0.61523;0.625;0.63477;0.64453;0.6543;0.66406;0.67383;0.68359;0.69336;0.70313;0.71289;0.72266;0.73242;0.74219;0.75195;0.76172;0.77148;0.78125;0.79102,0.008035328;0.00732672;0.007656448000000001;0.012255232;0.018816;0.0130816;0.028232703999999997;0.063471616;0.07617024;0.058692608;0.028574719999999998;0.0170496;0.018738176;0.01284096;0.005579776;0.006415359999999999;0.0069273600000000005;0.010119168;0.021494784;0.023068672;0.020941824;0.018453503999999996;0.014260223999999998;0.015272959999999999;0.020953087999999998;0.021136383999999998;0.01532928;0.015302656000000001;0.015802368;0.019133439999999998;0.013369343999999998;0.013377536;0.016003072;0.013697024000000002;0.016077824;0.01142784;0.010578944;0.009315328;0.010072063999999999;0.007452672;0.007071744;0.006816768;0.005316608;0.004399104;0.0045056;0.003963904;0.007420928;0.008035328;0.0053667839999999994;0.004310016;0.0032808959999999997;0.003654656;0.004276224;0.00359936;0.00385536;0.003151872;0.002748416;0.0029255680000000004;0.004335616;0.004002816;0.0027310080000000005;0.002562048;0.003040256;0.0039168;0.004819968;0.003344384;0.00244736;0.001792;0.0014110720000000002;0.002026496;0.001742848;0.001830912;0.00272384;0.002030592;0.002029568;0.001371136;0.0015534079999999998;0.0014858240000000002;0.001867776
1788683400,hdr,0.0293;0.03906;0.04883;0.05859;0.06836;0.07813;0.08789;0.09766;0.10742;0.11719;0.12695;0.13672;0.14648;0.15625;0.16602;0.17578;0.18555;0.19531;0.20508;0.21484;0.22461;0.23438;0.24414;0.25391;0.26367;0.27344;0.2832;0.29297;0.30273;0.3125;0.32227;0.33203;0.3418;0.35156;0.36133;0.37109;0.38086;0.39063;0.40039;0.41016;0.41992;0.42969;0.43945;0.44922;0.45898;0.46875;0.47852;0.48828;0.49805;0.50781;0.51758;0.52734;0.53711;0.54688;0.55664;0.56641;0.57617;0.58594;0.5957;0.60547;0.61523;0.625;0.63477;0.64453;0.6543;0.66406;0.67383;0.68359;0.69336;0.70313;0.71289;0.72266;0.73242;0.74219;0.75195;0.76172;0.77148;0.78125;0.79102,0.0055306240000000005;0.012648448;0.007437312000000001;0.005572608000000001;0.005354496;0.007251968;0.022182912;0.051405824;0.074273792;0.08349388799999999;0.050033664000000005;0.03829248;0.035883007999999994;0.018627584;0.008060928;0.008450048;0.011501568000000002;0.009771008;0.013735935999999999;0.015801344000000002;0.014028800000000001;0.013215744;0.011987968000000002;0.01466368;0.018221056;0.023144448;0.020932607999999995;0.017748992;0.021523456;0.015295488000000001;0.01110016;0.011750400000000001;0.008092672;0.008341504000000001;0.006983679999999999;0.009034751999999998;0.013301760000000001;0.0090112;0.010034176;0.009954304;0.0073728000000000005;0.006214656;0.005746688;0.005105663999999999;0.0055552;0.00843264;0.008119296;0.005865472;0.0041144319999999995;0.004424704000000001;0.0030914560000000002;0.002996224;0.00459776;0.00544768;0.005315584000000001;0.00351744;0.002499584;0.0030453760000000002;0.003443712;0.0028088320000000003;0.002803712;0.00269824;0.0031406079999999996;0.005138432;0.0035860479999999997;0.0029470720000000002;0.003446784;0.003047424;0.0036085759999999996;0.00234496;0.0021985280000000004;0.001956864;0.001010688;0.0016250880000000002;0.001206272;0.0009523200000000001;0.001588224;0.00137728;0.00119808
1788684300,hdr,0.0293;0.03906;0.04883;0.05859;0.06836;0.07813;0.08789;0.09766;0.10742;0.11719;0.12695;0.13672;0.14648;0.15625;0.16602;0.17578;0.18555;0.19531;0.20508;0.21484;0.22461;0.23438;0.24414;0.25391;0.26367;0.27344;0.2832;0.29297;0.30273;0.3125;0.32227;0.33203;0.3418;0.35156;0.36133;0.37109;0.38086;0.39063;0.40039;0.41016;0.41992;0.42969;0.43945;0.44922;0.45898;0.46875;0.47852;0.48828;0.49805;0.50781;0.51758;0.52734;0.53711;0.54688;0.55664;0.56641;0.57617;0.58594;0.5957;0.60547;0.61523;0.625;0.63477;0.64453;0.6543;0.66406;0.67383;0.68359;0.69336;0.70313;0.71289;0.72266;0.73242;0.74219;0.75195;0.76172;0.77148;0.78125;0.79102,0.0038656000000000003;0.009274368;0.008018944;0.0073154560000000006;0.0060672;0.006376448000000001;0.0237824;0.079346688;0.098044928;0.083034112;0.051233792;0.035162112;0.025295872;0.01619968;0.011599871999999999;0.008128512000000001;0.009248768;0.010722304;0.01248768;0.024060928;0.020182016;0.01884672;0.019757056;0.017724416;0.024904703999999996;0.027587584;0.025532416000000002;0.026093568000000004;0.016827392;0.015575039999999998;0.019205120000000003;0.023681024000000002;0.016549888;0.018725888000000003;0.011648;0.008822784;0.010417152;0.010099712;0.0068526080000000005;0.008543232;0.009353216000000001;0.007497728;0.005359616;0.004975616;0.003521536;0.0037191679999999997;0.005469184;0.005568511999999999;0.004700160000000001;0.0035327999999999996;0.003216384;0.003525632;0.0027586560000000004;0.006233088;0.006813696;0.004009984;0.006849536;0.006539264;0.005122048000000001;0.003713024;0.002813952;0.00354304;0.003309568;0.003359744;0.003610624;0.0028129279999999997;0.002251776;0.002614272;0.001954816;0.002820096;0.00367104;0.002707456;0.002325504;0.001794048;0.001508352;0.0013639680000000001;0.001447936;0.001486848;0.001513472
1788685200,hdr,0.0293;0.03906;0.04883;0.05859;0.06836;0.07813;0.08789;0.09766;0.10742;0.11719;0.12695;0.13672;0.14648;0.15625;0.16602;0.17578;0.18555;0.19531;0.20508;0.21484;0.22461;0.23438;0.24414;0.25391;0.26367;0.27344;0.2832;0.29297;0.30273;0.3125;0.32227;0.33203;0.3418;0.35156;0.36133;0.37109;0.38086;0.39063;0.40039;0.41016;0.41992;0.42969;0.43945;0.44922;0.45898;0.46875;0.47852;0.48828;0.49805;0.50781;0.51758;0.52734;0.53711;0.54688;0.55664;0.56641;0.57617;0.58594;0.5957;0.60547;0.61523;0.625;0.63477;0.64453;0.6543;0.66406;0.67383;0.68359;0.69336;0.70313;0.71289;0.72266;0.73242;0.74219;0.75195;0.76172;0.77148;0.78125;0.79102,0.0049807359999999995;0.006311936000000001;0.003274752;0.0025579519999999996;0.006336512;0.009966592;0.023547903999999998;0.098377728;0.150469632;0.09848115199999999;0.08049561599999999;0.04829184;0.036965375999999994;0.025392128;0.007932928;0.007831552;0.011561984;0.009991168;0.016382976;0.014839808;0.014385152;0.015049727999999998;0.01926656;0.03004416;0.044024832;0.028006399999999997;0.021169152000000004;0.025304064;0.022648831999999997;0.017900544;0.016811008000000002;0.019869696;0.023350272000000002;0.01375232;0.014185472000000001;0.010513408;0.010304512;0.008740864;0.00921088;0.013384703999999999;0.009921536;0.007731200000000001;0.00428032;0.00493568;0.0075100160000000004;0.004892672000000001;0.0028600319999999998;0.002733056;0.0027863040000000003;0.003736576;0.004692992;0.005054464;0.005651455999999999;0.0043878400000000005;0.00699392;0.010428416000000001;0.008518656000000001;0.008118272;0.005118976;0.004543488;0.006393856000000001;0.004167679999999999;0.0030904319999999997;0.002180096;0.002159616;0.0017674240000000003;0.002716672;0.00150528;0.0017848319999999999;0.001575936;0.001675264;0.0020879360000000003;0.002044928;0.00231936;0.001383424;0.001668096;0.001429504;0.001292288;0.0010475520000000002
1788686100,hdr,0.0293;0.03906;0.04883;0.05859;0.06836;0.07813;0.08789;0.09766;0.10742;0.11719;0.12695;0.13672;0.14648;0.15625;0.16602;0.17578;0.18555;0.19531;0.20508;0.21484;0.22461;0.23438;0.24414;0.25391;0.26367;0.27344;0.2832;0.29297;0.30273;0.3125;0.32227;0.33203;0.3418;0.35156;0.36133;0.37109;0.38086;0.39063;0.40039;0.41016;0.41992;0.42969;0.43945;0.44922;0.45898;0.46875;0.47852;0.48828;0.49805;0.50781;0.51758;0.52734;0.53711;0.54688;0.55664;0.56641;0.57617;0.58594;0.5957;0.60547;0.61523;0.625;0.63477;0.64453;0.6543;0.66406;0.67383;0.68359;0.69336;0.70313;0.71289;0.72266;0.73242;0.74219;0.75195;0.76172;0.77148;0.78125;0.79102,0.0028897280000000003;0.0075100160000000004;0.00564224;0.0058992639999999995;0.012126208000000001;0.008430592;0.013936640000000002;0.024102912;0.05232128;0.078149632;0.068836352;0.052832256;0.043312128000000005;0.026129408000000003;0.011321343999999999;0.009474048;0.012803072;0.018347007999999998;0.021179392;0.01671168;0.013819904;0.024799232;0.025396224;0.018649088;0.016287744;0.019177472;0.014436352;0.017811456;0.022183935999999998;0.02766336;0.01972736;0.018289663999999997;0.015248384;0.015703039999999998;0.011652095999999999;0.009585663999999999;0.010016768;0.007407616;0.010596351999999998;0.009999359999999999;0.007629824;0.004513791999999999;0.007354368;0.005414912;0.005255168;0.005556224;0.004319232;0.004448255999999999;0.004000768;0.0038410239999999997;0.00398848;0.0037386240000000003;0.006084608;0.007578624;0.007169024;0.006232064000000001;0.008645632000000002;0.006598656;0.007023616;0.007596032;0.006247424;0.004363264;0.0036648960000000004;0.002363392;0.0039772159999999996;0.003538944;0.002469888;0.002714624;0.00339456;0.0026900479999999996;0.00159232;0.001738752;0.001373184;0.0013557760000000002;0.001666048;0.00209408;0.0014213119999999999;0.0017766400000000001;0.0021524480000000004
1788687000,hdr,0.0293;0.03906;0.04883;0.05859;0.06836;0.07813;0.08789;0.09766;0.10742;0.11719;0.12695;0.13672;0.14648;0.15625;0.16602;0.17578;0.18555;0.19531;0.20508;0.21484;0.22461;0.23438;0.24414;0.25391;0.26367;0.27344;0.2832;0.29297;0.30273;0.3125;0.32227;0.33203;0.3418;0.35156;0.36133;0.37109;0.38086;0.39063;0.40039;0.41016;0.41992;0.42969;0.43945;0.44922;0.45898;0.46875;0.47852;0.48828;0.49805;0.50781;0.51758;0.52734;0.53711;0.54688;0.55664;0.56641;0.57617;0.58594;0.5957;0.60547;0.61523;0.625;0.63477;0.64453;0.6543;0.66406;0.67383;0.68359;0.69336;0.70313;0.71289;0.72266;0.73242;0.74219;0.75195;0.76172;0.77148;0.78125;0.79102,0.00459264;0.009125887999999999;0.007668736;0.0064696319999999995;0.00973824;0.008717312;0.016868352000000003;0.061903872000000006;0.13196902399999996;0.121993216;0.07711846400000001;0.06201344;0.057520128;0.028396544;0.013648896;0.012516352;0.015137791999999999;0.016423936;0.0189184;0.015110144;0.013961216;0.016676863999999996;0.021183488;0.024726527999999998;0.02057216;0.01665536;0.016059392;0.018250751999999995;0.020383744;0.025025536;0.017547264;0.020370432;0.017179648000000002;0.012093439999999999;0.010755072000000001;0.004482048;0.00694784;0.009208831999999998;0.007940095999999999;0.0056832;0.006156287999999999;0.003959808;0.004159487999999999;0.004712448;0.00392192;0.00679936;0.008962047999999999;0.007580671999999999;0.005336064000000001;0.007391232;0.0056576000000000005;0.0045373440000000004;0.005471232;0.005009407999999999;0.00678912;0.007240704;0.00461824;0.004918272;0.00490496;0.00489472;0.004726784;0.004219903999999999;0.003812352;0.002546688;0.002159616;0.004141056;0.003345408;0.002282496;0.0019169279999999998;0.0014499839999999999;0.002020352;0.002233344;0.003557376;0.0021534719999999996;0.0021217280000000002;0.001325056;0.0013608960000000001;0.0008468480000000001;0.0009441279999999999
1788687900,hdr,0.0293;0.03906;0.04883;0.05859;0.06836;0.07813;0.08789;0.09766;0.10742;0.11719;0.12695;0.13672;0.14648;0.15625;0.16602;0.17578;0.18555;0.19531;0.20508;0.21484;0.22461;0.23438;0.24414;0.25391;0.26367;0.27344;0.2832;0.29297;0.30273;0.3125;0.32227;0.33203;0.3418;0.35156;0.36133;0.37109;0.38086;0.39063;0.40039;0.41016;0.41992;0.42969;0.43945;0.44922;0.45898;0.46875;0.47852;0.48828;0.49805;0.50781;0.51758;0.52734;0.53711;0.54688;0.55664;0.56641;0.57617;0.58594;0.5957;0.60547;0.61523;0.625;0.63477;0.64453;0.6543;0.66406;0.67383;0.68359;0.69336;0.70313;0.71289;0.72266;0.73242;0.74219;0.75195;0.76172;0.77148;0.78125;0.79102,0.0028927999999999996;0.001929216;0.0034181119999999996;0.004521984;0.006162432;0.003637248;0.008523776;0.04685824;0.084523008;0.10102681599999999;0.106368;0.082669568;0.061512703999999994;0.049536;0.032478208;0.01196032;0.011252736000000001;0.019975168;0.020849664;0.01632256;0.02126848;0.030173184;0.026809344000000002;0.028167168000000003;0.02566656;0.024877056;0.027953152;0.024706047999999998;0.032574464;0.030368768;0.026437632000000003;0.02128896;0.015763456;0.012731392;0.009214976;0.009598976;0.008365056;0.01197568;0.00910848;0.007842815999999999;0.007897088;0.0076666880000000005;0.008178688;0.0093696;0.00716288;0.005984256;0.004625408;0.003024896;0.0034385919999999994;0.006479872;0.009164799999999999;0.007397376;0.0064593919999999996;0.009231360000000001;0.006258688;0.0061829120000000005;0.0055582719999999995;0.004339712;0.00369152;0.00371712;0.00456192;0.004551680000000001;0.0026777600000000004;0.002679808;0.004071424000000001;0.003757056;0.0023592960000000003;0.0022978559999999996;0.0022394880000000004;0.0014376960000000002;0.0021043200000000002;0.0012666880000000002;0.000818176;0.001189888;0.00232448;0.002070528;0.00107008;0.0013783040000000001;0.001650688
1788688800,hdr,0.0293;0.03906;0.04883;0.05859;0.06836;0.07813;0.08789;0.09766;0.10742;0.11719;0.12695;0.13672;0.14648;0.15625;0.16602;0.17578;0.18555;0.19531;0.20508;0.21484;0.22461;0.23438;0.24414;0.25391;0.26367;0.27344;0.2832;0.29297;0.30273;0.3125;0.32227;0.33203;0.3418;0.35156;0.36133;0.37109;0.38086;0.39063;0.40039;0.41016;0.41992;0.42969;0.43945;0.44922;0.45898;0.46875;0.47852;0.48828;0.49805;0.50781;0.51758;0.52734;0.53711;0.54688;0.55664;0.56641;0.57617;0.58594;0.5957;0.60547;0.61523;0.625;0.63477;0.64453;0.6543;0.66406;0.67383;0.68359;0.69336;0.70313;0.71289;0.72266;0.73242;0.74219;0.75195;0.76172;0.77148;0.78125;0.79102,0.0033044479999999998;0.008047616;0.006990848;0.002911232;0.001483776;0.00776704;0.021806080000000002;0.082989056;0.124166144;0.0941568;0.105915392;0.076932096;0.064006144;0.04084736;0.026961919999999997;0.021272576;0.012768255999999999;0.012715008;0.023113728;0.029420543999999996;0.026992640000000002;0.030578688;0.036135936;0.032714752;0.03575296;0.037484544;0.04111257599999999;0.03963904;0.02948096;0.03401216000000001;0.019863552;0.016162816;0.021256192;0.010910719999999999;0.005282816000000001;0.014336;0.012904448;0.01152;0.005464063999999999;0.005641216;0.009440256;0.009372672;0.005123071999999999;0.007151616;0.007887871999999999;0.008133632;0.006473728;0.007169024;0.005664768;0.003818496;0.006482943999999999;0.005862399999999999;0.005380095999999999;0.004703232;0.005405696;0.0051599359999999995;0.004450304;0.004358144;0.002980864;0.002847744;0.003373056;0.002548736;0.0034498560000000003;0.003513344;0.002665472;0.0030781439999999997;0.0024883199999999996;0.002210816;0.002210816;0.0018012159999999998;0.0013506560000000002;0.00155648;0.001864704;0.0017684480000000002;0.0016906239999999997;0.00111104;0.001107968;0.001393664;0.001461248
1788689700,hdr,0.0293;0.03906;0.04883;0.05859;0.06836;0.07813;0.08789;0.09766;0.10742;0.11719;0.12695;0.13672;0.14648;0.15625;0.16602;0.17578;0.18555;0.19531;0.20508;0.21484;0.22461;0.23438;0.24414;0.25391;0.26367;0.27344;0.2832;0.29297;0.30273;0.3125;0.32227;0.33203;0.3418;0.35156;0.36133;0.37109;0.38086;0.39063;0.40039;0.41016;0.41992;0.42969;0.43945;0.44922;0.45898;0.46875;0.47852;0.48828;0.49805;0.50781;0.51758;0.52734;0.53711;0.54688;0.55664;0.56641;0.57617;0.58594;0.5957;0.60547;0.61523;0.625;0.63477;0.64453;0.6543;0.66406;0.67383;0.68359;0.69336;0.70313;0.71289;0.72266;0.73242;0.74219;0.75195;0.76172;0.77148;0.78125;0.79102,0.000529408;0.003492864;0.001878016;0.003576832;0.009329664;0.0060385280000000005;0.015845376;0.065094656;0.073148416;0.091657216;0.139541504;0.133236736;0.110925824;0.056471552;0.023995392;0.030017536;0.030189568000000003;0.030434304;0.036702208;0.030814208000000003;0.031850496;0.04162048;0.03763609600000001;0.024907776;0.020445184;0.028573696000000003;0.031567872000000004;0.027934719999999996;0.026676224000000002;0.021590016;0.016279552;0.016400383999999997;0.019929088;0.01620992;0.01959936;0.011222016;0.006393856000000001;0.010759168000000001;0.008674304;0.006398976000000001;0.007995392;0.007097344;0.0065515519999999995;0.006065152;0.007028736;0.005351424;0.003509248;0.0046592;0.004170752000000001;0.004563968;0.005062656;0.0033720319999999996;0.00494592;0.005315584000000001;0.005895167999999999;0.007288832;0.004749312;0.004031488000000001;0.004211712;0.00426496;0.004210688;0.003606528;0.00291328;0.004091904;0.003857408;0.0022978559999999996;0.003268608;0.0029419520000000003;0.0029061119999999998;0.0028538879999999997;0.002043904;0.0025139200000000002;0.002315264;0.00233984;0.0025753599999999996;0.00217088;0.001156096;0.001564672;0.00091136
1788690600,hdr,0.0293;0.03906;0.04883;0.05859;0.06836;0.07813;0.08789;0.09766;0.10742;0.11719;0.12695;0.13672;0.14648;0.15625;0.16602;0.17578;0.18555;0.19531;0.20508;0.21484;0.22461;0.23438;0.24414;0.25391;0.26367;0.27344;0.2832;0.29297;0.30273;0.3125;0.32227;0.33203;0.3418;0.35156;0.36133;0.37109;0.38086;0.39063;0.40039;0.41016;0.41992;0.42969;0.43945;0.44922;0.45898;0.46875;0.47852;0.48828;0.49805;0.50781;0.51758;0.52734;0.53711;0.54688;0.55664;0.56641;0.57617;0.58594;0.5957;0.60547;0.61523;0.625;0.63477;0.64453;0.6543;0.66406;0.67383;0.68359;0.69336;0.70313;0.71289;0.72266;0.73242;0.74219;0.75195;0.76172;0.77148;0.78125;0.79102,0.001610752;0.001542144;0.004880384;0.0034498560000000003;0.004805632000000001;0.005968896;0.01680384;0.067741696;0.098510848;0.06905855999999999;0.07463116800000001;0.079128576;0.08247808;0.074016768;0.036472832;0.033908735999999995;0.030747648000000002;0.022851583999999998;0.0332032;0.035736576;0.03862937600000001;0.040009728;0.040481792;0.032300032000000006;0.030741504;0.03117568;0.026843136000000004;0.027580416;0.031827968;0.025593855999999998;0.0219904;0.02030592;0.014758912;0.013206528;0.016772096;0.012923904;0.016589824;0.012637184;0.014388223999999998;0.009184256;0.008302592000000001;0.006646784;0.006216704;0.006335487999999999;0.005098496;0.005891072;0.007534592;0.008935423999999999;0.009741312;0.006330368;0.003723264;0.003417088;0.006616064;0.005820416;0.006145024000000001;0.008932352;0.009513984;0.00638976;0.005830656;0.00542208;0.007540736;0.007501824;0.00415744;0.003460096;0.004857856;0.00295424;0.0031467520000000005;0.003485696;0.0034078719999999997;0.002302976;0.002117632;0.0032757759999999998;0.002349056;0.00275968;0.0029593600000000003;0.002052096;0.0021196799999999997;0.002163712;0.001942528
1788691500,hdr,0.0293;0.03906;0.04883;0.05859;0.06836;0.07813;0.08789;0.09766;0.10742;0.11719;0.12695;0.13672;0.14648;0.15625;0.16602;0.17578;0.18555;0.19531;0.20508;0.21484;0.22461;0.23438;0.24414;0.25391;0.26367;0.27344;0.2832;0.29297;0.30273;0.3125;0.32227;0.33203;0.3418;0.35156;0.36133;0.37109;0.38086;0.39063;0.40039;0.41016;0.41992;0.42969;0.43945;0.44922;0.45898;0.46875;0.47852;0.48828;0.49805;0.50781;0.51758;0.52734;0.53711;0.54688;0.55664;0.56641;0.57617;0.58594;0.5957;0.60547;0.61523;0.625;0.63477;0.64453;0.6543;0.66406;0.67383;0.68359;0.69336;0.70313;0.71289;0.72266;0.73242;0.74219;0.75195;0.76172;0.77148;0.78125;0.79102,0.0028487680000000002;0.003550208;0.003221504;0.007460863999999999;0.016136192;0.017319935999999998;0.02190848;0.050134016;0.08770048;0.06571008;0.07657676799999999;0.117623808;0.120480768;0.088210432;0.06420582400000001;0.054379519999999994;0.04737536;0.025147392;0.024612863999999998;0.018597888000000003;0.024070144;0.040328192000000006;0.049805312;0.041501696000000005;0.030982144;0.033067008;0.030839808;0.028895232;0.025375744000000002;0.01959936;0.030799872;0.024876032;0.018286592;0.017007616;0.016936959999999997;0.019428352;0.013054976000000001;0.01067008;0.009807871999999999;0.013338624;0.011638784;0.010514431999999999;0.008613887999999998;0.006257664;0.006987776;0.007065599999999999;0.007742464;0.009450496;0.008781824;0.006866944000000001;0.00605184;0.0071116799999999996;0.006093823999999999;0.008119296;0.007437312000000001;0.0063150079999999996;0.0059136;0.0062679039999999995;0.010492928;0.007717888;0.007540736;0.003318784;0.002896896;0.0031887359999999997;0.00505344;0.004605952;0.003557376;0.0035532800000000002;0.0046817280000000005;0.003538944;0.0026245120000000003;0.00400384;0.0028876799999999997;0.00180224;0.001958912;0.0027566080000000002;0.00279552;0.003120128;0.00221696
1788692400,hdr,0.0293;0.03906;0.04883;0.05859;0.06836;0.07813;0.08789;0.09766;0.10742;0.11719;0.12695;0.13672;0.14648;0.15625;0.16602;0.17578;0.18555;0.19531;0.20508;0.21484;0.22461;0.23438;0.24414;0.25391;0.26367;0.27344;0.2832;0.29297;0.30273;0.3125;0.32227;0.33203;0.3418;0.35156;0.36133;0.37109;0.38086;0.39063;0.40039;0.41016;0.41992;0.42969;0.43945;0.44922;0.45898;0.46875;0.47852;0.48828;0.49805;0.50781;0.51758;0.52734;0.53711;0.54688;0.55664;0.56641;0.57617;0.58594;0.5957;0.60547;0.61523;0.625;0.63477;0.64453;0.6543;0.66406;0.67383;0.68359;0.69336;0.70313;0.71289;0.72266;0.73242;0.74219;0.75195;0.76172;0.77148;0.78125;0.79102,0.0030453760000000002;0.005356544;0.0058890240000000005;0.006082560000000001;0.006784;0.005613568;0.014447616;0.056339455999999996;0.099828736;0.075450368;0.07314432;0.087750656;0.08900915200000001;0.082857984;0.071100416;0.081345536;0.073664512;0.044042239999999996;0.04035072;0.04379136;0.051268608;0.049917951999999995;0.052666368;0.044874752000000004;0.041884672;0.04882432;0.041131008000000004;0.036523007999999996;0.033938432;0.025090048;0.025498624;0.022757376;0.018919424;0.031613952;0.026603520000000002;0.021722112000000002;0.015506432;0.015599616;0.013688832;0.013922304;0.014877696;0.013462528;0.013702144;0.010843135999999998;0.009785344000000001;0.008969215999999999;0.012177407999999999;0.014615552;0.013865983999999998;0.013605888;0.015934464;0.014366720000000001;0.009956352;0.0061306880000000005;0.006069247999999999;0.006395903999999999;0.00652288;0.006472704000000001;0.005377023999999999;0.0062699520000000005;0.006762495999999999;0.004421632;0.003795968;0.0036608;0.003315712;0.004047872;0.004032511999999999;0.003268608;0.002835456;0.0033464320000000003;0.0032266240000000004;0.003767296;0.003006464;0.002276352;0.001412096;0.002358272;0.001627136;0.001805312;0.001308672
1788693300,hdr,0.0293;0.03906;0.04883;0.05859;0.06836;0.07813;0.08789;0.09766;0.10742;0.11719;0.12695;0.13672;0.14648;0.15625;0.16602;0.17578;0.18555;0.19531;0.20508;0.21484;0.22461;0.23438;0.24414;0.25391;0.26367;0.27344;0.2832;0.29297;0.30273;0.3125;0.32227;0.33203;0.3418;0.35156;0.36133;0.37109;0.38086;0.39063;0.40039;0.41016;0.41992;0.42969;0.43945;0.44922;0.45898;0.46875;0.47852;0.48828;0.49805;0.50781;0.51758;0.52734;0.53711;0.54688;0.55664;0.56641;0.57617;0.58594;0.5957;0.60547;0.61523;0.625;0.63477;0.64453;0.6543;0.66406;0.67383;0.68359;0.69336;0.70313;0.71289;0.72266;0.73242;0.74219;0.75195;0.76172;0.77148;0.78125;0.79102,0.002046976;0.0031098880000000003;0.003513344;0.00638976;0.006844416;0.012459008000000002;0.020103168;0.049865728;0.07172096;0.07439872;0.11575808;0.104710144;0.08284467200000001;0.146381824;0.12829696000000002;0.105965568;0.075708416;0.051149824;0.049952767999999995;0.048964608;0.050999296;0.026080255999999996;0.035191808000000005;0.0266752;0.04781568;0.050456576;0.045294592;0.031268864;0.031661056;0.03825664;0.029372416000000002;0.030686208000000003;0.0333056;0.029155328;0.03848704;0.028613631999999996;0.022216704;0.019974144;0.014844928;0.00866304;0.013109248;0.009801728000000001;0.009825279999999999;0.010547200000000001;0.013546496;0.010107904000000001;0.011327488000000002;0.01295872;0.013244415999999998;0.011323392;0.010012672;0.007415808;0.0048209920000000005;0.004352;0.0060016639999999994;0.007458816;0.00575488;0.00572928;0.0030853119999999998;0.002576384;0.002072576;0.0031774719999999998;0.0044851199999999996;0.003795968;0.0035348480000000006;0.0032573439999999997;0.002423808;0.002976768;0.0026531840000000003;0.002038784;0.001586176;0.001325056;0.001789952;0.001707008;0.001702912;0.0011264;0.001166336;0.0013578239999999999;0.0008468480000000001
1788694200,hdr,0.0293;0.03906;0.04883;0.05859;0.06836;0.07813;0.08789;0.09766;0.10742;0.11719;0.12695;0.13672;0.14648;0.15625;0.16602;0.17578;0.18555;0.19531;0.20508;0.21484;0.22461;0.23438;0.24414;0.25391;0.26367;0.27344;0.2832;0.29297;0.30273;0.3125;0.32227;0.33203;0.3418;0.35156;0.36133;0.37109;0.38086;0.39063;0.40039;0.41016;0.41992;0.42969;0.43945;0.44922;0.45898;0.46875;0.47852;0.48828;0.49805;0.50781;0.51758;0.52734;0.53711;0.54688;0.55664;0.56641;0.57617;0.58594;0.5957;0.60547;0.61523;0.625;0.63477;0.64453;0.6543;0.66406;0.67383;0.68359;0.69336;0.70313;0.71289;0.72266;0.73242;0.74219;0.75195;0.76172;0.77148;0.78125;0.79102,0.0031016959999999997;0.0018831359999999999;0.0013752319999999999;0.003908608;0.009170944000000002;0.009523199999999999;0.028256256;0.06227456;0.067139584;0.07318630400000001;0.051342336;0.057111552;0.171364352;0.19058176000000002;0.102785024;0.106176512;0.119433216;0.095149056;0.06649036800000001;0.075936768;0.06843904;0.077954048;0.090801152;0.061927424;0.056877056;0.048661504;0.044429312000000006;0.04784128;0.052871167999999996;0.031270912;0.028583936;0.02924032;0.022495232;0.022633472;0.01698816;0.019795967999999997;0.030388224000000002;0.018745344;0.018009088;0.017285119999999998;0.01529856;0.014844928;0.010990591999999999;0.012447744;0.009381888000000001;0.010771456;0.012615679999999999;0.013159424;0.010251264000000001;0.006027264;0.005748736;0.005054464;0.006705152;0.007096320000000001;0.00471552;0.002994176;0.003663872;0.004802559999999999;0.004184064;0.002865152;0.00296448;0.002096128;0.0020654080000000003;0.0029798399999999997;0.005947392;0.003641344;0.0015544320000000001;0.00193536;0.002961408;0.003359744;0.002146304;0.001650688;0.0018012159999999998;0.001452032;0.001226752;0.0010752000000000001;0.0011202559999999998;0.001705984;0.0020981759999999998
1788695100,hdr,0.0293;0.03906;0.04883;0.05859;0.06836;0.07813;0.08789;0.09766;0.10742;0.11719;0.12695;0.13672;0.14648;0.15625;0.16602;0.17578;0.18555;0.19531;0.20508;0.21484;0.22461;0.23438;0.24414;0.25391;0.26367;0.27344;0.2832;0.29297;0.30273;0.3125;0.32227;0.33203;0.3418;0.35156;0.36133;0.37109;0.38086;0.39063;0.40039;0.41016;0.41992;0.42969;0.43945;0.44922;0.45898;0.46875;0.47852;0.48828;0.49805;0.50781;0.51758;0.52734;0.53711;0.54688;0.55664;0.56641;0.57617;0.58594;0.5957;0.60547;0.61523;0.625;0.63477;0.64453;0.6543;0.66406;0.67383;0.68359;0.69336;0.70313;0.71289;0.72266;0.73242;0.74219;0.75195;0.76172;0.77148;0.78125;0.79102,0.005136384;0.007161855999999999;0.004747264;0.002131968;0.003724288;0.007031808;0.018199552;0.057947135999999996;0.084407296;0.08024064;0.058510336;0.088471552;0.09249894399999999;0.11209523199999999;0.195298304;0.225005568;0.15899750399999998;0.15552;0.152450048;0.082394112;0.05571072;0.064615424;0.06859776;0.076511232;0.062723072;0.056694784;0.056044544;0.036399104;0.030420991999999997;0.027800576;0.029517824;0.023395327999999996;0.022016;0.020871168000000002;0.017785856;0.022718464;0.020285440000000002;0.013407232;0.015391743999999999;0.011031552;0.010297344000000002;0.015835136;0.011252736000000001;0.007299072;0.009777152;0.012293120000000001;0.014235648;0.011037696;0.010755072000000001;0.00866816;0.0070543360000000005;0.005190656;0.005785599999999999;0.006484992;0.006593536;0.0031928320000000005;0.00387072;0.00384512;0.002852864;0.002386944;0.00349696;0.00282112;0.002067456;0.0038871039999999997;0.003042304;0.0032757759999999998;0.001942528;0.002055168;0.002407424;0.001717248;0.001533952;0.001605632;0.002362368;0.001435648;0.0016138239999999998;0.001636352;0.00239616;0.0024340480000000003;0.001938432
1788696000,hdr,0.0293;0.03906;0.04883;0.05859;0.06836;0.07813;0.08789;0.09766;0.10742;0.11719;0.12695;0.13672;0.14648;0.15625;0.16602;0.17578;0.18555;0.19531;0.20508;0.21484;0.22461;0.23438;0.24414;0.25391;0.26367;0.27344;0.2832;0.29297;0.30273;0.3125;0.32227;0.33203;0.3418;0.35156;0.36133;0.37109;0.38086;0.39063;0.40039;0.41016;0.41992;0.42969;0.43945;0.44922;0.45898;0.46875;0.47852;0.48828;0.49805;0.50781;0.51758;0.52734;0.53711;0.54688;0.55664;0.56641;0.57617;0.58594;0.5957;0.60547;0.61523;0.625;0.63477;0.64453;0.6543;0.66406;0.67383;0.68359;0.69336;0.70313;0.71289;0.72266;0.73242;0.74219;0.75195;0.76172;0.77148;0.78125;0.79102,0.0059791359999999995;0.00824832;0.009601024000000001;0.011363327999999999;0.007428096;0.00850432;0.009524224;0.035441664000000005;0.0609792;0.062450688000000004;0.063168512;0.081181696;0.107962368;0.173307904;0.189795328;0.14682419200000002;0.102921216;0.13264281600000002;0.136208384;0.14587494399999998;0.095151104;0.09684991999999999;0.070018048;0.0379904;0.038024192000000005;0.042342399999999995;0.025795584000000003;0.023186432;0.021101567999999998;0.023243776;0.028154879999999997;0.031164415999999997;0.029047808;0.020402176;0.020712447999999998;0.020731904;0.017232896;0.011425791999999999;0.009168896000000001;0.009207808000000001;0.008689664000000001;0.009044992;0.009944063999999999;0.008511488;0.00589312;0.004365312;0.005476352000000001;0.00792064;0.007325696;0.004895744;0.00534528;0.0052019200000000005;0.004888576;0.006220799999999999;0.0034037760000000003;0.0037888;0.005676032;0.0031784960000000003;0.003057664;0.004636672;0.002866176;0.00187392;0.003122176;0.003723264;0.003111936;0.001818624;0.002673664;0.002419712;0.002147328;0.001867776;0.001110016;0.00187392;0.0019968;0.0015851519999999998;0.001611776;0.001476608;0.0015493120000000002;0.0013035520000000001;0.001670144
1788696900,hdr,0.0293;0.03906;0.04883;0.05859;0.06836;0.07813;0.08789;0.09766;0.10742;0.11719;0.12695;0.13672;0.14648;0.15625;0.16602;0.17578;0.18555;0.19531;0.20508;0.21484;0.22461;0.23438;0.24414;0.25391;0.26367;0.27344;0.2832;0.29297;0.30273;0.3125;0.32227;0.33203;0.3418;0.35156;0.36133;0.37109;0.38086;0.39063;0.40039;0.41016;0.41992;0.42969;0.43945;0.44922;0.45898;0.46875;0.47852;0.48828;0.49805;0.50781;0.51758;0.52734;0.53711;0.54688;0.55664;0.56641;0.57617;0.58594;0.5957;0.60547;0.61523;0.625;0.63477;0.64453;0.6543;0.66406;0.67383;0.68359;0.69336;0.70313;0.71289;0.72266;0.73242;0.74219;0.75195;0.76172;0.77148;0.78125;0.79102,0.00529408;0.01591808;0.027401216;0.015559680000000001;0.011535360000000001;0.014866431999999999;0.020303872;0.057242624;0.101900288;0.088798208;0.074148864;0.09434112000000001;0.125033472;0.205585408;0.231245824;0.21832806400000002;0.23676313599999999;0.143414272;0.111149056;0.110628864;0.105264128;0.092961792;0.051606528;0.04312576;0.06379929599999999;0.06283776;0.030416896000000002;0.029334528;0.033337344000000005;0.019784704;0.016815104000000004;0.021036032;0.018021376;0.018534400000000003;0.021271552;0.020370432;0.014157824000000001;0.018785279999999998;0.010254336000000001;0.006938624;0.007059456;0.006550528;0.007359487999999999;0.009606144;0.007770112;0.00900608;0.009560064;0.008935423999999999;0.006859776;0.006171648;0.006790144;0.005767168;0.00596992;0.005671936;0.004938752;0.004323328;0.004481023999999999;0.003648512;0.00323072;0.002477056;0.002512896;0.002188288;0.001680384;0.001972224;0.001685504;0.001824768;0.0021370879999999997;0.0018176000000000002;0.0016691199999999998;0.00210944;0.0010455039999999998;0.0009523200000000001;0.001258496;0.0013148160000000001;0.001604608;0.001874944;0.002332672;0.001441792;0.000970752
1788697800,hdr,0.0293;0.03906;0.04883;0.05859;0.06836;0.07813;0.08789;0.09766;0.10742;0.11719;0.12695;0.13672;0.14648;0.15625;0.16602;0.17578;0.18555;0.19531;0.20508;0.21484;0.22461;0.23438;0.24414;0.25391;0.26367;0.27344;0.2832;0.29297;0.30273;0.3125;0.32227;0.33203;0.3418;0.35156;0.36133;0.37109;0.38086;0.39063;0.40039;0.41016;0.41992;0.42969;0.43945;0.44922;0.45898;0.46875;0.47852;0.48828;0.49805;0.50781;0.51758;0.52734;0.53711;0.54688;0.55664;0.56641;0.57617;0.58594;0.5957;0.60547;0.61523;0.625;0.63477;0.64453;0.6543;0.66406;0.67383;0.68359;0.69336;0.70313;0.71289;0.72266;0.73242;0.74219;0.75195;0.76172;0.77148;0.78125;0.79102,0.008025088000000001;0.012139519999999999;0.011965439999999999;0.010807296;0.014614528;0.013952;0.022441984;0.060044288;0.04964864;0.075574272;0.07724544;0.079072256;0.116032512;0.165701632;0.28078591999999997;0.251595776;0.201554944;0.18172006400000001;0.16060006400000001;0.163577856;0.096530432;0.044358656;0.04322099200000001;0.06330368;0.074067968;0.048367615999999995;0.05219328;0.047180799999999995;0.029545472000000003;0.028199936000000002;0.029324288;0.019417088;0.021769216;0.012258304;0.011143168;0.013744128000000001;0.015582207999999998;0.013918208000000001;0.009198592;0.012168192;0.011014144;0.006829056;0.007909376000000001;0.007254015999999999;0.007036928;0.007120896;0.007923712000000001;0.0066682880000000005;0.0037632;0.005206016;0.00877056;0.00789504;0.007456768;0.007994368;0.007483392;0.0065587200000000005;0.006747136000000001;0.004893696;0.0039321600000000005;0.0031744;0.002308096;0.0024422399999999996;0.0027975680000000003;0.003452928;0.003716096;0.003282944;0.002228224;0.002033664;0.0020500479999999996;0.003828736;0.003160064;0.002203648;0.001726464;0.0012113920000000002;0.0016895999999999999;0.001983488;0.002486272;0.00257024;0.002143232
1788698700,hdr,0.0293;0.03906;0.04883;0.05859;0.06836;0.07813;0.08789;0.09766;0.10742;0.11719;0.12695;0.13672;0.14648;0.15625;0.16602;0.17578;0.18555;0.19531;0.20508;0.21484;0.22461;0.23438;0.24414;0.25391;0.26367;0.27344;0.2832;0.29297;0.30273;0.3125;0.32227;0.33203;0.3418;0.35156;0.36133;0.37109;0.38086;0.39063;0.40039;0.41016;0.41992;0.42969;0.43945;0.44922;0.45898;0.46875;0.47852;0.48828;0.49805;0.50781;0.51758;0.52734;0.53711;0.54688;0.55664;0.56641;0.57617;0.58594;0.5957;0.60547;0.61523;0.625;0.63477;0.64453;0.6543;0.66406;0.67383;0.68359;0.69336;0.70313;0.71289;0.72266;0.73242;0.74219;0.75195;0.76172;0.77148;0.78125;0.79102,0.0027361279999999996;0.0025364479999999997;0.005202943999999999;0.004427776;0.009034751999999998;0.016643072000000002;0.020553728;0.03543449600000001;0.045174784;0.06864179200000001;0.04388249600000001;0.038928383999999996;0.08093183999999999;0.135076864;0.21344768;0.272121856;0.22981632;0.142497792;0.184426496;0.162506752;0.18212352;0.11524198399999999;0.078277632;0.058043392;0.051033088;0.03889152;0.02561536;0.03684864000000001;0.029753343999999998;0.022560768;0.026986496;0.025348096;0.01874432;0.012747776;0.016530432;0.018792448;0.010532864;0.014342144;0.017482752;0.016691199999999996;0.013942784;0.012372992;0.009310207999999999;0.009581568;0.014018560000000001;0.012028928;0.010042368000000001;0.009874432;0.010472448;0.006602752;0.006039551999999999;0.00860672;0.006344704;0.007783424;0.008417280000000001;0.006542335999999999;0.00388096;0.0029173759999999997;0.00481792;0.005356544;0.005404671999999999;0.006216704;0.004176895999999999;0.002850816;0.002466816;0.002673664;0.003393536;0.0029501439999999996;0.004031488000000001;0.0033802240000000002;0.001932288;0.0016609279999999999;0.0024330239999999998;0.00278016;0.0036403200000000003;0.002859008;0.0019650559999999997;0.002251776;0.001774592
1788700500,hdr,0.0293;0.03906;0.04883;0.05859;0.06836;0.07813;0.08789;0.09766;0.10742;0.11719;0.12695;0.13672;0.14648;0.15625;0.16602;0.17578;0.18555;0.19531;0.20508;0.21484;0.22461;0.23438;0.24414;0.25391;0.26367;0.27344;0.2832;0.29297;0.30273;0.3125;0.32227;0.33203;0.3418;0.35156;0.36133;0.37109;0.38086;0.39063;0.40039;0.41016;0.41992;0.42969;0.43945;0.44922;0.45898;0.46875;0.47852;0.48828;0.49805;0.50781;0.51758;0.52734;0.53711;0.54688;0.55664;0.56641;0.57617;0.58594;0.5957;0.60547;0.61523;0.625;0.63477;0.64453;0.6543;0.66406;0.67383;0.68359;0.69336;0.70313;0.71289;0.72266;0.73242;0.74219;0.75195;0.76172;0.77148;0.78125;0.79102,0.001166336;0.002934784;0.005056512;0.0035788799999999996;0.008520704;0.0062177280000000005;0.012925952000000001;0.037264384;0.061901824;0.07392563199999999;0.044457984000000006;0.034230272;0.044579839999999996;0.061410304;0.06665215999999999;0.113181696;0.206869504;0.21732147200000002;0.17069568000000002;0.13487616;0.10779136;0.08291430400000001;0.12365824;0.056712192;0.024688639999999998;0.051722239999999996;0.050205696;0.034975743999999996;0.030107648;0.0361984;0.033600512;0.022340608;0.018325503999999996;0.017667072;0.016372736;0.024298496;0.021566464;0.026067968;0.019268608;0.009110528;0.00841216;0.011422719999999999;0.011614208;0.008470528;0.009140224;0.00987136;0.008665088000000001;0.010904576000000001;0.013349888;0.009667583999999998;0.0075673599999999995;0.00875008;0.011214848;0.014736384;0.010554368;0.009662463999999999;0.010804224;0.009134080000000001;0.007077888;0.004555776;0.005031936;0.00512;0.006228992;0.004192256;0.0022302719999999997;0.0024791039999999998;0.002683904;0.003939328;0.003779584;0.0034181119999999996;0.003126272;0.0017203200000000002;0.002048;0.001990656;0.002161664;0.0017766400000000001;0.001575936;0.001795072;0.002820096
1788701400,hdr,0.0293;0.03906;0.04883;0.05859;0.06836;0.07813;0.08789;0.09766;0.10742;0.11719;0.12695;0.13672;0.14648;0.15625;0.16602;0.17578;0.18555;0.19531;0.20508;0.21484;0.22461;0.23438;0.24414;0.25391;0.26367;0.27344;0.2832;0.29297;0.30273;0.3125;0.32227;0.33203;0.3418;0.35156;0.36133;0.37109;0.38086;0.39063;0.40039;0.41016;0.41992;0.42969;0.43945;0.44922;0.45898;0.46875;0.47852;0.48828;0.49805;0.50781;0.51758;0.52734;0.53711;0.54688;0.55664;0.56641;0.57617;0.58594;0.5957;0.60547;0.61523;0.625;0.63477;0.64453;0.6543;0.66406;0.67383;0.68359;0.69336;0.70313;0.71289;0.72266;0.73242;0.74219;0.75195;0.76172;0.77148;0.78125;0.79102,0.0025108480000000004;0.003641344;0.00373248;0.005619712;0.010550272;0.005310464;0.004326399999999999;0.02474496;0.061627392;0.05632511999999999;0.028181504;0.051093504;0.079781888;0.11810816;0.11469004800000002;0.142075904;0.22301184;0.16761344;0.20711219199999997;0.16481689600000002;0.16497561600000002;0.187341824;0.138509312;0.08822067199999999;0.09224192;0.08613375999999999;0.073022464;0.063277056;0.047650816;0.027908096;0.031389696;0.022545408;0.018814976000000004;0.022129663999999997;0.016963584000000004;0.019807232;0.019013632000000003;0.015761408;0.015458304;0.019668992;0.016478207999999998;0.012661759999999998;0.016434175999999998;0.014954496000000001;0.011503616;0.012264448;0.016408576;0.00915968;0.006759424;0.009112576;0.016237568;0.016375808;0.015934464;0.012483584;0.008280064;0.005245952;0.005767168;0.008562688;0.00570368;0.0036812800000000003;0.00395264;0.0036648960000000004;0.004322304;0.00254464;0.0026859519999999997;0.0027791359999999998;0.0034488319999999998;0.0036362239999999995;0.002101248;0.002291712;0.0023050239999999997;0.0018862080000000001;0.0011673599999999999;0.001229824;0.001504256;0.0016732160000000002;0.0016773119999999998;0.001964032;0.002397184
1788702300,hdr,0.0293;0.03906;0.04883;0.05859;0.06836;0.07813;0.08789;0.09766;0.10742;0.11719;0.12695;0.13672;0.14648;0.15625;0.16602;0.17578;0.18555;0.19531;0.20508;0.21484;0.22461;0.23438;0.24414;0.25391;0.26367;0.27344;0.2832;0.29297;0.30273;0.3125;0.32227;0.33203;0.3418;0.35156;0.36133;0.37109;0.38086;0.39063;0.40039;0.41016;0.41992;0.42969;0.43945;0.44922;0.45898;0.46875;0.47852;0.48828;0.49805;0.50781;0.51758;0.52734;0.53711;0.54688;0.55664;0.56641;0.57617;0.58594;0.5957;0.60547;0.61523;0.625;0.63477;0.64453;0.6543;0.66406;0.67383;0.68359;0.69336;0.70313;0.71289;0.72266;0.73242;0.74219;0.75195;0.76172;0.77148;0.78125;0.79102,0.005382144;0.011084799999999999;0.009053183999999999;0.007102464;0.01048064;0.014646271999999998;0.017934336;0.045503487999999995;0.072996864;0.054317056;0.041627648;0.046252032;0.074483712;0.14259712;0.16239104000000001;0.14040678399999998;0.182764544;0.20176998399999999;0.180529152;0.24019148799999998;0.211111936;0.104725504;0.129199104;0.11953152;0.09176064;0.050896896000000004;0.031906816;0.05018112;0.036247551999999995;0.037532671999999996;0.033334272;0.032052224000000004;0.029391872;0.025231359999999998;0.01768448;0.01624064;0.015541247999999999;0.021676031999999998;0.017467391999999998;0.014259200000000001;0.016833536;0.010707967999999998;0.007752704;0.01150976;0.015405056;0.015461376;0.017629184;0.019679232;0.013569024;0.011538432000000001;0.010734592;0.01208832;0.008148992;0.0039034879999999997;0.005568511999999999;0.006714368;0.005372928;0.0037222400000000004;0.003633152;0.003373056;0.00382464;0.0033832960000000005;0.0028538879999999997;0.00291328;0.0025384959999999995;0.001678336;0.001563648;0.0028395519999999995;0.001875968;0.0033105920000000002;0.0031703039999999997;0.002177024;0.0017479680000000001;0.0012154879999999998;0.001502208;0.001787904;0.001738752;0.0018698239999999997;0.0019455999999999998
1788703200,hdr,0.0293;0.03906;0.04883;0.05859;0.06836;0.07813;0.08789;0.09766;0.10742;0.11719;0.12695;0.13672;0.14648;0.15625;0.16602;0.17578;0.18555;0.19531;0.20508;0.21484;0.22461;0.23438;0.24414;0.25391;0.26367;0.27344;0.2832;0.29297;0.30273;0.3125;0.32227;0.33203;0.3418;0.35156;0.36133;0.37109;0.38086;0.39063;0.40039;0.41016;0.41992;0.42969;0.43945;0.44922;0.45898;0.46875;0.47852;0.48828;0.49805;0.50781;0.51758;0.52734;0.53711;0.54688;0.55664;0.56641;0.57617;0.58594;0.5957;0.60547;0.61523;0.625;0.63477;0.64453;0.6543;0.66406;0.67383;0.68359;0.69336;0.70313;0.71289;0.72266;0.73242;0.74219;0.75195;0.76172;0.77148;0.78125;0.79102,0.003566592;0.010755072000000001;0.010198016;0.009526272;0.008914944;0.014237696;0.016826367999999998;0.063118336;0.108177408;0.061272064;0.028969984;0.023618559999999997;0.039041024;0.09370009600000001;0.11629875199999999;0.18119065599999998;0.29541273599999995;0.29709824;0.228692992;0.14041088000000002;0.09165311999999999;0.116104192;0.120060928;0.087897088;0.043883519999999995;0.033409024;0.045032448;0.040253439999999995;0.027370495999999998;0.039802880000000006;0.026251264;0.028017664;0.026725376;0.018384896;0.012102656;0.014999552;0.016003072;0.011405311999999999;0.014347263999999998;0.016057344;0.014970879999999999;0.009263104;0.010574848;0.008900608;0.007691264;0.008546304;0.010021888000000001;0.010806271999999999;0.009396224;0.008779776;0.009632768;0.010563584;0.007078912000000001;0.006488063999999999;0.007284736;0.006383616;0.003607552;0.0046540800000000005;0.004559872;0.004100095999999999;0.003120128;0.004110336;0.005121024;0.002989056;0.00249856;0.0019128320000000002;0.0018196479999999999;0.0022661120000000002;0.002627584;0.001862656;0.002445312;0.0020633599999999998;0.0018216959999999998;0.001599488;0.001381376;0.001225728;0.0015616000000000002;0.001831936;0.002069504
1788704100,hdr,0.0293;0.03906;0.04883;0.05859;0.06836;0.07813;0.08789;0.09766;0.10742;0.11719;0.12695;0.13672;0.14648;0.15625;0.16602;0.17578;0.18555;0.19531;0.20508;0.21484;0.22461;0.23438;0.24414;0.25391;0.26367;0.27344;0.2832;0.29297;0.30273;0.3125;0.32227;0.33203;0.3418;0.35156;0.36133;0.37109;0.38086;0.39063;0.40039;0.41016;0.41992;0.42969;0.43945;0.44922;0.45898;0.46875;0.47852;0.48828;0.49805;0.50781;0.51758;0.52734;0.53711;0.54688;0.55664;0.56641;0.57617;0.58594;0.5957;0.60547;0.61523;0.625;0.63477;0.64453;0.6543;0.66406;0.67383;0.68359;0.69336;0.70313;0.71289;0.72266;0.73242;0.74219;0.75195;0.76172;0.77148;0.78125;0.79102,0.002697216;0.005070848;0.0060037120000000005;0.0048732160000000005;0.0160512;0.023520256;0.013791232;0.024578047999999998;0.039960576;0.045938688000000005;0.043439104;0.049892352;0.064485376;0.10710016;0.153759744;0.17294950399999998;0.230899712;0.311107584;0.210512896;0.107776;0.11279052799999999;0.078718976;0.064249856;0.074708992;0.100712448;0.080627712;0.07190016;0.071682048;0.0631552;0.056691712;0.032630784;0.027686912;0.0252928;0.026105856;0.024582144;0.017311744000000004;0.020263936000000003;0.012099584;0.012092416;0.015035392;0.015167488000000002;0.011145216000000001;0.008209408;0.006214656;0.006006783999999999;0.007154688;0.0080128;0.006887424;0.01142784;0.010540032;0.005181440000000001;0.005295104;0.007394304;0.0056002560000000005;0.004554752;0.004568063999999999;0.004161536;0.0032204799999999995;0.0037591039999999997;0.003519488;0.0045424639999999995;0.004271104;0.003777536;0.00405504;0.00456192;0.004092928;0.002096128;0.0013905920000000002;0.001903616;0.00217088;0.0021360640000000005;0.001758208;0.00241152;0.0021862400000000003;0.00200192;0.002295808;0.002004992;0.001399808;0.001384448
1788705000,hdr,0.0293;0.03906;0.04883;0.05859;0.06836;0.07813;0.08789;0.09766;0.10742;0.11719;0.12695;0.13672;0.14648;0.15625;0.16602;0.17578;0.18555;0.19531;0.20508;0.21484;0.22461;0.23438;0.24414;0.25391;0.26367;0.27344;0.2832;0.29297;0.30273;0.3125;0.32227;0.33203;0.3418;0.35156;0.36133;0.37109;0.38086;0.39063;0.40039;0.41016;0.41992;0.42969;0.43945;0.44922;0.45898;0.46875;0.47852;0.48828;0.49805;0.50781;0.51758;0.52734;0.53711;0.54688;0.55664;0.56641;0.57617;0.58594;0.5957;0.60547;0.61523;0.625;0.63477;0.64453;0.6543;0.66406;0.67383;0.68359;0.69336;0.70313;0.71289;0.72266;0.73242;0.74219;0.75195;0.76172;0.77148;0.78125;0.79102,0.003526656;0.0074926079999999996;0.011181056;0.005910528;0.013899775999999999;0.019334144;0.01790464;0.029961216;0.06058496;0.045334528;0.024110080000000002;0.033763328;0.033120256;0.06131712;0.130178048;0.15305728;0.14084505600000002;0.158769152;0.174189568;0.13837004800000002;0.144192512;0.14450073599999996;0.125906944;0.069595136;0.04056575999999999;0.045478912;0.054859776;0.053260288;0.04281344;0.03981926399999999;0.043296768000000006;0.027652096;0.034665472;0.024143872000000004;0.018422784;0.020723712;0.012737536;0.013151232;0.015807487999999998;0.019346432;0.011693056;0.007842815999999999;0.007819264;0.006018048000000001;0.006761472000000001;0.009316352;0.009419776;0.007610368;0.006948864000000001;0.00802304;0.006844416;0.005567488000000001;0.006426624000000001;0.004922368;0.004337664;0.00371712;0.0032440319999999996;0.00269312;0.003603456;0.0035706880000000002;0.0035614720000000004;0.002760704;0.0026480640000000003;0.002417664;0.0019476480000000002;0.003948544;0.003951616;0.002794496;0.0023807999999999998;0.0027136;0.002362368;0.001928192;0.0015943679999999999;0.0015103999999999999;0.002148352;0.0016732160000000002;0.0013312;0.001599488;0.001490944
1788705900,hdr,0.0293;0.03906;0.04883;0.05859;0.06836;0.07813;0.08789;0.09766;0.10742;0.11719;0.12695;0.13672;0.14648;0.15625;0.16602;0.17578;0.18555;0.19531;0.20508;0.21484;0.22461;0.23438;0.24414;0.25391;0.26367;0.27344;0.2832;0.29297;0.30273;0.3125;0.32227;0.33203;0.3418;0.35156;0.36133;0.37109;0.38086;0.39063;0.40039;0.41016;0.41992;0.42969;0.43945;0.44922;0.45898;0.46875;0.47852;0.48828;0.49805;0.50781;0.51758;0.52734;0.53711;0.54688;0.55664;0.56641;0.57617;0.58594;0.5957;0.60547;0.61523;0.625;0.63477;0.64453;0.6543;0.66406;0.67383;0.68359;0.69336;0.70313;0.71289;0.72266;0.73242;0.74219;0.75195;0.76172;0.77148;0.78125;0.79102,0.006071296;0.005579776;0.006250496;0.005284863999999999;0.011849728;0.017598464;0.01329664;0.020349951999999998;0.044453888;0.046478335999999995;0.022610944;0.013961216;0.022155264;0.040731648;0.14822092799999997;0.242987008;0.319501312;0.271670272;0.311861248;0.30282240000000005;0.18141081600000003;0.150129664;0.129808384;0.069366784;0.082998272;0.05582336;0.050621440000000004;0.028853247999999998;0.024182784000000002;0.020601855999999998;0.019620864000000002;0.019857408;0.020839424000000002;0.013927424;0.017954816000000002;0.013831168;0.011940863999999999;0.019172352;0.007038976;0.012452864;0.016205824;0.006995968000000001;0.009905152;0.008441856;0.00772096;0.006289408;0.005797888000000001;0.005929984;0.007665664;0.007394304;0.0068157439999999994;0.00575488;0.005649408000000001;0.0063774719999999995;0.004237312;0.004868096000000001;0.004655103999999999;0.004847616;0.004477952;0.003770368;0.0043284479999999995;0.004152319999999999;0.003598336;0.0020572159999999997;0.002603008;0.0026705920000000003;0.003554304;0.0022978559999999996;0.002105344;0.00197632;0.0028303359999999997;0.0026787839999999996;0.002587648;0.0019968;0.002816;0.0023920639999999997;0.002096128;0.00208896;0.001422336
1788706800,hdr,0.0293;0.03906;0.04883;0.05859;0.06836;0.07813;0.08789;0.09766;0.10742;0.11719;0.12695;0.13672;0.14648;0.15625;0.16602;0.17578;0.18555;0.19531;0.20508;0.21484;0.22461;0.23438;0.24414;0.25391;0.26367;0.27344;0.2832;0.29297;0.30273;0.3125;0.32227;0.33203;0.3418;0.35156;0.36133;0.37109;0.38086;0.39063;0.40039;0.41016;0.41992;0.42969;0.43945;0.44922;0.45898;0.46875;0.47852;0.48828;0.49805;0.50781;0.51758;0.52734;0.53711;0.54688;0.55664;0.56641;0.57617;0.58594;0.5957;0.60547;0.61523;0.625;0.63477;0.64453;0.6543;0.66406;0.67383;0.68359;0.69336;0.70313;0.71289;0.72266;0.73242;0.74219;0.75195;0.76172;0.77148;0.78125;0.79102,0.00598016;0.0052172799999999995;0.0050677759999999995;0.007013376;0.011499520000000001;0.017558527999999997;0.008233984;0.043507712;0.07700582400000001;0.039038975999999996;0.032774144;0.030787584;0.042840064;0.073438208;0.102665216;0.119392256;0.169131008;0.11934310399999999;0.13227622400000003;0.154697728;0.084694016;0.10240409599999999;0.07646720000000001;0.04939775999999999;0.036995072;0.048642048;0.04876288;0.046024704;0.037499904;0.030770176;0.014758912;0.017079295999999997;0.014799872;0.02070528;0.024410112;0.012192768;0.008243200000000001;0.007908352;0.009632768;0.009571327999999999;0.014963711999999999;0.01262592;0.009572352000000001;0.010194944;0.006975488;0.005076991999999999;0.004750336;0.007166975999999999;0.007035904000000001;0.0075202559999999995;0.004774911999999999;0.0025405440000000005;0.0020121600000000003;0.003167232;0.004098048000000001;0.00443904;0.00460288;0.004516864;0.0039546880000000005;0.00494592;0.005940224;0.00309248;0.003836928;0.004804608;0.0040867839999999996;0.0030207999999999997;0.003129344;0.0041144319999999995;0.0036812800000000003;0.00192;0.001736704;0.00199168;0.001488896;0.001774592;0.001924096;0.00246272;0.002280448;0.0013404159999999999;0.001065984
1788707700,hdr,0.0293;0.03906;0.04883;0.05859;0.06836;0.07813;0.08789;0.09766;0.10742;0.11719;0.12695;0.13672;0.14648;0.15625;0.16602;0.17578;0.18555;0.19531;0.20508;0.21484;0.22461;0.23438;0.24414;0.25391;0.26367;0.27344;0.2832;0.29297;0.30273;0.3125;0.32227;0.33203;0.3418;0.35156;0.36133;0.37109;0.38086;0.39063;0.40039;0.41016;0.41992;0.42969;0.43945;0.44922;0.45898;0.46875;0.47852;0.48828;0.49805;0.50781;0.51758;0.52734;0.53711;0.54688;0.55664;0.56641;0.57617;0.58594;0.5957;0.60547;0.61523;0.625;0.63477;0.64453;0.6543;0.66406;0.67383;0.68359;0.69336;0.70313;0.71289;0.72266;0.73242;0.74219;0.75195;0.76172;0.77148;0.78125;0.79102,0.0019537919999999998;0.003150848;0.004168704;0.002823168;0.011810816;0.012005376;0.01294848;0.028305408;0.05775871999999999;0.048848896;0.02389504;0.030988288;0.050783232;0.070424576;0.106155008;0.081995776;0.132456448;0.18471321599999999;0.20898816;0.146111488;0.127123456;0.134106112;0.11849625600000001;0.059630591999999996;0.035380224;0.037336063999999995;0.030437376;0.027968511999999997;0.041363456;0.032210944;0.022590464;0.020370432;0.019537919999999997;0.014541824;0.015153152;0.019402752;0.017414144;0.009551872;0.00902144;0.009776128;0.009141248;0.009032704;0.005819392;0.005781504;0.006704127999999999;0.009943039999999998;0.00900608;0.00541184;0.007438335999999999;0.006884352;0.007855104;0.007970816;0.003654656;0.004234239999999999;0.003713024;0.00357376;0.003325952;0.004153344;0.003411968;0.003603456;0.002603008;0.0033300480000000004;0.005083135999999999;0.003765248;0.003406848;0.0025036800000000003;0.0026419199999999994;0.002609152;0.002060288;0.002306048;0.001984512;0.001380352;0.001193984;0.001678336;0.001675264;0.001637376;0.001048576;0.001071104;0.00100352
1788708600,hdr,0.0293;0.03906;0.04883;0.05859;0.06836;0.07813;0.08789;0.09766;0.10742;0.11719;0.12695;0.13672;0.14648;0.15625;0.16602;0.17578;0.18555;0.19531;0.20508;0.21484;0.22461;0.23438;0.24414;0.25391;0.26367;0.27344;0.2832;0.29297;0.30273;0.3125;0.32227;0.33203;0.3418;0.35156;0.36133;0.37109;0.38086;0.39063;0.40039;0.41016;0.41992;0.42969;0.43945;0.44922;0.45898;0.46875;0.47852;0.48828;0.49805;0.50781;0.51758;0.52734;0.53711;0.54688;0.55664;0.56641;0.57617;0.58594;0.5957;0.60547;0.61523;0.625;0.63477;0.64453;0.6543;0.66406;0.67383;0.68359;0.69336;0.70313;0.71289;0.72266;0.73242;0.74219;0.75195;0.76172;0.77148;0.78125;0.79102,0.000635904;0.004259839999999999;0.0076595199999999995;0.0075694080000000006;0.012678144;0.013314047999999998;0.006295551999999999;0.026361856;0.069221376;0.07145574399999999;0.03928576;0.034229248;0.03579392;0.04324966400000001;0.06010368;0.096698368;0.13655961600000002;0.15046246400000002;0.223671296;0.15336140800000003;0.08685158400000001;0.051923968;0.057289728;0.05417472;0.058765312;0.059305984000000006;0.065265664;0.043123712;0.03528704;0.02860032;0.025070592;0.022630400000000002;0.024486912;0.022102016;0.01709056;0.023860224;0.020173824;0.013149184;0.010602496000000001;0.013522944000000002;0.009107456;0.008496128;0.00937472;0.006482943999999999;0.008522752;0.00785408;0.008019968;0.006616064;0.007852032;0.007601152;0.005353472;0.0042752;0.005982207999999999;0.005661696;0.008331264;0.009737216;0.007268352;0.004842496;0.0040519679999999995;0.004616192;0.0033812479999999995;0.0020736;0.003168256;0.002243584;0.002029568;0.001711104;0.00236032;0.002514944;0.0024903679999999997;0.001905664;0.002331648;0.002720768;0.001854464;0.000937984;0.001702912;0.001558528;0.00162816;0.0014028799999999998;0.00128
1788709500,hdr,0.0293;0.03906;0.04883;0.05859;0.06836;0.07813;0.08789;0.09766;0.10742;0.11719;0.12695;0.13672;0.14648;0.15625;0.16602;0.17578;0.18555;0.19531;0.20508;0.21484;0.22461;0.23438;0.24414;0.25391;0.26367;0.27344;0.2832;0.29297;0.30273;0.3125;0.32227;0.33203;0.3418;0.35156;0.36133;0.37109;0.38086;0.39063;0.40039;0.41016;0.41992;0.42969;0.43945;0.44922;0.45898;0.46875;0.47852;0.48828;0.49805;0.50781;0.51758;0.52734;0.53711;0.54688;0.55664;0.56641;0.57617;0.58594;0.5957;0.60547;0.61523;0.625;0.63477;0.64453;0.6543;0.66406;0.67383;0.68359;0.69336;0.70313;0.71289;0.72266;0.73242;0.74219;0.75195;0.76172;0.77148;0.78125;0.79102,0.0012083200000000001;0.004768768;0.0024494079999999997;0.006817792;0.018471935999999998;0.012510208;0.005743616;0.019330048000000002;0.043203584;0.065425408;0.0528384;0.057700351999999996;0.059395072;0.041455616;0.053384192;0.117521408;0.15770009599999998;0.191694848;0.19176448;0.205555712;0.10683596799999999;0.07234355199999999;0.06989926399999999;0.05377024;0.03909632;0.032447488000000003;0.028827648;0.037561343999999997;0.037037056;0.017289216;0.015814656;0.013471743999999999;0.013853696;0.015366144;0.011589631999999999;0.01585152;0.014003199999999999;0.016528383999999997;0.015618048;0.012639232;0.01357824;0.010483712000000001;0.010692608000000001;0.012592128000000001;0.009171967999999999;0.005727232;0.005867519999999999;0.0074004480000000004;0.007795712;0.006063104000000001;0.00463872;0.006057984000000001;0.006781952;0.00479232;0.006704127999999999;0.0052992;0.004846592;0.0026777600000000004;0.002349056;0.002811904;0.003203072;0.002663424;0.0034652159999999997;0.00363008;0.003518464;0.0022814719999999997;0.00208896;0.0021442559999999998;0.002019328;0.001906688;0.002113536;0.002404352;0.001717248;0.002013184;0.001742848;0.001247232;0.0012646399999999998;0.0017305600000000001;0.001477632
1788710400,hdr,0.0293;0.03906;0.04883;0.05859;0.06836;0.07813;0.08789;0.09766;0.10742;0.11719;0.12695;0.13672;0.14648;0.15625;0.16602;0.17578;0.18555;0.19531;0.20508;0.21484;0.22461;0.23438;0.24414;0.25391;0.26367;0.27344;0.2832;0.29297;0.30273;0.3125;0.32227;0.33203;0.3418;0.35156;0.36133;0.37109;0.38086;0.39063;0.40039;0.41016;0.41992;0.42969;0.43945;0.44922;0.45898;0.46875;0.47852;0.48828;0.49805;0.50781;0.51758;0.52734;0.53711;0.54688;0.55664;0.56641;0.57617;0.58594;0.5957;0.60547;0.61523;0.625;0.63477;0.64453;0.6543;0.66406;0.67383;0.68359;0.69336;0.70313;0.71289;0.72266;0.73242;0.74219;0.75195;0.76172;0.77148;0.78125;0.79102,0.003493888;0.008109056;0.010711040000000002;0.009849856000000002;0.016104448000000004;0.017859584;0.017060864;0.033072128;0.0578048;0.062912512;0.049964032000000005;0.039683072;0.04527104;0.047842303999999995;0.0644352;0.11805900800000001;0.15939891199999998;0.187568128;0.15095705599999998;0.06337024000000001;0.06845747199999999;0.07186636799999999;0.080060416;0.09080832;0.045282304;0.024558592;0.027452416;0.023717888;0.019683327999999996;0.024153088;0.032147456;0.028719104000000002;0.018461696;0.01155584;0.011448320000000001;0.013248512;0.010835968;0.012556288;0.012135424;0.01150976;0.008141823999999999;0.007017471999999999;0.007943168;0.009862144;0.008777727999999999;0.005670912;0.006020096;0.00444928;0.00370688;0.003780608;0.005863424;0.0051671040000000005;0.003866624;0.003557376;0.003518464;0.003559424;0.00367616;0.003946496;0.004175872000000001;0.0026398719999999997;0.001655808;0.001814528;0.00245248;0.00167936;0.00197632;0.0019087359999999999;0.002071552;0.001989632;0.001938432;0.002184192;0.0014192640000000002;0.0011601919999999998;0.000893952;0.0009738240000000001;0.0015472639999999998;0.0012441599999999998;0.000863232;0.0008519679999999999;0.0009041920000000001
1788711300,hdr,0.0293;0.03906;0.04883;0.05859;0.06836;0.07813;0.08789;0.09766;0.10742;0.11719;0.12695;0.13672;0.14648;0.15625;0.16602;0.17578;0.18555;0.19531;0.20508;0.21484;0.22461;0.23438;0.24414;0.25391;0.26367;0.27344;0.2832;0.29297;0.30273;0.3125;0.32227;0.33203;0.3418;0.35156;0.36133;0.37109;0.38086;0.39063;0.40039;0.41016;0.41992;0.42969;0.43945;0.44922;0.45898;0.46875;0.47852;0.48828;0.49805;0.50781;0.51758;0.52734;0.53711;0.54688;0.55664;0.56641;0.57617;0.58594;0.5957;0.60547;0.61523;0.625;0.63477;0.64453;0.6543;0.66406;0.67383;0.68359;0.69336;0.70313;0.71289;0.72266;0.73242;0.74219;0.75195;0.76172;0.77148;0.78125;0.79102,0.007180288;0.014752768;0.010896384;0.013656064;0.011367424;0.008464384;0.014928896;0.031859712;0.057449472;0.060055552;0.08132915199999999;0.059686911999999995;0.03453235200000001;0.07119360000000001;0.097161216;0.133241856;0.118853632;0.115798016;0.09325158399999998;0.10509004799999999;0.150925312;0.12920934399999998;0.106085376;0.06545817599999999;0.046570495999999996;0.031853568;0.036482048;0.038841344;0.023018496;0.024190976;0.014219264;0.016097280000000002;0.018592768;0.011388928;0.012762112;0.015104;0.015639552;0.012127232;0.008303616;0.0058941440000000005;0.004856831999999999;0.007947263999999999;0.007362560000000001;0.009068544;0.008029184000000002;0.0070246399999999995;0.006501376;0.005261312;0.006004736;0.00448;0.004803584;0.005277696;0.00539648;0.00319488;0.00472576;0.004768768;0.002952192;0.003134464;0.003393536;0.00301056;0.002820096;0.003431424;0.0039772159999999996;0.003510272;0.00319488;0.002816;0.002466816;0.0018216959999999998;0.0022466560000000005;0.0015851519999999998;0.0019773440000000002;0.002244608;0.0016148479999999999;0.0009349119999999999;0.000774144;0.001238016;0.0011427840000000002;0.0014213119999999999;0.0011755519999999998
1788712200,hdr,0.0293;0.03906;0.04883;0.05859;0.06836;0.07813;0.08789;0.09766;0.10742;0.11719;0.12695;0.13672;0.14648;0.15625;0.16602;0.17578;0.18555;0.19531;0.20508;0.21484;0.22461;0.23438;0.24414;0.25391;0.26367;0.27344;0.2832;0.29297;0.30273;0.3125;0.32227;0.33203;0.3418;0.35156;0.36133;0.37109;0.38086;0.39063;0.40039;0.41016;0.41992;0.42969;0.43945;0.44922;0.45898;0.46875;0.47852;0.48828;0.49805;0.50781;0.51758;0.52734;0.53711;0.54688;0.55664;0.56641;0.57617;0.58594;0.5957;0.60547;0.61523;0.625;0.63477;0.64453;0.6543;0.66406;0.67383;0.68359;0.69336;0.70313;0.71289;0.72266;0.73242;0.74219;0.75195;0.76172;0.77148;0.78125;0.79102,0.006701056;0.018806784;0.017276928;0.0066457600000000006;0.012647424;0.021939200000000002;0.014423040000000002;0.037709824;0.054969343999999996;0.06731161599999999;0.075189248;0.06521344;0.063062016;0.078565376;0.12850688;0.14388531200000002;0.099915776;0.082607104;0.11912191999999999;0.06434918399999999;0.095657984;0.06945791999999999;0.032804864;0.03252736;0.024173568;0.025667584000000004;0.028762111999999996;0.028804096;0.028941312;0.018114560000000002;0.022387712;0.01563648;0.016450559999999996;0.013270015999999999;0.015880191999999998;0.01522176;0.012814336;0.011297792;0.009628672000000001;0.008568832;0.005308416;0.0041144319999999995;0.005293056;0.004921344;0.004759552;0.006397952;0.0030197759999999996;0.002197504;0.0033228800000000003;0.0037632;0.005389312;0.006346752000000001;0.003926016;0.00283136;0.004000768;0.004209664;0.004251648;0.002948096;0.0037898240000000002;0.0038021120000000003;0.002101248;0.002274304;0.0028948479999999998;0.002530304;0.0033382399999999997;0.003703808;0.00236032;0.0012052480000000001;0.002034688;0.002299904;0.0020254720000000004;0.00136192;0.0013240320000000002;0.001615872;0.001325056;0.0017479680000000001;0.001664;0.0008192000000000001;0.000912384
1788713100,hdr,0.0293;0.03906;0.04883;0.05859;0.06836;0.07813;0.08789;0.09766;0.10742;0.11719;0.12695;0.13672;0.14648;0.15625;0.16602;0.17578;0.18555;0.19531;0.20508;0.21484;0.22461;0.23438;0.24414;0.25391;0.26367;0.27344;0.2832;0.29297;0.30273;0.3125;0.32227;0.33203;0.3418;0.35156;0.36133;0.37109;0.38086;0.39063;0.40039;0.41016;0.41992;0.42969;0.43945;0.44922;0.45898;0.46875;0.47852;0.48828;0.49805;0.50781;0.51758;0.52734;0.53711;0.54688;0.55664;0.56641;0.57617;0.58594;0.5957;0.60547;0.61523;0.625;0.63477;0.64453;0.6543;0.66406;0.67383;0.68359;0.69336;0.70313;0.71289;0.72266;0.73242;0.74219;0.75195;0.76172;0.77148;0.78125;0.79102,0.001885184;0.003777536;0.005390335999999999;0.005454848;0.013011967999999999;0.018171904000000003;0.01117184;0.018947072;0.051177472;0.095164416;0.08698572799999998;0.08132096000000001;0.107154432;0.08736358400000001;0.079031296;0.13844991999999998;0.17588224;0.17024512;0.13343232;0.114864128;0.063203328;0.061024256;0.08492953599999999;0.04980224;0.048832512;0.032130048;0.028608512000000003;0.035014656000000005;0.025578496000000003;0.013588480000000002;0.019408896;0.020359168;0.019021824;0.019638272000000002;0.020886527999999998;0.017633279999999998;0.010001408;0.004478976000000001;0.00546304;0.006893568;0.004391936000000001;0.007632896;0.009284608;0.007596032;0.007610368;0.006907904;0.006528;0.005472255999999999;0.00548864;0.004839424;0.0079872;0.0055531520000000004;0.0027566080000000002;0.003928064;0.00530944;0.005945344;0.00587776;0.0028190719999999997;0.00262144;0.004785152;0.0033331199999999997;0.002069504;0.001882112;0.00192;0.0018012159999999998;0.001436672;0.0014346239999999998;0.002328576;0.0029163519999999997;0.0025333760000000004;0.0020879360000000003;0.001789952;0.001833984;0.001414144;0.001088512;0.0011509760000000002;0.00117248;0.001137664;0.00076288
1788714000,hdr,0.0293;0.03906;0.04883;0.05859;0.06836;0.07813;0.08789;0.09766;0.10742;0.11719;0.12695;0.13672;0.14648;0.15625;0.16602;0.17578;0.18555;0.19531;0.20508;0.21484;0.22461;0.23438;0.24414;0.25391;0.26367;0.27344;0.2832;0.29297;0.30273;0.3125;0.32227;0.33203;0.3418;0.35156;0.36133;0.37109;0.38086;0.39063;0.40039;0.41016;0.41992;0.42969;0.43945;0.44922;0.45898;0.46875;0.47852;0.48828;0.49805;0.50781;0.51758;0.52734;0.53711;0.54688;0.55664;0.56641;0.57617;0.58594;0.5957;0.60547;0.61523;0.625;0.63477;0.64453;0.6543;0.66406;0.67383;0.68359;0.69336;0.70313;0.71289;0.72266;0.73242;0.74219;0.75195;0.76172;0.77148;0.78125;0.79102,0.007916544;0.016354303999999997;0.012954624000000001;0.013010944;0.017645568;0.018318336;0.020419583999999998;0.035038208;0.06689075200000001;0.061848576;0.04805632;0.071830528;0.07976755199999999;0.050024448;0.079890432;0.094285824;0.10660352000000001;0.09166540799999999;0.15069286399999998;0.12126822400000001;0.107316224;0.07563673600000001;0.06887833600000001;0.063120384;0.036709375999999995;0.034539520000000004;0.01583616;0.020836352000000002;0.029952;0.031622144;0.02013696;0.020379648;0.018597888000000003;0.020825088;0.013955072;0.010292223999999999;0.012460032;0.011362304;0.013888512;0.014130176000000001;0.007573504;0.009387008;0.008134656;0.007694336;0.005768192;0.0058521599999999995;0.004282368000000001;0.0035850240000000005;0.0036167680000000002;0.004120576;0.00357376;0.003912704;0.004219903999999999;0.003984384;0.004574208;0.004215808;0.003126272;0.002458624;0.0031774719999999998;0.002469888;0.001647616;0.00167936;0.002802688;0.002982912;0.001954816;0.00188928;0.0016066560000000001;0.001655808;0.001498112;0.002706432;0.00160768;0.001021952;0.001442816;0.0012113920000000002;0.0009615359999999999;0.000717824;0.0010956800000000001;0.001118208;0.001102848
1788714900,hdr,0.0293;0.03906;0.04883;0.05859;0.06836;0.07813;0.08789;0.09766;0.10742;0.11719;0.12695;0.13672;0.14648;0.15625;0.16602;0.17578;0.18555;0.19531;0.20508;0.21484;0.22461;0.23438;0.24414;0.25391;0.26367;0.27344;0.2832;0.29297;0.30273;0.3125;0.32227;0.33203;0.3418;0.35156;0.36133;0.37109;0.38086;0.39063;0.40039;0.41016;0.41992;0.42969;0.43945;0.44922;0.45898;0.46875;0.47852;0.48828;0.49805;0.50781;0.51758;0.52734;0.53711;0.54688;0.55664;0.56641;0.57617;0.58594;0.5957;0.60547;0.61523;0.625;0.63477;0.64453;0.6543;0.66406;0.67383;0.68359;0.69336;0.70313;0.71289;0.72266;0.73242;0.74219;0.75195;0.76172;0.77148;0.78125;0.79102,0.022213632;0.029528064000000003;0.02487296;0.009773056;0.026064896;0.019063808;0.011082751999999998;0.031558656;0.056154112;0.088841216;0.096067584;0.059561984000000005;0.04030464;0.043402239999999995;0.052133887999999996;0.05732864;0.085249024;0.178868224;0.15137382400000002;0.109879296;0.098235392;0.06804787200000001;0.050722816;0.032735232;0.028131328;0.0374784;0.021439488;0.017067008;0.01511936;0.014267392;0.015840256;0.014818304000000001;0.015582207999999998;0.013589503999999999;0.015796224;0.017021951999999996;0.011850752;0.009517056000000001;0.007073792000000001;0.006284288000000001;0.005541888;0.008979456;0.006104064;0.005735424;0.005107712;0.007114752;0.005465088;0.003587072;0.0059514880000000004;0.00417792;0.003914752;0.0035522559999999997;0.00318464;0.003831808;0.0029695999999999998;0.0034385919999999994;0.003668992;0.0026419199999999994;0.002106368;0.002203648;0.002352128;0.0019496960000000001;0.001584128;0.002212864;0.0024709120000000005;0.001910784;0.001523712;0.001401856;0.001599488;0.001979392;0.001911808;0.0023019520000000003;0.0020746239999999997;0.00157184;0.0014940160000000001;0.0014336;0.0015063040000000002;0.0014110720000000002;0.0013680639999999998
1788715800,hdr,0.0293;0.03906;0.04883;0.05859;0.06836;0.07813;0.08789;0.09766;0.10742;0.11719;0.12695;0.13672;0.14648;0.15625;0.16602;0.17578;0.18555;0.19531;0.20508;0.21484;0.22461;0.23438;0.24414;0.25391;0.26367;0.27344;0.2832;0.29297;0.30273;0.3125;0.32227;0.33203;0.3418;0.35156;0.36133;0.37109;0.38086;0.39063;0.40039;0.41016;0.41992;0.42969;0.43945;0.44922;0.45898;0.46875;0.47852;0.48828;0.49805;0.50781;0.51758;0.52734;0.53711;0.54688;0.55664;0.56641;0.57617;0.58594;0.5957;0.60547;0.61523;0.625;0.63477;0.64453;0.6543;0.66406;0.67383;0.68359;0.69336;0.70313;0.71289;0.72266;0.73242;0.74219;0.75195;0.76172;0.77148;0.78125;0.79102,0.01127936;0.013487104000000001;0.008264704;0.011907072;0.022033408000000004;0.019156991999999998;0.020419583999999998;0.036188160000000004;0.056738816;0.093001728;0.09282355200000002;0.072066048;0.09133567999999999;0.105257984;0.09639116799999999;0.09785856;0.09200947200000001;0.12852121600000002;0.10633728000000002;0.09610751999999999;0.097147904;0.07562752;0.052271104;0.047165439999999996;0.042986496;0.024193024;0.017484799999999998;0.02270208;0.023269376;0.012360704;0.011290623999999999;0.013735935999999999;0.016402432;0.017998847999999998;0.015675392;0.010445824000000001;0.005915648;0.007760896;0.008693759999999998;0.008335359999999998;0.008352768;0.00866816;0.00571904;0.003917824;0.008597504;0.006006783999999999;0.004548608;0.004263936;0.004083712000000001;0.003924992;0.003965952;0.006129664;0.005045248;0.002572288;0.003099648;0.004061184;0.002499584;0.0031938559999999997;0.0032921599999999997;0.001542144;0.001338368;0.001958912;0.004167679999999999;0.004803584;0.0039321600000000005;0.004767744000000001;0.0039321600000000005;0.003492864;0.003530752;0.003469312;0.0044206079999999995;0.00352256;0.004499456;0.0033884159999999996;0.002939904;0.003039232;0.002456576;0.0016691199999999998;0.001226752
1788716700,hdr,0.0293;0.03906;0.04883;0.05859;0.06836;0.07813;0.08789;0.09766;0.10742;0.11719;0.12695;0.13672;0.14648;0.15625;0.16602;0.17578;0.18555;0.19531;0.20508;0.21484;0.22461;0.23438;0.24414;0.25391;0.26367;0.27344;0.2832;0.29297;0.30273;0.3125;0.32227;0.33203;0.3418;0.35156;0.36133;0.37109;0.38086;0.39063;0.40039;0.41016;0.41992;0.42969;0.43945;0.44922;0.45898;0.46875;0.47852;0.48828;0.49805;0.50781;0.51758;0.52734;0.53711;0.54688;0.55664;0.56641;0.57617;0.58594;0.5957;0.60547;0.61523;0.625;0.63477;0.64453;0.6543;0.66406;0.67383;0.68359;0.69336;0.70313;0.71289;0.72266;0.73242;0.74219;0.75195;0.76172;0.77148;0.78125;0.79102,0.005684224;0.00802304;0.009265152;0.016760832000000003;0.021479424000000004;0.016185344;0.011754496;0.024754176;0.063822848;0.107017216;0.091590656;0.060571648;0.05861888;0.088628224;0.131869696;0.131279872;0.162610176;0.10025881599999999;0.097475584;0.096411648;0.07483187200000001;0.04636672;0.04074496;0.042390528000000004;0.031844352;0.024051712;0.021912576;0.019175424;0.024889344;0.022202368;0.015639552;0.022267904;0.02057728;0.01851904;0.016508928;0.0182528;0.015826944;0.011573248;0.00919552;0.006426624000000001;0.007070719999999999;0.006224896000000001;0.006774784000000001;0.007243776;0.0062627839999999995;0.004215808;0.00393728;0.0039546880000000005;0.004568063999999999;0.00485376;0.005583872;0.00453632;0.004758528000000001;0.0067082240000000005;0.00683008;0.004222976;0.002372608;0.002199552;0.003764224;0.004470783999999999;0.005520384;0.0067481600000000004;0.0058818559999999995;0.004753408000000001;0.003900416;0.00351744;0.003629056;0.003898368;0.004708352;0.003741696;0.0027904;0.002245632;0.00320512;0.0036311040000000004;0.002045952;0.0017356799999999999;0.0017018880000000001;0.001654784;0.002515968
1788717600,hdr,0.0293;0.03906;0.04883;0.05859;0.06836;0.07813;0.08789;0.09766;0.10742;0.11719;0.12695;0.13672;0.14648;0.15625;0.16602;0.17578;0.18555;0.19531;0.20508;0.21484;0.22461;0.23438;0.24414;0.25391;0.26367;0.27344;0.2832;0.29297;0.30273;0.3125;0.32227;0.33203;0.3418;0.35156;0.36133;0.37109;0.38086;0.39063;0.40039;0.41016;0.41992;0.42969;0.43945;0.44922;0.45898;0.46875;0.47852;0.48828;0.49805;0.50781;0.51758;0.52734;0.53711;0.54688;0.55664;0.56641;0.57617;0.58594;0.5957;0.60547;0.61523;0.625;0.63477;0.64453;0.6543;0.66406;0.67383;0.68359;0.69336;0.70313;0.71289;0.72266;0.73242;0.74219;0.75195;0.76172;0.77148;0.78125;0.79102,0.005143552;0.007943168;0.008015872;0.008100864;0.012768255999999999;0.017530880000000002;0.015632384;0.019314688000000003;0.046751744;0.081798144;0.072462336;0.044991487999999996;0.052644864;0.091900928;0.08117759999999999;0.069983232;0.08216576;0.09983795200000001;0.12829593600000003;0.123850752;0.07550976;0.047704064000000004;0.040818688;0.036963328;0.031568896;0.03360768;0.021422080000000003;0.015585279999999998;0.01290752;0.0153088;0.012755968;0.008696832;0.012991488;0.01433088;0.009104384;0.006996992;0.008823807999999999;0.011029503999999999;0.007809024;0.006465536;0.0042936319999999995;0.008093696;0.007801855999999999;0.0032133120000000003;0.0028538879999999997;0.003753984;0.002863104;0.003267584;0.002312192;0.0023767040000000003;0.00276992;0.00351744;0.004517888;0.004178944;0.00239104;0.0044206079999999995;0.004755456;0.006554624;0.005395456;0.003473408;0.0048486399999999995;0.006102016;0.00544768;0.004429824;0.003953664;0.0021944319999999996;0.002807808;0.003718144;0.00234496;0.0031068159999999997;0.00267264;0.0018155520000000002;0.002349056;0.001527808;0.001180672;0.001316864;0.001604608;0.000933888;0.0012288
1788718500,hdr,0.0293;0.03906;0.04883;0.05859;0.06836;0.07813;0.08789;0.09766;0.10742;0.11719;0.12695;0.13672;0.14648;0.15625;0.16602;0.17578;0.18555;0.19531;0.20508;0.21484;0.22461;0.23438;0.24414;0.25391;0.26367;0.27344;0.2832;0.29297;0.30273;0.3125;0.32227;0.33203;0.3418;0.35156;0.36133;0.37109;0.38086;0.39063;0.40039;0.41016;0.41992;0.42969;0.43945;0.44922;0.45898;0.46875;0.47852;0.48828;0.49805;0.50781;0.51758;0.52734;0.53711;0.54688;0.55664;0.56641;0.57617;0.58594;0.5957;0.60547;0.61523;0.625;0.63477;0.64453;0.6543;0.66406;0.67383;0.68359;0.69336;0.70313;0.71289;0.72266;0.73242;0.74219;0.75195;0.76172;0.77148;0.78125;0.79102,0.013912064;0.02029568;0.016146432000000002;0.017518592;0.022787072;0.017112064;0.026691583999999997;0.046372864;0.060423168;0.04391424;0.087200768;0.10681139199999999;0.13126963200000002;0.107382784;0.079041536;0.09379225599999999;0.093692928;0.07740416;0.11398451199999998;0.08557772799999999;0.068262912;0.069757952;0.03634688;0.030025727999999998;0.029595648000000002;0.026892288;0.015280127999999999;0.018836480000000003;0.014639104;0.013342719999999999;0.016203776000000003;0.01324032;0.017340416;0.00973312;0.010754047999999999;0.012056576;0.010758144;0.010020863999999999;0.006249472;0.0036167680000000002;0.004239359999999999;0.006652928;0.007882752;0.006647808;0.00367616;0.003452928;0.00442368;0.00400896;0.003699712;0.0044031999999999995;0.0040366080000000006;0.005296128000000001;0.004379648;0.0027115520000000003;0.00305664;0.0031569919999999995;0.0022476799999999997;0.002528256;0.003221504;0.003035136;0.001831936;0.0020244480000000003;0.002287616;0.002486272;0.002409472;0.002705408;0.0027310080000000005;0.002572288;0.002564096;0.001501184;0.0018196479999999999;0.001765376;0.002084864;0.001512448;0.0010465279999999997;0.001267712;0.0011694079999999998;0.00088576;0.00154624
1788719400,hdr,0.0293;0.03906;0.04883;0.05859;0.06836;0.07813;0.08789;0.09766;0.10742;0.11719;0.12695;0.13672;0.14648;0.15625;0.16602;0.17578;0.18555;0.19531;0.20508;0.21484;0.22461;0.23438;0.24414;0.25391;0.26367;0.27344;0.2832;0.29297;0.30273;0.3125;0.32227;0.33203;0.3418;0.35156;0.36133;0.37109;0.38086;0.39063;0.40039;0.41016;0.41992;0.42969;0.43945;0.44922;0.45898;0.46875;0.47852;0.48828;0.49805;0.50781;0.51758;0.52734;0.53711;0.54688;0.55664;0.56641;0.57617;0.58594;0.5957;0.60547;0.61523;0.625;0.63477;0.64453;0.6543;0.66406;0.67383;0.68359;0.69336;0.70313;0.71289;0.72266;0.73242;0.74219;0.75195;0.76172;0.77148;0.78125;0.79102,0.028827648;0.038760447999999996;0.033250303999999994;0.031328256;0.030170112000000002;0.037428224;0.018504704;0.037161983999999995;0.057494528;0.12529152000000002;0.121059328;0.183550976;0.138727424;0.142774272;0.103673856;0.063540224;0.099574784;0.145778688;0.186722304;0.125561856;0.091343872;0.07156633600000001;0.06157312;0.031392768;0.039223296;0.03006464;0.020996096000000002;0.016861184;0.024643584;0.018991103999999998;0.010433536;0.015502335999999999;0.014606336000000001;0.010964992;0.009405440000000001;0.007809024;0.010978304;0.009074688000000001;0.008722431999999999;0.005691392;0.00367616;0.004407296;0.004753408000000001;0.0043806719999999995;0.0038696959999999997;0.0034826239999999997;0.0027013120000000004;0.002592768;0.0019128320000000002;0.0021524480000000004;0.0020418560000000003;0.0024227840000000003;0.002944;0.002619392;0.0032604160000000004;0.0029992960000000003;0.002816;0.0027320319999999997;0.002330624;0.0023552;0.002895872;0.00188928;0.003016704;0.002262016;0.0023511039999999997;0.00334848;0.002262016;0.001519616;0.0013864959999999999;0.001348608;0.002113536;0.0017807360000000002;0.0011417600000000001;0.001000448;0.0016066560000000001;0.0008560640000000001;0.0010199039999999999;0.0014448640000000001;0.001088512
1788720300,hdr,0.0293;0.03906;0.04883;0.05859;0.06836;0.07813;0.08789;0.09766;0.10742;0.11719;0.12695;0.13672;0.14648;0.15625;0.16602;0.17578;0.18555;0.19531;0.20508;0.21484;0.22461;0.23438;0.24414;0.25391;0.26367;0.27344;0.2832;0.29297;0.30273;0.3125;0.32227;0.33203;0.3418;0.35156;0.36133;0.37109;0.38086;0.39063;0.40039;0.41016;0.41992;0.42969;0.43945;0.44922;0.45898;0.46875;0.47852;0.48828;0.49805;0.50781;0.51758;0.52734;0.53711;0.54688;0.55664;0.56641;0.57617;0.58594;0.5957;0.60547;0.61523;0.625;0.63477;0.64453;0.6543;0.66406;0.67383;0.68359;0.69336;0.70313;0.71289;0.72266;0.73242;0.74219;0.75195;0.76172;0.77148;0.78125;0.79102,0.024671232;0.033909760000000004;0.022290432000000002;0.013556736000000002;0.019789824;0.042139648;0.054166528;0.051434496;0.091541504;0.12513791999999999;0.116733952;0.14865408;0.18166374400000002;0.134729728;0.09529344000000001;0.077647872;0.119150592;0.14262476799999999;0.10732032;0.148777984;0.088301568;0.0560384;0.04783104;0.035601407999999994;0.02935808;0.023142399999999997;0.021485568;0.023264256;0.024032256000000002;0.023926784;0.015973376;0.011568128;0.011331583999999999;0.009852928;0.008207359999999999;0.008029184000000002;0.010907647999999999;0.007873536;0.00555008;0.003248128;0.004687871999999999;0.004417536;0.0023930880000000002;0.003236864;0.002873344;0.002316288;0.0027975680000000003;0.00256;0.003002368;0.0037990400000000005;0.003801088;0.002818048;0.0017397760000000002;0.0024227840000000003;0.0023511039999999997;0.002627584;0.004482048;0.00452608;0.003405824;0.0030197759999999996;0.0026644480000000003;0.002936832;0.005013504;0.006109184;0.0052541440000000005;0.003268608;0.00452096;0.005454848;0.002952192;0.002116608;0.003023872;0.00237056;0.001957888;0.001345536;0.0013690880000000003;0.00143872;0.0024545279999999997;0.002824192;0.0024084479999999997
1788721200,hdr,0.0293;0.03906;0.04883;0.05859;0.06836;0.07813;0.08789;0.09766;0.10742;0.11719;0.12695;0.13672;0.14648;0.15625;0.16602;0.17578;0.18555;0.19531;0.20508;0.21484;0.22461;0.23438;0.24414;0.25391;0.26367;0.27344;0.2832;0.29297;0.30273;0.3125;0.32227;0.33203;0.3418;0.35156;0.36133;0.37109;0.38086;0.39063;0.40039;0.41016;0.41992;0.42969;0.43945;0.44922;0.45898;0.46875;0.47852;0.48828;0.49805;0.50781;0.51758;0.52734;0.53711;0.54688;0.55664;0.56641;0.57617;0.58594;0.5957;0.60547;0.61523;0.625;0.63477;0.64453;0.6543;0.66406;0.67383;0.68359;0.69336;0.70313;0.71289;0.72266;0.73242;0.74219;0.75195;0.76172;0.77148;0.78125;0.79102,0.00909824;0.016171008;0.011817983999999998;0.010174464;0.018835456;0.024904703999999996;0.038163456;0.034460672000000005;0.086694912;0.097307648;0.139659264;0.251777024;0.246549504;0.185790464;0.15967232;0.14102835200000002;0.10477875199999999;0.122072064;0.18168832000000001;0.111794176;0.07867187199999999;0.057495552000000005;0.036892672;0.04833792;0.057426943999999994;0.04208128;0.019735552;0.02051584;0.011626495999999998;0.017375232;0.019273728;0.016741376;0.013138944;0.010571776;0.010371072;0.007891968000000001;0.005919743999999999;0.0054312959999999995;0.004672512;0.004847616;0.003222528;0.004458496;0.0038993920000000002;0.004225024;0.005154816;0.002921472;0.0019527680000000001;0.0026327039999999996;0.0019251199999999998;0.001750016;0.0029695999999999998;0.002958336;0.0029716480000000003;0.003750912;0.0050278400000000004;0.0057026559999999995;0.005628928;0.004409344;0.004123648;0.003040256;0.0029501439999999996;0.0034078719999999997;0.00415744;0.005307392;0.002871296;0.001997824;0.0021207039999999997;0.003617792;0.004040704;0.002907136;0.0021903359999999998;0.002213888;0.002993152;0.0027310080000000005;0.002274304;0.001435648;0.000864256;0.0019476480000000002;0.0018595839999999998
1788722100,hdr,0.0293;0.03906;0.04883;0.05859;0.06836;0.07813;0.08789;0.09766;0.10742;0.11719;0.12695;0.13672;0.14648;0.15625;0.16602;0.17578;0.18555;0.19531;0.20508;0.21484;0.22461;0.23438;0.24414;0.25391;0.26367;0.27344;0.2832;0.29297;0.30273;0.3125;0.32227;0.33203;0.3418;0.35156;0.36133;0.37109;0.38086;0.39063;0.40039;0.41016;0.41992;0.42969;0.43945;0.44922;0.45898;0.46875;0.47852;0.48828;0.49805;0.50781;0.51758;0.52734;0.53711;0.54688;0.55664;0.56641;0.57617;0.58594;0.5957;0.60547;0.61523;0.625;0.63477;0.64453;0.6543;0.66406;0.67383;0.68359;0.69336;0.70313;0.71289;0.72266;0.73242;0.74219;0.75195;0.76172;0.77148;0.78125;0.79102,0.0034672640000000003;0.011744256;0.017622016;0.011669503999999999;0.019844096000000002;0.026737663999999998;0.017754112000000002;0.034198528000000006;0.061700096;0.114704384;0.12109312;0.08291327999999999;0.169723904;0.235689984;0.21169664000000002;0.164744192;0.104306688;0.08793804799999999;0.086648832;0.090988544;0.10364518399999999;0.068169728;0.037466112;0.029186048;0.021139455999999997;0.018373632;0.015465472;0.010981375999999998;0.013882368;0.012210176000000001;0.009028608;0.009535488000000002;0.010981375999999998;0.015097856;0.010392576;0.006775808;0.009191423999999998;0.007772160000000001;0.007835648;0.0078592;0.005578751999999999;0.0031703039999999997;0.0029788160000000004;0.003301376;0.004514816;0.0032440319999999996;0.0027381760000000006;0.003693568;0.00290816;0.002855936;0.0032296959999999998;0.002205696;0.003004416;0.004292608;0.0035942400000000003;0.00549888;0.007084032;0.004455424;0.0032389119999999996;0.00464896;0.006304768;0.0036843519999999997;0.0039495680000000005;0.004539392000000001;0.002142208;0.0020633599999999998;0.0017623040000000001;0.002441216;0.0036976640000000002;0.0028948479999999998;0.002757632;0.0023275519999999997;0.0010516479999999999;0.00146432;0.001901568;0.001672192;0.001217536;0.00068096;0.001403904
1788723000,hdr,0.0293;0.03906;0.04883;0.05859;0.06836;0.07813;0.08789;0.09766;0.10742;0.11719;0.12695;0.13672;0.14648;0.15625;0.16602;0.17578;0.18555;0.19531;0.20508;0.21484;0.22461;0.23438;0.24414;0.25391;0.26367;0.27344;0.2832;0.29297;0.30273;0.3125;0.32227;0.33203;0.3418;0.35156;0.36133;0.37109;0.38086;0.39063;0.40039;0.41016;0.41992;0.42969;0.43945;0.44922;0.45898;0.46875;0.47852;0.48828;0.49805;0.50781;0.51758;0.52734;0.53711;0.54688;0.55664;0.56641;0.57617;0.58594;0.5957;0.60547;0.61523;0.625;0.63477;0.64453;0.6543;0.66406;0.67383;0.68359;0.69336;0.70313;0.71289;0.72266;0.73242;0.74219;0.75195;0.76172;0.77148;0.78125;0.79102,0.00712192;0.012452864;0.010424319999999999;0.009054208;0.017713152000000003;0.025788416;0.021128192;0.07373926400000001;0.13244928;0.174414848;0.10656665599999998;0.160715776;0.295926784;0.288187392;0.222531584;0.162052096;0.09863168000000001;0.12341247999999999;0.120426496;0.100952064;0.089259008;0.054576127999999995;0.050301952;0.050460672000000005;0.028375039999999997;0.025033727999999998;0.02217984;0.021921792000000002;0.016961536;0.011175936;0.010063872;0.008639487999999999;0.007037951999999999;0.005412864;0.006223872;0.007414784;0.0042414079999999995;0.004612096;0.005842944;0.004943871999999999;0.004476928;0.004189184;0.004979712000000001;0.004125696;0.004274175999999999;0.004062208;0.0024330239999999998;0.003652608;0.003182592;0.0020490240000000004;0.0025528319999999997;0.003014656;0.00492544;0.004698112;0.0044103680000000004;0.005054464;0.003852288;0.0055296;0.006784;0.006250496;0.003898368;0.007351295999999999;0.009303039999999999;0.006122496;0.005400576;0.004914176;0.004668415999999999;0.003198976;0.001810432;0.001657856;0.002618368;0.002577408;0.002118656;0.002484224;0.0021032959999999997;0.001586176;0.001692672;0.0020879360000000003;0.0013905920000000002
1788723900,hdr,0.0293;0.03906;0.04883;0.05859;0.06836;0.07813;0.08789;0.09766;0.10742;0.11719;0.12695;0.13672;0.14648;0.15625;0.16602;0.17578;0.18555;0.19531;0.20508;0.21484;0.22461;0.23438;0.24414;0.25391;0.26367;0.27344;0.2832;0.29297;0.30273;0.3125;0.32227;0.33203;0.3418;0.35156;0.36133;0.37109;0.38086;0.39063;0.40039;0.41016;0.41992;0.42969;0.43945;0.44922;0.45898;0.46875;0.47852;0.48828;0.49805;0.50781;0.51758;0.52734;0.53711;0.54688;0.55664;0.56641;0.57617;0.58594;0.5957;0.60547;0.61523;0.625;0.63477;0.64453;0.6543;0.66406;0.67383;0.68359;0.69336;0.70313;0.71289;0.72266;0.73242;0.74219;0.75195;0.76172;0.77148;0.78125;0.79102,0.003427328;0.005520384;0.003652608;0.0045373440000000004;0.015351808000000002;0.031894528000000005;0.02517504;0.03986432;0.103919616;0.15137280000000003;0.13164134400000002;0.169488384;0.262664192;0.29393612799999996;0.12940288;0.097053696;0.082203648;0.13500211200000004;0.12935987200000001;0.085496832;0.050229248;0.052473856;0.04896768;0.024205312;0.015222784000000001;0.019965952000000002;0.018816;0.015889408;0.015355904;0.007391232;0.004754432;0.005955584;0.0075898879999999995;0.006187008;0.006649856;0.007524352000000001;0.005388288000000001;0.005332992;0.0044544;0.00367616;0.0042137599999999996;0.004097024;0.0024227840000000003;0.001664;0.001634304;0.002295808;0.002000896;0.001878016;0.002530304;0.004591616;0.003309568;0.005590016000000001;0.003782656;0.005792768;0.009679871999999999;0.008018944;0.006719488;0.004912128;0.005185536;0.005098496;0.00418816;0.004312064;0.004841472;0.004130816000000001;0.00298496;0.0036085759999999996;0.00277504;0.0039772159999999996;0.004435968;0.0048209920000000005;0.0044851199999999996;0.002577408;0.0019712;0.002707456;0.0022466560000000005;0.00160256;0.002020352;0.00190976;0.001519616
1788724800,hdr,0.0293;0.03906;0.04883;0.05859;0.06836;0.07813;0.08789;0.09766;0.10742;0.11719;0.12695;0.13672;0.14648;0.15625;0.16602;0.17578;0.18555;0.19531;0.20508;0.21484;0.22461;0.23438;0.24414;0.25391;0.26367;0.27344;0.2832;0.29297;0.30273;0.3125;0.32227;0.33203;0.3418;0.35156;0.36133;0.37109;0.38086;0.39063;0.40039;0.41016;0.41992;0.42969;0.43945;0.44922;0.45898;0.46875;0.47852;0.48828;0.49805;0.50781;0.51758;0.52734;0.53711;0.54688;0.55664;0.56641;0.57617;0.58594;0.5957;0.60547;0.61523;0.625;0.63477;0.64453;0.6543;0.66406;0.67383;0.68359;0.69336;0.70313;0.71289;0.72266;0.73242;0.74219;0.75195;0.76172;0.77148;0.78125;0.79102,0.003883008;0.002927616;0.002612224;0.009906176;0.013472768;0.012824576;0.013906944;0.058037248;0.122968064;0.14975180800000001;0.12072038399999999;0.1005056;0.19570073600000001;0.242451456;0.195625984;0.153129984;0.124924928;0.081222656;0.052712448;0.052825088000000006;0.043313152;0.032763903999999996;0.0356352;0.032474112;0.026651648;0.017426432;0.01549824;0.021565439999999998;0.014680064;0.009668608;0.006724608;0.009419776;0.008292352;0.008956928;0.009245696;0.007242752000000001;0.005363712;0.004287487999999999;0.004738048;0.005051392;0.004967424;0.004022272;0.0020930559999999994;0.0021370879999999997;0.0022906879999999995;0.003853312;0.0047841279999999995;0.004317184;0.0034580479999999996;0.0030453760000000002;0.003827712;0.004794368;0.006918144;0.0068474880000000005;0.00706048;0.006436864;0.006336512;0.0055705600000000004;0.004804608;0.003288064;0.0049879040000000005;0.0049807359999999995;0.004007936;0.003018752;0.0037621760000000003;0.004163584;0.0033228800000000003;0.001818624;0.002578432;0.002676736;0.0016230399999999999;0.0021217280000000002;0.0019087359999999999;0.002924544;0.003249152;0.002130944;0.002127872;0.00238592;0.0015964160000000002
1788725700,hdr,0.0293;0.03906;0.04883;0.05859;0.06836;0.07813;0.08789;0.09766;0.10742;0.11719;0.12695;0.13672;0.14648;0.15625;0.16602;0.17578;0.18555;0.19531;0.20508;0.21484;0.22461;0.23438;0.24414;0.25391;0.26367;0.27344;0.2832;0.29297;0.30273;0.3125;0.32227;0.33203;0.3418;0.35156;0.36133;0.37109;0.38086;0.39063;0.40039;0.41016;0.41992;0.42969;0.43945;0.44922;0.45898;0.46875;0.47852;0.48828;0.49805;0.50781;0.51758;0.52734;0.53711;0.54688;0.55664;0.56641;0.57617;0.58594;0.5957;0.60547;0.61523;0.625;0.63477;0.64453;0.6543;0.66406;0.67383;0.68359;0.69336;0.70313;0.71289;0.72266;0.73242;0.74219;0.75195;0.76172;0.77148;0.78125;0.79102,0.0031068159999999997;0.00766464;0.006438912000000001;0.007044096;0.014605312;0.027291647999999998;0.037336063999999995;0.078808064;0.10269183999999999;0.146557952;0.14185984;0.100262912;0.10452070399999999;0.113405952;0.1238016;0.106077184;0.069933056;0.08668672;0.11945779200000001;0.07822233599999999;0.03692032;0.03104256;0.022999040000000002;0.019089408;0.0132096;0.010551296;0.009033728;0.009345024;0.010227712;0.007145472;0.0072038399999999995;0.006018048000000001;0.006785024000000001;0.004955136000000001;0.00425472;0.003400704;0.005343232;0.005097472;0.002803712;0.00238592;0.002861056;0.004059136;0.005398528;0.004824064;0.004122624;0.003607552;0.002742272;0.0037990400000000005;0.0037632;0.0031334399999999995;0.0038430719999999995;0.0028846080000000003;0.00510464;0.007846912;0.011137023999999999;0.008774656;0.006082560000000001;0.004844544;0.0067952640000000005;0.0059514880000000004;0.004400128;0.004503552;0.004301823999999999;0.0032296959999999998;0.003027968;0.003866624;0.003373056;0.003518464;0.0033740800000000002;0.0037375999999999998;0.0037375999999999998;0.0027658239999999996;0.0028272640000000003;0.002763776;0.002881536;0.0022476799999999997;0.001645568;0.0016936960000000002;0.0015493120000000002
1788726600,hdr,0.0293;0.03906;0.04883;0.05859;0.06836;0.07813;0.08789;0.09766;0.10742;0.11719;0.12695;0.13672;0.14648;0.15625;0.16602;0.17578;0.18555;0.19531;0.20508;0.21484;0.22461;0.23438;0.24414;0.25391;0.26367;0.27344;0.2832;0.29297;0.30273;0.3125;0.32227;0.33203;0.3418;0.35156;0.36133;0.37109;0.38086;0.39063;0.40039;0.41016;0.41992;0.42969;0.43945;0.44922;0.45898;0.46875;0.47852;0.48828;0.49805;0.50781;0.51758;0.52734;0.53711;0.54688;0.55664;0.56641;0.57617;0.58594;0.5957;0.60547;0.61523;0.625;0.63477;0.64453;0.6543;0.66406;0.67383;0.68359;0.69336;0.70313;0.71289;0.72266;0.73242;0.74219;0.75195;0.76172;0.77148;0.78125;0.79102,0.007635968;0.01568768;0.009602048;0.01062912;0.031741952000000004;0.052407296;0.034356224;0.037818368000000005;0.14093312;0.154523648;0.124423168;0.11476172800000001;0.091209728;0.090518528;0.10876211200000001;0.107932672;0.11319705599999999;0.08431104;0.06433484799999999;0.041811968;0.042435584;0.031008768;0.029883391999999998;0.0258304;0.014705664;0.013794304;0.009430016;0.0099584;0.012242943999999999;0.009112576;0.006754304;0.004416512;0.0052520959999999995;0.004554752;0.003508224;0.00319488;0.002671616;0.00203264;0.0031559680000000003;0.003587072;0.0026286079999999997;0.001911808;0.004359168000000001;0.0037058559999999996;0.002275328;0.004603904000000001;0.006286336;0.004905984;0.005085184;0.006065152;0.008041472000000001;0.008629247999999999;0.008933376;0.009839616;0.008390656;0.004182015999999999;0.005049344;0.005105663999999999;0.004998144;0.003698688;0.0049653760000000005;0.00444928;0.003359744;0.003652608;0.004227072;0.003625984;0.0023500800000000005;0.002051072;0.001872896;0.003617792;0.003324928;0.0020121600000000003;0.0024903679999999997;0.002929664;0.0034918399999999995;0.00283648;0.0022712319999999998;0.001707008;0.001810432
1788727500,hdr,0.0293;0.03906;0.04883;0.05859;0.06836;0.07813;0.08789;0.09766;0.10742;0.11719;0.12695;0.13672;0.14648;0.15625;0.16602;0.17578;0.18555;0.19531;0.20508;0.21484;0.22461;0.23438;0.24414;0.25391;0.26367;0.27344;0.2832;0.29297;0.30273;0.3125;0.32227;0.33203;0.3418;0.35156;0.36133;0.37109;0.38086;0.39063;0.40039;0.41016;0.41992;0.42969;0.43945;0.44922;0.45898;0.46875;0.47852;0.48828;0.49805;0.50781;0.51758;0.52734;0.53711;0.54688;0.55664;0.56641;0.57617;0.58594;0.5957;0.60547;0.61523;0.625;0.63477;0.64453;0.6543;0.66406;0.67383;0.68359;0.69336;0.70313;0.71289;0.72266;0.73242;0.74219;0.75195;0.76172;0.77148;0.78125;0.79102,0.007599104;0.01862656;0.018587648000000002;0.012498944;0.041137152;0.047154176;0.034726912;0.047050752;0.077104128;0.077186048;0.07962726399999999;0.128963584;0.168014848;0.154667008;0.08126054399999999;0.066510848;0.07902412800000001;0.067403776;0.043536384;0.040247296;0.026861568;0.018347007999999998;0.022065152;0.017650687999999998;0.017652736000000002;0.019890176;0.009588736;0.011054079999999999;0.00772096;0.005737472;0.005144576;0.004279296;0.003725312;0.003587072;0.00375808;0.0036392959999999998;0.002603008;0.00239104;0.002441216;0.0023336960000000006;0.0034037760000000003;0.0035123199999999998;0.003851264;0.002208768;0.0019128320000000002;0.002489344;0.003575808;0.0047104;0.006151168;0.004446208000000001;0.007061504;0.0061808639999999995;0.005384192;0.005094400000000001;0.005922816;0.007472128;0.0037621760000000003;0.005978112;0.007860223999999999;0.005141504;0.00339968;0.004830208;0.002568192;0.0029788160000000004;0.00370688;0.00371712;0.0037898240000000002;0.003731456;0.0031426559999999997;0.0023920639999999997;0.002824192;0.002366464;0.002143232;0.002803712;0.003326976;0.0025825279999999997;0.0018698239999999997;0.00252416;0.0034048
1788728400,hdr,0.0293;0.03906;0.04883;0.05859;0.06836;0.07813;0.08789;0.09766;0.10742;0.11719;0.12695;0.13672;0.14648;0.15625;0.16602;0.17578;0.18555;0.19531;0.20508;0.21484;0.22461;0.23438;0.24414;0.25391;0.26367;0.27344;0.2832;0.29297;0.30273;0.3125;0.32227;0.33203;0.3418;0.35156;0.36133;0.37109;0.38086;0.39063;0.40039;0.41016;0.41992;0.42969;0.43945;0.44922;0.45898;0.46875;0.47852;0.48828;0.49805;0.50781;0.51758;0.52734;0.53711;0.54688;0.55664;0.56641;0.57617;0.58594;0.5957;0.60547;0.61523;0.625;0.63477;0.64453;0.6543;0.66406;0.67383;0.68359;0.69336;0.70313;0.71289;0.72266;0.73242;0.74219;0.75195;0.76172;0.77148;0.78125;0.79102,0.009309184;0.011097088;0.009214976;0.007230464;0.012614656;0.032041984;0.030137343999999996;0.045490176;0.10448384;0.11017728;0.105207808;0.100452352;0.08462745599999999;0.089715712;0.10369638399999999;0.11743846399999999;0.089761792;0.07489433599999999;0.041353216;0.040219648000000004;0.05019648;0.026635264;0.022154240000000002;0.018580480000000003;0.016311296;0.015327232;0.009405440000000001;0.008057855999999999;0.007519232;0.005270527999999999;0.004435968;0.005414912;0.00430592;0.0037591039999999997;0.00410624;0.005362688;0.00536576;0.003836928;0.002407424;0.003509248;0.002890752;0.0034181119999999996;0.005336064000000001;0.00553472;0.005192703999999999;0.008500224;0.009549823999999998;0.00994816;0.012249088;0.008403968000000001;0.008546304;0.007414784;0.007478272;0.007322624;0.0060037120000000005;0.008565759999999999;0.009161728000000001;0.007702528;0.006192128000000001;0.005193728;0.005330944;0.005989376;0.004477952;0.008839168000000001;0.009596928;0.006497279999999999;0.004430848;0.007018496;0.006325248;0.004099072;0.003328;0.003889152;0.003606528;0.004108288;0.0028897280000000003;0.002107392;0.00200704;0.00159744;0.002719744
1788729300,hdr,0.0293;0.03906;0.04883;0.05859;0.06836;0.07813;0.08789;0.09766;0.10742;0.11719;0.12695;0.13672;0.14648;0.15625;0.16602;0.17578;0.18555;0.19531;0.20508;0.21484;0.22461;0.23438;0.24414;0.25391;0.26367;0.27344;0.2832;0.29297;0.30273;0.3125;0.32227;0.33203;0.3418;0.35156;0.36133;0.37109;0.38086;0.39063;0.40039;0.41016;0.41992;0.42969;0.43945;0.44922;0.45898;0.46875;0.47852;0.48828;0.49805;0.50781;0.51758;0.52734;0.53711;0.54688;0.55664;0.56641;0.57617;0.58594;0.5957;0.60547;0.61523;0.625;0.63477;0.64453;0.6543;0.66406;0.67383;0.68359;0.69336;0.70313;0.71289;0.72266;0.73242;0.74219;0.75195;0.76172;0.77148;0.78125;0.79102,0.0038860800000000005;0.008239103999999999;0.008223744;0.0068229119999999996;0.012420096;0.025233408;0.044822528;0.07778304;0.14771302399999997;0.14013337599999998;0.095921152;0.12646912000000002;0.113001472;0.10402816000000001;0.077343744;0.098840576;0.109872128;0.07354982400000001;0.078009344;0.059392;0.023135232;0.032273408;0.035971072;0.024528896;0.016362496;0.017215488;0.012863488;0.01163776;0.010141696;0.007289856000000001;0.0043827200000000005;0.002881536;0.004037632;0.003848192;0.00298496;0.003848192;0.005272576;0.005997568;0.004774911999999999;0.004426751999999999;0.004673536;0.005902336;0.007960576;0.006786047999999999;0.0058347519999999995;0.004939776;0.008851456;0.01082368;0.011075584;0.010138624;0.0077465599999999996;0.006833152;0.004983808;0.00480768;0.005941248;0.007627776;0.005833728;0.003721216;0.004755456;0.007687167999999999;0.008501248;0.0060835839999999995;0.005387264;0.00515584;0.005588992;0.006263808;0.003851264;0.004707328;0.00573952;0.0046540800000000005;0.003290112;0.003125248;0.00277504;0.002767872;0.0024309759999999996;0.002125824;0.00246272;0.002486272;0.0020797439999999997
1788730200,hdr,0.0293;0.03906;0.04883;0.05859;0.06836;0.07813;0.08789;0.09766;0.10742;0.11719;0.12695;0.13672;0.14648;0.15625;0.16602;0.17578;0.18555;0.19531;0.20508;0.21484;0.22461;0.23438;0.24414;0.25391;0.26367;0.27344;0.2832;0.29297;0.30273;0.3125;0.32227;0.33203;0.3418;0.35156;0.36133;0.37109;0.38086;0.39063;0.40039;0.41016;0.41992;0.42969;0.43945;0.44922;0.45898;0.46875;0.47852;0.48828;0.49805;0.50781;0.51758;0.52734;0.53711;0.54688;0.55664;0.56641;0.57617;0.58594;0.5957;0.60547;0.61523;0.625;0.63477;0.64453;0.6543;0.66406;0.67383;0.68359;0.69336;0.70313;0.71289;0.72266;0.73242;0.74219;0.75195;0.76172;0.77148;0.78125;0.79102,0.0035706880000000002;0.006188032;0.008501248;0.006204416;0.021266432;0.048658432;0.076916736;0.068219904;0.060355584000000004;0.069998592;0.132796416;0.129942528;0.139764736;0.128741376;0.113512448;0.055848959999999996;0.036792319999999996;0.030850048;0.029303808;0.028939264000000003;0.029836288;0.020823039999999998;0.028342272;0.027728896;0.019064831999999997;0.015613951999999999;0.015111168;0.01388032;0.009755648;0.007717888;0.007694336;0.00443392;0.0037621760000000003;0.002935808;0.003222528;0.0039546880000000005;0.003161088;0.0036843519999999997;0.004552704;0.004896768;0.0038932479999999998;0.004596736;0.005245952;0.005559295999999999;0.0055080960000000005;0.0055808;0.00695808;0.010180608;0.009206784;0.007497728;0.006279168000000001;0.005668864000000001;0.006120448;0.0047339520000000005;0.007999488;0.005776384;0.0042496;0.004994048000000001;0.004553728;0.003607552;0.003777536;0.003478528;0.002650112;0.003175424;0.0028692479999999996;0.0030453760000000002;0.00296448;0.003187712;0.002220032;0.002460672;0.002238464;0.0017121280000000003;0.0025405440000000005;0.002579456;0.0028426239999999998;0.002009088;0.002962432;0.002158592;0.0022097920000000004
1788731100,hdr,0.0293;0.03906;0.04883;0.05859;0.06836;0.07813;0.08789;0.09766;0.10742;0.11719;0.12695;0.13672;0.14648;0.15625;0.16602;0.17578;0.18555;0.19531;0.20508;0.21484;0.22461;0.23438;0.24414;0.25391;0.26367;0.27344;0.2832;0.29297;0.30273;0.3125;0.32227;0.33203;0.3418;0.35156;0.36133;0.37109;0.38086;0.39063;0.40039;0.41016;0.41992;0.42969;0.43945;0.44922;0.45898;0.46875;0.47852;0.48828;0.49805;0.50781;0.51758;0.52734;0.53711;0.54688;0.55664;0.56641;0.57617;0.58594;0.5957;0.60547;0.61523;0.625;0.63477;0.64453;0.6543;0.66406;0.67383;0.68359;0.69336;0.70313;0.71289;0.72266;0.73242;0.74219;0.75195;0.76172;0.77148;0.78125;0.79102,0.006252544;0.01392128;0.008132608;0.00448;0.017293312;0.038130688;0.042549248;0.071028736;0.105347072;0.11540582399999999;0.125336576;0.12303667199999999;0.087146496;0.07852339200000001;0.06997708799999999;0.06231552;0.035702784;0.043874304;0.023657472;0.019658752;0.027038720000000002;0.00881152;0.0132864;0.01961984;0.019894272;0.014064640000000002;0.011311103999999999;0.012674048;0.007202816000000001;0.005094400000000001;0.005063679999999999;0.007556096000000001;0.008288256;0.006462464;0.005706752;0.00654336;0.0073656319999999996;0.007245824;0.005863424;0.00651264;0.0057088;0.0066713599999999994;0.007719935999999999;0.009804799999999999;0.0070912;0.006644736;0.005487616;0.004366336;0.007177215999999999;0.010300416000000001;0.006104064;0.004861951999999999;0.003951616;0.005042176000000001;0.005094400000000001;0.005206016;0.005343232;0.0069847039999999996;0.005466112;0.0026071040000000003;0.003584;0.004257792000000001;0.003049472;0.002806784;0.0031160320000000004;0.0034263040000000002;0.00381952;0.001610752;0.0020654080000000003;0.0024012799999999996;0.003039232;0.002589696;0.002676736;0.002761728;0.0027392;0.002372608;0.002920448;0.002829312;0.001507328
1788732000,hdr,0.0293;0.03906;0.04883;0.05859;0.06836;0.07813;0.08789;0.09766;0.10742;0.11719;0.12695;0.13672;0.14648;0.15625;0.16602;0.17578;0.18555;0.19531;0.20508;0.21484;0.22461;0.23438;0.24414;0.25391;0.26367;0.27344;0.2832;0.29297;0.30273;0.3125;0.32227;0.33203;0.3418;0.35156;0.36133;0.37109;0.38086;0.39063;0.40039;0.41016;0.41992;0.42969;0.43945;0.44922;0.45898;0.46875;0.47852;0.48828;0.49805;0.50781;0.51758;0.52734;0.53711;0.54688;0.55664;0.56641;0.57617;0.58594;0.5957;0.60547;0.61523;0.625;0.63477;0.64453;0.6543;0.66406;0.67383;0.68359;0.69336;0.70313;0.71289;0.72266;0.73242;0.74219;0.75195;0.76172;0.77148;0.78125;0.79102,0.0025374720000000003;0.005359616;0.004529152;0.006982656000000001;0.018708480000000003;0.063461376;0.08116940800000001;0.06678015999999999;0.06910668800000001;0.056759296;0.086232064;0.16008704;0.116832256;0.090788864;0.08161279999999999;0.064054272;0.055829504;0.047735808;0.0284416;0.024741888;0.02386432;0.017923072;0.021346304;0.013350911999999998;0.008685568;0.008427519999999999;0.010032128000000001;0.00645632;0.006879232;0.005535744;0.0059648;0.00787968;0.005572608000000001;0.00763904;0.0065587200000000005;0.0081408;0.010252288;0.013180928;0.011838464;0.009715712;0.008802304;0.012469247999999999;0.015270911999999998;0.016669696;0.011065344;0.012284928;0.008679424;0.007378943999999999;0.008383488;0.006600704000000001;0.00614912;0.0066048;0.012355584000000001;0.011409408000000001;0.010191872;0.007357440000000001;0.005211136;0.0068751360000000004;0.006689791999999999;0.0064296959999999995;0.003136512;0.0025856;0.003555328;0.0033812479999999995;0.003692544;0.0042956800000000005;0.003453952;0.0028416;0.0029378560000000004;0.0025139200000000002;0.003360768;0.002432;0.00138752;0.0020398079999999997;0.0034652159999999997;0.0038789120000000004;0.002530304;0.00239104;0.002459648
1788732900,hdr,0.0293;0.03906;0.04883;0.05859;0.06836;0.07813;0.08789;0.09766;0.10742;0.11719;0.12695;0.13672;0.14648;0.15625;0.16602;0.17578;0.18555;0.19531;0.20508;0.21484;0.22461;0.23438;0.24414;0.25391;0.26367;0.27344;0.2832;0.29297;0.30273;0.3125;0.32227;0.33203;0.3418;0.35156;0.36133;0.37109;0.38086;0.39063;0.40039;0.41016;0.41992;0.42969;0.43945;0.44922;0.45898;0.46875;0.47852;0.48828;0.49805;0.50781;0.51758;0.52734;0.53711;0.54688;0.55664;0.56641;0.57617;0.58594;0.5957;0.60547;0.61523;0.625;0.63477;0.64453;0.6543;0.66406;0.67383;0.68359;0.69336;0.70313;0.71289;0.72266;0.73242;0.74219;0.75195;0.76172;0.77148;0.78125;0.79102,0.003924992;0.00938496;0.008549376000000001;0.01100288;0.018030591999999998;0.036414464;0.069009408;0.09087488;0.09475584000000001;0.111970304;0.137634816;0.107000832;0.06408704;0.063187968;0.055006208;0.043350016;0.029701119999999998;0.026249216;0.038134784000000005;0.0407296;0.029377536;0.026693632000000002;0.014900224;0.015333376000000001;0.012750848;0.008999936;0.01048064;0.013553663999999998;0.010384384;0.006682624;0.00473088;0.004344832000000001;0.005722112;0.0059115520000000005;0.006964224;0.005634048;0.004171776000000001;0.008326144;0.008787967999999998;0.006346752000000001;0.008594431999999999;0.013251583999999999;0.011788288000000001;0.011324415999999999;0.016569344;0.012194815999999999;0.008493055999999999;0.009309184;0.007588864000000001;0.007768064000000001;0.008189952;0.008977408000000001;0.008184832;0.00609792;0.009423872;0.008356864;0.007549952;0.004502528;0.00428032;0.0048711679999999995;0.004041728;0.003848192;0.005377023999999999;0.004430848;0.0033638400000000003;0.002425856;0.0029409279999999998;0.002865152;0.003854336;0.0033873920000000004;0.003339264;0.0035706880000000002;0.0020172799999999998;0.0029009920000000002;0.0020183040000000003;0.0014878720000000001;0.0022886399999999998;0.002699264;0.00232448
1788733800,hdr,0.0293;0.03906;0.04883;0.05859;0.06836;0.07813;0.08789;0.09766;0.10742;0.11719;0.12695;0.13672;0.14648;0.15625;0.16602;0.17578;0.18555;0.19531;0.20508;0.21484;0.22461;0.23438;0.24414;0.25391;0.26367;0.27344;0.2832;0.29297;0.30273;0.3125;0.32227;0.33203;0.3418;0.35156;0.36133;0.37109;0.38086;0.39063;0.40039;0.41016;0.41992;0.42969;0.43945;0.44922;0.45898;0.46875;0.47852;0.48828;0.49805;0.50781;0.51758;0.52734;0.53711;0.54688;0.55664;0.56641;0.57617;0.58594;0.5957;0.60547;0.61523;0.625;0.63477;0.64453;0.6543;0.66406;0.67383;0.68359;0.69336;0.70313;0.71289;0.72266;0.73242;0.74219;0.75195;0.76172;0.77148;0.78125;0.79102,0.004042752;0.008988671999999998;0.00609792;0.005856256000000001;0.017364992000000003;0.039556096;0.07978598399999999;0.096033792;0.12111974399999999;0.07339008;0.033026048;0.05043712;0.056630271999999995;0.063194112;0.042740735999999994;0.028971008000000003;0.040907776;0.054532096;0.036013055999999995;0.02164224;0.022912;0.024415232;0.022317056000000002;0.015648768;0.009778176;0.014016512;0.012883967999999999;0.008262655999999998;0.0070092800000000005;0.00502272;0.005213184;0.004195328;0.003662848;0.00467968;0.005030912;0.00478208;0.0046868479999999995;0.00544768;0.01004544;0.010224640000000002;0.006004736;0.005774336000000001;0.008812544000000002;0.008525824000000001;0.008620032;0.007605247999999999;0.00955904;0.010645504;0.009083904;0.007483392;0.00603648;0.007570432000000001;0.008044544;0.006866944000000001;0.006094848;0.0027320319999999997;0.005152768;0.008290304;0.008396800000000001;0.006121471999999999;0.007630848;0.005637120000000001;0.004994048000000001;0.006183936;0.00522752;0.004072447999999999;0.0040192;0.004844544;0.006329344;0.004596736;0.002423808;0.0029265919999999996;0.003048448;0.00272384;0.002219008;0.001855488;0.001692672;0.002633728;0.001446912
1788734700,hdr,0.0293;0.03906;0.04883;0.05859;0.06836;0.07813;0.08789;0.09766;0.10742;0.11719;0.12695;0.13672;0.14648;0.15625;0.16602;0.17578;0.18555;0.19531;0.20508;0.21484;0.22461;0.23438;0.24414;0.25391;0.26367;0.27344;0.2832;0.29297;0.30273;0.3125;0.32227;0.33203;0.3418;0.35156;0.36133;0.37109;0.38086;0.39063;0.40039;0.41016;0.41992;0.42969;0.43945;0.44922;0.45898;0.46875;0.47852;0.48828;0.49805;0.50781;0.51758;0.52734;0.53711;0.54688;0.55664;0.56641;0.57617;0.58594;0.5957;0.60547;0.61523;0.625;0.63477;0.64453;0.6543;0.66406;0.67383;0.68359;0.69336;0.70313;0.71289;0.72266;0.73242;0.74219;0.75195;0.76172;0.77148;0.78125;0.79102,0.005265407999999999;0.008441856;0.009834496;0.00901632;0.016138239999999998;0.042305536;0.05140992;0.09666662399999999;0.107037696;0.0872704;0.064889856;0.085728256;0.049260544;0.068743168;0.065787904;0.059585536;0.057967616;0.037481471999999995;0.028730368;0.024920064;0.021446655999999998;0.027291647999999998;0.021833728;0.017611776;0.01535488;0.0127488;0.010563584;0.009348096;0.007300096;0.005057536;0.003412992;0.00320512;0.003913728;0.006683648;0.006514687999999999;0.005110783999999999;0.005475328000000001;0.003592192;0.003848192;0.0053688320000000005;0.006936576;0.009924607999999998;0.012926976;0.012555264;0.008773632;0.007273472;0.004861951999999999;0.004846592;0.007314432;0.008978432;0.008159231999999999;0.006201344;0.0061255680000000005;0.008282112;0.0051148800000000005;0.005813247999999999;0.0054435840000000004;0.00473088;0.006828032;0.006335487999999999;0.003514368;0.0032532480000000003;0.003529728;0.0048660479999999996;0.00380416;0.004600831999999999;0.004633600000000001;0.003332096;0.001933312;0.002489344;0.002952192;0.0027013120000000004;0.001468416;0.0019650559999999997;0.001618944;0.001405952;0.001242112;0.001942528;0.00195072
1788735600,hdr,0.0293;0.03906;0.04883;0.05859;0.06836;0.07813;0.08789;0.09766;0.10742;0.11719;0.12695;0.13672;0.14648;0.15625;0.16602;0.17578;0.18555;0.19531;0.20508;0.21484;0.22461;0.23438;0.24414;0.25391;0.26367;0.27344;0.2832;0.29297;0.30273;0.3125;0.32227;0.33203;0.3418;0.35156;0.36133;0.37109;0.38086;0.39063;0.40039;0.41016;0.41992;0.42969;0.43945;0.44922;0.45898;0.46875;0.47852;0.48828;0.49805;0.50781;0.51758;0.52734;0.53711;0.54688;0.55664;0.56641;0.57617;0.58594;0.5957;0.60547;0.61523;0.625;0.63477;0.64453;0.6543;0.66406;0.67383;0.68359;0.69336;0.70313;0.71289;0.72266;0.73242;0.74219;0.75195;0.76172;0.77148;0.78125;0.79102,0.0036515840000000003;0.005965824;0.0046346239999999995;0.0037048320000000004;0.004112384;0.022755328;0.063384576;0.078661632;0.08921702399999999;0.163371008;0.133387264;0.075930624;0.06235136;0.053320704;0.05092864;0.042131456;0.034157568;0.024437760000000003;0.02912768;0.033048575999999996;0.027402239999999998;0.018310144;0.027892736;0.015616;0.01129472;0.014800896000000001;0.011015168;0.010721280000000001;0.012815360000000001;0.010536960000000001;0.008925184;0.008910848;0.007432192;0.007624704;0.00320512;0.004285440000000001;0.006098944;0.004932608;0.005122048000000001;0.0059965439999999995;0.008595456;0.01113088;0.012013567999999999;0.012634112;0.008500224;0.005750784000000001;0.00689152;0.007559168;0.0047790079999999995;0.008584192;0.008403968000000001;0.006813696;0.006701056;0.008035328;0.007003135999999999;0.004788223999999999;0.004291584000000001;0.004649983999999999;0.005298175999999999;0.005959679999999999;0.009235455999999998;0.004887552000000001;0.002993152;0.003873792;0.002691072;0.001799168;0.0022784000000000003;0.0029255680000000004;0.0019394560000000002;0.0024002560000000004;0.0027023359999999996;0.002523136;0.001978368;0.001675264;0.00180224;0.001900544;0.00215552;0.002572288;0.001289216
1788736500,hdr,0.0293;0.03906;0.04883;0.05859;0.06836;0.07813;0.08789;0.09766;0.10742;0.11719;0.12695;0.13672;0.14648;0.15625;0.16602;0.17578;0.18555;0.19531;0.20508;0.21484;0.22461;0.23438;0.24414;0.25391;0.26367;0.27344;0.2832;0.29297;0.30273;0.3125;0.32227;0.33203;0.3418;0.35156;0.36133;0.37109;0.38086;0.39063;0.40039;0.41016;0.41992;0.42969;0.43945;0.44922;0.45898;0.46875;0.47852;0.48828;0.49805;0.50781;0.51758;0.52734;0.53711;0.54688;0.55664;0.56641;0.57617;0.58594;0.5957;0.60547;0.61523;0.625;0.63477;0.64453;0.6543;0.66406;0.67383;0.68359;0.69336;0.70313;0.71289;0.72266;0.73242;0.74219;0.75195;0.76172;0.77148;0.78125;0.79102,6.758400000000001e-05;0.0014530559999999999;0.005788672000000001;0.00305664;0.010817536;0.02274816;0.07597567999999999;0.12842188799999998;0.13759897599999998;0.098185216;0.07468339199999999;0.059204608;0.036593664;0.09213030399999998;0.093751296;0.079072256;0.04960768;0.032722944;0.032239616;0.03348684800000001;0.032982016;0.026443776;0.017427455999999997;0.015652864;0.015285248;0.014870528000000001;0.011358207999999998;0.00977408;0.007117824;0.007749632;0.00626176;0.00554496;0.00720896;0.005952512;0.005581824000000001;0.005215232;0.0034078719999999997;0.005664768;0.006336512;0.008037376;0.007887871999999999;0.006729728;0.010753024;0.010522624;0.015178751999999998;0.016950272;0.013014016;0.007706624;0.008766464;0.007972864;0.0057200639999999995;0.007444480000000001;0.009403392;0.008470528;0.004451328;0.00451072;0.006553600000000001;0.0054190079999999995;0.005218304;0.003099648;0.004025343999999999;0.00367616;0.004872192;0.003957759999999999;0.001721344;0.001201152;0.0017735679999999999;0.001956864;0.0026368000000000003;0.003129344;0.003074048;0.0023050239999999997;0.001680384;0.001250304;0.001152;0.002023424;0.00178688;0.0014499839999999999;0.001103872
1788737400,hdr,0.0293;0.03906;0.04883;0.05859;0.06836;0.07813;0.08789;0.09766;0.10742;0.11719;0.12695;0.13672;0.14648;0.15625;0.16602;0.17578;0.18555;0.19531;0.20508;0.21484;0.22461;0.23438;0.24414;0.25391;0.26367;0.27344;0.2832;0.29297;0.30273;0.3125;0.32227;0.33203;0.3418;0.35156;0.36133;0.37109;0.38086;0.39063;0.40039;0.41016;0.41992;0.42969;0.43945;0.44922;0.45898;0.46875;0.47852;0.48828;0.49805;0.50781;0.51758;0.52734;0.53711;0.54688;0.55664;0.56641;0.57617;0.58594;0.5957;0.60547;0.61523;0.625;0.63477;0.64453;0.6543;0.66406;0.67383;0.68359;0.69336;0.70313;0.71289;0.72266;0.73242;0.74219;0.75195;0.76172;0.77148;0.78125;0.79102,0.003897344;0.007737344;0.008937472;0.005383168000000001;0.0066816;0.020225024;0.040233983999999993;0.046285824;0.108460032;0.116779008;0.078759936;0.07722905599999999;0.063393792;0.07583129599999999;0.061555712;0.045792256;0.049763328;0.037661695999999995;0.035999744;0.041965568;0.026272768;0.026613759999999997;0.027444224;0.026075136000000002;0.018169855999999998;0.012845056;0.008291327999999999;0.00755712;0.006122496;0.008830976;0.006872064000000001;0.009239552;0.006590464;0.007088128000000001;0.008019968;0.0080384;0.00797696;0.011140096;0.010173439999999999;0.012138495999999999;0.008466432;0.015153152;0.021949439999999997;0.020061184000000003;0.010723327999999999;0.011589631999999999;0.01038848;0.010127359999999998;0.008441856;0.0075796480000000005;0.009080831999999999;0.008983551999999999;0.008594431999999999;0.0065617919999999995;0.007310336000000001;0.006263808;0.0035532800000000002;0.004221952;0.005353472;0.0045199360000000004;0.0041216000000000004;0.003473408;0.002722816;0.0033003520000000003;0.005261312;0.004566016000000001;0.003622912;0.002188288;0.0018882559999999998;0.002397184;0.0026787839999999996;0.001734656;0.0017725439999999998;0.002499584;0.0030607359999999997;0.00263168;0.001890304;0.00234496;0.001401856
1788738300,hdr,0.0293;0.03906;0.04883;0.05859;0.06836;0.07813;0.08789;0.09766;0.10742;0.11719;0.12695;0.13672;0.14648;0.15625;0.16602;0.17578;0.18555;0.19531;0.20508;0.21484;0.22461;0.23438;0.24414;0.25391;0.26367;0.27344;0.2832;0.29297;0.30273;0.3125;0.32227;0.33203;0.3418;0.35156;0.36133;0.37109;0.38086;0.39063;0.40039;0.41016;0.41992;0.42969;0.43945;0.44922;0.45898;0.46875;0.47852;0.48828;0.49805;0.50781;0.51758;0.52734;0.53711;0.54688;0.55664;0.56641;0.57617;0.58594;0.5957;0.60547;0.61523;0.625;0.63477;0.64453;0.6543;0.66406;0.67383;0.68359;0.69336;0.70313;0.71289;0.72266;0.73242;0.74219;0.75195;0.76172;0.77148;0.78125;0.79102,0.00300032;0.0113408;0.010738688;0.005945344;0.0216832;0.052652032;0.070503424;0.088551424;0.07743897599999999;0.067741696;0.052836351999999996;0.078639104;0.059309056;0.065846272;0.049611775999999996;0.04964864;0.042161152;0.032149504;0.025464832000000003;0.027679744;0.032159744000000004;0.028342272;0.026570752;0.016595968;0.0109824;0.015757312;0.01378816;0.009416704;0.010464256000000002;0.00795648;0.007563264;0.009602048;0.00977408;0.009188352;0.008449024;0.011997184000000001;0.014320639999999999;0.01148416;0.011687936;0.018459648000000002;0.017416192;0.014507008000000002;0.014592;0.017353728;0.013975552;0.011081727999999999;0.01063424;0.007161855999999999;0.006976512;0.011033600000000001;0.006649856;0.004809728;0.0073728000000000005;0.006964224;0.007028736;0.003513344;0.0032511999999999997;0.005445632;0.004861951999999999;0.0030197759999999996;0.0033300480000000004;0.003981312;0.0039301119999999995;0.005577727999999999;0.005099520000000001;0.003670016;0.003042304;0.003981312;0.0027904;0.00257024;0.002992128;0.002156544;0.002043904;0.001975296;0.001364992;0.000918528;0.000661504;0.00109056;0.00136192
