Epoch Time,Processing Source,f,varianceDensity
1788566400,hdr,0.0293;0.03906;0.04883;0.05859;0.06836;0.07813;0.08789;0.09766;0.10742;0.11719;0.12695;0.13672;0.14648;0.15625;0.16602;0.17578;0.18555;0.19531;0.20508;0.21484;0.22461;0.23438;0.24414;0.25391;0.26367;0.27344;0.2832;0.29297;0.30273;0.3125;0.32227;0.33203;0.3418;0.35156;0.36133;0.37109;0.38086;0.39063;0.40039;0.41016;0.41992;0.42969;0.43945;0.44922;0.45898;0.46875;0.47852;0.48828;0.49805;0.50781;0.51758;0.52734;0.53711;0.54688;0.55664;0.56641;0.57617;0.58594;0.5957;0.60547;0.61523;0.625;0.63477;0.64453;0.6543;0.66406;0.67383;0.68359;0.69336;0.70313;0.71289;0.72266;0.73242;0.74219;0.75195;0.76172;0.77148;0.78125;0.79102,0.001092608;0.0026521599999999998;0.001442816;0.002620416;0.023058432;0.01075712;0.0031426559999999997;0.009122816;0.03159552;0.064079872;0.167442432;0.198951936;0.190690304;0.130296832;0.07615488000000001;0.053199871999999995;0.045446144;0.03069952;0.028979199999999997;0.018604032;0.01613312;0.014202880000000001;0.01029632;0.006319104;0.0037611520000000002;0.004898815999999999;0.003562496;0.002306048;0.002008064;0.0015390719999999998;0.001395712;0.0014192640000000002;0.0012154879999999998;0.0010762240000000002;0.0009349119999999999;0.000719872;0.0006000640000000001;0.0006973439999999999;0.0008366080000000001;0.000919552;0.000466944;0.00044339199999999997;0.0005099519999999999;0.0005099519999999999;0.000671744;0.000550912;0.00037888;0.0005416959999999999;0.000719872;0.0005867520000000001;0.000400384;0.000315392;0.000510976;0.0006891520000000001;0.0005099519999999999;0.00033382400000000003;0.000621568;0.000734208;0.000636928;0.00034304;0.00050688;0.000831488;0.000452608;0.00026623999999999994;0.000242688;0.000257024;0.000260096;0.000274432;0.000195584;0.000221184;0.00021504000000000003;0.00024371200000000001;0.000191488;0.000159744;0.00015052799999999998;0.00015564799999999998;0.00014848;0.000176128;0.0001792
1788567300,hdr,0.0293;0.03906;0.04883;0.05859;0.06836;0.07813;0.08789;0.09766;0.10742;0.11719;0.12695;0.13672;0.14648;0.15625;0.16602;0.17578;0.18555;0.19531;0.20508;0.21484;0.22461;0.23438;0.24414;0.25391;0.26367;0.27344;0.2832;0.29297;0.30273;0.3125;0.32227;0.33203;0.3418;0.35156;0.36133;0.37109;0.38086;0.39063;0.40039;0.41016;0.41992;0.42969;0.43945;0.44922;0.45898;0.46875;0.47852;0.48828;0.49805;0.50781;0.51758;0.52734;0.53711;0.54688;0.55664;0.56641;0.57617;0.58594;0.5957;0.60547;0.61523;0.625;0.63477;0.64453;0.6543;0.66406;0.67383;0.68359;0.69336;0.70313;0.71289;0.72266;0.73242;0.74219;0.75195;0.76172;0.77148;0.78125;0.79102,0.001005568;0.004135936;0.003874816;0.003744768;0.015524864000000001;0.013913088;0.005349376;0.006709247999999999;0.027845632;0.07021568;0.107569152;0.146225152;0.14083276799999997;0.144249856;0.12778188799999998;0.06990233600000001;0.055119872;0.026401792;0.023115776;0.021900288;0.016098303999999997;0.009106432000000001;0.009510912;0.011577344000000002;0.006601727999999999;0.003369984;0.003245056;0.002417664;0.0023050239999999997;0.001944576;0.0010608640000000001;0.00077824;0.000765952;0.000483328;0.000535552;0.00047001599999999997;0.000551936;0.000539648;0.000867328;0.001002496;0.0005836799999999999;0.000534528;0.000799744;0.001022976;0.000753664;0.0005324799999999999;0.000505856;0.0006123519999999999;0.000613376;0.000346112;0.000371712;0.000679936;0.000524288;0.00064512;0.0006737919999999999;0.0005744639999999999;0.00077824;0.000666624;0.000648192;0.000391168;0.000536576;0.000441344;0.000344064;0.000347136;0.000339968;0.00032870400000000003;0.00030412799999999997;0.000376832;0.000228352;0.00046080000000000003;0.000451584;0.000234496;0.000227328;0.00022528;0.000289792;0.000224256;0.00029286400000000005;0.000253952;0.00019968
1788568200,hdr,0.0293;0.03906;0.04883;0.05859;0.06836;0.07813;0.08789;0.09766;0.10742;0.11719;0.12695;0.13672;0.14648;0.15625;0.16602;0.17578;0.18555;0.19531;0.20508;0.21484;0.22461;0.23438;0.24414;0.25391;0.26367;0.27344;0.2832;0.29297;0.30273;0.3125;0.32227;0.33203;0.3418;0.35156;0.36133;0.37109;0.38086;0.39063;0.40039;0.41016;0.41992;0.42969;0.43945;0.44922;0.45898;0.46875;0.47852;0.48828;0.49805;0.50781;0.51758;0.52734;0.53711;0.54688;0.55664;0.56641;0.57617;0.58594;0.5957;0.60547;0.61523;0.625;0.63477;0.64453;0.6543;0.66406;0.67383;0.68359;0.69336;0.70313;0.71289;0.72266;0.73242;0.74219;0.75195;0.76172;0.77148;0.78125;0.79102,0.005494784000000001;0.004145152;0.005310464;0.00855552;0.022104064000000003;0.012765183999999999;0.003477504;0.008816639999999999;0.039859200000000004;0.07564595199999999;0.11304959999999999;0.136916992;0.15688294400000002;0.09168793599999998;0.06773043199999998;0.075604992;0.04535808;0.019020800000000004;0.01344;0.012391424000000002;0.008457216;0.009219072;0.0075970560000000005;0.0049152;0.004775936;0.006055936;0.0057896959999999996;0.0030986240000000003;0.002681856;0.001374208;0.001143808;0.000912384;0.0008447999999999999;0.0006912;0.000780288;0.0007884799999999999;0.000451584;0.000647168;0.000653312;0.000535552;0.000521216;0.000463872;0.000512;0.000444416;0.00046489599999999996;0.00039423999999999997;0.00039628799999999996;0.00027648;0.00033792;0.000376832;0.000453632;0.000372736;0.00042598399999999997;0.0005959680000000001;0.000605184;0.000538624;0.00041984;0.00036147200000000005;0.000434176;0.000413696;0.000267264;0.000387072;0.00033484799999999995;0.000226304;0.000284672;0.000282624;0.000183296;0.00012390399999999998;0.000252928;0.00029388799999999996;0.000262144;0.00014335999999999998;0.000165888;0.000161792;0.00011980799999999999;0.000140288;0.000165888;0.000126976;0.000188416
1788569100,hdr,0.0293;0.03906;0.04883;0.05859;0.06836;0.07813;0.08789;0.09766;0.10742;0.11719;0.12695;0.13672;0.14648;0.15625;0.16602;0.17578;0.18555;0.19531;0.20508;0.21484;0.22461;0.23438;0.24414;0.25391;0.26367;0.27344;0.2832;0.29297;0.30273;0.3125;0.32227;0.33203;0.3418;0.35156;0.36133;0.37109;0.38086;0.39063;0.40039;0.41016;0.41992;0.42969;0.43945;0.44922;0.45898;0.46875;0.47852;0.48828;0.49805;0.50781;0.51758;0.52734;0.53711;0.54688;0.55664;0.56641;0.57617;0.58594;0.5957;0.60547;0.61523;0.625;0.63477;0.64453;0.6543;0.66406;0.67383;0.68359;0.69336;0.70313;0.71289;0.72266;0.73242;0.74219;0.75195;0.76172;0.77148;0.78125;0.79102,0.0031569919999999995;0.004216832;0.006203391999999999;0.014280704;0.031178752;0.01639936;0.0074854399999999995;0.007096320000000001;0.026486784;0.087559168;0.14813388800000002;0.131280896;0.096024576;0.07323647999999999;0.050366464;0.053407744;0.050297856;0.031295487999999996;0.02428416;0.020283392;0.011587584;0.007074815999999999;0.008231936;0.008011775999999998;0.0053667839999999994;0.003745792;0.004084736;0.0038993920000000002;0.0034795520000000003;0.002044928;0.00146944;0.000927744;0.00093696;0.0011356159999999999;0.000913408;0.001082368;0.000937984;0.000745472;0.000674816;0.000637952;0.000638976;0.000505856;0.00030924800000000003;0.0003328;0.00034816000000000003;0.00047616000000000005;0.00036147200000000005;0.000356352;0.000339968;0.00040243200000000004;0.00041062399999999995;0.000434176;0.000315392;0.00027340799999999994;0.00016691200000000002;0.000237568;0.00035430400000000006;0.0002816;0.000269312;0.00029183999999999997;0.0005232639999999998;0.000372736;0.000217088;0.000157696;0.000183296;0.00025497599999999997;0.000346112;0.000324608;0.000308224;0.00028671999999999997;0.000339968;0.00023859199999999998;0.00017715200000000003;0.000197632;0.00023859199999999998;0.00024780799999999997;0.000257024;0.000330752;0.000237568
1788570900,hdr,0.0293;0.03906;0.04883;0.05859;0.06836;0.07813;0.08789;0.09766;0.10742;0.11719;0.12695;0.13672;0.14648;0.15625;0.16602;0.17578;0.18555;0.19531;0.20508;0.21484;0.22461;0.23438;0.24414;0.25391;0.26367;0.27344;0.2832;0.29297;0.30273;0.3125;0.32227;0.33203;0.3418;0.35156;0.36133;0.37109;0.38086;0.39063;0.40039;0.41016;0.41992;0.42969;0.43945;0.44922;0.45898;0.46875;0.47852;0.48828;0.49805;0.50781;0.51758;0.52734;0.53711;0.54688;0.55664;0.56641;0.57617;0.58594;0.5957;0.60547;0.61523;0.625;0.63477;0.64453;0.6543;0.66406;0.67383;0.68359;0.69336;0.70313;0.71289;0.72266;0.73242;0.74219;0.75195;0.76172;0.77148;0.78125;0.79102,0.002619392;0.004491264;0.00628736;0.013550592;0.029065216;0.014678016;0.004028416;0.005971968000000001;0.022639616;0.060730368;0.107271168;0.124924928;0.078635008;0.051366911999999994;0.048773119999999996;0.06317056;0.044237824;0.023842816;0.02298368;0.0123136;0.009362432;0.008119296;0.0055930879999999995;0.0036095999999999997;0.0033218559999999998;0.0037949439999999997;0.005322752;0.002675712;0.001668096;0.0013117439999999999;0.001790976;0.0016097280000000002;0.00117248;0.000826368;0.000610304;0.0007137280000000001;0.000949248;0.0006225919999999999;0.000366592;0.000873472;0.000831488;0.00041062399999999995;0.0005416959999999999;0.000427008;0.000387072;0.000412672;0.000545792;0.00036966399999999996;0.00030208000000000004;0.00025497599999999997;0.000259072;0.000196608;0.000319488;0.000441344;0.000567296;0.000466944;0.00032870400000000003;0.000264192;0.00032768;0.000289792;0.00034304;0.000242688;0.00021913599999999998;0.00024063999999999997;0.000165888;0.000345088;0.000345088;0.000227328;0.00021913599999999998;0.000200704;0.00018739199999999998;0.00025088;0.00022323200000000002;0.00020275199999999997;0.00032256;0.000310272;0.000183296;0.000196608;0.000160768
1788571800,hdr,0.0293;0.03906;0.04883;0.05859;0.06836;0.07813;0.08789;0.09766;0.10742;0.11719;0.12695;0.13672;0.14648;0.15625;0.16602;0.17578;0.18555;0.19531;0.20508;0.21484;0.22461;0.23438;0.24414;0.25391;0.26367;0.27344;0.2832;0.29297;0.30273;0.3125;0.32227;0.33203;0.3418;0.35156;0.36133;0.37109;0.38086;0.39063;0.40039;0.41016;0.41992;0.42969;0.43945;0.44922;0.45898;0.46875;0.47852;0.48828;0.49805;0.50781;0.51758;0.52734;0.53711;0.54688;0.55664;0.56641;0.57617;0.58594;0.5957;0.60547;0.61523;0.625;0.63477;0.64453;0.6543;0.66406;0.67383;0.68359;0.69336;0.70313;0.71289;0.72266;0.73242;0.74219;0.75195;0.76172;0.77148;0.78125;0.79102,0.008195072;0.019757056;0.018356224;0.016365568;0.022295552;0.019509248;0.016224256000000003;0.011715584;0.018419711999999998;0.058230784;0.102938624;0.115662848;0.084733952;0.05740544;0.048553983999999994;0.059195392;0.053386239999999995;0.031807487999999995;0.016847872;0.011081727999999999;0.0109312;0.008131583999999999;0.008695808;0.007851008;0.004298752;0.002587648;0.0035932159999999998;0.004294656;0.002719744;0.001344512;0.0009717759999999999;0.0011468799999999999;0.0013783040000000001;0.001015808;0.0008110079999999999;0.0007055360000000001;0.0009615359999999999;0.0005867520000000001;0.00047718399999999996;0.000555008;0.0005898240000000001;0.000323584;0.000218112;0.000324608;0.00039219200000000003;0.00047718399999999996;0.000432128;0.00037888;0.000351232;0.00042496;0.00027648;0.000289792;0.00035942400000000006;0.00037068800000000004;0.00031232;0.000249856;0.000356352;0.000330752;0.000421888;0.00046796800000000003;0.00043315199999999996;0.00029388799999999996;0.00029696;0.000253952;0.000211968;0.0003328;0.000356352;0.000375808;0.00029183999999999997;0.000162816;0.000196608;0.00020480000000000002;0.000218112;0.000172032;0.00013824;0.000110592;9.5232e-05;0.00014950399999999998;0.000175104
1788572700,hdr,0.0293;0.03906;0.04883;0.05859;0.06836;0.07813;0.08789;0.09766;0.10742;0.11719;0.12695;0.13672;0.14648;0.15625;0.16602;0.17578;0.18555;0.19531;0.20508;0.21484;0.22461;0.23438;0.24414;0.25391;0.26367;0.27344;0.2832;0.29297;0.30273;0.3125;0.32227;0.33203;0.3418;0.35156;0.36133;0.37109;0.38086;0.39063;0.40039;0.41016;0.41992;0.42969;0.43945;0.44922;0.45898;0.46875;0.47852;0.48828;0.49805;0.50781;0.51758;0.52734;0.53711;0.54688;0.55664;0.56641;0.57617;0.58594;0.5957;0.60547;0.61523;0.625;0.63477;0.64453;0.6543;0.66406;0.67383;0.68359;0.69336;0.70313;0.71289;0.72266;0.73242;0.74219;0.75195;0.76172;0.77148;0.78125;0.79102,0.008051712;0.0090368;0.008077312;0.027423744;0.040748032;0.0132608;0.005701632;0.0065187840000000006;0.02273792;0.07832064;0.13992960000000002;0.159187968;0.084813824;0.06743142400000002;0.056774656;0.065886208;0.06276198399999999;0.024358912;0.013948928;0.010769408;0.008210432;0.003540992;0.003456;0.0036382720000000006;0.002563072;0.003377152;0.003728384;0.0035368960000000003;0.0025180159999999997;0.001502208;0.0014929920000000003;0.0010956800000000001;0.001058816;0.000941056;0.0005898240000000001;0.000406528;0.000671744;0.000536576;0.00026521600000000003;0.000625664;0.00070656;0.00038912;0.000448512;0.00043315199999999996;0.00045568;0.00035328;0.00035328;0.000456704;0.000380928;0.00032256;0.00023961599999999998;0.000262144;0.00033484799999999995;0.000263168;0.000268288;0.000249856;0.000282624;0.00029491200000000004;0.000156672;7.475199999999999e-05;0.00020275199999999997;0.00021913599999999998;0.000229376;0.000218112;0.000248832;0.000221184;0.00021504000000000003;0.000207872;0.000248832;0.00019968;0.00017408000000000001;0.000176128;0.000152576;0.000175104;0.000134144;0.000137216;9.4208e-05;0.00010752000000000001;0.000114688
1788573600,hdr,0.0293;0.03906;0.04883;0.05859;0.06836;0.07813;0.08789;0.09766;0.10742;0.11719;0.12695;0.13672;0.14648;0.15625;0.16602;0.17578;0.18555;0.19531;0.20508;0.21484;0.22461;0.23438;0.24414;0.25391;0.26367;0.27344;0.2832;0.29297;0.30273;0.3125;0.32227;0.33203;0.3418;0.35156;0.36133;0.37109;0.38086;0.39063;0.40039;0.41016;0.41992;0.42969;0.43945;0.44922;0.45898;0.46875;0.47852;0.48828;0.49805;0.50781;0.51758;0.52734;0.53711;0.54688;0.55664;0.56641;0.57617;0.58594;0.5957;0.60547;0.61523;0.625;0.63477;0.64453;0.6543;0.66406;0.67383;0.68359;0.69336;0.70313;0.71289;0.72266;0.73242;0.74219;0.75195;0.76172;0.77148;0.78125;0.79102,0.001166336;0.004166656;0.004932608;0.015113216;0.01539072;0.0024340480000000003;0.003620864;0.0071915519999999995;0.009250816;0.042058752;0.09394073600000001;0.106346496;0.083958784;0.082567168;0.08935116800000001;0.056528896;0.052257792000000004;0.029785088;0.01907712;0.011236352000000002;0.0066457600000000006;0.004027391999999999;0.003917824;0.0025364479999999997;0.0025907200000000003;0.0036556799999999997;0.005587968;0.003211264;0.00181248;0.001811456;0.0015226880000000001;0.001087488;0.000882688;0.000529408;0.000442368;0.0004884479999999999;0.0007393279999999999;0.00077312;0.000882688;0.0009543679999999999;0.000897024;0.00052224;0.00047923199999999995;0.00039423999999999997;0.000454656;0.00028671999999999997;0.000176128;0.00023552000000000002;0.00034816000000000003;0.00031744;0.00027033600000000004;0.000197632;0.000183296;0.000227328;0.00024371200000000001;0.00017408000000000001;0.00014335999999999998;0.000186368;0.00027136;0.000222208;0.0001536;0.000140288;0.00015564799999999998;0.000140288;0.000192512;0.000210944;0.000200704;0.000228352;0.000157696;0.00014335999999999998;0.000186368;0.00023142399999999999;0.000183296;0.00017715200000000003;8.704000000000001e-05;0.000128;0.00012390399999999998;0.00014540800000000003;0.000188416
1788574500,hdr,0.0293;0.03906;0.04883;0.05859;0.06836;0.07813;0.08789;0.09766;0.10742;0.11719;0.12695;0.13672;0.14648;0.15625;0.16602;0.17578;0.18555;0.19531;0.20508;0.21484;0.22461;0.23438;0.24414;0.25391;0.26367;0.27344;0.2832;0.29297;0.30273;0.3125;0.32227;0.33203;0.3418;0.35156;0.36133;0.37109;0.38086;0.39063;0.40039;0.41016;0.41992;0.42969;0.43945;0.44922;0.45898;0.46875;0.47852;0.48828;0.49805;0.50781;0.51758;0.52734;0.53711;0.54688;0.55664;0.56641;0.57617;0.58594;0.5957;0.60547;0.61523;0.625;0.63477;0.64453;0.6543;0.66406;0.67383;0.68359;0.69336;0.70313;0.71289;0.72266;0.73242;0.74219;0.75195;0.76172;0.77148;0.78125;0.79102,0.00198656;0.002151424;0.001475584;0.00904192;0.022961152;0.007907328;0.0028416;0.004043776000000001;0.00955904;0.03216384;0.072969216;0.10290688;0.09610547200000001;0.07319244800000001;0.055151615999999994;0.04457472;0.0324864;0.021941248000000003;0.017140736;0.012180479999999999;0.009166848;0.006535168;0.004512768;0.0037345280000000004;0.0041963519999999995;0.003847168;0.003622912;0.004232192;0.002674688;0.002176;0.0015206400000000002;0.0016895999999999999;0.0013905920000000002;0.000756736;0.000869376;0.000891904;0.0007393279999999999;0.000674816;0.000516096;0.000344064;0.000391168;0.00042291200000000006;0.000451584;0.0005232639999999998;0.0005877759999999999;0.000607232;0.000357376;0.000329728;0.00032870400000000003;0.000275456;0.000241664;0.000152576;0.000229376;0.00033382400000000003;0.00024371200000000001;0.00027340799999999994;0.00020992;0.000227328;0.000324608;0.000190464;0.000156672;0.00017100799999999997;0.000159744;0.00023244799999999998;0.00026112;0.000252928;0.00023654400000000002;0.00020377600000000002;0.000175104;0.00018944;0.00016896;0.000105472;0.00011161600000000001;0.000183296;0.000188416;0.000137216;8.192e-05;0.00010649599999999999;0.000129024
1788575400,hdr,0.0293;0.03906;0.04883;0.05859;0.06836;0.07813;0.08789;0.09766;0.10742;0.11719;0.12695;0.13672;0.14648;0.15625;0.16602;0.17578;0.18555;0.19531;0.20508;0.21484;0.22461;0.23438;0.24414;0.25391;0.26367;0.27344;0.2832;0.29297;0.30273;0.3125;0.32227;0.33203;0.3418;0.35156;0.36133;0.37109;0.38086;0.39063;0.40039;0.41016;0.41992;0.42969;0.43945;0.44922;0.45898;0.46875;0.47852;0.48828;0.49805;0.50781;0.51758;0.52734;0.53711;0.54688;0.55664;0.56641;0.57617;0.58594;0.5957;0.60547;0.61523;0.625;0.63477;0.64453;0.6543;0.66406;0.67383;0.68359;0.69336;0.70313;0.71289;0.72266;0.73242;0.74219;0.75195;0.76172;0.77148;0.78125;0.79102,0.0012308479999999999;0.001783808;0.0021606399999999997;0.006562816;0.021233664;0.0063569920000000005;0.0021248;0.006605824000000001;0.014809088;0.041105407999999996;0.07307673599999999;0.084027392;0.087936;0.08949145600000001;0.06470656;0.046019584;0.041887744;0.028891135999999998;0.022028288;0.016553984;0.006912;0.0059648;0.005215232;0.004943871999999999;0.003677184;0.00377344;0.0029982719999999997;0.002895872;0.002386944;0.002004992;0.001800192;0.0015114240000000001;0.000825344;0.0006789119999999999;0.00068608;0.000520192;0.0006021119999999999;0.00045056;0.000592896;0.0005468159999999999;0.0006021119999999999;0.000717824;0.00047923199999999995;0.000454656;0.00042291200000000006;0.000512;0.00040960000000000004;0.00043110399999999997;0.000526336;0.00042496;0.000427008;0.00030208000000000004;0.000303104;0.000237568;0.00020172799999999998;0.000188416;0.00027033600000000004;0.000226304;0.00018227199999999998;0.000264192;0.000242688;0.00024063999999999997;0.000172032;0.00020377600000000002;0.00020992;0.00018534400000000002;0.00027033600000000004;0.000252928;0.00026623999999999994;0.000346112;0.00023552000000000002;0.000251904;0.000331776;0.00033792;0.000176128;0.000269312;0.000279552;0.00029388799999999996;0.00027648
1788576300,hdr,0.0293;0.03906;0.04883;0.05859;0.06836;0.07813;0.08789;0.09766;0.10742;0.11719;0.12695;0.13672;0.14648;0.15625;0.16602;0.17578;0.18555;0.19531;0.20508;0.21484;0.22461;0.23438;0.24414;0.25391;0.26367;0.27344;0.2832;0.29297;0.30273;0.3125;0.32227;0.33203;0.3418;0.35156;0.36133;0.37109;0.38086;0.39063;0.40039;0.41016;0.41992;0.42969;0.43945;0.44922;0.45898;0.46875;0.47852;0.48828;0.49805;0.50781;0.51758;0.52734;0.53711;0.54688;0.55664;0.56641;0.57617;0.58594;0.5957;0.60547;0.61523;0.625;0.63477;0.64453;0.6543;0.66406;0.67383;0.68359;0.69336;0.70313;0.71289;0.72266;0.73242;0.74219;0.75195;0.76172;0.77148;0.78125;0.79102,0.0005734399999999999;0.000979968;0.001504256;0.017181696;0.041546752;0.014931967999999999;0.006587392000000001;0.004865024;0.01381376;0.039506943999999995;0.062032896000000004;0.09924096;0.07836979200000001;0.060595199999999995;0.05067366400000001;0.048026624;0.02474496;0.019806208000000002;0.014889984;0.012394496000000001;0.0108544;0.0063488;0.0052541440000000005;0.00400384;0.0031354879999999996;0.003709952;0.003557376;0.002131968;0.0017121280000000003;0.001783808;0.0011427840000000002;0.0008560640000000001;0.0007833599999999999;0.0009984;0.0009287680000000001;0.00044032;0.00037068800000000004;0.000278528;0.00046080000000000003;0.0005816320000000001;0.00029491200000000004;0.000251904;0.00040448000000000003;0.00051712;0.00033792;0.00035328;0.000321536;0.00039731200000000003;0.000278528;0.00023961599999999998;0.000263168;0.000264192;0.00025497599999999997;0.000283648;0.000303104;0.000233472;0.00017715200000000003;0.00019865600000000002;0.000283648;0.000260096;0.000228352;0.00018227199999999998;0.000228352;0.000224256;0.000221184;0.00014848;0.000132096;0.000118784;0.00011776000000000001;0.00013824;0.000196608;0.00022016;0.00020992;0.000207872;0.00017100799999999997;0.00012185600000000001;0.00010956799999999999;0.000152576;0.000116736
1788577200,hdr,0.0293;0.03906;0.04883;0.05859;0.06836;0.07813;0.08789;0.09766;0.10742;0.11719;0.12695;0.13672;0.14648;0.15625;0.16602;0.17578;0.18555;0.19531;0.20508;0.21484;0.22461;0.23438;0.24414;0.25391;0.26367;0.27344;0.2832;0.29297;0.30273;0.3125;0.32227;0.33203;0.3418;0.35156;0.36133;0.37109;0.38086;0.39063;0.40039;0.41016;0.41992;0.42969;0.43945;0.44922;0.45898;0.46875;0.47852;0.48828;0.49805;0.50781;0.51758;0.52734;0.53711;0.54688;0.55664;0.56641;0.57617;0.58594;0.5957;0.60547;0.61523;0.625;0.63477;0.64453;0.6543;0.66406;0.67383;0.68359;0.69336;0.70313;0.71289;0.72266;0.73242;0.74219;0.75195;0.76172;0.77148;0.78125;0.79102,0.003369984;0.003765248;0.002674688;0.006881280000000001;0.013324287999999998;0.0061532159999999995;0.0016691199999999998;0.003751936;0.008546304;0.022802432;0.050371584;0.069574656;0.104137728;0.089529344;0.046075904;0.051340288;0.031174656;0.030394367999999998;0.02437632;0.016801791999999996;0.012229631999999999;0.010594304;0.007156736000000001;0.0036556799999999997;0.003832832;0.0031375360000000002;0.0030371839999999996;0.0036577280000000003;0.003236864;0.0018636800000000002;0.002072576;0.0016691199999999998;0.00125952;0.00073216;0.00057856;0.0006082559999999999;0.000580608;0.000596992;0.0005703679999999999;0.0005089280000000001;0.000385024;0.000427008;0.00048025600000000003;0.00048742400000000003;0.000351232;0.000386048;0.000331776;0.000222208;0.000268288;0.00036249599999999997;0.000493568;0.00028774400000000004;0.0001536;0.000173056;0.000136192;0.00023142399999999999;0.000246784;0.00022528;0.000351232;0.00029388799999999996;0.0002816;0.00022323200000000002;0.000178176;0.000193536;0.000183296;0.000140288;0.000126976;0.000165888;0.000144384;0.0001792;0.00010752000000000001;0.000103424;0.000136192;0.00011264;0.00010649599999999999;0.000105472;8.2944e-05;8.2944e-05;8.4992e-05
1788578100,hdr,0.0293;0.03906;0.04883;0.05859;0.06836;0.07813;0.08789;0.09766;0.10742;0.11719;0.12695;0.13672;0.14648;0.15625;0.16602;0.17578;0.18555;0.19531;0.20508;0.21484;0.22461;0.23438;0.24414;0.25391;0.26367;0.27344;0.2832;0.29297;0.30273;0.3125;0.32227;0.33203;0.3418;0.35156;0.36133;0.37109;0.38086;0.39063;0.40039;0.41016;0.41992;0.42969;0.43945;0.44922;0.45898;0.46875;0.47852;0.48828;0.49805;0.50781;0.51758;0.52734;0.53711;0.54688;0.55664;0.56641;0.57617;0.58594;0.5957;0.60547;0.61523;0.625;0.63477;0.64453;0.6543;0.66406;0.67383;0.68359;0.69336;0.70313;0.71289;0.72266;0.73242;0.74219;0.75195;0.76172;0.77148;0.78125;0.79102,0.001364992;0.002185216;0.001258496;0.004000768;0.0078336;0.00391168;0.001792;0.004768768;0.008546304;0.027654144;0.04808704;0.050427903999999996;0.029709312;0.048150528;0.051945472;0.03296870400000001;0.02752;0.031813631999999994;0.032840704000000005;0.01530368;0.008882176;0.008148992;0.005083135999999999;0.00239616;0.002605056;0.0037662719999999998;0.0034795520000000003;0.002658304;0.0024002560000000004;0.0013987840000000001;0.0014110720000000002;0.00122368;0.0011151359999999999;0.000868352;0.0008335360000000001;0.000823296;0.00043724800000000005;0.00068608;0.0005406720000000001;0.000649216;0.000413696;0.000376832;0.00047206399999999996;0.00030208000000000004;0.00035328;0.000274432;0.000279552;0.000313344;0.000314368;0.000218112;0.00022323200000000002;0.00036249599999999997;0.00030003200000000004;0.000246784;0.000206848;0.000131072;0.00024780799999999997;0.000347136;0.00023040000000000002;0.00027136;0.00018227199999999998;0.000263168;0.00020275199999999997;0.000172032;0.00013311999999999997;0.000125952;0.000162816;0.000169984;0.000183296;0.00017100799999999997;0.000134144;0.000160768;0.000167936;0.00013311999999999997;0.000141312;0.0001792;0.000258048;0.000191488;0.00014643200000000002
1788579000,hdr,0.0293;0.03906;0.04883;0.05859;0.06836;0.07813;0.08789;0.09766;0.10742;0.11719;0.12695;0.13672;0.14648;0.15625;0.16602;0.17578;0.18555;0.19531;0.20508;0.21484;0.22461;0.23438;0.24414;0.25391;0.26367;0.27344;0.2832;0.29297;0.30273;0.3125;0.32227;0.33203;0.3418;0.35156;0.36133;0.37109;0.38086;0.39063;0.40039;0.41016;0.41992;0.42969;0.43945;0.44922;0.45898;0.46875;0.47852;0.48828;0.49805;0.50781;0.51758;0.52734;0.53711;0.54688;0.55664;0.56641;0.57617;0.58594;0.5957;0.60547;0.61523;0.625;0.63477;0.64453;0.6543;0.66406;0.67383;0.68359;0.69336;0.70313;0.71289;0.72266;0.73242;0.74219;0.75195;0.76172;0.77148;0.78125;0.79102,0.004226048;0.005858304;0.005268480000000001;0.0067553280000000005;0.01033728;0.007425024;0.005581824000000001;0.0064665600000000005;0.011142144;0.032576512;0.040389631999999995;0.05349376;0.12645990399999998;0.12238848;0.07704780800000001;0.033431552;0.036033536;0.034820095999999995;0.034987008;0.012696576000000001;0.009666560000000001;0.007839744;0.006583296;0.004809728;0.003270656;0.0030228480000000003;0.002661376;0.003172352;0.0034027519999999998;0.00290304;0.0020592640000000003;0.001364992;0.0017489920000000002;0.0012042239999999998;0.0007055360000000001;0.00062976;0.0008447999999999999;0.001082368;0.0006789119999999999;0.0007393279999999999;0.000733184;0.00051712;0.000453632;0.00033484799999999995;0.000308224;0.000346112;0.000391168;0.000350208;0.000452608;0.0002816;0.00029798400000000005;0.000379904;0.000408576;0.000529408;0.000457728;0.00040960000000000004;0.000256;0.00036352;0.000319488;0.000268288;0.000284672;0.000183296;0.000157696;0.00019865600000000002;0.000248832;0.000229376;0.000167936;0.00015052799999999998;0.000197632;0.00021401600000000003;0.00018534400000000002;0.00014643200000000002;0.000160768;0.00011776000000000001;0.000188416;0.00017715200000000003;0.000130048;0.00015052799999999998;0.00014540800000000003
1788579900,hdr,0.0293;0.03906;0.04883;0.05859;0.06836;0.07813;0.08789;0.09766;0.10742;0.11719;0.12695;0.13672;0.14648;0.15625;0.16602;0.17578;0.18555;0.19531;0.20508;0.21484;0.22461;0.23438;0.24414;0.25391;0.26367;0.27344;0.2832;0.29297;0.30273;0.3125;0.32227;0.33203;0.3418;0.35156;0.36133;0.37109;0.38086;0.39063;0.40039;0.41016;0.41992;0.42969;0.43945;0.44922;0.45898;0.46875;0.47852;0.48828;0.49805;0.50781;0.51758;0.52734;0.53711;0.54688;0.55664;0.56641;0.57617;0.58594;0.5957;0.60547;0.61523;0.625;0.63477;0.64453;0.6543;0.66406;0.67383;0.68359;0.69336;0.70313;0.71289;0.72266;0.73242;0.74219;0.75195;0.76172;0.77148;0.78125;0.79102,0.019567616000000003;0.033878016000000004;0.020313088;0.016370688;0.016746496;0.006754304;0.004494335999999999;0.0044605439999999994;0.006701056;0.029671424;0.043201536;0.05983436799999999;0.063346688;0.036381696;0.048796672;0.047086592000000003;0.0301312;0.016486400000000002;0.016759808;0.017212416;0.013658112;0.009289728;0.00682496;0.003909632;0.002532352;0.002967552;0.003646464;0.004235264;0.0027361279999999996;0.00231936;0.001995776;0.001466368;0.0011786239999999999;0.001036288;0.0007495679999999999;0.001043456;0.0007229440000000001;0.0005099519999999999;0.00039219200000000003;0.000325632;0.000651264;0.000785408;0.000565248;0.0005560319999999999;0.00038912;0.00030208000000000004;0.000242688;0.000303104;0.000350208;0.000382976;0.000284672;0.000275456;0.00022016;0.000242688;0.00047616000000000005;0.000386048;0.00043008000000000006;0.00037478399999999997;0.00041779199999999995;0.00031232;0.000385024;0.00019968;0.000180224;0.00026521600000000003;0.00027033600000000004;0.00018534400000000002;0.000167936;0.00014540800000000003;0.00016896;0.00020377600000000002;0.000176128;9.3184e-05;0.000116736;0.00016384;0.000192512;0.00012185600000000001;0.00014643200000000002;0.00019456;0.00014643200000000002
1788580800,hdr,0.0293;0.03906;0.04883;0.05859;0.06836;0.07813;0.08789;0.09766;0.10742;0.11719;0.12695;0.13672;0.14648;0.15625;0.16602;0.17578;0.18555;0.19531;0.20508;0.21484;0.22461;0.23438;0.24414;0.25391;0.26367;0.27344;0.2832;0.29297;0.30273;0.3125;0.32227;0.33203;0.3418;0.35156;0.36133;0.37109;0.38086;0.39063;0.40039;0.41016;0.41992;0.42969;0.43945;0.44922;0.45898;0.46875;0.47852;0.48828;0.49805;0.50781;0.51758;0.52734;0.53711;0.54688;0.55664;0.56641;0.57617;0.58594;0.5957;0.60547;0.61523;0.625;0.63477;0.64453;0.6543;0.66406;0.67383;0.68359;0.69336;0.70313;0.71289;0.72266;0.73242;0.74219;0.75195;0.76172;0.77148;0.78125;0.79102,0.0068454399999999995;0.009550848;0.010194944;0.011919359999999999;0.01535488;0.008242176000000002;0.004883456;0.006418432;0.008470528;0.024736768;0.045865984;0.066444288;0.06497587199999999;0.041960448;0.040246272;0.035386367999999994;0.019785728;0.028341248;0.031412223999999996;0.019427327999999997;0.011447296000000001;0.006351872000000001;0.0068577280000000004;0.006849536;0.004503552;0.003725312;0.00397312;0.003538944;0.002604032;0.001948672;0.002130944;0.001860608;0.0013547519999999999;0.0008509440000000001;0.000720896;0.00052736;0.000630784;0.000703488;0.000391168;0.00032768;0.000526336;0.000515072;0.000365568;0.00064;0.000463872;0.00028671999999999997;0.000244736;0.00029593599999999995;0.00042598399999999997;0.00037068800000000004;0.000288768;0.000372736;0.000349184;0.000381952;0.000252928;0.00027033600000000004;0.00025497599999999997;0.00032256;0.000246784;0.00023040000000000002;0.00025497599999999997;0.00017100799999999997;0.000144384;0.000151552;0.000159744;0.000188416;0.00018739199999999998;0.000288768;0.000289792;0.00022016;0.000196608;0.000152576;0.00017408000000000001;0.000205824;0.000217088;0.00016691200000000002;0.00017100799999999997;0.000195584;0.00024780799999999997
1788581700,hdr,0.0293;0.03906;0.04883;0.05859;0.06836;0.07813;0.08789;0.09766;0.10742;0.11719;0.12695;0.13672;0.14648;0.15625;0.16602;0.17578;0.18555;0.19531;0.20508;0.21484;0.22461;0.23438;0.24414;0.25391;0.26367;0.27344;0.2832;0.29297;0.30273;0.3125;0.32227;0.33203;0.3418;0.35156;0.36133;0.37109;0.38086;0.39063;0.40039;0.41016;0.41992;0.42969;0.43945;0.44922;0.45898;0.46875;0.47852;0.48828;0.49805;0.50781;0.51758;0.52734;0.53711;0.54688;0.55664;0.56641;0.57617;0.58594;0.5957;0.60547;0.61523;0.625;0.63477;0.64453;0.6543;0.66406;0.67383;0.68359;0.69336;0.70313;0.71289;0.72266;0.73242;0.74219;0.75195;0.76172;0.77148;0.78125;0.79102,0.0104448;0.016933887999999998;0.010796032;0.007618560000000001;0.014502912;0.007440384;0.004701183999999999;0.005780479999999999;0.009829376;0.027031552;0.049391616;0.04619878400000001;0.07813632;0.061282304;0.028808192;0.022044671999999998;0.021773312000000003;0.017370111999999997;0.01574912;0.011331583999999999;0.008810496000000001;0.0075171840000000005;0.00613888;0.004303872;0.003982336;0.002613248;0.002625536;0.0032256;0.0031395840000000004;0.0023439359999999996;0.0022968320000000004;0.0015779840000000002;0.0008601600000000001;0.0010199039999999999;0.000982016;0.000809984;0.0006656;0.000818176;0.000513024;0.000494592;0.00048025600000000003;0.000512;0.000382976;0.000388096;0.000365568;0.00033689599999999994;0.000305152;0.000207872;0.00031232;0.00034304;0.00042291200000000006;0.0005232639999999998;0.00047104000000000004;0.000308224;0.000160768;0.00026521600000000003;0.000366592;0.00030617599999999996;0.000186368;0.00021913599999999998;0.00019456;0.000242688;0.00026112;0.000263168;0.000217088;0.00022528;0.00021913599999999998;0.000211968;0.00022016;0.000164864;0.00018534400000000002;0.00024063999999999997;0.00022528;0.000241664;0.000278528;0.000249856;0.000264192;0.000284672;0.000217088
1788582600,hdr,0.0293;0.03906;0.04883;0.05859;0.06836;0.07813;0.08789;0.09766;0.10742;0.11719;0.12695;0.13672;0.14648;0.15625;0.16602;0.17578;0.18555;0.19531;0.20508;0.21484;0.22461;0.23438;0.24414;0.25391;0.26367;0.27344;0.2832;0.29297;0.30273;0.3125;0.32227;0.33203;0.3418;0.35156;0.36133;0.37109;0.38086;0.39063;0.40039;0.41016;0.41992;0.42969;0.43945;0.44922;0.45898;0.46875;0.47852;0.48828;0.49805;0.50781;0.51758;0.52734;0.53711;0.54688;0.55664;0.56641;0.57617;0.58594;0.5957;0.60547;0.61523;0.625;0.63477;0.64453;0.6543;0.66406;0.67383;0.68359;0.69336;0.70313;0.71289;0.72266;0.73242;0.74219;0.75195;0.76172;0.77148;0.78125;0.79102,0.01583616;0.022497279999999998;0.019743743999999997;0.022630400000000002;0.016167936;0.007297024;0.007860223999999999;0.008838144000000001;0.011117568000000001;0.022677504;0.04365824;0.054367232;0.06303948799999999;0.068262912;0.07535411199999999;0.04132352;0.035388416;0.023980032000000002;0.013950976;0.009560064;0.0076195839999999996;0.006416384;0.0037724160000000002;0.003175424;0.002330624;0.0014714879999999997;0.003362816;0.002214912;0.002036736;0.0017336320000000001;0.001248256;0.0010598399999999998;0.0011714560000000002;0.001202176;0.000908288;0.000526336;0.000636928;0.0007495679999999999;0.00034099200000000003;0.00030924800000000003;0.00034816000000000003;0.00042803200000000007;0.000525312;0.000412672;0.00020889599999999997;0.000268288;0.000326656;0.00029388799999999996;0.00032870400000000003;0.000366592;0.000381952;0.000308224;0.000279552;0.00029798400000000005;0.00023859199999999998;0.000162816;0.000175104;0.000284672;0.000248832;0.000195584;0.00020172799999999998;0.00021504000000000003;0.00015564799999999998;0.000103424;0.000120832;0.00013824;0.00018944;0.0001536;0.000242688;0.000221184;0.000190464;0.000176128;0.00020889599999999997;0.000167936;8.4992e-05;0.000103424;0.00018944;0.0001792;0.00018227199999999998
1788583500,hdr,0.0293;0.03906;0.04883;0.05859;0.06836;0.07813;0.08789;0.09766;0.10742;0.11719;0.12695;0.13672;0.14648;0.15625;0.16602;0.17578;0.18555;0.19531;0.20508;0.21484;0.22461;0.23438;0.24414;0.25391;0.26367;0.27344;0.2832;0.29297;0.30273;0.3125;0.32227;0.33203;0.3418;0.35156;0.36133;0.37109;0.38086;0.39063;0.40039;0.41016;0.41992;0.42969;0.43945;0.44922;0.45898;0.46875;0.47852;0.48828;0.49805;0.50781;0.51758;0.52734;0.53711;0.54688;0.55664;0.56641;0.57617;0.58594;0.5957;0.60547;0.61523;0.625;0.63477;0.64453;0.6543;0.66406;0.67383;0.68359;0.69336;0.70313;0.71289;0.72266;0.73242;0.74219;0.75195;0.76172;0.77148;0.78125;0.79102,0.00570368;0.008415232;0.014419968;0.007915519999999999;0.017577984;0.010815488;0.005695488;0.009457664;0.010244096000000001;0.032878592;0.04580659200000001;0.034164735999999994;0.060950528;0.071519232;0.06094233599999999;0.039274496;0.022121472000000003;0.020302848000000002;0.023967744;0.017101824;0.008187904;0.006931456;0.004430848;0.0038881280000000002;0.00360448;0.003096576;0.0035583999999999998;0.002596864;0.002219008;0.001662976;0.0013557760000000002;0.001250304;0.000582656;0.000456704;0.000601088;0.0006277120000000001;0.000513024;0.00035430400000000006;0.000313344;0.000463872;0.000626688;0.00063488;0.000418816;0.000325632;0.000382976;0.00048127999999999995;0.000314368;0.00033792;0.00026623999999999994;0.000258048;0.00030924800000000003;0.00026623999999999994;0.000318464;0.000303104;0.000280576;0.000385024;0.00021913599999999998;0.00015052799999999998;0.00020480000000000002;0.00023040000000000002;0.00018227199999999998;0.000165888;0.000183296;0.00022528;0.00020480000000000002;0.00013824;0.000172032;0.000136192;0.00022323200000000002;0.000172032;0.000125952;0.00011161600000000001;0.000128;8.8064e-05;0.00011980799999999999;0.00011980799999999999;0.000169984;0.000141312;0.000186368
1788584400,hdr,0.0293;0.03906;0.04883;0.05859;0.06836;0.07813;0.08789;0.09766;0.10742;0.11719;0.12695;0.13672;0.14648;0.15625;0.16602;0.17578;0.18555;0.19531;0.20508;0.21484;0.22461;0.23438;0.24414;0.25391;0.26367;0.27344;0.2832;0.29297;0.30273;0.3125;0.32227;0.33203;0.3418;0.35156;0.36133;0.37109;0.38086;0.39063;0.40039;0.41016;0.41992;0.42969;0.43945;0.44922;0.45898;0.46875;0.47852;0.48828;0.49805;0.50781;0.51758;0.52734;0.53711;0.54688;0.55664;0.56641;0.57617;0.58594;0.5957;0.60547;0.61523;0.625;0.63477;0.64453;0.6543;0.66406;0.67383;0.68359;0.69336;0.70313;0.71289;0.72266;0.73242;0.74219;0.75195;0.76172;0.77148;0.78125;0.79102,0.004655103999999999;0.010290176000000002;0.004412416;0.010194944;0.017026048;0.004021248;0.005320704;0.008577023999999999;0.009728;0.029173760000000003;0.056825856;0.042950656000000004;0.041480192000000006;0.04629504;0.068780032;0.04711936;0.032070655999999996;0.019414016;0.019010560000000003;0.012135424;0.008253439999999999;0.006202368;0.005750784000000001;0.006265856000000001;0.006990848;0.003736576;0.0026439680000000004;0.0027504639999999998;0.003703808;0.0028047360000000004;0.001199104;0.001188864;0.001132544;0.000945152;0.00051712;0.0006574080000000001;0.000628736;0.000315392;0.000324608;0.00047206399999999996;0.000457728;0.00036864000000000005;0.00032256;0.00035328;0.00040448000000000003;0.000448512;0.000444416;0.00033382400000000003;0.00029286400000000005;0.00030412799999999997;0.000325632;0.000360448;0.000206848;0.000134144;0.0001792;0.00020172799999999998;0.000234496;0.000205824;0.000210944;0.000190464;0.00010240000000000001;0.000152576;0.00016896;0.00018534400000000002;0.000165888;0.000125952;0.000105472;0.00013311999999999997;0.00018739199999999998;0.00020992;0.000175104;0.000129024;0.000161792;0.00022016;0.000125952;0.000141312;0.000160768;0.00016691200000000002;0.000173056
1788585300,hdr,0.0293;0.03906;0.04883;0.05859;0.06836;0.07813;0.08789;0.09766;0.10742;0.11719;0.12695;0.13672;0.14648;0.15625;0.16602;0.17578;0.18555;0.19531;0.20508;0.21484;0.22461;0.23438;0.24414;0.25391;0.26367;0.27344;0.2832;0.29297;0.30273;0.3125;0.32227;0.33203;0.3418;0.35156;0.36133;0.37109;0.38086;0.39063;0.40039;0.41016;0.41992;0.42969;0.43945;0.44922;0.45898;0.46875;0.47852;0.48828;0.49805;0.50781;0.51758;0.52734;0.53711;0.54688;0.55664;0.56641;0.57617;0.58594;0.5957;0.60547;0.61523;0.625;0.63477;0.64453;0.6543;0.66406;0.67383;0.68359;0.69336;0.70313;0.71289;0.72266;0.73242;0.74219;0.75195;0.76172;0.77148;0.78125;0.79102,0.0033873920000000004;0.006480896000000001;0.004115456;0.007455744;0.012438528;0.00258048;0.006387711999999999;0.00914432;0.01048064;0.019243008;0.070652928;0.053041151999999994;0.036032511999999996;0.03747430399999999;0.029674496;0.03923968;0.037586944000000004;0.022552575999999998;0.015049727999999998;0.014470144;0.013247488000000002;0.009209855999999999;0.005494784000000001;0.004225024;0.0033464320000000003;0.002316288;0.002500608;0.0018800639999999999;0.0011694079999999998;0.001015808;0.0010086399999999999;0.000780288;0.000995328;0.000760832;0.0005007359999999999;0.00036454399999999996;0.000505856;0.00035328;0.000282624;0.00027648;0.00048742400000000003;0.000596992;0.000553984;0.00033689599999999994;0.000494592;0.00032870400000000003;0.00043827199999999997;0.000357376;0.000323584;0.00031129599999999997;0.000267264;0.000259072;0.000233472;0.000244736;0.000323584;0.00037068800000000004;0.000323584;0.000176128;0.000132096;0.00014848;0.000131072;0.00015462400000000002;0.00023552000000000002;0.000274432;0.000284672;0.00022528;0.00014950399999999998;0.00022016;0.000222208;0.000162816;7.8848e-05;0.000116736;9.728e-05;0.000142336;0.00016896;9.5232e-05;9.5232e-05;0.000114688;0.000113664
1788586200,hdr,0.0293;0.03906;0.04883;0.05859;0.06836;0.07813;0.08789;0.09766;0.10742;0.11719;0.12695;0.13672;0.14648;0.15625;0.16602;0.17578;0.18555;0.19531;0.20508;0.21484;0.22461;0.23438;0.24414;0.25391;0.26367;0.27344;0.2832;0.29297;0.30273;0.3125;0.32227;0.33203;0.3418;0.35156;0.36133;0.37109;0.38086;0.39063;0.40039;0.41016;0.41992;0.42969;0.43945;0.44922;0.45898;0.46875;0.47852;0.48828;0.49805;0.50781;0.51758;0.52734;0.53711;0.54688;0.55664;0.56641;0.57617;0.58594;0.5957;0.60547;0.61523;0.625;0.63477;0.64453;0.6543;0.66406;0.67383;0.68359;0.69336;0.70313;0.71289;0.72266;0.73242;0.74219;0.75195;0.76172;0.77148;0.78125;0.79102,0.003290112;0.00341504;0.0041512960000000005;0.009075712;0.011874304;0.006616064;0.0064419839999999996;0.005147648;0.010900479999999999;0.02213376;0.023049216;0.024563711999999998;0.039796736000000006;0.045319168;0.031950848000000004;0.050870271999999994;0.050116608;0.022891520000000002;0.020760576;0.010412032;0.005941248;0.004842496;0.004548608;0.004777984000000001;0.0037949439999999997;0.00222208;0.0022067199999999997;0.0023173119999999998;0.001722368;0.001579008;0.0012359679999999998;0.001323008;0.001062912;0.0008591359999999999;0.001035264;0.0009297919999999999;0.000406528;0.000242688;0.000641024;0.000528384;0.00046080000000000003;0.00042291200000000006;0.000421888;0.000395264;0.000379904;0.000439296;0.000252928;0.00029900799999999997;0.000411648;0.00031129599999999997;0.00030617599999999996;0.000344064;0.00029286400000000005;0.0002816;0.000258048;0.000308224;0.00036147200000000005;0.000216064;0.000129024;0.00016896;0.00018534400000000002;0.000176128;0.000128;0.000120832;0.000151552;0.00015052799999999998;9.216000000000001e-05;0.00010137599999999999;9.5232e-05;0.00014848;0.000116736;0.00014848;0.00015052799999999998;9.728e-05;7.5776e-05;0.000110592;7.68e-05;9.113599999999999e-05;0.00015872
1788587100,hdr,0.0293;0.03906;0.04883;0.05859;0.06836;0.07813;0.08789;0.09766;0.10742;0.11719;0.12695;0.13672;0.14648;0.15625;0.16602;0.17578;0.18555;0.19531;0.20508;0.21484;0.22461;0.23438;0.24414;0.25391;0.26367;0.27344;0.2832;0.29297;0.30273;0.3125;0.32227;0.33203;0.3418;0.35156;0.36133;0.37109;0.38086;0.39063;0.40039;0.41016;0.41992;0.42969;0.43945;0.44922;0.45898;0.46875;0.47852;0.48828;0.49805;0.50781;0.51758;0.52734;0.53711;0.54688;0.55664;0.56641;0.57617;0.58594;0.5957;0.60547;0.61523;0.625;0.63477;0.64453;0.6543;0.66406;0.67383;0.68359;0.69336;0.70313;0.71289;0.72266;0.73242;0.74219;0.75195;0.76172;0.77148;0.78125;0.79102,0.00264704;0.005660671999999999;0.005330944;0.005005312;0.016595968;0.010418176000000001;0.009832448;0.011127808;0.006340607999999999;0.015939584;0.039119872;0.034195456;0.039357439999999994;0.046277632;0.05324288;0.046112768000000005;0.036051968000000004;0.025592832000000003;0.013901823999999998;0.008426496;0.006268928;0.005797888000000001;0.005230592;0.0049479680000000005;0.003991552;0.002542592;0.002110464;0.001257472;0.0013004800000000001;0.001129472;0.001309696;0.0013506560000000002;0.00123904;0.00083968;0.000863232;0.0005857280000000001;0.000601088;0.00043110399999999997;0.000516096;0.00073216;0.000656384;0.000565248;0.00045056;0.000505856;0.000671744;0.00047616000000000005;0.000421888;0.000321536;0.00024780799999999997;0.00029491200000000004;0.000320512;0.00030003200000000004;0.00026623999999999994;0.0001536;0.000197632;0.000132096;0.00014540800000000003;0.000165888;0.000216064;0.000452608;0.000314368;0.0001536;0.000180224;0.000241664;0.000282624;0.000191488;0.000188416;0.00014745600000000002;0.00020992;0.000272384;0.000308224;0.00051712;0.0005601279999999999;0.0006154239999999999;0.000877568;0.00141312;0.001071104;0.000871424;0.001258496
1788588000,hdr,0.0293;0.03906;0.04883;0.05859;0.06836;0.07813;0.08789;0.09766;0.10742;0.11719;0.12695;0.13672;0.14648;0.15625;0.16602;0.17578;0.18555;0.19531;0.20508;0.21484;0.22461;0.23438;0.24414;0.25391;0.26367;0.27344;0.2832;0.29297;0.30273;0.3125;0.32227;0.33203;0.3418;0.35156;0.36133;0.37109;0.38086;0.39063;0.40039;0.41016;0.41992;0.42969;0.43945;0.44922;0.45898;0.46875;0.47852;0.48828;0.49805;0.50781;0.51758;0.52734;0.53711;0.54688;0.55664;0.56641;0.57617;0.58594;0.5957;0.60547;0.61523;0.625;0.63477;0.64453;0.6543;0.66406;0.67383;0.68359;0.69336;0.70313;0.71289;0.72266;0.73242;0.74219;0.75195;0.76172;0.77148;0.78125;0.79102,0.0005478400000000001;0.004262912000000001;0.006450175999999999;0.006040576;0.013400064;0.011250688;0.007614464;0.007310336000000001;0.010684416;0.036236288;0.061185024;0.061241343999999996;0.05443584;0.05530009600000001;0.045681664;0.03643904;0.028136448;0.017858560000000002;0.009882624;0.010170368;0.007663616;0.005748736;0.006139904;0.004595711999999999;0.003274752;0.0028917760000000004;0.0029163519999999997;0.002436096;0.001349632;0.001026048;0.000999424;0.00040243200000000004;0.000780288;0.000802816;0.00062976;0.000535552;0.00062464;0.0005406720000000001;0.000310272;0.000314368;0.000475136;0.00043827199999999997;0.000372736;0.00030617599999999996;0.000283648;0.000191488;0.00021913599999999998;0.00016384;0.000218112;0.000283648;0.00030003200000000004;0.000310272;0.000320512;0.00029798400000000005;0.000257024;0.000206848;0.000165888;0.00018739199999999998;0.00016896;0.000256;0.00034304;0.00035328;0.000249856;0.00037068800000000004;0.00030617599999999996;0.00051712;0.000525312;0.00039423999999999997;0.00032768;0.00047001599999999997;0.001026048;0.00175104;0.0019517439999999998;0.002029568;0.0029173759999999997;0.0030986240000000003;0.0024156159999999998;0.002185216;0.001903616
1788588900,hdr,0.0293;0.03906;0.04883;0.05859;0.06836;0.07813;0.08789;0.09766;0.10742;0.11719;0.12695;0.13672;0.14648;0.15625;0.16602;0.17578;0.18555;0.19531;0.20508;0.21484;0.22461;0.23438;0.24414;0.25391;0.26367;0.27344;0.2832;0.29297;0.30273;0.3125;0.32227;0.33203;0.3418;0.35156;0.36133;0.37109;0.38086;0.39063;0.40039;0.41016;0.41992;0.42969;0.43945;0.44922;0.45898;0.46875;0.47852;0.48828;0.49805;0.50781;0.51758;0.52734;0.53711;0.54688;0.55664;0.56641;0.57617;0.58594;0.5957;0.60547;0.61523;0.625;0.63477;0.64453;0.6543;0.66406;0.67383;0.68359;0.69336;0.70313;0.71289;0.72266;0.73242;0.74219;0.75195;0.76172;0.77148;0.78125;0.79102,0.0014704639999999999;0.002729984;0.0030207999999999997;0.001477632;0.008085504;0.008146944;0.006126591999999999;0.012024832000000001;0.012648448;0.02000896;0.056935424;0.05143552;0.042233856;0.06496256;0.051089407999999996;0.031819776;0.030139392;0.026106880000000002;0.013754367999999998;0.016390144;0.009744384;0.010356735999999998;0.011454464;0.007561216;0.0036894719999999996;0.002149376;0.002356224;0.002650112;0.002500608;0.0013209599999999997;0.000915456;0.000772096;0.000415744;0.000521216;0.0005754880000000001;0.0005601279999999999;0.000427008;0.000406528;0.00032768;0.00043315199999999996;0.00049664;0.000484352;0.000449536;0.0004884479999999999;0.00047206399999999996;0.000345088;0.000360448;0.00033382400000000003;0.000308224;0.000280576;0.000186368;0.000164864;0.00019865600000000002;0.000205824;0.00029798400000000005;0.00021913599999999998;0.000229376;0.000289792;0.00023142399999999999;0.00022528;0.00018227199999999998;0.000159744;0.000210944;0.00015052799999999998;0.000234496;0.000282624;0.00030924800000000003;0.00041984;0.000434176;0.00039423999999999997;0.0007280640000000001;0.000795648;0.001381376;0.001420288;0.001301504;0.001527808;0.001746944;0.001457152;0.001313792
1788589800,hdr,0.0293;0.03906;0.04883;0.05859;0.06836;0.07813;0.08789;0.09766;0.10742;0.11719;0.12695;0.13672;0.14648;0.15625;0.16602;0.17578;0.18555;0.19531;0.20508;0.21484;0.22461;0.23438;0.24414;0.25391;0.26367;0.27344;0.2832;0.29297;0.30273;0.3125;0.32227;0.33203;0.3418;0.35156;0.36133;0.37109;0.38086;0.39063;0.40039;0.41016;0.41992;0.42969;0.43945;0.44922;0.45898;0.46875;0.47852;0.48828;0.49805;0.50781;0.51758;0.52734;0.53711;0.54688;0.55664;0.56641;0.57617;0.58594;0.5957;0.60547;0.61523;0.625;0.63477;0.64453;0.6543;0.66406;0.67383;0.68359;0.69336;0.70313;0.71289;0.72266;0.73242;0.74219;0.75195;0.76172;0.77148;0.78125;0.79102,0.0038297599999999998;0.007218176;0.008288256;0.00759296;0.012641280000000001;0.010087424000000001;0.010094592000000001;0.008693759999999998;0.014430208;0.032995328000000004;0.06882918399999999;0.062038015999999994;0.026329088;0.038713344;0.04162048;0.031712256;0.019531776;0.012033024;0.010034176;0.012294143999999998;0.009489408;0.006729728;0.0067205120000000005;0.00377856;0.0026705920000000003;0.001620992;0.0022661120000000002;0.00303104;0.002675712;0.0014786559999999999;0.0008110079999999999;0.00067072;0.000990208;0.0007352319999999999;0.00055296;0.0006789119999999999;0.000617472;0.000452608;0.00037785600000000004;0.00042803200000000007;0.000456704;0.00037376;0.000351232;0.0004884479999999999;0.000617472;0.000335872;0.00020992;0.00017715200000000003;0.00016691200000000002;0.00018944;0.00027648;0.00021913599999999998;0.00017100799999999997;0.000211968;0.000246784;0.00022323200000000002;0.000252928;0.000218112;0.000206848;0.000162816;0.000280576;0.000197632;0.000278528;0.00029593599999999995;0.000319488;0.000413696;0.000375808;0.000521216;0.000514048;0.0005621760000000001;0.0009697280000000001;0.0014745600000000002;0.0014581759999999998;0.001199104;0.0009758719999999999;0.002468864;0.002151424;0.001583104;0.0017121280000000003
1788590700,hdr,0.0293;0.03906;0.04883;0.05859;0.06836;0.07813;0.08789;0.09766;0.10742;0.11719;0.12695;0.13672;0.14648;0.15625;0.16602;0.17578;0.18555;0.19531;0.20508;0.21484;0.22461;0.23438;0.24414;0.25391;0.26367;0.27344;0.2832;0.29297;0.30273;0.3125;0.32227;0.33203;0.3418;0.35156;0.36133;0.37109;0.38086;0.39063;0.40039;0.41016;0.41992;0.42969;0.43945;0.44922;0.45898;0.46875;0.47852;0.48828;0.49805;0.50781;0.51758;0.52734;0.53711;0.54688;0.55664;0.56641;0.57617;0.58594;0.5957;0.60547;0.61523;0.625;0.63477;0.64453;0.6543;0.66406;0.67383;0.68359;0.69336;0.70313;0.71289;0.72266;0.73242;0.74219;0.75195;0.76172;0.77148;0.78125;0.79102,0.001282048;0.001924096;0.0013199359999999999;0.0036730879999999997;0.014113792;0.006995968000000001;0.007077888;0.013935616;0.021405696;0.034814976000000004;0.057844735999999994;0.062560256;0.053334016;0.037028864;0.038663168;0.03484467200000001;0.029493248;0.023546880000000003;0.016118784;0.011287552;0.009417728;0.009081856;0.0071167999999999995;0.006276095999999999;0.004594688;0.003048448;0.003429376;0.002195456;0.0016916480000000002;0.000827392;0.000637952;0.000791552;0.000807936;0.000447488;0.000283648;0.000429056;0.00042803200000000007;0.00034201599999999995;0.000331776;0.00040550399999999994;0.00030208000000000004;0.000442368;0.000269312;0.00036761599999999997;0.00048025600000000003;0.00038912;0.000251904;0.00039936;0.00033689599999999994;0.000196608;0.000200704;0.00032870400000000003;0.000448512;0.000350208;0.00020275199999999997;0.000178176;0.00014848;0.00015872;0.000274432;0.000218112;0.00022016;0.0004956159999999999;0.00049664;0.000466944;0.0005888;0.000565248;0.00059904;0.00067584;0.001005568;0.0015226880000000001;0.001811456;0.001534976;0.0014817279999999999;0.001727488;0.001734656;0.001666048;0.002250752;0.0022374400000000003;0.0023019520000000003
1788591600,hdr,0.0293;0.03906;0.04883;0.05859;0.06836;0.07813;0.08789;0.09766;0.10742;0.11719;0.12695;0.13672;0.14648;0.15625;0.16602;0.17578;0.18555;0.19531;0.20508;0.21484;0.22461;0.23438;0.24414;0.25391;0.26367;0.27344;0.2832;0.29297;0.30273;0.3125;0.32227;0.33203;0.3418;0.35156;0.36133;0.37109;0.38086;0.39063;0.40039;0.41016;0.41992;0.42969;0.43945;0.44922;0.45898;0.46875;0.47852;0.48828;0.49805;0.50781;0.51758;0.52734;0.53711;0.54688;0.55664;0.56641;0.57617;0.58594;0.5957;0.60547;0.61523;0.625;0.63477;0.64453;0.6543;0.66406;0.67383;0.68359;0.69336;0.70313;0.71289;0.72266;0.73242;0.74219;0.75195;0.76172;0.77148;0.78125;0.79102,0.0015697920000000002;0.003127296;0.001967104;0.004762624;0.007711744;0.006627328;0.018453503999999996;0.024766464;0.015685631999999998;0.03627827200000001;0.076489728;0.08329318399999999;0.059086848000000004;0.040986624;0.058897408;0.047166464;0.02948608;0.028119039999999998;0.015693824;0.012355584000000001;0.009239552;0.00576;0.006701056;0.005997568;0.007333888;0.004413439999999999;0.0029788160000000004;0.002640896;0.001533952;0.00065536;0.000661504;0.001079296;0.000717824;0.00048127999999999995;0.000631808;0.000544768;0.00043315199999999996;0.000429056;0.00036454399999999996;0.000524288;0.00029491200000000004;0.00029183999999999997;0.00030105599999999996;0.000272384;0.00030208000000000004;0.00034099200000000003;0.00029286400000000005;0.00023859199999999998;0.00023859199999999998;0.000207872;0.000321536;0.00034304;0.00032870400000000003;0.000436224;0.000376832;0.000195584;0.000159744;0.000264192;0.00029798400000000005;0.00040448000000000003;0.000318464;0.00021913599999999998;0.000534528;0.000516096;0.00047411199999999995;0.0008335360000000001;0.0009574399999999999;0.0009912319999999999;0.0013404159999999999;0.001849344;0.00172544;0.002592768;0.0033351680000000003;0.002366464;0.002840576;0.0021985280000000004;0.0027095039999999997;0.0026787839999999996;0.002660352
1788592500,hdr,0.0293;0.03906;0.04883;0.05859;0.06836;0.07813;0.08789;0.09766;0.10742;0.11719;0.12695;0.13672;0.14648;0.15625;0.16602;0.17578;0.18555;0.19531;0.20508;0.21484;0.22461;0.23438;0.24414;0.25391;0.26367;0.27344;0.2832;0.29297;0.30273;0.3125;0.32227;0.33203;0.3418;0.35156;0.36133;0.37109;0.38086;0.39063;0.40039;0.41016;0.41992;0.42969;0.43945;0.44922;0.45898;0.46875;0.47852;0.48828;0.49805;0.50781;0.51758;0.52734;0.53711;0.54688;0.55664;0.56641;0.57617;0.58594;0.5957;0.60547;0.61523;0.625;0.63477;0.64453;0.6543;0.66406;0.67383;0.68359;0.69336;0.70313;0.71289;0.72266;0.73242;0.74219;0.75195;0.76172;0.77148;0.78125;0.79102,0.0035287039999999997;0.0066437119999999995;0.004455424;0.00516096;0.015250432000000001;0.0031426559999999997;0.003587072;0.015188992;0.031910912;0.05070336;0.08594432;0.085412864;0.05257215999999999;0.059280384;0.07218483199999999;0.048806911999999994;0.026320896;0.020877312;0.013569024;0.010622976;0.013762560000000002;0.009136127999999999;0.007665664;0.006526976;0.0055531520000000004;0.002615296;0.0023930880000000002;0.0026787839999999996;0.002601984;0.001432576;0.0012912639999999999;0.001078272;0.000955392;0.0007495679999999999;0.0008509440000000001;0.000623616;0.000635904;0.0005857280000000001;0.0005416959999999999;0.00057856;0.00046489599999999996;0.000565248;0.000841728;0.00041984;0.00047718399999999996;0.00037478399999999997;0.00038912;0.000442368;0.00033792;0.000280576;0.00018227199999999998;0.00030412799999999997;0.000382976;0.000401408;0.000308224;0.000186368;0.000313344;0.00044646400000000004;0.000395264;0.000415744;0.00047923199999999995;0.0005713920000000001;0.0006676480000000001;0.0007352319999999999;0.000748544;0.0009318400000000001;0.001702912;0.0022732800000000004;0.001969152;0.0017018880000000001;0.002321408;0.0024145919999999997;0.002407424;0.003644416;0.0034488319999999998;0.0022538239999999998;0.0026296320000000002;0.002089984;0.002336768
1788593400,hdr,0.0293;0.03906;0.04883;0.05859;0.06836;0.07813;0.08789;0.09766;0.10742;0.11719;0.12695;0.13672;0.14648;0.15625;0.16602;0.17578;0.18555;0.19531;0.20508;0.21484;0.22461;0.23438;0.24414;0.25391;0.26367;0.27344;0.2832;0.29297;0.30273;0.3125;0.32227;0.33203;0.3418;0.35156;0.36133;0.37109;0.38086;0.39063;0.40039;0.41016;0.41992;0.42969;0.43945;0.44922;0.45898;0.46875;0.47852;0.48828;0.49805;0.50781;0.51758;0.52734;0.53711;0.54688;0.55664;0.56641;0.57617;0.58594;0.5957;0.60547;0.61523;0.625;0.63477;0.64453;0.6543;0.66406;0.67383;0.68359;0.69336;0.70313;0.71289;0.72266;0.73242;0.74219;0.75195;0.76172;0.77148;0.78125;0.79102,0.0019537919999999998;0.0035440640000000004;0.005203968;0.0037222400000000004;0.012635135999999998;0.0068577280000000004;0.00654848;0.011440127999999999;0.038194175999999996;0.080282624;0.049178624;0.06735872;0.066118656;0.046804992;0.06665523200000001;0.06434611200000001;0.029413376;0.020531199999999996;0.025969664;0.016611328;0.011163648000000002;0.007472128;0.006883327999999999;0.008285184;0.004931584;0.0036608;0.0017971200000000001;0.001636352;0.00183296;0.001391616;0.000592896;0.000357376;0.000715776;0.00076288;0.0009461760000000001;0.0008069119999999999;0.00064;0.00043110399999999997;0.000497664;0.0005007359999999999;0.00023859199999999998;0.00026112;0.000421888;0.0005918719999999999;0.00039628799999999996;0.000207872;0.00036352;0.000380928;0.000282624;0.00028569600000000005;0.00040550399999999994;0.000458752;0.00040345599999999995;0.000350208;0.000310272;0.00039219200000000003;0.000272384;0.0005877759999999999;0.000715776;0.000535552;0.000626688;0.0007229440000000001;0.0005304320000000001;0.000787456;0.00100352;0.001555456;0.0013148160000000001;0.0018595839999999998;0.003150848;0.002390016;0.002265088;0.002161664;0.002692096;0.0029992960000000003;0.002824192;0.002197504;0.0014919679999999998;0.00125952;0.000847872
1788594300,hdr,0.0293;0.03906;0.04883;0.05859;0.06836;0.07813;0.08789;0.09766;0.10742;0.11719;0.12695;0.13672;0.14648;0.15625;0.16602;0.17578;0.18555;0.19531;0.20508;0.21484;0.22461;0.23438;0.24414;0.25391;0.26367;0.27344;0.2832;0.29297;0.30273;0.3125;0.32227;0.33203;0.3418;0.35156;0.36133;0.37109;0.38086;0.39063;0.40039;0.41016;0.41992;0.42969;0.43945;0.44922;0.45898;0.46875;0.47852;0.48828;0.49805;0.50781;0.51758;0.52734;0.53711;0.54688;0.55664;0.56641;0.57617;0.58594;0.5957;0.60547;0.61523;0.625;0.63477;0.64453;0.6543;0.66406;0.67383;0.68359;0.69336;0.70313;0.71289;0.72266;0.73242;0.74219;0.75195;0.76172;0.77148;0.78125;0.79102,0.002564096;0.004799488;0.007250944;0.00672256;0.013479936;0.007095296;0.00989184;0.02385408;0.027090944;0.07893504;0.15780352;0.14191411199999998;0.08405606400000001;0.053970944;0.04125388800000001;0.036809728;0.03362304;0.030568448;0.015245312;0.012011520000000001;0.008272895999999998;0.008358912;0.006930431999999999;0.006491136000000001;0.004702207999999999;0.003698688;0.003373056;0.001898496;0.001329152;0.001209344;0.0010649599999999998;0.00118272;0.001185792;0.000760832;0.000651264;0.000837632;0.0006993920000000001;0.000502784;0.00046796800000000003;0.00040755200000000004;0.00048742400000000003;0.000466944;0.000531456;0.000514048;0.00027340799999999994;0.000415744;0.000452608;0.000350208;0.00037478399999999997;0.00042803200000000007;0.00039628799999999996;0.00030617599999999996;0.000539648;0.00045568;0.00043315199999999996;0.000475136;0.0006502400000000001;0.00074752;0.000550912;0.000979968;0.000924672;0.0009697280000000001;0.000924672;0.0008704;0.001226752;0.001783808;0.00187392;0.001995776;0.0020101119999999997;0.00193536;0.002061312;0.0017663999999999998;0.00128;0.001358848;0.002443264;0.001452032;0.0015452159999999999;0.0018288640000000001;0.0023552
1788595200,hdr,0.0293;0.03906;0.04883;0.05859;0.06836;0.07813;0.08789;0.09766;0.10742;0.11719;0.12695;0.13672;0.14648;0.15625;0.16602;0.17578;0.18555;0.19531;0.20508;0.21484;0.22461;0.23438;0.24414;0.25391;0.26367;0.27344;0.2832;0.29297;0.30273;0.3125;0.32227;0.33203;0.3418;0.35156;0.36133;0.37109;0.38086;0.39063;0.40039;0.41016;0.41992;0.42969;0.43945;0.44922;0.45898;0.46875;0.47852;0.48828;0.49805;0.50781;0.51758;0.52734;0.53711;0.54688;0.55664;0.56641;0.57617;0.58594;0.5957;0.60547;0.61523;0.625;0.63477;0.64453;0.6543;0.66406;0.67383;0.68359;0.69336;0.70313;0.71289;0.72266;0.73242;0.74219;0.75195;0.76172;0.77148;0.78125;0.79102,0.0037058559999999996;0.006957056;0.006786047999999999;0.005766143999999999;0.010276864;0.0059340799999999996;0.020885504;0.03729408;0.048958464;0.09119539199999999;0.113455104;0.11678924800000001;0.098898944;0.09816576;0.08728063999999999;0.054861824000000003;0.026748927999999998;0.015864832;0.020271103999999998;0.015076352000000001;0.009736192000000001;0.008124416;0.0075970560000000005;0.0071464960000000004;0.0058019840000000005;0.0034385919999999994;0.0033024;0.0018135039999999999;0.0015667199999999997;0.0015185919999999998;0.0012400640000000001;0.0010813440000000001;0.0009441279999999999;0.000730112;0.000900096;0.0007976959999999999;0.001042432;0.0005376000000000001;0.00041984;0.00068096;0.000452608;0.000356352;0.00030412799999999997;0.000545792;0.0005468159999999999;0.000444416;0.00044032;0.000325632;0.00043008000000000006;0.000503808;0.00034099200000000003;0.00040550399999999994;0.000528384;0.000459776;0.00037478399999999997;0.00034201599999999995;0.00040448000000000003;0.000441344;0.000415744;0.000635904;0.001333248;0.0009216000000000001;0.0006819840000000001;0.001062912;0.001214464;0.001011712;0.000990208;0.0013506560000000002;0.001676288;0.001536;0.0011202559999999998;0.001524736;0.0013117439999999999;0.001195008;0.00136192;0.001338368;0.002052096;0.001429504;0.0010127360000000002
1788596100,hdr,0.0293;0.03906;0.04883;0.05859;0.06836;0.07813;0.08789;0.09766;0.10742;0.11719;0.12695;0.13672;0.14648;0.15625;0.16602;0.17578;0.18555;0.19531;0.20508;0.21484;0.22461;0.23438;0.24414;0.25391;0.26367;0.27344;0.2832;0.29297;0.30273;0.3125;0.32227;0.33203;0.3418;0.35156;0.36133;0.37109;0.38086;0.39063;0.40039;0.41016;0.41992;0.42969;0.43945;0.44922;0.45898;0.46875;0.47852;0.48828;0.49805;0.50781;0.51758;0.52734;0.53711;0.54688;0.55664;0.56641;0.57617;0.58594;0.5957;0.60547;0.61523;0.625;0.63477;0.64453;0.6543;0.66406;0.67383;0.68359;0.69336;0.70313;0.71289;0.72266;0.73242;0.74219;0.75195;0.76172;0.77148;0.78125;0.79102,0.003518464;0.010990591999999999;0.010370048000000002;0.008554496000000002;0.00986624;0.00826368;0.022619136;0.042979328000000004;0.032262144;0.060353536;0.101216256;0.11586048;0.10653184;0.074698752;0.052483072;0.045747199999999995;0.036655104;0.019070976000000003;0.0128256;0.011599871999999999;0.008452096;0.005179392;0.008854528;0.006759424;0.004753408000000001;0.002757632;0.002277376;0.001708032;0.0017530879999999999;0.001496064;0.0006819840000000001;0.000553984;0.000512;0.000702464;0.000703488;0.000651264;0.000694272;0.000656384;0.0005642239999999999;0.00063488;0.000661504;0.000638976;0.000543744;0.000449536;0.000375808;0.00037785600000000004;0.00042291200000000006;0.000324608;0.00037478399999999997;0.000413696;0.000441344;0.000507904;0.00047206399999999996;0.0006041600000000001;0.00040960000000000004;0.000514048;0.000796672;0.000799744;0.000633856;0.0006502400000000001;0.000452608;0.000482304;0.0006574080000000001;0.0014745600000000002;0.001536;0.0020418560000000003;0.002210816;0.00213504;0.0018575360000000001;0.0012154879999999998;0.001127424;0.001462272;0.0017336320000000001;0.0020879360000000003;0.001995776;0.002366464;0.001850368;0.00138752;0.0017459199999999998
1788597000,hdr,0.0293;0.03906;0.04883;0.05859;0.06836;0.07813;0.08789;0.09766;0.10742;0.11719;0.12695;0.13672;0.14648;0.15625;0.16602;0.17578;0.18555;0.19531;0.20508;0.21484;0.22461;0.23438;0.24414;0.25391;0.26367;0.27344;0.2832;0.29297;0.30273;0.3125;0.32227;0.33203;0.3418;0.35156;0.36133;0.37109;0.38086;0.39063;0.40039;0.41016;0.41992;0.42969;0.43945;0.44922;0.45898;0.46875;0.47852;0.48828;0.49805;0.50781;0.51758;0.52734;0.53711;0.54688;0.55664;0.56641;0.57617;0.58594;0.5957;0.60547;0.61523;0.625;0.63477;0.64453;0.6543;0.66406;0.67383;0.68359;0.69336;0.70313;0.71289;0.72266;0.73242;0.74219;0.75195;0.76172;0.77148;0.78125;0.79102,0.003352576;0.008653824000000001;0.009674752;0.016713728;0.023803903999999997;0.008612864;0.014145536;0.035656704;0.038126592;0.049060864;0.073355264;0.067989504;0.089013248;0.045612032;0.054467584;0.042143744;0.027738112000000002;0.024005632;0.0155904;0.012982272000000001;0.01037824;0.007791616;0.00476672;0.0037898240000000002;0.0032389119999999996;0.00477184;0.0033740800000000002;0.00225792;0.0013793280000000002;0.000939008;0.000937984;0.001067008;0.000953344;0.000748544;0.00049664;0.000490496;0.000453632;0.000873472;0.0006891520000000001;0.00040243200000000004;0.0005560319999999999;0.000580608;0.00047001599999999997;0.000316416;0.00034816000000000003;0.000278528;0.00044339199999999997;0.000515072;0.000356352;0.000234496;0.00036352;0.00050688;0.00037785600000000004;0.000252928;0.00041472;0.000453632;0.00033792;0.0002816;0.000534528;0.000513024;0.00047206399999999996;0.000649216;0.000953344;0.001604608;0.002163712;0.001599488;0.00091136;0.0005416959999999999;0.0009943039999999999;0.001519616;0.001562624;0.0012789759999999998;0.001446912;0.0012953600000000002;0.001052672;0.001129472;0.0014448640000000001;0.001537024;0.001110016
1788597900,hdr,0.0293;0.03906;0.04883;0.05859;0.06836;0.07813;0.08789;0.09766;0.10742;0.11719;0.12695;0.13672;0.14648;0.15625;0.16602;0.17578;0.18555;0.19531;0.20508;0.21484;0.22461;0.23438;0.24414;0.25391;0.26367;0.27344;0.2832;0.29297;0.30273;0.3125;0.32227;0.33203;0.3418;0.35156;0.36133;0.37109;0.38086;0.39063;0.40039;0.41016;0.41992;0.42969;0.43945;0.44922;0.45898;0.46875;0.47852;0.48828;0.49805;0.50781;0.51758;0.52734;0.53711;0.54688;0.55664;0.56641;0.57617;0.58594;0.5957;0.60547;0.61523;0.625;0.63477;0.64453;0.6543;0.66406;0.67383;0.68359;0.69336;0.70313;0.71289;0.72266;0.73242;0.74219;0.75195;0.76172;0.77148;0.78125;0.79102,0.0029982719999999997;0.005445632;0.007195648;0.009699328;0.011248639999999999;0.00600064;0.012208128;0.025583615999999997;0.050861055999999995;0.059026432000000004;0.12429926399999999;0.14018662399999998;0.13550592;0.091425792;0.059031551999999994;0.046015488;0.025822208;0.013032448;0.01033216;0.01065472;0.009869312;0.006803456;0.003613696;0.002945024;0.005677056000000001;0.003838976;0.0029839359999999995;0.002395136;0.001682432;0.001110016;0.000786432;0.000754688;0.0005980159999999999;0.0008202239999999999;0.0009768959999999999;0.0005918719999999999;0.0005601279999999999;0.0007249919999999999;0.0005468159999999999;0.000452608;0.000545792;0.000613376;0.000499712;0.000475136;0.00034816000000000003;0.000305152;0.000275456;0.000282624;0.000346112;0.000415744;0.000313344;0.000335872;0.000303104;0.000423936;0.000507904;0.000549888;0.00035942400000000006;0.000248832;0.000463872;0.0005416959999999999;0.0003328;0.000310272;0.000449536;0.0005632;0.000475136;0.000451584;0.00057856;0.000748544;0.000765952;0.001078272;0.001053696;0.0008704;0.000738304;0.000637952;0.000605184;0.0011970559999999997;0.0011909120000000001;0.0013568;0.0012308479999999999
1788598800,hdr,0.0293;0.03906;0.04883;0.05859;0.06836;0.07813;0.08789;0.09766;0.10742;0.11719;0.12695;0.13672;0.14648;0.15625;0.16602;0.17578;0.18555;0.19531;0.20508;0.21484;0.22461;0.23438;0.24414;0.25391;0.26367;0.27344;0.2832;0.29297;0.30273;0.3125;0.32227;0.33203;0.3418;0.35156;0.36133;0.37109;0.38086;0.39063;0.40039;0.41016;0.41992;0.42969;0.43945;0.44922;0.45898;0.46875;0.47852;0.48828;0.49805;0.50781;0.51758;0.52734;0.53711;0.54688;0.55664;0.56641;0.57617;0.58594;0.5957;0.60547;0.61523;0.625;0.63477;0.64453;0.6543;0.66406;0.67383;0.68359;0.69336;0.70313;0.71289;0.72266;0.73242;0.74219;0.75195;0.76172;0.77148;0.78125;0.79102,0.0006993920000000001;0.001636352;0.003914752;0.008195072;0.016427008000000003;0.004134912;0.007691264;0.028813311999999997;0.05275136;0.08910336;0.136814592;0.146889728;0.143024128;0.094457856;0.10262835200000002;0.094178304;0.052691968;0.036279296;0.019131392000000004;0.014763008;0.014726144;0.006995968000000001;0.003959808;0.003588096;0.003861504;0.0042014719999999995;0.0032942079999999994;0.0020981759999999998;0.001652736;0.0009594880000000001;0.000949248;0.000809984;0.000644096;0.000786432;0.000910336;0.000893952;0.000894976;0.0006154239999999999;0.00046080000000000003;0.000371712;0.000390144;0.000393216;0.000519168;0.00036761599999999997;0.00023142399999999999;0.00036147200000000005;0.000514048;0.00047206399999999996;0.000382976;0.0005847039999999999;0.00040345599999999995;0.00033792;0.00042803200000000007;0.000447488;0.000382976;0.00031744;0.00047001599999999997;0.000384;0.000258048;0.000335872;0.00036454399999999996;0.00024780799999999997;0.00025497599999999997;0.00030924800000000003;0.000345088;0.00039423999999999997;0.000447488;0.00047001599999999997;0.000519168;0.000676864;0.0006952960000000001;0.0009912319999999999;0.000857088;0.00077824;0.000891904;0.001212416;0.0007946240000000001;0.001015808;0.0011161600000000002
1788599700,hdr,0.0293;0.03906;0.04883;0.05859;0.06836;0.07813;0.08789;0.09766;0.10742;0.11719;0.12695;0.13672;0.14648;0.15625;0.16602;0.17578;0.18555;0.19531;0.20508;0.21484;0.22461;0.23438;0.24414;0.25391;0.26367;0.27344;0.2832;0.29297;0.30273;0.3125;0.32227;0.33203;0.3418;0.35156;0.36133;0.37109;0.38086;0.39063;0.40039;0.41016;0.41992;0.42969;0.43945;0.44922;0.45898;0.46875;0.47852;0.48828;0.49805;0.50781;0.51758;0.52734;0.53711;0.54688;0.55664;0.56641;0.57617;0.58594;0.5957;0.60547;0.61523;0.625;0.63477;0.64453;0.6543;0.66406;0.67383;0.68359;0.69336;0.70313;0.71289;0.72266;0.73242;0.74219;0.75195;0.76172;0.77148;0.78125;0.79102,0.004122624;0.004978688;0.004767744000000001;0.005846016;0.006505472;0.004810752;0.013875199999999999;0.033909760000000004;0.055898112;0.077549568;0.174978048;0.184984576;0.154457088;0.093063168;0.08556032000000001;0.07943884799999999;0.046075904;0.017052672;0.015005696;0.011564031999999998;0.011411456;0.0093184;0.006091776000000001;0.005798911999999999;0.004551680000000001;0.00253952;0.002865152;0.0024166400000000003;0.0016384000000000001;0.001035264;0.001137664;0.00083968;0.00076288;0.000861184;0.0008192000000000001;0.000497664;0.000566272;0.0005836799999999999;0.000868352;0.0006891520000000001;0.0006737919999999999;0.000731136;0.000524288;0.000538624;0.000493568;0.0005601279999999999;0.000503808;0.000408576;0.000559104;0.0006184960000000001;0.00039936;0.0004915200000000001;0.00048025600000000003;0.0005621760000000001;0.0004352;0.000222208;0.000434176;0.0005724160000000001;0.0004986880000000001;0.000360448;0.00036249599999999997;0.00043724800000000005;0.000484352;0.000534528;0.00075264;0.000744448;0.0008837120000000001;0.000768;0.0009041920000000001;0.001053696;0.000738304;0.000790528;0.000869376;0.0009349119999999999;0.0011714560000000002;0.000887808;0.0008366080000000001;0.001071104;0.0016711679999999998
1788600600,hdr,0.0293;0.03906;0.04883;0.05859;0.06836;0.07813;0.08789;0.09766;0.10742;0.11719;0.12695;0.13672;0.14648;0.15625;0.16602;0.17578;0.18555;0.19531;0.20508;0.21484;0.22461;0.23438;0.24414;0.25391;0.26367;0.27344;0.2832;0.29297;0.30273;0.3125;0.32227;0.33203;0.3418;0.35156;0.36133;0.37109;0.38086;0.39063;0.40039;0.41016;0.41992;0.42969;0.43945;0.44922;0.45898;0.46875;0.47852;0.48828;0.49805;0.50781;0.51758;0.52734;0.53711;0.54688;0.55664;0.56641;0.57617;0.58594;0.5957;0.60547;0.61523;0.625;0.63477;0.64453;0.6543;0.66406;0.67383;0.68359;0.69336;0.70313;0.71289;0.72266;0.73242;0.74219;0.75195;0.76172;0.77148;0.78125;0.79102,0.002304;0.002579456;0.001705984;0.002655232;0.005267456;0.0044953599999999995;0.021256192;0.046803968;0.044845055999999994;0.106799104;0.121561088;0.12985856;0.127828992;0.078138368;0.05154099200000001;0.046327808;0.040463360000000004;0.022903808;0.016011264;0.012528639999999999;0.009701376;0.007200768;0.00901632;0.0051619840000000005;0.005753856;0.0051374079999999996;0.0045670400000000005;0.0031477759999999997;0.002173952;0.00155648;0.000897024;0.0004986880000000001;0.0005877759999999999;0.000553984;0.000427008;0.000698368;0.00088064;0.0009943039999999999;0.0007423999999999999;0.000533504;0.00051712;0.00047206399999999996;0.000365568;0.00034304;0.00047206399999999996;0.000390144;0.00031744;0.00043724800000000005;0.00035328;0.000349184;0.00051712;0.000567296;0.0004884479999999999;0.0005898240000000001;0.000504832;0.00047411199999999995;0.00048127999999999995;0.00047104000000000004;0.00032768;0.000375808;0.0005734399999999999;0.000529408;0.0005621760000000001;0.0008458240000000001;0.001149952;0.001186816;0.0010680320000000002;0.001189888;0.001181696;0.0010516479999999999;0.00089088;0.0007946240000000001;0.00087552;0.000899072;0.0009717759999999999;0.0013117439999999999;0.00090112;0.00040448000000000003;0.00067584
1788601500,hdr,0.0293;0.03906;0.04883;0.05859;0.06836;0.07813;0.08789;0.09766;0.10742;0.11719;0.12695;0.13672;0.14648;0.15625;0.16602;0.17578;0.18555;0.19531;0.20508;0.21484;0.22461;0.23438;0.24414;0.25391;0.26367;0.27344;0.2832;0.29297;0.30273;0.3125;0.32227;0.33203;0.3418;0.35156;0.36133;0.37109;0.38086;0.39063;0.40039;0.41016;0.41992;0.42969;0.43945;0.44922;0.45898;0.46875;0.47852;0.48828;0.49805;0.50781;0.51758;0.52734;0.53711;0.54688;0.55664;0.56641;0.57617;0.58594;0.5957;0.60547;0.61523;0.625;0.63477;0.64453;0.6543;0.66406;0.67383;0.68359;0.69336;0.70313;0.71289;0.72266;0.73242;0.74219;0.75195;0.76172;0.77148;0.78125;0.79102,0.0018882559999999998;0.0024504320000000002;0.00283648;0.00510464;0.003781632;0.000740352;0.009586688;0.023492608;0.044210176;0.16360447999999997;0.193552384;0.20990976;0.141692928;0.1005056;0.060898304;0.041206783999999996;0.04593664;0.015727616;0.014824448;0.015201280000000001;0.00978944;0.010064895999999999;0.008387584;0.00598016;0.004835328;0.003948544;0.00318464;0.00159744;0.001127424;0.0010178560000000001;0.00087552;0.0008212479999999999;0.000854016;0.000545792;0.000690176;0.000912384;0.0005713920000000001;0.00062976;0.000666624;0.0005683200000000001;0.000390144;0.0005683200000000001;0.00074752;0.000384;0.000411648;0.0005007359999999999;0.000529408;0.000549888;0.000514048;0.000510976;0.000740352;0.000510976;0.0006932479999999999;0.000750592;0.000449536;0.00040243200000000004;0.00047616000000000005;0.0005816320000000001;0.0005744639999999999;0.00062976;0.001048576;0.001253376;0.0012154879999999998;0.001209344;0.0010956800000000001;0.0017489920000000002;0.002110464;0.0018862080000000001;0.001580032;0.001217536;0.001227776;0.0015738879999999998;0.00162816;0.00216576;0.001466368;0.0012554240000000002;0.001682432;0.0018196479999999999;0.001002496
1788602400,hdr,0.0293;0.03906;0.04883;0.05859;0.06836;0.07813;0.08789;0.09766;0.10742;0.11719;0.12695;0.13672;0.14648;0.15625;0.16602;0.17578;0.18555;0.19531;0.20508;0.21484;0.22461;0.23438;0.24414;0.25391;0.26367;0.27344;0.2832;0.29297;0.30273;0.3125;0.32227;0.33203;0.3418;0.35156;0.36133;0.37109;0.38086;0.39063;0.40039;0.41016;0.41992;0.42969;0.43945;0.44922;0.45898;0.46875;0.47852;0.48828;0.49805;0.50781;0.51758;0.52734;0.53711;0.54688;0.55664;0.56641;0.57617;0.58594;0.5957;0.60547;0.61523;0.625;0.63477;0.64453;0.6543;0.66406;0.67383;0.68359;0.69336;0.70313;0.71289;0.72266;0.73242;0.74219;0.75195;0.76172;0.77148;0.78125;0.79102,0.005510144;0.0024903679999999997;0.010489856;0.007006208;0.008457216;0.003326976;0.0136192;0.028982271999999996;0.046723072;0.125267968;0.250824704;0.194377728;0.08769433600000001;0.08513945599999999;0.06519091199999999;0.04420198400000001;0.029500416;0.026261503999999998;0.035032064;0.017732608;0.008861696;0.010555392;0.008261632000000001;0.005584896;0.004575232;0.0033802240000000002;0.002509824;0.0021248;0.001381376;0.000863232;0.0009748480000000001;0.00085504;0.0016691199999999998;0.003084288;0.00129024;0.0006819840000000001;0.0005898240000000001;0.0008048640000000001;0.00139776;0.001031168;0.0006973439999999999;0.000654336;0.00032768;0.000323584;0.00037785600000000004;0.00036761599999999997;0.00034201599999999995;0.000463872;0.00057856;0.00041779199999999995;0.000456704;0.000275456;0.000326656;0.00046489599999999996;0.00040550399999999994;0.000653312;0.000637952;0.000499712;0.000592896;0.000521216;0.000637952;0.0006840319999999999;0.00073216;0.000812032;0.001024;0.001267712;0.000818176;0.001031168;0.0009984;0.000671744;0.000842752;0.000924672;0.001159168;0.0011427840000000002;0.0012441599999999998;0.001057792;0.001293312;0.001403904;0.0014919679999999998
1788603300,hdr,0.0293;0.03906;0.04883;0.05859;0.06836;0.07813;0.08789;0.09766;0.10742;0.11719;0.12695;0.13672;0.14648;0.15625;0.16602;0.17578;0.18555;0.19531;0.20508;0.21484;0.22461;0.23438;0.24414;0.25391;0.26367;0.27344;0.2832;0.29297;0.30273;0.3125;0.32227;0.33203;0.3418;0.35156;0.36133;0.37109;0.38086;0.39063;0.40039;0.41016;0.41992;0.42969;0.43945;0.44922;0.45898;0.46875;0.47852;0.48828;0.49805;0.50781;0.51758;0.52734;0.53711;0.54688;0.55664;0.56641;0.57617;0.58594;0.5957;0.60547;0.61523;0.625;0.63477;0.64453;0.6543;0.66406;0.67383;0.68359;0.69336;0.70313;0.71289;0.72266;0.73242;0.74219;0.75195;0.76172;0.77148;0.78125;0.79102,0.001154048;0.0017121280000000003;0.0012544;0.00196096;0.005330944;0.003811328;0.012155904;0.038150144;0.04028928;0.067166208;0.112786432;0.154912768;0.114383872;0.097688576;0.068093952;0.041037824;0.033307648;0.017333248;0.021477376;0.016169984000000002;0.008932352;0.005748736;0.004881408;0.0049152;0.0039546880000000005;0.0025405440000000005;0.0017602560000000002;0.00152576;0.0013680639999999998;0.001555456;0.0011919360000000002;0.001016832;0.000745472;0.00037888;0.0005468159999999999;0.000393216;0.00047820800000000004;0.0007843840000000001;0.00043724800000000005;0.0005888;0.0005959680000000001;0.00041062399999999995;0.00047820800000000004;0.0003328;0.00037888;0.00036147200000000005;0.00037376;0.00046592000000000004;0.000654336;0.00044339199999999997;0.00048127999999999995;0.0004352;0.000272384;0.00043008000000000006;0.00039731200000000003;0.000195584;0.00029900799999999997;0.00036249599999999997;0.000381952;0.000526336;0.00050688;0.000387072;0.0007014399999999999;0.00033792;0.000351232;0.000662528;0.000626688;0.000420864;0.00040448000000000003;0.00052736;0.0009523200000000001;0.000828416;0.0006778880000000001;0.0006154239999999999;0.000553984;0.001096704;0.000987136;0.000982016;0.0013056
1788604200,hdr,0.0293;0.03906;0.04883;0.05859;0.06836;0.07813;0.08789;0.09766;0.10742;0.11719;0.12695;0.13672;0.14648;0.15625;0.16602;0.17578;0.18555;0.19531;0.20508;0.21484;0.22461;0.23438;0.24414;0.25391;0.26367;0.27344;0.2832;0.29297;0.30273;0.3125;0.32227;0.33203;0.3418;0.35156;0.36133;0.37109;0.38086;0.39063;0.40039;0.41016;0.41992;0.42969;0.43945;0.44922;0.45898;0.46875;0.47852;0.48828;0.49805;0.50781;0.51758;0.52734;0.53711;0.54688;0.55664;0.56641;0.57617;0.58594;0.5957;0.60547;0.61523;0.625;0.63477;0.64453;0.6543;0.66406;0.67383;0.68359;0.69336;0.70313;0.71289;0.72266;0.73242;0.74219;0.75195;0.76172;0.77148;0.78125;0.79102,0.008807424;0.011432959999999999;0.005082112;0.00277504;0.007842815999999999;0.006631424;0.015287296;0.044392448;0.08543232;0.128601088;0.14316134400000002;0.166182912;0.118854656;0.12357529599999999;0.07869849599999999;0.040766464;0.03615436799999999;0.016065536000000002;0.008928255999999999;0.012254208;0.013778944;0.009823232;0.00498688;0.003948544;0.003848192;0.0029009920000000002;0.003282944;0.0028190719999999997;0.002363392;0.0020910079999999997;0.001734656;0.001406976;0.0008704;0.000864256;0.000543744;0.0005959680000000001;0.000817152;0.000939008;0.0010649599999999998;0.0008458240000000001;0.000807936;0.00047616000000000005;0.000549888;0.000366592;0.00037068800000000004;0.0005406720000000001;0.000442368;0.000318464;0.000224256;0.00029900799999999997;0.0005376000000000001;0.0007086080000000001;0.0005847039999999999;0.000531456;0.0005683200000000001;0.000626688;0.00048127999999999995;0.00052224;0.000525312;0.000375808;0.000303104;0.00040755200000000004;0.000826368;0.0007423999999999999;0.000406528;0.00042496;0.00051712;0.0006041600000000001;0.0005642239999999999;0.000919552;0.0009830400000000001;0.0011120639999999998;0.000843776;0.000635904;0.000733184;0.000515072;0.000616448;0.000812032;0.0005632
1788605100,hdr,0.0293;0.03906;0.04883;0.05859;0.06836;0.07813;0.08789;0.09766;0.10742;0.11719;0.12695;0.13672;0.14648;0.15625;0.16602;0.17578;0.18555;0.19531;0.20508;0.21484;0.22461;0.23438;0.24414;0.25391;0.26367;0.27344;0.2832;0.29297;0.30273;0.3125;0.32227;0.33203;0.3418;0.35156;0.36133;0.37109;0.38086;0.39063;0.40039;0.41016;0.41992;0.42969;0.43945;0.44922;0.45898;0.46875;0.47852;0.48828;0.49805;0.50781;0.51758;0.52734;0.53711;0.54688;0.55664;0.56641;0.57617;0.58594;0.5957;0.60547;0.61523;0.625;0.63477;0.64453;0.6543;0.66406;0.67383;0.68359;0.69336;0.70313;0.71289;0.72266;0.73242;0.74219;0.75195;0.76172;0.77148;0.78125;0.79102,0.0026521599999999998;0.0047841279999999995;0.004685824000000001;0.004294656;0.008923135999999998;0.00301568;0.016356352;0.05275136;0.062414847999999995;0.10692608;0.167276544;0.152704;0.078596096;0.06765056;0.070556672;0.056157184;0.034777088;0.019841024000000002;0.016037888;0.006141952;0.005912576;0.005273600000000001;0.0053288960000000005;0.003940352;0.00249344;0.002596864;0.0013209599999999997;0.001574912;0.001176576;0.000966656;0.00123392;0.000941056;0.0006830079999999999;0.000919552;0.0006912;0.0006000640000000001;0.000549888;0.0006932479999999999;0.0005867520000000001;0.000601088;0.000526336;0.000463872;0.0005847039999999999;0.000510976;0.0004884479999999999;0.00043008000000000006;0.00043827199999999997;0.000507904;0.0005416959999999999;0.000489472;0.00051712;0.00076288;0.00077312;0.001015808;0.000671744;0.000531456;0.001265664;0.000965632;0.000770048;0.000510976;0.0005601279999999999;0.0009943039999999999;0.000805888;0.000723968;0.00087552;0.0004352;0.000452608;0.000553984;0.000786432;0.000868352;0.0009717759999999999;0.001004544;0.0009287680000000001;0.0013352960000000001;0.0019968;0.001599488;0.001895424;0.001619968;0.001084416
1788606000,hdr,0.0293;0.03906;0.04883;0.05859;0.06836;0.07813;0.08789;0.09766;0.10742;0.11719;0.12695;0.13672;0.14648;0.15625;0.16602;0.17578;0.18555;0.19531;0.20508;0.21484;0.22461;0.23438;0.24414;0.25391;0.26367;0.27344;0.2832;0.29297;0.30273;0.3125;0.32227;0.33203;0.3418;0.35156;0.36133;0.37109;0.38086;0.39063;0.40039;0.41016;0.41992;0.42969;0.43945;0.44922;0.45898;0.46875;0.47852;0.48828;0.49805;0.50781;0.51758;0.52734;0.53711;0.54688;0.55664;0.56641;0.57617;0.58594;0.5957;0.60547;0.61523;0.625;0.63477;0.64453;0.6543;0.66406;0.67383;0.68359;0.69336;0.70313;0.71289;0.72266;0.73242;0.74219;0.75195;0.76172;0.77148;0.78125;0.79102,0.0023275519999999997;0.008845312;0.0071116799999999996;0.006228992;0.013042688;0.010314752;0.050957312000000005;0.08257331200000001;0.058243072;0.118093824;0.137043968;0.23680204800000001;0.129369088;0.118094848;0.092215296;0.038227967999999994;0.027226112;0.021731328;0.011485184;0.005563392;0.009341951999999999;0.007220224;0.00502272;0.003919872;0.0046295039999999996;0.003326976;0.00176128;0.0019476480000000002;0.001682432;0.0014817279999999999;0.0010455039999999998;0.001130496;0.0011120639999999998;0.00074752;0.000555008;0.00048025600000000003;0.00043008000000000006;0.000603136;0.0005867520000000001;0.0004986880000000001;0.000371712;0.00042598399999999997;0.000325632;0.000468992;0.000743424;0.000625664;0.000484352;0.000610304;0.0004986880000000001;0.000356352;0.00035430400000000006;0.0005324799999999999;0.000692224;0.00062464;0.000644096;0.000641024;0.00048742400000000003;0.000774144;0.0007976959999999999;0.000557056;0.000799744;0.0009523200000000001;0.00091648;0.0011448320000000001;0.001395712;0.0010209280000000002;0.0013690880000000003;0.00162816;0.002051072;0.001864704;0.00165888;0.00187392;0.0028672;0.0021452800000000003;0.002299904;0.001927168;0.003076096;0.0028272640000000003;0.002142208
1788606900,hdr,0.0293;0.03906;0.04883;0.05859;0.06836;0.07813;0.08789;0.09766;0.10742;0.11719;0.12695;0.13672;0.14648;0.15625;0.16602;0.17578;0.18555;0.19531;0.20508;0.21484;0.22461;0.23438;0.24414;0.25391;0.26367;0.27344;0.2832;0.29297;0.30273;0.3125;0.32227;0.33203;0.3418;0.35156;0.36133;0.37109;0.38086;0.39063;0.40039;0.41016;0.41992;0.42969;0.43945;0.44922;0.45898;0.46875;0.47852;0.48828;0.49805;0.50781;0.51758;0.52734;0.53711;0.54688;0.55664;0.56641;0.57617;0.58594;0.5957;0.60547;0.61523;0.625;0.63477;0.64453;0.6543;0.66406;0.67383;0.68359;0.69336;0.70313;0.71289;0.72266;0.73242;0.74219;0.75195;0.76172;0.77148;0.78125;0.79102,0.001168384;0.0010373119999999999;0.001924096;0.0032757759999999998;0.012850176;0.009327616;0.027558912;0.045605888;0.039469056;0.103499776;0.162553856;0.147006464;0.10320896;0.089476096;0.084598784;0.055682048000000005;0.030422016;0.014349312;0.010023936;0.006803456;0.005669888;0.0046346239999999995;0.005733376;0.0052418560000000005;0.00311808;0.0020121600000000003;0.0025405440000000005;0.0027402240000000003;0.0016097280000000002;0.001007616;0.001306624;0.0009349119999999999;0.000439296;0.00042291200000000006;0.0008355839999999999;0.0009594880000000001;0.000534528;0.00052736;0.0007352319999999999;0.000360448;0.000503808;0.0005877759999999999;0.00041779199999999995;0.000448512;0.00036249599999999997;0.000514048;0.000543744;0.000576512;0.000507904;0.00068608;0.001050624;0.001195008;0.00115712;0.001113088;0.0007843840000000001;0.0010199039999999999;0.002023424;0.002020352;0.0015063040000000002;0.001924096;0.002671616;0.002139136;0.0018278399999999998;0.001688576;0.002300928;0.0038307840000000003;0.00321024;0.002953216;0.0033546239999999996;0.003835904;0.003605504;0.003550208;0.003708928;0.002127872;0.0022097920000000004;0.002197504;0.0023173119999999998;0.0014704639999999999;0.001410048
1788607800,hdr,0.0293;0.03906;0.04883;0.05859;0.06836;0.07813;0.08789;0.09766;0.10742;0.11719;0.12695;0.13672;0.14648;0.15625;0.16602;0.17578;0.18555;0.19531;0.20508;0.21484;0.22461;0.23438;0.24414;0.25391;0.26367;0.27344;0.2832;0.29297;0.30273;0.3125;0.32227;0.33203;0.3418;0.35156;0.36133;0.37109;0.38086;0.39063;0.40039;0.41016;0.41992;0.42969;0.43945;0.44922;0.45898;0.46875;0.47852;0.48828;0.49805;0.50781;0.51758;0.52734;0.53711;0.54688;0.55664;0.56641;0.57617;0.58594;0.5957;0.60547;0.61523;0.625;0.63477;0.64453;0.6543;0.66406;0.67383;0.68359;0.69336;0.70313;0.71289;0.72266;0.73242;0.74219;0.75195;0.76172;0.77148;0.78125;0.79102,0.000802816;0.003724288;0.0020981759999999998;0.005576704000000001;0.01925632;0.00829952;0.02176;0.053428224;0.076673024;0.148238336;0.13538304;0.083687424;0.059979776;0.081583104;0.08660991999999999;0.055621632;0.050669568;0.026743808;0.01496576;0.012027903999999999;0.008579072;0.0062750720000000005;0.0033044479999999998;0.004057088;0.00544768;0.0047144959999999994;0.001926144;0.0027156479999999998;0.002423808;0.0009359360000000001;0.0010178560000000001;0.001298432;0.001460224;0.00128512;0.001271808;0.001581056;0.002603008;0.003625984;0.0045056;0.001405952;0.00101376;0.0014530559999999999;0.001373184;0.0014929920000000003;0.001455104;0.0017602560000000002;0.0026787839999999996;0.001938432;0.002168832;0.0012072959999999998;0.00116224;0.001532928;0.001101824;0.001297408;0.001455104;0.002543616;0.0023592960000000003;0.001782784;0.002284544;0.001875968;0.0021248;0.0033536000000000004;0.003557376;0.0026112;0.0029880320000000003;0.005141504;0.0028272640000000003;0.004123648;0.0048660479999999996;0.0035942400000000003;0.0038461439999999997;0.004566016000000001;0.003745792;0.0037191679999999997;0.00305152;0.0026368000000000003;0.001927168;0.002052096;0.00246272
1788608700,hdr,0.0293;0.03906;0.04883;0.05859;0.06836;0.07813;0.08789;0.09766;0.10742;0.11719;0.12695;0.13672;0.14648;0.15625;0.16602;0.17578;0.18555;0.19531;0.20508;0.21484;0.22461;0.23438;0.24414;0.25391;0.26367;0.27344;0.2832;0.29297;0.30273;0.3125;0.32227;0.33203;0.3418;0.35156;0.36133;0.37109;0.38086;0.39063;0.40039;0.41016;0.41992;0.42969;0.43945;0.44922;0.45898;0.46875;0.47852;0.48828;0.49805;0.50781;0.51758;0.52734;0.53711;0.54688;0.55664;0.56641;0.57617;0.58594;0.5957;0.60547;0.61523;0.625;0.63477;0.64453;0.6543;0.66406;0.67383;0.68359;0.69336;0.70313;0.71289;0.72266;0.73242;0.74219;0.75195;0.76172;0.77148;0.78125;0.79102,0.00277504;0.001907712;0.00033689599999999994;0.002922496;0.008420351999999999;0.0064348159999999995;0.033260544;0.07425024000000001;0.047203328;0.10270515200000001;0.102572032;0.07520460799999999;0.041590784;0.047691776;0.062671872;0.06893568000000001;0.044064768000000004;0.027851776;0.022097919999999997;0.009982976000000001;0.006586368;0.004365312;0.00198144;0.0035246080000000003;0.004071424000000001;0.003186688;0.0019435519999999999;0.00222208;0.0013260799999999999;0.001265664;0.001436672;0.0013475839999999998;0.0015738879999999998;0.001461248;0.000873472;0.0006840319999999999;0.0015687680000000001;0.001273856;0.0011837439999999998;0.0018483199999999999;0.0015534079999999998;0.001267712;0.0014581759999999998;0.001639424;0.0016895999999999999;0.001913856;0.0025108480000000004;0.003393536;0.004263936;0.00373248;0.003201024;0.00293888;0.003328;0.003572736;0.003557376;0.0038656000000000003;0.00566784;0.002880512;0.00341504;0.004128768;0.0035235839999999997;0.004825088;0.0061532159999999995;0.005191680000000001;0.004719616;0.003753984;0.00546304;0.004521984;0.003904512;0.003724288;0.00406528;0.006040576;0.008016895999999999;0.004368384;0.00271872;0.001796096;0.001840128;0.002028544;0.0020592640000000003
1788609600,hdr,0.0293;0.03906;0.04883;0.05859;0.06836;0.07813;0.08789;0.09766;0.10742;0.11719;0.12695;0.13672;0.14648;0.15625;0.16602;0.17578;0.18555;0.19531;0.20508;0.21484;0.22461;0.23438;0.24414;0.25391;0.26367;0.27344;0.2832;0.29297;0.30273;0.3125;0.32227;0.33203;0.3418;0.35156;0.36133;0.37109;0.38086;0.39063;0.40039;0.41016;0.41992;0.42969;0.43945;0.44922;0.45898;0.46875;0.47852;0.48828;0.49805;0.50781;0.51758;0.52734;0.53711;0.54688;0.55664;0.56641;0.57617;0.58594;0.5957;0.60547;0.61523;0.625;0.63477;0.64453;0.6543;0.66406;0.67383;0.68359;0.69336;0.70313;0.71289;0.72266;0.73242;0.74219;0.75195;0.76172;0.77148;0.78125;0.79102,0.0032942079999999994;0.00646144;0.005752831999999999;0.012798976;0.021615615999999997;0.00758272;0.01576448;0.039197696000000004;0.07836979200000001;0.12837273600000002;0.12553728;0.12234444800000001;0.110590976;0.10609254400000001;0.085316608;0.067065856;0.061848576;0.029798400000000003;0.01300992;0.00725504;0.005379072;0.00636416;0.004612096;0.0031539199999999997;0.004508671999999999;0.003618816;0.002241536;0.002045952;0.00249856;0.0017182719999999999;0.00137216;0.001118208;0.001328128;0.001087488;0.000796672;0.0013987840000000001;0.0012462080000000002;0.001206272;0.0011448320000000001;0.001149952;0.001234944;0.001579008;0.0014940160000000001;0.00297472;0.002921472;0.003360768;0.00451072;0.0039168;0.003371008;0.004988928;0.003900416;0.0058347519999999995;0.007058432;0.004942848;0.005216255999999999;0.0050350080000000005;0.003557376;0.0033382399999999997;0.006289408;0.007479295999999999;0.005629952000000001;0.005151744;0.00564736;0.007097344;0.00559104;0.004006912;0.0030750720000000003;0.002625536;0.005610496;0.004353024;0.002921472;0.00357376;0.0025374720000000003;0.002771968;0.00398848;0.00257024;0.0023552;0.00195584;0.001591296
1788610500,hdr,0.0293;0.03906;0.04883;0.05859;0.06836;0.07813;0.08789;0.09766;0.10742;0.11719;0.12695;0.13672;0.14648;0.15625;0.16602;0.17578;0.18555;0.19531;0.20508;0.21484;0.22461;0.23438;0.24414;0.25391;0.26367;0.27344;0.2832;0.29297;0.30273;0.3125;0.32227;0.33203;0.3418;0.35156;0.36133;0.37109;0.38086;0.39063;0.40039;0.41016;0.41992;0.42969;0.43945;0.44922;0.45898;0.46875;0.47852;0.48828;0.49805;0.50781;0.51758;0.52734;0.53711;0.54688;0.55664;0.56641;0.57617;0.58594;0.5957;0.60547;0.61523;0.625;0.63477;0.64453;0.6543;0.66406;0.67383;0.68359;0.69336;0.70313;0.71289;0.72266;0.73242;0.74219;0.75195;0.76172;0.77148;0.78125;0.79102,0.008061952;0.017733632000000003;0.013970432000000001;0.005011456;0.012460032;0.012165120000000001;0.022505472000000002;0.059789312000000004;0.083945472;0.12583936;0.120946688;0.095838208;0.074139648;0.07298969599999999;0.064842752;0.038218752;0.031168512;0.023376895999999998;0.01518592;0.011390976;0.006289408;0.004200447999999999;0.004372480000000001;0.003897344;0.002589696;0.003432448;0.0020838399999999996;0.001312768;0.002205696;0.002675712;0.002060288;0.001727488;0.00195584;0.00144896;0.001404928;0.0009543679999999999;0.000877568;0.00108544;0.000881664;0.00103424;0.001294336;0.001189888;0.0020254720000000004;0.001472512;0.001084416;0.0011427840000000002;0.0015872;0.001839104;0.001961984;0.0025077759999999998;0.0015677439999999998;0.00205312;0.00256;0.002212864;0.00315904;0.003531776;0.004657152;0.006616064;0.006511616;0.006491136000000001;0.007223296000000001;0.004729856;0.003221504;0.0060958720000000004;0.00562176;0.002700288;0.0024371200000000005;0.002579456;0.0032;0.003054592;0.0034795520000000003;0.002922496;0.00252416;0.0020930559999999994;0.001865728;0.003027968;0.003068928;0.00180736;0.0017623040000000001
1788611400,hdr,0.0293;0.03906;0.04883;0.05859;0.06836;0.07813;0.08789;0.09766;0.10742;0.11719;0.12695;0.13672;0.14648;0.15625;0.16602;0.17578;0.18555;0.19531;0.20508;0.21484;0.22461;0.23438;0.24414;0.25391;0.26367;0.27344;0.2832;0.29297;0.30273;0.3125;0.32227;0.33203;0.3418;0.35156;0.36133;0.37109;0.38086;0.39063;0.40039;0.41016;0.41992;0.42969;0.43945;0.44922;0.45898;0.46875;0.47852;0.48828;0.49805;0.50781;0.51758;0.52734;0.53711;0.54688;0.55664;0.56641;0.57617;0.58594;0.5957;0.60547;0.61523;0.625;0.63477;0.64453;0.6543;0.66406;0.67383;0.68359;0.69336;0.70313;0.71289;0.72266;0.73242;0.74219;0.75195;0.76172;0.77148;0.78125;0.79102,0.0033925120000000003;0.004346879999999999;0.004155392;0.010878976;0.034752512;0.025337856;0.010678271999999999;0.038330368000000004;0.074426368;0.100532224;0.077111296;0.10885631999999999;0.13764608;0.08435609599999999;0.07464448;0.067699712;0.036081664000000006;0.024968192;0.017352703999999997;0.013468672000000001;0.008358912;0.0056350720000000005;0.0022231040000000005;0.0025251839999999998;0.0026296320000000002;0.002409472;0.002188288;0.002142208;0.001308672;0.001165312;0.0013578239999999999;0.0007423999999999999;0.0007290879999999999;0.0013240320000000002;0.001999872;0.0031887359999999997;0.00359936;0.00277504;0.0026480640000000003;0.003162112;0.0026490879999999995;0.0031856640000000004;0.0028303359999999997;0.0021944319999999996;0.001854464;0.0017356799999999999;0.0019230719999999998;0.0024954879999999997;0.0025180159999999997;0.002714624;0.0026624;0.002911232;0.0032296959999999998;0.00334336;0.003892224;0.004120576;0.004207616;0.006303744;0.006745088;0.00645632;0.005486591999999999;0.00749056;0.006642688;0.003782656;0.003693568;0.00382464;0.0035645440000000002;0.0028272640000000003;0.00390144;0.004159487999999999;0.002768896;0.002793472;0.0025180159999999997;0.00336896;0.00345088;0.00160256;0.002203648;0.0023439359999999996;0.0018964479999999998
1788612300,hdr,0.0293;0.03906;0.04883;0.05859;0.06836;0.07813;0.08789;0.09766;0.10742;0.11719;0.12695;0.13672;0.14648;0.15625;0.16602;0.17578;0.18555;0.19531;0.20508;0.21484;0.22461;0.23438;0.24414;0.25391;0.26367;0.27344;0.2832;0.29297;0.30273;0.3125;0.32227;0.33203;0.3418;0.35156;0.36133;0.37109;0.38086;0.39063;0.40039;0.41016;0.41992;0.42969;0.43945;0.44922;0.45898;0.46875;0.47852;0.48828;0.49805;0.50781;0.51758;0.52734;0.53711;0.54688;0.55664;0.56641;0.57617;0.58594;0.5957;0.60547;0.61523;0.625;0.63477;0.64453;0.6543;0.66406;0.67383;0.68359;0.69336;0.70313;0.71289;0.72266;0.73242;0.74219;0.75195;0.76172;0.77148;0.78125;0.79102,0.0013680639999999998;0.0025292799999999996;0.00296448;0.0037632;0.023078912;0.01578496;0.01373184;0.047877119999999995;0.041602048;0.067567616;0.09904742400000001;0.09188761599999999;0.069916672;0.047316991999999995;0.05116723199999999;0.071283712;0.048545792000000004;0.022730752;0.012442624;0.007025664;0.0037949439999999997;0.0031774719999999998;0.002924544;0.002976768;0.002716672;0.003345408;0.002318336;0.003144704;0.0015103999999999999;0.0011776;0.0018012159999999998;0.0029695999999999998;0.003313664;0.002617344;0.002398208;0.00272384;0.0015534079999999998;0.002512896;0.0042659840000000004;0.004176895999999999;0.0032768000000000003;0.004164608;0.0038144;0.00320512;0.002619392;0.004633600000000001;0.004321279999999999;0.004709376;0.003588096;0.002866176;0.005144576;0.0051271680000000005;0.004160512;0.003913728;0.003810304;0.006618112;0.006141952;0.007432192;0.004868096000000001;0.005827584;0.005352448;0.005577727999999999;0.0024719359999999997;0.00236544;0.0026245120000000003;0.005494784000000001;0.004486144;0.0022599680000000002;0.0026419199999999994;0.0037468159999999996;0.003690496;0.003662848;0.003129344;0.002217984;0.0019476480000000002;0.0017663999999999998;0.001452032;0.00182272;0.0017336320000000001
1788614100,hdr,0.0293;0.03906;0.04883;0.05859;0.06836;0.07813;0.08789;0.09766;0.10742;0.11719;0.12695;0.13672;0.14648;0.15625;0.16602;0.17578;0.18555;0.19531;0.20508;0.21484;0.22461;0.23438;0.24414;0.25391;0.26367;0.27344;0.2832;0.29297;0.30273;0.3125;0.32227;0.33203;0.3418;0.35156;0.36133;0.37109;0.38086;0.39063;0.40039;0.41016;0.41992;0.42969;0.43945;0.44922;0.45898;0.46875;0.47852;0.48828;0.49805;0.50781;0.51758;0.52734;0.53711;0.54688;0.55664;0.56641;0.57617;0.58594;0.5957;0.60547;0.61523;0.625;0.63477;0.64453;0.6543;0.66406;0.67383;0.68359;0.69336;0.70313;0.71289;0.72266;0.73242;0.74219;0.75195;0.76172;0.77148;0.78125;0.79102,0.002262016;0.005355520000000001;0.0032296959999999998;0.004512768;0.019963903999999998;0.018619392;0.016039936;0.077643776;0.105725952;0.125935616;0.106287104;0.054528;0.04869632;0.059523072;0.055688192000000004;0.056579072;0.04898816;0.035611648;0.020421632;0.007903232;0.003207168;0.004533248;0.004256768;0.002660352;0.0026951679999999995;0.002448384;0.002070528;0.003254272;0.002043904;0.001161216;0.001174528;0.001777664;0.001902592;0.0022855680000000004;0.003340288;0.0031068159999999997;0.0060016639999999994;0.005989376;0.005487616;0.00384;0.004708352;0.0050800640000000005;0.004599808;0.006573056000000001;0.010543104;0.009348096;0.008375296;0.007552;0.010133504000000002;0.012950528000000001;0.010744832000000001;0.008204288;0.006367232;0.00596992;0.0069898239999999995;0.007590912;0.006680576;0.0053442559999999995;0.006361088;0.00650752;0.005607424;0.005086208;0.0029163519999999997;0.003912704;0.004287487999999999;0.003362816;0.0035706880000000002;0.003810304;0.003877888;0.00366592;0.003984384;0.0037550080000000002;0.00359936;0.002527232;0.0014796800000000001;0.001384448;0.0018237440000000002;0.002363392;0.002113536
1788615000,hdr,0.0293;0.03906;0.04883;0.05859;0.06836;0.07813;0.08789;0.09766;0.10742;0.11719;0.12695;0.13672;0.14648;0.15625;0.16602;0.17578;0.18555;0.19531;0.20508;0.21484;0.22461;0.23438;0.24414;0.25391;0.26367;0.27344;0.2832;0.29297;0.30273;0.3125;0.32227;0.33203;0.3418;0.35156;0.36133;0.37109;0.38086;0.39063;0.40039;0.41016;0.41992;0.42969;0.43945;0.44922;0.45898;0.46875;0.47852;0.48828;0.49805;0.50781;0.51758;0.52734;0.53711;0.54688;0.55664;0.56641;0.57617;0.58594;0.5957;0.60547;0.61523;0.625;0.63477;0.64453;0.6543;0.66406;0.67383;0.68359;0.69336;0.70313;0.71289;0.72266;0.73242;0.74219;0.75195;0.76172;0.77148;0.78125;0.79102,0.0044288;0.004657152;0.0059740159999999995;0.014026752;0.028566528;0.012278784;0.010328064;0.05735424;0.08681574399999999;0.09862041600000002;0.084708352;0.042305536;0.038131712;0.03247616;0.023058432;0.033657856;0.027855872000000004;0.017057792;0.009457664;0.006492159999999999;0.0057026559999999995;0.003649536;0.00249344;0.001550336;0.00187392;0.0020224;0.0027115520000000003;0.00271872;0.002044928;0.0019046400000000002;0.0013946879999999998;0.001451008;0.001695744;0.002291712;0.00531968;0.006325248;0.00723968;0.0062126080000000005;0.00787456;0.0105984;0.007447552;0.008193024;0.011718656;0.014108672000000001;0.01660416;0.013326336;0.013626367999999998;0.014492672;0.018270208;0.015325183999999999;0.01015296;0.012701696;0.00942592;0.008011775999999998;0.007415808;0.0069222400000000005;0.0064593919999999996;0.00662016;0.004739072;0.003560448;0.003877888;0.004344832000000001;0.003678208;0.004056064000000001;0.0041512960000000005;0.003484672;0.004568063999999999;0.004499456;0.004359168000000001;0.002692096;0.001927168;0.00230912;0.002477056;0.0022906879999999995;0.0021217280000000002;0.002199552;0.0016230399999999999;0.001181696;0.001581056
1788615900,hdr,0.0293;0.03906;0.04883;0.05859;0.06836;0.07813;0.08789;0.09766;0.10742;0.11719;0.12695;0.13672;0.14648;0.15625;0.16602;0.17578;0.18555;0.19531;0.20508;0.21484;0.22461;0.23438;0.24414;0.25391;0.26367;0.27344;0.2832;0.29297;0.30273;0.3125;0.32227;0.33203;0.3418;0.35156;0.36133;0.37109;0.38086;0.39063;0.40039;0.41016;0.41992;0.42969;0.43945;0.44922;0.45898;0.46875;0.47852;0.48828;0.49805;0.50781;0.51758;0.52734;0.53711;0.54688;0.55664;0.56641;0.57617;0.58594;0.5957;0.60547;0.61523;0.625;0.63477;0.64453;0.6543;0.66406;0.67383;0.68359;0.69336;0.70313;0.71289;0.72266;0.73242;0.74219;0.75195;0.76172;0.77148;0.78125;0.79102,0.00781824;0.009842688;0.006454272;0.0066508800000000005;0.0106496;0.012379136;0.012182528;0.032533504;0.055500799999999996;0.05726207999999999;0.046183424;0.04493312;0.052415488;0.04687872;0.031988736000000004;0.015025152;0.019324927999999998;0.019997696;0.018592768;0.012022784;0.004657152;0.0036474880000000004;0.002605056;0.001685504;0.00175104;0.0014336;0.00149504;0.001770496;0.002910208;0.003239936;0.00303104;0.004889599999999999;0.006294528;0.002909184;0.00285696;0.005769216000000001;0.014063616;0.02364416;0.018717696;0.019530752000000002;0.01613312;0.019682304;0.023840768;0.020354048;0.021983232;0.019306496;0.009387008;0.011511808;0.0140544;0.009193472;0.01129984;0.012878848;0.011118591999999998;0.006730752;0.0042137599999999996;0.0044451840000000005;0.008091648;0.0046848;0.004752384;0.0052592640000000005;0.002920448;0.0034713599999999997;0.0042086400000000005;0.0035717120000000003;0.00334336;0.00353792;0.0024811519999999995;0.0030986240000000003;0.003866624;0.003451904;0.00282112;0.0032942079999999994;0.0036884480000000004;0.002522112;0.001680384;0.0011489279999999998;0.0015943679999999999;0.001861632;0.002015232
1788616800,hdr,0.0293;0.03906;0.04883;0.05859;0.06836;0.07813;0.08789;0.09766;0.10742;0.11719;0.12695;0.13672;0.14648;0.15625;0.16602;0.17578;0.18555;0.19531;0.20508;0.21484;0.22461;0.23438;0.24414;0.25391;0.26367;0.27344;0.2832;0.29297;0.30273;0.3125;0.32227;0.33203;0.3418;0.35156;0.36133;0.37109;0.38086;0.39063;0.40039;0.41016;0.41992;0.42969;0.43945;0.44922;0.45898;0.46875;0.47852;0.48828;0.49805;0.50781;0.51758;0.52734;0.53711;0.54688;0.55664;0.56641;0.57617;0.58594;0.5957;0.60547;0.61523;0.625;0.63477;0.64453;0.6543;0.66406;0.67383;0.68359;0.69336;0.70313;0.71289;0.72266;0.73242;0.74219;0.75195;0.76172;0.77148;0.78125;0.79102,0.0031703039999999997;0.008476672000000001;0.00689152;0.009905152;0.02174976;0.013780992;0.015423488;0.09610854399999999;0.158127104;0.09812275200000001;0.064068608;0.050479104;0.036868095999999996;0.037045248;0.040477696;0.030066687999999998;0.027383807999999996;0.025431040000000002;0.012204032;0.007610368;0.0050155519999999995;0.00369152;0.004770816;0.004503552;0.0023173119999999998;0.00150016;0.0024463360000000003;0.002864128;0.002459648;0.002960384;0.0033423359999999996;0.005619712;0.0063621120000000005;0.006167552;0.011636736;0.020076543999999998;0.025505792000000003;0.016837631999999998;0.016039936;0.014374912;0.021475328000000002;0.037142528;0.031401984;0.027097088;0.023313408;0.014596096;0.011912191999999999;0.011114496000000001;0.011382784;0.007899136000000001;0.008200191999999999;0.007279616;0.006114304;0.006705152;0.005083135999999999;0.006159360000000001;0.005505024;0.004303872;0.005099520000000001;0.006992895999999999;0.006866944000000001;0.005952512;0.004916224;0.005275648;0.003790848;0.0027648;0.00281088;0.001999872;0.0023439359999999996;0.002064384;0.00258048;0.002719744;0.0022353919999999997;0.0014028799999999998;0.00257024;0.0030361600000000004;0.00233984;0.002895872;0.001641472
1788617700,hdr,0.0293;0.03906;0.04883;0.05859;0.06836;0.07813;0.08789;0.09766;0.10742;0.11719;0.12695;0.13672;0.14648;0.15625;0.16602;0.17578;0.18555;0.19531;0.20508;0.21484;0.22461;0.23438;0.24414;0.25391;0.26367;0.27344;0.2832;0.29297;0.30273;0.3125;0.32227;0.33203;0.3418;0.35156;0.36133;0.37109;0.38086;0.39063;0.40039;0.41016;0.41992;0.42969;0.43945;0.44922;0.45898;0.46875;0.47852;0.48828;0.49805;0.50781;0.51758;0.52734;0.53711;0.54688;0.55664;0.56641;0.57617;0.58594;0.5957;0.60547;0.61523;0.625;0.63477;0.64453;0.6543;0.66406;0.67383;0.68359;0.69336;0.70313;0.71289;0.72266;0.73242;0.74219;0.75195;0.76172;0.77148;0.78125;0.79102,0.003254272;0.003707904;0.006866944000000001;0.01614336;0.034450432;0.022688768;0.008790016;0.046538752;0.08553881599999999;0.08431206400000002;0.040048639999999996;0.044491776;0.038841344;0.045899776;0.045508608;0.028837888;0.02693632;0.016243711999999997;0.014871552;0.006716416;0.004227072;0.00391168;0.0048711679999999995;0.004719616;0.0038952960000000003;0.003912704;0.00336896;0.0019937279999999997;0.00222208;0.002817024;0.002573312;0.005815296;0.010945536;0.016140288000000003;0.013964288;0.017131519999999997;0.015522816;0.025424896;0.0330496;0.051080191999999996;0.051874816000000004;0.026236928;0.029011968;0.033339392;0.026585088;0.020240383999999997;0.014567424;0.009248768;0.008773632;0.009320448;0.009660416;0.013115392;0.009048064;0.007109632;0.00740352;0.00724992;0.0067205120000000005;0.007877632;0.004913152;0.0042956800000000005;0.006341632;0.005144576;0.003827712;0.004553728;0.004512768;0.00269312;0.003982336;0.004451328;0.002505728;0.002117632;0.0034385919999999994;0.0034078719999999997;0.00272384;0.002622464;0.002523136;0.002163712;0.001736704;0.001775616;0.0022712319999999998
1788618600,hdr,0.0293;0.03906;0.04883;0.05859;0.06836;0.07813;0.08789;0.09766;0.10742;0.11719;0.12695;0.13672;0.14648;0.15625;0.16602;0.17578;0.18555;0.19531;0.20508;0.21484;0.22461;0.23438;0.24414;0.25391;0.26367;0.27344;0.2832;0.29297;0.30273;0.3125;0.32227;0.33203;0.3418;0.35156;0.36133;0.37109;0.38086;0.39063;0.40039;0.41016;0.41992;0.42969;0.43945;0.44922;0.45898;0.46875;0.47852;0.48828;0.49805;0.50781;0.51758;0.52734;0.53711;0.54688;0.55664;0.56641;0.57617;0.58594;0.5957;0.60547;0.61523;0.625;0.63477;0.64453;0.6543;0.66406;0.67383;0.68359;0.69336;0.70313;0.71289;0.72266;0.73242;0.74219;0.75195;0.76172;0.77148;0.78125;0.79102,0.001987584;0.010847232;0.009417728;0.005209088000000001;0.02357248;0.01307648;0.005784576;0.047196159999999994;0.08753868799999999;0.07623168;0.060681216;0.047280128;0.023955456000000003;0.021597184;0.032137216;0.026973184;0.019975168;0.011272192;0.00942592;0.0076544;0.006040576;0.005070848;0.001927168;0.00118272;0.0011776;0.001393664;0.0022353919999999997;0.0022272;0.0037877759999999996;0.0051374079999999996;0.004621312;0.0071014400000000005;0.011077632;0.015128576000000001;0.018797568;0.026247167999999998;0.031084544000000002;0.041897984000000006;0.025083903999999997;0.032388096;0.030224384000000003;0.035868672;0.029220864;0.019989504;0.016369664;0.010218495999999999;0.01719808;0.020560896000000002;0.012418048000000001;0.012368895999999999;0.010313728;0.008562688;0.00932352;0.0070522879999999994;0.00544768;0.005937152;0.005111808;0.006300671999999999;0.008428544;0.004868096000000001;0.003151872;0.00352256;0.0036024319999999996;0.00282112;0.0035850240000000005;0.004500479999999999;0.0053340160000000005;0.0044922880000000005;0.002671616;0.002354176;0.001647616;0.001954816;0.001980416;0.0022374400000000003;0.0027791359999999998;0.002757632;0.001910784;0.002176;0.002413568
1788619500,hdr,0.0293;0.03906;0.04883;0.05859;0.06836;0.07813;0.08789;0.09766;0.10742;0.11719;0.12695;0.13672;0.14648;0.15625;0.16602;0.17578;0.18555;0.19531;0.20508;0.21484;0.22461;0.23438;0.24414;0.25391;0.26367;0.27344;0.2832;0.29297;0.30273;0.3125;0.32227;0.33203;0.3418;0.35156;0.36133;0.37109;0.38086;0.39063;0.40039;0.41016;0.41992;0.42969;0.43945;0.44922;0.45898;0.46875;0.47852;0.48828;0.49805;0.50781;0.51758;0.52734;0.53711;0.54688;0.55664;0.56641;0.57617;0.58594;0.5957;0.60547;0.61523;0.625;0.63477;0.64453;0.6543;0.66406;0.67383;0.68359;0.69336;0.70313;0.71289;0.72266;0.73242;0.74219;0.75195;0.76172;0.77148;0.78125;0.79102,0.0027904;0.0020756480000000002;0.0036577280000000003;0.005551103999999999;0.016354303999999997;0.012672;0.0072785919999999995;0.0221952;0.062588928;0.10277580800000001;0.055426048000000006;0.040026112;0.027321344;0.018249728000000003;0.027117567999999998;0.017424383999999998;0.018751487999999997;0.019622912;0.006332416;0.00755712;0.007525375999999999;0.0027023359999999996;0.0024801280000000003;0.003659776;0.002801664;0.001887232;0.0016291839999999999;0.002164736;0.003695616;0.004856831999999999;0.004027391999999999;0.005991424;0.014908416;0.02525184;0.029323264;0.023875584;0.029403136;0.018025472;0.018122751999999995;0.028654592;0.022848511999999998;0.028285952;0.023148544;0.015664128;0.010471424000000002;0.016039936;0.019762176;0.0074004480000000004;0.007537664;0.006769664;0.004754432;0.0060672;0.008306688;0.009580544;0.008800256;0.005661696;0.00740352;0.006519808;0.004762624;0.00502272;0.00459776;0.003740672;0.003642368;0.005630976;0.0032174079999999997;0.0017039359999999999;0.0029839359999999995;0.003648512;0.0038881280000000002;0.004390912;0.00293888;0.0012871680000000002;0.001276928;0.001086464;0.001774592;0.002071552;0.001998848;0.001312768;0.001381376
1788620400,hdr,0.0293;0.03906;0.04883;0.05859;0.06836;0.07813;0.08789;0.09766;0.10742;0.11719;0.12695;0.13672;0.14648;0.15625;0.16602;0.17578;0.18555;0.19531;0.20508;0.21484;0.22461;0.23438;0.24414;0.25391;0.26367;0.27344;0.2832;0.29297;0.30273;0.3125;0.32227;0.33203;0.3418;0.35156;0.36133;0.37109;0.38086;0.39063;0.40039;0.41016;0.41992;0.42969;0.43945;0.44922;0.45898;0.46875;0.47852;0.48828;0.49805;0.50781;0.51758;0.52734;0.53711;0.54688;0.55664;0.56641;0.57617;0.58594;0.5957;0.60547;0.61523;0.625;0.63477;0.64453;0.6543;0.66406;0.67383;0.68359;0.69336;0.70313;0.71289;0.72266;0.73242;0.74219;0.75195;0.76172;0.77148;0.78125;0.79102,0.000999424;0.002308096;0.00310784;0.002341888;0.005315584000000001;0.003852288;0.0033024;0.017575935999999997;0.05516697599999999;0.074477568;0.067893248;0.03823616;0.035361792;0.029798400000000003;0.027514880000000002;0.013210623999999999;0.013048832;0.014674943999999999;0.009632768;0.009462784;0.005910528;0.005905408;0.0055080960000000005;0.004063232;0.002719744;0.00185856;0.001866752;0.0026398719999999997;0.0030822400000000004;0.003844096;0.004747264;0.004513791999999999;0.010790912;0.0169984;0.015624192;0.017885184;0.019813376;0.021693439999999998;0.021470207999999998;0.022633472;0.020250624;0.014885887999999998;0.011796480000000002;0.015604736000000001;0.017598464;0.011462656000000002;0.016708608;0.013770752;0.011065344;0.009631744;0.01057792;0.008815616;0.006511616;0.005875712000000001;0.00759296;0.005438464;0.0039895040000000005;0.0032194560000000003;0.006201344;0.00433152;0.003267584;0.004463616;0.004942848;0.0045895680000000005;0.0033228800000000003;0.004337664;0.004105216;0.00180224;0.00253952;0.002000896;0.0022702079999999997;0.002752512;0.0015964160000000002;0.001251328;0.002250752;0.002212864;0.002147328;0.0016128;0.001750016
1788621300,hdr,0.0293;0.03906;0.04883;0.05859;0.06836;0.07813;0.08789;0.09766;0.10742;0.11719;0.12695;0.13672;0.14648;0.15625;0.16602;0.17578;0.18555;0.19531;0.20508;0.21484;0.22461;0.23438;0.24414;0.25391;0.26367;0.27344;0.2832;0.29297;0.30273;0.3125;0.32227;0.33203;0.3418;0.35156;0.36133;0.37109;0.38086;0.39063;0.40039;0.41016;0.41992;0.42969;0.43945;0.44922;0.45898;0.46875;0.47852;0.48828;0.49805;0.50781;0.51758;0.52734;0.53711;0.54688;0.55664;0.56641;0.57617;0.58594;0.5957;0.60547;0.61523;0.625;0.63477;0.64453;0.6543;0.66406;0.67383;0.68359;0.69336;0.70313;0.71289;0.72266;0.73242;0.74219;0.75195;0.76172;0.77148;0.78125;0.79102,0.002174976;0.007209984;0.0052142080000000006;0.009007104;0.020630528000000002;0.012282880000000001;0.008939520000000001;0.020619264;0.041202688;0.122645504;0.11029504;0.035881984000000006;0.029670400000000003;0.026177536;0.017752064;0.025439232;0.020573184;0.014947328000000001;0.012834816;0.008247296;0.006965247999999999;0.005006336;0.004971519999999999;0.003679232;0.002972672;0.002013184;0.001504256;0.0019230719999999998;0.002551808;0.004378624000000001;0.0035717120000000003;0.0041512960000000005;0.00613888;0.009267200000000001;0.018222079999999998;0.022651903999999997;0.021421056;0.028971008000000003;0.027729919999999998;0.013874176;0.01021952;0.012635135999999998;0.010919936;0.012349439999999998;0.01595392;0.019321856;0.012507135999999999;0.014347263999999998;0.008838144000000001;0.009556991999999999;0.00919552;0.009528320000000002;0.0069027839999999995;0.0068454399999999995;0.006656;0.004426751999999999;0.003955712;0.004696064;0.003756032;0.0027852800000000002;0.004140032;0.003625984;0.003347456;0.0028467199999999996;0.00178688;0.0015103999999999999;0.0025118719999999996;0.002443264;0.002221056;0.002397184;0.001741824;0.0021329920000000002;0.002412544;0.001875968;0.0017408;0.001789952;0.001818624;0.000790528;0.000805888
1788622200,hdr,0.0293;0.03906;0.04883;0.05859;0.06836;0.07813;0.08789;0.09766;0.10742;0.11719;0.12695;0.13672;0.14648;0.15625;0.16602;0.17578;0.18555;0.19531;0.20508;0.21484;0.22461;0.23438;0.24414;0.25391;0.26367;0.27344;0.2832;0.29297;0.30273;0.3125;0.32227;0.33203;0.3418;0.35156;0.36133;0.37109;0.38086;0.39063;0.40039;0.41016;0.41992;0.42969;0.43945;0.44922;0.45898;0.46875;0.47852;0.48828;0.49805;0.50781;0.51758;0.52734;0.53711;0.54688;0.55664;0.56641;0.57617;0.58594;0.5957;0.60547;0.61523;0.625;0.63477;0.64453;0.6543;0.66406;0.67383;0.68359;0.69336;0.70313;0.71289;0.72266;0.73242;0.74219;0.75195;0.76172;0.77148;0.78125;0.79102,0.0018831359999999999;0.005063679999999999;0.0058122239999999995;0.0047790079999999995;0.014542848;0.01141248;0.004110336;0.028880896;0.069419008;0.08992256;0.05636607999999999;0.02552832;0.01979392;0.017243136;0.01954816;0.016131072;0.01470464;0.011503616;0.019191808;0.013428736;0.004995072;0.00391168;0.002627584;0.001958912;0.0017182719999999999;0.001975296;0.002412544;0.00306176;0.00320512;0.0034867200000000004;0.003728384;0.004780032;0.0066488319999999995;0.011645952;0.014928896;0.012560384;0.018932736;0.024420352000000003;0.019749888;0.015239167999999999;0.01833984;0.014664703999999999;0.017655808000000002;0.014927872000000002;0.010248192;0.0123648;0.009720832;0.010912768;0.010836992;0.009353216000000001;0.00824832;0.005706752;0.0047912960000000004;0.006473728;0.006395903999999999;0.006417408;0.005039104;0.004189184;0.002459648;0.003540992;0.005665791999999999;0.0041963519999999995;0.001885184;0.001854464;0.0021299199999999996;0.002112512;0.001721344;0.0020244480000000003;0.0011243520000000001;0.0013342719999999998;0.001057792;0.001736704;0.0018237440000000002;0.001408;0.0011427840000000002;0.001349632;0.000937984;0.000520192;0.000888832
1788623100,hdr,0.0293;0.03906;0.04883;0.05859;0.06836;0.07813;0.08789;0.09766;0.10742;0.11719;0.12695;0.13672;0.14648;0.15625;0.16602;0.17578;0.18555;0.19531;0.20508;0.21484;0.22461;0.23438;0.24414;0.25391;0.26367;0.27344;0.2832;0.29297;0.30273;0.3125;0.32227;0.33203;0.3418;0.35156;0.36133;0.37109;0.38086;0.39063;0.40039;0.41016;0.41992;0.42969;0.43945;0.44922;0.45898;0.46875;0.47852;0.48828;0.49805;0.50781;0.51758;0.52734;0.53711;0.54688;0.55664;0.56641;0.57617;0.58594;0.5957;0.60547;0.61523;0.625;0.63477;0.64453;0.6543;0.66406;0.67383;0.68359;0.69336;0.70313;0.71289;0.72266;0.73242;0.74219;0.75195;0.76172;0.77148;0.78125;0.79102,0.0018698239999999997;0.0036608;0.004488192;0.011865088;0.01842688;0.010923008;0.005793792;0.022554624;0.061223936;0.0918016;0.09181286400000001;0.043227136;0.027991040000000002;0.020488192000000002;0.021304319999999998;0.014509056;0.009225216;0.013367296;0.011081727999999999;0.011720704;0.008495104;0.0034498560000000003;0.0031354879999999996;0.002905088;0.00129024;0.001862656;0.002371584;0.002038784;0.0019937279999999997;0.0029788160000000004;0.0037437440000000002;0.0024954879999999997;0.002919424;0.005752831999999999;0.008453120000000001;0.01198592;0.008515584000000001;0.007979008000000001;0.012967936;0.014731263999999999;0.013820928;0.01048064;0.009555968000000001;0.008584192;0.004455424;0.008357888;0.010978304;0.010110976;0.00803328;0.006391808;0.006491136000000001;0.0053340160000000005;0.006985728;0.005823488;0.003416064;0.003457024;0.0037396479999999995;0.0048332800000000006;0.0044677119999999996;0.003411968;0.00421888;0.003910656;0.002051072;0.003325952;0.002080768;0.001656832;0.0013004800000000001;0.001744896;0.0021893120000000005;0.002399232;0.0025077759999999998;0.001562624;0.0010649599999999998;0.0009758719999999999;0.0013701120000000002;0.002382848;0.0014561280000000001;0.001132544;0.0008345599999999999
1788624000,hdr,0.0293;0.03906;0.04883;0.05859;0.06836;0.07813;0.08789;0.09766;0.10742;0.11719;0.12695;0.13672;0.14648;0.15625;0.16602;0.17578;0.18555;0.19531;0.20508;0.21484;0.22461;0.23438;0.24414;0.25391;0.26367;0.27344;0.2832;0.29297;0.30273;0.3125;0.32227;0.33203;0.3418;0.35156;0.36133;0.37109;0.38086;0.39063;0.40039;0.41016;0.41992;0.42969;0.43945;0.44922;0.45898;0.46875;0.47852;0.48828;0.49805;0.50781;0.51758;0.52734;0.53711;0.54688;0.55664;0.56641;0.57617;0.58594;0.5957;0.60547;0.61523;0.625;0.63477;0.64453;0.6543;0.66406;0.67383;0.68359;0.69336;0.70313;0.71289;0.72266;0.73242;0.74219;0.75195;0.76172;0.77148;0.78125;0.79102,0.000847872;0.003984384;0.00177152;0.008534016;0.014369792;0.00678912;0.0044288;0.039868416000000004;0.11797504;0.118523904;0.050469888;0.020112383999999997;0.018222079999999998;0.015557632;0.01992192;0.021522431999999998;0.020719616;0.021745664;0.016050176000000003;0.008818688;0.0046346239999999995;0.004936704;0.005692416;0.00418304;0.001870848;0.0010946560000000003;0.00119808;0.00264704;0.0028344320000000004;0.002705408;0.0025456639999999996;0.0041113600000000005;0.005499904;0.006576128;0.009228288;0.007663616;0.011794432;0.012386304;0.010980352;0.013978624;0.010658816000000002;0.00768;0.008331264;0.010930176;0.006894592000000001;0.00601088;0.008676351999999998;0.011977728000000002;0.00888832;0.009008127999999999;0.006658048;0.005711872;0.0047912960000000004;0.005722112;0.005266432;0.004557824;0.005007360000000001;0.0046295039999999996;0.0035686399999999997;0.003120128;0.00268288;0.0027811840000000003;0.003308544;0.0030371839999999996;0.001307648;0.001901568;0.0017203200000000002;0.0012052480000000001;0.0012113920000000002;0.00160256;0.0011489279999999998;0.001961984;0.001792;0.0012605440000000002;0.0012359679999999998;0.00110592;0.001101824;0.001056768;0.000927744
1788624900,hdr,0.0293;0.03906;0.04883;0.05859;0.06836;0.07813;0.08789;0.09766;0.10742;0.11719;0.12695;0.13672;0.14648;0.15625;0.16602;0.17578;0.18555;0.19531;0.20508;0.21484;0.22461;0.23438;0.24414;0.25391;0.26367;0.27344;0.2832;0.29297;0.30273;0.3125;0.32227;0.33203;0.3418;0.35156;0.36133;0.37109;0.38086;0.39063;0.40039;0.41016;0.41992;0.42969;0.43945;0.44922;0.45898;0.46875;0.47852;0.48828;0.49805;0.50781;0.51758;0.52734;0.53711;0.54688;0.55664;0.56641;0.57617;0.58594;0.5957;0.60547;0.61523;0.625;0.63477;0.64453;0.6543;0.66406;0.67383;0.68359;0.69336;0.70313;0.71289;0.72266;0.73242;0.74219;0.75195;0.76172;0.77148;0.78125;0.79102,0.005124096;0.011460608;0.008066048000000001;0.011077632;0.01944576;0.011971584;0.007144447999999999;0.028728319999999998;0.13779967999999998;0.149781504;0.11885568;0.050502656;0.015312896000000001;0.014798848;0.021982208;0.02116608;0.018697216;0.016995328;0.012888064000000001;0.005871616;0.006347775999999999;0.006337536;0.003876864;0.002499584;0.0014919679999999998;0.001073152;0.001641472;0.002167808;0.001711104;0.0019517439999999998;0.003054592;0.004022272;0.00690176;0.006141952;0.0072314879999999995;0.007624704;0.008183808;0.009696255999999999;0.011959296;0.011987968000000002;0.009818111999999999;0.006308864;0.003405824;0.0037693439999999996;0.005970944000000001;0.0087808;0.011521024000000001;0.010694656;0.005458943999999999;0.004127744;0.00507392;0.006790144;0.002920448;0.0025528319999999997;0.003923968;0.004706304;0.0045056;0.004662272;0.00357376;0.002543616;0.002661376;0.002929664;0.0027023359999999996;0.002620416;0.0018862080000000001;0.001990656;0.00209408;0.002143232;0.000872448;0.001467392;0.001329152;0.001532928;0.00081408;0.000805888;0.000831488;0.0005232639999999998;0.000592896;0.000766976;0.0007249919999999999
1788625800,hdr,0.0293;0.03906;0.04883;0.05859;0.06836;0.07813;0.08789;0.09766;0.10742;0.11719;0.12695;0.13672;0.14648;0.15625;0.16602;0.17578;0.18555;0.19531;0.20508;0.21484;0.22461;0.23438;0.24414;0.25391;0.26367;0.27344;0.2832;0.29297;0.30273;0.3125;0.32227;0.33203;0.3418;0.35156;0.36133;0.37109;0.38086;0.39063;0.40039;0.41016;0.41992;0.42969;0.43945;0.44922;0.45898;0.46875;0.47852;0.48828;0.49805;0.50781;0.51758;0.52734;0.53711;0.54688;0.55664;0.56641;0.57617;0.58594;0.5957;0.60547;0.61523;0.625;0.63477;0.64453;0.6543;0.66406;0.67383;0.68359;0.69336;0.70313;0.71289;0.72266;0.73242;0.74219;0.75195;0.76172;0.77148;0.78125;0.79102,0.005630976;0.006631424;0.0029491200000000004;0.008616960000000002;0.018697216;0.006866944000000001;0.003529728;0.036314112;0.15069696;0.22223769599999998;0.154115072;0.071120896;0.024278016;0.015679488;0.011769856000000002;0.014950399999999999;0.014915584;0.013394944;0.0105728;0.006913024;0.0090112;0.0057200639999999995;0.002958336;0.0028395519999999995;0.003360768;0.0027791359999999998;0.0014632959999999998;0.0023592960000000003;0.003145728;0.00387072;0.0034652159999999997;0.003883008;0.00974336;0.0061777920000000005;0.006276095999999999;0.006675455999999999;0.006554624;0.004343808;0.005271552;0.005225472;0.006550528;0.0071393279999999995;0.006204416;0.005336064000000001;0.004645888;0.005359616;0.006693888;0.0071884800000000006;0.00470528;0.005388288000000001;0.004215808;0.0035809279999999997;0.004245504000000001;0.0036270079999999997;0.002712576;0.002448384;0.002704384;0.0030873599999999995;0.003408896;0.002522112;0.0024852480000000002;0.002366464;0.0020121600000000003;0.002688;0.001611776;0.001787904;0.001645568;0.001477632;0.0018831359999999999;0.001973248;0.001316864;0.00119808;0.001227776;0.001092608;0.000648192;0.0009400319999999999;0.001132544;0.00136704;0.0008304639999999999
1788626700,hdr,0.0293;0.03906;0.04883;0.05859;0.06836;0.07813;0.08789;0.09766;0.10742;0.11719;0.12695;0.13672;0.14648;0.15625;0.16602;0.17578;0.18555;0.19531;0.20508;0.21484;0.22461;0.23438;0.24414;0.25391;0.26367;0.27344;0.2832;0.29297;0.30273;0.3125;0.32227;0.33203;0.3418;0.35156;0.36133;0.37109;0.38086;0.39063;0.40039;0.41016;0.41992;0.42969;0.43945;0.44922;0.45898;0.46875;0.47852;0.48828;0.49805;0.50781;0.51758;0.52734;0.53711;0.54688;0.55664;0.56641;0.57617;0.58594;0.5957;0.60547;0.61523;0.625;0.63477;0.64453;0.6543;0.66406;0.67383;0.68359;0.69336;0.70313;0.71289;0.72266;0.73242;0.74219;0.75195;0.76172;0.77148;0.78125;0.79102,0.003798016;0.007122944000000001;0.00968704;0.009588736;0.018881536;0.006305792;0.0020858880000000006;0.01283584;0.075461632;0.139589632;0.178934784;0.118929408;0.02512384;0.015181824;0.007886848;0.012760064;0.013489152;0.015168512;0.019881984000000002;0.012015616;0.012128256;0.011082751999999998;0.005752831999999999;0.002968576;0.002116608;0.001891328;0.0013004800000000001;0.001338368;0.001688576;0.001902592;0.002630656;0.004682751999999999;0.007573504;0.012222464;0.009893888;0.009127936;0.00912384;0.007901184;0.007948288;0.004324352;0.0050524160000000005;0.006415359999999999;0.0045875199999999994;0.006864896;0.007092224;0.0047810560000000005;0.004811776;0.00406016;0.005059584;0.008617984;0.008957952000000002;0.008599552;0.005953536;0.005132288;0.005482496;0.00651776;0.005490687999999999;0.004738048;0.003974144;0.004466688;0.004703232;0.005763072;0.003581952;0.003735552;0.004073472;0.003357696;0.004527104;0.002807808;0.003262464;0.0030668799999999997;0.0017858560000000002;0.0018012159999999998;0.001529856;0.001189888;0.001147904;0.001391616;0.0018432000000000001;0.0021893120000000005;0.0016895999999999999
1788627600,hdr,0.0293;0.03906;0.04883;0.05859;0.06836;0.07813;0.08789;0.09766;0.10742;0.11719;0.12695;0.13672;0.14648;0.15625;0.16602;0.17578;0.18555;0.19531;0.20508;0.21484;0.22461;0.23438;0.24414;0.25391;0.26367;0.27344;0.2832;0.29297;0.30273;0.3125;0.32227;0.33203;0.3418;0.35156;0.36133;0.37109;0.38086;0.39063;0.40039;0.41016;0.41992;0.42969;0.43945;0.44922;0.45898;0.46875;0.47852;0.48828;0.49805;0.50781;0.51758;0.52734;0.53711;0.54688;0.55664;0.56641;0.57617;0.58594;0.5957;0.60547;0.61523;0.625;0.63477;0.64453;0.6543;0.66406;0.67383;0.68359;0.69336;0.70313;0.71289;0.72266;0.73242;0.74219;0.75195;0.76172;0.77148;0.78125;0.79102,0.0014786559999999999;0.002159616;0.00290304;0.008826879999999999;0.016477184000000002;0.013523968;0.010198016;0.013166592;0.041694208;0.093159424;0.119673856;0.09440256;0.029234176000000004;0.012033024;0.010976256;0.013116415999999999;0.010489856;0.013512704;0.010385407999999999;0.012243968000000001;0.008143872;0.006602752;0.0076666880000000005;0.00474624;0.00326656;0.0020500479999999996;0.00157184;0.001281024;0.0014632959999999998;0.00137728;0.002291712;0.002127872;0.0028426239999999998;0.0054435840000000004;0.007784448;0.008877056000000001;0.007788544;0.0055459839999999995;0.006663168;0.0036362239999999995;0.003889152;0.004464640000000001;0.004926464;0.006535168;0.0057722879999999996;0.005938176000000001;0.006523904;0.0058122239999999995;0.005932032;0.0053340160000000005;0.006509568;0.005390335999999999;0.00545792;0.005532672;0.003396608;0.003386368;0.004591616;0.005497856;0.0043284479999999995;0.004503552;0.00576512;0.003369984;0.00162816;0.003017728;0.002361344;0.00285696;0.0029911039999999996;0.002038784;0.00160256;0.001436672;0.0011243520000000001;0.00160256;0.00128;0.001125376;0.00128;0.000888832;0.0017663999999999998;0.001329152;0.001158144
1788628500,hdr,0.0293;0.03906;0.04883;0.05859;0.06836;0.07813;0.08789;0.09766;0.10742;0.11719;0.12695;0.13672;0.14648;0.15625;0.16602;0.17578;0.18555;0.19531;0.20508;0.21484;0.22461;0.23438;0.24414;0.25391;0.26367;0.27344;0.2832;0.29297;0.30273;0.3125;0.32227;0.33203;0.3418;0.35156;0.36133;0.37109;0.38086;0.39063;0.40039;0.41016;0.41992;0.42969;0.43945;0.44922;0.45898;0.46875;0.47852;0.48828;0.49805;0.50781;0.51758;0.52734;0.53711;0.54688;0.55664;0.56641;0.57617;0.58594;0.5957;0.60547;0.61523;0.625;0.63477;0.64453;0.6543;0.66406;0.67383;0.68359;0.69336;0.70313;0.71289;0.72266;0.73242;0.74219;0.75195;0.76172;0.77148;0.78125;0.79102,0.003080192;0.006438912000000001;0.008196096000000002;0.007460863999999999;0.021334016;0.012242943999999999;0.00889856;0.030725119999999998;0.11163340799999999;0.22676582400000003;0.254381056;0.14024089599999998;0.039256064;0.017225728;0.018438144;0.015455232;0.017511424;0.019610624;0.01131008;0.007849984;0.008460288;0.006914048;0.006304768;0.004312064;0.00264704;0.001406976;0.001338368;0.001091584;0.00129024;0.0016128;0.002217984;0.0033331199999999997;0.0047104;0.005750784000000001;0.005811200000000001;0.005773312;0.00494592;0.005229568;0.0053288960000000005;0.0035809279999999997;0.004082688;0.002893824;0.0033873920000000004;0.00459776;0.0035788799999999996;0.00316416;0.0023050239999999997;0.0027729919999999997;0.0037928959999999996;0.004176895999999999;0.00623616;0.004698112;0.006023168;0.006132736000000001;0.0082944;0.00610304;0.0044974080000000005;0.0030412800000000004;0.004383743999999999;0.0047564799999999996;0.005884928000000001;0.0037386240000000003;0.001457152;0.001680384;0.001440768;0.0017356799999999999;0.001752064;0.0015534079999999998;0.001376256;0.0022231040000000005;0.0022538239999999998;0.001529856;0.0012359679999999998;0.001088512;0.0009205759999999999;0.0008652800000000001;0.001195008;0.0011632640000000002;0.001058816
1788629400,hdr,0.0293;0.03906;0.04883;0.05859;0.06836;0.07813;0.08789;0.09766;0.10742;0.11719;0.12695;0.13672;0.14648;0.15625;0.16602;0.17578;0.18555;0.19531;0.20508;0.21484;0.22461;0.23438;0.24414;0.25391;0.26367;0.27344;0.2832;0.29297;0.30273;0.3125;0.32227;0.33203;0.3418;0.35156;0.36133;0.37109;0.38086;0.39063;0.40039;0.41016;0.41992;0.42969;0.43945;0.44922;0.45898;0.46875;0.47852;0.48828;0.49805;0.50781;0.51758;0.52734;0.53711;0.54688;0.55664;0.56641;0.57617;0.58594;0.5957;0.60547;0.61523;0.625;0.63477;0.64453;0.6543;0.66406;0.67383;0.68359;0.69336;0.70313;0.71289;0.72266;0.73242;0.74219;0.75195;0.76172;0.77148;0.78125;0.79102,0.012643327999999999;0.015434752000000001;0.015906815999999997;0.01724928;0.018975744;0.01690112;0.008025088000000001;0.019968;0.058355712;0.13023231999999998;0.193846272;0.142323712;0.04489830400000001;0.0158208;0.017027072;0.014932992;0.01669632;0.021918720000000003;0.013130751999999999;0.010082304;0.007668736;0.005866496;0.007963648;0.0059760640000000005;0.004941824000000001;0.003603456;0.0028057599999999996;0.0014458880000000002;0.001480704;0.001490944;0.0018995200000000002;0.0025937919999999997;0.002291712;0.0031897600000000003;0.003422208;0.005047296000000001;0.003720192;0.0025333760000000004;0.001968128;0.001404928;0.00109056;0.00144896;0.0019537919999999998;0.0023838720000000004;0.0021002239999999995;0.0020500479999999996;0.00226816;0.00239104;0.002382848;0.00321024;0.00291328;0.0019169279999999998;0.002528256;0.004703232;0.0032573439999999997;0.004909055999999999;0.0047912960000000004;0.0036976640000000002;0.003607552;0.003592192;0.002398208;0.001855488;0.002829312;0.001961984;0.001306624;0.001209344;0.001338368;0.0010956800000000001;0.00048742400000000003;0.0007219199999999999;0.00104448;0.001129472;0.001253376;0.001125376;0.0005959680000000001;0.00064;0.000503808;0.001117184;0.00136192
1788630300,hdr,0.0293;0.03906;0.04883;0.05859;0.06836;0.07813;0.08789;0.09766;0.10742;0.11719;0.12695;0.13672;0.14648;0.15625;0.16602;0.17578;0.18555;0.19531;0.20508;0.21484;0.22461;0.23438;0.24414;0.25391;0.26367;0.27344;0.2832;0.29297;0.30273;0.3125;0.32227;0.33203;0.3418;0.35156;0.36133;0.37109;0.38086;0.39063;0.40039;0.41016;0.41992;0.42969;0.43945;0.44922;0.45898;0.46875;0.47852;0.48828;0.49805;0.50781;0.51758;0.52734;0.53711;0.54688;0.55664;0.56641;0.57617;0.58594;0.5957;0.60547;0.61523;0.625;0.63477;0.64453;0.6543;0.66406;0.67383;0.68359;0.69336;0.70313;0.71289;0.72266;0.73242;0.74219;0.75195;0.76172;0.77148;0.78125;0.79102,0.00517632;0.009759743999999999;0.007704576;0.00970752;0.020382719999999997;0.009247744;0.0077742079999999995;0.02454016;0.101220352;0.10088448;0.178302976;0.108357632;0.045927424;0.022701056;0.010954751999999998;0.014246912;0.019252224;0.014338048;0.010544128;0.008004608;0.009124864000000002;0.010591232;0.012248063999999998;0.007314432;0.004386816;0.0025978880000000005;0.001875968;0.001531904;0.001683456;0.00098816;0.001273856;0.002857984;0.004385792;0.002528256;0.0025989119999999997;0.004599808;0.005153792000000001;0.003371008;0.0019712;0.0013578239999999999;0.00150528;0.0015872;0.0012748800000000002;0.001359872;0.001125376;0.0011264;0.002352128;0.0024227840000000003;0.001997824;0.003104768;0.003221504;0.0023552;0.001497088;0.0017356799999999999;0.0015472639999999998;0.001661952;0.0020357120000000003;0.0016977919999999998;0.001833984;0.002921472;0.00267264;0.001845248;0.0023470080000000003;0.0022732800000000004;0.0013946879999999998;0.001069056;0.0009041920000000001;0.000715776;0.0007137280000000001;0.0007219199999999999;0.000497664;0.000745472;0.0010956800000000001;0.000863232;0.00047718399999999996;0.000641024;0.000459776;0.0005683200000000001;0.0005089280000000001
1788631200,hdr,0.0293;0.03906;0.04883;0.05859;0.06836;0.07813;0.08789;0.09766;0.10742;0.11719;0.12695;0.13672;0.14648;0.15625;0.16602;0.17578;0.18555;0.19531;0.20508;0.21484;0.22461;0.23438;0.24414;0.25391;0.26367;0.27344;0.2832;0.29297;0.30273;0.3125;0.32227;0.33203;0.3418;0.35156;0.36133;0.37109;0.38086;0.39063;0.40039;0.41016;0.41992;0.42969;0.43945;0.44922;0.45898;0.46875;0.47852;0.48828;0.49805;0.50781;0.51758;0.52734;0.53711;0.54688;0.55664;0.56641;0.57617;0.58594;0.5957;0.60547;0.61523;0.625;0.63477;0.64453;0.6543;0.66406;0.67383;0.68359;0.69336;0.70313;0.71289;0.72266;0.73242;0.74219;0.75195;0.76172;0.77148;0.78125;0.79102,0.006289408;0.006025216000000001;0.005062656;0.008391679999999999;0.022375423999999998;0.011180032000000001;0.00436224;0.013718527999999999;0.06339993599999999;0.10924953600000001;0.091455488;0.091437056;0.04657664;0.016086016;0.011195392;0.010610688;0.010207232;0.010617856;0.011048959999999998;0.010840064;0.009133056;0.007420928;0.005958656;0.00654336;0.002811904;0.00237056;0.002760704;0.0025200640000000002;0.0021452800000000003;0.001490944;0.001185792;0.001276928;0.0025118719999999996;0.0033884159999999996;0.0036608;0.004709376;0.00342016;0.0020572159999999997;0.001683456;0.0019712;0.0018923520000000001;0.002205696;0.0024719359999999997;0.001416192;0.001726464;0.001744896;0.001480704;0.002651136;0.001987584;0.0025415679999999997;0.002455552;0.00197632;0.001527808;0.0022272;0.00232448;0.0014592000000000001;0.0016404479999999999;0.001414144;0.001082368;0.001742848;0.002112512;0.001563648;0.001610752;0.001538048;0.00101376;0.0012666880000000002;0.0014233599999999998;0.001232896;0.00209408;0.0012154879999999998;0.00105472;0.0008560640000000001;0.00088576;0.00068096;0.0006604799999999999;0.000512;0.000454656;0.000439296;0.000448512
1788632100,hdr,0.0293;0.03906;0.04883;0.05859;0.06836;0.07813;0.08789;0.09766;0.10742;0.11719;0.12695;0.13672;0.14648;0.15625;0.16602;0.17578;0.18555;0.19531;0.20508;0.21484;0.22461;0.23438;0.24414;0.25391;0.26367;0.27344;0.2832;0.29297;0.30273;0.3125;0.32227;0.33203;0.3418;0.35156;0.36133;0.37109;0.38086;0.39063;0.40039;0.41016;0.41992;0.42969;0.43945;0.44922;0.45898;0.46875;0.47852;0.48828;0.49805;0.50781;0.51758;0.52734;0.53711;0.54688;0.55664;0.56641;0.57617;0.58594;0.5957;0.60547;0.61523;0.625;0.63477;0.64453;0.6543;0.66406;0.67383;0.68359;0.69336;0.70313;0.71289;0.72266;0.73242;0.74219;0.75195;0.76172;0.77148;0.78125;0.79102,0.004973568;0.01009664;0.009655296;0.009790464;0.009892864;0.007735296;0.0032921599999999997;0.021006336;0.087805952;0.097606656;0.113219584;0.160183296;0.10588672;0.026958847999999997;0.014717952000000001;0.015260672;0.011254784000000002;0.013850624;0.013306879999999998;0.00809472;0.007996416000000001;0.006654976;0.004926464;0.005163008;0.00313856;0.0027095039999999997;0.001837056;0.0022405119999999996;0.002280448;0.002048;0.0020736;0.0020981759999999998;0.004225024;0.0051148800000000005;0.004072447999999999;0.004377600000000001;0.003777536;0.0024954879999999997;0.002060288;0.002435072;0.001928192;0.002244608;0.001508352;0.0013260799999999999;0.001618944;0.001672192;0.0019947520000000002;0.002123776;0.003592192;0.002157568;0.00236032;0.0016220159999999998;0.0022241279999999997;0.001700864;0.001963008;0.0016988160000000001;0.001353728;0.000809984;0.0010946560000000003;0.0016906239999999997;0.0013987840000000001;0.001460224;0.0011151359999999999;0.00103424;0.0013240320000000002;0.0014796800000000001;0.001127424;0.000610304;0.0005754880000000001;0.0009359360000000001;0.001091584;0.000786432;0.0006912;0.000648192;0.000786432;0.0006850560000000001;0.0008335360000000001;0.000603136;0.000434176
1788633000,hdr,0.0293;0.03906;0.04883;0.05859;0.06836;0.07813;0.08789;0.09766;0.10742;0.11719;0.12695;0.13672;0.14648;0.15625;0.16602;0.17578;0.18555;0.19531;0.20508;0.21484;0.22461;0.23438;0.24414;0.25391;0.26367;0.27344;0.2832;0.29297;0.30273;0.3125;0.32227;0.33203;0.3418;0.35156;0.36133;0.37109;0.38086;0.39063;0.40039;0.41016;0.41992;0.42969;0.43945;0.44922;0.45898;0.46875;0.47852;0.48828;0.49805;0.50781;0.51758;0.52734;0.53711;0.54688;0.55664;0.56641;0.57617;0.58594;0.5957;0.60547;0.61523;0.625;0.63477;0.64453;0.6543;0.66406;0.67383;0.68359;0.69336;0.70313;0.71289;0.72266;0.73242;0.74219;0.75195;0.76172;0.77148;0.78125;0.79102,0.0073185279999999995;0.009469951999999998;0.011754496;0.012404736;0.01682432;0.012943360000000001;0.008793088;0.021848064000000004;0.072328192;0.140780544;0.16105472;0.17825280000000002;0.08481689599999999;0.025428992;0.012177407999999999;0.010595328;0.012292096;0.011145216000000001;0.010264576;0.00498688;0.005532672;0.007555072;0.006475776;0.00476672;0.003634176;0.001837056;0.0017377279999999998;0.0024064;0.0015267839999999998;0.001933312;0.002675712;0.002920448;0.0025251839999999998;0.00305152;0.005295104;0.0034795520000000003;0.002934784;0.0029859840000000006;0.002019328;0.001599488;0.002055168;0.002142208;0.0017182719999999999;0.00119296;0.001682432;0.0024299520000000004;0.0030443519999999997;0.002417664;0.002321408;0.0022855680000000004;0.002069504;0.002523136;0.001959936;0.001864704;0.00237056;0.001954816;0.0020992000000000003;0.001985536;0.0016906239999999997;0.001787904;0.001009664;0.00098816;0.0008212479999999999;0.0007772160000000001;0.000760832;0.000949248;0.000964608;0.000594944;0.000932864;0.00084992;0.0007168;0.0005621760000000001;0.0005632;0.00059904;0.0008837120000000001;0.0007290879999999999;0.0006092800000000001;0.00030003200000000004;0.00033689599999999994
1788633900,hdr,0.0293;0.03906;0.04883;0.05859;0.06836;0.07813;0.08789;0.09766;0.10742;0.11719;0.12695;0.13672;0.14648;0.15625;0.16602;0.17578;0.18555;0.19531;0.20508;0.21484;0.22461;0.23438;0.24414;0.25391;0.26367;0.27344;0.2832;0.29297;0.30273;0.3125;0.32227;0.33203;0.3418;0.35156;0.36133;0.37109;0.38086;0.39063;0.40039;0.41016;0.41992;0.42969;0.43945;0.44922;0.45898;0.46875;0.47852;0.48828;0.49805;0.50781;0.51758;0.52734;0.53711;0.54688;0.55664;0.56641;0.57617;0.58594;0.5957;0.60547;0.61523;0.625;0.63477;0.64453;0.6543;0.66406;0.67383;0.68359;0.69336;0.70313;0.71289;0.72266;0.73242;0.74219;0.75195;0.76172;0.77148;0.78125;0.79102,0.0031539199999999997;0.004323328;0.00705024;0.011168768;0.016229375999999997;0.01181184;0.01040896;0.020931584000000003;0.057670656;0.103187456;0.0970752;0.105899008;0.103912448;0.043817984000000004;0.01863168;0.01163776;0.012883967999999999;0.018634752;0.019749888;0.01174016;0.00571392;0.004967424;0.007804928;0.007090175999999999;0.003943424;0.003807232;0.00292864;0.0028057599999999996;0.0026705920000000003;0.00335872;0.0027473920000000004;0.0027514880000000003;0.002700288;0.003685376;0.003576832;0.003332096;0.003183616;0.001846272;0.0017766400000000001;0.0029255680000000004;0.0025118719999999996;0.0022599680000000002;0.0027269119999999997;0.002404352;0.0022097920000000004;0.0022702079999999997;0.0011919360000000002;0.001435648;0.001548288;0.0012625919999999999;0.0022323200000000003;0.0020797439999999997;0.0020254720000000004;0.001681408;0.0014376960000000002;0.001790976;0.001193984;0.00200192;0.00206848;0.0010250239999999998;0.0013035520000000001;0.001137664;0.0010127360000000002;0.0009768959999999999;0.001087488;0.000475136;0.0005376000000000001;0.0010291200000000001;0.000884736;0.000483328;0.00032870400000000003;0.00042803200000000007;0.00062464;0.000857088;0.0006737919999999999;0.000497664;0.000525312;0.000412672;0.00026623999999999994
1788634800,hdr,0.0293;0.03906;0.04883;0.05859;0.06836;0.07813;0.08789;0.09766;0.10742;0.11719;0.12695;0.13672;0.14648;0.15625;0.16602;0.17578;0.18555;0.19531;0.20508;0.21484;0.22461;0.23438;0.24414;0.25391;0.26367;0.27344;0.2832;0.29297;0.30273;0.3125;0.32227;0.33203;0.3418;0.35156;0.36133;0.37109;0.38086;0.39063;0.40039;0.41016;0.41992;0.42969;0.43945;0.44922;0.45898;0.46875;0.47852;0.48828;0.49805;0.50781;0.51758;0.52734;0.53711;0.54688;0.55664;0.56641;0.57617;0.58594;0.5957;0.60547;0.61523;0.625;0.63477;0.64453;0.6543;0.66406;0.67383;0.68359;0.69336;0.70313;0.71289;0.72266;0.73242;0.74219;0.75195;0.76172;0.77148;0.78125;0.79102,0.004260864;0.005520384;0.008777727999999999;0.00516096;0.011536384;0.014533632000000001;0.010406912;0.016871424000000003;0.062290944;0.117445632;0.15023411200000003;0.27441868799999997;0.2403584;0.041305088;0.019859456;0.00905216;0.015581184000000001;0.019425280000000003;0.01010688;0.007778304;0.0058368000000000005;0.0020951040000000004;0.002661376;0.0040294400000000005;0.003535872;0.002962432;0.00290816;0.002038784;0.00282112;0.003807232;0.004972544;0.006682624;0.004874240000000001;0.005472255999999999;0.002546688;0.0025825279999999997;0.0055009279999999995;0.004217856000000001;0.00198144;0.0021196799999999997;0.001293312;0.001944576;0.0026900479999999996;0.0034181119999999996;0.002972672;0.001590272;0.001728512;0.001645568;0.0023408640000000002;0.002200576;0.0025753599999999996;0.0019148799999999999;0.0013148160000000001;0.002157568;0.0022886399999999998;0.00171008;0.0016732160000000002;0.001849344;0.0017121280000000003;0.0017623040000000001;0.0019435519999999999;0.0017203200000000002;0.001009664;0.001078272;0.001084416;0.0006819840000000001;0.000415744;0.000510976;0.000796672;0.000867328;0.000900096;0.000847872;0.000381952;0.00046796800000000003;0.000449536;0.000621568;0.0008386559999999999;0.0005580800000000001;0.000427008
1788635700,hdr,0.0293;0.03906;0.04883;0.05859;0.06836;0.07813;0.08789;0.09766;0.10742;0.11719;0.12695;0.13672;0.14648;0.15625;0.16602;0.17578;0.18555;0.19531;0.20508;0.21484;0.22461;0.23438;0.24414;0.25391;0.26367;0.27344;0.2832;0.29297;0.30273;0.3125;0.32227;0.33203;0.3418;0.35156;0.36133;0.37109;0.38086;0.39063;0.40039;0.41016;0.41992;0.42969;0.43945;0.44922;0.45898;0.46875;0.47852;0.48828;0.49805;0.50781;0.51758;0.52734;0.53711;0.54688;0.55664;0.56641;0.57617;0.58594;0.5957;0.60547;0.61523;0.625;0.63477;0.64453;0.6543;0.66406;0.67383;0.68359;0.69336;0.70313;0.71289;0.72266;0.73242;0.74219;0.75195;0.76172;0.77148;0.78125;0.79102,0.003095552;0.0033105920000000002;0.004799488;0.006910975999999999;0.01603072;0.013805567999999999;0.00620032;0.016869376000000002;0.041162752000000004;0.107129856;0.109720576;0.11369062399999999;0.125452288;0.040710144000000004;0.011696128;0.005454848;0.007225344;0.0066334720000000005;0.01035264;0.012837887999999999;0.008172544;0.006452224;0.005280768;0.003864576;0.004383743999999999;0.00358912;0.002654208;0.001956864;0.00345088;0.003786752;0.004855808;0.005918720000000001;0.008107008;0.006344704;0.006018048000000001;0.004071424000000001;0.005047296000000001;0.007088128000000001;0.00550912;0.005021696000000001;0.005244928;0.003835904;0.002638848;0.002962432;0.002594816;0.0017663999999999998;0.0014028799999999998;0.0015544320000000001;0.001650688;0.002138112;0.002332672;0.0025937919999999997;0.001775616;0.001521664;0.00253952;0.002174976;0.001483776;0.001129472;0.001086464;0.0013547519999999999;0.001734656;0.001412096;0.0014172160000000002;0.000760832;0.00088576;0.000638976;0.000795648;0.00067072;0.001063936;0.000908288;0.0008335360000000001;0.000577536;0.000447488;0.00048742400000000003;0.00032768;0.000372736;0.000365568;0.00037376;0.000395264
1788636600,hdr,0.0293;0.03906;0.04883;0.05859;0.06836;0.07813;0.08789;0.09766;0.10742;0.11719;0.12695;0.13672;0.14648;0.15625;0.16602;0.17578;0.18555;0.19531;0.20508;0.21484;0.22461;0.23438;0.24414;0.25391;0.26367;0.27344;0.2832;0.29297;0.30273;0.3125;0.32227;0.33203;0.3418;0.35156;0.36133;0.37109;0.38086;0.39063;0.40039;0.41016;0.41992;0.42969;0.43945;0.44922;0.45898;0.46875;0.47852;0.48828;0.49805;0.50781;0.51758;0.52734;0.53711;0.54688;0.55664;0.56641;0.57617;0.58594;0.5957;0.60547;0.61523;0.625;0.63477;0.64453;0.6543;0.66406;0.67383;0.68359;0.69336;0.70313;0.71289;0.72266;0.73242;0.74219;0.75195;0.76172;0.77148;0.78125;0.79102,0.000113664;0.000390144;0.001696768;0.0022272;0.006974464;0.011757568;0.0074854399999999995;0.014400512;0.053131264000000004;0.11904409599999999;0.195555328;0.16197631999999998;0.14697984;0.067836928;0.017911808;0.01268736;0.012869631999999999;0.00723968;0.008623104;0.0077393919999999995;0.006463488;0.005603328;0.004585472000000001;0.006336512;0.004600831999999999;0.002125824;0.002553856;0.00261632;0.003350528;0.0044052480000000005;0.006862848;0.00566784;0.00599552;0.010130432;0.00966144;0.005179392;0.004325376000000001;0.004321279999999999;0.003013632;0.003332096;0.00292864;0.0026777600000000004;0.003838976;0.003416064;0.0027904;0.003150848;0.002512896;0.0031856640000000004;0.0018421759999999998;0.0018411519999999998;0.001531904;0.001714176;0.00188928;0.001540096;0.001466368;0.001242112;0.00141312;0.0008652800000000001;0.000787456;0.001258496;0.0012625919999999999;0.000607232;0.000837632;0.0006041600000000001;0.000623616;0.0006021119999999999;0.000463872;0.0008212479999999999;0.0005847039999999999;0.000594944;0.000482304;0.000524288;0.000661504;0.00041062399999999995;0.0005099519999999999;0.000494592;0.000360448;0.00031744;0.00023142399999999999
1788637500,hdr,0.0293;0.03906;0.04883;0.05859;0.06836;0.07813;0.08789;0.09766;0.10742;0.11719;0.12695;0.13672;0.14648;0.15625;0.16602;0.17578;0.18555;0.19531;0.20508;0.21484;0.22461;0.23438;0.24414;0.25391;0.26367;0.27344;0.2832;0.29297;0.30273;0.3125;0.32227;0.33203;0.3418;0.35156;0.36133;0.37109;0.38086;0.39063;0.40039;0.41016;0.41992;0.42969;0.43945;0.44922;0.45898;0.46875;0.47852;0.48828;0.49805;0.50781;0.51758;0.52734;0.53711;0.54688;0.55664;0.56641;0.57617;0.58594;0.5957;0.60547;0.61523;0.625;0.63477;0.64453;0.6543;0.66406;0.67383;0.68359;0.69336;0.70313;0.71289;0.72266;0.73242;0.74219;0.75195;0.76172;0.77148;0.78125;0.79102,0.001258496;0.002322432;0.003105792;0.002277376;0.0070891520000000005;0.006540288000000001;0.007783424;0.015405056;0.073860096;0.12188467199999999;0.126142464;0.13819289599999998;0.27103744;0.15879372799999997;0.029703168000000002;0.010310656;0.007979008000000001;0.0096;0.006969344;0.007558144;0.009925632;0.005393408000000001;0.003745792;0.004325376000000001;0.003736576;0.00334848;0.0034652159999999997;0.0036648960000000004;0.0022374400000000003;0.00199168;0.00360448;0.006433792000000001;0.010346496;0.008444928;0.0063488;0.007036928;0.007457792;0.006406144;0.004729856;0.004977664;0.00373248;0.002368512;0.00226816;0.002127872;0.0012666880000000002;0.001664;0.0017725439999999998;0.001906688;0.001824768;0.001220608;0.0013864959999999999;0.0017623040000000001;0.002193408;0.001199104;0.000923648;0.000891904;0.001185792;0.001618944;0.0011048960000000002;0.000719872;0.00082944;0.001130496;0.0009041920000000001;0.0007557120000000001;0.000802816;0.000780288;0.000648192;0.00035942400000000006;0.00034816000000000003;0.000324608;0.00037478399999999997;0.000387072;0.0003328;0.00016896;0.00013311999999999997;0.00014335999999999998;0.00020172799999999998;0.00029798400000000005;0.000315392
1788638400,hdr,0.0293;0.03906;0.04883;0.05859;0.06836;0.07813;0.08789;0.09766;0.10742;0.11719;0.12695;0.13672;0.14648;0.15625;0.16602;0.17578;0.18555;0.19531;0.20508;0.21484;0.22461;0.23438;0.24414;0.25391;0.26367;0.27344;0.2832;0.29297;0.30273;0.3125;0.32227;0.33203;0.3418;0.35156;0.36133;0.37109;0.38086;0.39063;0.40039;0.41016;0.41992;0.42969;0.43945;0.44922;0.45898;0.46875;0.47852;0.48828;0.49805;0.50781;0.51758;0.52734;0.53711;0.54688;0.55664;0.56641;0.57617;0.58594;0.5957;0.60547;0.61523;0.625;0.63477;0.64453;0.6543;0.66406;0.67383;0.68359;0.69336;0.70313;0.71289;0.72266;0.73242;0.74219;0.75195;0.76172;0.77148;0.78125;0.79102,0.002613248;0.004862976;0.00321024;0.0051251199999999995;0.010121216;0.01426432;0.011383808;0.013401088;0.043390976000000005;0.092944384;0.16720384000000002;0.164989952;0.16098303999999997;0.11423232000000001;0.027890688;0.01081344;0.008771584;0.008986624000000002;0.004457472;0.006944768;0.008382464;0.006896639999999999;0.003428352;0.003104768;0.0034048;0.00307712;0.002977792;0.002909184;0.00317952;0.003694592;0.004950016;0.006447104;0.004867072;0.005295104;0.005850112;0.009419776;0.0071884800000000006;0.00485376;0.004416512;0.00359936;0.002666496;0.002214912;0.0021534719999999996;0.0025047039999999995;0.002852864;0.0015964160000000002;0.0011673599999999999;0.001574912;0.001210368;0.0010014719999999998;0.00141824;0.000939008;0.000950272;0.0014499839999999999;0.0006819840000000001;0.000881664;0.001247232;0.000786432;0.001523712;0.001220608;0.0008110079999999999;0.001069056;0.000786432;0.000626688;0.000690176;0.0007137280000000001;0.000641024;0.00043110399999999997;0.00047718399999999996;0.00044646400000000004;0.000499712;0.000412672;0.000288768;0.000207872;0.000248832;0.000207872;0.00030003200000000004;0.000376832;0.000246784
1788639300,hdr,0.0293;0.03906;0.04883;0.05859;0.06836;0.07813;0.08789;0.09766;0.10742;0.11719;0.12695;0.13672;0.14648;0.15625;0.16602;0.17578;0.18555;0.19531;0.20508;0.21484;0.22461;0.23438;0.24414;0.25391;0.26367;0.27344;0.2832;0.29297;0.30273;0.3125;0.32227;0.33203;0.3418;0.35156;0.36133;0.37109;0.38086;0.39063;0.40039;0.41016;0.41992;0.42969;0.43945;0.44922;0.45898;0.46875;0.47852;0.48828;0.49805;0.50781;0.51758;0.52734;0.53711;0.54688;0.55664;0.56641;0.57617;0.58594;0.5957;0.60547;0.61523;0.625;0.63477;0.64453;0.6543;0.66406;0.67383;0.68359;0.69336;0.70313;0.71289;0.72266;0.73242;0.74219;0.75195;0.76172;0.77148;0.78125;0.79102,0.00076288;0.000802816;0.0005877759999999999;0.0027863040000000003;0.010600448;0.010200063999999998;0.010707967999999998;0.012950528000000001;0.037070847999999997;0.065903616;0.110239744;0.16466329600000001;0.20783308800000003;0.143510528;0.038457344;0.009971711999999999;0.00582144;0.006427647999999999;0.005855232;0.00870912;0.007217151999999999;0.00598016;0.00500224;0.003309568;0.002977792;0.0036116480000000003;0.0036884480000000004;0.0026245120000000003;0.004289536;0.006025216000000001;0.004042752;0.006238208;0.007042048;0.006501376;0.008496128;0.007607296;0.006623232;0.00644608;0.006496256;0.006877183999999999;0.006168576;0.0039034879999999997;0.0028221440000000004;0.00290304;0.002030592;0.0016988160000000001;0.001742848;0.002009088;0.001650688;0.0016906239999999997;0.002019328;0.00236032;0.001915904;0.001734656;0.002231296;0.0029419520000000003;0.002973696;0.001635328;0.00167424;0.001678336;0.001646592;0.0016302080000000002;0.001803264;0.001000448;0.000760832;0.000637952;0.000756736;0.00082944;0.00030617599999999996;0.000303104;0.000347136;0.00040550399999999994;0.000357376;0.000372736;0.000274432;0.00021299199999999998;0.00015462400000000002;0.000175104;0.00021504000000000003
1788640200,hdr,0.0293;0.03906;0.04883;0.05859;0.06836;0.07813;0.08789;0.09766;0.10742;0.11719;0.12695;0.13672;0.14648;0.15625;0.16602;0.17578;0.18555;0.19531;0.20508;0.21484;0.22461;0.23438;0.24414;0.25391;0.26367;0.27344;0.2832;0.29297;0.30273;0.3125;0.32227;0.33203;0.3418;0.35156;0.36133;0.37109;0.38086;0.39063;0.40039;0.41016;0.41992;0.42969;0.43945;0.44922;0.45898;0.46875;0.47852;0.48828;0.49805;0.50781;0.51758;0.52734;0.53711;0.54688;0.55664;0.56641;0.57617;0.58594;0.5957;0.60547;0.61523;0.625;0.63477;0.64453;0.6543;0.66406;0.67383;0.68359;0.69336;0.70313;0.71289;0.72266;0.73242;0.74219;0.75195;0.76172;0.77148;0.78125;0.79102,0.001676288;0.00204288;0.0012113920000000002;0.0017244159999999999;0.008271872;0.0094976;0.006985728;0.013215744;0.02335744;0.06861824000000001;0.12886732799999998;0.215881728;0.200138752;0.12580454400000002;0.036922368000000004;0.013518848;0.009935872;0.01076224;0.009749504;0.007799808;0.005745664;0.005586944;0.003100672;0.004038656;0.002666496;0.003065856;0.00241152;0.003434496;0.00434176;0.0045076479999999995;0.00464896;0.005181440000000001;0.006116352;0.004016128;0.004132864;0.006055936;0.006029312;0.004292608;0.0029911039999999996;0.0022353919999999997;0.0024709120000000005;0.002448384;0.00208896;0.001901568;0.001662976;0.002161664;0.00165376;0.0015943679999999999;0.001358848;0.00088576;0.0011417600000000001;0.00164864;0.00118272;0.001041408;0.001214464;0.000900096;0.0009482239999999999;0.000590848;0.000616448;0.000652288;0.000318464;0.00036249599999999997;0.000526336;0.000651264;0.000813056;0.00082432;0.000790528;0.000525312;0.00039628799999999996;0.000466944;0.000454656;0.000376832;0.00037068800000000004;0.00038912;0.00031129599999999997;0.00028774400000000004;0.000217088;0.000227328;0.000249856
1788641100,hdr,0.0293;0.03906;0.04883;0.05859;0.06836;0.07813;0.08789;0.09766;0.10742;0.11719;0.12695;0.13672;0.14648;0.15625;0.16602;0.17578;0.18555;0.19531;0.20508;0.21484;0.22461;0.23438;0.24414;0.25391;0.26367;0.27344;0.2832;0.29297;0.30273;0.3125;0.32227;0.33203;0.3418;0.35156;0.36133;0.37109;0.38086;0.39063;0.40039;0.41016;0.41992;0.42969;0.43945;0.44922;0.45898;0.46875;0.47852;0.48828;0.49805;0.50781;0.51758;0.52734;0.53711;0.54688;0.55664;0.56641;0.57617;0.58594;0.5957;0.60547;0.61523;0.625;0.63477;0.64453;0.6543;0.66406;0.67383;0.68359;0.69336;0.70313;0.71289;0.72266;0.73242;0.74219;0.75195;0.76172;0.77148;0.78125;0.79102,0.000764928;0.000625664;0.002250752;0.0033341440000000003;0.007607296;0.008268800000000001;0.010916864;0.018033664;0.039806976;0.11513446399999999;0.26262527999999996;0.21991116800000002;0.165211136;0.15672319999999998;0.066417664;0.017916928;0.00723456;0.008472576;0.009728;0.010075136;0.00626176;0.0040867839999999996;0.003232768;0.002443264;0.002578432;0.0026849280000000005;0.0033546239999999996;0.005905408;0.009515008;0.006663168;0.003318784;0.004353024;0.006605824000000001;0.00771584;0.004521984;0.00585728;0.006607872;0.005439488;0.003733504;0.004359168000000001;0.0030873599999999995;0.001969152;0.0016895999999999999;0.002197504;0.001968128;0.001835008;0.0020254720000000004;0.002249728;0.00225792;0.0021299199999999996;0.001978368;0.0016773119999999998;0.001672192;0.002627584;0.003298304;0.003104768;0.001967104;0.0014940160000000001;0.001134592;0.000951296;0.000635904;0.0005089280000000001;0.00064512;0.000550912;0.00043827199999999997;0.000520192;0.000439296;0.000590848;0.0005376000000000001;0.0006000640000000001;0.000484352;0.000262144;0.000279552;0.000331776;0.000244736;0.000259072;0.00022323200000000002;0.000176128;0.00021401600000000003
1788642000,hdr,0.0293;0.03906;0.04883;0.05859;0.06836;0.07813;0.08789;0.09766;0.10742;0.11719;0.12695;0.13672;0.14648;0.15625;0.16602;0.17578;0.18555;0.19531;0.20508;0.21484;0.22461;0.23438;0.24414;0.25391;0.26367;0.27344;0.2832;0.29297;0.30273;0.3125;0.32227;0.33203;0.3418;0.35156;0.36133;0.37109;0.38086;0.39063;0.40039;0.41016;0.41992;0.42969;0.43945;0.44922;0.45898;0.46875;0.47852;0.48828;0.49805;0.50781;0.51758;0.52734;0.53711;0.54688;0.55664;0.56641;0.57617;0.58594;0.5957;0.60547;0.61523;0.625;0.63477;0.64453;0.6543;0.66406;0.67383;0.68359;0.69336;0.70313;0.71289;0.72266;0.73242;0.74219;0.75195;0.76172;0.77148;0.78125;0.79102,0.00195072;0.003351552;0.004172799999999999;0.00510976;0.010216448;0.012255232;0.007899136000000001;0.011752447999999999;0.051321856;0.093602816;0.109702144;0.22044262399999998;0.27120128;0.13207654400000002;0.053481471999999995;0.024384512000000004;0.009556991999999999;0.007023616;0.006913024;0.003324928;0.004502528;0.008285184;0.007374848;0.003560448;0.0028190719999999997;0.002778112;0.0025333760000000004;0.00336896;0.00491008;0.006936576;0.004855808;0.005489664000000001;0.00956928;0.010370048000000002;0.006452224;0.00678912;0.005915648;0.004955136000000001;0.005302272;0.003325952;0.0031160320000000004;0.0031242239999999997;0.0028846080000000003;0.002193408;0.002130944;0.0013424640000000002;0.0012953600000000002;0.001035264;0.0012247039999999999;0.0009912319999999999;0.00096768;0.000743424;0.0011673599999999999;0.001099776;0.0013578239999999999;0.001091584;0.000913408;0.0011366400000000002;0.000888832;0.0008560640000000001;0.001185792;0.000780288;0.0006840319999999999;0.000748544;0.00048127999999999995;0.00041676800000000003;0.0005376000000000001;0.000576512;0.000526336;0.0008663039999999999;0.000896;0.0005754880000000001;0.000580608;0.0006676480000000001;0.000429056;0.000351232;0.00032870400000000003;0.000282624;0.000331776
1788642900,hdr,0.0293;0.03906;0.04883;0.05859;0.06836;0.07813;0.08789;0.09766;0.10742;0.11719;0.12695;0.13672;0.14648;0.15625;0.16602;0.17578;0.18555;0.19531;0.20508;0.21484;0.22461;0.23438;0.24414;0.25391;0.26367;0.27344;0.2832;0.29297;0.30273;0.3125;0.32227;0.33203;0.3418;0.35156;0.36133;0.37109;0.38086;0.39063;0.40039;0.41016;0.41992;0.42969;0.43945;0.44922;0.45898;0.46875;0.47852;0.48828;0.49805;0.50781;0.51758;0.52734;0.53711;0.54688;0.55664;0.56641;0.57617;0.58594;0.5957;0.60547;0.61523;0.625;0.63477;0.64453;0.6543;0.66406;0.67383;0.68359;0.69336;0.70313;0.71289;0.72266;0.73242;0.74219;0.75195;0.76172;0.77148;0.78125;0.79102,0.010245120000000002;0.006141952;0.005410816;0.008489984;0.013258751999999999;0.012444672;0.013101056;0.01582592;0.027442176;0.07184896;0.18064896;0.334381056;0.303363072;0.155691008;0.082610176;0.027048960000000004;0.009930752000000001;0.006771711999999999;0.00669696;0.004856831999999999;0.007223296000000001;0.008029184000000002;0.003718144;0.003957759999999999;0.003620864;0.003183616;0.002741248;0.003462144;0.004323328;0.006496256;0.006298624;0.0064296959999999995;0.006084608;0.007373823999999999;0.005527552;0.0060661759999999995;0.0040704;0.003966976;0.004045824;0.00338432;0.00297472;0.003168256;0.002992128;0.002306048;0.001750016;0.0018698239999999997;0.0015165439999999999;0.001308672;0.0011417600000000001;0.000877568;0.00085504;0.0008335360000000001;0.001007616;0.00117248;0.0010178560000000001;0.000626688;0.0008765439999999999;0.000909312;0.0006789119999999999;0.000636928;0.0008202239999999999;0.00064512;0.000780288;0.000924672;0.0008192000000000001;0.001028096;0.0007280640000000001;0.000653312;0.000436224;0.000623616;0.000434176;0.00030924800000000003;0.000423936;0.0005416959999999999;0.00028569600000000005;0.000310272;0.00020377600000000002;0.000251904;0.00023142399999999999
1788643800,hdr,0.0293;0.03906;0.04883;0.05859;0.06836;0.07813;0.08789;0.09766;0.10742;0.11719;0.12695;0.13672;0.14648;0.15625;0.16602;0.17578;0.18555;0.19531;0.20508;0.21484;0.22461;0.23438;0.24414;0.25391;0.26367;0.27344;0.2832;0.29297;0.30273;0.3125;0.32227;0.33203;0.3418;0.35156;0.36133;0.37109;0.38086;0.39063;0.40039;0.41016;0.41992;0.42969;0.43945;0.44922;0.45898;0.46875;0.47852;0.48828;0.49805;0.50781;0.51758;0.52734;0.53711;0.54688;0.55664;0.56641;0.57617;0.58594;0.5957;0.60547;0.61523;0.625;0.63477;0.64453;0.6543;0.66406;0.67383;0.68359;0.69336;0.70313;0.71289;0.72266;0.73242;0.74219;0.75195;0.76172;0.77148;0.78125;0.79102,0.005541888;0.012573696;0.009793536;0.008484864;0.011728896;0.00795648;0.00968704;0.015171583999999998;0.046522368;0.117814272;0.154124288;0.17411584;0.113757184;0.113948672;0.119507968;0.029865984;0.01278464;0.010514431999999999;0.009158656000000001;0.004145152;0.005195776000000001;0.005959679999999999;0.008851456;0.005103616;0.003204096;0.00390144;0.0037386240000000003;0.004464640000000001;0.00398848;0.0027217920000000002;0.003835904;0.007376896000000001;0.007120896;0.005579776;0.006129664;0.005326848;0.00409088;0.003065856;0.0031477759999999997;0.0036095999999999997;0.0028620800000000004;0.0029634559999999997;0.002330624;0.002106368;0.002070528;0.001312768;0.001695744;0.00192;0.001276928;0.001134592;0.00103936;0.000990208;0.0010475520000000002;0.000726016;0.000801792;0.000775168;0.0007055360000000001;0.000580608;0.000927744;0.000756736;0.000505856;0.0005007359999999999;0.000447488;0.000603136;0.00039936;0.00040550399999999994;0.000456704;0.00042803200000000007;0.000457728;0.00034201599999999995;0.000263168;0.000313344;0.000277504;0.00040550399999999994;0.000384;0.00029798400000000005;0.00029593599999999995;0.000210944;0.00019456
1788644700,hdr,0.0293;0.03906;0.04883;0.05859;0.06836;0.07813;0.08789;0.09766;0.10742;0.11719;0.12695;0.13672;0.14648;0.15625;0.16602;0.17578;0.18555;0.19531;0.20508;0.21484;0.22461;0.23438;0.24414;0.25391;0.26367;0.27344;0.2832;0.29297;0.30273;0.3125;0.32227;0.33203;0.3418;0.35156;0.36133;0.37109;0.38086;0.39063;0.40039;0.41016;0.41992;0.42969;0.43945;0.44922;0.45898;0.46875;0.47852;0.48828;0.49805;0.50781;0.51758;0.52734;0.53711;0.54688;0.55664;0.56641;0.57617;0.58594;0.5957;0.60547;0.61523;0.625;0.63477;0.64453;0.6543;0.66406;0.67383;0.68359;0.69336;0.70313;0.71289;0.72266;0.73242;0.74219;0.75195;0.76172;0.77148;0.78125;0.79102,0.021772288;0.027635712000000003;0.013481984;0.01059328;0.015456256;0.009157631999999999;0.007324672;0.017649664;0.03225088;0.07395737599999999;0.16972492800000002;0.2273024;0.29194854400000003;0.30444646399999997;0.170522624;0.04515328;0.008203264000000002;0.004576256;0.00794624;0.00892416;0.009224192;0.006251520000000001;0.004988928;0.005349376;0.004185088000000001;0.0026777600000000004;0.002569216;0.002976768;0.0046970879999999994;0.005016576;0.004758528000000001;0.00562176;0.00726528;0.005000192;0.004332544000000001;0.005398528;0.00689152;0.007134208;0.004401152;0.002523136;0.001692672;0.001580032;0.001531904;0.002081792;0.001349632;0.0017121280000000003;0.0017479680000000001;0.0008468480000000001;0.000984064;0.001296384;0.0011489279999999998;0.000772096;0.0009912319999999999;0.00062976;0.0008212479999999999;0.0012318720000000002;0.00123904;0.00076288;0.000867328;0.000577536;0.0005724160000000001;0.000489472;0.00030208000000000004;0.00036352;0.000321536;0.000321536;0.00041779199999999995;0.00037478399999999997;0.00026112;0.000382976;0.00043827199999999997;0.000385024;0.000391168;0.00034304;0.000259072;0.000227328;0.000267264;0.00020275199999999997;0.000221184
1788645600,hdr,0.0293;0.03906;0.04883;0.05859;0.06836;0.07813;0.08789;0.09766;0.10742;0.11719;0.12695;0.13672;0.14648;0.15625;0.16602;0.17578;0.18555;0.19531;0.20508;0.21484;0.22461;0.23438;0.24414;0.25391;0.26367;0.27344;0.2832;0.29297;0.30273;0.3125;0.32227;0.33203;0.3418;0.35156;0.36133;0.37109;0.38086;0.39063;0.40039;0.41016;0.41992;0.42969;0.43945;0.44922;0.45898;0.46875;0.47852;0.48828;0.49805;0.50781;0.51758;0.52734;0.53711;0.54688;0.55664;0.56641;0.57617;0.58594;0.5957;0.60547;0.61523;0.625;0.63477;0.64453;0.6543;0.66406;0.67383;0.68359;0.69336;0.70313;0.71289;0.72266;0.73242;0.74219;0.75195;0.76172;0.77148;0.78125;0.79102,0.005250047999999999;0.009793536;0.00836608;0.0056975360000000004;0.007700479999999999;0.006260736;0.010117119999999999;0.008050687999999999;0.018402304;0.065826816;0.12139008;0.19413504;0.179032064;0.16975052799999998;0.12010496000000001;0.054827008;0.018638848;0.011608064;0.005775359999999999;0.008123392;0.008047616;0.010077184000000001;0.012432384;0.009048064;0.007001088000000001;0.003151872;0.003470336;0.00367616;0.004457472;0.004562943999999999;0.004538368;0.00540672;0.0038174719999999997;0.00541696;0.003823616;0.0058890240000000005;0.004417536;0.004319232;0.0025671680000000003;0.0022937599999999997;0.00271872;0.002945024;0.0018442240000000002;0.00193024;0.0026777600000000004;0.001650688;0.0014346239999999998;0.0011735040000000001;0.0009758719999999999;0.000843776;0.00100352;0.000666624;0.000555008;0.000714752;0.00061952;0.000605184;0.000524288;0.000520192;0.000518144;0.000538624;0.000371712;0.000444416;0.00055296;0.000601088;0.000610304;0.00047308800000000003;0.000413696;0.000641024;0.00039423999999999997;0.00019865600000000002;0.00018124799999999998;0.000314368;0.00037478399999999997;0.000257024;0.0003584;0.000360448;0.00031129599999999997;0.00029286400000000005;0.000310272
1788646500,hdr,0.0293;0.03906;0.04883;0.05859;0.06836;0.07813;0.08789;0.09766;0.10742;0.11719;0.12695;0.13672;0.14648;0.15625;0.16602;0.17578;0.18555;0.19531;0.20508;0.21484;0.22461;0.23438;0.24414;0.25391;0.26367;0.27344;0.2832;0.29297;0.30273;0.3125;0.32227;0.33203;0.3418;0.35156;0.36133;0.37109;0.38086;0.39063;0.40039;0.41016;0.41992;0.42969;0.43945;0.44922;0.45898;0.46875;0.47852;0.48828;0.49805;0.50781;0.51758;0.52734;0.53711;0.54688;0.55664;0.56641;0.57617;0.58594;0.5957;0.60547;0.61523;0.625;0.63477;0.64453;0.6543;0.66406;0.67383;0.68359;0.69336;0.70313;0.71289;0.72266;0.73242;0.74219;0.75195;0.76172;0.77148;0.78125;0.79102,0.0017674240000000003;0.003349504;0.0048209920000000005;0.0051456;0.007609344;0.01004032;0.014405632000000002;0.012203008;0.026175488;0.050020352;0.09084518400000001;0.16165888;0.17081856;0.13284147200000002;0.15557427199999999;0.076043264;0.041805824;0.022049792000000002;0.01204224;0.009953279999999998;0.008674304;0.01030656;0.019784704;0.032728064;0.02883072;0.012566528;0.008434688000000001;0.007984128;0.00695296;0.007402496;0.008050687999999999;0.007814143999999999;0.008493055999999999;0.006921216;0.005110783999999999;0.00555008;0.004859904000000001;0.005571584;0.0029501439999999996;0.0027392;0.003451904;0.002440192;0.0014735360000000001;0.0011673599999999999;0.001657856;0.001754112;0.001435648;0.0011489279999999998;0.001156096;0.001127424;0.000799744;0.000638976;0.000776192;0.001062912;0.001028096;0.0004352;0.00029491200000000004;0.000514048;0.0005621760000000001;0.00042291200000000006;0.00044646400000000004;0.000692224;0.00061952;0.0005642239999999999;0.00035430400000000006;0.000459776;0.000434176;0.000421888;0.000376832;0.000345088;0.000380928;0.00046080000000000003;0.00032870400000000003;0.00019865600000000002;0.000222208;0.000197632;0.000244736;0.000319488;0.00019865600000000002
1788647400,hdr,0.0293;0.03906;0.04883;0.05859;0.06836;0.07813;0.08789;0.09766;0.10742;0.11719;0.12695;0.13672;0.14648;0.15625;0.16602;0.17578;0.18555;0.19531;0.20508;0.21484;0.22461;0.23438;0.24414;0.25391;0.26367;0.27344;0.2832;0.29297;0.30273;0.3125;0.32227;0.33203;0.3418;0.35156;0.36133;0.37109;0.38086;0.39063;0.40039;0.41016;0.41992;0.42969;0.43945;0.44922;0.45898;0.46875;0.47852;0.48828;0.49805;0.50781;0.51758;0.52734;0.53711;0.54688;0.55664;0.56641;0.57617;0.58594;0.5957;0.60547;0.61523;0.625;0.63477;0.64453;0.6543;0.66406;0.67383;0.68359;0.69336;0.70313;0.71289;0.72266;0.73242;0.74219;0.75195;0.76172;0.77148;0.78125;0.79102,0.0020910079999999997;0.0019496960000000001;0.001084416;0.0017408;0.010356735999999998;0.010189824;0.008444928;0.009467904000000001;0.021951488;0.050397184;0.08900710399999999;0.12885504;0.19801087999999997;0.1747712;0.16506982400000003;0.08134860799999999;0.031076351999999998;0.015679488;0.016108544;0.016563199999999997;0.010442752;0.010374144;0.017633279999999998;0.025416704;0.040062976;0.042556416;0.04035072;0.026259455999999997;0.014213120000000001;0.015582207999999998;0.012906496000000002;0.011378688;0.0099584;0.006249472;0.00775168;0.008774656;0.006370304;0.0045793280000000006;0.0032389119999999996;0.003668992;0.0042752;0.0026787839999999996;0.0016168960000000003;0.0020172799999999998;0.0014653440000000002;0.001519616;0.001348608;0.0013895679999999999;0.001002496;0.000970752;0.000730112;0.0006891520000000001;0.000873472;0.001102848;0.0013701120000000002;0.00197632;0.000877568;0.00044544;0.000452608;0.0005232639999999998;0.00043724800000000005;0.000323584;0.00030412799999999997;0.0003328;0.000284672;0.000318464;0.000436224;0.000366592;0.000360448;0.00029183999999999997;0.00015872;0.00036249599999999997;0.000398336;0.00028671999999999997;0.00031232;0.0003328;0.00039936;0.00029900799999999997;0.000242688
1788648300,hdr,0.0293;0.03906;0.04883;0.05859;0.06836;0.07813;0.08789;0.09766;0.10742;0.11719;0.12695;0.13672;0.14648;0.15625;0.16602;0.17578;0.18555;0.19531;0.20508;0.21484;0.22461;0.23438;0.24414;0.25391;0.26367;0.27344;0.2832;0.29297;0.30273;0.3125;0.32227;0.33203;0.3418;0.35156;0.36133;0.37109;0.38086;0.39063;0.40039;0.41016;0.41992;0.42969;0.43945;0.44922;0.45898;0.46875;0.47852;0.48828;0.49805;0.50781;0.51758;0.52734;0.53711;0.54688;0.55664;0.56641;0.57617;0.58594;0.5957;0.60547;0.61523;0.625;0.63477;0.64453;0.6543;0.66406;0.67383;0.68359;0.69336;0.70313;0.71289;0.72266;0.73242;0.74219;0.75195;0.76172;0.77148;0.78125;0.79102,0.00026112;0.001250304;0.001774592;0.001302528;0.006376448000000001;0.006228992;0.004539392000000001;0.0074004480000000004;0.020492287999999997;0.024326144;0.051346432;0.09616281600000001;0.15794688;0.177188864;0.132699136;0.13619712000000003;0.07031808;0.02078208;0.014665728;0.013162496000000001;0.018766848;0.01573376;0.019986432000000002;0.031855616;0.025412608;0.02454016;0.030646272000000002;0.04201984;0.048134144;0.023660544000000002;0.019328;0.015888384;0.011680768;0.007006208;0.004375552;0.00603136;0.005266432;0.0023429120000000004;0.0023459839999999997;0.0026859519999999997;0.0032460799999999997;0.002011136;0.00210944;0.001878016;0.001503232;0.00213504;0.002046976;0.001876992;0.001501184;0.001040384;0.000930816;0.0012165119999999999;0.001349632;0.001533952;0.001721344;0.001284096;0.0012523519999999998;0.0012400640000000001;0.000978944;0.0009287680000000001;0.0008468480000000001;0.00075776;0.000577536;0.000385024;0.000253952;0.000278528;0.00034099200000000003;0.000263168;0.000222208;0.000258048;0.00024780799999999997;0.000211968;0.00024371200000000001;0.000249856;0.000183296;0.00020992;0.000196608;0.00017100799999999997;0.000132096
1788649200,hdr,0.0293;0.03906;0.04883;0.05859;0.06836;0.07813;0.08789;0.09766;0.10742;0.11719;0.12695;0.13672;0.14648;0.15625;0.16602;0.17578;0.18555;0.19531;0.20508;0.21484;0.22461;0.23438;0.24414;0.25391;0.26367;0.27344;0.2832;0.29297;0.30273;0.3125;0.32227;0.33203;0.3418;0.35156;0.36133;0.37109;0.38086;0.39063;0.40039;0.41016;0.41992;0.42969;0.43945;0.44922;0.45898;0.46875;0.47852;0.48828;0.49805;0.50781;0.51758;0.52734;0.53711;0.54688;0.55664;0.56641;0.57617;0.58594;0.5957;0.60547;0.61523;0.625;0.63477;0.64453;0.6543;0.66406;0.67383;0.68359;0.69336;0.70313;0.71289;0.72266;0.73242;0.74219;0.75195;0.76172;0.77148;0.78125;0.79102,0.000553984;0.00014540800000000003;5.0176e-05;0.0009973760000000001;0.009291776;0.0104192;0.005404671999999999;0.005480448000000001;0.023677952000000002;0.058889216;0.08134963199999999;0.07631974400000001;0.14935552000000002;0.22361088;0.149706752;0.06928076799999999;0.043382784;0.027679744;0.016761856000000002;0.009418752;0.011654144;0.01472;0.017154047999999998;0.02081792;0.021146624;0.032242688;0.056481792;0.056798208;0.026976255999999997;0.028839936;0.022554624;0.018141183999999998;0.017150976;0.012331008;0.009854976000000001;0.006178816000000001;0.0047790079999999995;0.0032471040000000002;0.003282944;0.0026439680000000004;0.0032921599999999997;0.002332672;0.0020910079999999997;0.002453504;0.001657856;0.001145856;0.001294336;0.002183168;0.0014786559999999999;0.0021248;0.0012441599999999998;0.0007055360000000001;0.0007168;0.0009205759999999999;0.0009041920000000001;0.000771072;0.0007096320000000001;0.0008110079999999999;0.000748544;0.000638976;0.00047718399999999996;0.0003072;0.000520192;0.00045056;0.000329728;0.000324608;0.0002816;0.000316416;0.000258048;0.000167936;0.00018944;0.00020275199999999997;0.000222208;0.00014848;0.000176128;0.000211968;0.000218112;0.000159744;0.000141312
1788650100,hdr,0.0293;0.03906;0.04883;0.05859;0.06836;0.07813;0.08789;0.09766;0.10742;0.11719;0.12695;0.13672;0.14648;0.15625;0.16602;0.17578;0.18555;0.19531;0.20508;0.21484;0.22461;0.23438;0.24414;0.25391;0.26367;0.27344;0.2832;0.29297;0.30273;0.3125;0.32227;0.33203;0.3418;0.35156;0.36133;0.37109;0.38086;0.39063;0.40039;0.41016;0.41992;0.42969;0.43945;0.44922;0.45898;0.46875;0.47852;0.48828;0.49805;0.50781;0.51758;0.52734;0.53711;0.54688;0.55664;0.56641;0.57617;0.58594;0.5957;0.60547;0.61523;0.625;0.63477;0.64453;0.6543;0.66406;0.67383;0.68359;0.69336;0.70313;0.71289;0.72266;0.73242;0.74219;0.75195;0.76172;0.77148;0.78125;0.79102,3.8911999999999996e-05;0.000241664;0.001134592;0.001193984;0.003279872;0.004025343999999999;0.009430016;0.013741056;0.020840448;0.067579904;0.09585766400000001;0.07293132799999999;0.13250764799999998;0.184168448;0.19206041599999998;0.140465152;0.078006272;0.029832192;0.017580032;0.012823552;0.011421696;0.008798208;0.013796352000000001;0.021476352;0.024516608;0.027372544000000002;0.033742848000000006;0.043454464;0.051263488;0.025772032;0.023267327999999997;0.020455424;0.020963328;0.01430528;0.012526592000000001;0.008400895999999998;0.006079487999999999;0.005505024;0.00599552;0.006452224;0.004470783999999999;0.002425856;0.002778112;0.002704384;0.00154624;0.0015513600000000001;0.0014233599999999998;0.0015267839999999998;0.001225728;0.000937984;0.001058816;0.00088576;0.001024;0.001325056;0.0010291200000000001;0.001618944;0.001301504;0.0009420800000000001;0.000458752;0.000720896;0.0016711679999999998;0.0009717759999999999;0.00087552;0.0009431040000000001;0.00031744;0.000241664;0.000259072;0.00047104000000000004;0.000371712;0.00029696;0.00027340799999999994;0.000251904;0.00022016;0.00030617599999999996;0.000316416;0.00025497599999999997;0.00021504000000000003;0.00016384;0.000192512
1788651000,hdr,0.0293;0.03906;0.04883;0.05859;0.06836;0.07813;0.08789;0.09766;0.10742;0.11719;0.12695;0.13672;0.14648;0.15625;0.16602;0.17578;0.18555;0.19531;0.20508;0.21484;0.22461;0.23438;0.24414;0.25391;0.26367;0.27344;0.2832;0.29297;0.30273;0.3125;0.32227;0.33203;0.3418;0.35156;0.36133;0.37109;0.38086;0.39063;0.40039;0.41016;0.41992;0.42969;0.43945;0.44922;0.45898;0.46875;0.47852;0.48828;0.49805;0.50781;0.51758;0.52734;0.53711;0.54688;0.55664;0.56641;0.57617;0.58594;0.5957;0.60547;0.61523;0.625;0.63477;0.64453;0.6543;0.66406;0.67383;0.68359;0.69336;0.70313;0.71289;0.72266;0.73242;0.74219;0.75195;0.76172;0.77148;0.78125;0.79102,0.0004956159999999999;0.001139712;0.000505856;0.000800768;0.006893568;0.008048640000000001;0.006479872;0.009648128;0.019723264;0.050592767999999996;0.072691712;0.073219072;0.26053939200000004;0.28706201600000003;0.170220544;0.11140812800000001;0.077160448;0.038861824;0.014360576;0.011556864;0.013723648000000001;0.010668032000000001;0.008804352;0.016677888;0.027317248;0.02522112;0.026477568000000003;0.043591679999999994;0.04155289599999999;0.030168064;0.020004864;0.027065344;0.02704384;0.016239616000000002;0.01511936;0.014082048000000002;0.006684671999999999;0.004905984;0.00751104;0.008031232;0.008361984000000001;0.005446656;0.0042014719999999995;0.0029593600000000003;0.001809408;0.002361344;0.002936832;0.001711104;0.001309696;0.000884736;0.001127424;0.001129472;0.0012554240000000002;0.000692224;0.0006840319999999999;0.000463872;0.000442368;0.0005857280000000001;0.000632832;0.000380928;0.000387072;0.0005468159999999999;0.000524288;0.0004352;0.000489472;0.000415744;0.000415744;0.000375808;0.000308224;0.000365568;0.000346112;0.000241664;0.000210944;0.00029593599999999995;0.00030617599999999996;0.000216064;0.000216064;0.00022323200000000002;0.000278528
1788651900,hdr,0.0293;0.03906;0.04883;0.05859;0.06836;0.07813;0.08789;0.09766;0.10742;0.11719;0.12695;0.13672;0.14648;0.15625;0.16602;0.17578;0.18555;0.19531;0.20508;0.21484;0.22461;0.23438;0.24414;0.25391;0.26367;0.27344;0.2832;0.29297;0.30273;0.3125;0.32227;0.33203;0.3418;0.35156;0.36133;0.37109;0.38086;0.39063;0.40039;0.41016;0.41992;0.42969;0.43945;0.44922;0.45898;0.46875;0.47852;0.48828;0.49805;0.50781;0.51758;0.52734;0.53711;0.54688;0.55664;0.56641;0.57617;0.58594;0.5957;0.60547;0.61523;0.625;0.63477;0.64453;0.6543;0.66406;0.67383;0.68359;0.69336;0.70313;0.71289;0.72266;0.73242;0.74219;0.75195;0.76172;0.77148;0.78125;0.79102,0.00043008000000000006;0.0008509440000000001;0.0015544320000000001;0.00029798400000000005;0.004450304;0.005798911999999999;0.006470656;0.011594752;0.022766592000000002;0.04010393599999999;0.061817856;0.08484352;0.129808384;0.111067136;0.123881472;0.120328192;0.07218688000000001;0.04110848;0.016820223999999998;0.00758784;0.014065664;0.012299264;0.012866559999999999;0.014733312;0.014230528000000001;0.03944243199999999;0.050981887999999996;0.041926656;0.032518144;0.026918912;0.023043072;0.023589888;0.028183552;0.017737727999999998;0.014012416;0.010114048;0.00945152;0.008406015999999999;0.005632;0.008072191999999999;0.007944192;0.003653632;0.002212864;0.002587648;0.0024709120000000005;0.002130944;0.002066432;0.0015851519999999998;0.00165376;0.00163328;0.0015943679999999999;0.0016650240000000002;0.001296384;0.0011233280000000003;0.00091648;0.000861184;0.000576512;0.0006778880000000001;0.000643072;0.000786432;0.000831488;0.0008089600000000001;0.000601088;0.0006502400000000001;0.0005867520000000001;0.000551936;0.000453632;0.000421888;0.000283648;0.00029593599999999995;0.000384;0.00030412799999999997;0.000318464;0.00028569600000000005;0.000345088;0.000346112;0.000241664;0.000216064;0.00023859199999999998
