Epoch Time,Processing Source,f,varianceDensity
1791158400,hdr,0.0293;0.03906;0.04883;0.05859;0.06836;0.07813;0.08789;0.09766;0.10742;0.11719;0.12695;0.13672;0.14648;0.15625;0.16602;0.17578;0.18555;0.19531;0.20508;0.21484;0.22461;0.23438;0.24414;0.25391;0.26367;0.27344;0.2832;0.29297;0.30273;0.3125;0.32227;0.33203;0.3418;0.35156;0.36133;0.37109;0.38086;0.39063;0.40039;0.41016;0.41992;0.42969;0.43945;0.44922;0.45898;0.46875;0.47852;0.48828;0.49805;0.50781;0.51758;0.52734;0.53711;0.54688;0.55664;0.56641;0.57617;0.58594;0.5957;0.60547;0.61523;0.625;0.63477;0.64453;0.6543;0.66406;0.67383;0.68359;0.69336;0.70313;0.71289;0.72266;0.73242;0.74219;0.75195;0.76172;0.77148;0.78125;0.79102,0.005733376;0.009353216000000001;0.007602176;0.001787904;0.007119872;0.025576448;0.032623616;0.032050176;0.021424128;0.022905856;0.014315519999999998;0.011622400000000001;0.013056;0.015258624;0.020386816;0.026652672;0.08852172800000001;0.15040512000000003;0.109857792;0.16784281599999998;0.14452224000000002;0.077785088;0.081857536;0.065197056;0.057634816;0.04450816;0.029704192;0.03066368;0.035113984;0.021159935999999997;0.023035904;0.022246400000000003;0.019119103999999998;0.019761151999999997;0.012392448;0.010548224;0.009700352;0.011679743999999999;0.019061759999999997;0.013474816;0.009757696;0.013965312000000002;0.013203455999999999;0.010248192;0.009060352;0.008435712000000001;0.00937472;0.009864191999999999;0.007414784;0.00784384;0.007570432000000001;0.006213631999999999;0.006816768;0.004862976;0.005090304;0.005861376000000001;0.005997568;0.003929088;0.004191232;0.004743168;0.005927936;0.006408192;0.0034672640000000003;0.0022374400000000003;0.0038062079999999997;0.003975168;0.0030361600000000004;0.0028395519999999995;0.002919424;0.004021248;0.002655232;0.002953216;0.002792448;0.0018800639999999999;0.002203648;0.0013475839999999998;0.001058816;0.00188928;0.0019189760000000002
1791159300,hdr,0.0293;0.03906;0.04883;0.05859;0.06836;0.07813;0.08789;0.09766;0.10742;0.11719;0.12695;0.13672;0.14648;0.15625;0.16602;0.17578;0.18555;0.19531;0.20508;0.21484;0.22461;0.23438;0.24414;0.25391;0.26367;0.27344;0.2832;0.29297;0.30273;0.3125;0.32227;0.33203;0.3418;0.35156;0.36133;0.37109;0.38086;0.39063;0.40039;0.41016;0.41992;0.42969;0.43945;0.44922;0.45898;0.46875;0.47852;0.48828;0.49805;0.50781;0.51758;0.52734;0.53711;0.54688;0.55664;0.56641;0.57617;0.58594;0.5957;0.60547;0.61523;0.625;0.63477;0.64453;0.6543;0.66406;0.67383;0.68359;0.69336;0.70313;0.71289;0.72266;0.73242;0.74219;0.75195;0.76172;0.77148;0.78125;0.79102,0.004046848;0.004165632;0.0026685439999999997;0.004511744000000001;0.011558912000000001;0.024927232;0.020755456;0.031251456000000004;0.031894528000000005;0.02939904;0.014170111999999999;0.01566208;0.020318207999999997;0.027670528000000003;0.040901632;0.059522047999999994;0.0979968;0.17827328;0.235706368;0.18944409599999998;0.13057535999999997;0.115433472;0.09088409600000001;0.04685312;0.037701632;0.041716736;0.057906176;0.045520896;0.043842559999999996;0.047721472;0.029884416;0.016167936;0.020258816;0.023133184;0.017343488;0.018830336;0.020768768;0.018492415999999998;0.018511872;0.008423424;0.012988416000000001;0.011668480000000002;0.015578112000000002;0.011528192000000001;0.010001408;0.01138176;0.011910144000000001;0.01102848;0.007793664;0.00635904;0.0072806400000000005;0.009801728000000001;0.009751552;0.008311807999999999;0.006628352;0.008315904;0.007561216;0.005069824;0.007092224;0.006011904;0.005762048;0.0039546880000000005;0.006126591999999999;0.00491008;0.0037150720000000003;0.003130368;0.003919872;0.00390144;0.003822592;0.0023347199999999998;0.002783232;0.0032573439999999997;0.003926016;0.0022528;0.002084864;0.001866752;0.00230912;0.001436672;0.0016895999999999999
1791160200,hdr,0.0293;0.03906;0.04883;0.05859;0.06836;0.07813;0.08789;0.09766;0.10742;0.11719;0.12695;0.13672;0.14648;0.15625;0.16602;0.17578;0.18555;0.19531;0.20508;0.21484;0.22461;0.23438;0.24414;0.25391;0.26367;0.27344;0.2832;0.29297;0.30273;0.3125;0.32227;0.33203;0.3418;0.35156;0.36133;0.37109;0.38086;0.39063;0.40039;0.41016;0.41992;0.42969;0.43945;0.44922;0.45898;0.46875;0.47852;0.48828;0.49805;0.50781;0.51758;0.52734;0.53711;0.54688;0.55664;0.56641;0.57617;0.58594;0.5957;0.60547;0.61523;0.625;0.63477;0.64453;0.6543;0.66406;0.67383;0.68359;0.69336;0.70313;0.71289;0.72266;0.73242;0.74219;0.75195;0.76172;0.77148;0.78125;0.79102,0.0027975680000000003;0.0022405119999999996;0.00387584;0.005736448;0.011963392;0.020968448;0.023969792;0.01947648;0.026507264;0.022953983999999997;0.010529792000000001;0.011846655999999999;0.020449280000000004;0.021641216;0.025688064000000004;0.073389056;0.12897382400000001;0.164393984;0.22812979200000003;0.24916480000000002;0.143660032;0.12095795200000001;0.112323584;0.072635392;0.068476928;0.077331456;0.051249152;0.038016;0.034524160000000005;0.04209152000000001;0.049287168;0.042860543999999993;0.02306048;0.030249984;0.03453235200000001;0.029044736;0.019638272000000002;0.024345600000000002;0.018558976;0.0168448;0.011213824;0.011918336;0.014147584000000001;0.012218368;0.006973440000000001;0.005098496;0.01255936;0.011411456;0.009545728000000002;0.009899007999999999;0.006688768;0.005665791999999999;0.005262336;0.00316416;0.005439488;0.0056872960000000005;0.005547008;0.004946944;0.005295104;0.004818944;0.006331392;0.0060856320000000005;0.004889599999999999;0.005373952;0.00580096;0.005221376;0.0029429759999999995;0.0035235839999999997;0.003924992;0.003073024;0.0026286079999999997;0.002771968;0.0026521599999999998;0.002787328;0.00271872;0.002573312;0.003357696;0.002535424;0.002318336
1791161100,hdr,0.0293;0.03906;0.04883;0.05859;0.06836;0.07813;0.08789;0.09766;0.10742;0.11719;0.12695;0.13672;0.14648;0.15625;0.16602;0.17578;0.18555;0.19531;0.20508;0.21484;0.22461;0.23438;0.24414;0.25391;0.26367;0.27344;0.2832;0.29297;0.30273;0.3125;0.32227;0.33203;0.3418;0.35156;0.36133;0.37109;0.38086;0.39063;0.40039;0.41016;0.41992;0.42969;0.43945;0.44922;0.45898;0.46875;0.47852;0.48828;0.49805;0.50781;0.51758;0.52734;0.53711;0.54688;0.55664;0.56641;0.57617;0.58594;0.5957;0.60547;0.61523;0.625;0.63477;0.64453;0.6543;0.66406;0.67383;0.68359;0.69336;0.70313;0.71289;0.72266;0.73242;0.74219;0.75195;0.76172;0.77148;0.78125;0.79102,0.0022568959999999996;0.002724864;0.001210368;0.003282944;0.010237952;0.016778240000000003;0.023445504000000002;0.025919488;0.030946304;0.02581504;0.013749248;0.008434688000000001;0.007333888;0.011809792;0.033536;0.07808512000000001;0.131826688;0.28170444800000005;0.35226214399999994;0.1807872;0.14140416;0.10810060799999999;0.064376832;0.047217664;0.048263167999999995;0.052628480000000005;0.047128576;0.051047424;0.037006335999999994;0.024609792;0.017043456;0.028147712;0.036954112000000004;0.019387392;0.026211328000000002;0.022542336;0.014698496000000002;0.017301504000000002;0.018280448;0.018844672;0.014919680000000001;0.013841408;0.017267712;0.007182336;0.009264127999999998;0.013976576;0.010817536;0.00967168;0.00719872;0.005665791999999999;0.004969472;0.008345599999999998;0.010057727999999998;0.006959104000000001;0.008629247999999999;0.005636096;0.006580224;0.007913472;0.004854784000000001;0.0048363519999999995;0.004216832;0.0050677759999999995;0.005030912;0.005301248000000001;0.004028416;0.0031887359999999997;0.002888704;0.0024801280000000003;0.0026296320000000002;0.00351744;0.002118656;0.001271808;0.001533952;0.0022015999999999997;0.002163712;0.002699264;0.002505728;0.0021626880000000003;0.001563648
1791162000,hdr,0.0293;0.03906;0.04883;0.05859;0.06836;0.07813;0.08789;0.09766;0.10742;0.11719;0.12695;0.13672;0.14648;0.15625;0.16602;0.17578;0.18555;0.19531;0.20508;0.21484;0.22461;0.23438;0.24414;0.25391;0.26367;0.27344;0.2832;0.29297;0.30273;0.3125;0.32227;0.33203;0.3418;0.35156;0.36133;0.37109;0.38086;0.39063;0.40039;0.41016;0.41992;0.42969;0.43945;0.44922;0.45898;0.46875;0.47852;0.48828;0.49805;0.50781;0.51758;0.52734;0.53711;0.54688;0.55664;0.56641;0.57617;0.58594;0.5957;0.60547;0.61523;0.625;0.63477;0.64453;0.6543;0.66406;0.67383;0.68359;0.69336;0.70313;0.71289;0.72266;0.73242;0.74219;0.75195;0.76172;0.77148;0.78125;0.79102,0.00123392;0.006703104;0.008506368;0.0037847040000000003;0.017661952;0.024515584;0.017439744000000004;0.022236160000000005;0.036028416;0.022236160000000005;0.007988224;0.007847936;0.008685568;0.012140544;0.03760128000000001;0.085179392;0.153757696;0.23471104;0.18689536;0.199044096;0.21917593600000002;0.153880576;0.10484838399999999;0.06720204800000001;0.063884288;0.036361216;0.025539584000000004;0.038115328000000004;0.032837632;0.02906624;0.026921983999999996;0.028297216;0.034045952;0.016073728;0.021888;0.021880832000000003;0.016576512;0.015952896;0.009782272000000002;0.011333632;0.011376639999999999;0.010483712000000001;0.007766016;0.006674432000000001;0.007262208000000001;0.0056453119999999996;0.006326272;0.006914048;0.008526848;0.0072785919999999995;0.005305344;0.006238208;0.008078336;0.00800768;0.0060856320000000005;0.006422528;0.006305792;0.006368255999999999;0.00467968;0.003786752;0.0055982079999999995;0.0045312;0.003679232;0.004308992;0.0030126080000000004;0.0025200640000000002;0.0029952000000000004;0.002934784;0.002596864;0.0028385280000000003;0.002436096;0.001579008;0.002023424;0.0015431680000000001;0.00126976;0.002069504;0.002284544;0.002110464;0.001917952
1791162900,hdr,0.0293;0.03906;0.04883;0.05859;0.06836;0.07813;0.08789;0.09766;0.10742;0.11719;0.12695;0.13672;0.14648;0.15625;0.16602;0.17578;0.18555;0.19531;0.20508;0.21484;0.22461;0.23438;0.24414;0.25391;0.26367;0.27344;0.2832;0.29297;0.30273;0.3125;0.32227;0.33203;0.3418;0.35156;0.36133;0.37109;0.38086;0.39063;0.40039;0.41016;0.41992;0.42969;0.43945;0.44922;0.45898;0.46875;0.47852;0.48828;0.49805;0.50781;0.51758;0.52734;0.53711;0.54688;0.55664;0.56641;0.57617;0.58594;0.5957;0.60547;0.61523;0.625;0.63477;0.64453;0.6543;0.66406;0.67383;0.68359;0.69336;0.70313;0.71289;0.72266;0.73242;0.74219;0.75195;0.76172;0.77148;0.78125;0.79102,0.004765696;0.00809472;0.006052864;0.009107456;0.027143168;0.027433984;0.033590272;0.03943424;0.023574528;0.01147392;0.007902207999999999;0.00816128;0.01214976;0.019681280000000002;0.030964735999999996;0.037182464;0.069559296;0.16408063999999997;0.183281664;0.209931264;0.15635456;0.10464563200000002;0.094285824;0.074397696;0.063010816;0.05900288;0.047320063999999995;0.035020800000000005;0.024994816;0.037906432000000004;0.025264128;0.016859136;0.026089472000000002;0.019515392;0.013275136;0.017871872;0.008998912;0.011483136;0.01171456;0.0108032;0.008150016000000001;0.006732800000000001;0.007655424;0.007043072;0.0061777920000000005;0.007288832;0.007468032;0.006694912;0.0049704960000000005;0.007954431999999999;0.008958976;0.0051456;0.004002816;0.004636672;0.005786624;0.004139008;0.0032593920000000003;0.003273728;0.0038307840000000003;0.004073472;0.00566784;0.003997696;0.0028221440000000004;0.0025743360000000004;0.003472384;0.004232192;0.002798592;0.002221056;0.0017684480000000002;0.002249728;0.00257024;0.0027156479999999998;0.002030592;0.001550336;0.0010956800000000001;0.001700864;0.001497088;0.001893376;0.0018718720000000001
1791163800,hdr,0.0293;0.03906;0.04883;0.05859;0.06836;0.07813;0.08789;0.09766;0.10742;0.11719;0.12695;0.13672;0.14648;0.15625;0.16602;0.17578;0.18555;0.19531;0.20508;0.21484;0.22461;0.23438;0.24414;0.25391;0.26367;0.27344;0.2832;0.29297;0.30273;0.3125;0.32227;0.33203;0.3418;0.35156;0.36133;0.37109;0.38086;0.39063;0.40039;0.41016;0.41992;0.42969;0.43945;0.44922;0.45898;0.46875;0.47852;0.48828;0.49805;0.50781;0.51758;0.52734;0.53711;0.54688;0.55664;0.56641;0.57617;0.58594;0.5957;0.60547;0.61523;0.625;0.63477;0.64453;0.6543;0.66406;0.67383;0.68359;0.69336;0.70313;0.71289;0.72266;0.73242;0.74219;0.75195;0.76172;0.77148;0.78125;0.79102,0.002939904;0.0052541440000000005;0.007474175999999999;0.00712704;0.017496064000000002;0.020566016;0.024324096;0.023647232;0.018390016;0.013741056;0.014442496;0.009310207999999999;0.010493951999999999;0.01517056;0.034551808;0.10137804800000001;0.143122432;0.110084096;0.250094592;0.18573721599999998;0.17190502400000002;0.097020928;0.082020352;0.08471859200000001;0.043513856;0.04287590399999999;0.026422272;0.027229184;0.035465216;0.037239808;0.021952512;0.01938432;0.016498688;0.010860544000000001;0.008875008;0.01004544;0.0091904;0.011250688;0.011102207999999999;0.011014144;0.009406464;0.011652095999999999;0.013882368;0.008060928;0.006052864;0.006682624;0.005164032;0.00433152;0.0051251199999999995;0.008262655999999998;0.0072785919999999995;0.005349376;0.006178816000000001;0.004385792;0.0026286079999999997;0.0039321600000000005;0.005110783999999999;0.0038174719999999997;0.004012032;0.0026439680000000004;0.004770816;0.0033228800000000003;0.0038840320000000004;0.003288064;0.002787328;0.003996672;0.002469888;0.002148352;0.0027453439999999994;0.002712576;0.002138112;0.0020500479999999996;0.001906688;0.0014438399999999998;0.001490944;0.001809408;0.001681408;0.00180224;0.00101376
1791164700,hdr,0.0293;0.03906;0.04883;0.05859;0.06836;0.07813;0.08789;0.09766;0.10742;0.11719;0.12695;0.13672;0.14648;0.15625;0.16602;0.17578;0.18555;0.19531;0.20508;0.21484;0.22461;0.23438;0.24414;0.25391;0.26367;0.27344;0.2832;0.29297;0.30273;0.3125;0.32227;0.33203;0.3418;0.35156;0.36133;0.37109;0.38086;0.39063;0.40039;0.41016;0.41992;0.42969;0.43945;0.44922;0.45898;0.46875;0.47852;0.48828;0.49805;0.50781;0.51758;0.52734;0.53711;0.54688;0.55664;0.56641;0.57617;0.58594;0.5957;0.60547;0.61523;0.625;0.63477;0.64453;0.6543;0.66406;0.67383;0.68359;0.69336;0.70313;0.71289;0.72266;0.73242;0.74219;0.75195;0.76172;0.77148;0.78125;0.79102,0.008990719999999999;0.013530112;0.007539712;0.00798208;0.021345279999999998;0.024288256;0.021313536;0.01874944;0.015752192;0.015693824;0.005891072;0.0057200639999999995;0.010058752;0.019350528000000002;0.025904128000000002;0.070838272;0.061626368;0.066615296;0.14997504;0.212016128;0.169858048;0.07879475200000001;0.06646272;0.061260800000000004;0.048036864;0.052923392;0.046281728;0.024491008;0.026730496;0.036476928;0.022392831999999998;0.018308096;0.027369472;0.023231487999999998;0.014921727999999999;0.015027200000000001;0.011262976000000001;0.008183808;0.0068096;0.006731776;0.008341504000000001;0.008783872000000002;0.007691264;0.008463360000000001;0.008771584;0.008634368;0.008182784;0.005774336000000001;0.005679103999999999;0.007563264;0.006854656;0.004768768;0.0024299520000000004;0.003214336;0.003516416;0.0026941440000000003;0.002753536;0.002777088;0.003212288;0.00261632;0.0026695679999999998;0.0019046400000000002;0.001903616;0.002428928;0.002307072;0.0025753599999999996;0.0021032959999999997;0.0016988160000000001;0.001275904;0.0014448640000000001;0.001814528;0.001911808;0.001769472;0.0011120639999999998;0.001002496;0.000995328;0.0010680320000000002;0.000996352;0.0013680639999999998
1791165600,hdr,0.0293;0.03906;0.04883;0.05859;0.06836;0.07813;0.08789;0.09766;0.10742;0.11719;0.12695;0.13672;0.14648;0.15625;0.16602;0.17578;0.18555;0.19531;0.20508;0.21484;0.22461;0.23438;0.24414;0.25391;0.26367;0.27344;0.2832;0.29297;0.30273;0.3125;0.32227;0.33203;0.3418;0.35156;0.36133;0.37109;0.38086;0.39063;0.40039;0.41016;0.41992;0.42969;0.43945;0.44922;0.45898;0.46875;0.47852;0.48828;0.49805;0.50781;0.51758;0.52734;0.53711;0.54688;0.55664;0.56641;0.57617;0.58594;0.5957;0.60547;0.61523;0.625;0.63477;0.64453;0.6543;0.66406;0.67383;0.68359;0.69336;0.70313;0.71289;0.72266;0.73242;0.74219;0.75195;0.76172;0.77148;0.78125;0.79102,0.000963584;0.002546688;0.0033679359999999998;0.00151552;0.009960448;0.024310784000000002;0.025772032;0.024626176;0.031915008;0.023821311999999997;0.010885120000000002;0.010269696;0.011302911999999998;0.018904064;0.028084223999999998;0.06391296;0.11024896;0.144256;0.12288102399999999;0.093284352;0.13761331200000002;0.140916736;0.107124736;0.08886783999999999;0.06468096;0.036977664;0.033179648;0.033217536;0.025988096;0.021422080000000003;0.019134464;0.023211007999999998;0.029367295999999998;0.024211456;0.019602432;0.016159744;0.011806720000000001;0.008235008;0.008474624;0.00742912;0.006811648;0.0075223040000000005;0.0078592;0.007166975999999999;0.007915519999999999;0.00685568;0.004466688;0.00482816;0.005099520000000001;0.0047841279999999995;0.004189184;0.0036966399999999997;0.0036843519999999997;0.00419328;0.003401728;0.0018176000000000002;0.002158592;0.003154944;0.003538944;0.003047424;0.002587648;0.001974272;0.001820672;0.003099648;0.002922496;0.002382848;0.0016087039999999999;0.0016097280000000002;0.002169856;0.002766848;0.0018288640000000001;0.001870848;0.0015697920000000002;0.0018196479999999999;0.001837056;0.001794048;0.001457152;0.0014448640000000001;0.0013578239999999999
1791166500,hdr,0.0293;0.03906;0.04883;0.05859;0.06836;0.07813;0.08789;0.09766;0.10742;0.11719;0.12695;0.13672;0.14648;0.15625;0.16602;0.17578;0.18555;0.19531;0.20508;0.21484;0.22461;0.23438;0.24414;0.25391;0.26367;0.27344;0.2832;0.29297;0.30273;0.3125;0.32227;0.33203;0.3418;0.35156;0.36133;0.37109;0.38086;0.39063;0.40039;0.41016;0.41992;0.42969;0.43945;0.44922;0.45898;0.46875;0.47852;0.48828;0.49805;0.50781;0.51758;0.52734;0.53711;0.54688;0.55664;0.56641;0.57617;0.58594;0.5957;0.60547;0.61523;0.625;0.63477;0.64453;0.6543;0.66406;0.67383;0.68359;0.69336;0.70313;0.71289;0.72266;0.73242;0.74219;0.75195;0.76172;0.77148;0.78125;0.79102,0.001814528;0.007862272;0.005689344;0.005152768;0.029887488;0.024072192000000003;0.014597120000000002;0.021409792;0.02801664;0.017277952;0.007325696;0.005065728;0.009214976;0.01805312;0.02451968;0.04051968;0.07670476799999999;0.15922278399999998;0.20057292799999998;0.1681152;0.115182592;0.10940211200000001;0.08365977599999999;0.05951488;0.043560959999999996;0.038463488;0.03229184;0.03474944;0.035565568;0.024514559999999998;0.020673536;0.01672192;0.021704704;0.022043648000000002;0.0192512;0.012877824000000001;0.011159552;0.009930752000000001;0.008335359999999998;0.005510144;0.005982207999999999;0.006150144000000001;0.0054855680000000006;0.004663296;0.006183936;0.005444607999999999;0.005071872000000001;0.003810304;0.00290304;0.002911232;0.003293184;0.0026777600000000004;0.002880512;0.0034375680000000002;0.003931136;0.002989056;0.002768896;0.002962432;0.0020736;0.001799168;0.0014919679999999998;0.001645568;0.0016773119999999998;0.001829888;0.002506752;0.0030822400000000004;0.001922048;0.001325056;0.0012646399999999998;0.001726464;0.002994176;0.003008512;0.00256;0.0011909120000000001;0.001344512;0.0012666880000000002;0.001446912;0.0011960319999999999;0.001681408
1791167400,hdr,0.0293;0.03906;0.04883;0.05859;0.06836;0.07813;0.08789;0.09766;0.10742;0.11719;0.12695;0.13672;0.14648;0.15625;0.16602;0.17578;0.18555;0.19531;0.20508;0.21484;0.22461;0.23438;0.24414;0.25391;0.26367;0.27344;0.2832;0.29297;0.30273;0.3125;0.32227;0.33203;0.3418;0.35156;0.36133;0.37109;0.38086;0.39063;0.40039;0.41016;0.41992;0.42969;0.43945;0.44922;0.45898;0.46875;0.47852;0.48828;0.49805;0.50781;0.51758;0.52734;0.53711;0.54688;0.55664;0.56641;0.57617;0.58594;0.5957;0.60547;0.61523;0.625;0.63477;0.64453;0.6543;0.66406;0.67383;0.68359;0.69336;0.70313;0.71289;0.72266;0.73242;0.74219;0.75195;0.76172;0.77148;0.78125;0.79102,0.003663872;0.005876736;0.007772160000000001;0.011017216;0.022514687999999998;0.02385408;0.021174271999999997;0.027154432;0.030806016;0.01854464;0.008846336000000002;0.007324672;0.007745536;0.019728383999999998;0.026805248;0.044168191999999995;0.09032396799999999;0.11830374399999999;0.218995712;0.17169408000000003;0.126710784;0.08635289600000001;0.048192512;0.04924928;0.070822912;0.063363072;0.043898879999999994;0.030191615999999998;0.026211328000000002;0.022567935999999997;0.025240576;0.017221631999999997;0.012788736;0.012391424000000002;0.009428991999999999;0.00794112;0.009070591999999999;0.011133952;0.0074301440000000005;0.006072320000000001;0.004494335999999999;0.00654336;0.005256192;0.007379968;0.0043407359999999996;0.0029009920000000002;0.0037386240000000003;0.003854336;0.00452096;0.003084288;0.003847168;0.002428928;0.00221184;0.0019455999999999998;0.002427904;0.00323072;0.0031569919999999995;0.0031016959999999997;0.00289792;0.0024719359999999997;0.00283648;0.001517568;0.0018524160000000002;0.002030592;0.001296384;0.001517568;0.0017018880000000001;0.002029568;0.0013557760000000002;0.002034688;0.0021329920000000002;0.001591296;0.001009664;0.00084992;0.0009543679999999999;0.0012113920000000002;0.001176576;0.001129472;0.000518144
1791168300,hdr,0.0293;0.03906;0.04883;0.05859;0.06836;0.07813;0.08789;0.09766;0.10742;0.11719;0.12695;0.13672;0.14648;0.15625;0.16602;0.17578;0.18555;0.19531;0.20508;0.21484;0.22461;0.23438;0.24414;0.25391;0.26367;0.27344;0.2832;0.29297;0.30273;0.3125;0.32227;0.33203;0.3418;0.35156;0.36133;0.37109;0.38086;0.39063;0.40039;0.41016;0.41992;0.42969;0.43945;0.44922;0.45898;0.46875;0.47852;0.48828;0.49805;0.50781;0.51758;0.52734;0.53711;0.54688;0.55664;0.56641;0.57617;0.58594;0.5957;0.60547;0.61523;0.625;0.63477;0.64453;0.6543;0.66406;0.67383;0.68359;0.69336;0.70313;0.71289;0.72266;0.73242;0.74219;0.75195;0.76172;0.77148;0.78125;0.79102,0.009003008;0.026591232;0.021668864;0.01316352;0.015442944000000002;0.01811968;0.014675968;0.015616;0.034562048;0.034315264;0.006951936;0.0069918720000000005;0.012019712;0.012437504;0.028062719999999996;0.06491955199999999;0.07972249600000002;0.07950438400000001;0.09123635199999999;0.124581888;0.09546854399999999;0.112299008;0.07527526400000001;0.048607232;0.04293632;0.040175616;0.036947968;0.021671936;0.021764095999999997;0.014111744;0.01813504;0.021255168;0.01808384;0.014439424000000001;0.013984768;0.014287872;0.014578688;0.011234304;0.006202368;0.004645888;0.0029501439999999996;0.0058521599999999995;0.0064512;0.005917696;0.0060856320000000005;0.004042752;0.002054144;0.0030207999999999997;0.005962752;0.0066713599999999994;0.004707328;0.00377344;0.002817024;0.003201024;0.002475008;0.001476608;0.002671616;0.002885632;0.00247296;0.00268288;0.002245632;0.002364416;0.00197632;0.0015769599999999999;0.001132544;0.000970752;0.001241088;0.001560576;0.001688576;0.0018944;0.001117184;0.00077312;0.001410048;0.001103872;0.0015616000000000002;0.001293312;0.001265664;0.0012994559999999998;0.0012052480000000001
1791169200,hdr,0.0293;0.03906;0.04883;0.05859;0.06836;0.07813;0.08789;0.09766;0.10742;0.11719;0.12695;0.13672;0.14648;0.15625;0.16602;0.17578;0.18555;0.19531;0.20508;0.21484;0.22461;0.23438;0.24414;0.25391;0.26367;0.27344;0.2832;0.29297;0.30273;0.3125;0.32227;0.33203;0.3418;0.35156;0.36133;0.37109;0.38086;0.39063;0.40039;0.41016;0.41992;0.42969;0.43945;0.44922;0.45898;0.46875;0.47852;0.48828;0.49805;0.50781;0.51758;0.52734;0.53711;0.54688;0.55664;0.56641;0.57617;0.58594;0.5957;0.60547;0.61523;0.625;0.63477;0.64453;0.6543;0.66406;0.67383;0.68359;0.69336;0.70313;0.71289;0.72266;0.73242;0.74219;0.75195;0.76172;0.77148;0.78125;0.79102,0.003421184;0.010351616;0.010724352;0.007705599999999999;0.020226048;0.019893248;0.022030336;0.022780928;0.024513536;0.021339135999999998;0.007852032;0.0063744;0.010474496000000002;0.020696064;0.020192256000000002;0.04185702400000001;0.054675456;0.094439424;0.115438592;0.08487731200000001;0.097916928;0.07448576;0.051300352;0.055811072;0.061282304;0.06833561599999999;0.035294208;0.027218944;0.030386176;0.019729408;0.021784576;0.026331136;0.021963775999999997;0.017005568;0.019209216;0.014747647999999999;0.009581568;0.010976256;0.006431744;0.010525696;0.010457088;0.006858752;0.00474112;0.0069222400000000005;0.007617536;0.0073216;0.006938624;0.005947392;0.004637696;0.005057536;0.006913024;0.00546304;0.003273728;0.002691072;0.0026808319999999997;0.0050800640000000005;0.0048332800000000006;0.003252224;0.004350976;0.003874816;0.0028989440000000005;0.003550208;0.003944448;0.0027729919999999997;0.001731584;0.002332672;0.002318336;0.00217088;0.001798144;0.002086912;0.0018862080000000001;0.0020654080000000003;0.001618944;0.001325056;0.000980992;0.001117184;0.001325056;0.0013312;0.0019455999999999998
1791170100,hdr,0.0293;0.03906;0.04883;0.05859;0.06836;0.07813;0.08789;0.09766;0.10742;0.11719;0.12695;0.13672;0.14648;0.15625;0.16602;0.17578;0.18555;0.19531;0.20508;0.21484;0.22461;0.23438;0.24414;0.25391;0.26367;0.27344;0.2832;0.29297;0.30273;0.3125;0.32227;0.33203;0.3418;0.35156;0.36133;0.37109;0.38086;0.39063;0.40039;0.41016;0.41992;0.42969;0.43945;0.44922;0.45898;0.46875;0.47852;0.48828;0.49805;0.50781;0.51758;0.52734;0.53711;0.54688;0.55664;0.56641;0.57617;0.58594;0.5957;0.60547;0.61523;0.625;0.63477;0.64453;0.6543;0.66406;0.67383;0.68359;0.69336;0.70313;0.71289;0.72266;0.73242;0.74219;0.75195;0.76172;0.77148;0.78125;0.79102,0.00246272;0.005965824;0.00677376;0.004176895999999999;0.013264896;0.013793279999999998;0.012719104;0.018820095999999998;0.025270271999999996;0.02186752;0.014383103999999999;0.007972864;0.008353791999999999;0.022130688;0.038226944000000006;0.058499072;0.062997504;0.13034086400000003;0.17984512;0.168574976;0.111039488;0.10142924800000001;0.05685657599999999;0.031624192;0.044036096;0.051187711999999996;0.050953216;0.04555776;0.029225984;0.02865664;0.02397184;0.026561536;0.02517504;0.017483776;0.014529536000000001;0.016447488;0.011521024000000001;0.008452096;0.007491584;0.008885248000000002;0.007269376;0.006155264;0.008358912;0.00747008;0.010163199999999999;0.010795008;0.00705024;0.004743168;0.004968448;0.004790272;0.0032757759999999998;0.0019537919999999998;0.002013184;0.004021248;0.00459776;0.004529152;0.0029716480000000003;0.0026859519999999997;0.002717696;0.0030873599999999995;0.00253952;0.0043407359999999996;0.005110783999999999;0.00361472;0.003026944;0.0019937279999999997;0.00261632;0.002000896;0.0023807999999999998;0.002179072;0.001754112;0.001026048;0.001755136;0.001631232;0.00116224;0.000654336;0.000893952;0.001293312;0.000582656
1791171000,hdr,0.0293;0.03906;0.04883;0.05859;0.06836;0.07813;0.08789;0.09766;0.10742;0.11719;0.12695;0.13672;0.14648;0.15625;0.16602;0.17578;0.18555;0.19531;0.20508;0.21484;0.22461;0.23438;0.24414;0.25391;0.26367;0.27344;0.2832;0.29297;0.30273;0.3125;0.32227;0.33203;0.3418;0.35156;0.36133;0.37109;0.38086;0.39063;0.40039;0.41016;0.41992;0.42969;0.43945;0.44922;0.45898;0.46875;0.47852;0.48828;0.49805;0.50781;0.51758;0.52734;0.53711;0.54688;0.55664;0.56641;0.57617;0.58594;0.5957;0.60547;0.61523;0.625;0.63477;0.64453;0.6543;0.66406;0.67383;0.68359;0.69336;0.70313;0.71289;0.72266;0.73242;0.74219;0.75195;0.76172;0.77148;0.78125;0.79102,0.0035696639999999997;0.0034416639999999997;0.001636352;0.005237759999999999;0.02074112;0.021971968;0.018625536;0.020443135999999997;0.026952704;0.023112704;0.006178816000000001;0.003902464;0.007161855999999999;0.015058944;0.025755648000000003;0.055282688;0.064579584;0.07622553600000001;0.099964928;0.107531264;0.13097267199999998;0.125366272;0.09520332799999999;0.057078784;0.037522432;0.03859456;0.038121471999999997;0.028464127999999998;0.033217536;0.031310848;0.02156032;0.020308991999999998;0.015056896;0.017071104;0.013341696;0.011430911999999998;0.008206336000000002;0.008449024;0.011679743999999999;0.007330816;0.007996416000000001;0.007204863999999999;0.009829376;0.010274815999999999;0.008572928;0.006955008;0.006923263999999999;0.005083135999999999;0.0030914560000000002;0.003293184;0.0034304;0.004221952;0.004754432;0.005044224;0.00522752;0.005424127999999999;0.003852288;0.002157568;0.0019886079999999998;0.00252416;0.0032768000000000003;0.002576384;0.00230912;0.002127872;0.002267136;0.002054144;0.002013184;0.0013312;0.0018974719999999999;0.0017530879999999999;0.0019435519999999999;0.00108544;0.000847872;0.0008591359999999999;0.0008622079999999999;0.000789504;0.0007086080000000001;0.0009318400000000001;0.0011837439999999998
1791171900,hdr,0.0293;0.03906;0.04883;0.05859;0.06836;0.07813;0.08789;0.09766;0.10742;0.11719;0.12695;0.13672;0.14648;0.15625;0.16602;0.17578;0.18555;0.19531;0.20508;0.21484;0.22461;0.23438;0.24414;0.25391;0.26367;0.27344;0.2832;0.29297;0.30273;0.3125;0.32227;0.33203;0.3418;0.35156;0.36133;0.37109;0.38086;0.39063;0.40039;0.41016;0.41992;0.42969;0.43945;0.44922;0.45898;0.46875;0.47852;0.48828;0.49805;0.50781;0.51758;0.52734;0.53711;0.54688;0.55664;0.56641;0.57617;0.58594;0.5957;0.60547;0.61523;0.625;0.63477;0.64453;0.6543;0.66406;0.67383;0.68359;0.69336;0.70313;0.71289;0.72266;0.73242;0.74219;0.75195;0.76172;0.77148;0.78125;0.79102,0.0033105920000000002;0.0028303359999999997;0.0052541440000000005;0.0151552;0.031203328;0.019038208;0.010253312;0.019306496;0.031650816;0.031270912;0.012719104;0.005279743999999999;0.005840896;0.01484288;0.029351936;0.057196544;0.095597568;0.139702272;0.111471616;0.09664204800000001;0.117974016;0.099079168;0.06233088;0.06172672;0.040486912;0.023310336;0.032612352000000004;0.041819136;0.020988928;0.03493376;0.02950656;0.016954367999999997;0.01398784;0.011524096;0.010100735999999999;0.009650176;0.01114624;0.006749183999999999;0.005231616;0.007479295999999999;0.011541504;0.009728;0.006146048;0.007385088;0.007159808;0.005859328;0.004400128;0.00406528;0.005062656;0.003661824;0.0028149760000000003;0.0037990400000000005;0.004540415999999999;0.003538944;0.00180736;0.003311616;0.0036966399999999997;0.001655808;0.0018257920000000001;0.001978368;0.0017203200000000002;0.0028723200000000003;0.0030986240000000003;0.001876992;0.002023424;0.0021452800000000003;0.001895424;0.002177024;0.0015616000000000002;0.001232896;0.0013342719999999998;0.001004544;0.000781312;0.000635904;0.0007423999999999999;0.0008744960000000001;0.000868352;0.0009431040000000001;0.000893952
1791172800,hdr,0.0293;0.03906;0.04883;0.05859;0.06836;0.07813;0.08789;0.09766;0.10742;0.11719;0.12695;0.13672;0.14648;0.15625;0.16602;0.17578;0.18555;0.19531;0.20508;0.21484;0.22461;0.23438;0.24414;0.25391;0.26367;0.27344;0.2832;0.29297;0.30273;0.3125;0.32227;0.33203;0.3418;0.35156;0.36133;0.37109;0.38086;0.39063;0.40039;0.41016;0.41992;0.42969;0.43945;0.44922;0.45898;0.46875;0.47852;0.48828;0.49805;0.50781;0.51758;0.52734;0.53711;0.54688;0.55664;0.56641;0.57617;0.58594;0.5957;0.60547;0.61523;0.625;0.63477;0.64453;0.6543;0.66406;0.67383;0.68359;0.69336;0.70313;0.71289;0.72266;0.73242;0.74219;0.75195;0.76172;0.77148;0.78125;0.79102,0.003099648;0.003757056;0.006089728;0.007937024;0.025261056;0.021483519999999996;0.01010176;0.018770944;0.029768703999999997;0.021700608;0.007641088;0.0055480320000000005;0.006553600000000001;0.018429952;0.032008192000000005;0.060423168;0.080505856;0.077119488;0.08274124799999999;0.091757568;0.07309926400000001;0.04061696;0.044409856;0.044752896;0.042165248;0.032275456;0.038360064;0.030967808;0.052467712;0.056660992;0.032718848;0.016032768;0.01276416;0.017610752;0.021342207999999998;0.017167359999999996;0.010556416;0.009092096;0.011613184;0.008217599999999999;0.00451584;0.006367232;0.005218304;0.003924992;0.004534272;0.004130816000000001;0.0029163519999999997;0.002706432;0.002704384;0.003462144;0.004529152;0.003279872;0.001683456;0.002151424;0.00327168;0.0030371839999999996;0.004349952;0.004680704000000001;0.00387072;0.002622464;0.0023439359999999996;0.003079168;0.002635776;0.001774592;0.001406976;0.001574912;0.001652736;0.001534976;0.001619968;0.001618944;0.001649664;0.0018810880000000002;0.001728512;0.001202176;0.00087552;0.001055744;0.001089536;0.00093696;0.000823296
1791173700,hdr,0.0293;0.03906;0.04883;0.05859;0.06836;0.07813;0.08789;0.09766;0.10742;0.11719;0.12695;0.13672;0.14648;0.15625;0.16602;0.17578;0.18555;0.19531;0.20508;0.21484;0.22461;0.23438;0.24414;0.25391;0.26367;0.27344;0.2832;0.29297;0.30273;0.3125;0.32227;0.33203;0.3418;0.35156;0.36133;0.37109;0.38086;0.39063;0.40039;0.41016;0.41992;0.42969;0.43945;0.44922;0.45898;0.46875;0.47852;0.48828;0.49805;0.50781;0.51758;0.52734;0.53711;0.54688;0.55664;0.56641;0.57617;0.58594;0.5957;0.60547;0.61523;0.625;0.63477;0.64453;0.6543;0.66406;0.67383;0.68359;0.69336;0.70313;0.71289;0.72266;0.73242;0.74219;0.75195;0.76172;0.77148;0.78125;0.79102,0.002139136;0.004729856;0.008793088;0.006497279999999999;0.011671552;0.013538304;0.017542144;0.017350656;0.019781631999999997;0.03099648;0.016560128;0.006955008;0.00526336;0.012802047999999998;0.021900288;0.056710144;0.09475686399999998;0.089595904;0.137951232;0.127173632;0.07615488000000001;0.055087104;0.040899583999999996;0.041428992;0.043872256;0.03397734400000001;0.026285056;0.034917376;0.042310656;0.048437248;0.029839360000000002;0.022345728000000002;0.017122304;0.010396672000000001;0.015668224;0.011858944;0.014282752000000001;0.009254911999999999;0.006498304;0.005116928;0.007564288000000001;0.009848832;0.008482815999999999;0.007018496;0.0054784;0.00404992;0.004023296;0.005941248;0.004768768;0.0033617919999999997;0.002328576;0.004388863999999999;0.004517888;0.004303872;0.002352128;0.002499584;0.002217984;0.002163712;0.002820096;0.00406528;0.0021524480000000004;0.001970176;0.0026685439999999997;0.002372608;0.0011796480000000002;0.001902592;0.0025405440000000005;0.001603584;0.001928192;0.0014745600000000002;0.001040384;0.001420288;0.001517568;0.001447936;0.00101376;0.00100352;0.0011489279999999998;0.0007925759999999999;0.0008458240000000001
1791174600,hdr,0.0293;0.03906;0.04883;0.05859;0.06836;0.07813;0.08789;0.09766;0.10742;0.11719;0.12695;0.13672;0.14648;0.15625;0.16602;0.17578;0.18555;0.19531;0.20508;0.21484;0.22461;0.23438;0.24414;0.25391;0.26367;0.27344;0.2832;0.29297;0.30273;0.3125;0.32227;0.33203;0.3418;0.35156;0.36133;0.37109;0.38086;0.39063;0.40039;0.41016;0.41992;0.42969;0.43945;0.44922;0.45898;0.46875;0.47852;0.48828;0.49805;0.50781;0.51758;0.52734;0.53711;0.54688;0.55664;0.56641;0.57617;0.58594;0.5957;0.60547;0.61523;0.625;0.63477;0.64453;0.6543;0.66406;0.67383;0.68359;0.69336;0.70313;0.71289;0.72266;0.73242;0.74219;0.75195;0.76172;0.77148;0.78125;0.79102,0.006135808;0.00760832;0.005557248000000001;0.00799232;0.017666048;0.019212288;0.012517376;0.023136256;0.037408768;0.043092992000000004;0.020795392;0.0055060479999999995;0.006358016;0.010771456;0.030882816;0.072440832;0.102683648;0.125307904;0.124266496;0.103798784;0.07357132799999999;0.07418367999999999;0.061987839999999995;0.057391104;0.037209088;0.024505344000000002;0.028531712;0.024222719999999996;0.026184704000000003;0.026196992000000002;0.018605056000000002;0.016155647999999998;0.011992063999999998;0.013372416;0.009449472;0.0146688;0.013182976;0.012730368;0.012127232;0.009683968000000001;0.007407616;0.005439488;0.004687871999999999;0.004962303999999999;0.006198272;0.008471552000000002;0.006808576;0.003559424;0.004184064;0.00485376;0.003944448;0.002419712;0.001929216;0.0020930559999999994;0.00338944;0.003649536;0.0022558720000000003;0.00200192;0.002550784;0.00254464;0.002589696;0.0021217280000000002;0.002859008;0.0030207999999999997;0.0020572159999999997;0.001983488;0.000932864;0.00118784;0.0013056;0.001544192;0.00137728;0.0008110079999999999;0.000897024;0.0009727999999999999;0.0008509440000000001;0.000996352;0.0008355839999999999;0.000714752;0.00083968
1791175500,hdr,0.0293;0.03906;0.04883;0.05859;0.06836;0.07813;0.08789;0.09766;0.10742;0.11719;0.12695;0.13672;0.14648;0.15625;0.16602;0.17578;0.18555;0.19531;0.20508;0.21484;0.22461;0.23438;0.24414;0.25391;0.26367;0.27344;0.2832;0.29297;0.30273;0.3125;0.32227;0.33203;0.3418;0.35156;0.36133;0.37109;0.38086;0.39063;0.40039;0.41016;0.41992;0.42969;0.43945;0.44922;0.45898;0.46875;0.47852;0.48828;0.49805;0.50781;0.51758;0.52734;0.53711;0.54688;0.55664;0.56641;0.57617;0.58594;0.5957;0.60547;0.61523;0.625;0.63477;0.64453;0.6543;0.66406;0.67383;0.68359;0.69336;0.70313;0.71289;0.72266;0.73242;0.74219;0.75195;0.76172;0.77148;0.78125;0.79102,0.00272896;0.007247872000000001;0.0069601279999999995;0.011021312;0.033911807999999995;0.020767743999999998;0.009701376;0.01788928;0.022329343999999997;0.024604672;0.016574464;0.008077312;0.005689344;0.015908863999999998;0.028587008;0.069397504;0.111188992;0.108286976;0.07635456000000002;0.052826112;0.039632896;0.042730496;0.06813696000000001;0.04374630400000001;0.043657216;0.050935808000000006;0.043904;0.02935296;0.027377664;0.019894272;0.018478079999999997;0.014990336;0.012488704;0.012592128000000001;0.009779199999999998;0.009064448000000001;0.010175488;0.011880448;0.00906752;0.009491456;0.009440256;0.004667392000000001;0.005063679999999999;0.0046540800000000005;0.004172799999999999;0.004386816;0.0037550080000000002;0.0018923520000000001;0.003386368;0.00444928;0.00341504;0.0020121600000000003;0.002070528;0.0028436480000000003;0.0027904;0.0022026240000000002;0.001304576;0.001656832;0.0020490240000000004;0.002274304;0.002116608;0.00203776;0.0022015999999999997;0.0014581759999999998;0.001655808;0.0021626880000000003;0.001779712;0.001265664;0.0011694079999999998;0.001301504;0.001447936;0.000799744;0.0008447999999999999;0.0007936;0.000717824;0.000544768;0.000687104;0.0006225919999999999;0.0006932479999999999
1791176400,hdr,0.0293;0.03906;0.04883;0.05859;0.06836;0.07813;0.08789;0.09766;0.10742;0.11719;0.12695;0.13672;0.14648;0.15625;0.16602;0.17578;0.18555;0.19531;0.20508;0.21484;0.22461;0.23438;0.24414;0.25391;0.26367;0.27344;0.2832;0.29297;0.30273;0.3125;0.32227;0.33203;0.3418;0.35156;0.36133;0.37109;0.38086;0.39063;0.40039;0.41016;0.41992;0.42969;0.43945;0.44922;0.45898;0.46875;0.47852;0.48828;0.49805;0.50781;0.51758;0.52734;0.53711;0.54688;0.55664;0.56641;0.57617;0.58594;0.5957;0.60547;0.61523;0.625;0.63477;0.64453;0.6543;0.66406;0.67383;0.68359;0.69336;0.70313;0.71289;0.72266;0.73242;0.74219;0.75195;0.76172;0.77148;0.78125;0.79102,0.005581824000000001;0.007604224000000001;0.004569088;0.004723712;0.012314624;0.011749376;0.008653824000000001;0.01518592;0.025817088;0.031885312;0.018430976;0.008340479999999999;0.006246400000000001;0.008841215999999999;0.016402432;0.043071488000000005;0.11608473600000001;0.109418496;0.062621696;0.07721881600000001;0.09857843200000001;0.074358784;0.062560256;0.042735616000000004;0.032685056000000004;0.031589376;0.029011968;0.025679872;0.026575872;0.028537856;0.034784256;0.030035968;0.018317312000000002;0.015101952000000002;0.009776128;0.009131008;0.009921536;0.007902207999999999;0.007523328;0.010496;0.007940095999999999;0.008311807999999999;0.005745664;0.006682624;0.0059791359999999995;0.00321024;0.002105344;0.0020582400000000002;0.001787904;0.003122176;0.003922944;0.002907136;0.001917952;0.0018944;0.001716224;0.002011136;0.00165376;0.001956864;0.002180096;0.002816;0.002171904;0.0011264;0.001024;0.00113152;0.0014796800000000001;0.0011673599999999999;0.001022976;0.0010598399999999998;0.0010813440000000001;0.0010178560000000001;0.000451584;0.000738304;0.00075776;0.000690176;0.0005642239999999999;0.0006277120000000001;0.00054272;0.000605184;0.000621568
1791177300,hdr,0.0293;0.03906;0.04883;0.05859;0.06836;0.07813;0.08789;0.09766;0.10742;0.11719;0.12695;0.13672;0.14648;0.15625;0.16602;0.17578;0.18555;0.19531;0.20508;0.21484;0.22461;0.23438;0.24414;0.25391;0.26367;0.27344;0.2832;0.29297;0.30273;0.3125;0.32227;0.33203;0.3418;0.35156;0.36133;0.37109;0.38086;0.39063;0.40039;0.41016;0.41992;0.42969;0.43945;0.44922;0.45898;0.46875;0.47852;0.48828;0.49805;0.50781;0.51758;0.52734;0.53711;0.54688;0.55664;0.56641;0.57617;0.58594;0.5957;0.60547;0.61523;0.625;0.63477;0.64453;0.6543;0.66406;0.67383;0.68359;0.69336;0.70313;0.71289;0.72266;0.73242;0.74219;0.75195;0.76172;0.77148;0.78125;0.79102,0.0102144;0.008876032;0.004517888;0.015371263999999999;0.032282624;0.01315328;0.010375167999999999;0.025273344;0.035576832;0.032699392;0.021158912000000002;0.01266688;0.00836608;0.011746304;0.021242880000000002;0.029224959999999998;0.052248576;0.100446208;0.08083865600000001;0.046897152000000004;0.057853952;0.066781184;0.053040128000000006;0.037659648;0.027721727999999998;0.014760960000000002;0.017087488;0.01509376;0.021755904000000003;0.024523776;0.01644032;0.017931264;0.0122112;0.014618624;0.010732544;0.01207296;0.007634943999999999;0.010458111999999999;0.008347648;0.007834624;0.010064895999999999;0.00723968;0.00628736;0.005901312;0.0050401280000000005;0.002500608;0.002704384;0.00415744;0.003641344;0.003493888;0.0037591039999999997;0.002337792;0.002432;0.003554304;0.003366912;0.001641472;0.0012789759999999998;0.0014878720000000001;0.001872896;0.0015513600000000001;0.001662976;0.0011909120000000001;0.0010680320000000002;0.001333248;0.001293312;0.00101888;0.001021952;0.000816128;0.000775168;0.000512;0.0005601279999999999;0.000631808;0.000582656;0.000606208;0.000594944;0.00037888;0.000503808;0.000611328;0.0006963200000000001
1791178200,hdr,0.0293;0.03906;0.04883;0.05859;0.06836;0.07813;0.08789;0.09766;0.10742;0.11719;0.12695;0.13672;0.14648;0.15625;0.16602;0.17578;0.18555;0.19531;0.20508;0.21484;0.22461;0.23438;0.24414;0.25391;0.26367;0.27344;0.2832;0.29297;0.30273;0.3125;0.32227;0.33203;0.3418;0.35156;0.36133;0.37109;0.38086;0.39063;0.40039;0.41016;0.41992;0.42969;0.43945;0.44922;0.45898;0.46875;0.47852;0.48828;0.49805;0.50781;0.51758;0.52734;0.53711;0.54688;0.55664;0.56641;0.57617;0.58594;0.5957;0.60547;0.61523;0.625;0.63477;0.64453;0.6543;0.66406;0.67383;0.68359;0.69336;0.70313;0.71289;0.72266;0.73242;0.74219;0.75195;0.76172;0.77148;0.78125;0.79102,0.007236608;0.011871232;0.012650496;0.011670527999999998;0.01541632;0.013782016;0.007924736;0.021793792000000003;0.039121920000000004;0.049733632;0.021571584;0.006616064;0.006311936000000001;0.007983104;0.020815872;0.03313664;0.103553024;0.08916992;0.062974976;0.08054476800000002;0.06168883199999999;0.058984448;0.050372608;0.032263168;0.020882432;0.031005696;0.028527616;0.018910208;0.018204671999999998;0.015263744000000001;0.01017856;0.019485696;0.017866752;0.013152256;0.011390976;0.009840640000000001;0.007236608;0.008090624;0.01082368;0.0072806400000000005;0.0057477119999999994;0.006150144000000001;0.005271552;0.005644288000000001;0.003941376;0.003040256;0.004464640000000001;0.003382272;0.0020500479999999996;0.001603584;0.0020418560000000003;0.0022947840000000002;0.002321408;0.0028395519999999995;0.0022640639999999997;0.002044928;0.001524736;0.001837056;0.002019328;0.0013035520000000001;0.001267712;0.001248256;0.001409024;0.001096704;0.00096768;0.0014735360000000001;0.001117184;0.000620544;0.00057856;0.000712704;0.0006277120000000001;0.0006819840000000001;0.000606208;0.00048742400000000003;0.00039731200000000003;0.000449536;0.00043315199999999996;0.00048742400000000003;0.0004956159999999999
1791179100,hdr,0.0293;0.03906;0.04883;0.05859;0.06836;0.07813;0.08789;0.09766;0.10742;0.11719;0.12695;0.13672;0.14648;0.15625;0.16602;0.17578;0.18555;0.19531;0.20508;0.21484;0.22461;0.23438;0.24414;0.25391;0.26367;0.27344;0.2832;0.29297;0.30273;0.3125;0.32227;0.33203;0.3418;0.35156;0.36133;0.37109;0.38086;0.39063;0.40039;0.41016;0.41992;0.42969;0.43945;0.44922;0.45898;0.46875;0.47852;0.48828;0.49805;0.50781;0.51758;0.52734;0.53711;0.54688;0.55664;0.56641;0.57617;0.58594;0.5957;0.60547;0.61523;0.625;0.63477;0.64453;0.6543;0.66406;0.67383;0.68359;0.69336;0.70313;0.71289;0.72266;0.73242;0.74219;0.75195;0.76172;0.77148;0.78125;0.79102,0.00433152;0.0059791359999999995;0.004758528000000001;0.018162688;0.029206528;0.012622848;0.013656064;0.02676224;0.036613120000000006;0.024987648;0.016809984;0.009128959999999998;0.00589312;0.011486208;0.016548863999999996;0.056819712;0.14338867200000002;0.172864512;0.14842163199999997;0.08869068799999999;0.09033728000000002;0.09238528;0.06869811199999999;0.043979776;0.037068800000000006;0.027180032;0.017276928;0.025443328;0.024444928;0.019872768;0.014130176000000001;0.014569472;0.014148608;0.010262528;0.009964544;0.00868352;0.010187775999999999;0.012123136;0.011256831999999998;0.007138304;0.00566272;0.004440064;0.00413696;0.004004864;0.004417536;0.0037222400000000004;0.0032471040000000002;0.003263488;0.003644416;0.00311808;0.003249152;0.003347456;0.0034334720000000003;0.003857408;0.0023203839999999996;0.00151552;0.001523712;0.001885184;0.002331648;0.0016168960000000003;0.0014704639999999999;0.0010455039999999998;0.0008601600000000001;0.001328128;0.0016384000000000001;0.0011909120000000001;0.0008355839999999999;0.0006963200000000001;0.00091136;0.000653312;0.00023654400000000002;0.00044646400000000004;0.000740352;0.000656384;0.000569344;0.000638976;0.00035328;0.0005478400000000001;0.0005416959999999999
1791180000,hdr,0.0293;0.03906;0.04883;0.05859;0.06836;0.07813;0.08789;0.09766;0.10742;0.11719;0.12695;0.13672;0.14648;0.15625;0.16602;0.17578;0.18555;0.19531;0.20508;0.21484;0.22461;0.23438;0.24414;0.25391;0.26367;0.27344;0.2832;0.29297;0.30273;0.3125;0.32227;0.33203;0.3418;0.35156;0.36133;0.37109;0.38086;0.39063;0.40039;0.41016;0.41992;0.42969;0.43945;0.44922;0.45898;0.46875;0.47852;0.48828;0.49805;0.50781;0.51758;0.52734;0.53711;0.54688;0.55664;0.56641;0.57617;0.58594;0.5957;0.60547;0.61523;0.625;0.63477;0.64453;0.6543;0.66406;0.67383;0.68359;0.69336;0.70313;0.71289;0.72266;0.73242;0.74219;0.75195;0.76172;0.77148;0.78125;0.79102,0.001193984;0.001856512;0.001050624;0.001846272;0.014655488;0.014082048000000002;0.010344448000000001;0.0158464;0.021658624;0.022137856;0.01969152;0.013344768;0.004898815999999999;0.0075724799999999995;0.017205248;0.06465024;0.1152;0.144210944;0.094468096;0.07466291200000001;0.08237260799999999;0.044356608;0.034226176;0.036987904;0.03129344;0.0279808;0.020981760000000002;0.01742848;0.027365376;0.019396608;0.020201471999999998;0.015524864000000001;0.012014592000000001;0.010728448;0.007187456;0.006771711999999999;0.009423872;0.008958976;0.0091392;0.009877504;0.007460863999999999;0.005316608;0.006223872;0.005436416;0.004502528;0.003315712;0.004215808;0.004688896;0.004025343999999999;0.0024227840000000003;0.0030443519999999997;0.0019824639999999998;0.0019087359999999999;0.001579008;0.001159168;0.0014243840000000001;0.00109056;0.001743872;0.002070528;0.001316864;0.001504256;0.000966656;0.0011427840000000002;0.001106944;0.001165312;0.001002496;0.000992256;0.000933888;0.000726016;0.00048742400000000003;0.000580608;0.00048742400000000003;0.000466944;0.000565248;0.0005713920000000001;0.000380928;0.00042803200000000007;0.000366592;0.00023961599999999998
1791180900,hdr,0.0293;0.03906;0.04883;0.05859;0.06836;0.07813;0.08789;0.09766;0.10742;0.11719;0.12695;0.13672;0.14648;0.15625;0.16602;0.17578;0.18555;0.19531;0.20508;0.21484;0.22461;0.23438;0.24414;0.25391;0.26367;0.27344;0.2832;0.29297;0.30273;0.3125;0.32227;0.33203;0.3418;0.35156;0.36133;0.37109;0.38086;0.39063;0.40039;0.41016;0.41992;0.42969;0.43945;0.44922;0.45898;0.46875;0.47852;0.48828;0.49805;0.50781;0.51758;0.52734;0.53711;0.54688;0.55664;0.56641;0.57617;0.58594;0.5957;0.60547;0.61523;0.625;0.63477;0.64453;0.6543;0.66406;0.67383;0.68359;0.69336;0.70313;0.71289;0.72266;0.73242;0.74219;0.75195;0.76172;0.77148;0.78125;0.79102,0.004912128;0.00830976;0.00494592;0.007940095999999999;0.017281024;0.017695744000000003;0.020476928;0.034777088;0.042540032;0.04115968;0.020937728;0.011174912;0.007322624;0.007540736;0.021267455999999997;0.06958182399999999;0.081948672;0.103602176;0.151037952;0.141812736;0.089776128;0.067707904;0.034101248;0.0326144;0.036482048;0.037417983999999994;0.019993600000000004;0.01691648;0.020037631999999996;0.02210304;0.0177152;0.009579520000000001;0.010360832;0.015644672000000002;0.016668672000000002;0.0108032;0.012099584;0.011617279999999999;0.006027264;0.0060856320000000005;0.006501376;0.0059340799999999996;0.00676864;0.004529152;0.003729408;0.005236736;0.003504128;0.00202752;0.0020490240000000004;0.00357376;0.003038208;0.002692096;0.0025405440000000005;0.002509824;0.0018360320000000002;0.001820672;0.001337344;0.00119808;0.00151552;0.0010803199999999998;0.000781312;0.000666624;0.0010946560000000003;0.001041408;0.000781312;0.000504832;0.00047308800000000003;0.0005478400000000001;0.00077312;0.0007833599999999999;0.000700416;0.000577536;0.000723968;0.000719872;0.0005754880000000001;0.000512;0.000375808;0.00034304;0.000442368
1791181800,hdr,0.0293;0.03906;0.04883;0.05859;0.06836;0.07813;0.08789;0.09766;0.10742;0.11719;0.12695;0.13672;0.14648;0.15625;0.16602;0.17578;0.18555;0.19531;0.20508;0.21484;0.22461;0.23438;0.24414;0.25391;0.26367;0.27344;0.2832;0.29297;0.30273;0.3125;0.32227;0.33203;0.3418;0.35156;0.36133;0.37109;0.38086;0.39063;0.40039;0.41016;0.41992;0.42969;0.43945;0.44922;0.45898;0.46875;0.47852;0.48828;0.49805;0.50781;0.51758;0.52734;0.53711;0.54688;0.55664;0.56641;0.57617;0.58594;0.5957;0.60547;0.61523;0.625;0.63477;0.64453;0.6543;0.66406;0.67383;0.68359;0.69336;0.70313;0.71289;0.72266;0.73242;0.74219;0.75195;0.76172;0.77148;0.78125;0.79102,0.002962432;0.005056512;0.009869312;0.01343488;0.02231296;0.021669887999999998;0.018637823999999997;0.028614656;0.029731839999999995;0.02637312;0.018267136000000003;0.009605119999999998;0.004668415999999999;0.0066816;0.029891584000000002;0.065379328;0.1321984;0.158660608;0.119641088;0.060803072;0.05671936;0.03238912;0.02398208;0.033359872000000006;0.036414464;0.03817062399999999;0.02593792;0.018070528;0.013201408000000001;0.011531264000000001;0.019645440000000004;0.022922239999999997;0.018751487999999997;0.021164032;0.019096575999999997;0.012772351999999999;0.009805824;0.006421504;0.006311936000000001;0.006767616;0.005041152;0.004282368000000001;0.003166208;0.0036392959999999998;0.0040448;0.002527232;0.004282368000000001;0.0035706880000000002;0.002469888;0.0027740160000000002;0.003756032;0.0029163519999999997;0.0017152;0.0027217920000000002;0.002060288;0.001416192;0.0015544320000000001;0.0010598399999999998;0.001021952;0.001281024;0.001110016;0.000613376;0.000483328;0.000894976;0.000941056;0.0011007999999999999;0.000712704;0.000528384;0.0005376000000000001;0.000651264;0.00091136;0.0007116799999999999;0.000420864;0.000346112;0.00047001599999999997;0.000284672;0.000321536;0.000408576;0.000345088
1791182700,hdr,0.0293;0.03906;0.04883;0.05859;0.06836;0.07813;0.08789;0.09766;0.10742;0.11719;0.12695;0.13672;0.14648;0.15625;0.16602;0.17578;0.18555;0.19531;0.20508;0.21484;0.22461;0.23438;0.24414;0.25391;0.26367;0.27344;0.2832;0.29297;0.30273;0.3125;0.32227;0.33203;0.3418;0.35156;0.36133;0.37109;0.38086;0.39063;0.40039;0.41016;0.41992;0.42969;0.43945;0.44922;0.45898;0.46875;0.47852;0.48828;0.49805;0.50781;0.51758;0.52734;0.53711;0.54688;0.55664;0.56641;0.57617;0.58594;0.5957;0.60547;0.61523;0.625;0.63477;0.64453;0.6543;0.66406;0.67383;0.68359;0.69336;0.70313;0.71289;0.72266;0.73242;0.74219;0.75195;0.76172;0.77148;0.78125;0.79102,0.002813952;0.005977087999999999;0.005446656;0.011265024000000002;0.026360831999999997;0.030638079999999998;0.025834496000000002;0.026424320000000005;0.018991103999999998;0.032838656;0.029417472;0.019234816;0.010483712000000001;0.007578624;0.020811775999999997;0.053710848;0.111601664;0.132681728;0.12355072;0.070930432;0.046473216;0.063647744;0.035203072;0.027933696;0.022612992;0.02043392;0.027209728;0.02567168;0.0253696;0.017651712;0.019873792;0.020078592;0.018953216000000002;0.014111744;0.010370048000000002;0.009089024;0.008204288;0.008588288000000001;0.007332864;0.0052019200000000005;0.006913024;0.007282688;0.005132288;0.004358144;0.0030300159999999995;0.0032501760000000005;0.002955264;0.003607552;0.003136512;0.002061312;0.002423808;0.00171008;0.00142848;0.001431552;0.001391616;0.00175104;0.001685504;0.0012400640000000001;0.001103872;0.0014827520000000002;0.0011468799999999999;0.0008622079999999999;0.000903168;0.0012185600000000003;0.0007219199999999999;0.0006963200000000001;0.000745472;0.0005478400000000001;0.00065536;0.000582656;0.000754688;0.000651264;0.0007249919999999999;0.0005847039999999999;0.0005744639999999999;0.000594944;0.000439296;0.0005416959999999999;0.000513024
1791183600,hdr,0.0293;0.03906;0.04883;0.05859;0.06836;0.07813;0.08789;0.09766;0.10742;0.11719;0.12695;0.13672;0.14648;0.15625;0.16602;0.17578;0.18555;0.19531;0.20508;0.21484;0.22461;0.23438;0.24414;0.25391;0.26367;0.27344;0.2832;0.29297;0.30273;0.3125;0.32227;0.33203;0.3418;0.35156;0.36133;0.37109;0.38086;0.39063;0.40039;0.41016;0.41992;0.42969;0.43945;0.44922;0.45898;0.46875;0.47852;0.48828;0.49805;0.50781;0.51758;0.52734;0.53711;0.54688;0.55664;0.56641;0.57617;0.58594;0.5957;0.60547;0.61523;0.625;0.63477;0.64453;0.6543;0.66406;0.67383;0.68359;0.69336;0.70313;0.71289;0.72266;0.73242;0.74219;0.75195;0.76172;0.77148;0.78125;0.79102,0.001929216;0.002432;0.00513536;0.008553472;0.018545663999999996;0.01585152;0.0179968;0.025440256;0.02801664;0.016150528;0.028336128;0.01936384;0.009613312;0.009459712;0.027592704000000003;0.080795648;0.116178944;0.108156928;0.13078015999999998;0.12954521600000002;0.10584473600000001;0.075797504;0.056039424;0.031331328;0.027009024;0.032188416;0.022745088;0.016024576;0.018045952;0.01961472;0.016264192;0.012987392;0.011313152;0.011033600000000001;0.010867712;0.008722431999999999;0.009389056;0.009821184000000002;0.007970816;0.005921792;0.004803584;0.005091327999999999;0.0038420480000000003;0.004463616;0.003592192;0.0030832639999999996;0.0034416639999999997;0.003690496;0.00239616;0.002409472;0.00247808;0.001529856;0.000989184;0.001412096;0.0015226880000000001;0.001184768;0.001009664;0.001362944;0.0011284479999999998;0.001129472;0.001512448;0.001333248;0.001284096;0.000864256;0.0005232639999999998;0.000644096;0.0007219199999999999;0.000569344;0.00059904;0.000692224;0.000536576;0.000384;0.000456704;0.00040755200000000004;0.000391168;0.000475136;0.0005007359999999999;0.000454656;0.00042598399999999997
1791184500,hdr,0.0293;0.03906;0.04883;0.05859;0.06836;0.07813;0.08789;0.09766;0.10742;0.11719;0.12695;0.13672;0.14648;0.15625;0.16602;0.17578;0.18555;0.19531;0.20508;0.21484;0.22461;0.23438;0.24414;0.25391;0.26367;0.27344;0.2832;0.29297;0.30273;0.3125;0.32227;0.33203;0.3418;0.35156;0.36133;0.37109;0.38086;0.39063;0.40039;0.41016;0.41992;0.42969;0.43945;0.44922;0.45898;0.46875;0.47852;0.48828;0.49805;0.50781;0.51758;0.52734;0.53711;0.54688;0.55664;0.56641;0.57617;0.58594;0.5957;0.60547;0.61523;0.625;0.63477;0.64453;0.6543;0.66406;0.67383;0.68359;0.69336;0.70313;0.71289;0.72266;0.73242;0.74219;0.75195;0.76172;0.77148;0.78125;0.79102,0.0009144320000000001;0.002003968;0.0024616959999999998;0.004413439999999999;0.030217216;0.04616704;0.015625216;0.021194752;0.031968256;0.032490496;0.017291264000000004;0.017759232;0.015616;0.022008832000000002;0.025915392;0.06688972800000001;0.12620595199999998;0.10687283200000001;0.117274624;0.1335552;0.08122982399999999;0.08077004800000001;0.079178752;0.053462015999999994;0.032446464;0.031814656;0.025358336000000002;0.032023552000000004;0.033014784;0.021932032;0.014824448;0.009544704;0.0109568;0.011409408000000001;0.013627392;0.008491008000000001;0.0035778560000000004;0.00430592;0.0038307840000000003;0.003422208;0.0068474880000000005;0.0065187840000000006;0.0036433919999999996;0.0024145919999999997;0.002444288;0.003278848;0.002794496;0.002443264;0.00293888;0.002656256;0.001907712;0.001271808;0.0013312;0.001512448;0.0013475839999999998;0.0012646399999999998;0.001403904;0.001014784;0.000937984;0.000907264;0.000968704;0.000651264;0.0005713920000000001;0.0010516479999999999;0.001005568;0.000758784;0.00039423999999999997;0.00043315199999999996;0.000516096;0.00048025600000000003;0.000521216;0.000485376;0.0005877759999999999;0.000534528;0.00036147200000000005;0.000637952;0.000745472;0.000843776;0.000787456
1791185400,hdr,0.0293;0.03906;0.04883;0.05859;0.06836;0.07813;0.08789;0.09766;0.10742;0.11719;0.12695;0.13672;0.14648;0.15625;0.16602;0.17578;0.18555;0.19531;0.20508;0.21484;0.22461;0.23438;0.24414;0.25391;0.26367;0.27344;0.2832;0.29297;0.30273;0.3125;0.32227;0.33203;0.3418;0.35156;0.36133;0.37109;0.38086;0.39063;0.40039;0.41016;0.41992;0.42969;0.43945;0.44922;0.45898;0.46875;0.47852;0.48828;0.49805;0.50781;0.51758;0.52734;0.53711;0.54688;0.55664;0.56641;0.57617;0.58594;0.5957;0.60547;0.61523;0.625;0.63477;0.64453;0.6543;0.66406;0.67383;0.68359;0.69336;0.70313;0.71289;0.72266;0.73242;0.74219;0.75195;0.76172;0.77148;0.78125;0.79102,0.0011151359999999999;0.002832384;0.002945024;0.004012032;0.02225152;0.031367168;0.01581056;0.019153919999999998;0.03239526399999999;0.030040064000000002;0.019936256000000003;0.013391871999999999;0.010704896;0.015423488;0.04345856;0.082603008;0.153959424;0.125437952;0.104204288;0.10840780800000001;0.112635904;0.07652864;0.041967616;0.029733888;0.035975167999999995;0.028596224;0.016117760000000002;0.012187647999999999;0.017137664;0.023305216;0.023174143999999997;0.01575936;0.016856063999999997;0.008909824;0.008866816000000001;0.009449472;0.00932864;0.005891072;0.004685824000000001;0.004736;0.004698112;0.003919872;0.0027904;0.0022906879999999995;0.002238464;0.002096128;0.003221504;0.0040642560000000005;0.003733504;0.0037621760000000003;0.002451456;0.0017735679999999999;0.0018923520000000001;0.001778688;0.0017244159999999999;0.0015165439999999999;0.0012871680000000002;0.001288192;0.000881664;0.001073152;0.0010496000000000001;0.0005847039999999999;0.00090112;0.0009543679999999999;0.0010956800000000001;0.001052672;0.0008192000000000001;0.000771072;0.000917504;0.0007280640000000001;0.000576512;0.00050688;0.00039628799999999996;0.00030412799999999997;0.000494592;0.000463872;0.000393216;0.000439296;0.000529408
1791186300,hdr,0.0293;0.03906;0.04883;0.05859;0.06836;0.07813;0.08789;0.09766;0.10742;0.11719;0.12695;0.13672;0.14648;0.15625;0.16602;0.17578;0.18555;0.19531;0.20508;0.21484;0.22461;0.23438;0.24414;0.25391;0.26367;0.27344;0.2832;0.29297;0.30273;0.3125;0.32227;0.33203;0.3418;0.35156;0.36133;0.37109;0.38086;0.39063;0.40039;0.41016;0.41992;0.42969;0.43945;0.44922;0.45898;0.46875;0.47852;0.48828;0.49805;0.50781;0.51758;0.52734;0.53711;0.54688;0.55664;0.56641;0.57617;0.58594;0.5957;0.60547;0.61523;0.625;0.63477;0.64453;0.6543;0.66406;0.67383;0.68359;0.69336;0.70313;0.71289;0.72266;0.73242;0.74219;0.75195;0.76172;0.77148;0.78125;0.79102,0.0008591359999999999;0.0048609280000000005;0.006873087999999999;0.006147071999999999;0.010739712000000002;0.010815488;0.010185728;0.025238528;0.031623168;0.031181824;0.028372992;0.021584896;0.012911616;0.017440768;0.035712;0.09951539200000001;0.19377049600000001;0.24139264000000002;0.1837056;0.130330624;0.107145216;0.079681536;0.053513216;0.04325376;0.04713574400000001;0.034164735999999994;0.032779263999999995;0.028394495999999998;0.019401728;0.011230207999999998;0.011275263999999998;0.009174016;0.013001727999999999;0.010436608;0.0078848;0.008723456000000001;0.006448128;0.0027740160000000002;0.00336896;0.00533504;0.006164480000000001;0.003288064;0.0032276479999999996;0.00353792;0.003301376;0.003365888;0.0030300159999999995;0.002369536;0.0025077759999999998;0.0027586560000000004;0.0017674240000000003;0.001564672;0.0023470080000000003;0.001779712;0.001574912;0.001212416;0.001425408;0.000884736;0.001184768;0.0008663039999999999;0.0009615359999999999;0.000813056;0.000933888;0.000905216;0.0005898240000000001;0.00057856;0.0007423999999999999;0.0006041600000000001;0.000611328;0.00039731200000000003;0.00047104000000000004;0.000760832;0.000641024;0.00043315199999999996;0.000466944;0.000505856;0.0004352;0.000415744;0.000475136
1791187200,hdr,0.0293;0.03906;0.04883;0.05859;0.06836;0.07813;0.08789;0.09766;0.10742;0.11719;0.12695;0.13672;0.14648;0.15625;0.16602;0.17578;0.18555;0.19531;0.20508;0.21484;0.22461;0.23438;0.24414;0.25391;0.26367;0.27344;0.2832;0.29297;0.30273;0.3125;0.32227;0.33203;0.3418;0.35156;0.36133;0.37109;0.38086;0.39063;0.40039;0.41016;0.41992;0.42969;0.43945;0.44922;0.45898;0.46875;0.47852;0.48828;0.49805;0.50781;0.51758;0.52734;0.53711;0.54688;0.55664;0.56641;0.57617;0.58594;0.5957;0.60547;0.61523;0.625;0.63477;0.64453;0.6543;0.66406;0.67383;0.68359;0.69336;0.70313;0.71289;0.72266;0.73242;0.74219;0.75195;0.76172;0.77148;0.78125;0.79102,0.001572864;0.003938304;0.007319552;0.005434368;0.017966080000000002;0.0153088;0.007804928;0.034942976;0.03829760000000001;0.04111052800000001;0.032647168000000004;0.017263616;0.01279488;0.020963328;0.03896832;0.108668928;0.135221248;0.2020864;0.20710502399999997;0.15404544;0.11511910399999999;0.098305024;0.067069952;0.057059328;0.046772224;0.041314303999999996;0.02477568;0.022196224;0.01689088;0.012581888;0.012731392;0.01150464;0.016761856000000002;0.010156031999999999;0.01167872;0.013011967999999999;0.008675328;0.006763519999999999;0.004887552000000001;0.00539648;0.004133888;0.003278848;0.00360448;0.003043328;0.00299008;0.002036736;0.002092032;0.0018923520000000001;0.0016670720000000001;0.001540096;0.001572864;0.001696768;0.001672192;0.000990208;0.0015165439999999999;0.0012318720000000002;0.001147904;0.0012871680000000002;0.001132544;0.000736256;0.000795648;0.0009021439999999999;0.00068608;0.000637952;0.00081408;0.000720896;0.0005836799999999999;0.00046796800000000003;0.0009431040000000001;0.000858112;0.00031232;0.000351232;0.000879616;0.0005406720000000001;0.00030003200000000004;0.000557056;0.0008601600000000001;0.000582656;0.00040345599999999995
1791188100,hdr,0.0293;0.03906;0.04883;0.05859;0.06836;0.07813;0.08789;0.09766;0.10742;0.11719;0.12695;0.13672;0.14648;0.15625;0.16602;0.17578;0.18555;0.19531;0.20508;0.21484;0.22461;0.23438;0.24414;0.25391;0.26367;0.27344;0.2832;0.29297;0.30273;0.3125;0.32227;0.33203;0.3418;0.35156;0.36133;0.37109;0.38086;0.39063;0.40039;0.41016;0.41992;0.42969;0.43945;0.44922;0.45898;0.46875;0.47852;0.48828;0.49805;0.50781;0.51758;0.52734;0.53711;0.54688;0.55664;0.56641;0.57617;0.58594;0.5957;0.60547;0.61523;0.625;0.63477;0.64453;0.6543;0.66406;0.67383;0.68359;0.69336;0.70313;0.71289;0.72266;0.73242;0.74219;0.75195;0.76172;0.77148;0.78125;0.79102,0.000178176;0.001820672;0.001973248;0.0032133120000000003;0.013686784;0.012841984;0.010660863999999999;0.02819584;0.038678528;0.024621056;0.027625471999999998;0.019170304;0.014585856;0.028489728;0.05508096;0.105944064;0.18330521600000002;0.189860864;0.16679936;0.16391475199999997;0.127817728;0.0832;0.07125503999999999;0.046160896;0.034955264;0.032834560000000006;0.042299392;0.051678207999999996;0.039162880000000004;0.017414144;0.016521216000000002;0.015796224;0.015341568000000002;0.01634816;0.012585984;0.009020416000000002;0.005279743999999999;0.004851712;0.006228992;0.00433152;0.003923968;0.004658176;0.005024768;0.002691072;0.00185856;0.002225152;0.002397184;0.0018012159999999998;0.001989632;0.001929216;0.002148352;0.001486848;0.001373184;0.001408;0.0015697920000000002;0.001529856;0.0014213119999999999;0.001097728;0.00101376;0.0006277120000000001;0.0005888;0.000557056;0.000507904;0.000712704;0.000774144;0.000774144;0.0007772160000000001;0.0006502400000000001;0.0006952960000000001;0.000499712;0.000401408;0.00040960000000000004;0.000628736;0.000528384;0.000482304;0.000457728;0.000371712;0.000423936;0.000457728
1791189000,hdr,0.0293;0.03906;0.04883;0.05859;0.06836;0.07813;0.08789;0.09766;0.10742;0.11719;0.12695;0.13672;0.14648;0.15625;0.16602;0.17578;0.18555;0.19531;0.20508;0.21484;0.22461;0.23438;0.24414;0.25391;0.26367;0.27344;0.2832;0.29297;0.30273;0.3125;0.32227;0.33203;0.3418;0.35156;0.36133;0.37109;0.38086;0.39063;0.40039;0.41016;0.41992;0.42969;0.43945;0.44922;0.45898;0.46875;0.47852;0.48828;0.49805;0.50781;0.51758;0.52734;0.53711;0.54688;0.55664;0.56641;0.57617;0.58594;0.5957;0.60547;0.61523;0.625;0.63477;0.64453;0.6543;0.66406;0.67383;0.68359;0.69336;0.70313;0.71289;0.72266;0.73242;0.74219;0.75195;0.76172;0.77148;0.78125;0.79102,0.001031168;0.0020572159999999997;0.00457216;0.007849984;0.014713855999999999;0.014153727999999999;0.010775551999999999;0.02665472;0.018635776000000003;0.027836416000000003;0.026375167999999997;0.018414592;0.029535232;0.045837312;0.083972096;0.122406912;0.165255168;0.208402432;0.186121216;0.16773632;0.118495232;0.093500416;0.07732326399999999;0.06795366400000001;0.067387392;0.048036864;0.029794304;0.030267392;0.027889664;0.019383296;0.018931712;0.022905856;0.019027968;0.018512896;0.013970432000000001;0.008853503999999998;0.007601152;0.005501952;0.003959808;0.004795392;0.005122048000000001;0.005880831999999999;0.0045772799999999995;0.00505344;0.002967552;0.001796096;0.0012523519999999998;0.001593344;0.001964032;0.001926144;0.00167424;0.00164864;0.0017725439999999998;0.001830912;0.00092672;0.001035264;0.0012318720000000002;0.000799744;0.000894976;0.001410048;0.0010250239999999998;0.0007096320000000001;0.00065536;0.000775168;0.00061952;0.000535552;0.0007843840000000001;0.0006819840000000001;0.000616448;0.000528384;0.000313344;0.000346112;0.000390144;0.000507904;0.00044032;0.0006932479999999999;0.000643072;0.0005724160000000001;0.00061952
1791189900,hdr,0.0293;0.03906;0.04883;0.05859;0.06836;0.07813;0.08789;0.09766;0.10742;0.11719;0.12695;0.13672;0.14648;0.15625;0.16602;0.17578;0.18555;0.19531;0.20508;0.21484;0.22461;0.23438;0.24414;0.25391;0.26367;0.27344;0.2832;0.29297;0.30273;0.3125;0.32227;0.33203;0.3418;0.35156;0.36133;0.37109;0.38086;0.39063;0.40039;0.41016;0.41992;0.42969;0.43945;0.44922;0.45898;0.46875;0.47852;0.48828;0.49805;0.50781;0.51758;0.52734;0.53711;0.54688;0.55664;0.56641;0.57617;0.58594;0.5957;0.60547;0.61523;0.625;0.63477;0.64453;0.6543;0.66406;0.67383;0.68359;0.69336;0.70313;0.71289;0.72266;0.73242;0.74219;0.75195;0.76172;0.77148;0.78125;0.79102,0.0010608640000000001;0.002494464;0.004320256;0.006204416;0.019970047999999997;0.031897600000000005;0.029900799999999998;0.030484479999999998;0.022776831999999997;0.023440384;0.025543679999999996;0.018532352;0.026329088;0.063064064;0.10050969600000001;0.13362688;0.31724032;0.21791539199999999;0.15421440000000003;0.084284416;0.058563583999999995;0.07547392000000001;0.077372416;0.035003392;0.050520063999999996;0.032202751999999994;0.036996096000000006;0.036016128;0.031578112;0.029324288;0.022822912;0.021918720000000003;0.01460736;0.011513856;0.008394752;0.007131136;0.007204863999999999;0.006017024;0.0059740159999999995;0.006493184;0.006294528;0.004486144;0.003423232;0.001783808;0.0032890880000000003;0.004525056;0.0023173119999999998;0.001864704;0.002055168;0.0021196799999999997;0.001618944;0.0011161600000000002;0.00151552;0.0022015999999999997;0.0024616959999999998;0.0014530559999999999;0.0012308479999999999;0.001308672;0.002072576;0.001907712;0.001065984;0.0006502400000000001;0.000879616;0.0007843840000000001;0.000831488;0.001050624;0.001232896;0.0011776;0.00091136;0.0005877759999999999;0.00040550399999999994;0.00028774400000000004;0.00052736;0.000750592;0.00051712;0.000459776;0.0006123519999999999;0.0006993920000000001;0.00070656
1791190800,hdr,0.0293;0.03906;0.04883;0.05859;0.06836;0.07813;0.08789;0.09766;0.10742;0.11719;0.12695;0.13672;0.14648;0.15625;0.16602;0.17578;0.18555;0.19531;0.20508;0.21484;0.22461;0.23438;0.24414;0.25391;0.26367;0.27344;0.2832;0.29297;0.30273;0.3125;0.32227;0.33203;0.3418;0.35156;0.36133;0.37109;0.38086;0.39063;0.40039;0.41016;0.41992;0.42969;0.43945;0.44922;0.45898;0.46875;0.47852;0.48828;0.49805;0.50781;0.51758;0.52734;0.53711;0.54688;0.55664;0.56641;0.57617;0.58594;0.5957;0.60547;0.61523;0.625;0.63477;0.64453;0.6543;0.66406;0.67383;0.68359;0.69336;0.70313;0.71289;0.72266;0.73242;0.74219;0.75195;0.76172;0.77148;0.78125;0.79102,0.0019476480000000002;0.003349504;0.0037928959999999996;0.00422912;0.011722752000000001;0.027701248;0.030285824;0.04399104;0.030913536;0.031382528;0.042206208;0.029872128;0.025499648;0.038183936;0.092689408;0.160862208;0.208434176;0.19164672;0.201176064;0.106671104;0.14686003199999997;0.13299609599999998;0.066702336;0.047977472;0.051759104;0.032318464;0.026211328000000002;0.03206144;0.034125824;0.01929216;0.028440576000000002;0.017581056;0.009501696;0.010491904;0.007419904;0.0066816;0.006974464;0.005956608;0.004747264;0.003429376;0.005385215999999999;0.00553984;0.0055183359999999996;0.0058316800000000005;0.004889599999999999;0.003168256;0.0024832;0.002336768;0.0025077759999999998;0.001870848;0.001702912;0.00097792;0.001316864;0.00142848;0.00125952;0.0013393919999999998;0.0010209280000000002;0.0012288;0.0014151679999999999;0.0010209280000000002;0.000854016;0.0008335360000000001;0.0011161600000000002;0.0006850560000000001;0.0005744639999999999;0.000813056;0.0009359360000000001;0.000654336;0.00051712;0.000663552;0.000569344;0.00064512;0.000510976;0.00052224;0.000553984;0.00029798400000000005;0.00021299199999999998;0.00036864000000000005;0.000504832
1791191700,hdr,0.0293;0.03906;0.04883;0.05859;0.06836;0.07813;0.08789;0.09766;0.10742;0.11719;0.12695;0.13672;0.14648;0.15625;0.16602;0.17578;0.18555;0.19531;0.20508;0.21484;0.22461;0.23438;0.24414;0.25391;0.26367;0.27344;0.2832;0.29297;0.30273;0.3125;0.32227;0.33203;0.3418;0.35156;0.36133;0.37109;0.38086;0.39063;0.40039;0.41016;0.41992;0.42969;0.43945;0.44922;0.45898;0.46875;0.47852;0.48828;0.49805;0.50781;0.51758;0.52734;0.53711;0.54688;0.55664;0.56641;0.57617;0.58594;0.5957;0.60547;0.61523;0.625;0.63477;0.64453;0.6543;0.66406;0.67383;0.68359;0.69336;0.70313;0.71289;0.72266;0.73242;0.74219;0.75195;0.76172;0.77148;0.78125;0.79102,0.00040960000000000004;0.000692224;0.000979968;0.004073472;0.011410432;0.008451072;0.016345088;0.024625151999999997;0.024266752;0.03017216;0.023424;0.027645952;0.0252928;0.039218176;0.09846784;0.243472384;0.24912076800000002;0.15175577599999998;0.17985126399999998;0.099584;0.098377728;0.055659520000000004;0.042722304;0.058554367999999996;0.046737408;0.047379456;0.032869376000000006;0.020698111999999998;0.029411328;0.01949184;0.016462848000000002;0.015162368;0.008610815999999999;0.009914368;0.011640832;0.010276864;0.008459264;0.005276672;0.006486016000000001;0.00471552;0.005400576;0.006995968000000001;0.00278016;0.002584576;0.004137984000000001;0.0042485760000000004;0.004259839999999999;0.003439616;0.002823168;0.0022712319999999998;0.0022599680000000002;0.002011136;0.0023336960000000006;0.002387968;0.0018042879999999998;0.0013926400000000001;0.001312768;0.001696768;0.00150016;0.00160256;0.0014110720000000002;0.0009420800000000001;0.00061952;0.0007096320000000001;0.00068608;0.000692224;0.00047001599999999997;0.000662528;0.0006737919999999999;0.00075264;0.000658432;0.0005744639999999999;0.00044544;0.000400384;0.00031232;0.00024780799999999997;0.000335872;0.00040755200000000004;0.00048127999999999995
1791192600,hdr,0.0293;0.03906;0.04883;0.05859;0.06836;0.07813;0.08789;0.09766;0.10742;0.11719;0.12695;0.13672;0.14648;0.15625;0.16602;0.17578;0.18555;0.19531;0.20508;0.21484;0.22461;0.23438;0.24414;0.25391;0.26367;0.27344;0.2832;0.29297;0.30273;0.3125;0.32227;0.33203;0.3418;0.35156;0.36133;0.37109;0.38086;0.39063;0.40039;0.41016;0.41992;0.42969;0.43945;0.44922;0.45898;0.46875;0.47852;0.48828;0.49805;0.50781;0.51758;0.52734;0.53711;0.54688;0.55664;0.56641;0.57617;0.58594;0.5957;0.60547;0.61523;0.625;0.63477;0.64453;0.6543;0.66406;0.67383;0.68359;0.69336;0.70313;0.71289;0.72266;0.73242;0.74219;0.75195;0.76172;0.77148;0.78125;0.79102,0.000690176;0.0039055360000000003;0.002458624;0.0011735040000000001;0.012838912000000001;0.020037631999999996;0.018398208;0.02344448;0.030925823999999998;0.043841536;0.039615488;0.030542847999999997;0.045671424;0.066808832;0.123681792;0.166884352;0.134371328;0.127028224;0.16100352;0.17008537599999998;0.076955648;0.083079168;0.088128512;0.088045568;0.076991488;0.04832768;0.04219903999999999;0.036384768000000005;0.023640064;0.015041536;0.016857088;0.022538239999999998;0.020353024;0.014503936;0.015782912;0.012071936000000002;0.009558015999999999;0.008398848;0.005931008000000001;0.0040366080000000006;0.0036321279999999997;0.00301568;0.0024903679999999997;0.0044677119999999996;0.0027156479999999998;0.002372608;0.002286592;0.00183808;0.0030781439999999997;0.0029788160000000004;0.002282496;0.002254848;0.001855488;0.0022097920000000004;0.002176;0.00123904;0.001513472;0.001580032;0.0012554240000000002;0.001092608;0.000823296;0.000633856;0.0008488959999999999;0.0008386559999999999;0.00062464;0.0005703679999999999;0.000631808;0.000745472;0.000756736;0.0006604799999999999;0.0005580800000000001;0.000489472;0.00041984;0.00052224;0.000649216;0.000314368;0.000344064;0.000241664;0.00037888
1791193500,hdr,0.0293;0.03906;0.04883;0.05859;0.06836;0.07813;0.08789;0.09766;0.10742;0.11719;0.12695;0.13672;0.14648;0.15625;0.16602;0.17578;0.18555;0.19531;0.20508;0.21484;0.22461;0.23438;0.24414;0.25391;0.26367;0.27344;0.2832;0.29297;0.30273;0.3125;0.32227;0.33203;0.3418;0.35156;0.36133;0.37109;0.38086;0.39063;0.40039;0.41016;0.41992;0.42969;0.43945;0.44922;0.45898;0.46875;0.47852;0.48828;0.49805;0.50781;0.51758;0.52734;0.53711;0.54688;0.55664;0.56641;0.57617;0.58594;0.5957;0.60547;0.61523;0.625;0.63477;0.64453;0.6543;0.66406;0.67383;0.68359;0.69336;0.70313;0.71289;0.72266;0.73242;0.74219;0.75195;0.76172;0.77148;0.78125;0.79102,0.000780288;0.00363008;0.0037304319999999997;0.004227072;0.012080128;0.020830208;0.019595263999999998;0.030142464;0.035544064;0.057171968000000004;0.061588479999999994;0.060097536;0.045476864;0.07725260799999999;0.105496576;0.169187328;0.34703872;0.23229644800000002;0.148180992;0.152213504;0.126568448;0.150386688;0.101443584;0.072434688;0.064569344;0.0573696;0.049854464;0.024266752;0.020284416;0.019078144000000002;0.015963136;0.016874496;0.022656;0.014017536;0.014810112;0.013323264;0.010978304;0.010036224;0.0061255680000000005;0.005559295999999999;0.0045670400000000005;0.004135936;0.0035860479999999997;0.0024381439999999997;0.002353152;0.0020582400000000002;0.002330624;0.002435072;0.002522112;0.0026695679999999998;0.001787904;0.0022241279999999997;0.001742848;0.001380352;0.0011601919999999998;0.000702464;0.001132544;0.00137216;0.0009748480000000001;0.000661504;0.00055296;0.000611328;0.000769024;0.000529408;0.0007884799999999999;0.0004956159999999999;0.00054272;0.00045568;0.000490496;0.000494592;0.00036249599999999997;0.0004986880000000001;0.000550912;0.000384;0.000505856;0.00026521600000000003;0.00030208000000000004;0.00032256;0.000406528
1791194400,hdr,0.0293;0.03906;0.04883;0.05859;0.06836;0.07813;0.08789;0.09766;0.10742;0.11719;0.12695;0.13672;0.14648;0.15625;0.16602;0.17578;0.18555;0.19531;0.20508;0.21484;0.22461;0.23438;0.24414;0.25391;0.26367;0.27344;0.2832;0.29297;0.30273;0.3125;0.32227;0.33203;0.3418;0.35156;0.36133;0.37109;0.38086;0.39063;0.40039;0.41016;0.41992;0.42969;0.43945;0.44922;0.45898;0.46875;0.47852;0.48828;0.49805;0.50781;0.51758;0.52734;0.53711;0.54688;0.55664;0.56641;0.57617;0.58594;0.5957;0.60547;0.61523;0.625;0.63477;0.64453;0.6543;0.66406;0.67383;0.68359;0.69336;0.70313;0.71289;0.72266;0.73242;0.74219;0.75195;0.76172;0.77148;0.78125;0.79102,0.005748736;0.008725504;0.006006783999999999;0.007902207999999999;0.020975616;0.012647424;0.016622592000000002;0.039656448;0.048526336;0.059281407999999994;0.06976512;0.06847795200000001;0.072950784;0.11833344;0.171831296;0.27851776;0.380975104;0.393719808;0.34549759999999996;0.137473024;0.089934848;0.09809612799999999;0.082374656;0.05523968;0.043024384;0.061739008000000005;0.04126207999999999;0.031136768;0.033400832000000005;0.025299968;0.014584832;0.011206656;0.016535552;0.013063168;0.009792512000000001;0.005576704000000001;0.007789568;0.006687744000000001;0.004062208;0.00374784;0.005937152;0.0066662399999999995;0.0050401280000000005;0.0046346239999999995;0.0028549120000000002;0.00231936;0.00265728;0.00270848;0.002299904;0.002824192;0.001824768;0.00207872;0.002304;0.0014827520000000002;0.001158144;0.001137664;0.001426432;0.001098752;0.000766976;0.0008601600000000001;0.000545792;0.000459776;0.0008222720000000001;0.00093696;0.000812032;0.000642048;0.0005416959999999999;0.000607232;0.000664576;0.00046284799999999997;0.000267264;0.00026521600000000003;0.00039628799999999996;0.000411648;0.0005836799999999999;0.000533504;0.00033382400000000003;0.000349184;0.000357376
1791195300,hdr,0.0293;0.03906;0.04883;0.05859;0.06836;0.07813;0.08789;0.09766;0.10742;0.11719;0.12695;0.13672;0.14648;0.15625;0.16602;0.17578;0.18555;0.19531;0.20508;0.21484;0.22461;0.23438;0.24414;0.25391;0.26367;0.27344;0.2832;0.29297;0.30273;0.3125;0.32227;0.33203;0.3418;0.35156;0.36133;0.37109;0.38086;0.39063;0.40039;0.41016;0.41992;0.42969;0.43945;0.44922;0.45898;0.46875;0.47852;0.48828;0.49805;0.50781;0.51758;0.52734;0.53711;0.54688;0.55664;0.56641;0.57617;0.58594;0.5957;0.60547;0.61523;0.625;0.63477;0.64453;0.6543;0.66406;0.67383;0.68359;0.69336;0.70313;0.71289;0.72266;0.73242;0.74219;0.75195;0.76172;0.77148;0.78125;0.79102,0.007863296;0.010727424;0.010267647999999999;0.009276416;0.011867136;0.020760576;0.026387456000000004;0.027853824;0.042896383999999996;0.038243328;0.055035904000000004;0.063130624;0.06624870399999999;0.12960358400000002;0.197766144;0.251099136;0.483536896;0.45167616;0.22473932800000002;0.18032025599999998;0.081313792;0.07183462400000001;0.065539072;0.031464448;0.043104256;0.053005312000000006;0.045136896;0.027731967999999996;0.03069952;0.021864448;0.015489024;0.017447935999999997;0.016098303999999997;0.013326336;0.014302208;0.010785792;0.008853503999999998;0.006967296;0.006035456;0.0048332800000000006;0.003349504;0.0035276800000000005;0.004054016;0.003795968;0.003462144;0.0019466239999999999;0.0022272;0.003161088;0.00242176;0.0017930239999999998;0.001580032;0.002107392;0.00195072;0.001714176;0.001261568;0.001055744;0.0009717759999999999;0.0004986880000000001;0.000630784;0.0006973439999999999;0.000475136;0.000458752;0.000625664;0.000817152;0.00052736;0.000596992;0.000582656;0.000601088;0.000633856;0.000507904;0.000559104;0.00042598399999999997;0.000505856;0.000490496;0.000372736;0.00039628799999999996;0.000356352;0.00021299199999999998;0.00043315199999999996
1791196200,hdr,0.0293;0.03906;0.04883;0.05859;0.06836;0.07813;0.08789;0.09766;0.10742;0.11719;0.12695;0.13672;0.14648;0.15625;0.16602;0.17578;0.18555;0.19531;0.20508;0.21484;0.22461;0.23438;0.24414;0.25391;0.26367;0.27344;0.2832;0.29297;0.30273;0.3125;0.32227;0.33203;0.3418;0.35156;0.36133;0.37109;0.38086;0.39063;0.40039;0.41016;0.41992;0.42969;0.43945;0.44922;0.45898;0.46875;0.47852;0.48828;0.49805;0.50781;0.51758;0.52734;0.53711;0.54688;0.55664;0.56641;0.57617;0.58594;0.5957;0.60547;0.61523;0.625;0.63477;0.64453;0.6543;0.66406;0.67383;0.68359;0.69336;0.70313;0.71289;0.72266;0.73242;0.74219;0.75195;0.76172;0.77148;0.78125;0.79102,0.002456576;0.0045056;0.004402176;0.00318464;0.014481408;0.025515008000000002;0.018302976000000002;0.039618560000000004;0.063004672;0.07639961599999999;0.090200064;0.095712256;0.073423872;0.255632384;0.32472780799999995;0.25642188800000004;0.23246745600000002;0.190101504;0.212632576;0.186194944;0.143937536;0.14611353600000002;0.10783539199999999;0.065262592;0.046698496;0.036712448;0.026318848;0.02878464;0.024423424;0.021563392;0.017618944;0.023026688;0.016548863999999996;0.01639424;0.020537344000000003;0.015240192000000001;0.011119616;0.009704448;0.008809472;0.004570112;0.004917248;0.005363712;0.0029839359999999995;0.004722688;0.00413696;0.002962432;0.0033546239999999996;0.002477056;0.001550336;0.00136704;0.001031168;0.001391616;0.001765376;0.001538048;0.0016179200000000001;0.002192384;0.001915904;0.00137216;0.001298432;0.0007075839999999999;0.0008622079999999999;0.001127424;0.000843776;0.000840704;0.000812032;0.0005867520000000001;0.0005580800000000001;0.00052736;0.00037068800000000004;0.000390144;0.000484352;0.00048639999999999995;0.000408576;0.000457728;0.000382976;0.00029696;0.00024780799999999997;0.000237568;0.000233472
1791197100,hdr,0.0293;0.03906;0.04883;0.05859;0.06836;0.07813;0.08789;0.09766;0.10742;0.11719;0.12695;0.13672;0.14648;0.15625;0.16602;0.17578;0.18555;0.19531;0.20508;0.21484;0.22461;0.23438;0.24414;0.25391;0.26367;0.27344;0.2832;0.29297;0.30273;0.3125;0.32227;0.33203;0.3418;0.35156;0.36133;0.37109;0.38086;0.39063;0.40039;0.41016;0.41992;0.42969;0.43945;0.44922;0.45898;0.46875;0.47852;0.48828;0.49805;0.50781;0.51758;0.52734;0.53711;0.54688;0.55664;0.56641;0.57617;0.58594;0.5957;0.60547;0.61523;0.625;0.63477;0.64453;0.6543;0.66406;0.67383;0.68359;0.69336;0.70313;0.71289;0.72266;0.73242;0.74219;0.75195;0.76172;0.77148;0.78125;0.79102,0.001359872;0.004728832;0.004221952;0.004662272;0.014985215999999999;0.025619456;0.020285440000000002;0.024532992;0.050258944;0.06616166400000001;0.105527296;0.121419776;0.184164352;0.275095552;0.401819648;0.758509568;0.451622912;0.259458048;0.178801664;0.113400832;0.09008230399999999;0.10087731200000001;0.156449792;0.12046848;0.06075904;0.032816128;0.03198976;0.028772352;0.016666624;0.022431744;0.0146176;0.013394944;0.0162048;0.011912191999999999;0.006836223999999999;0.007712768;0.00823808;0.009566207999999998;0.007775232;0.00567296;0.004246527999999999;0.005221376;0.0046745599999999995;0.005177344;0.0049080320000000005;0.00301568;0.00396288;0.003485696;0.003344384;0.002922496;0.0020633599999999998;0.0012748800000000002;0.001818624;0.002596864;0.0023818240000000003;0.0017735679999999999;0.001824768;0.001824768;0.00136192;0.00109056;0.00085504;0.00083968;0.000898048;0.000889856;0.0007413760000000001;0.000694272;0.00061952;0.0007075839999999999;0.0007014399999999999;0.0005959680000000001;0.000559104;0.000535552;0.000388096;0.000526336;0.0005007359999999999;0.0005089280000000001;0.000515072;0.000454656;0.000326656
1791198000,hdr,0.0293;0.03906;0.04883;0.05859;0.06836;0.07813;0.08789;0.09766;0.10742;0.11719;0.12695;0.13672;0.14648;0.15625;0.16602;0.17578;0.18555;0.19531;0.20508;0.21484;0.22461;0.23438;0.24414;0.25391;0.26367;0.27344;0.2832;0.29297;0.30273;0.3125;0.32227;0.33203;0.3418;0.35156;0.36133;0.37109;0.38086;0.39063;0.40039;0.41016;0.41992;0.42969;0.43945;0.44922;0.45898;0.46875;0.47852;0.48828;0.49805;0.50781;0.51758;0.52734;0.53711;0.54688;0.55664;0.56641;0.57617;0.58594;0.5957;0.60547;0.61523;0.625;0.63477;0.64453;0.6543;0.66406;0.67383;0.68359;0.69336;0.70313;0.71289;0.72266;0.73242;0.74219;0.75195;0.76172;0.77148;0.78125;0.79102,0.000782336;0.002587648;0.005168128000000001;0.009295872;0.015756288;0.022825983999999997;0.024630272;0.041247743999999996;0.085612544;0.076452864;0.11654656;0.114217984;0.25562112;0.45736448;0.541543424;0.45124300799999995;0.238703616;0.210792448;0.226311168;0.19116544;0.129257472;0.122315776;0.08603648;0.08290713599999999;0.052356096;0.05862604799999999;0.058523648000000004;0.030974976;0.03264;0.022593536;0.016454655999999998;0.019106816;0.014874624000000001;0.010003456;0.011840512000000001;0.012541951999999999;0.012582912;0.009445376;0.004250624;0.0043878400000000005;0.005715968;0.0034816;0.004868096000000001;0.00425472;0.0034078719999999997;0.003519488;0.002844672;0.002527232;0.002028544;0.002086912;0.003274752;0.003047424;0.002147328;0.001898496;0.00157184;0.00177152;0.001601536;0.001337344;0.0013506560000000002;0.00128;0.0012052480000000001;0.0012154879999999998;0.001127424;0.000978944;0.00103936;0.000989184;0.00090624;0.000759808;0.0009472;0.001048576;0.000816128;0.000366592;0.000524288;0.000617472;0.000717824;0.0005877759999999999;0.00034201599999999995;0.000345088;0.00048025600000000003
1791198900,hdr,0.0293;0.03906;0.04883;0.05859;0.06836;0.07813;0.08789;0.09766;0.10742;0.11719;0.12695;0.13672;0.14648;0.15625;0.16602;0.17578;0.18555;0.19531;0.20508;0.21484;0.22461;0.23438;0.24414;0.25391;0.26367;0.27344;0.2832;0.29297;0.30273;0.3125;0.32227;0.33203;0.3418;0.35156;0.36133;0.37109;0.38086;0.39063;0.40039;0.41016;0.41992;0.42969;0.43945;0.44922;0.45898;0.46875;0.47852;0.48828;0.49805;0.50781;0.51758;0.52734;0.53711;0.54688;0.55664;0.56641;0.57617;0.58594;0.5957;0.60547;0.61523;0.625;0.63477;0.64453;0.6543;0.66406;0.67383;0.68359;0.69336;0.70313;0.71289;0.72266;0.73242;0.74219;0.75195;0.76172;0.77148;0.78125;0.79102,0.003750912;0.00703488;0.008217599999999999;0.0046069760000000005;0.011752447999999999;0.01399808;0.019055616;0.037747712;0.070162432;0.050240512;0.07142195200000001;0.154431488;0.201448448;0.311914496;0.503845888;0.5530367999999999;0.453243904;0.362080256;0.296209408;0.197742592;0.1053952;0.10351616000000001;0.07351296;0.053729280000000004;0.045700096;0.028142592;0.026210304;0.019562496;0.021810176;0.024313856;0.019687424;0.015040511999999999;0.013371392;0.010406912;0.011446272;0.011940863999999999;0.014009344000000002;0.006096896;0.005244928;0.00644608;0.0039055360000000003;0.0032808959999999997;0.0044902399999999995;0.003721216;0.0024299520000000004;0.003421184;0.0030453760000000002;0.0024084479999999997;0.002777088;0.00331776;0.0016906239999999997;0.0014561280000000001;0.00145408;0.00104448;0.001414144;0.0023500800000000005;0.002818048;0.0015267839999999998;0.001050624;0.0012083200000000001;0.001261568;0.00079872;0.0008151040000000001;0.00088064;0.000825344;0.00088064;0.0009758719999999999;0.0006973439999999999;0.00061952;0.00040960000000000004;0.000647168;0.000505856;0.000526336;0.000463872;0.00036454399999999996;0.000700416;0.000550912;0.00045056;0.000379904
1791199800,hdr,0.0293;0.03906;0.04883;0.05859;0.06836;0.07813;0.08789;0.09766;0.10742;0.11719;0.12695;0.13672;0.14648;0.15625;0.16602;0.17578;0.18555;0.19531;0.20508;0.21484;0.22461;0.23438;0.24414;0.25391;0.26367;0.27344;0.2832;0.29297;0.30273;0.3125;0.32227;0.33203;0.3418;0.35156;0.36133;0.37109;0.38086;0.39063;0.40039;0.41016;0.41992;0.42969;0.43945;0.44922;0.45898;0.46875;0.47852;0.48828;0.49805;0.50781;0.51758;0.52734;0.53711;0.54688;0.55664;0.56641;0.57617;0.58594;0.5957;0.60547;0.61523;0.625;0.63477;0.64453;0.6543;0.66406;0.67383;0.68359;0.69336;0.70313;0.71289;0.72266;0.73242;0.74219;0.75195;0.76172;0.77148;0.78125;0.79102,0.0036843519999999997;0.009075712;0.007248896;0.002308096;0.010273791999999999;0.017042432;0.030303232;0.079070208;0.082557952;0.08254668800000001;0.124665856;0.222309376;0.46040473600000004;0.37954355199999995;0.32274022399999996;0.375120896;0.413528064;0.250560512;0.190539776;0.19189145600000002;0.149781504;0.078267392;0.08676147199999999;0.066085888;0.036765695999999994;0.05963264;0.056316928;0.039614464;0.029878272;0.021603328;0.01265664;0.011091967999999999;0.011012095999999999;0.013533184000000002;0.01325568;0.007919616;0.009218048;0.011029503999999999;0.0071464960000000004;0.00631808;0.005628928;0.005175296;0.0054159360000000005;0.006460416;0.006304768;0.005057536;0.0034385919999999994;0.002982912;0.003009536;0.002888704;0.0021626880000000003;0.0015411200000000002;0.001849344;0.0025047039999999995;0.002138112;0.0014561280000000001;0.0013424640000000002;0.000730112;0.000592896;0.001584128;0.001615872;0.001393664;0.0009594880000000001;0.000452608;0.000888832;0.001050624;0.000949248;0.0007976959999999999;0.00091648;0.000625664;0.000840704;0.000941056;0.000923648;0.000807936;0.000816128;0.000719872;0.00048742400000000003;0.000503808;0.00050688
1791200700,hdr,0.0293;0.03906;0.04883;0.05859;0.06836;0.07813;0.08789;0.09766;0.10742;0.11719;0.12695;0.13672;0.14648;0.15625;0.16602;0.17578;0.18555;0.19531;0.20508;0.21484;0.22461;0.23438;0.24414;0.25391;0.26367;0.27344;0.2832;0.29297;0.30273;0.3125;0.32227;0.33203;0.3418;0.35156;0.36133;0.37109;0.38086;0.39063;0.40039;0.41016;0.41992;0.42969;0.43945;0.44922;0.45898;0.46875;0.47852;0.48828;0.49805;0.50781;0.51758;0.52734;0.53711;0.54688;0.55664;0.56641;0.57617;0.58594;0.5957;0.60547;0.61523;0.625;0.63477;0.64453;0.6543;0.66406;0.67383;0.68359;0.69336;0.70313;0.71289;0.72266;0.73242;0.74219;0.75195;0.76172;0.77148;0.78125;0.79102,0.001933312;0.008160256000000001;0.007954431999999999;0.005594112;0.009242624;0.013657088;0.03104256;0.064169984;0.09582387199999999;0.09676902400000001;0.152838144;0.199491584;0.21996544;0.231350272;0.31288422400000004;0.373890048;0.27891712;0.33388441599999996;0.17088409599999999;0.14271283199999998;0.16043724800000003;0.084187136;0.080249856;0.06624768;0.045313024;0.031321088;0.03541401599999999;0.030711808;0.02697728;0.028665856;0.024164352000000004;0.020680703999999998;0.012101632;0.01124352;0.015330304;0.011338752;0.012395519999999998;0.011459583999999998;0.0064419839999999996;0.006390784;0.007851008;0.006412288;0.004888576;0.004573184;0.004675584;0.002331648;0.003452928;0.002737152;0.00180736;0.002671616;0.0036311040000000004;0.002742272;0.0015103999999999999;0.001202176;0.000692224;0.001009664;0.001460224;0.001149952;0.0011673599999999999;0.00167424;0.0012154879999999998;0.000985088;0.001006592;0.000548864;0.000790528;0.000543744;0.0006184960000000001;0.0007249919999999999;0.000466944;0.000644096;0.000520192;0.00037478399999999997;0.00039219200000000003;0.000635904;0.000786432;0.000781312;0.0006891520000000001;0.000761856;0.00074752
1791201600,hdr,0.0293;0.03906;0.04883;0.05859;0.06836;0.07813;0.08789;0.09766;0.10742;0.11719;0.12695;0.13672;0.14648;0.15625;0.16602;0.17578;0.18555;0.19531;0.20508;0.21484;0.22461;0.23438;0.24414;0.25391;0.26367;0.27344;0.2832;0.29297;0.30273;0.3125;0.32227;0.33203;0.3418;0.35156;0.36133;0.37109;0.38086;0.39063;0.40039;0.41016;0.41992;0.42969;0.43945;0.44922;0.45898;0.46875;0.47852;0.48828;0.49805;0.50781;0.51758;0.52734;0.53711;0.54688;0.55664;0.56641;0.57617;0.58594;0.5957;0.60547;0.61523;0.625;0.63477;0.64453;0.6543;0.66406;0.67383;0.68359;0.69336;0.70313;0.71289;0.72266;0.73242;0.74219;0.75195;0.76172;0.77148;0.78125;0.79102,0.0031139839999999998;0.004088832;0.005842944;0.005907456;0.009928704;0.017222656;0.018664448;0.057693184;0.086823936;0.130356224;0.2105856;0.208156672;0.28749824;0.44530176;0.624475136;0.8126781439999999;0.47331532800000004;0.29238783999999995;0.145058816;0.115511296;0.105545728;0.089353216;0.086014976;0.075787264;0.053871616000000004;0.059162624000000004;0.04133888;0.031937536;0.027997184;0.023109632;0.025202687999999997;0.017902592;0.011795456;0.008817664000000001;0.008547328;0.008737792000000001;0.008935423999999999;0.0088832;0.007026688;0.004204544;0.004462592;0.005267456;0.00470528;0.005170175999999999;0.004435968;0.002604032;0.0027842559999999997;0.002587648;0.003216384;0.002444288;0.00221696;0.0019886079999999998;0.0021534719999999996;0.0016384000000000001;0.001600512;0.001247232;0.001736704;0.00176128;0.0015656959999999999;0.001134592;0.00077824;0.0008192000000000001;0.0010721279999999999;0.000812032;0.00092672;0.000512;0.000454656;0.0004915200000000001;0.00031232;0.00039731200000000003;0.000427008;0.00033894400000000004;0.000387072;0.00031744;0.00029081600000000006;0.00021299199999999998;0.000275456;0.00037888;0.000315392
1791202500,hdr,0.0293;0.03906;0.04883;0.05859;0.06836;0.07813;0.08789;0.09766;0.10742;0.11719;0.12695;0.13672;0.14648;0.15625;0.16602;0.17578;0.18555;0.19531;0.20508;0.21484;0.22461;0.23438;0.24414;0.25391;0.26367;0.27344;0.2832;0.29297;0.30273;0.3125;0.32227;0.33203;0.3418;0.35156;0.36133;0.37109;0.38086;0.39063;0.40039;0.41016;0.41992;0.42969;0.43945;0.44922;0.45898;0.46875;0.47852;0.48828;0.49805;0.50781;0.51758;0.52734;0.53711;0.54688;0.55664;0.56641;0.57617;0.58594;0.5957;0.60547;0.61523;0.625;0.63477;0.64453;0.6543;0.66406;0.67383;0.68359;0.69336;0.70313;0.71289;0.72266;0.73242;0.74219;0.75195;0.76172;0.77148;0.78125;0.79102,0.00463872;0.007830528;0.0027822079999999996;0.0023838720000000004;0.005028863999999999;0.010696704;0.018818048000000004;0.036899839999999996;0.095803392;0.1769984;0.20619161600000002;0.164785152;0.282061824;0.39132876800000005;0.401400832;0.42427391999999997;0.303787008;0.234636288;0.17665433600000002;0.180724736;0.16039321599999998;0.08909312;0.093509632;0.089516032;0.06984089600000001;0.05101568;0.033750016;0.020805631999999998;0.023631872;0.025187328000000002;0.026611712;0.015767552;0.010165248;0.014020608;0.011705344000000001;0.010087424000000001;0.006833152;0.005192703999999999;0.006495232;0.008384512;0.009156608;0.006610944;0.005876736;0.006084608;0.004377600000000001;0.0022937599999999997;0.0037375999999999998;0.004912128;0.0034334720000000003;0.001974272;0.00162816;0.0018513919999999999;0.0014438399999999998;0.001091584;0.001210368;0.001811456;0.001726464;0.000881664;0.000764928;0.0010086399999999999;0.000843776;0.000986112;0.0012288;0.001056768;0.0010946560000000003;0.001159168;0.00090112;0.0005478400000000001;0.00067072;0.00081408;0.000441344;0.000451584;0.0005816320000000001;0.000555008;0.00042598399999999997;0.00031744;0.000412672;0.00040755200000000004;0.000318464
1791203400,hdr,0.0293;0.03906;0.04883;0.05859;0.06836;0.07813;0.08789;0.09766;0.10742;0.11719;0.12695;0.13672;0.14648;0.15625;0.16602;0.17578;0.18555;0.19531;0.20508;0.21484;0.22461;0.23438;0.24414;0.25391;0.26367;0.27344;0.2832;0.29297;0.30273;0.3125;0.32227;0.33203;0.3418;0.35156;0.36133;0.37109;0.38086;0.39063;0.40039;0.41016;0.41992;0.42969;0.43945;0.44922;0.45898;0.46875;0.47852;0.48828;0.49805;0.50781;0.51758;0.52734;0.53711;0.54688;0.55664;0.56641;0.57617;0.58594;0.5957;0.60547;0.61523;0.625;0.63477;0.64453;0.6543;0.66406;0.67383;0.68359;0.69336;0.70313;0.71289;0.72266;0.73242;0.74219;0.75195;0.76172;0.77148;0.78125;0.79102,0.0028600319999999998;0.009091072;0.010056704;0.006152192;0.011569152;0.019013632000000003;0.027025408;0.039563263999999994;0.091933696;0.18982195200000002;0.18819072;0.184339456;0.333549568;0.411485184;0.344275968;0.291304448;0.1522944;0.191312896;0.15817216;0.136096768;0.129272832;0.108484608;0.084583424;0.097693696;0.068508672;0.043968511999999994;0.041245696000000005;0.03249664;0.027784192;0.015083520000000001;0.018199552;0.016876543999999997;0.021274624;0.013032448;0.0137728;0.010430464;0.009403392;0.006611968;0.007074815999999999;0.007901184;0.007215104;0.003914752;0.003472384;0.002820096;0.0019087359999999999;0.0025200640000000002;0.00237568;0.001941504;0.002671616;0.00152576;0.0018718720000000001;0.001610752;0.0014274560000000001;0.00141824;0.001277952;0.0013926400000000001;0.0011264;0.0009349119999999999;0.001373184;0.0015687680000000001;0.001176576;0.0008765439999999999;0.000987136;0.000668672;0.0006000640000000001;0.0005580800000000001;0.000463872;0.0006676480000000001;0.000603136;0.00040243200000000004;0.000442368;0.00062464;0.000461824;0.000492544;0.0005836799999999999;0.00067584;0.00041779199999999995;0.00032768;0.00025088
1791204300,hdr,0.0293;0.03906;0.04883;0.05859;0.06836;0.07813;0.08789;0.09766;0.10742;0.11719;0.12695;0.13672;0.14648;0.15625;0.16602;0.17578;0.18555;0.19531;0.20508;0.21484;0.22461;0.23438;0.24414;0.25391;0.26367;0.27344;0.2832;0.29297;0.30273;0.3125;0.32227;0.33203;0.3418;0.35156;0.36133;0.37109;0.38086;0.39063;0.40039;0.41016;0.41992;0.42969;0.43945;0.44922;0.45898;0.46875;0.47852;0.48828;0.49805;0.50781;0.51758;0.52734;0.53711;0.54688;0.55664;0.56641;0.57617;0.58594;0.5957;0.60547;0.61523;0.625;0.63477;0.64453;0.6543;0.66406;0.67383;0.68359;0.69336;0.70313;0.71289;0.72266;0.73242;0.74219;0.75195;0.76172;0.77148;0.78125;0.79102,0.009344;0.013277184;0.011402240000000001;0.004508671999999999;0.007145472;0.015049727999999998;0.017537024;0.050331648;0.151368704;0.28467712;0.30281216000000005;0.267098112;0.336797696;0.38354841599999995;0.37955072;0.420637696;0.29217587200000006;0.146829312;0.09482240000000002;0.094400512;0.08685568;0.060137472000000004;0.060440576;0.03570176;0.038112256000000004;0.04939775999999999;0.034915328;0.026095616;0.021114880000000003;0.015532032;0.018491392;0.017726464;0.012547072;0.012785664;0.010179584;0.007022592;0.010128384;0.007375872;0.007742464;0.0055111679999999994;0.0060928;0.00479232;0.004780032;0.004337664;0.004100095999999999;0.0026347520000000006;0.0027648;0.002156544;0.002482176;0.002302976;0.002459648;0.003456;0.0036730879999999997;0.002581504;0.002105344;0.0012165119999999999;0.0013312;0.001243136;0.000712704;0.000923648;0.001040384;0.000714752;0.000499712;0.0006502400000000001;0.000873472;0.001222656;0.00152576;0.00082432;0.0007086080000000001;0.0009400319999999999;0.0011735040000000001;0.0015667199999999997;0.0016609279999999999;0.0014735360000000001;0.001447936;0.001496064;0.001057792;0.0013199359999999999;0.001634304
1791205200,hdr,0.0293;0.03906;0.04883;0.05859;0.06836;0.07813;0.08789;0.09766;0.10742;0.11719;0.12695;0.13672;0.14648;0.15625;0.16602;0.17578;0.18555;0.19531;0.20508;0.21484;0.22461;0.23438;0.24414;0.25391;0.26367;0.27344;0.2832;0.29297;0.30273;0.3125;0.32227;0.33203;0.3418;0.35156;0.36133;0.37109;0.38086;0.39063;0.40039;0.41016;0.41992;0.42969;0.43945;0.44922;0.45898;0.46875;0.47852;0.48828;0.49805;0.50781;0.51758;0.52734;0.53711;0.54688;0.55664;0.56641;0.57617;0.58594;0.5957;0.60547;0.61523;0.625;0.63477;0.64453;0.6543;0.66406;0.67383;0.68359;0.69336;0.70313;0.71289;0.72266;0.73242;0.74219;0.75195;0.76172;0.77148;0.78125;0.79102,0.004108288;0.015514624;0.009223168;0.001789952;0.007994368;0.02474496;0.025653248;0.062453760000000004;0.12497612799999999;0.202099712;0.19124326400000002;0.21144678400000003;0.22019584;0.42696089600000003;0.42840064;0.36662067200000004;0.183172096;0.14068838400000003;0.165234688;0.15443353599999998;0.10626355200000001;0.08601088;0.084780032;0.06977945599999999;0.046793728;0.034865152;0.04340736;0.032877567999999996;0.027329536;0.019897344;0.016431104000000002;0.01319424;0.009864191999999999;0.008484864;0.00652288;0.007469056000000001;0.006930431999999999;0.004850688;0.004649983999999999;0.00472576;0.0043008000000000005;0.003997696;0.004372480000000001;0.0036362239999999995;0.0032389119999999996;0.00274944;0.0027095039999999997;0.0016168960000000003;0.001907712;0.002113536;0.001664;0.001338368;0.001498112;0.0015769599999999999;0.000891904;0.00131072;0.00121344;0.001296384;0.0014991359999999999;0.00162816;0.00098816;0.001069056;0.001440768;0.00090112;0.001099776;0.0009768959999999999;0.000740352;0.000754688;0.00115712;0.001202176;0.00097792;0.001680384;0.001328128;0.0017479680000000001;0.0020029439999999996;0.0023050239999999997;0.001936384;0.001837056;0.0019517439999999998
1791206100,hdr,0.0293;0.03906;0.04883;0.05859;0.06836;0.07813;0.08789;0.09766;0.10742;0.11719;0.12695;0.13672;0.14648;0.15625;0.16602;0.17578;0.18555;0.19531;0.20508;0.21484;0.22461;0.23438;0.24414;0.25391;0.26367;0.27344;0.2832;0.29297;0.30273;0.3125;0.32227;0.33203;0.3418;0.35156;0.36133;0.37109;0.38086;0.39063;0.40039;0.41016;0.41992;0.42969;0.43945;0.44922;0.45898;0.46875;0.47852;0.48828;0.49805;0.50781;0.51758;0.52734;0.53711;0.54688;0.55664;0.56641;0.57617;0.58594;0.5957;0.60547;0.61523;0.625;0.63477;0.64453;0.6543;0.66406;0.67383;0.68359;0.69336;0.70313;0.71289;0.72266;0.73242;0.74219;0.75195;0.76172;0.77148;0.78125;0.79102,0.0010209280000000002;0.003265536;0.002630656;0.00182272;0.0104192;0.017166336000000004;0.016428032000000002;0.037741567999999996;0.16225280000000003;0.254031872;0.198668288;0.210341888;0.232928256;0.338387968;0.35597312;0.33313689599999996;0.370067456;0.296614912;0.165784576;0.110861312;0.12035788800000001;0.096602112;0.058169344000000005;0.058595328;0.052946944;0.044556288;0.030857216;0.0237824;0.025993216;0.017120256;0.011918336;0.008926208;0.011999232;0.009677823999999998;0.006514687999999999;0.00726016;0.009269247999999999;0.004529152;0.0035942400000000003;0.0050688;0.0046540800000000005;0.003303424;0.004303872;0.0025180159999999997;0.002501632;0.0018923520000000001;0.001891328;0.001757184;0.001544192;0.001540096;0.00134656;0.0014940160000000001;0.001406976;0.0015779840000000002;0.001251328;0.001139712;0.001512448;0.0016711679999999998;0.0009717759999999999;0.0013824;0.0023275519999999997;0.001974272;0.000898048;0.001005568;0.0007925759999999999;0.00059392;0.000750592;0.000965632;0.001147904;0.0010649599999999998;0.0006656;0.0012523519999999998;0.001618944;0.001414144;0.001138688;0.0014919679999999998;0.00149504;0.0011673599999999999;0.001887232
1791207000,hdr,0.0293;0.03906;0.04883;0.05859;0.06836;0.07813;0.08789;0.09766;0.10742;0.11719;0.12695;0.13672;0.14648;0.15625;0.16602;0.17578;0.18555;0.19531;0.20508;0.21484;0.22461;0.23438;0.24414;0.25391;0.26367;0.27344;0.2832;0.29297;0.30273;0.3125;0.32227;0.33203;0.3418;0.35156;0.36133;0.37109;0.38086;0.39063;0.40039;0.41016;0.41992;0.42969;0.43945;0.44922;0.45898;0.46875;0.47852;0.48828;0.49805;0.50781;0.51758;0.52734;0.53711;0.54688;0.55664;0.56641;0.57617;0.58594;0.5957;0.60547;0.61523;0.625;0.63477;0.64453;0.6543;0.66406;0.67383;0.68359;0.69336;0.70313;0.71289;0.72266;0.73242;0.74219;0.75195;0.76172;0.77148;0.78125;0.79102,0.00274944;0.008916992;0.009592832;0.00575488;0.013508608;0.020252672;0.033414144;0.047539200000000004;0.09361203200000001;0.13199052800000002;0.16910438400000002;0.296845312;0.26007347199999997;0.30640127999999994;0.380243968;0.31380275199999996;0.15751372799999996;0.156003328;0.131023872;0.093208576;0.11614822400000001;0.07755059199999999;0.06580838400000001;0.049357824;0.035918847999999996;0.025146368;0.031060992;0.032093184000000004;0.017886207999999997;0.012418048000000001;0.012526592000000001;0.010205183999999999;0.007407616;0.0081152;0.003375104;0.003521536;0.003607552;0.003726336;0.0031979519999999996;0.003023872;0.0033925120000000003;0.003039232;0.0019773440000000002;0.002019328;0.0028149760000000003;0.0023357440000000003;0.0024637440000000004;0.002082816;0.0018237440000000002;0.0019455999999999998;0.0019537919999999998;0.0018176000000000002;0.001467392;0.0012359679999999998;0.00119808;0.0014458880000000002;0.0012247039999999999;0.001292288;0.000736256;0.0006840319999999999;0.001057792;0.001391616;0.0008929280000000001;0.001074176;0.00119296;0.001052672;0.001349632;0.001639424;0.001528832;0.0013117439999999999;0.002051072;0.0019169279999999998;0.0018083840000000001;0.0016435199999999999;0.00153088;0.001524736;0.0011909120000000001;0.001358848;0.0018698239999999997
1791207900,hdr,0.0293;0.03906;0.04883;0.05859;0.06836;0.07813;0.08789;0.09766;0.10742;0.11719;0.12695;0.13672;0.14648;0.15625;0.16602;0.17578;0.18555;0.19531;0.20508;0.21484;0.22461;0.23438;0.24414;0.25391;0.26367;0.27344;0.2832;0.29297;0.30273;0.3125;0.32227;0.33203;0.3418;0.35156;0.36133;0.37109;0.38086;0.39063;0.40039;0.41016;0.41992;0.42969;0.43945;0.44922;0.45898;0.46875;0.47852;0.48828;0.49805;0.50781;0.51758;0.52734;0.53711;0.54688;0.55664;0.56641;0.57617;0.58594;0.5957;0.60547;0.61523;0.625;0.63477;0.64453;0.6543;0.66406;0.67383;0.68359;0.69336;0.70313;0.71289;0.72266;0.73242;0.74219;0.75195;0.76172;0.77148;0.78125;0.79102,0.003406848;0.008354816;0.00520704;0.0031139839999999998;0.010687488;0.026884095999999996;0.023919616;0.054663168;0.09138380800000001;0.11021824;0.18013184000000002;0.207031296;0.15052287999999997;0.184403968;0.272848896;0.29901209599999995;0.28485734400000007;0.18585087999999997;0.13776486400000001;0.06739968;0.10392575999999999;0.08489983999999999;0.062347264;0.062598144;0.048140288;0.033560576;0.018776064000000002;0.012560384;0.01107968;0.016948223999999998;0.011024384;0.007709696;0.007406592;0.006693888;0.006974464;0.008059904;0.004462592;0.004533248;0.005820416;0.004670464;0.004030464;0.0027729919999999997;0.003262464;0.0022272;0.0012308479999999999;0.001654784;0.001820672;0.00265728;0.002364416;0.0014376960000000002;0.001212416;0.001429504;0.0013905920000000002;0.00093696;0.0007352319999999999;0.0010014719999999998;0.0009144320000000001;0.0007464960000000001;0.0008622079999999999;0.0008335360000000001;0.000550912;0.000454656;0.0009205759999999999;0.000999424;0.0011694079999999998;0.000949248;0.0009441279999999999;0.0009727999999999999;0.001107968;0.000823296;0.001281024;0.00196096;0.002006016;0.001488896;0.002543616;0.003049472;0.001864704;0.001696768;0.001726464
1791208800,hdr,0.0293;0.03906;0.04883;0.05859;0.06836;0.07813;0.08789;0.09766;0.10742;0.11719;0.12695;0.13672;0.14648;0.15625;0.16602;0.17578;0.18555;0.19531;0.20508;0.21484;0.22461;0.23438;0.24414;0.25391;0.26367;0.27344;0.2832;0.29297;0.30273;0.3125;0.32227;0.33203;0.3418;0.35156;0.36133;0.37109;0.38086;0.39063;0.40039;0.41016;0.41992;0.42969;0.43945;0.44922;0.45898;0.46875;0.47852;0.48828;0.49805;0.50781;0.51758;0.52734;0.53711;0.54688;0.55664;0.56641;0.57617;0.58594;0.5957;0.60547;0.61523;0.625;0.63477;0.64453;0.6543;0.66406;0.67383;0.68359;0.69336;0.70313;0.71289;0.72266;0.73242;0.74219;0.75195;0.76172;0.77148;0.78125;0.79102,0.005203968;0.007357440000000001;0.010265599999999998;0.005663744000000001;0.009762816;0.023173120000000002;0.023661568;0.070145024;0.211644416;0.276483072;0.330625024;0.31673856;0.21818163200000001;0.176162816;0.17183539200000003;0.108704768;0.141196288;0.143116288;0.087704576;0.06950297600000001;0.10575974399999999;0.07033856;0.062640128;0.047290368;0.035659776;0.033507328;0.040882176;0.031403008;0.0314112;0.015224831999999999;0.010262528;0.010182655999999998;0.012083199999999999;0.006353919999999999;0.004545536;0.004084736;0.00475136;0.00397824;0.0026419199999999994;0.004713472000000001;0.0030607359999999997;0.0016424959999999998;0.001717248;0.0023111679999999997;0.002505728;0.001778688;0.0014991359999999999;0.0014919679999999998;0.0013793280000000002;0.001097728;0.0014530559999999999;0.001440768;0.001345536;0.001353728;0.000964608;0.000882688;0.00070656;0.000915456;0.0006656;0.001000448;0.001296384;0.0008192000000000001;0.000818176;0.000867328;0.000842752;0.00075264;0.0005376000000000001;0.00039628799999999996;0.000461824;0.00047206399999999996;0.00046080000000000003;0.000653312;0.0009523200000000001;0.001125376;0.0009041920000000001;0.000751616;0.000812032;0.00103936;0.00103424
1791209700,hdr,0.0293;0.03906;0.04883;0.05859;0.06836;0.07813;0.08789;0.09766;0.10742;0.11719;0.12695;0.13672;0.14648;0.15625;0.16602;0.17578;0.18555;0.19531;0.20508;0.21484;0.22461;0.23438;0.24414;0.25391;0.26367;0.27344;0.2832;0.29297;0.30273;0.3125;0.32227;0.33203;0.3418;0.35156;0.36133;0.37109;0.38086;0.39063;0.40039;0.41016;0.41992;0.42969;0.43945;0.44922;0.45898;0.46875;0.47852;0.48828;0.49805;0.50781;0.51758;0.52734;0.53711;0.54688;0.55664;0.56641;0.57617;0.58594;0.5957;0.60547;0.61523;0.625;0.63477;0.64453;0.6543;0.66406;0.67383;0.68359;0.69336;0.70313;0.71289;0.72266;0.73242;0.74219;0.75195;0.76172;0.77148;0.78125;0.79102,0.0024719359999999997;0.016909312;0.020200448;0.009408512;0.01429504;0.025393152000000002;0.044944384;0.063254528;0.13177344;0.20094668799999998;0.222972928;0.31110348800000004;0.34128076800000007;0.2500096;0.225542144;0.167175168;0.10897920000000001;0.12190003199999999;0.122011648;0.06637875200000001;0.10255155199999999;0.086603776;0.056095744;0.042161152;0.043418624;0.039332864;0.021641216;0.022448128;0.025370624;0.012212224;0.009235455999999998;0.007180288;0.011695104000000001;0.006841344;0.005815296;0.006254592;0.005494784000000001;0.004393983999999999;0.0025825279999999997;0.003043328;0.002011136;0.0016066560000000001;0.001865728;0.001352704;0.0012912639999999999;0.001765376;0.001752064;0.001829888;0.00217088;0.001570816;0.0014458880000000002;0.001734656;0.0015206400000000002;0.0019466239999999999;0.001371136;0.001065984;0.0007423999999999999;0.000751616;0.000656384;0.0007423999999999999;0.00064;0.000524288;0.0006993920000000001;0.0005304320000000001;0.00067584;0.000607232;0.0005232639999999998;0.000651264;0.0007106559999999999;0.000493568;0.0005754880000000001;0.000687104;0.000668672;0.000626688;0.000756736;0.000816128;0.0006952960000000001;0.0007096320000000001;0.0013824
1791210600,hdr,0.0293;0.03906;0.04883;0.05859;0.06836;0.07813;0.08789;0.09766;0.10742;0.11719;0.12695;0.13672;0.14648;0.15625;0.16602;0.17578;0.18555;0.19531;0.20508;0.21484;0.22461;0.23438;0.24414;0.25391;0.26367;0.27344;0.2832;0.29297;0.30273;0.3125;0.32227;0.33203;0.3418;0.35156;0.36133;0.37109;0.38086;0.39063;0.40039;0.41016;0.41992;0.42969;0.43945;0.44922;0.45898;0.46875;0.47852;0.48828;0.49805;0.50781;0.51758;0.52734;0.53711;0.54688;0.55664;0.56641;0.57617;0.58594;0.5957;0.60547;0.61523;0.625;0.63477;0.64453;0.6543;0.66406;0.67383;0.68359;0.69336;0.70313;0.71289;0.72266;0.73242;0.74219;0.75195;0.76172;0.77148;0.78125;0.79102,0.012363776;0.023447552000000003;0.013871104;0.008066048000000001;0.017714175999999998;0.019472384000000002;0.023005184;0.06740787200000001;0.26072576;0.33365094399999995;0.234686464;0.21308006399999999;0.196301824;0.15765606399999998;0.16676147200000002;0.160718848;0.1296128;0.08174182399999999;0.054425600000000005;0.046789632;0.033139712;0.042834944;0.05901516800000001;0.054092799999999996;0.026517503999999997;0.027723776000000002;0.022268928;0.0155392;0.018760704000000003;0.01295872;0.009751552;0.0073728000000000005;0.005556224;0.004797439999999999;0.003687424;0.005043199999999999;0.004529152;0.003649536;0.003166208;0.0024637440000000004;0.0025374720000000003;0.0021442559999999998;0.001451008;0.002077696;0.0020172799999999998;0.0015411200000000002;0.001488896;0.001186816;0.000932864;0.0010178560000000001;0.001304576;0.0011786239999999999;0.00124928;0.00119808;0.001250304;0.001289216;0.000884736;0.000985088;0.000837632;0.000889856;0.0010813440000000001;0.001176576;0.000992256;0.000674816;0.000720896;0.00067584;0.000738304;0.0011202559999999998;0.000899072;0.001627136;0.001682432;0.0020910079999999997;0.001201152;0.0016250880000000002;0.00226304;0.00288256;0.0021299199999999996;0.002082816;0.001917952
1791211500,hdr,0.0293;0.03906;0.04883;0.05859;0.06836;0.07813;0.08789;0.09766;0.10742;0.11719;0.12695;0.13672;0.14648;0.15625;0.16602;0.17578;0.18555;0.19531;0.20508;0.21484;0.22461;0.23438;0.24414;0.25391;0.26367;0.27344;0.2832;0.29297;0.30273;0.3125;0.32227;0.33203;0.3418;0.35156;0.36133;0.37109;0.38086;0.39063;0.40039;0.41016;0.41992;0.42969;0.43945;0.44922;0.45898;0.46875;0.47852;0.48828;0.49805;0.50781;0.51758;0.52734;0.53711;0.54688;0.55664;0.56641;0.57617;0.58594;0.5957;0.60547;0.61523;0.625;0.63477;0.64453;0.6543;0.66406;0.67383;0.68359;0.69336;0.70313;0.71289;0.72266;0.73242;0.74219;0.75195;0.76172;0.77148;0.78125;0.79102,0.004745216;0.007079935999999999;0.004554752;0.003852288;0.013318144;0.028621824;0.021267455999999997;0.031484928;0.112570368;0.287695872;0.30438297599999997;0.189044736;0.148918272;0.094963712;0.066659328;0.095036416;0.112724992;0.08459468800000002;0.08380415999999999;0.09643315200000001;0.079244288;0.04088934400000001;0.033128448;0.036993024;0.041883648;0.032779263999999995;0.030582784;0.020493312;0.013000704000000002;0.011684864;0.019954688;0.012990464;0.007989248;0.005013504;0.0041963519999999995;0.0036270079999999997;0.0038338559999999996;0.0049233919999999995;0.006448128;0.005736448;0.0046817280000000005;0.00214016;0.001579008;0.001408;0.001420288;0.00196096;0.0015544320000000001;0.000955392;0.0008110079999999999;0.000907264;0.000989184;0.0011356159999999999;0.00100352;0.001133568;0.0010178560000000001;0.0009943039999999999;0.0008560640000000001;0.0007086080000000001;0.0011601919999999998;0.001860608;0.001436672;0.001348608;0.001014784;0.00091648;0.00099328;0.00144896;0.00172544;0.001497088;0.0022937599999999997;0.0018442240000000002;0.001584128;0.001744896;0.0013035520000000001;0.00195584;0.0016435199999999999;0.001134592;0.002752512;0.003526656;0.003699712
1791212400,hdr,0.0293;0.03906;0.04883;0.05859;0.06836;0.07813;0.08789;0.09766;0.10742;0.11719;0.12695;0.13672;0.14648;0.15625;0.16602;0.17578;0.18555;0.19531;0.20508;0.21484;0.22461;0.23438;0.24414;0.25391;0.26367;0.27344;0.2832;0.29297;0.30273;0.3125;0.32227;0.33203;0.3418;0.35156;0.36133;0.37109;0.38086;0.39063;0.40039;0.41016;0.41992;0.42969;0.43945;0.44922;0.45898;0.46875;0.47852;0.48828;0.49805;0.50781;0.51758;0.52734;0.53711;0.54688;0.55664;0.56641;0.57617;0.58594;0.5957;0.60547;0.61523;0.625;0.63477;0.64453;0.6543;0.66406;0.67383;0.68359;0.69336;0.70313;0.71289;0.72266;0.73242;0.74219;0.75195;0.76172;0.77148;0.78125;0.79102,0.010853376;0.016937984;0.012469247999999999;0.010335232;0.019414016;0.030667776;0.0352;0.088361984;0.291738624;0.32138854400000005;0.25487360000000003;0.166089728;0.16192512;0.17762508800000001;0.149393408;0.185836544;0.274794496;0.13365760000000002;0.0553216;0.055871488;0.0406784;0.040922112000000004;0.036791296;0.032083968;0.031122432000000002;0.036554752;0.02980352;0.029164543999999997;0.020519936000000003;0.015343616;0.015501312;0.01153024;0.0072857600000000005;0.008460288;0.0064768000000000004;0.00457216;0.004231168;0.0039034879999999997;0.00239616;0.0013312;0.002108416;0.001861632;0.0015165439999999999;0.001373184;0.001102848;0.0011694079999999998;0.001970176;0.0016384000000000001;0.000987136;0.000828416;0.001024;0.001041408;0.000761856;0.000887808;0.000733184;0.000774144;0.001062912;0.0009727999999999999;0.000641024;0.00068608;0.000756736;0.000789504;0.0007936;0.00073216;0.000734208;0.000789504;0.0008325120000000001;0.00129024;0.0014376960000000002;0.0013752319999999999;0.00158208;0.0014632959999999998;0.0026081279999999995;0.0027555839999999997;0.001770496;0.0020183040000000003;0.00203264;0.0025292799999999996;0.002927616
1791213300,hdr,0.0293;0.03906;0.04883;0.05859;0.06836;0.07813;0.08789;0.09766;0.10742;0.11719;0.12695;0.13672;0.14648;0.15625;0.16602;0.17578;0.18555;0.19531;0.20508;0.21484;0.22461;0.23438;0.24414;0.25391;0.26367;0.27344;0.2832;0.29297;0.30273;0.3125;0.32227;0.33203;0.3418;0.35156;0.36133;0.37109;0.38086;0.39063;0.40039;0.41016;0.41992;0.42969;0.43945;0.44922;0.45898;0.46875;0.47852;0.48828;0.49805;0.50781;0.51758;0.52734;0.53711;0.54688;0.55664;0.56641;0.57617;0.58594;0.5957;0.60547;0.61523;0.625;0.63477;0.64453;0.6543;0.66406;0.67383;0.68359;0.69336;0.70313;0.71289;0.72266;0.73242;0.74219;0.75195;0.76172;0.77148;0.78125;0.79102,0.00442368;0.012346368;0.014272512000000001;0.013093888;0.019175424;0.027640831999999997;0.024967168;0.052554752;0.267394048;0.417775616;0.27002368;0.226684928;0.18500096;0.117241856;0.13879808;0.14062694400000003;0.158819328;0.11421388799999999;0.06439423999999999;0.04374016;0.046359552000000005;0.046745600000000005;0.034806784;0.042395648;0.045256703999999995;0.035124223999999996;0.024988672000000003;0.018162688;0.014585856;0.012537856;0.006705152;0.004707328;0.006382591999999999;0.004649983999999999;0.005003264;0.004793344;0.003362816;0.002640896;0.002612224;0.001794048;0.002226176;0.002169856;0.0015953919999999997;0.001426432;0.001344512;0.00167936;0.0013557760000000002;0.0011151359999999999;0.0010455039999999998;0.001137664;0.0011007999999999999;0.000873472;0.000908288;0.000791552;0.0010598399999999998;0.001497088;0.001189888;0.0003584;0.000769024;0.0007884799999999999;0.000551936;0.00085504;0.001042432;0.001038336;0.000992256;0.000887808;0.000712704;0.0009349119999999999;0.001276928;0.00136192;0.001048576;0.001061888;0.00111104;0.001166336;0.00090624;0.0007976959999999999;0.001206272;0.00142848;0.0013660159999999998
1791214200,hdr,0.0293;0.03906;0.04883;0.05859;0.06836;0.07813;0.08789;0.09766;0.10742;0.11719;0.12695;0.13672;0.14648;0.15625;0.16602;0.17578;0.18555;0.19531;0.20508;0.21484;0.22461;0.23438;0.24414;0.25391;0.26367;0.27344;0.2832;0.29297;0.30273;0.3125;0.32227;0.33203;0.3418;0.35156;0.36133;0.37109;0.38086;0.39063;0.40039;0.41016;0.41992;0.42969;0.43945;0.44922;0.45898;0.46875;0.47852;0.48828;0.49805;0.50781;0.51758;0.52734;0.53711;0.54688;0.55664;0.56641;0.57617;0.58594;0.5957;0.60547;0.61523;0.625;0.63477;0.64453;0.6543;0.66406;0.67383;0.68359;0.69336;0.70313;0.71289;0.72266;0.73242;0.74219;0.75195;0.76172;0.77148;0.78125;0.79102,0.012527616;0.017956864;0.013512704;0.009068544;0.02061312;0.024571904;0.03444224;0.06908211199999999;0.084096;0.1277952;0.17518899200000002;0.160937984;0.1860352;0.192582656;0.154830848;0.12597350400000001;0.13211135999999998;0.10273996800000001;0.05937868799999999;0.051103744;0.044575744;0.048159744000000004;0.030824448;0.026358784;0.017262592;0.020114432;0.027695103999999998;0.020436991999999998;0.013191168;0.014498816;0.013121536;0.014856192;0.009109504;0.006892544;0.004524032;0.003100672;0.002932736;0.00213504;0.001816576;0.00160768;0.0022558720000000003;0.00133632;0.001380352;0.001376256;0.0009584639999999999;0.001176576;0.000857088;0.001032192;0.001033216;0.001099776;0.000801792;0.0013506560000000002;0.0013004800000000001;0.001040384;0.000641024;0.0007352319999999999;0.0009625599999999999;0.000888832;0.0010465279999999997;0.0009318400000000001;0.00097792;0.001092608;0.0008355839999999999;0.00068608;0.000736256;0.000751616;0.000505856;0.000466944;0.000990208;0.00171008;0.001102848;0.0014499839999999999;0.001490944;0.001738752;0.0014530559999999999;0.0014899199999999998;0.0018636800000000002;0.00231936;0.001769472
1791215100,hdr,0.0293;0.03906;0.04883;0.05859;0.06836;0.07813;0.08789;0.09766;0.10742;0.11719;0.12695;0.13672;0.14648;0.15625;0.16602;0.17578;0.18555;0.19531;0.20508;0.21484;0.22461;0.23438;0.24414;0.25391;0.26367;0.27344;0.2832;0.29297;0.30273;0.3125;0.32227;0.33203;0.3418;0.35156;0.36133;0.37109;0.38086;0.39063;0.40039;0.41016;0.41992;0.42969;0.43945;0.44922;0.45898;0.46875;0.47852;0.48828;0.49805;0.50781;0.51758;0.52734;0.53711;0.54688;0.55664;0.56641;0.57617;0.58594;0.5957;0.60547;0.61523;0.625;0.63477;0.64453;0.6543;0.66406;0.67383;0.68359;0.69336;0.70313;0.71289;0.72266;0.73242;0.74219;0.75195;0.76172;0.77148;0.78125;0.79102,0.008047616;0.017138688;0.015237120000000002;0.010730496;0.019416063999999997;0.024568832000000002;0.023568383999999998;0.033110016000000006;0.106243072;0.211007488;0.288464896;0.250914816;0.254241792;0.121244672;0.094171136;0.10982195199999999;0.11672576;0.111002624;0.067140608;0.05419008;0.057116672;0.03647795200000001;0.038025216;0.041383936;0.019735552;0.02097152;0.020373504;0.022192128000000002;0.017183744;0.012703744000000001;0.009510912;0.0073216;0.004696064;0.004514816;0.00312832;0.004346879999999999;0.00329728;0.002599936;0.0016230399999999999;0.001887232;0.001979392;0.0014592000000000001;0.0012318720000000002;0.001338368;0.0012083200000000001;0.001206272;0.0008744960000000001;0.000643072;0.0005601279999999999;0.000644096;0.0006737919999999999;0.0009738240000000001;0.000790528;0.000800768;0.001089536;0.000610304;0.000632832;0.000894976;0.000635904;0.000611328;0.000605184;0.000779264;0.0010598399999999998;0.00096768;0.000842752;0.000951296;0.000823296;0.00158208;0.00199168;0.001758208;0.0016445440000000002;0.00239104;0.0040192;0.004314112;0.0037949439999999997;0.002044928;0.001337344;0.001696768;0.0024381439999999997
1791216000,hdr,0.0293;0.03906;0.04883;0.05859;0.06836;0.07813;0.08789;0.09766;0.10742;0.11719;0.12695;0.13672;0.14648;0.15625;0.16602;0.17578;0.18555;0.19531;0.20508;0.21484;0.22461;0.23438;0.24414;0.25391;0.26367;0.27344;0.2832;0.29297;0.30273;0.3125;0.32227;0.33203;0.3418;0.35156;0.36133;0.37109;0.38086;0.39063;0.40039;0.41016;0.41992;0.42969;0.43945;0.44922;0.45898;0.46875;0.47852;0.48828;0.49805;0.50781;0.51758;0.52734;0.53711;0.54688;0.55664;0.56641;0.57617;0.58594;0.5957;0.60547;0.61523;0.625;0.63477;0.64453;0.6543;0.66406;0.67383;0.68359;0.69336;0.70313;0.71289;0.72266;0.73242;0.74219;0.75195;0.76172;0.77148;0.78125;0.79102,0.005235712000000001;0.012332032;0.008262655999999998;0.010227712;0.020091903999999997;0.026706944;0.034272256;0.031793152;0.100409344;0.19792896;0.34642534399999997;0.185690112;0.145148928;0.213055488;0.24711987199999996;0.14967296;0.10215424000000001;0.076126208;0.06528512000000002;0.05277696;0.040538112;0.048667648;0.035398656;0.018118656000000004;0.025554944;0.037261312;0.029043712;0.023187456000000002;0.015932415999999998;0.00904192;0.011720704;0.0132096;0.009910272000000001;0.007995392;0.003612672;0.0029798399999999997;0.0025036800000000003;0.00199168;0.0016128;0.001391616;0.0019650559999999997;0.001277952;0.000990208;0.00122368;0.0009256959999999999;0.000766976;0.000831488;0.0009748480000000001;0.0008704;0.000740352;0.0007423999999999999;0.000817152;0.0005959680000000001;0.000910336;0.00067584;0.0007229440000000001;0.000763904;0.000841728;0.000659456;0.000688128;0.000891904;0.0014817279999999999;0.001874944;0.0014847999999999999;0.00103936;0.001052672;0.0011909120000000001;0.001675264;0.0019947520000000002;0.002172928;0.001359872;0.0014581759999999998;0.00288256;0.002535424;0.002530304;0.0026849280000000005;0.003136512;0.00410112;0.003347456
