Epoch Time,Processing Source,f,varianceDensity
1789084800,hdr,0.0293;0.03906;0.04883;0.05859;0.06836;0.07813;0.08789;0.09766;0.10742;0.11719;0.12695;0.13672;0.14648;0.15625;0.16602;0.17578;0.18555;0.19531;0.20508;0.21484;0.22461;0.23438;0.24414;0.25391;0.26367;0.27344;0.2832;0.29297;0.30273;0.3125;0.32227;0.33203;0.3418;0.35156;0.36133;0.37109;0.38086;0.39063;0.40039;0.41016;0.41992;0.42969;0.43945;0.44922;0.45898;0.46875;0.47852;0.48828;0.49805;0.50781;0.51758;0.52734;0.53711;0.54688;0.55664;0.56641;0.57617;0.58594;0.5957;0.60547;0.61523;0.625;0.63477;0.64453;0.6543;0.66406;0.67383;0.68359;0.69336;0.70313;0.71289;0.72266;0.73242;0.74219;0.75195;0.76172;0.77148;0.78125;0.79102,0.0018411519999999998;0.004082688;0.001636352;0.001686528;0.002896896;0.007540736;0.010862591999999999;0.013155328;0.012654592;0.008271872;0.01512448;0.013266944000000001;0.010560512;0.01135616;0.022347776;0.028551168000000002;0.024093696;0.015633407999999998;0.007790592000000001;0.0061829120000000005;0.005178367999999999;0.006187008;0.004859904000000001;0.0037191679999999997;0.0036403200000000003;0.003822592;0.004508671999999999;0.004303872;0.00295424;0.001911808;0.0013783040000000001;0.0011264;0.0014714879999999997;0.0010291200000000001;0.000720896;0.0005918719999999999;0.00064512;0.000528384;0.000418816;0.00039731200000000003;0.00033382400000000003;0.00023859199999999998;0.000167936;0.00010240000000000001;0.000278528;0.00027340799999999994;0.00015872;0.000169984;0.00014540800000000003;0.000183296;0.000178176;0.00017715200000000003;0.000218112;0.00016691200000000002;0.00018227199999999998;0.00015872;0.000197632;0.000226304;0.000159744;0.00020889599999999997;0.000183296;0.000193536;0.000191488;0.000224256;0.000313344;0.000350208;0.000237568;0.00030208000000000004;0.000524288;0.000800768;0.001065984;0.001528832;0.001477632;0.000917504;0.001498112;0.001974272;0.0015544320000000001;0.001681408;0.002427904
1789085700,hdr,0.0293;0.03906;0.04883;0.05859;0.06836;0.07813;0.08789;0.09766;0.10742;0.11719;0.12695;0.13672;0.14648;0.15625;0.16602;0.17578;0.18555;0.19531;0.20508;0.21484;0.22461;0.23438;0.24414;0.25391;0.26367;0.27344;0.2832;0.29297;0.30273;0.3125;0.32227;0.33203;0.3418;0.35156;0.36133;0.37109;0.38086;0.39063;0.40039;0.41016;0.41992;0.42969;0.43945;0.44922;0.45898;0.46875;0.47852;0.48828;0.49805;0.50781;0.51758;0.52734;0.53711;0.54688;0.55664;0.56641;0.57617;0.58594;0.5957;0.60547;0.61523;0.625;0.63477;0.64453;0.6543;0.66406;0.67383;0.68359;0.69336;0.70313;0.71289;0.72266;0.73242;0.74219;0.75195;0.76172;0.77148;0.78125;0.79102,0.001875968;0.0037898240000000002;0.0046295039999999996;0.002886656;0.005177344;0.009467904000000001;0.010289152;0.008271872;0.010251264000000001;0.015612928;0.016831488000000002;0.0146944;0.013111296;0.016838656;0.026827776;0.021909503999999996;0.015761408;0.010443776;0.006971392;0.007443456;0.007576576;0.006520832000000001;0.004125696;0.0034385919999999994;0.003007488;0.002258944;0.002108416;0.002204672;0.002244608;0.002148352;0.001911808;0.001486848;0.00128512;0.0016424959999999998;0.001574912;0.0009216000000000001;0.000637952;0.000533504;0.000497664;0.000381952;0.000371712;0.000421888;0.00040550399999999994;0.000366592;0.000351232;0.000283648;0.00020172799999999998;0.000125952;0.000144384;0.000132096;0.000137216;0.00013311999999999997;0.00012390399999999998;0.000161792;0.00013311999999999997;0.000142336;0.000126976;0.000136192;0.000190464;0.00022016;0.000172032;0.00010137599999999999;0.000105472;8.0896e-05;8.2944e-05;0.000118784;0.000152576;0.000197632;0.000183296;0.000244736;0.000221184;0.000211968;0.000262144;0.00028774400000000004;0.00030412799999999997;0.00027648;0.000269312;0.000401408;0.000505856
1789086600,hdr,0.0293;0.03906;0.04883;0.05859;0.06836;0.07813;0.08789;0.09766;0.10742;0.11719;0.12695;0.13672;0.14648;0.15625;0.16602;0.17578;0.18555;0.19531;0.20508;0.21484;0.22461;0.23438;0.24414;0.25391;0.26367;0.27344;0.2832;0.29297;0.30273;0.3125;0.32227;0.33203;0.3418;0.35156;0.36133;0.37109;0.38086;0.39063;0.40039;0.41016;0.41992;0.42969;0.43945;0.44922;0.45898;0.46875;0.47852;0.48828;0.49805;0.50781;0.51758;0.52734;0.53711;0.54688;0.55664;0.56641;0.57617;0.58594;0.5957;0.60547;0.61523;0.625;0.63477;0.64453;0.6543;0.66406;0.67383;0.68359;0.69336;0.70313;0.71289;0.72266;0.73242;0.74219;0.75195;0.76172;0.77148;0.78125;0.79102,0.00133632;0.0010956800000000001;0.000592896;0.0008048640000000001;0.003625984;0.004837376;0.005009407999999999;0.014893056;0.020553728;0.017225728;0.023035904;0.01755648;0.017486848;0.017593343999999997;0.034683903999999995;0.028022784;0.01541632;0.008252416;0.004349952;0.006163456;0.006218752;0.0057477119999999994;0.00502272;0.005248;0.005320704;0.004175872000000001;0.003575808;0.002976768;0.002193408;0.00208896;0.0014704639999999999;0.001122304;0.001726464;0.001325056;0.000966656;0.0007055360000000001;0.0004956159999999999;0.000638976;0.00082432;0.0007393279999999999;0.0006656;0.0005898240000000001;0.00047308800000000003;0.000371712;0.00026112;0.000165888;0.00020889599999999997;0.0003072;0.00021913599999999998;0.000241664;0.00023040000000000002;0.000269312;0.000207872;0.000167936;0.000175104;0.000195584;0.00020889599999999997;0.000190464;0.000180224;0.00016384;0.00013824;0.000162816;0.00013311999999999997;9.932800000000001e-05;6.8608e-05;0.000118784;0.00013311999999999997;0.00010649599999999999;8.6016e-05;0.00011161600000000001;9.3184e-05;7.68e-05;0.00013311999999999997;0.000157696;0.00014335999999999998;0.000118784;0.00011571199999999999;0.000126976;0.000169984
1789087500,hdr,0.0293;0.03906;0.04883;0.05859;0.06836;0.07813;0.08789;0.09766;0.10742;0.11719;0.12695;0.13672;0.14648;0.15625;0.16602;0.17578;0.18555;0.19531;0.20508;0.21484;0.22461;0.23438;0.24414;0.25391;0.26367;0.27344;0.2832;0.29297;0.30273;0.3125;0.32227;0.33203;0.3418;0.35156;0.36133;0.37109;0.38086;0.39063;0.40039;0.41016;0.41992;0.42969;0.43945;0.44922;0.45898;0.46875;0.47852;0.48828;0.49805;0.50781;0.51758;0.52734;0.53711;0.54688;0.55664;0.56641;0.57617;0.58594;0.5957;0.60547;0.61523;0.625;0.63477;0.64453;0.6543;0.66406;0.67383;0.68359;0.69336;0.70313;0.71289;0.72266;0.73242;0.74219;0.75195;0.76172;0.77148;0.78125;0.79102,0.003141632;0.007170048000000001;0.005499904;0.0029409279999999998;0.00258048;0.003986432;0.007994368;0.01147904;0.01083392;0.019326976;0.026566655999999998;0.028829696;0.02434048;0.021135359999999995;0.022025216;0.018920448;0.010440704;0.007977984;0.006490112;0.00435712;0.004143104;0.004573184;0.005351424;0.004033536;0.003059712;0.0022425599999999998;0.0016384000000000001;0.001779712;0.00138752;0.001388544;0.00146944;0.001384448;0.0010373119999999999;0.00105472;0.001503232;0.000805888;0.000555008;0.0006963200000000001;0.000801792;0.0008447999999999999;0.000918528;0.000535552;0.00057856;0.000376832;0.00040345599999999995;0.00035532799999999997;0.00028774400000000004;0.0003328;0.000275456;0.00028774400000000004;0.000237568;0.000164864;0.00016384;0.00019968;0.000278528;0.000249856;0.000303104;0.00030208000000000004;0.000216064;0.00010649599999999999;0.00012288000000000002;0.00022016;0.00021913599999999998;0.0001536;0.000120832;9.932800000000001e-05;0.00013516800000000002;0.000162816;0.000114688;9.8304e-05;8.192e-05;0.000142336;0.00015052799999999998;0.000156672;0.000131072;7.8848e-05;7.372800000000001e-05;7.475199999999999e-05;6.0416e-05
1789089300,hdr,0.0293;0.03906;0.04883;0.05859;0.06836;0.07813;0.08789;0.09766;0.10742;0.11719;0.12695;0.13672;0.14648;0.15625;0.16602;0.17578;0.18555;0.19531;0.20508;0.21484;0.22461;0.23438;0.24414;0.25391;0.26367;0.27344;0.2832;0.29297;0.30273;0.3125;0.32227;0.33203;0.3418;0.35156;0.36133;0.37109;0.38086;0.39063;0.40039;0.41016;0.41992;0.42969;0.43945;0.44922;0.45898;0.46875;0.47852;0.48828;0.49805;0.50781;0.51758;0.52734;0.53711;0.54688;0.55664;0.56641;0.57617;0.58594;0.5957;0.60547;0.61523;0.625;0.63477;0.64453;0.6543;0.66406;0.67383;0.68359;0.69336;0.70313;0.71289;0.72266;0.73242;0.74219;0.75195;0.76172;0.77148;0.78125;0.79102,0.001103872;0.001352704;0.001542144;0.001069056;0.00109056;0.0069632;0.009536512;0.014061568;0.021915648;0.028920832;0.021951488;0.027230208000000002;0.04084838400000001;0.04123136;0.041448448;0.030715904;0.02070016;0.006733824;0.003779584;0.003187712;0.0035348480000000006;0.00305664;0.0036730879999999997;0.004580352000000001;0.004172799999999999;0.003291136;0.0024576;0.0014028799999999998;0.00119808;0.0018288640000000001;0.001818624;0.001455104;0.001181696;0.001286144;0.00083968;0.00048127999999999995;0.0007372800000000001;0.000656384;0.000653312;0.000365568;0.000385024;0.000466944;0.0005632;0.00080384;0.000492544;0.000258048;0.000331776;0.00034099200000000003;0.00034201599999999995;0.000227328;0.000251904;0.000387072;0.00039628799999999996;0.000283648;0.00023244799999999998;0.000205824;0.00014848;0.00014745600000000002;0.000160768;0.000130048;9.6256e-05;0.000180224;0.00014335999999999998;0.000152576;8.704000000000001e-05;0.000125952;0.00010444799999999999;0.000100352;0.000129024;9.728e-05;0.000126976;0.000131072;0.000141312;0.00010649599999999999;9.932800000000001e-05;0.000108544;8.9088e-05;6.0416e-05;6.655999999999999e-05
1789090200,hdr,0.0293;0.03906;0.04883;0.05859;0.06836;0.07813;0.08789;0.09766;0.10742;0.11719;0.12695;0.13672;0.14648;0.15625;0.16602;0.17578;0.18555;0.19531;0.20508;0.21484;0.22461;0.23438;0.24414;0.25391;0.26367;0.27344;0.2832;0.29297;0.30273;0.3125;0.32227;0.33203;0.3418;0.35156;0.36133;0.37109;0.38086;0.39063;0.40039;0.41016;0.41992;0.42969;0.43945;0.44922;0.45898;0.46875;0.47852;0.48828;0.49805;0.50781;0.51758;0.52734;0.53711;0.54688;0.55664;0.56641;0.57617;0.58594;0.5957;0.60547;0.61523;0.625;0.63477;0.64453;0.6543;0.66406;0.67383;0.68359;0.69336;0.70313;0.71289;0.72266;0.73242;0.74219;0.75195;0.76172;0.77148;0.78125;0.79102,0.00047820800000000004;0.00091136;0.002802688;0.0020910079999999997;0.0017305600000000001;0.0038952960000000003;0.004657152;0.010182655999999998;0.015890432;0.034723840000000006;0.037976064;0.034832384;0.026689536;0.030973952000000003;0.027743232;0.013453312;0.012760064;0.008341504000000001;0.005649408000000001;0.004644864;0.004399104;0.004359168000000001;0.003874816;0.0034181119999999996;0.003446784;0.002081792;0.0034416639999999997;0.00338944;0.002316288;0.0014827520000000002;0.0013680639999999998;0.0011714560000000002;0.0012165119999999999;0.0015738879999999998;0.0015943679999999999;0.0010475520000000002;0.000879616;0.00092672;0.0008366080000000001;0.000748544;0.00046592000000000004;0.000543744;0.00044339199999999997;0.000412672;0.0004956159999999999;0.000393216;0.00034201599999999995;0.000224256;0.00033689599999999994;0.000256;0.00027033600000000004;0.000217088;0.000183296;0.000284672;0.000331776;0.00031129599999999997;0.000197632;0.00014848;0.000152576;0.000159744;0.00015052799999999998;0.00017408000000000001;0.00012288000000000002;0.000175104;0.000167936;0.00013824;9.0112e-05;9.728e-05;7.372800000000001e-05;9.113599999999999e-05;0.00011264;9.6256e-05;9.216000000000001e-05;8.704000000000001e-05;7.782399999999999e-05;5.5296e-05;7.475199999999999e-05;0.00010137599999999999;5.5296e-05
1789091100,hdr,0.0293;0.03906;0.04883;0.05859;0.06836;0.07813;0.08789;0.09766;0.10742;0.11719;0.12695;0.13672;0.14648;0.15625;0.16602;0.17578;0.18555;0.19531;0.20508;0.21484;0.22461;0.23438;0.24414;0.25391;0.26367;0.27344;0.2832;0.29297;0.30273;0.3125;0.32227;0.33203;0.3418;0.35156;0.36133;0.37109;0.38086;0.39063;0.40039;0.41016;0.41992;0.42969;0.43945;0.44922;0.45898;0.46875;0.47852;0.48828;0.49805;0.50781;0.51758;0.52734;0.53711;0.54688;0.55664;0.56641;0.57617;0.58594;0.5957;0.60547;0.61523;0.625;0.63477;0.64453;0.6543;0.66406;0.67383;0.68359;0.69336;0.70313;0.71289;0.72266;0.73242;0.74219;0.75195;0.76172;0.77148;0.78125;0.79102,0.003617792;0.00653824;0.008469504000000001;0.004374527999999999;0.001195008;0.003756032;0.0034078719999999997;0.004683776;0.008961024;0.01627648;0.030742527999999998;0.039659520000000004;0.047459328;0.080177152;0.051675135999999997;0.022170624;0.015430656000000001;0.010486783999999999;0.008832;0.005832703999999999;0.0038410239999999997;0.0035717120000000003;0.0034498560000000003;0.003328;0.0026439680000000004;0.003667968;0.002757632;0.0020736;0.002880512;0.002496512;0.00178688;0.001893376;0.001289216;0.001329152;0.0012646399999999998;0.000653312;0.000557056;0.000674816;0.000658432;0.00063488;0.000413696;0.000512;0.0005867520000000001;0.000427008;0.000228352;0.00026623999999999994;0.00030208000000000004;0.000252928;0.00036147200000000005;0.00032870400000000003;0.00028671999999999997;0.00023552000000000002;0.00021401600000000003;0.000152576;0.00017715200000000003;0.000160768;0.000159744;0.0001792;0.00012185600000000001;7.8848e-05;9.728e-05;0.00018227199999999998;0.000164864;0.00014745600000000002;0.000136192;0.00013311999999999997;0.00013824;0.000113664;0.000129024;0.00018534400000000002;0.000116736;6.8608e-05;8.9088e-05;8.3968e-05;5.7344e-05;6.758400000000001e-05;0.00013516800000000002;9.6256e-05;6.5536e-05
1789092000,hdr,0.0293;0.03906;0.04883;0.05859;0.06836;0.07813;0.08789;0.09766;0.10742;0.11719;0.12695;0.13672;0.14648;0.15625;0.16602;0.17578;0.18555;0.19531;0.20508;0.21484;0.22461;0.23438;0.24414;0.25391;0.26367;0.27344;0.2832;0.29297;0.30273;0.3125;0.32227;0.33203;0.3418;0.35156;0.36133;0.37109;0.38086;0.39063;0.40039;0.41016;0.41992;0.42969;0.43945;0.44922;0.45898;0.46875;0.47852;0.48828;0.49805;0.50781;0.51758;0.52734;0.53711;0.54688;0.55664;0.56641;0.57617;0.58594;0.5957;0.60547;0.61523;0.625;0.63477;0.64453;0.6543;0.66406;0.67383;0.68359;0.69336;0.70313;0.71289;0.72266;0.73242;0.74219;0.75195;0.76172;0.77148;0.78125;0.79102,0.001637376;0.0011366400000000002;0.0006676480000000001;0.001738752;0.003600384;0.004370432;0.0037918720000000004;0.00464384;0.013826048;0.022926336;0.034270207999999996;0.028593151999999997;0.044293120000000005;0.057053184;0.04418048;0.024920064;0.014946304;0.007410688;0.006005760000000001;0.002646016;0.003780608;0.005960704;0.005865472;0.004856831999999999;0.0046714880000000005;0.003683328;0.002637824;0.003150848;0.002968576;0.0022937599999999997;0.0022405119999999996;0.001618944;0.0019650559999999997;0.00241152;0.0015656959999999999;0.000941056;0.0008468480000000001;0.0005918719999999999;0.000671744;0.000723968;0.000776192;0.00082944;0.000763904;0.000520192;0.00050176;0.00047411199999999995;0.00026112;0.00029593599999999995;0.00024371200000000001;0.00023142399999999999;0.000246784;0.000244736;0.000326656;0.00030208000000000004;0.000289792;0.000227328;0.00023552000000000002;0.000178176;0.000173056;0.00018227199999999998;0.00010240000000000001;0.000128;0.00010649599999999999;5.5296e-05;0.00012288000000000002;0.00012390399999999998;0.00014540800000000003;0.00011571199999999999;0.00011571199999999999;8.192e-05;0.00011264;0.000141312;0.00012288000000000002;7.270400000000001e-05;0.00010752000000000001;8.704000000000001e-05;7.9872e-05;0.000114688;0.00011161600000000001
1789092900,hdr,0.0293;0.03906;0.04883;0.05859;0.06836;0.07813;0.08789;0.09766;0.10742;0.11719;0.12695;0.13672;0.14648;0.15625;0.16602;0.17578;0.18555;0.19531;0.20508;0.21484;0.22461;0.23438;0.24414;0.25391;0.26367;0.27344;0.2832;0.29297;0.30273;0.3125;0.32227;0.33203;0.3418;0.35156;0.36133;0.37109;0.38086;0.39063;0.40039;0.41016;0.41992;0.42969;0.43945;0.44922;0.45898;0.46875;0.47852;0.48828;0.49805;0.50781;0.51758;0.52734;0.53711;0.54688;0.55664;0.56641;0.57617;0.58594;0.5957;0.60547;0.61523;0.625;0.63477;0.64453;0.6543;0.66406;0.67383;0.68359;0.69336;0.70313;0.71289;0.72266;0.73242;0.74219;0.75195;0.76172;0.77148;0.78125;0.79102,0.001519616;0.00283648;0.003013632;0.001646592;0.0034908160000000003;0.0047912960000000004;0.00375808;0.010326016;0.01408;0.023348223999999997;0.031025151999999997;0.058923008;0.055240703999999995;0.039692288;0.031331328;0.020173824;0.013945856;0.01010176;0.007151616;0.004472832;0.004830208;0.005233664;0.004047872;0.00354304;0.0036730879999999997;0.0027269119999999997;0.003171328;0.002076672;0.0023275519999999997;0.003134464;0.0022702079999999997;0.002111488;0.0014796800000000001;0.00167936;0.00133632;0.00128512;0.000780288;0.000601088;0.0005478400000000001;0.000644096;0.000720896;0.000592896;0.00037376;0.000625664;0.0005683200000000001;0.0005232639999999998;0.00035532799999999997;0.00035430400000000006;0.00033689599999999994;0.000282624;0.000237568;0.00023244799999999998;0.000246784;0.000237568;0.000275456;0.00017408000000000001;0.000262144;0.00030105599999999996;0.000257024;0.000162816;8.0896e-05;0.000160768;0.00015052799999999998;0.000141312;0.00010649599999999999;0.00015872;0.000222208;0.000162816;0.000142336;0.000129024;0.000103424;0.00011161600000000001;0.00015052799999999998;0.000110592;8.3968e-05;8.9088e-05;0.00013824;0.00011776000000000001;0.00011264
1789093800,hdr,0.0293;0.03906;0.04883;0.05859;0.06836;0.07813;0.08789;0.09766;0.10742;0.11719;0.12695;0.13672;0.14648;0.15625;0.16602;0.17578;0.18555;0.19531;0.20508;0.21484;0.22461;0.23438;0.24414;0.25391;0.26367;0.27344;0.2832;0.29297;0.30273;0.3125;0.32227;0.33203;0.3418;0.35156;0.36133;0.37109;0.38086;0.39063;0.40039;0.41016;0.41992;0.42969;0.43945;0.44922;0.45898;0.46875;0.47852;0.48828;0.49805;0.50781;0.51758;0.52734;0.53711;0.54688;0.55664;0.56641;0.57617;0.58594;0.5957;0.60547;0.61523;0.625;0.63477;0.64453;0.6543;0.66406;0.67383;0.68359;0.69336;0.70313;0.71289;0.72266;0.73242;0.74219;0.75195;0.76172;0.77148;0.78125;0.79102,0.00045568;0.0008663039999999999;0.0010752000000000001;0.000642048;0.00122368;0.003103744;0.003908608;0.008930304;0.013200384;0.018534400000000003;0.02766848;0.048295936;0.055043072;0.032804864;0.02386432;0.014680064;0.013284352000000001;0.005444607999999999;0.002956288;0.003325952;0.0035327999999999996;0.003431424;0.00285696;0.0024883199999999996;0.002382848;0.002895872;0.001654784;0.00135168;0.0020572159999999997;0.002581504;0.0019394560000000002;0.0021780479999999997;0.002238464;0.0013639680000000001;0.0013404159999999999;0.0011509760000000002;0.000559104;0.000461824;0.000461824;0.000636928;0.00073216;0.000671744;0.000565248;0.0006225919999999999;0.00038912;0.000316416;0.000279552;0.000251904;0.00022016;0.000186368;0.00021299199999999998;0.000217088;0.000277504;0.000188416;0.0001536;0.000116736;0.000118784;0.000210944;0.00024780799999999997;0.00021504000000000003;0.00014848;0.000120832;0.000164864;0.00015872;0.000130048;0.00011571199999999999;0.00010240000000000001;8.704000000000001e-05;7.8848e-05;7.9872e-05;0.00010444799999999999;8.2944e-05;8.0896e-05;9.932800000000001e-05;8.8064e-05;9.113599999999999e-05;8.4992e-05;9.113599999999999e-05;0.000118784
1789094700,hdr,0.0293;0.03906;0.04883;0.05859;0.06836;0.07813;0.08789;0.09766;0.10742;0.11719;0.12695;0.13672;0.14648;0.15625;0.16602;0.17578;0.18555;0.19531;0.20508;0.21484;0.22461;0.23438;0.24414;0.25391;0.26367;0.27344;0.2832;0.29297;0.30273;0.3125;0.32227;0.33203;0.3418;0.35156;0.36133;0.37109;0.38086;0.39063;0.40039;0.41016;0.41992;0.42969;0.43945;0.44922;0.45898;0.46875;0.47852;0.48828;0.49805;0.50781;0.51758;0.52734;0.53711;0.54688;0.55664;0.56641;0.57617;0.58594;0.5957;0.60547;0.61523;0.625;0.63477;0.64453;0.6543;0.66406;0.67383;0.68359;0.69336;0.70313;0.71289;0.72266;0.73242;0.74219;0.75195;0.76172;0.77148;0.78125;0.79102,0.000872448;0.0018944;0.0012625919999999999;0.000400384;0.0008765439999999999;0.0045322240000000005;0.011104256;0.010431488;0.011794432;0.019055616;0.021453824;0.027859968;0.04466688;0.058688512000000005;0.029360128;0.014410752;0.008679424;0.004499456;0.0037150720000000003;0.002354176;0.0047216639999999995;0.0059340799999999996;0.003273728;0.0027453439999999994;0.002909184;0.0024084479999999997;0.001414144;0.0017336320000000001;0.002107392;0.001488896;0.001119232;0.001451008;0.001755136;0.00152576;0.001330176;0.0012032;0.0010649599999999998;0.000877568;0.00090112;0.0006574080000000001;0.00046796800000000003;0.00077824;0.0006696959999999999;0.000659456;0.000647168;0.00037068800000000004;0.000415744;0.000421888;0.00031129599999999997;0.000344064;0.00023654400000000002;0.000310272;0.00040960000000000004;0.000421888;0.000319488;0.00019865600000000002;0.000137216;0.0001792;0.00011264;0.000120832;0.00011264;0.000124928;8.192e-05;0.000114688;0.000130048;0.00011980799999999999;9.216000000000001e-05;0.000125952;0.00014540800000000003;0.000103424;8.8064e-05;7.270400000000001e-05;0.00010137599999999999;0.000114688;0.000105472;8.4992e-05;8.3968e-05;7.5776e-05;5.1200000000000004e-05
1789095600,hdr,0.0293;0.03906;0.04883;0.05859;0.06836;0.07813;0.08789;0.09766;0.10742;0.11719;0.12695;0.13672;0.14648;0.15625;0.16602;0.17578;0.18555;0.19531;0.20508;0.21484;0.22461;0.23438;0.24414;0.25391;0.26367;0.27344;0.2832;0.29297;0.30273;0.3125;0.32227;0.33203;0.3418;0.35156;0.36133;0.37109;0.38086;0.39063;0.40039;0.41016;0.41992;0.42969;0.43945;0.44922;0.45898;0.46875;0.47852;0.48828;0.49805;0.50781;0.51758;0.52734;0.53711;0.54688;0.55664;0.56641;0.57617;0.58594;0.5957;0.60547;0.61523;0.625;0.63477;0.64453;0.6543;0.66406;0.67383;0.68359;0.69336;0.70313;0.71289;0.72266;0.73242;0.74219;0.75195;0.76172;0.77148;0.78125;0.79102,0.000924672;0.0018841600000000002;0.001726464;0.0018687999999999999;0.000531456;0.0016691199999999998;0.0045895680000000005;0.009925632;0.016776192000000002;0.026638336;0.02928128;0.038521856;0.07234457600000001;0.050625536;0.027384831999999998;0.01424384;0.006211584;0.009524224;0.006174719999999999;0.004337664;0.00295424;0.002163712;0.0031887359999999997;0.002922496;0.001632256;0.0017663999999999998;0.0019937279999999997;0.001686528;0.001359872;0.001061888;0.001281024;0.001217536;0.0008202239999999999;0.001016832;0.0012113920000000002;0.00070656;0.00041676800000000003;0.0009738240000000001;0.0018513919999999999;0.0014172160000000002;0.0008704;0.0006225919999999999;0.000436224;0.000623616;0.00070656;0.00039423999999999997;0.00047104000000000004;0.000347136;0.00027648;0.00033484799999999995;0.0003584;0.00041472;0.000360448;0.00029798400000000005;0.00022528;0.000227328;0.000206848;0.000218112;0.000192512;0.00016896;0.00018739199999999998;0.000210944;0.000228352;0.00019456;0.00013516800000000002;0.00012390399999999998;0.00015564799999999998;0.000176128;0.000167936;0.00015052799999999998;0.000152576;0.000118784;8.0896e-05;7.372800000000001e-05;0.00011264;0.00010240000000000001;0.00013311999999999997;0.000103424;8.3968e-05
1789096500,hdr,0.0293;0.03906;0.04883;0.05859;0.06836;0.07813;0.08789;0.09766;0.10742;0.11719;0.12695;0.13672;0.14648;0.15625;0.16602;0.17578;0.18555;0.19531;0.20508;0.21484;0.22461;0.23438;0.24414;0.25391;0.26367;0.27344;0.2832;0.29297;0.30273;0.3125;0.32227;0.33203;0.3418;0.35156;0.36133;0.37109;0.38086;0.39063;0.40039;0.41016;0.41992;0.42969;0.43945;0.44922;0.45898;0.46875;0.47852;0.48828;0.49805;0.50781;0.51758;0.52734;0.53711;0.54688;0.55664;0.56641;0.57617;0.58594;0.5957;0.60547;0.61523;0.625;0.63477;0.64453;0.6543;0.66406;0.67383;0.68359;0.69336;0.70313;0.71289;0.72266;0.73242;0.74219;0.75195;0.76172;0.77148;0.78125;0.79102,0.002188288;0.004668415999999999;0.003405824;0.00019968;0.000756736;0.005233664;0.008019968;0.01283584;0.011155455999999998;0.017681408;0.025669632;0.037864448;0.048019455999999995;0.042023936000000005;0.023846912;0.013152256;0.012080128;0.00653824;0.004789247999999999;0.002910208;0.002704384;0.00314368;0.002071552;0.001792;0.0023203839999999996;0.0020838399999999996;0.00193536;0.002207744;0.0022272;0.001467392;0.0009041920000000001;0.000882688;0.000840704;0.0011284479999999998;0.000900096;0.000917504;0.000927744;0.000617472;0.000919552;0.0010762240000000002;0.001180672;0.000989184;0.000896;0.0007413760000000001;0.00048127999999999995;0.000400384;0.000441344;0.0004352;0.000448512;0.000349184;0.0003584;0.000283648;0.00039423999999999997;0.00037888;0.000288768;0.000176128;0.00014745600000000002;0.000178176;0.00020275199999999997;0.000234496;0.000175104;0.000139264;0.00012288000000000002;0.000162816;0.000175104;0.000151552;0.00014643200000000002;0.00015872;0.000156672;0.000116736;0.000105472;0.00011161600000000001;0.000132096;0.000152576;0.000136192;7.5776e-05;6.655999999999999e-05;9.4208e-05;8.2944e-05
1789097400,hdr,0.0293;0.03906;0.04883;0.05859;0.06836;0.07813;0.08789;0.09766;0.10742;0.11719;0.12695;0.13672;0.14648;0.15625;0.16602;0.17578;0.18555;0.19531;0.20508;0.21484;0.22461;0.23438;0.24414;0.25391;0.26367;0.27344;0.2832;0.29297;0.30273;0.3125;0.32227;0.33203;0.3418;0.35156;0.36133;0.37109;0.38086;0.39063;0.40039;0.41016;0.41992;0.42969;0.43945;0.44922;0.45898;0.46875;0.47852;0.48828;0.49805;0.50781;0.51758;0.52734;0.53711;0.54688;0.55664;0.56641;0.57617;0.58594;0.5957;0.60547;0.61523;0.625;0.63477;0.64453;0.6543;0.66406;0.67383;0.68359;0.69336;0.70313;0.71289;0.72266;0.73242;0.74219;0.75195;0.76172;0.77148;0.78125;0.79102,0.002082816;0.0022814719999999997;0.0033802240000000002;0.002828288;0.002952192;0.004706304;0.006276095999999999;0.009370624;0.014803967999999999;0.020532223999999998;0.051562496000000006;0.103491584;0.053188608;0.04455936;0.037981184;0.02011648;0.012502016;0.009047040000000001;0.004419584000000001;0.003127296;0.0017766400000000001;0.002793472;0.004092928;0.004745216;0.003828736;0.00313856;0.002108416;0.0020930559999999994;0.0016384000000000001;0.0009461760000000001;0.00116224;0.000623616;0.000553984;0.000694272;0.0009594880000000001;0.0009912319999999999;0.000765952;0.0007772160000000001;0.0007464960000000001;0.00083968;0.000896;0.0008110079999999999;0.0006696959999999999;0.0006696959999999999;0.000628736;0.0006656;0.0004956159999999999;0.000565248;0.000427008;0.000349184;0.000436224;0.00042291200000000006;0.000379904;0.000253952;0.00018739199999999998;0.000350208;0.00019456;0.000142336;0.00016896;0.000160768;0.000161792;0.000152576;0.000141312;0.00015564799999999998;0.000161792;0.000103424;0.000175104;0.00019968;0.000227328;0.00017100799999999997;0.000136192;0.00018432000000000002;0.00016384;0.000172032;0.000200704;0.00012390399999999998;0.00015462400000000002;0.000131072;0.000120832
1789098300,hdr,0.0293;0.03906;0.04883;0.05859;0.06836;0.07813;0.08789;0.09766;0.10742;0.11719;0.12695;0.13672;0.14648;0.15625;0.16602;0.17578;0.18555;0.19531;0.20508;0.21484;0.22461;0.23438;0.24414;0.25391;0.26367;0.27344;0.2832;0.29297;0.30273;0.3125;0.32227;0.33203;0.3418;0.35156;0.36133;0.37109;0.38086;0.39063;0.40039;0.41016;0.41992;0.42969;0.43945;0.44922;0.45898;0.46875;0.47852;0.48828;0.49805;0.50781;0.51758;0.52734;0.53711;0.54688;0.55664;0.56641;0.57617;0.58594;0.5957;0.60547;0.61523;0.625;0.63477;0.64453;0.6543;0.66406;0.67383;0.68359;0.69336;0.70313;0.71289;0.72266;0.73242;0.74219;0.75195;0.76172;0.77148;0.78125;0.79102,0.004504576;0.0067583999999999995;0.00576;0.0023296;0.000800768;0.003866624;0.008853503999999998;0.008024064;0.00799232;0.018827264;0.029989888;0.049071104;0.07425126400000001;0.07142912;0.039538688;0.016369664;0.012903423999999998;0.00794112;0.0070768639999999996;0.0065187840000000006;0.0052469759999999996;0.00556544;0.004268032;0.0033105920000000002;0.0025384959999999995;0.00374784;0.00246784;0.002214912;0.002689024;0.002245632;0.0017090559999999998;0.0015667199999999997;0.0008447999999999999;0.0008345599999999999;0.00048025600000000003;0.000557056;0.0009748480000000001;0.000899072;0.000738304;0.0009256959999999999;0.0007464960000000001;0.0007495679999999999;0.0007106559999999999;0.000429056;0.000485376;0.0005089280000000001;0.00063488;0.0006778880000000001;0.0005857280000000001;0.000535552;0.00041676800000000003;0.000325632;0.000268288;0.00026521600000000003;0.000224256;0.000217088;0.000180224;0.00027033600000000004;0.00029286400000000005;0.000308224;0.00027648;0.00011161600000000001;0.000218112;0.000195584;0.00021913599999999998;0.000162816;0.000136192;0.000142336;0.00014540800000000003;0.000197632;0.000221184;0.000180224;0.000178176;0.00016691200000000002;0.000196608;0.00014335999999999998;9.113599999999999e-05;0.000124928;9.6256e-05
1789099200,hdr,0.0293;0.03906;0.04883;0.05859;0.06836;0.07813;0.08789;0.09766;0.10742;0.11719;0.12695;0.13672;0.14648;0.15625;0.16602;0.17578;0.18555;0.19531;0.20508;0.21484;0.22461;0.23438;0.24414;0.25391;0.26367;0.27344;0.2832;0.29297;0.30273;0.3125;0.32227;0.33203;0.3418;0.35156;0.36133;0.37109;0.38086;0.39063;0.40039;0.41016;0.41992;0.42969;0.43945;0.44922;0.45898;0.46875;0.47852;0.48828;0.49805;0.50781;0.51758;0.52734;0.53711;0.54688;0.55664;0.56641;0.57617;0.58594;0.5957;0.60547;0.61523;0.625;0.63477;0.64453;0.6543;0.66406;0.67383;0.68359;0.69336;0.70313;0.71289;0.72266;0.73242;0.74219;0.75195;0.76172;0.77148;0.78125;0.79102,0.00198144;0.0069027839999999995;0.01254912;0.010263552000000002;0.007642112;0.007380992;0.012562431999999998;0.010473472;0.00760832;0.027403264;0.038555648;0.049815552;0.058215424;0.068084736;0.061145088;0.024827903999999998;0.012498944;0.007322624;0.005472255999999999;0.005249024000000001;0.003857408;0.004234239999999999;0.004215808;0.0039546880000000005;0.0042414079999999995;0.002915328;0.002646016;0.001979392;0.0020910079999999997;0.001933312;0.001388544;0.00088064;0.001452032;0.001206272;0.001130496;0.001533952;0.0009768959999999999;0.0006952960000000001;0.000631808;0.0008560640000000001;0.001069056;0.000840704;0.0007352319999999999;0.000662528;0.000726016;0.000429056;0.000520192;0.000528384;0.000494592;0.00048742400000000003;0.000529408;0.000638976;0.0007557120000000001;0.000466944;0.00031232;0.000196608;0.000186368;0.000228352;0.000188416;0.00023040000000000002;0.000253952;0.000211968;0.00023552000000000002;0.00020377600000000002;0.000116736;0.00014950399999999998;0.00018227199999999998;0.00020377600000000002;0.00017100799999999997;0.000118784;0.000173056;0.000152576;0.000142336;0.000137216;0.000124928;0.00011161600000000001;0.00016691200000000002;0.00018534400000000002;0.000156672
1789100100,hdr,0.0293;0.03906;0.04883;0.05859;0.06836;0.07813;0.08789;0.09766;0.10742;0.11719;0.12695;0.13672;0.14648;0.15625;0.16602;0.17578;0.18555;0.19531;0.20508;0.21484;0.22461;0.23438;0.24414;0.25391;0.26367;0.27344;0.2832;0.29297;0.30273;0.3125;0.32227;0.33203;0.3418;0.35156;0.36133;0.37109;0.38086;0.39063;0.40039;0.41016;0.41992;0.42969;0.43945;0.44922;0.45898;0.46875;0.47852;0.48828;0.49805;0.50781;0.51758;0.52734;0.53711;0.54688;0.55664;0.56641;0.57617;0.58594;0.5957;0.60547;0.61523;0.625;0.63477;0.64453;0.6543;0.66406;0.67383;0.68359;0.69336;0.70313;0.71289;0.72266;0.73242;0.74219;0.75195;0.76172;0.77148;0.78125;0.79102,0.002180096;0.004457472;0.004083712000000001;0.001678336;0.001910784;0.005255168;0.006975488;0.008119296;0.010125312;0.023408639999999998;0.044293120000000005;0.072397824;0.06932172799999999;0.080802816;0.056136704;0.015005696;0.00872448;0.009716735999999998;0.007914496;0.004655103999999999;0.005286912;0.0048732160000000005;0.002655232;0.002635776;0.00339968;0.002489344;0.0016445440000000002;0.0018595839999999998;0.002272256;0.002111488;0.001512448;0.001063936;0.00119296;0.00079872;0.00079872;0.000891904;0.0006696959999999999;0.000738304;0.0005632;0.000702464;0.000594944;0.0009349119999999999;0.0012001280000000002;0.000889856;0.000408576;0.000380928;0.000451584;0.000308224;0.000210944;0.000159744;0.00026112;0.000390144;0.000310272;0.0005406720000000001;0.00048025600000000003;0.00040243200000000004;0.000282624;0.000227328;0.00028671999999999997;0.00029388799999999996;0.000258048;0.000246784;0.00025088;0.000256;0.00028774400000000004;0.000144384;0.00014643200000000002;0.0001792;0.00021401600000000003;0.000178176;0.0001536;0.000141312;0.000120832;0.000129024;0.00015872;0.000176128;0.000152576;0.00011776000000000001;0.00015564799999999998
1789101000,hdr,0.0293;0.03906;0.04883;0.05859;0.06836;0.07813;0.08789;0.09766;0.10742;0.11719;0.12695;0.13672;0.14648;0.15625;0.16602;0.17578;0.18555;0.19531;0.20508;0.21484;0.22461;0.23438;0.24414;0.25391;0.26367;0.27344;0.2832;0.29297;0.30273;0.3125;0.32227;0.33203;0.3418;0.35156;0.36133;0.37109;0.38086;0.39063;0.40039;0.41016;0.41992;0.42969;0.43945;0.44922;0.45898;0.46875;0.47852;0.48828;0.49805;0.50781;0.51758;0.52734;0.53711;0.54688;0.55664;0.56641;0.57617;0.58594;0.5957;0.60547;0.61523;0.625;0.63477;0.64453;0.6543;0.66406;0.67383;0.68359;0.69336;0.70313;0.71289;0.72266;0.73242;0.74219;0.75195;0.76172;0.77148;0.78125;0.79102,0.002066432;0.004035584;0.0028846080000000003;0.003419136;0.0021329920000000002;0.003149824;0.0035932159999999998;0.00498688;0.011662335999999999;0.026013696;0.039153664;0.050671616;0.054248448000000005;0.06912716799999999;0.062589952;0.028427264;0.013323264;0.009829376;0.0051271680000000005;0.005878784;0.0059740159999999995;0.004998144;0.0029061119999999998;0.002661376;0.002550784;0.001865728;0.002250752;0.002184192;0.00141824;0.000805888;0.000687104;0.001325056;0.001099776;0.000719872;0.0008325120000000001;0.000715776;0.000800768;0.000756736;0.001102848;0.00101888;0.0008663039999999999;0.0005713920000000001;0.000538624;0.000771072;0.000676864;0.00048025600000000003;0.00044339199999999997;0.0005560319999999999;0.000449536;0.000429056;0.000456704;0.000303104;0.00045568;0.000379904;0.00018227199999999998;0.000228352;0.000221184;0.000288768;0.000210944;0.000191488;0.00018124799999999998;0.000277504;0.000256;0.000256;0.00023961599999999998;0.000229376;0.00018432000000000002;0.000162816;0.000151552;0.00015564799999999998;0.000141312;0.000167936;0.000249856;0.00014745600000000002;0.00010956799999999999;0.0001536;0.000162816;0.00014950399999999998;0.00019456
1789101900,hdr,0.0293;0.03906;0.04883;0.05859;0.06836;0.07813;0.08789;0.09766;0.10742;0.11719;0.12695;0.13672;0.14648;0.15625;0.16602;0.17578;0.18555;0.19531;0.20508;0.21484;0.22461;0.23438;0.24414;0.25391;0.26367;0.27344;0.2832;0.29297;0.30273;0.3125;0.32227;0.33203;0.3418;0.35156;0.36133;0.37109;0.38086;0.39063;0.40039;0.41016;0.41992;0.42969;0.43945;0.44922;0.45898;0.46875;0.47852;0.48828;0.49805;0.50781;0.51758;0.52734;0.53711;0.54688;0.55664;0.56641;0.57617;0.58594;0.5957;0.60547;0.61523;0.625;0.63477;0.64453;0.6543;0.66406;0.67383;0.68359;0.69336;0.70313;0.71289;0.72266;0.73242;0.74219;0.75195;0.76172;0.77148;0.78125;0.79102,0.0023265280000000004;0.004346879999999999;0.006196224;0.0026480640000000003;0.002101248;0.004952064;0.010929152;0.007863296;0.007081984;0.020969472;0.043821056;0.044766208;0.07133798400000001;0.08622387200000001;0.043575296;0.018940928;0.012980224;0.007417856;0.0060856320000000005;0.008321024;0.0031938559999999997;0.002787328;0.005762048;0.003125248;0.002741248;0.0025374720000000003;0.001998848;0.0012195840000000001;0.000769024;0.001015808;0.001687552;0.001664;0.00128;0.000873472;0.001119232;0.000878592;0.001028096;0.00101888;0.00047206399999999996;0.000381952;0.0008509440000000001;0.0009021439999999999;0.0006778880000000001;0.0006502400000000001;0.00065536;0.000502784;0.000503808;0.0005713920000000001;0.00046284799999999997;0.00046592000000000004;0.000512;0.000524288;0.000351232;0.00030208000000000004;0.000427008;0.000561152;0.0005324799999999999;0.000222208;0.00029081600000000006;0.00030105599999999996;0.000335872;0.00031129599999999997;0.000329728;0.000279552;0.000263168;0.000196608;0.000175104;0.000251904;0.00029696;0.00019456;0.00022016;0.000131072;0.000139264;0.0001536;0.00011980799999999999;0.000129024;0.000157696;0.000206848;0.000221184
1789102800,hdr,0.0293;0.03906;0.04883;0.05859;0.06836;0.07813;0.08789;0.09766;0.10742;0.11719;0.12695;0.13672;0.14648;0.15625;0.16602;0.17578;0.18555;0.19531;0.20508;0.21484;0.22461;0.23438;0.24414;0.25391;0.26367;0.27344;0.2832;0.29297;0.30273;0.3125;0.32227;0.33203;0.3418;0.35156;0.36133;0.37109;0.38086;0.39063;0.40039;0.41016;0.41992;0.42969;0.43945;0.44922;0.45898;0.46875;0.47852;0.48828;0.49805;0.50781;0.51758;0.52734;0.53711;0.54688;0.55664;0.56641;0.57617;0.58594;0.5957;0.60547;0.61523;0.625;0.63477;0.64453;0.6543;0.66406;0.67383;0.68359;0.69336;0.70313;0.71289;0.72266;0.73242;0.74219;0.75195;0.76172;0.77148;0.78125;0.79102,0.00164864;0.00263168;0.003168256;0.0010956800000000001;0.0019087359999999999;0.002403328;0.004069376;0.007073792000000001;0.011033600000000001;0.015127551999999999;0.03556864;0.06576025599999999;0.092401664;0.062271488;0.021320704;0.02119168;0.010641408;0.010724352;0.00729088;0.005698559999999999;0.0040366080000000006;0.003872768;0.003270656;0.004192256;0.0026296320000000002;0.002499584;0.0033105920000000002;0.002142208;0.0017766400000000001;0.001333248;0.0007464960000000001;0.000785408;0.001185792;0.0014929920000000003;0.000978944;0.00059392;0.000631808;0.000861184;0.00082432;0.0007372800000000001;0.000766976;0.00087552;0.000807936;0.0005744639999999999;0.00029798400000000005;0.00047308800000000003;0.000633856;0.000561152;0.000427008;0.000485376;0.0003072;0.000316416;0.000339968;0.000351232;0.000365568;0.000432128;0.000449536;0.00034304;0.000475136;0.00033382400000000003;0.0002816;0.000274432;0.00025088;0.000264192;0.000272384;0.000221184;0.000169984;0.000178176;0.000139264;0.00016691200000000002;0.000211968;0.00024576000000000003;0.000192512;0.00015564799999999998;0.000157696;0.00018944;0.000173056;0.000160768;0.000105472
1789103700,hdr,0.0293;0.03906;0.04883;0.05859;0.06836;0.07813;0.08789;0.09766;0.10742;0.11719;0.12695;0.13672;0.14648;0.15625;0.16602;0.17578;0.18555;0.19531;0.20508;0.21484;0.22461;0.23438;0.24414;0.25391;0.26367;0.27344;0.2832;0.29297;0.30273;0.3125;0.32227;0.33203;0.3418;0.35156;0.36133;0.37109;0.38086;0.39063;0.40039;0.41016;0.41992;0.42969;0.43945;0.44922;0.45898;0.46875;0.47852;0.48828;0.49805;0.50781;0.51758;0.52734;0.53711;0.54688;0.55664;0.56641;0.57617;0.58594;0.5957;0.60547;0.61523;0.625;0.63477;0.64453;0.6543;0.66406;0.67383;0.68359;0.69336;0.70313;0.71289;0.72266;0.73242;0.74219;0.75195;0.76172;0.77148;0.78125;0.79102,0.001234944;0.002139136;0.0007116799999999999;0.001118208;0.003492864;0.006588415999999999;0.006418432;0.006612992;0.011634688;0.011610112;0.026820608;0.065468416;0.068503552;0.061821952000000006;0.068528128;0.035422208;0.008470528;0.011041792;0.007883776;0.005071872000000001;0.002861056;0.00255488;0.0030750720000000003;0.003811328;0.0039546880000000005;0.002871296;0.002920448;0.0027893759999999997;0.002295808;0.0012707839999999998;0.00096768;0.0009584639999999999;0.000611328;0.001069056;0.00121344;0.0010178560000000001;0.00063488;0.000878592;0.000671744;0.00059904;0.0009297919999999999;0.000555008;0.000412672;0.000393216;0.000441344;0.000483328;0.00047206399999999996;0.000545792;0.000520192;0.000381952;0.000352256;0.000493568;0.00027033600000000004;0.00039423999999999997;0.0006000640000000001;0.000489472;0.00041472;0.0005888;0.0005847039999999999;0.00040243200000000004;0.00040755200000000004;0.000427008;0.00029798400000000005;0.00020172799999999998;0.000217088;0.00015564799999999998;0.00014335999999999998;0.000176128;0.00024371200000000001;0.000262144;0.000210944;0.00030003200000000004;0.000263168;0.000221184;0.000167936;0.00011776000000000001;0.00019865600000000002;0.000200704;0.000131072
1789104600,hdr,0.0293;0.03906;0.04883;0.05859;0.06836;0.07813;0.08789;0.09766;0.10742;0.11719;0.12695;0.13672;0.14648;0.15625;0.16602;0.17578;0.18555;0.19531;0.20508;0.21484;0.22461;0.23438;0.24414;0.25391;0.26367;0.27344;0.2832;0.29297;0.30273;0.3125;0.32227;0.33203;0.3418;0.35156;0.36133;0.37109;0.38086;0.39063;0.40039;0.41016;0.41992;0.42969;0.43945;0.44922;0.45898;0.46875;0.47852;0.48828;0.49805;0.50781;0.51758;0.52734;0.53711;0.54688;0.55664;0.56641;0.57617;0.58594;0.5957;0.60547;0.61523;0.625;0.63477;0.64453;0.6543;0.66406;0.67383;0.68359;0.69336;0.70313;0.71289;0.72266;0.73242;0.74219;0.75195;0.76172;0.77148;0.78125;0.79102,0.001826816;0.005628928;0.00474112;0.0016404479999999999;0.003974144;0.008276992;0.018350079999999998;0.018202624;0.010292223999999999;0.014176256000000002;0.016973824000000002;0.03299020800000001;0.075685888;0.07959347200000001;0.060484608;0.028850175999999998;0.012404736;0.010398720000000002;0.0111616;0.010391552000000002;0.007370752;0.005997568;0.0037591039999999997;0.0026941440000000003;0.0022814719999999997;0.002861056;0.00281088;0.001970176;0.0017018880000000001;0.0012871680000000002;0.001550336;0.0018257920000000001;0.000979968;0.0011694079999999998;0.001027072;0.000761856;0.000638976;0.000603136;0.00059392;0.000649216;0.001125376;0.000702464;0.000519168;0.0005089280000000001;0.000436224;0.000548864;0.00040755200000000004;0.000444416;0.0005898240000000001;0.0005877759999999999;0.000277504;0.000384;0.000452608;0.000339968;0.000347136;0.000274432;0.000169984;0.000234496;0.00029900799999999997;0.000233472;0.00015052799999999998;0.000284672;0.000242688;0.000167936;0.000144384;0.000172032;0.000275456;0.00030003200000000004;0.000221184;0.000197632;0.00014848;0.00017715200000000003;0.000167936;0.00017408000000000001;0.00018124799999999998;0.00015564799999999998;0.000132096;0.00013824;0.000160768
1789105500,hdr,0.0293;0.03906;0.04883;0.05859;0.06836;0.07813;0.08789;0.09766;0.10742;0.11719;0.12695;0.13672;0.14648;0.15625;0.16602;0.17578;0.18555;0.19531;0.20508;0.21484;0.22461;0.23438;0.24414;0.25391;0.26367;0.27344;0.2832;0.29297;0.30273;0.3125;0.32227;0.33203;0.3418;0.35156;0.36133;0.37109;0.38086;0.39063;0.40039;0.41016;0.41992;0.42969;0.43945;0.44922;0.45898;0.46875;0.47852;0.48828;0.49805;0.50781;0.51758;0.52734;0.53711;0.54688;0.55664;0.56641;0.57617;0.58594;0.5957;0.60547;0.61523;0.625;0.63477;0.64453;0.6543;0.66406;0.67383;0.68359;0.69336;0.70313;0.71289;0.72266;0.73242;0.74219;0.75195;0.76172;0.77148;0.78125;0.79102,0.002436096;0.0028999679999999997;0.001600512;0.00196096;0.0034908160000000003;0.0029655040000000003;0.008353791999999999;0.009760768;0.011485184;0.010153983999999998;0.018640896;0.030350336;0.054738944;0.057551872000000004;0.040142847999999995;0.034547712;0.027817984;0.013314047999999998;0.007407616;0.009048064;0.007486464;0.004931584;0.003909632;0.0038307840000000003;0.002527232;0.002828288;0.002159616;0.002146304;0.003295232;0.002762752;0.0013905920000000002;0.000861184;0.001138688;0.001338368;0.0011427840000000002;0.000760832;0.000816128;0.00061952;0.000551936;0.000444416;0.0005468159999999999;0.00062464;0.001032192;0.0011714560000000002;0.000719872;0.000996352;0.000631808;0.000382976;0.000314368;0.00033382400000000003;0.00041984;0.000323584;0.000267264;0.00022323200000000002;0.00032870400000000003;0.000381952;0.000360448;0.000211968;0.000178176;0.000132096;0.000251904;0.00024371200000000001;0.00018124799999999998;0.000169984;0.00012390399999999998;0.00023859199999999998;0.000193536;0.000116736;0.00014540800000000003;0.000162816;9.932800000000001e-05;0.000118784;0.00015872;0.000129024;7.372800000000001e-05;9.932800000000001e-05;9.728e-05;0.00010956799999999999;0.000108544
1789106400,hdr,0.0293;0.03906;0.04883;0.05859;0.06836;0.07813;0.08789;0.09766;0.10742;0.11719;0.12695;0.13672;0.14648;0.15625;0.16602;0.17578;0.18555;0.19531;0.20508;0.21484;0.22461;0.23438;0.24414;0.25391;0.26367;0.27344;0.2832;0.29297;0.30273;0.3125;0.32227;0.33203;0.3418;0.35156;0.36133;0.37109;0.38086;0.39063;0.40039;0.41016;0.41992;0.42969;0.43945;0.44922;0.45898;0.46875;0.47852;0.48828;0.49805;0.50781;0.51758;0.52734;0.53711;0.54688;0.55664;0.56641;0.57617;0.58594;0.5957;0.60547;0.61523;0.625;0.63477;0.64453;0.6543;0.66406;0.67383;0.68359;0.69336;0.70313;0.71289;0.72266;0.73242;0.74219;0.75195;0.76172;0.77148;0.78125;0.79102,0.00154624;0.002671616;0.0054016;0.003232768;0.00316928;0.009562112000000001;0.018317312000000002;0.012740608;0.010091519999999998;0.011831296;0.022178816000000004;0.050808832000000005;0.06742425599999999;0.059199488;0.073268224;0.0576256;0.02345984;0.014252032;0.014038016000000002;0.00951808;0.00884736;0.008800256;0.006587392000000001;0.004590591999999999;0.0026009600000000003;0.0032348159999999997;0.003326976;0.002456576;0.001666048;0.0013864959999999999;0.0014028799999999998;0.001480704;0.000999424;0.000968704;0.001220608;0.0008837120000000001;0.000769024;0.00117248;0.0010762240000000002;0.0011694079999999998;0.0007106559999999999;0.0005857280000000001;0.000525312;0.000526336;0.00029286400000000005;0.00027033600000000004;0.00036966399999999996;0.000441344;0.00043110399999999997;0.000330752;0.000413696;0.000268288;0.00025088;0.00031744;0.000393216;0.000345088;0.000222208;0.000314368;0.00021913599999999998;0.00032256;0.00017408000000000001;0.00017100799999999997;0.000224256;0.000118784;0.00010137599999999999;0.000141312;0.00016896;0.000216064;0.000164864;0.000105472;0.00014950399999999998;0.000172032;0.000217088;0.000156672;0.000130048;0.000110592;0.000105472;0.00010752000000000001;0.000165888
1789107300,hdr,0.0293;0.03906;0.04883;0.05859;0.06836;0.07813;0.08789;0.09766;0.10742;0.11719;0.12695;0.13672;0.14648;0.15625;0.16602;0.17578;0.18555;0.19531;0.20508;0.21484;0.22461;0.23438;0.24414;0.25391;0.26367;0.27344;0.2832;0.29297;0.30273;0.3125;0.32227;0.33203;0.3418;0.35156;0.36133;0.37109;0.38086;0.39063;0.40039;0.41016;0.41992;0.42969;0.43945;0.44922;0.45898;0.46875;0.47852;0.48828;0.49805;0.50781;0.51758;0.52734;0.53711;0.54688;0.55664;0.56641;0.57617;0.58594;0.5957;0.60547;0.61523;0.625;0.63477;0.64453;0.6543;0.66406;0.67383;0.68359;0.69336;0.70313;0.71289;0.72266;0.73242;0.74219;0.75195;0.76172;0.77148;0.78125;0.79102,0.00650752;0.007975936;0.005692416;0.005423104000000001;0.002939904;0.008725504;0.012812288;0.010492928;0.009959424000000001;0.010942464;0.022787072;0.030806016;0.036023296;0.076931072;0.058202112;0.03466752000000001;0.019462144;0.0137472;0.008253439999999999;0.007272447999999999;0.009708544;0.008659967999999999;0.0050176;0.0037898240000000002;0.004217856000000001;0.003452928;0.00239104;0.0028436480000000003;0.0021964800000000002;0.001253376;0.001026048;0.001065984;0.00097792;0.001110016;0.0009594880000000001;0.000864256;0.0007086080000000001;0.0005703679999999999;0.0008192000000000001;0.0008069119999999999;0.00087552;0.0006912;0.000514048;0.00037376;0.0005099519999999999;0.0004915200000000001;0.00039423999999999997;0.00033484799999999995;0.000387072;0.000274432;0.000191488;0.000272384;0.000356352;0.00036352;0.00020172799999999998;0.000310272;0.000260096;0.00022323200000000002;0.00027340799999999994;0.000172032;0.000157696;0.0001792;0.00021401600000000003;0.000186368;0.000132096;0.000132096;0.00012185600000000001;0.000129024;0.00011776000000000001;0.00011980799999999999;0.0001792;0.00015872;0.000165888;0.000139264;5.7344e-05;6.2464e-05;7.270400000000001e-05;6.8608e-05;9.4208e-05
1789108200,hdr,0.0293;0.03906;0.04883;0.05859;0.06836;0.07813;0.08789;0.09766;0.10742;0.11719;0.12695;0.13672;0.14648;0.15625;0.16602;0.17578;0.18555;0.19531;0.20508;0.21484;0.22461;0.23438;0.24414;0.25391;0.26367;0.27344;0.2832;0.29297;0.30273;0.3125;0.32227;0.33203;0.3418;0.35156;0.36133;0.37109;0.38086;0.39063;0.40039;0.41016;0.41992;0.42969;0.43945;0.44922;0.45898;0.46875;0.47852;0.48828;0.49805;0.50781;0.51758;0.52734;0.53711;0.54688;0.55664;0.56641;0.57617;0.58594;0.5957;0.60547;0.61523;0.625;0.63477;0.64453;0.6543;0.66406;0.67383;0.68359;0.69336;0.70313;0.71289;0.72266;0.73242;0.74219;0.75195;0.76172;0.77148;0.78125;0.79102,0.003093504;0.004175872000000001;0.005945344;0.004099072;0.003728384;0.00269824;0.004777984000000001;0.007742464;0.012290048000000001;0.015253504;0.023213056;0.045474816;0.089926656;0.072387584;0.043368448000000004;0.027309056;0.016318463999999998;0.010882047999999998;0.010568704;0.005403648;0.004555776;0.004554752;0.003603456;0.0042905600000000006;0.003559424;0.0031569919999999995;0.0020582400000000002;0.0015943679999999999;0.002423808;0.002019328;0.000813056;0.000987136;0.0010455039999999998;0.000873472;0.0009144320000000001;0.001048576;0.001067008;0.000787456;0.000884736;0.0008765439999999999;0.000577536;0.0010178560000000001;0.000897024;0.000734208;0.000590848;0.0005560319999999999;0.000448512;0.0006830079999999999;0.000395264;0.000206848;0.000323584;0.00029388799999999996;0.00024576000000000003;0.000188416;0.00029286400000000005;0.000252928;0.00026112;0.000217088;0.0001792;0.00023552000000000002;0.00027033600000000004;0.00018944;0.000136192;0.00018227199999999998;0.00023244799999999998;0.000188416;0.00016384;0.00014643200000000002;0.000162816;0.000161792;0.000161792;0.000156672;0.000134144;0.00011776000000000001;0.000118784;0.000264192;0.000161792;0.000125952;0.00011264
1789109100,hdr,0.0293;0.03906;0.04883;0.05859;0.06836;0.07813;0.08789;0.09766;0.10742;0.11719;0.12695;0.13672;0.14648;0.15625;0.16602;0.17578;0.18555;0.19531;0.20508;0.21484;0.22461;0.23438;0.24414;0.25391;0.26367;0.27344;0.2832;0.29297;0.30273;0.3125;0.32227;0.33203;0.3418;0.35156;0.36133;0.37109;0.38086;0.39063;0.40039;0.41016;0.41992;0.42969;0.43945;0.44922;0.45898;0.46875;0.47852;0.48828;0.49805;0.50781;0.51758;0.52734;0.53711;0.54688;0.55664;0.56641;0.57617;0.58594;0.5957;0.60547;0.61523;0.625;0.63477;0.64453;0.6543;0.66406;0.67383;0.68359;0.69336;0.70313;0.71289;0.72266;0.73242;0.74219;0.75195;0.76172;0.77148;0.78125;0.79102,0.004134912;0.010789888;0.00512;0.00553472;0.004488192;0.006680576;0.013109248;0.010888192000000001;0.010861567999999999;0.014074880000000001;0.021992448;0.025288704;0.037246975999999994;0.04118016;0.043440128;0.035762176;0.022845439999999998;0.012578816;0.015558655999999999;0.010505216;0.007673856;0.005385215999999999;0.002922496;0.0033546239999999996;0.0019886079999999998;0.00270848;0.003167232;0.002014208;0.0025374720000000003;0.002276352;0.002210816;0.001409024;0.00091648;0.0005632;0.0009441279999999999;0.0014213119999999999;0.00099328;0.000745472;0.0005007359999999999;0.000548864;0.0005918719999999999;0.000774144;0.001040384;0.000565248;0.00050176;0.0005816320000000001;0.00036966399999999996;0.0003328;0.00040448000000000003;0.000444416;0.00033689599999999994;0.00030924800000000003;0.00032768;0.000205824;0.000134144;0.000217088;0.000251904;0.000206848;0.00014950399999999998;0.000183296;0.000156672;0.00023654400000000002;0.00017715200000000003;0.000125952;0.00014335999999999998;0.000130048;0.000110592;0.000125952;0.000118784;0.00010137599999999999;0.000134144;0.00013516800000000002;0.000186368;0.000172032;0.000139264;0.000116736;0.00011264;0.00012390399999999998;0.00016384
1789110000,hdr,0.0293;0.03906;0.04883;0.05859;0.06836;0.07813;0.08789;0.09766;0.10742;0.11719;0.12695;0.13672;0.14648;0.15625;0.16602;0.17578;0.18555;0.19531;0.20508;0.21484;0.22461;0.23438;0.24414;0.25391;0.26367;0.27344;0.2832;0.29297;0.30273;0.3125;0.32227;0.33203;0.3418;0.35156;0.36133;0.37109;0.38086;0.39063;0.40039;0.41016;0.41992;0.42969;0.43945;0.44922;0.45898;0.46875;0.47852;0.48828;0.49805;0.50781;0.51758;0.52734;0.53711;0.54688;0.55664;0.56641;0.57617;0.58594;0.5957;0.60547;0.61523;0.625;0.63477;0.64453;0.6543;0.66406;0.67383;0.68359;0.69336;0.70313;0.71289;0.72266;0.73242;0.74219;0.75195;0.76172;0.77148;0.78125;0.79102,0.006844416;0.020091903999999997;0.008512511999999998;0.007762944000000001;0.008649727999999999;0.005522432;0.00461312;0.010310656;0.011015168;0.019551231999999998;0.029942784;0.036875264000000005;0.029688832000000002;0.036891648;0.051818496000000006;0.025996288;0.017004543999999996;0.013538304;0.008796159999999999;0.00897536;0.006914048;0.004882432;0.0027402240000000003;0.002601984;0.002704384;0.002589696;0.002973696;0.00334848;0.002043904;0.0008704;0.0009431040000000001;0.000842752;0.0012083200000000001;0.0009584639999999999;0.00062976;0.0006092800000000001;0.001026048;0.0009420800000000001;0.00070656;0.000663552;0.000391168;0.0005304320000000001;0.0005959680000000001;0.000743424;0.000626688;0.000316416;0.00033484799999999995;0.0004915200000000001;0.00046592000000000004;0.000449536;0.000507904;0.000289792;0.00017100799999999997;0.000268288;0.000262144;0.000178176;0.000173056;0.000192512;0.000197632;0.000173056;0.000176128;0.00012185600000000001;0.000142336;0.00018739199999999998;0.000216064;0.00018124799999999998;0.000167936;0.000172032;0.00015872;0.00014745600000000002;0.00010752000000000001;0.00010137599999999999;0.000183296;0.00023244799999999998;0.00028671999999999997;0.00031744;0.000323584;0.000284672;0.000275456
1789110900,hdr,0.0293;0.03906;0.04883;0.05859;0.06836;0.07813;0.08789;0.09766;0.10742;0.11719;0.12695;0.13672;0.14648;0.15625;0.16602;0.17578;0.18555;0.19531;0.20508;0.21484;0.22461;0.23438;0.24414;0.25391;0.26367;0.27344;0.2832;0.29297;0.30273;0.3125;0.32227;0.33203;0.3418;0.35156;0.36133;0.37109;0.38086;0.39063;0.40039;0.41016;0.41992;0.42969;0.43945;0.44922;0.45898;0.46875;0.47852;0.48828;0.49805;0.50781;0.51758;0.52734;0.53711;0.54688;0.55664;0.56641;0.57617;0.58594;0.5957;0.60547;0.61523;0.625;0.63477;0.64453;0.6543;0.66406;0.67383;0.68359;0.69336;0.70313;0.71289;0.72266;0.73242;0.74219;0.75195;0.76172;0.77148;0.78125;0.79102,0.00810496;0.017073152;0.011772928;0.011150335999999999;0.008531968000000001;0.004787200000000001;0.008041472000000001;0.013903872;0.012018687999999998;0.009936896;0.015634432;0.032862208000000004;0.037491711999999996;0.029201407999999998;0.029282304;0.019764223999999997;0.008392703999999999;0.008204288;0.009752575999999999;0.011968512;0.007286783999999999;0.007446528;0.00478208;0.004744192;0.004050944000000001;0.0047615999999999995;0.006129664;0.004363264;0.003105792;0.0018257920000000001;0.001967104;0.0011694079999999998;0.000966656;0.0010946560000000003;0.00082432;0.0008335360000000001;0.000965632;0.0011960319999999999;0.000979968;0.0005683200000000001;0.0007137280000000001;0.0004884479999999999;0.00033894400000000004;0.000318464;0.000543744;0.00046796800000000003;0.00043724800000000005;0.000379904;0.000371712;0.00023654400000000002;0.000258048;0.000283648;0.000347136;0.00032768;0.00022016;0.000248832;0.00026623999999999994;0.00020377600000000002;0.00029798400000000005;0.000269312;0.00020480000000000002;0.000224256;0.000229376;0.00021913599999999998;0.00029900799999999997;0.000237568;0.00022323200000000002;0.000267264;0.000205824;0.00018739199999999998;0.00020275199999999997;0.00019456;0.000193536;0.00031129599999999997;0.000519168;0.0005232639999999998;0.00042598399999999997;0.000714752;0.001298432
1789111800,hdr,0.0293;0.03906;0.04883;0.05859;0.06836;0.07813;0.08789;0.09766;0.10742;0.11719;0.12695;0.13672;0.14648;0.15625;0.16602;0.17578;0.18555;0.19531;0.20508;0.21484;0.22461;0.23438;0.24414;0.25391;0.26367;0.27344;0.2832;0.29297;0.30273;0.3125;0.32227;0.33203;0.3418;0.35156;0.36133;0.37109;0.38086;0.39063;0.40039;0.41016;0.41992;0.42969;0.43945;0.44922;0.45898;0.46875;0.47852;0.48828;0.49805;0.50781;0.51758;0.52734;0.53711;0.54688;0.55664;0.56641;0.57617;0.58594;0.5957;0.60547;0.61523;0.625;0.63477;0.64453;0.6543;0.66406;0.67383;0.68359;0.69336;0.70313;0.71289;0.72266;0.73242;0.74219;0.75195;0.76172;0.77148;0.78125;0.79102,0.00217088;0.009004032;0.011752447999999999;0.009203712;0.0054190079999999995;0.006111232;0.014049279999999999;0.020559872;0.016062464;0.018545663999999996;0.02187264;0.027801600000000003;0.036619264000000006;0.042389504;0.02939392;0.021672959999999998;0.011553792;0.017098752000000002;0.011025408;0.006283264;0.00538112;0.005095424;0.004073472;0.002262016;0.002030592;0.001741824;0.001063936;0.0014346239999999998;0.001654784;0.001641472;0.001611776;0.0009738240000000001;0.0011796480000000002;0.001007616;0.0008212479999999999;0.000712704;0.000651264;0.000620544;0.0004956159999999999;0.000635904;0.0006225919999999999;0.000539648;0.000382976;0.000441344;0.000555008;0.0005642239999999999;0.000448512;0.00039423999999999997;0.00029900799999999997;0.000279552;0.00034304;0.000288768;0.00024371200000000001;0.000197632;0.000217088;0.00019865600000000002;0.000257024;0.000224256;0.000216064;0.000226304;0.000175104;0.000190464;0.00016896;0.000139264;0.000141312;0.00019456;0.00024576000000000003;0.00014848;0.00014745600000000002;0.000252928;0.000258048;0.000282624;0.00020992;0.00029286400000000005;0.000371712;0.00036966399999999996;0.00041676800000000003;0.00043110399999999997;0.00077312
1789112700,hdr,0.0293;0.03906;0.04883;0.05859;0.06836;0.07813;0.08789;0.09766;0.10742;0.11719;0.12695;0.13672;0.14648;0.15625;0.16602;0.17578;0.18555;0.19531;0.20508;0.21484;0.22461;0.23438;0.24414;0.25391;0.26367;0.27344;0.2832;0.29297;0.30273;0.3125;0.32227;0.33203;0.3418;0.35156;0.36133;0.37109;0.38086;0.39063;0.40039;0.41016;0.41992;0.42969;0.43945;0.44922;0.45898;0.46875;0.47852;0.48828;0.49805;0.50781;0.51758;0.52734;0.53711;0.54688;0.55664;0.56641;0.57617;0.58594;0.5957;0.60547;0.61523;0.625;0.63477;0.64453;0.6543;0.66406;0.67383;0.68359;0.69336;0.70313;0.71289;0.72266;0.73242;0.74219;0.75195;0.76172;0.77148;0.78125;0.79102,0.005653504;0.006238208;0.0029952000000000004;0.00208896;0.005568511999999999;0.011483136;0.016745471999999997;0.014020608;0.004159487999999999;0.008006656;0.011936768;0.011910144000000001;0.023626752;0.03845529599999999;0.042242048;0.023204864000000002;0.018868224000000003;0.014418944;0.008390656;0.007036928;0.007305216;0.004145152;0.0034488319999999998;0.0033382399999999997;0.0023848959999999996;0.001849344;0.0010813440000000001;0.001374208;0.0014786559999999999;0.001333248;0.001184768;0.0015063040000000002;0.0014592000000000001;0.0011161600000000002;0.000648192;0.0006737919999999999;0.0010086399999999999;0.0007219199999999999;0.0005847039999999999;0.0007086080000000001;0.0005376000000000001;0.00044544;0.000411648;0.00034816000000000003;0.00036147200000000005;0.00036249599999999997;0.000284672;0.000233472;0.000326656;0.000429056;0.000268288;0.00020480000000000002;0.00020275199999999997;0.000264192;0.000237568;0.00015564799999999998;0.000186368;0.000211968;0.00024576000000000003;0.00024576000000000003;0.000229376;0.000157696;0.000237568;0.00015872;9.5232e-05;0.000176128;0.000253952;0.000256;0.00015052799999999998;0.000152576;0.00020992;0.000195584;0.0001536;0.00019456;0.000197632;0.000244736;0.00024576000000000003;0.000244736;0.00036454399999999996
1789113600,hdr,0.0293;0.03906;0.04883;0.05859;0.06836;0.07813;0.08789;0.09766;0.10742;0.11719;0.12695;0.13672;0.14648;0.15625;0.16602;0.17578;0.18555;0.19531;0.20508;0.21484;0.22461;0.23438;0.24414;0.25391;0.26367;0.27344;0.2832;0.29297;0.30273;0.3125;0.32227;0.33203;0.3418;0.35156;0.36133;0.37109;0.38086;0.39063;0.40039;0.41016;0.41992;0.42969;0.43945;0.44922;0.45898;0.46875;0.47852;0.48828;0.49805;0.50781;0.51758;0.52734;0.53711;0.54688;0.55664;0.56641;0.57617;0.58594;0.5957;0.60547;0.61523;0.625;0.63477;0.64453;0.6543;0.66406;0.67383;0.68359;0.69336;0.70313;0.71289;0.72266;0.73242;0.74219;0.75195;0.76172;0.77148;0.78125;0.79102,0.006070272;0.010708992;0.00644608;0.008554496000000002;0.009118719999999999;0.00914432;0.010683392;0.010382336;0.009619456;0.012957696;0.015881216;0.012495872000000002;0.022095872;0.027767807999999998;0.030894079999999997;0.023269376;0.016965631999999998;0.017906687999999997;0.013633536;0.008071168;0.003115008;0.00323072;0.005390335999999999;0.003600384;0.003070976;0.004173824;0.00318464;0.002146304;0.001714176;0.002006016;0.001717248;0.000786432;0.0005713920000000001;0.0006604799999999999;0.000611328;0.00063488;0.0005089280000000001;0.00045056;0.000436224;0.00033484799999999995;0.000390144;0.000561152;0.000452608;0.000289792;0.000279552;0.00029286400000000005;0.000351232;0.000280576;0.00032768;0.000357376;0.000303104;0.00022323200000000002;0.00020377600000000002;0.000186368;0.0001792;0.000125952;0.000124928;0.000118784;0.000175104;0.00017715200000000003;0.000140288;0.000128;0.000161792;0.00018124799999999998;0.00018432000000000002;0.000196608;0.00017100799999999997;0.000164864;0.000140288;0.00018739199999999998;0.00015872;0.000130048;0.00015872;0.000167936;0.000175104;0.00021913599999999998;0.00026112;0.000329728;0.00040243200000000004
1789114500,hdr,0.0293;0.03906;0.04883;0.05859;0.06836;0.07813;0.08789;0.09766;0.10742;0.11719;0.12695;0.13672;0.14648;0.15625;0.16602;0.17578;0.18555;0.19531;0.20508;0.21484;0.22461;0.23438;0.24414;0.25391;0.26367;0.27344;0.2832;0.29297;0.30273;0.3125;0.32227;0.33203;0.3418;0.35156;0.36133;0.37109;0.38086;0.39063;0.40039;0.41016;0.41992;0.42969;0.43945;0.44922;0.45898;0.46875;0.47852;0.48828;0.49805;0.50781;0.51758;0.52734;0.53711;0.54688;0.55664;0.56641;0.57617;0.58594;0.5957;0.60547;0.61523;0.625;0.63477;0.64453;0.6543;0.66406;0.67383;0.68359;0.69336;0.70313;0.71289;0.72266;0.73242;0.74219;0.75195;0.76172;0.77148;0.78125;0.79102,0.006178816000000001;0.012321792;0.012395519999999998;0.008805376;0.004772864000000001;0.0059740159999999995;0.014552064;0.011045887999999998;0.00983552;0.010070016000000001;0.010319871999999999;0.022979583999999997;0.030695424;0.03861504;0.026865664;0.0114176;0.008369152;0.011009024;0.008534016;0.008214528;0.005194752;0.004358144;0.00443904;0.002569216;0.0026685439999999997;0.00349696;0.002451456;0.00203264;0.001769472;0.0013547519999999999;0.000990208;0.001139712;0.001639424;0.0014714879999999997;0.000924672;0.0005713920000000001;0.00067584;0.000872448;0.000635904;0.0005744639999999999;0.000458752;0.00045568;0.000453632;0.00043827199999999997;0.000393216;0.000376832;0.00030412799999999997;0.000195584;0.000144384;0.000226304;0.000310272;0.00021504000000000003;0.000172032;0.000192512;0.00018739199999999998;0.00023142399999999999;0.000159744;0.00013311999999999997;0.000165888;0.000131072;0.000156672;0.00016691200000000002;0.00015564799999999998;0.00018944;0.000139264;0.00010137599999999999;0.00011161600000000001;6.5536e-05;9.113599999999999e-05;9.728e-05;0.000125952;0.00015564799999999998;0.00018739199999999998;0.000196608;0.000172032;0.00020992;0.000207872;0.000274432;0.000366592
1789115400,hdr,0.0293;0.03906;0.04883;0.05859;0.06836;0.07813;0.08789;0.09766;0.10742;0.11719;0.12695;0.13672;0.14648;0.15625;0.16602;0.17578;0.18555;0.19531;0.20508;0.21484;0.22461;0.23438;0.24414;0.25391;0.26367;0.27344;0.2832;0.29297;0.30273;0.3125;0.32227;0.33203;0.3418;0.35156;0.36133;0.37109;0.38086;0.39063;0.40039;0.41016;0.41992;0.42969;0.43945;0.44922;0.45898;0.46875;0.47852;0.48828;0.49805;0.50781;0.51758;0.52734;0.53711;0.54688;0.55664;0.56641;0.57617;0.58594;0.5957;0.60547;0.61523;0.625;0.63477;0.64453;0.6543;0.66406;0.67383;0.68359;0.69336;0.70313;0.71289;0.72266;0.73242;0.74219;0.75195;0.76172;0.77148;0.78125;0.79102,0.001875968;0.006204416;0.004840448000000001;0.00282112;0.00276992;0.002459648;0.002895872;0.007414784;0.008289280000000001;0.008507391999999999;0.012623872000000001;0.01536;0.012758015999999999;0.016444416;0.020539392;0.021898240000000003;0.01440256;0.010052608;0.011142144;0.006575103999999999;0.00567296;0.004274175999999999;0.004696064;0.0033423359999999996;0.0027863040000000003;0.002491392;0.001185792;0.001180672;0.0019189760000000002;0.001711104;0.001657856;0.001794048;0.00142848;0.001107968;0.0007936;0.0008663039999999999;0.000644096;0.0007976959999999999;0.000748544;0.00046796800000000003;0.000365568;0.000408576;0.000259072;0.000347136;0.000436224;0.00039219200000000003;0.000242688;0.00024576000000000003;0.00026521600000000003;0.000216064;0.000188416;0.000183296;0.00013824;0.000114688;0.000142336;0.000156672;0.00013824;0.000114688;7.782399999999999e-05;7.475199999999999e-05;0.00010649599999999999;8.6016e-05;7.5776e-05;0.000118784;0.00019968;0.000191488;0.000132096;0.000175104;0.00017100799999999997;0.000151552;0.00014950399999999998;0.000113664;0.000126976;0.00023859199999999998;0.000241664;0.000233472;0.00029491200000000004;0.000344064;0.000519168
1789116300,hdr,0.0293;0.03906;0.04883;0.05859;0.06836;0.07813;0.08789;0.09766;0.10742;0.11719;0.12695;0.13672;0.14648;0.15625;0.16602;0.17578;0.18555;0.19531;0.20508;0.21484;0.22461;0.23438;0.24414;0.25391;0.26367;0.27344;0.2832;0.29297;0.30273;0.3125;0.32227;0.33203;0.3418;0.35156;0.36133;0.37109;0.38086;0.39063;0.40039;0.41016;0.41992;0.42969;0.43945;0.44922;0.45898;0.46875;0.47852;0.48828;0.49805;0.50781;0.51758;0.52734;0.53711;0.54688;0.55664;0.56641;0.57617;0.58594;0.5957;0.60547;0.61523;0.625;0.63477;0.64453;0.6543;0.66406;0.67383;0.68359;0.69336;0.70313;0.71289;0.72266;0.73242;0.74219;0.75195;0.76172;0.77148;0.78125;0.79102,0.01092608;0.018206720000000003;0.00969216;0.004608;0.00566784;0.0018155520000000002;0.006463488;0.006248447999999999;0.009360384;0.013282304;0.009885696;0.017200128000000002;0.021417984;0.018700288;0.014569472;0.016334848000000003;0.016898048;0.014313472000000002;0.01174016;0.007357440000000001;0.008026111999999998;0.008048640000000001;0.005006336;0.003074048;0.0025743360000000004;0.0027965439999999998;0.0022476799999999997;0.001651712;0.002071552;0.00185856;0.0010752000000000001;0.001149952;0.001536;0.001383424;0.001301504;0.0011468799999999999;0.000964608;0.0007925759999999999;0.000607232;0.000633856;0.000484352;0.000468992;0.000526336;0.000408576;0.00034201599999999995;0.000251904;0.000269312;0.000489472;0.00028671999999999997;0.00014848;0.000169984;0.000136192;0.00030412799999999997;0.000323584;0.00016691200000000002;0.000180224;0.00016691200000000002;0.00018227199999999998;0.000134144;0.000114688;0.000132096;0.00011161600000000001;0.000180224;0.000156672;0.0001792;0.000141312;6.8608e-05;0.00022016;0.000173056;0.00018432000000000002;0.00024576000000000003;0.00023552000000000002;0.00029081600000000006;0.000565248;0.000528384;0.000310272;0.000613376;0.0006144;0.0012308479999999999
1789117200,hdr,0.0293;0.03906;0.04883;0.05859;0.06836;0.07813;0.08789;0.09766;0.10742;0.11719;0.12695;0.13672;0.14648;0.15625;0.16602;0.17578;0.18555;0.19531;0.20508;0.21484;0.22461;0.23438;0.24414;0.25391;0.26367;0.27344;0.2832;0.29297;0.30273;0.3125;0.32227;0.33203;0.3418;0.35156;0.36133;0.37109;0.38086;0.39063;0.40039;0.41016;0.41992;0.42969;0.43945;0.44922;0.45898;0.46875;0.47852;0.48828;0.49805;0.50781;0.51758;0.52734;0.53711;0.54688;0.55664;0.56641;0.57617;0.58594;0.5957;0.60547;0.61523;0.625;0.63477;0.64453;0.6543;0.66406;0.67383;0.68359;0.69336;0.70313;0.71289;0.72266;0.73242;0.74219;0.75195;0.76172;0.77148;0.78125;0.79102,0.004422656;0.003914752;0.003584;0.0026286079999999997;0.002310144;0.00408064;0.008749055999999998;0.011190272000000001;0.016963584000000004;0.020260864;0.01756672;0.017526784;0.022011904000000002;0.022355968;0.015265792;0.013883392;0.016252928;0.014485504000000001;0.010664960000000001;0.0037621760000000003;0.004027391999999999;0.004888576;0.00373248;0.002893824;0.0031354879999999996;0.0049633279999999995;0.003201024;0.001414144;0.001381376;0.001523712;0.001564672;0.001143808;0.00067584;0.000671744;0.00133632;0.0012400640000000001;0.000770048;0.0009400319999999999;0.0005376000000000001;0.000326656;0.00042496;0.0005847039999999999;0.000565248;0.000666624;0.000539648;0.00039936;0.000303104;0.00033689599999999994;0.00029593599999999995;0.000258048;0.00023654400000000002;0.000217088;0.00020992;0.000191488;0.000151552;0.000159744;0.000157696;0.000110592;0.000157696;0.00021504000000000003;0.000176128;0.000144384;0.00014643200000000002;0.000137216;0.00010444799999999999;8.9088e-05;9.6256e-05;0.000108544;0.00015462400000000002;0.00014540800000000003;0.00016384;0.000103424;0.00018432000000000002;0.00022016;0.00017408000000000001;0.000321536;0.00047308800000000003;0.000244736;0.000264192
1789118100,hdr,0.0293;0.03906;0.04883;0.05859;0.06836;0.07813;0.08789;0.09766;0.10742;0.11719;0.12695;0.13672;0.14648;0.15625;0.16602;0.17578;0.18555;0.19531;0.20508;0.21484;0.22461;0.23438;0.24414;0.25391;0.26367;0.27344;0.2832;0.29297;0.30273;0.3125;0.32227;0.33203;0.3418;0.35156;0.36133;0.37109;0.38086;0.39063;0.40039;0.41016;0.41992;0.42969;0.43945;0.44922;0.45898;0.46875;0.47852;0.48828;0.49805;0.50781;0.51758;0.52734;0.53711;0.54688;0.55664;0.56641;0.57617;0.58594;0.5957;0.60547;0.61523;0.625;0.63477;0.64453;0.6543;0.66406;0.67383;0.68359;0.69336;0.70313;0.71289;0.72266;0.73242;0.74219;0.75195;0.76172;0.77148;0.78125;0.79102,0.003656704;0.007827456;0.004026368;0.003175424;0.00354304;0.002576384;0.00325632;0.00812544;0.01635328;0.014432256000000001;0.014560256;0.018207744;0.020222976;0.014475264;0.012363776;0.01356288;0.014587904;0.014046208000000001;0.014132224;0.008764416;0.004302848;0.006761472000000001;0.005348352;0.0038379520000000004;0.00349696;0.003306496;0.002655232;0.002054144;0.0015667199999999997;0.0016302080000000002;0.001409024;0.0011735040000000001;0.001052672;0.000979968;0.0008468480000000001;0.000774144;0.000796672;0.000827392;0.000692224;0.00037478399999999997;0.00048127999999999995;0.000748544;0.000690176;0.00050688;0.000384;0.000385024;0.00040960000000000004;0.00028774400000000004;0.00024063999999999997;0.00024576000000000003;0.00028569600000000005;0.000267264;0.00014745600000000002;0.000224256;0.00022016;0.00014643200000000002;0.00010137599999999999;0.000120832;8.9088e-05;0.00010649599999999999;0.000159744;0.00012288000000000002;0.000132096;0.000114688;8.4992e-05;9.5232e-05;0.00014335999999999998;0.00015462400000000002;0.000125952;0.000132096;0.000160768;0.000125952;0.00011980799999999999;0.000100352;0.00014540800000000003;0.00013311999999999997;0.000221184;0.00021913599999999998;0.00029696
1789119000,hdr,0.0293;0.03906;0.04883;0.05859;0.06836;0.07813;0.08789;0.09766;0.10742;0.11719;0.12695;0.13672;0.14648;0.15625;0.16602;0.17578;0.18555;0.19531;0.20508;0.21484;0.22461;0.23438;0.24414;0.25391;0.26367;0.27344;0.2832;0.29297;0.30273;0.3125;0.32227;0.33203;0.3418;0.35156;0.36133;0.37109;0.38086;0.39063;0.40039;0.41016;0.41992;0.42969;0.43945;0.44922;0.45898;0.46875;0.47852;0.48828;0.49805;0.50781;0.51758;0.52734;0.53711;0.54688;0.55664;0.56641;0.57617;0.58594;0.5957;0.60547;0.61523;0.625;0.63477;0.64453;0.6543;0.66406;0.67383;0.68359;0.69336;0.70313;0.71289;0.72266;0.73242;0.74219;0.75195;0.76172;0.77148;0.78125;0.79102,0.0037468159999999996;0.007247872000000001;0.012470272;0.007062528;0.007217151999999999;0.010873856;0.013628415999999999;0.014199808000000001;0.015501312;0.014423040000000002;0.017429504000000002;0.016439296;0.014816256;0.01447424;0.011718656;0.013965312000000002;0.012735488;0.013350911999999998;0.013333504;0.008718336000000002;0.004636672;0.0034867200000000004;0.0035532800000000002;0.00350208;0.002456576;0.0021452800000000003;0.0024012799999999996;0.0018698239999999997;0.00133632;0.001396736;0.00150528;0.001312768;0.000774144;0.00070656;0.0006912;0.0006952960000000001;0.000692224;0.0007086080000000001;0.000549888;0.0005304320000000001;0.00029900799999999997;0.00049664;0.000539648;0.000411648;0.000339968;0.000253952;0.0003328;0.00034201599999999995;0.000275456;0.00040243200000000004;0.000313344;0.000242688;0.00016691200000000002;0.0001536;8.8064e-05;0.00017408000000000001;0.000176128;0.00015872;0.000211968;0.00015564799999999998;0.000100352;0.000140288;0.00011161600000000001;0.00012185600000000001;9.3184e-05;8.9088e-05;0.00012288000000000002;0.000134144;0.00011161600000000001;9.113599999999999e-05;8.4992e-05;7.5776e-05;7.372800000000001e-05;0.00012390399999999998;0.000172032;0.000262144;0.00021401600000000003;0.00010956799999999999;0.000188416
1789119900,hdr,0.0293;0.03906;0.04883;0.05859;0.06836;0.07813;0.08789;0.09766;0.10742;0.11719;0.12695;0.13672;0.14648;0.15625;0.16602;0.17578;0.18555;0.19531;0.20508;0.21484;0.22461;0.23438;0.24414;0.25391;0.26367;0.27344;0.2832;0.29297;0.30273;0.3125;0.32227;0.33203;0.3418;0.35156;0.36133;0.37109;0.38086;0.39063;0.40039;0.41016;0.41992;0.42969;0.43945;0.44922;0.45898;0.46875;0.47852;0.48828;0.49805;0.50781;0.51758;0.52734;0.53711;0.54688;0.55664;0.56641;0.57617;0.58594;0.5957;0.60547;0.61523;0.625;0.63477;0.64453;0.6543;0.66406;0.67383;0.68359;0.69336;0.70313;0.71289;0.72266;0.73242;0.74219;0.75195;0.76172;0.77148;0.78125;0.79102,0.006771711999999999;0.016784384;0.015355904;0.009076736;0.007696384;0.009223168;0.00661504;0.010430464;0.014565376;0.010320896;0.012059648;0.012517376;0.013904896;0.014285824;0.01128448;0.011787264;0.009043968;0.0073082880000000005;0.007523328;0.008090624;0.006087679999999999;0.003154944;0.00309248;0.002783232;0.002123776;0.001422336;0.001133568;0.001338368;0.001435648;0.001723392;0.0021370879999999997;0.0013312;0.001639424;0.0015165439999999999;0.00079872;0.000635904;0.000796672;0.00068096;0.00041676800000000003;0.000275456;0.00033382400000000003;0.000493568;0.000461824;0.00027136;0.000344064;0.000324608;0.000380928;0.00033689599999999994;0.00022323200000000002;0.00025088;0.00029081600000000006;0.000272384;0.00031129599999999997;0.00020172799999999998;0.00012288000000000002;0.00015052799999999998;0.000144384;0.000162816;0.000178176;0.00023552000000000002;0.000206848;0.00015564799999999998;0.00011571199999999999;0.000167936;0.000218112;0.00023552000000000002;0.00010752000000000001;0.000116736;0.000136192;0.000191488;0.000114688;0.00015052799999999998;0.00023142399999999999;0.000226304;0.000272384;0.00028774400000000004;0.000393216;0.000386048;0.000226304
1789120800,hdr,0.0293;0.03906;0.04883;0.05859;0.06836;0.07813;0.08789;0.09766;0.10742;0.11719;0.12695;0.13672;0.14648;0.15625;0.16602;0.17578;0.18555;0.19531;0.20508;0.21484;0.22461;0.23438;0.24414;0.25391;0.26367;0.27344;0.2832;0.29297;0.30273;0.3125;0.32227;0.33203;0.3418;0.35156;0.36133;0.37109;0.38086;0.39063;0.40039;0.41016;0.41992;0.42969;0.43945;0.44922;0.45898;0.46875;0.47852;0.48828;0.49805;0.50781;0.51758;0.52734;0.53711;0.54688;0.55664;0.56641;0.57617;0.58594;0.5957;0.60547;0.61523;0.625;0.63477;0.64453;0.6543;0.66406;0.67383;0.68359;0.69336;0.70313;0.71289;0.72266;0.73242;0.74219;0.75195;0.76172;0.77148;0.78125;0.79102,0.0017326079999999998;0.012485632000000002;0.015990784;0.0066959359999999996;0.00339456;0.0070092800000000005;0.006683648;0.007616512000000001;0.010087424000000001;0.013581312;0.010440704;0.019514368;0.019725312;0.017961984;0.018648064000000002;0.012186624;0.008409088;0.015494144;0.013867008;0.009111552;0.004780032;0.00380416;0.0027586560000000004;0.0037888;0.0033341440000000003;0.0014151679999999999;0.0013987840000000001;0.0016179200000000001;0.000963584;0.001247232;0.0021288960000000003;0.0019968;0.0014704639999999999;0.000900096;0.00128;0.001137664;0.0007372800000000001;0.000577536;0.0006021119999999999;0.0007772160000000001;0.000774144;0.000439296;0.000449536;0.000576512;0.0004915200000000001;0.000365568;0.00033689599999999994;0.00034099200000000003;0.00029696;0.000310272;0.00029183999999999997;0.000274432;0.00029593599999999995;0.000183296;0.00021299199999999998;0.00016896;0.000125952;0.00020889599999999997;0.000257024;0.000260096;0.000157696;0.000110592;9.113599999999999e-05;0.000125952;0.000137216;0.00018432000000000002;0.00019456;0.000169984;0.000246784;0.00018739199999999998;0.00027340799999999994;0.00033484799999999995;0.00029900799999999997;0.000325632;0.000518144;0.000545792;0.000700416;0.00062976;0.0008509440000000001
1789121700,hdr,0.0293;0.03906;0.04883;0.05859;0.06836;0.07813;0.08789;0.09766;0.10742;0.11719;0.12695;0.13672;0.14648;0.15625;0.16602;0.17578;0.18555;0.19531;0.20508;0.21484;0.22461;0.23438;0.24414;0.25391;0.26367;0.27344;0.2832;0.29297;0.30273;0.3125;0.32227;0.33203;0.3418;0.35156;0.36133;0.37109;0.38086;0.39063;0.40039;0.41016;0.41992;0.42969;0.43945;0.44922;0.45898;0.46875;0.47852;0.48828;0.49805;0.50781;0.51758;0.52734;0.53711;0.54688;0.55664;0.56641;0.57617;0.58594;0.5957;0.60547;0.61523;0.625;0.63477;0.64453;0.6543;0.66406;0.67383;0.68359;0.69336;0.70313;0.71289;0.72266;0.73242;0.74219;0.75195;0.76172;0.77148;0.78125;0.79102,0.004135936;0.009337856;0.011587584;0.009430016;0.008935423999999999;0.010057727999999998;0.011066368;0.008909824;0.01096704;0.014840832;0.019577856;0.022269952000000003;0.017729536;0.015432704;0.011274240000000001;0.014496768;0.013411328;0.018637823999999997;0.016191488;0.008124416;0.004475903999999999;0.003533824;0.004927488000000001;0.0043182080000000005;0.003565568;0.0023500800000000005;0.001800192;0.001409024;0.001611776;0.0012666880000000002;0.000868352;0.000999424;0.001161216;0.0012359679999999998;0.001137664;0.0007106559999999999;0.000436224;0.00045056;0.0005406720000000001;0.000449536;0.00047923199999999995;0.00054272;0.00046284799999999997;0.000386048;0.00045056;0.00040345599999999995;0.00030208000000000004;0.000221184;0.00039219200000000003;0.00044544;0.00035430400000000006;0.00029696;0.000196608;0.000210944;0.000196608;0.000134144;0.000190464;0.00018944;0.000229376;0.00026623999999999994;0.0002816;0.000211968;0.00015462400000000002;0.00014950399999999998;0.000248832;0.00025088;0.000205824;0.00020377600000000002;0.00015052799999999998;0.000260096;0.00042291200000000006;0.00048025600000000003;0.000321536;0.00037785600000000004;0.0005621760000000001;0.000723968;0.0006850560000000001;0.00080384;0.001033216
1789122600,hdr,0.0293;0.03906;0.04883;0.05859;0.06836;0.07813;0.08789;0.09766;0.10742;0.11719;0.12695;0.13672;0.14648;0.15625;0.16602;0.17578;0.18555;0.19531;0.20508;0.21484;0.22461;0.23438;0.24414;0.25391;0.26367;0.27344;0.2832;0.29297;0.30273;0.3125;0.32227;0.33203;0.3418;0.35156;0.36133;0.37109;0.38086;0.39063;0.40039;0.41016;0.41992;0.42969;0.43945;0.44922;0.45898;0.46875;0.47852;0.48828;0.49805;0.50781;0.51758;0.52734;0.53711;0.54688;0.55664;0.56641;0.57617;0.58594;0.5957;0.60547;0.61523;0.625;0.63477;0.64453;0.6543;0.66406;0.67383;0.68359;0.69336;0.70313;0.71289;0.72266;0.73242;0.74219;0.75195;0.76172;0.77148;0.78125;0.79102,0.000108544;0.001645568;0.005525504;0.00771584;0.005957632000000001;0.006363135999999999;0.012161024;0.013046784000000002;0.015993856;0.020466688;0.020784128;0.016400383999999997;0.012884992;0.014244864;0.009505791999999999;0.008010752000000001;0.009761792;0.007697408;0.006929408;0.008727552;0.007251968;0.006011904;0.00356352;0.00396288;0.003306496;0.002579456;0.001716224;0.001201152;0.00119296;0.001097728;0.000843776;0.000641024;0.001097728;0.001011712;0.000841728;0.000475136;0.0004884479999999999;0.000543744;0.000662528;0.000795648;0.000858112;0.00036249599999999997;0.000216064;0.00023654400000000002;0.000466944;0.00030003200000000004;0.000218112;0.000251904;0.000205824;0.00024576000000000003;0.000183296;0.000160768;0.000129024;0.00018944;0.000142336;0.000172032;0.000233472;0.000142336;0.000141312;0.00018944;0.000169984;0.000126976;0.000141312;0.000139264;0.00011980799999999999;0.00016896;0.000160768;0.000161792;0.000205824;0.00022323200000000002;0.000129024;0.000140288;0.00019456;0.000256;0.00023040000000000002;0.000385024;0.0005324799999999999;0.000763904;0.000664576
1789123500,hdr,0.0293;0.03906;0.04883;0.05859;0.06836;0.07813;0.08789;0.09766;0.10742;0.11719;0.12695;0.13672;0.14648;0.15625;0.16602;0.17578;0.18555;0.19531;0.20508;0.21484;0.22461;0.23438;0.24414;0.25391;0.26367;0.27344;0.2832;0.29297;0.30273;0.3125;0.32227;0.33203;0.3418;0.35156;0.36133;0.37109;0.38086;0.39063;0.40039;0.41016;0.41992;0.42969;0.43945;0.44922;0.45898;0.46875;0.47852;0.48828;0.49805;0.50781;0.51758;0.52734;0.53711;0.54688;0.55664;0.56641;0.57617;0.58594;0.5957;0.60547;0.61523;0.625;0.63477;0.64453;0.6543;0.66406;0.67383;0.68359;0.69336;0.70313;0.71289;0.72266;0.73242;0.74219;0.75195;0.76172;0.77148;0.78125;0.79102,0.0036556799999999997;0.00626176;0.005803008;0.0026060799999999998;0.002167808;0.003975168;0.005922816;0.010677248000000002;0.018960384;0.016182272;0.010254336000000001;0.014889984;0.014608384;0.014997503999999998;0.013504512;0.009290752;0.0122624;0.013095935999999999;0.006327296;0.0060672;0.004883456;0.003274752;0.00338432;0.003277824;0.002870272;0.002752512;0.0017735679999999999;0.001574912;0.001605632;0.001900544;0.001604608;0.001234944;0.0017131520000000001;0.001422336;0.001010688;0.000818176;0.0009830400000000001;0.0006963200000000001;0.00059392;0.000580608;0.00045568;0.0005621760000000001;0.0005754880000000001;0.00032870400000000003;0.0001792;0.000186368;0.000200704;0.000246784;0.000366592;0.000371712;0.00025497599999999997;0.000227328;0.00020275199999999997;0.000207872;0.000191488;0.000156672;0.000164864;0.000186368;0.00016896;0.000205824;0.00013516800000000002;0.000216064;0.000180224;0.000144384;0.00014540800000000003;0.00020992;0.000227328;0.00021401600000000003;0.00023859199999999998;0.000288768;0.0005478400000000001;0.000738304;0.0005642239999999999;0.000756736;0.001180672;0.0010199039999999999;0.000692224;0.0009973760000000001;0.001876992
1789124400,hdr,0.0293;0.03906;0.04883;0.05859;0.06836;0.07813;0.08789;0.09766;0.10742;0.11719;0.12695;0.13672;0.14648;0.15625;0.16602;0.17578;0.18555;0.19531;0.20508;0.21484;0.22461;0.23438;0.24414;0.25391;0.26367;0.27344;0.2832;0.29297;0.30273;0.3125;0.32227;0.33203;0.3418;0.35156;0.36133;0.37109;0.38086;0.39063;0.40039;0.41016;0.41992;0.42969;0.43945;0.44922;0.45898;0.46875;0.47852;0.48828;0.49805;0.50781;0.51758;0.52734;0.53711;0.54688;0.55664;0.56641;0.57617;0.58594;0.5957;0.60547;0.61523;0.625;0.63477;0.64453;0.6543;0.66406;0.67383;0.68359;0.69336;0.70313;0.71289;0.72266;0.73242;0.74219;0.75195;0.76172;0.77148;0.78125;0.79102,0.00029593599999999995;0.001087488;0.002026496;0.002783232;0.0035778560000000004;0.00638976;0.0044974080000000005;0.008450048;0.00979456;0.011717632;0.01367552;0.016265216;0.011681792;0.008015872;0.005296128000000001;0.013340672000000001;0.011736064000000001;0.011546624;0.009218048;0.00662528;0.0041267199999999995;0.004830208;0.00502272;0.0038594560000000003;0.0029634559999999997;0.002386944;0.001907712;0.001476608;0.0012113920000000002;0.001130496;0.0012032;0.001564672;0.0012042239999999998;0.000868352;0.0005232639999999998;0.0005376000000000001;0.000661504;0.0005601279999999999;0.00047411199999999995;0.000382976;0.000456704;0.000567296;0.000381952;0.00026112;0.00022016;0.000196608;0.000172032;0.00024780799999999997;0.000325632;0.00024063999999999997;0.00015052799999999998;0.000137216;0.000140288;0.00015052799999999998;0.000125952;0.000160768;0.00015462400000000002;0.00014335999999999998;0.00011776000000000001;0.000137216;0.00011264;0.000124928;0.000139264;0.00014745600000000002;0.00013516800000000002;0.000132096;0.00018944;0.000205824;0.00030208000000000004;0.000269312;0.00023552000000000002;0.000400384;0.00047308800000000003;0.000387072;0.000531456;0.0005898240000000001;0.0005888;0.000864256;0.0009144320000000001
1789125300,hdr,0.0293;0.03906;0.04883;0.05859;0.06836;0.07813;0.08789;0.09766;0.10742;0.11719;0.12695;0.13672;0.14648;0.15625;0.16602;0.17578;0.18555;0.19531;0.20508;0.21484;0.22461;0.23438;0.24414;0.25391;0.26367;0.27344;0.2832;0.29297;0.30273;0.3125;0.32227;0.33203;0.3418;0.35156;0.36133;0.37109;0.38086;0.39063;0.40039;0.41016;0.41992;0.42969;0.43945;0.44922;0.45898;0.46875;0.47852;0.48828;0.49805;0.50781;0.51758;0.52734;0.53711;0.54688;0.55664;0.56641;0.57617;0.58594;0.5957;0.60547;0.61523;0.625;0.63477;0.64453;0.6543;0.66406;0.67383;0.68359;0.69336;0.70313;0.71289;0.72266;0.73242;0.74219;0.75195;0.76172;0.77148;0.78125;0.79102,0.0024104960000000003;0.005815296;0.002818048;0.0006830079999999999;0.001498112;0.006082560000000001;0.010525696;0.007503872;0.019217408;0.018742272;0.016575488000000003;0.018609152;0.008562688;0.007416832;0.008868863999999999;0.008587263999999999;0.009164799999999999;0.008896511999999999;0.006050816;0.0043284479999999995;0.0029173759999999997;0.003815424;0.0032430080000000003;0.002794496;0.003377152;0.002496512;0.001695744;0.00159744;0.0015452159999999999;0.001750016;0.0016404479999999999;0.0010496000000000001;0.0012185600000000003;0.001666048;0.0012165119999999999;0.000770048;0.0007372800000000001;0.00088576;0.0005918719999999999;0.00046080000000000003;0.000400384;0.000475136;0.00042496;0.00044032;0.000459776;0.00043724800000000005;0.000319488;0.00018944;0.000183296;0.00016896;0.000190464;0.000211968;0.000272384;0.000277504;0.000192512;0.000156672;0.00010649599999999999;0.00010752000000000001;0.00014643200000000002;0.000114688;0.00010956799999999999;0.000195584;0.00022016;0.00020377600000000002;0.00014745600000000002;0.000120832;0.000176128;0.000242688;0.00031232;0.000376832;0.00046796800000000003;0.000621568;0.0005099519999999999;0.000518144;0.000720896;0.0005877759999999999;0.000980992;0.0010199039999999999;0.0006144
1789126200,hdr,0.0293;0.03906;0.04883;0.05859;0.06836;0.07813;0.08789;0.09766;0.10742;0.11719;0.12695;0.13672;0.14648;0.15625;0.16602;0.17578;0.18555;0.19531;0.20508;0.21484;0.22461;0.23438;0.24414;0.25391;0.26367;0.27344;0.2832;0.29297;0.30273;0.3125;0.32227;0.33203;0.3418;0.35156;0.36133;0.37109;0.38086;0.39063;0.40039;0.41016;0.41992;0.42969;0.43945;0.44922;0.45898;0.46875;0.47852;0.48828;0.49805;0.50781;0.51758;0.52734;0.53711;0.54688;0.55664;0.56641;0.57617;0.58594;0.5957;0.60547;0.61523;0.625;0.63477;0.64453;0.6543;0.66406;0.67383;0.68359;0.69336;0.70313;0.71289;0.72266;0.73242;0.74219;0.75195;0.76172;0.77148;0.78125;0.79102,0.002373632;0.0021248;0.003311616;0.004050944000000001;0.0036014080000000004;0.003432448;0.007753728;0.01059328;0.020455424;0.018316288;0.018008064;0.018200576;0.011201536;0.00764416;0.006077440000000001;0.0100352;0.009960448;0.008428544;0.009235455999999998;0.008844288;0.007223296000000001;0.003862528;0.002776064;0.0014028799999999998;0.0023019520000000003;0.0021452800000000003;0.002509824;0.0030197759999999996;0.00238592;0.001537024;0.0010721279999999999;0.001165312;0.000937984;0.000785408;0.000800768;0.000731136;0.000780288;0.000536576;0.0005888;0.00043315199999999996;0.000548864;0.0007055360000000001;0.0005816320000000001;0.00040755200000000004;0.00048742400000000003;0.000444416;0.000288768;0.000218112;0.000505856;0.00042598399999999997;0.00017715200000000003;0.000125952;0.00017715200000000003;0.000335872;0.000305152;0.00018534400000000002;0.000218112;0.000234496;0.00020275199999999997;0.000176128;0.000252928;0.000325632;0.00047718399999999996;0.000596992;0.000515072;0.0006502400000000001;0.00111104;0.001517568;0.00165888;0.001830912;0.00165888;0.002737152;0.0029265919999999996;0.00206848;0.001961984;0.00295424;0.002130944;0.002138112;0.002062336
1789127100,hdr,0.0293;0.03906;0.04883;0.05859;0.06836;0.07813;0.08789;0.09766;0.10742;0.11719;0.12695;0.13672;0.14648;0.15625;0.16602;0.17578;0.18555;0.19531;0.20508;0.21484;0.22461;0.23438;0.24414;0.25391;0.26367;0.27344;0.2832;0.29297;0.30273;0.3125;0.32227;0.33203;0.3418;0.35156;0.36133;0.37109;0.38086;0.39063;0.40039;0.41016;0.41992;0.42969;0.43945;0.44922;0.45898;0.46875;0.47852;0.48828;0.49805;0.50781;0.51758;0.52734;0.53711;0.54688;0.55664;0.56641;0.57617;0.58594;0.5957;0.60547;0.61523;0.625;0.63477;0.64453;0.6543;0.66406;0.67383;0.68359;0.69336;0.70313;0.71289;0.72266;0.73242;0.74219;0.75195;0.76172;0.77148;0.78125;0.79102,0.0034365439999999997;0.010876928;0.012293120000000001;0.0062904319999999994;0.0049664;0.007865344;0.011597823999999998;0.012975104;0.014954496000000001;0.011874304;0.014415872;0.013406208;0.015434752000000001;0.012280832;0.010007552;0.006766592000000001;0.008334336000000001;0.007298048;0.003918848;0.006371328000000001;0.005780479999999999;0.004056064000000001;0.0032768000000000003;0.0024903679999999997;0.002807808;0.002654208;0.0012687360000000001;0.001139712;0.0011468799999999999;0.0013312;0.0008447999999999999;0.000984064;0.001133568;0.0008386559999999999;0.000919552;0.000894976;0.00067584;0.000423936;0.00036454399999999996;0.000644096;0.000512;0.000458752;0.00036454399999999996;0.000275456;0.000284672;0.00023142399999999999;0.00014950399999999998;0.00011571199999999999;0.000114688;0.00015462400000000002;0.000186368;0.000186368;0.00017100799999999997;0.00020275199999999997;0.000207872;0.000260096;0.000241664;0.000466944;0.000388096;0.000200704;0.000429056;0.0011960319999999999;0.0023429120000000004;0.0022405119999999996;0.001792;0.0030904319999999997;0.005492736;0.00418304;0.00582144;0.005070848;0.004078592000000001;0.004396032;0.0035246080000000003;0.0022568959999999996;0.00375296;0.003325952;0.003262464;0.0027381760000000006;0.0022937599999999997
1789128000,hdr,0.0293;0.03906;0.04883;0.05859;0.06836;0.07813;0.08789;0.09766;0.10742;0.11719;0.12695;0.13672;0.14648;0.15625;0.16602;0.17578;0.18555;0.19531;0.20508;0.21484;0.22461;0.23438;0.24414;0.25391;0.26367;0.27344;0.2832;0.29297;0.30273;0.3125;0.32227;0.33203;0.3418;0.35156;0.36133;0.37109;0.38086;0.39063;0.40039;0.41016;0.41992;0.42969;0.43945;0.44922;0.45898;0.46875;0.47852;0.48828;0.49805;0.50781;0.51758;0.52734;0.53711;0.54688;0.55664;0.56641;0.57617;0.58594;0.5957;0.60547;0.61523;0.625;0.63477;0.64453;0.6543;0.66406;0.67383;0.68359;0.69336;0.70313;0.71289;0.72266;0.73242;0.74219;0.75195;0.76172;0.77148;0.78125;0.79102,0.003953664;0.014477311999999999;0.013579264;0.0022487040000000002;0.00234496;0.001846272;0.007005184;0.018245632;0.02221056;0.023928831999999997;0.013416448000000001;0.014140416;0.01618432;0.011469823999999998;0.006882304;0.009383935999999999;0.007830528;0.005907456;0.006335487999999999;0.00456192;0.003728384;0.004057088;0.004540415999999999;0.0031068159999999997;0.0022702079999999997;0.0022568959999999996;0.0020654080000000003;0.0018483199999999999;0.00192;0.001656832;0.0012748800000000002;0.0010649599999999998;0.000626688;0.0007290879999999999;0.000543744;0.000505856;0.00064;0.0007014399999999999;0.000717824;0.0006021119999999999;0.0006676480000000001;0.000712704;0.000700416;0.000350208;0.000610304;0.0008386559999999999;0.000768;0.000442368;0.00021401600000000003;0.00033382400000000003;0.0008304639999999999;0.00109056;0.0007925759999999999;0.000632832;0.000594944;0.00037888;0.00033689599999999994;0.00043008000000000006;0.0008622079999999999;0.001301504;0.0013701120000000002;0.0009830400000000001;0.001466368;0.0014336;0.00125952;0.0023818240000000003;0.004171776000000001;0.005609472000000001;0.00433664;0.0039034879999999997;0.0049479680000000005;0.005003264;0.006447104;0.004696064;0.0033873920000000004;0.0024381439999999997;0.002562048;0.0026439680000000004;0.0021534719999999996
1789128900,hdr,0.0293;0.03906;0.04883;0.05859;0.06836;0.07813;0.08789;0.09766;0.10742;0.11719;0.12695;0.13672;0.14648;0.15625;0.16602;0.17578;0.18555;0.19531;0.20508;0.21484;0.22461;0.23438;0.24414;0.25391;0.26367;0.27344;0.2832;0.29297;0.30273;0.3125;0.32227;0.33203;0.3418;0.35156;0.36133;0.37109;0.38086;0.39063;0.40039;0.41016;0.41992;0.42969;0.43945;0.44922;0.45898;0.46875;0.47852;0.48828;0.49805;0.50781;0.51758;0.52734;0.53711;0.54688;0.55664;0.56641;0.57617;0.58594;0.5957;0.60547;0.61523;0.625;0.63477;0.64453;0.6543;0.66406;0.67383;0.68359;0.69336;0.70313;0.71289;0.72266;0.73242;0.74219;0.75195;0.76172;0.77148;0.78125;0.79102,0.0020418560000000003;0.004552704;0.0050176;0.0015493120000000002;0.0029880320000000003;0.00633856;0.007461888;0.017711104;0.025382912;0.011303936;0.0104448;0.012668928;0.012507135999999999;0.007754751999999999;0.010301439999999999;0.012476416;0.010458111999999999;0.009931776;0.007871488000000001;0.008722431999999999;0.006616064;0.004909055999999999;0.00434176;0.003463168;0.0019476480000000002;0.0016691199999999998;0.0018288640000000001;0.0022558720000000003;0.0014561280000000001;0.001308672;0.00159232;0.0013260799999999999;0.0012544;0.001409024;0.0007096320000000001;0.000610304;0.0005580800000000001;0.000603136;0.00047206399999999996;0.000421888;0.000451584;0.000246784;0.000278528;0.000335872;0.000263168;0.000193536;0.000313344;0.000282624;0.000229376;0.00025497599999999997;0.000192512;0.000248832;0.000351232;0.00041676800000000003;0.00023244799999999998;0.000152576;0.00016384;0.000192512;0.000207872;0.000258048;0.000257024;0.00020172799999999998;0.000499712;0.000551936;0.0009738240000000001;0.001337344;0.0011919360000000002;0.001927168;0.0018698239999999997;0.0027514880000000003;0.003249152;0.0027361279999999996;0.0029419520000000003;0.005866496;0.004696064;0.0027013120000000004;0.002116608;0.001887232;0.002225152
1789129800,hdr,0.0293;0.03906;0.04883;0.05859;0.06836;0.07813;0.08789;0.09766;0.10742;0.11719;0.12695;0.13672;0.14648;0.15625;0.16602;0.17578;0.18555;0.19531;0.20508;0.21484;0.22461;0.23438;0.24414;0.25391;0.26367;0.27344;0.2832;0.29297;0.30273;0.3125;0.32227;0.33203;0.3418;0.35156;0.36133;0.37109;0.38086;0.39063;0.40039;0.41016;0.41992;0.42969;0.43945;0.44922;0.45898;0.46875;0.47852;0.48828;0.49805;0.50781;0.51758;0.52734;0.53711;0.54688;0.55664;0.56641;0.57617;0.58594;0.5957;0.60547;0.61523;0.625;0.63477;0.64453;0.6543;0.66406;0.67383;0.68359;0.69336;0.70313;0.71289;0.72266;0.73242;0.74219;0.75195;0.76172;0.77148;0.78125;0.79102,0.0008335360000000001;0.00262144;0.003017728;0.001867776;0.00329728;0.005169152;0.00541696;0.008288256;0.020308991999999998;0.024254464;0.018162688;0.020757504;0.016637951999999998;0.012821504;0.008168448;0.006866944000000001;0.009658367999999999;0.010173439999999999;0.007078912000000001;0.008687616;0.006545408;0.0036095999999999997;0.00350208;0.003618816;0.0032532480000000003;0.0019712;0.002110464;0.001774592;0.0016066560000000001;0.001425408;0.001041408;0.001040384;0.001560576;0.001890304;0.00196096;0.0017663999999999998;0.0013117439999999999;0.00075776;0.0006696959999999999;0.000613376;0.000520192;0.00057856;0.000635904;0.00040345599999999995;0.00037376;0.00040755200000000004;0.00043008000000000006;0.000325632;0.00030105599999999996;0.000263168;0.00014950399999999998;0.00023040000000000002;0.000256;0.000210944;0.000139264;0.00018534400000000002;0.000217088;0.00023040000000000002;0.000308224;0.00030208000000000004;0.00031744;0.000278528;0.0004915200000000001;0.0007393279999999999;0.000799744;0.00076288;0.001107968;0.0011837439999999998;0.001143808;0.0015667199999999997;0.0023275519999999997;0.002243584;0.0013690880000000003;0.00164864;0.00270336;0.0031027200000000002;0.003172352;0.0024709120000000005;0.0017643519999999998
1789130700,hdr,0.0293;0.03906;0.04883;0.05859;0.06836;0.07813;0.08789;0.09766;0.10742;0.11719;0.12695;0.13672;0.14648;0.15625;0.16602;0.17578;0.18555;0.19531;0.20508;0.21484;0.22461;0.23438;0.24414;0.25391;0.26367;0.27344;0.2832;0.29297;0.30273;0.3125;0.32227;0.33203;0.3418;0.35156;0.36133;0.37109;0.38086;0.39063;0.40039;0.41016;0.41992;0.42969;0.43945;0.44922;0.45898;0.46875;0.47852;0.48828;0.49805;0.50781;0.51758;0.52734;0.53711;0.54688;0.55664;0.56641;0.57617;0.58594;0.5957;0.60547;0.61523;0.625;0.63477;0.64453;0.6543;0.66406;0.67383;0.68359;0.69336;0.70313;0.71289;0.72266;0.73242;0.74219;0.75195;0.76172;0.77148;0.78125;0.79102,0.0021667839999999997;0.004709376;0.003670016;0.001412096;0.001978368;0.003913728;0.007542784;0.011510784;0.014175232;0.008820736000000001;0.008938496;0.014083072;0.01547776;0.01412608;0.01505792;0.008222720000000001;0.007144447999999999;0.0060928;0.0058818559999999995;0.006443008;0.005121024;0.00324096;0.0023050239999999997;0.0016773119999999998;0.001890304;0.0014899199999999998;0.002250752;0.002026496;0.00136192;0.001265664;0.000996352;0.001344512;0.0009748480000000001;0.0009256959999999999;0.00144896;0.001041408;0.001490944;0.001705984;0.00153088;0.0006574080000000001;0.000398336;0.00047616000000000005;0.00039423999999999997;0.000504832;0.000561152;0.000656384;0.0006277120000000001;0.0007249919999999999;0.000644096;0.000493568;0.000365568;0.00037068800000000004;0.000427008;0.000400384;0.000320512;0.00030617599999999996;0.000386048;0.000262144;0.000195584;0.00021913599999999998;0.00012390399999999998;0.000274432;0.000346112;0.000279552;0.000207872;0.00018944;0.00023244799999999998;0.000252928;0.000395264;0.000319488;0.0005007359999999999;0.0010373119999999999;0.000980992;0.0009256959999999999;0.00103936;0.0015677439999999998;0.001787904;0.001774592;0.001330176
1789132500,hdr,0.0293;0.03906;0.04883;0.05859;0.06836;0.07813;0.08789;0.09766;0.10742;0.11719;0.12695;0.13672;0.14648;0.15625;0.16602;0.17578;0.18555;0.19531;0.20508;0.21484;0.22461;0.23438;0.24414;0.25391;0.26367;0.27344;0.2832;0.29297;0.30273;0.3125;0.32227;0.33203;0.3418;0.35156;0.36133;0.37109;0.38086;0.39063;0.40039;0.41016;0.41992;0.42969;0.43945;0.44922;0.45898;0.46875;0.47852;0.48828;0.49805;0.50781;0.51758;0.52734;0.53711;0.54688;0.55664;0.56641;0.57617;0.58594;0.5957;0.60547;0.61523;0.625;0.63477;0.64453;0.6543;0.66406;0.67383;0.68359;0.69336;0.70313;0.71289;0.72266;0.73242;0.74219;0.75195;0.76172;0.77148;0.78125;0.79102,0.003533824;0.006347775999999999;0.005057536;0.00295424;0.003095552;0.0039649279999999995;0.006774784000000001;0.016413696;0.019696639999999998;0.027182079999999997;0.026294272;0.019320832;0.019658752;0.016595968;0.01586176;0.014804992;0.008986624000000002;0.008034304;0.006059008000000001;0.0071045119999999995;0.005037056;0.005721088;0.003597312;0.003278848;0.0033873920000000004;0.0033167360000000002;0.001855488;0.001555456;0.001401856;0.001532928;0.0012912639999999999;0.001507328;0.0014704639999999999;0.001166336;0.001134592;0.00113152;0.0012400640000000001;0.000766976;0.000641024;0.00090624;0.001330176;0.001727488;0.0017848319999999999;0.0010209280000000002;0.000503808;0.000387072;0.00041062399999999995;0.00032870400000000003;0.00030617599999999996;0.000550912;0.00040960000000000004;0.000251904;0.00030105599999999996;0.000555008;0.000666624;0.000827392;0.000787456;0.0007014399999999999;0.0007188480000000001;0.000611328;0.000352256;0.00018534400000000002;0.00017408000000000001;0.00021913599999999998;0.000142336;0.00016384;0.00019865600000000002;0.00023859199999999998;0.000267264;0.000274432;0.00025088;0.000200704;0.00018124799999999998;0.000195584;0.000237568;0.00018432000000000002;0.000196608;0.000227328;0.00021401600000000003
1789133400,hdr,0.0293;0.03906;0.04883;0.05859;0.06836;0.07813;0.08789;0.09766;0.10742;0.11719;0.12695;0.13672;0.14648;0.15625;0.16602;0.17578;0.18555;0.19531;0.20508;0.21484;0.22461;0.23438;0.24414;0.25391;0.26367;0.27344;0.2832;0.29297;0.30273;0.3125;0.32227;0.33203;0.3418;0.35156;0.36133;0.37109;0.38086;0.39063;0.40039;0.41016;0.41992;0.42969;0.43945;0.44922;0.45898;0.46875;0.47852;0.48828;0.49805;0.50781;0.51758;0.52734;0.53711;0.54688;0.55664;0.56641;0.57617;0.58594;0.5957;0.60547;0.61523;0.625;0.63477;0.64453;0.6543;0.66406;0.67383;0.68359;0.69336;0.70313;0.71289;0.72266;0.73242;0.74219;0.75195;0.76172;0.77148;0.78125;0.79102,0.004366336;0.006734848;0.00884224;0.005516288;0.005502976000000001;0.008822784;0.01112064;0.016719872;0.027260928;0.031524864;0.015702016;0.013472768;0.015735808;0.019173376;0.016509951999999998;0.010329088;0.012342272;0.00986624;0.005282816000000001;0.0061952;0.005372928;0.00648704;0.004373504;0.002568192;0.0022067199999999997;0.003111936;0.0021534719999999996;0.002195456;0.0020572159999999997;0.001409024;0.001344512;0.001787904;0.001610752;0.001308672;0.0007249919999999999;0.0005867520000000001;0.000714752;0.000903168;0.001077248;0.000887808;0.00042291200000000006;0.000676864;0.000457728;0.000659456;0.0005621760000000001;0.000391168;0.000453632;0.000379904;0.000439296;0.00046080000000000003;0.000632832;0.0005099519999999999;0.00040243200000000004;0.00028774400000000004;0.000282624;0.000401408;0.000318464;0.0003072;0.00037888;0.000356352;0.000453632;0.0005632;0.00033689599999999994;0.000326656;0.000326656;0.000349184;0.000325632;0.00043724800000000005;0.00042496;0.000642048;0.000787456;0.00070656;0.0005007359999999999;0.00070656;0.001069056;0.001212416;0.0010455039999999998;0.001185792;0.00129024
1789134300,hdr,0.0293;0.03906;0.04883;0.05859;0.06836;0.07813;0.08789;0.09766;0.10742;0.11719;0.12695;0.13672;0.14648;0.15625;0.16602;0.17578;0.18555;0.19531;0.20508;0.21484;0.22461;0.23438;0.24414;0.25391;0.26367;0.27344;0.2832;0.29297;0.30273;0.3125;0.32227;0.33203;0.3418;0.35156;0.36133;0.37109;0.38086;0.39063;0.40039;0.41016;0.41992;0.42969;0.43945;0.44922;0.45898;0.46875;0.47852;0.48828;0.49805;0.50781;0.51758;0.52734;0.53711;0.54688;0.55664;0.56641;0.57617;0.58594;0.5957;0.60547;0.61523;0.625;0.63477;0.64453;0.6543;0.66406;0.67383;0.68359;0.69336;0.70313;0.71289;0.72266;0.73242;0.74219;0.75195;0.76172;0.77148;0.78125;0.79102,0.005147648;0.008581120000000001;0.00761344;0.00684032;0.004734975999999999;0.0033546239999999996;0.006309888;0.011402240000000001;0.026702847999999998;0.033600512;0.027472895999999997;0.026711040000000002;0.019173376;0.024845311999999998;0.0189184;0.00973312;0.005011456;0.005810176;0.007904256;0.005206016;0.0030853119999999998;0.003472384;0.00339456;0.004094976;0.004174848;0.003326976;0.003236864;0.001393664;0.00154624;0.002177024;0.0016302080000000002;0.0017121280000000003;0.0021504000000000002;0.0017489920000000002;0.0010721279999999999;0.000827392;0.000987136;0.0010465279999999997;0.0008110079999999999;0.00068096;0.00073216;0.00052224;0.000666624;0.000719872;0.00050176;0.000411648;0.00049664;0.00050176;0.00040243200000000004;0.0003328;0.000434176;0.000448512;0.00042496;0.000349184;0.000380928;0.000420864;0.00038912;0.00040243200000000004;0.00028569600000000005;0.00017100799999999997;0.000233472;0.00029081600000000006;0.00030208000000000004;0.00044544;0.00059904;0.00050176;0.000510976;0.000620544;0.0005601279999999999;0.0005621760000000001;0.001000448;0.0010209280000000002;0.000786432;0.001138688;0.0018636800000000002;0.001429504;0.00125952;0.0018196479999999999;0.0016291839999999999
1789135200,hdr,0.0293;0.03906;0.04883;0.05859;0.06836;0.07813;0.08789;0.09766;0.10742;0.11719;0.12695;0.13672;0.14648;0.15625;0.16602;0.17578;0.18555;0.19531;0.20508;0.21484;0.22461;0.23438;0.24414;0.25391;0.26367;0.27344;0.2832;0.29297;0.30273;0.3125;0.32227;0.33203;0.3418;0.35156;0.36133;0.37109;0.38086;0.39063;0.40039;0.41016;0.41992;0.42969;0.43945;0.44922;0.45898;0.46875;0.47852;0.48828;0.49805;0.50781;0.51758;0.52734;0.53711;0.54688;0.55664;0.56641;0.57617;0.58594;0.5957;0.60547;0.61523;0.625;0.63477;0.64453;0.6543;0.66406;0.67383;0.68359;0.69336;0.70313;0.71289;0.72266;0.73242;0.74219;0.75195;0.76172;0.77148;0.78125;0.79102,0.005780479999999999;0.006042624;0.0053411840000000006;0.005690368;0.008546304;0.011699199999999998;0.009057280000000001;0.008047616;0.016324608;0.028297216;0.03647795200000001;0.039007232;0.020186112000000003;0.017560576;0.018331648000000002;0.010463232;0.007735296;0.008806399999999999;0.0050749440000000005;0.002807808;0.0028897280000000003;0.002807808;0.0026849280000000005;0.00262656;0.002716672;0.0021504000000000002;0.001736704;0.002215936;0.0014438399999999998;0.001038336;0.000910336;0.0013240320000000002;0.001371136;0.0015616000000000002;0.001391616;0.000968704;0.001004544;0.000909312;0.000801792;0.0007772160000000001;0.000620544;0.00030412799999999997;0.000278528;0.00031232;0.00035942400000000006;0.000385024;0.000444416;0.00040755200000000004;0.000447488;0.000427008;0.0005642239999999999;0.000779264;0.0008089600000000001;0.00052736;0.00045056;0.000423936;0.000356352;0.0005713920000000001;0.0006912;0.000663552;0.0007352319999999999;0.000551936;0.000483328;0.0007843840000000001;0.0011786239999999999;0.0011120639999999998;0.0020797439999999997;0.00275456;0.001959936;0.002799616;0.0018360320000000002;0.0022814719999999997;0.002200576;0.002402304;0.00182272;0.002371584;0.00300032;0.002043904;0.00187392
1789136100,hdr,0.0293;0.03906;0.04883;0.05859;0.06836;0.07813;0.08789;0.09766;0.10742;0.11719;0.12695;0.13672;0.14648;0.15625;0.16602;0.17578;0.18555;0.19531;0.20508;0.21484;0.22461;0.23438;0.24414;0.25391;0.26367;0.27344;0.2832;0.29297;0.30273;0.3125;0.32227;0.33203;0.3418;0.35156;0.36133;0.37109;0.38086;0.39063;0.40039;0.41016;0.41992;0.42969;0.43945;0.44922;0.45898;0.46875;0.47852;0.48828;0.49805;0.50781;0.51758;0.52734;0.53711;0.54688;0.55664;0.56641;0.57617;0.58594;0.5957;0.60547;0.61523;0.625;0.63477;0.64453;0.6543;0.66406;0.67383;0.68359;0.69336;0.70313;0.71289;0.72266;0.73242;0.74219;0.75195;0.76172;0.77148;0.78125;0.79102,0.003723264;0.007473152;0.008884224;0.003622912;0.005185536;0.0057968640000000005;0.00955392;0.014564352;0.011899904;0.016826367999999998;0.015021056;0.024425471999999997;0.022147072;0.025920512;0.019557376;0.012947456;0.008385536;0.006749183999999999;0.006276095999999999;0.005059584;0.005620736;0.00311808;0.003811328;0.004842496;0.0034048;0.0032430080000000003;0.003032064;0.002107392;0.002173952;0.00236544;0.002601984;0.0018636800000000002;0.001007616;0.001035264;0.0009973760000000001;0.00136192;0.001217536;0.001358848;0.0012554240000000002;0.000626688;0.0008622079999999999;0.001353728;0.001035264;0.00049664;0.00042496;0.000345088;0.000580608;0.000526336;0.000494592;0.000543744;0.00044646400000000004;0.000526336;0.00074752;0.000864256;0.0007372800000000001;0.000863232;0.0012554240000000002;0.0013578239999999999;0.001790976;0.0032266240000000004;0.0025036800000000003;0.0024852480000000002;0.004360192;0.0043407359999999996;0.004832256;0.003941376;0.00276992;0.003364864;0.0038799359999999996;0.004466688;0.0033679359999999998;0.0039034879999999997;0.004185088000000001;0.003172352;0.0027392;0.002034688;0.001666048;0.001620992;0.001929216
1789137000,hdr,0.0293;0.03906;0.04883;0.05859;0.06836;0.07813;0.08789;0.09766;0.10742;0.11719;0.12695;0.13672;0.14648;0.15625;0.16602;0.17578;0.18555;0.19531;0.20508;0.21484;0.22461;0.23438;0.24414;0.25391;0.26367;0.27344;0.2832;0.29297;0.30273;0.3125;0.32227;0.33203;0.3418;0.35156;0.36133;0.37109;0.38086;0.39063;0.40039;0.41016;0.41992;0.42969;0.43945;0.44922;0.45898;0.46875;0.47852;0.48828;0.49805;0.50781;0.51758;0.52734;0.53711;0.54688;0.55664;0.56641;0.57617;0.58594;0.5957;0.60547;0.61523;0.625;0.63477;0.64453;0.6543;0.66406;0.67383;0.68359;0.69336;0.70313;0.71289;0.72266;0.73242;0.74219;0.75195;0.76172;0.77148;0.78125;0.79102,0.003750912;0.011853823999999999;0.0081152;0.003371008;0.002469888;0.0029870079999999998;0.007768064000000001;0.00948224;0.027198464;0.048043008000000005;0.04737843199999999;0.041142272;0.030020608;0.023471104;0.014902272000000001;0.010523648;0.010323968000000001;0.009775104000000001;0.008356864;0.006136832;0.0032870399999999998;0.0022702079999999997;0.002147328;0.00441856;0.005164032;0.002966528;0.00247296;0.00256;0.0026521599999999998;0.002760704;0.0025937919999999997;0.001391616;0.00131584;0.0009359360000000001;0.001472512;0.001306624;0.0013680639999999998;0.001071104;0.001304576;0.001304576;0.001067008;0.000601088;0.000524288;0.00065536;0.000734208;0.0005560319999999999;0.000633856;0.0009615359999999999;0.00068096;0.001122304;0.0019773440000000002;0.001318912;0.0024391680000000002;0.002506752;0.0030627840000000003;0.0038174719999999997;0.0031324160000000003;0.0026009600000000003;0.003924992;0.0026941440000000003;0.0028088320000000003;0.003291136;0.004658176;0.0036362239999999995;0.004429824;0.004755456;0.0031098880000000003;0.00405504;0.004335616;0.0036577280000000003;0.003365888;0.0027852800000000002;0.002661376;0.0036976640000000002;0.003959808;0.004083712000000001;0.0039495680000000005;0.00296448;0.002997248
1789137900,hdr,0.0293;0.03906;0.04883;0.05859;0.06836;0.07813;0.08789;0.09766;0.10742;0.11719;0.12695;0.13672;0.14648;0.15625;0.16602;0.17578;0.18555;0.19531;0.20508;0.21484;0.22461;0.23438;0.24414;0.25391;0.26367;0.27344;0.2832;0.29297;0.30273;0.3125;0.32227;0.33203;0.3418;0.35156;0.36133;0.37109;0.38086;0.39063;0.40039;0.41016;0.41992;0.42969;0.43945;0.44922;0.45898;0.46875;0.47852;0.48828;0.49805;0.50781;0.51758;0.52734;0.53711;0.54688;0.55664;0.56641;0.57617;0.58594;0.5957;0.60547;0.61523;0.625;0.63477;0.64453;0.6543;0.66406;0.67383;0.68359;0.69336;0.70313;0.71289;0.72266;0.73242;0.74219;0.75195;0.76172;0.77148;0.78125;0.79102,0.003751936;0.008910848;0.003934208;0.00464896;0.004626432000000001;0.0021299199999999996;0.00476672;0.008411136;0.014031871999999999;0.022224896;0.025950208;0.028987392;0.02948096;0.023151616000000003;0.016728063999999997;0.010811392;0.008819712000000002;0.005943296000000001;0.005741568;0.004190208000000001;0.004197376;0.002874368;0.00204288;0.0028549120000000002;0.004386816;0.004644864;0.002977792;0.002214912;0.002321408;0.002341888;0.002500608;0.00247296;0.001999872;0.001692672;0.001176576;0.0011837439999999998;0.00195584;0.0012042239999999998;0.000896;0.001477632;0.001166336;0.000596992;0.000543744;0.000861184;0.0007843840000000001;0.0007884799999999999;0.000966656;0.000521216;0.0009297919999999999;0.001201152;0.000898048;0.0013864959999999999;0.0015165439999999999;0.0012247039999999999;0.0009543679999999999;0.000611328;0.001941504;0.0035778560000000004;0.0032194560000000003;0.0021534719999999996;0.0021360640000000005;0.004012032;0.004516864;0.004289536;0.004546560000000001;0.0037273600000000003;0.00246272;0.0028846080000000003;0.002460672;0.0028989440000000005;0.002613248;0.0019496960000000001;0.001882112;0.00195584;0.0026951679999999995;0.002753536;0.0021411840000000004;0.00370688;0.002287616
1789138800,hdr,0.0293;0.03906;0.04883;0.05859;0.06836;0.07813;0.08789;0.09766;0.10742;0.11719;0.12695;0.13672;0.14648;0.15625;0.16602;0.17578;0.18555;0.19531;0.20508;0.21484;0.22461;0.23438;0.24414;0.25391;0.26367;0.27344;0.2832;0.29297;0.30273;0.3125;0.32227;0.33203;0.3418;0.35156;0.36133;0.37109;0.38086;0.39063;0.40039;0.41016;0.41992;0.42969;0.43945;0.44922;0.45898;0.46875;0.47852;0.48828;0.49805;0.50781;0.51758;0.52734;0.53711;0.54688;0.55664;0.56641;0.57617;0.58594;0.5957;0.60547;0.61523;0.625;0.63477;0.64453;0.6543;0.66406;0.67383;0.68359;0.69336;0.70313;0.71289;0.72266;0.73242;0.74219;0.75195;0.76172;0.77148;0.78125;0.79102,0.004237312;0.005658624;0.004797439999999999;0.0035440640000000004;0.004594688;0.006977536;0.008955904;0.012376064;0.015865856;0.02493952;0.021520383999999997;0.027611135999999998;0.020719616;0.031649792;0.025938944;0.012401664000000001;0.006109184;0.00274944;0.0026286079999999997;0.005007360000000001;0.005522432;0.003607552;0.0029501439999999996;0.0028057599999999996;0.0033146879999999997;0.005424127999999999;0.002497536;0.0020101119999999997;0.002453504;0.0022241279999999997;0.003352576;0.002555904;0.0024309759999999996;0.002352128;0.002813952;0.0024227840000000003;0.001284096;0.00101888;0.0013547519999999999;0.001281024;0.001222656;0.000623616;0.000750592;0.000692224;0.000549888;0.0006973439999999999;0.000662528;0.0007096320000000001;0.001137664;0.001118208;0.001050624;0.00070656;0.0007096320000000001;0.0014653440000000002;0.002030592;0.002180096;0.003549184;0.004037632;0.0035696639999999997;0.004301823999999999;0.00498176;0.003555328;0.003117056;0.005987327999999999;0.007416832;0.0050728959999999995;0.002820096;0.004287487999999999;0.005577727999999999;0.00350208;0.00271872;0.001716224;0.0018196479999999999;0.0032849919999999996;0.0023941119999999995;0.001649664;0.0027504639999999998;0.002548736;0.00255488
1789139700,hdr,0.0293;0.03906;0.04883;0.05859;0.06836;0.07813;0.08789;0.09766;0.10742;0.11719;0.12695;0.13672;0.14648;0.15625;0.16602;0.17578;0.18555;0.19531;0.20508;0.21484;0.22461;0.23438;0.24414;0.25391;0.26367;0.27344;0.2832;0.29297;0.30273;0.3125;0.32227;0.33203;0.3418;0.35156;0.36133;0.37109;0.38086;0.39063;0.40039;0.41016;0.41992;0.42969;0.43945;0.44922;0.45898;0.46875;0.47852;0.48828;0.49805;0.50781;0.51758;0.52734;0.53711;0.54688;0.55664;0.56641;0.57617;0.58594;0.5957;0.60547;0.61523;0.625;0.63477;0.64453;0.6543;0.66406;0.67383;0.68359;0.69336;0.70313;0.71289;0.72266;0.73242;0.74219;0.75195;0.76172;0.77148;0.78125;0.79102,0.004358144;0.009419776;0.009839616;0.008102912;0.006601727999999999;0.00643584;0.005990400000000001;0.009124864000000002;0.017054720000000002;0.018369536;0.037505024;0.038627328;0.028320768;0.037851136;0.028058624;0.013605888;0.008675328;0.003874816;0.0030330879999999998;0.0033955839999999997;0.002310144;0.0018432000000000001;0.002594816;0.003277824;0.004038656;0.00271872;0.0020746239999999997;0.00151552;0.0024719359999999997;0.00239104;0.002407424;0.001524736;0.002038784;0.0024227840000000003;0.001294336;0.001657856;0.002806784;0.001405952;0.001248256;0.001212416;0.0009973760000000001;0.001383424;0.001159168;0.001028096;0.0005898240000000001;0.0006789119999999999;0.000812032;0.0011264;0.001119232;0.0013199359999999999;0.0024227840000000003;0.0024145919999999997;0.0019251199999999998;0.0026347520000000006;0.00244736;0.0025415679999999997;0.002197504;0.003254272;0.00499712;0.003729408;0.00385536;0.006063104000000001;0.005925888;0.005456896000000001;0.005318656;0.005902336;0.004759552;0.003607552;0.002613248;0.002936832;0.003391488;0.002714624;0.002475008;0.0025036800000000003;0.002404352;0.00218112;0.002260992;0.00183296;0.0012871680000000002
1789140600,hdr,0.0293;0.03906;0.04883;0.05859;0.06836;0.07813;0.08789;0.09766;0.10742;0.11719;0.12695;0.13672;0.14648;0.15625;0.16602;0.17578;0.18555;0.19531;0.20508;0.21484;0.22461;0.23438;0.24414;0.25391;0.26367;0.27344;0.2832;0.29297;0.30273;0.3125;0.32227;0.33203;0.3418;0.35156;0.36133;0.37109;0.38086;0.39063;0.40039;0.41016;0.41992;0.42969;0.43945;0.44922;0.45898;0.46875;0.47852;0.48828;0.49805;0.50781;0.51758;0.52734;0.53711;0.54688;0.55664;0.56641;0.57617;0.58594;0.5957;0.60547;0.61523;0.625;0.63477;0.64453;0.6543;0.66406;0.67383;0.68359;0.69336;0.70313;0.71289;0.72266;0.73242;0.74219;0.75195;0.76172;0.77148;0.78125;0.79102,0.006851584;0.007036928;0.009702400000000002;0.00464384;0.005559295999999999;0.008230912;0.009648128;0.020287488000000003;0.020228096;0.022198272;0.044493823999999994;0.045524992;0.025371648;0.028372992;0.020929536;0.0170752;0.008647679999999998;0.006488063999999999;0.00410624;0.006070272;0.00551424;0.003866624;0.0024954879999999997;0.0015390719999999998;0.002021376;0.0015390719999999998;0.0017889280000000002;0.0025262080000000003;0.0025180159999999997;0.0024145919999999997;0.0023347199999999998;0.0020910079999999997;0.00139776;0.0020224;0.00291328;0.003377152;0.0024872960000000004;0.0019773440000000002;0.001829888;0.001282048;0.000847872;0.000795648;0.001174528;0.0009738240000000001;0.000809984;0.000659456;0.000871424;0.0008325120000000001;0.0013240320000000002;0.001063936;0.000770048;0.0005703679999999999;0.0009021439999999999;0.001035264;0.001431552;0.002055168;0.0025384959999999995;0.0033617919999999997;0.0033638400000000003;0.004426751999999999;0.004402176;0.002787328;0.0027310080000000005;0.005175296;0.006530048;0.005266432;0.004749312;0.0046223359999999995;0.005347328;0.003162112;0.002551808;0.002372608;0.002661376;0.0031160320000000004;0.00190976;0.00180224;0.002312192;0.001376256;0.0011755519999999998
1789141500,hdr,0.0293;0.03906;0.04883;0.05859;0.06836;0.07813;0.08789;0.09766;0.10742;0.11719;0.12695;0.13672;0.14648;0.15625;0.16602;0.17578;0.18555;0.19531;0.20508;0.21484;0.22461;0.23438;0.24414;0.25391;0.26367;0.27344;0.2832;0.29297;0.30273;0.3125;0.32227;0.33203;0.3418;0.35156;0.36133;0.37109;0.38086;0.39063;0.40039;0.41016;0.41992;0.42969;0.43945;0.44922;0.45898;0.46875;0.47852;0.48828;0.49805;0.50781;0.51758;0.52734;0.53711;0.54688;0.55664;0.56641;0.57617;0.58594;0.5957;0.60547;0.61523;0.625;0.63477;0.64453;0.6543;0.66406;0.67383;0.68359;0.69336;0.70313;0.71289;0.72266;0.73242;0.74219;0.75195;0.76172;0.77148;0.78125;0.79102,0.008462336;0.012973056;0.006782976;0.006120448;0.01010176;0.005110783999999999;0.004155392;0.006858752;0.014377984;0.016978944;0.020144127999999997;0.015911936;0.024131583999999998;0.02909184;0.027174912;0.016857088;0.010303488;0.009255936;0.006361088;0.004251648;0.006293504000000001;0.006213631999999999;0.004393983999999999;0.002777088;0.002174976;0.0025978880000000005;0.00242688;0.003008512;0.0028989440000000005;0.002284544;0.001483776;0.002043904;0.0022272;0.0020654080000000003;0.001839104;0.0018964479999999998;0.0016445440000000002;0.001727488;0.0010680320000000002;0.001523712;0.001186816;0.000907264;0.0009973760000000001;0.0007843840000000001;0.0008089600000000001;0.0008222720000000001;0.000937984;0.000882688;0.00122368;0.000941056;0.000796672;0.0013660159999999998;0.001376256;0.001063936;0.001038336;0.002219008;0.0015103999999999999;0.001560576;0.001574912;0.001174528;0.002568192;0.0030300159999999995;0.003576832;0.0029655040000000003;0.003489792;0.0048015359999999995;0.005785599999999999;0.0030535679999999996;0.0021268479999999998;0.001824768;0.00196096;0.0028088320000000003;0.0031242239999999997;0.002719744;0.0029695999999999998;0.002970624;0.002453504;0.0021667839999999997;0.001855488
1789142400,hdr,0.0293;0.03906;0.04883;0.05859;0.06836;0.07813;0.08789;0.09766;0.10742;0.11719;0.12695;0.13672;0.14648;0.15625;0.16602;0.17578;0.18555;0.19531;0.20508;0.21484;0.22461;0.23438;0.24414;0.25391;0.26367;0.27344;0.2832;0.29297;0.30273;0.3125;0.32227;0.33203;0.3418;0.35156;0.36133;0.37109;0.38086;0.39063;0.40039;0.41016;0.41992;0.42969;0.43945;0.44922;0.45898;0.46875;0.47852;0.48828;0.49805;0.50781;0.51758;0.52734;0.53711;0.54688;0.55664;0.56641;0.57617;0.58594;0.5957;0.60547;0.61523;0.625;0.63477;0.64453;0.6543;0.66406;0.67383;0.68359;0.69336;0.70313;0.71289;0.72266;0.73242;0.74219;0.75195;0.76172;0.77148;0.78125;0.79102,0.014137344000000001;0.022660095999999998;0.012884992;0.007392256;0.006987776;0.009367552;0.008395776;0.010351616;0.012633088000000002;0.023569408;0.027076608;0.023650304;0.029953023999999998;0.0261632;0.02265088;0.014880768;0.012208128;0.007455744;0.007457792;0.00832;0.00554496;0.003385344;0.002619392;0.0033423359999999996;0.002968576;0.0022425599999999998;0.001915904;0.002072576;0.003429376;0.003290112;0.002704384;0.0020582400000000002;0.001695744;0.001763328;0.0013680639999999998;0.00146432;0.00138752;0.002412544;0.002398208;0.00160768;0.0010455039999999998;0.0012554240000000002;0.00128512;0.000712704;0.0009738240000000001;0.0011233280000000003;0.001353728;0.001129472;0.0007249919999999999;0.0009717759999999999;0.001376256;0.001181696;0.0012912639999999999;0.001722368;0.0011704320000000001;0.0009717759999999999;0.001835008;0.002374656;0.002158592;0.0021893120000000005;0.003024896;0.003504128;0.0025825279999999997;0.004603904000000001;0.004192256;0.003393536;0.00270848;0.002443264;0.002180096;0.0023889920000000004;0.0029122560000000002;0.002793472;0.00182272;0.001425408;0.001165312;0.0013117439999999999;0.001358848;0.001591296;0.001318912
1789143300,hdr,0.0293;0.03906;0.04883;0.05859;0.06836;0.07813;0.08789;0.09766;0.10742;0.11719;0.12695;0.13672;0.14648;0.15625;0.16602;0.17578;0.18555;0.19531;0.20508;0.21484;0.22461;0.23438;0.24414;0.25391;0.26367;0.27344;0.2832;0.29297;0.30273;0.3125;0.32227;0.33203;0.3418;0.35156;0.36133;0.37109;0.38086;0.39063;0.40039;0.41016;0.41992;0.42969;0.43945;0.44922;0.45898;0.46875;0.47852;0.48828;0.49805;0.50781;0.51758;0.52734;0.53711;0.54688;0.55664;0.56641;0.57617;0.58594;0.5957;0.60547;0.61523;0.625;0.63477;0.64453;0.6543;0.66406;0.67383;0.68359;0.69336;0.70313;0.71289;0.72266;0.73242;0.74219;0.75195;0.76172;0.77148;0.78125;0.79102,0.010761215999999999;0.014485504000000001;0.015300608;0.01606656;0.011053056;0.0034826239999999997;0.006731776;0.016118784;0.015777792;0.029518847999999997;0.045997056;0.021677056;0.02899968;0.03047936;0.028203008;0.017492992000000002;0.01191424;0.009509888000000001;0.008922112000000001;0.009395200000000001;0.00686592;0.005001216;0.00375296;0.002489344;0.0034672640000000003;0.0042752;0.003245056;0.0027852800000000002;0.00231936;0.003099648;0.0029409279999999998;0.0022927360000000005;0.001634304;0.001497088;0.001227776;0.0013824;0.0013680639999999998;0.0007096320000000001;0.0007352319999999999;0.0012451839999999999;0.001333248;0.0008601600000000001;0.001226752;0.0016650240000000002;0.001534976;0.001338368;0.00110592;0.000864256;0.000791552;0.0005713920000000001;0.001056768;0.0009615359999999999;0.0012666880000000002;0.001217536;0.000877568;0.0009461760000000001;0.001400832;0.001668096;0.0018288640000000001;0.00218112;0.002505728;0.0029757440000000002;0.003982336;0.0046991360000000005;0.004508671999999999;0.003786752;0.004012032;0.004030464;0.002654208;0.002603008;0.002441216;0.003039232;0.002801664;0.0018411519999999998;0.0014458880000000002;0.001425408;0.001563648;0.00143872;0.000878592
1789144200,hdr,0.0293;0.03906;0.04883;0.05859;0.06836;0.07813;0.08789;0.09766;0.10742;0.11719;0.12695;0.13672;0.14648;0.15625;0.16602;0.17578;0.18555;0.19531;0.20508;0.21484;0.22461;0.23438;0.24414;0.25391;0.26367;0.27344;0.2832;0.29297;0.30273;0.3125;0.32227;0.33203;0.3418;0.35156;0.36133;0.37109;0.38086;0.39063;0.40039;0.41016;0.41992;0.42969;0.43945;0.44922;0.45898;0.46875;0.47852;0.48828;0.49805;0.50781;0.51758;0.52734;0.53711;0.54688;0.55664;0.56641;0.57617;0.58594;0.5957;0.60547;0.61523;0.625;0.63477;0.64453;0.6543;0.66406;0.67383;0.68359;0.69336;0.70313;0.71289;0.72266;0.73242;0.74219;0.75195;0.76172;0.77148;0.78125;0.79102,0.00695808;0.008307712;0.013275136;0.0059648;0.006221824;0.001752064;0.0037693439999999996;0.01083392;0.015555583999999999;0.012293120000000001;0.021725183999999998;0.02555904;0.031118336;0.038144;0.02277888;0.022131711999999998;0.012648448;0.011450367999999999;0.008828928;0.006836223999999999;0.007553023999999999;0.007113728;0.003452928;0.002742272;0.0031703039999999997;0.00339968;0.0025036800000000003;0.002885632;0.0033812479999999995;0.0028047360000000004;0.002993152;0.0029501439999999996;0.004033536;0.003198976;0.002064384;0.0018964479999999998;0.002003968;0.001992704;0.0015452159999999999;0.0010516479999999999;0.001337344;0.0013004800000000001;0.001232896;0.001864704;0.001795072;0.001330176;0.0009717759999999999;0.001114112;0.0013219840000000002;0.001376256;0.0015544320000000001;0.0019466239999999999;0.001583104;0.0012953600000000002;0.001439744;0.002832384;0.00234496;0.001381376;0.001195008;0.002158592;0.002977792;0.003542016;0.003652608;0.0035246080000000003;0.0034918399999999995;0.0040192;0.00340992;0.005191680000000001;0.00321536;0.00282624;0.003099648;0.002425856;0.001846272;0.0019824639999999998;0.001968128;0.002031616;0.00188928;0.000770048;0.0012789759999999998
1789145100,hdr,0.0293;0.03906;0.04883;0.05859;0.06836;0.07813;0.08789;0.09766;0.10742;0.11719;0.12695;0.13672;0.14648;0.15625;0.16602;0.17578;0.18555;0.19531;0.20508;0.21484;0.22461;0.23438;0.24414;0.25391;0.26367;0.27344;0.2832;0.29297;0.30273;0.3125;0.32227;0.33203;0.3418;0.35156;0.36133;0.37109;0.38086;0.39063;0.40039;0.41016;0.41992;0.42969;0.43945;0.44922;0.45898;0.46875;0.47852;0.48828;0.49805;0.50781;0.51758;0.52734;0.53711;0.54688;0.55664;0.56641;0.57617;0.58594;0.5957;0.60547;0.61523;0.625;0.63477;0.64453;0.6543;0.66406;0.67383;0.68359;0.69336;0.70313;0.71289;0.72266;0.73242;0.74219;0.75195;0.76172;0.77148;0.78125;0.79102,0.016907264;0.027806719999999997;0.023329792000000002;0.016719872;0.009192448;0.007606272;0.008118272;0.009285632;0.012924928;0.02068992;0.028151807999999997;0.043972608;0.036599808000000005;0.032242688;0.023648256000000003;0.019180544;0.01782784;0.0067655680000000004;0.004690944000000001;0.006242304;0.006111232;0.0044974080000000005;0.00442368;0.005966848;0.004834304;0.003868672;0.002757632;0.0025753599999999996;0.003191808;0.004877312;0.003016704;0.002096128;0.001741824;0.001631232;0.0015267839999999998;0.0011284479999999998;0.001544192;0.001736704;0.001408;0.0014745600000000002;0.001329152;0.001079296;0.0008366080000000001;0.0007884799999999999;0.000745472;0.000565248;0.000790528;0.000932864;0.001062912;0.0007884799999999999;0.000519168;0.0005621760000000001;0.0009625599999999999;0.0008652800000000001;0.00062464;0.000759808;0.0015697920000000002;0.0029839359999999995;0.002522112;0.001647616;0.0015616000000000002;0.001632256;0.002456576;0.0040448;0.005042176000000001;0.0030853119999999998;0.0019169279999999998;0.0022702079999999997;0.001344512;0.0019886079999999998;0.002159616;0.001659904;0.0011202559999999998;0.0015493120000000002;0.0017684480000000002;0.00081408;0.000964608;0.001069056;0.0007352319999999999
1789146000,hdr,0.0293;0.03906;0.04883;0.05859;0.06836;0.07813;0.08789;0.09766;0.10742;0.11719;0.12695;0.13672;0.14648;0.15625;0.16602;0.17578;0.18555;0.19531;0.20508;0.21484;0.22461;0.23438;0.24414;0.25391;0.26367;0.27344;0.2832;0.29297;0.30273;0.3125;0.32227;0.33203;0.3418;0.35156;0.36133;0.37109;0.38086;0.39063;0.40039;0.41016;0.41992;0.42969;0.43945;0.44922;0.45898;0.46875;0.47852;0.48828;0.49805;0.50781;0.51758;0.52734;0.53711;0.54688;0.55664;0.56641;0.57617;0.58594;0.5957;0.60547;0.61523;0.625;0.63477;0.64453;0.6543;0.66406;0.67383;0.68359;0.69336;0.70313;0.71289;0.72266;0.73242;0.74219;0.75195;0.76172;0.77148;0.78125;0.79102,0.009670656;0.019419136000000004;0.019400704;0.008804352;0.007755776;0.006562816;0.01224704;0.01077248;0.011305984;0.021481472;0.034197504000000004;0.029194240000000003;0.0310272;0.032877567999999996;0.023492608;0.013320192000000002;0.00633344;0.0044031999999999995;0.005430272000000001;0.005793792;0.0059269119999999995;0.00503296;0.0032870399999999998;0.0032849919999999996;0.002603008;0.00245248;0.002654208;0.00249344;0.0026777600000000004;0.002054144;0.002330624;0.003323904;0.0036167680000000002;0.003100672;0.001850368;0.000847872;0.0007249919999999999;0.00119808;0.0015687680000000001;0.002077696;0.001593344;0.0014929920000000003;0.0010833919999999999;0.00062976;0.001000448;0.00128512;0.00090624;0.000549888;0.000502784;0.00035328;0.000463872;0.000461824;0.000442368;0.00029593599999999995;0.000505856;0.000502784;0.000436224;0.00040755200000000004;0.000582656;0.000907264;0.0010373119999999999;0.00103424;0.001267712;0.0009523200000000001;0.0015687680000000001;0.001839104;0.001538048;0.001373184;0.00187392;0.0024832;0.002341888;0.001792;0.001907712;0.002425856;0.00326144;0.002586624;0.001533952;0.001293312;0.0014991359999999999
1789146900,hdr,0.0293;0.03906;0.04883;0.05859;0.06836;0.07813;0.08789;0.09766;0.10742;0.11719;0.12695;0.13672;0.14648;0.15625;0.16602;0.17578;0.18555;0.19531;0.20508;0.21484;0.22461;0.23438;0.24414;0.25391;0.26367;0.27344;0.2832;0.29297;0.30273;0.3125;0.32227;0.33203;0.3418;0.35156;0.36133;0.37109;0.38086;0.39063;0.40039;0.41016;0.41992;0.42969;0.43945;0.44922;0.45898;0.46875;0.47852;0.48828;0.49805;0.50781;0.51758;0.52734;0.53711;0.54688;0.55664;0.56641;0.57617;0.58594;0.5957;0.60547;0.61523;0.625;0.63477;0.64453;0.6543;0.66406;0.67383;0.68359;0.69336;0.70313;0.71289;0.72266;0.73242;0.74219;0.75195;0.76172;0.77148;0.78125;0.79102,0.017269760000000002;0.033366016000000005;0.023537664;0.007760896;0.004396032;0.004731904;0.004854784000000001;0.010664960000000001;0.014495744000000001;0.014516224;0.024671232;0.031624192;0.027057151999999998;0.023150592;0.019893248;0.020148224;0.013581312;0.011382784;0.009945088;0.006872064000000001;0.0046848;0.004708352;0.005643264;0.002849792;0.001845248;0.003136512;0.002845696;0.002825216;0.0037375999999999998;0.0037693439999999996;0.0023930880000000002;0.001583104;0.002806784;0.002112512;0.00195584;0.001488896;0.000869376;0.001011712;0.000782336;0.0008560640000000001;0.000858112;0.00083968;0.0014847999999999999;0.0011356159999999999;0.00067072;0.00052736;0.00084992;0.0006144;0.0005232639999999998;0.00047001599999999997;0.0006041600000000001;0.000625664;0.0005847039999999999;0.0005324799999999999;0.0005007359999999999;0.000518144;0.00027648;0.000484352;0.0005877759999999999;0.000632832;0.001033216;0.0009727999999999999;0.001670144;0.0019886079999999998;0.002638848;0.0033003520000000003;0.002635776;0.002955264;0.003303424;0.002893824;0.003525632;0.0027883520000000005;0.0033873920000000004;0.003401728;0.00226304;0.0028190719999999997;0.0027811840000000003;0.001995776;0.0017408
1789147800,hdr,0.0293;0.03906;0.04883;0.05859;0.06836;0.07813;0.08789;0.09766;0.10742;0.11719;0.12695;0.13672;0.14648;0.15625;0.16602;0.17578;0.18555;0.19531;0.20508;0.21484;0.22461;0.23438;0.24414;0.25391;0.26367;0.27344;0.2832;0.29297;0.30273;0.3125;0.32227;0.33203;0.3418;0.35156;0.36133;0.37109;0.38086;0.39063;0.40039;0.41016;0.41992;0.42969;0.43945;0.44922;0.45898;0.46875;0.47852;0.48828;0.49805;0.50781;0.51758;0.52734;0.53711;0.54688;0.55664;0.56641;0.57617;0.58594;0.5957;0.60547;0.61523;0.625;0.63477;0.64453;0.6543;0.66406;0.67383;0.68359;0.69336;0.70313;0.71289;0.72266;0.73242;0.74219;0.75195;0.76172;0.77148;0.78125;0.79102,0.00795648;0.012822528;0.009008127999999999;0.01110528;0.010243072;0.009815039999999999;0.006977536;0.011490304;0.014672896;0.016738304;0.014629887999999999;0.031269888;0.027077632;0.029508608;0.026244095999999998;0.019136511999999998;0.010699776;0.006684671999999999;0.005441536;0.003340288;0.004129792;0.0044748800000000005;0.004071424000000001;0.002767872;0.0037375999999999998;0.004931584;0.003815424;0.00270848;0.002741248;0.0018513919999999999;0.0013752319999999999;0.0013905920000000002;0.001829888;0.0018800639999999999;0.001810432;0.0029880320000000003;0.0024709120000000005;0.0016650240000000002;0.0020736;0.001548288;0.0009625599999999999;0.000825344;0.001134592;0.0006830079999999999;0.000628736;0.0008151040000000001;0.000692224;0.000826368;0.000953344;0.0007219199999999999;0.001338368;0.001826816;0.001323008;0.0007423999999999999;0.0006850560000000001;0.001241088;0.002516992;0.0021299199999999996;0.001061888;0.0017121280000000003;0.001534976;0.001384448;0.0015687680000000001;0.001927168;0.0029337599999999997;0.003352576;0.0026490879999999995;0.0026439680000000004;0.002315264;0.0034959360000000003;0.004412416;0.0035522559999999997;0.00180224;0.0015953919999999997;0.001425408;0.0009523200000000001;0.001229824;0.001328128;0.001575936
1789148700,hdr,0.0293;0.03906;0.04883;0.05859;0.06836;0.07813;0.08789;0.09766;0.10742;0.11719;0.12695;0.13672;0.14648;0.15625;0.16602;0.17578;0.18555;0.19531;0.20508;0.21484;0.22461;0.23438;0.24414;0.25391;0.26367;0.27344;0.2832;0.29297;0.30273;0.3125;0.32227;0.33203;0.3418;0.35156;0.36133;0.37109;0.38086;0.39063;0.40039;0.41016;0.41992;0.42969;0.43945;0.44922;0.45898;0.46875;0.47852;0.48828;0.49805;0.50781;0.51758;0.52734;0.53711;0.54688;0.55664;0.56641;0.57617;0.58594;0.5957;0.60547;0.61523;0.625;0.63477;0.64453;0.6543;0.66406;0.67383;0.68359;0.69336;0.70313;0.71289;0.72266;0.73242;0.74219;0.75195;0.76172;0.77148;0.78125;0.79102,0.009404415999999999;0.014859263999999999;0.006578176000000001;0.00202752;0.004599808;0.002968576;0.009354240000000002;0.014919680000000001;0.019616768;0.017002496;0.021878784;0.024532992;0.01562624;0.016449536;0.020339712;0.01845248;0.017282047999999998;0.008697856;0.003909632;0.002613248;0.003011584;0.003511296;0.0027381760000000006;0.0019537919999999998;0.0024709120000000005;0.002671616;0.0022231040000000005;0.001931264;0.003122176;0.002197504;0.001409024;0.0015984640000000002;0.001758208;0.0018216959999999998;0.002157568;0.001728512;0.0013219840000000002;0.0011919360000000002;0.00104448;0.001248256;0.001250304;0.0011704320000000001;0.00198144;0.001964032;0.0009727999999999999;0.0007249919999999999;0.00064512;0.000759808;0.001079296;0.0009748480000000001;0.0009523200000000001;0.0008355839999999999;0.0006952960000000001;0.000756736;0.0008447999999999999;0.000596992;0.000867328;0.0006225919999999999;0.000748544;0.00091136;0.001186816;0.0013608960000000001;0.000950272;0.001626112;0.001926144;0.001650688;0.0015656959999999999;0.0015226880000000001;0.0021862400000000003;0.002072576;0.001497088;0.001837056;0.002110464;0.0019435519999999999;0.00141312;0.0016138239999999998;0.001750016;0.00180736;0.001700864
1789149600,hdr,0.0293;0.03906;0.04883;0.05859;0.06836;0.07813;0.08789;0.09766;0.10742;0.11719;0.12695;0.13672;0.14648;0.15625;0.16602;0.17578;0.18555;0.19531;0.20508;0.21484;0.22461;0.23438;0.24414;0.25391;0.26367;0.27344;0.2832;0.29297;0.30273;0.3125;0.32227;0.33203;0.3418;0.35156;0.36133;0.37109;0.38086;0.39063;0.40039;0.41016;0.41992;0.42969;0.43945;0.44922;0.45898;0.46875;0.47852;0.48828;0.49805;0.50781;0.51758;0.52734;0.53711;0.54688;0.55664;0.56641;0.57617;0.58594;0.5957;0.60547;0.61523;0.625;0.63477;0.64453;0.6543;0.66406;0.67383;0.68359;0.69336;0.70313;0.71289;0.72266;0.73242;0.74219;0.75195;0.76172;0.77148;0.78125;0.79102,0.0054855680000000006;0.01417216;0.02049536;0.011044864;0.0049408;0.004557824;0.01931776;0.021410816;0.012558336000000002;0.010292223999999999;0.017967103999999998;0.023023616;0.020334592000000002;0.020381696;0.016651264000000002;0.013302784000000002;0.015464448;0.010070016000000001;0.010149888000000001;0.006401023999999999;0.0036024319999999996;0.005071872000000001;0.004440064;0.002300928;0.002528256;0.00213504;0.0030361600000000004;0.003431424;0.0021360640000000005;0.0015144960000000002;0.0012523519999999998;0.0013690880000000003;0.002028544;0.0021207039999999997;0.0019189760000000002;0.0012400640000000001;0.0015616000000000002;0.002056192;0.003050496;0.003373056;0.0017674240000000003;0.0014991359999999999;0.001088512;0.0009943039999999999;0.0015431680000000001;0.001666048;0.001344512;0.001929216;0.001108992;0.0007936;0.0011233280000000003;0.001202176;0.00111104;0.001033216;0.000628736;0.000613376;0.0007352319999999999;0.0006021119999999999;0.000550912;0.000458752;0.000441344;0.000659456;0.000668672;0.0006574080000000001;0.0007976959999999999;0.0006021119999999999;0.00047923199999999995;0.00077312;0.000801792;0.0006737919999999999;0.00087552;0.000888832;0.001024;0.000950272;0.00080384;0.0014448640000000001;0.0014274560000000001;0.001063936;0.000986112
1789150500,hdr,0.0293;0.03906;0.04883;0.05859;0.06836;0.07813;0.08789;0.09766;0.10742;0.11719;0.12695;0.13672;0.14648;0.15625;0.16602;0.17578;0.18555;0.19531;0.20508;0.21484;0.22461;0.23438;0.24414;0.25391;0.26367;0.27344;0.2832;0.29297;0.30273;0.3125;0.32227;0.33203;0.3418;0.35156;0.36133;0.37109;0.38086;0.39063;0.40039;0.41016;0.41992;0.42969;0.43945;0.44922;0.45898;0.46875;0.47852;0.48828;0.49805;0.50781;0.51758;0.52734;0.53711;0.54688;0.55664;0.56641;0.57617;0.58594;0.5957;0.60547;0.61523;0.625;0.63477;0.64453;0.6543;0.66406;0.67383;0.68359;0.69336;0.70313;0.71289;0.72266;0.73242;0.74219;0.75195;0.76172;0.77148;0.78125;0.79102,0.008508416000000001;0.021006336;0.02440192;0.016324608;0.011747328;0.007789568;0.0066088959999999995;0.008720384;0.012788736;0.009322496;0.013912064;0.027411456;0.019661824;0.023578624;0.020661248;0.014553088000000002;0.011743232;0.008778752;0.005462016000000001;0.00492544;0.0051599359999999995;0.00571904;0.004616192;0.0028600319999999998;0.002448384;0.002020352;0.00226816;0.002131968;0.0019455999999999998;0.001507328;0.0013352960000000001;0.001004544;0.000759808;0.00099328;0.001284096;0.0015656959999999999;0.002398208;0.0027320319999999997;0.001717248;0.002029568;0.002229248;0.0011007999999999999;0.000852992;0.0006574080000000001;0.0006154239999999999;0.000761856;0.000869376;0.000533504;0.0005089280000000001;0.000566272;0.00061952;0.00047308800000000003;0.0005816320000000001;0.000379904;0.000408576;0.00043315199999999996;0.00039731200000000003;0.00029388799999999996;0.000520192;0.0006952960000000001;0.000521216;0.000813056;0.000857088;0.000878592;0.0008867839999999999;0.001316864;0.0007936;0.000483328;0.001091584;0.0013926400000000001;0.001734656;0.001393664;0.001734656;0.001296384;0.000918528;0.001765376;0.0018442240000000002;0.001502208;0.0012032
1789151400,hdr,0.0293;0.03906;0.04883;0.05859;0.06836;0.07813;0.08789;0.09766;0.10742;0.11719;0.12695;0.13672;0.14648;0.15625;0.16602;0.17578;0.18555;0.19531;0.20508;0.21484;0.22461;0.23438;0.24414;0.25391;0.26367;0.27344;0.2832;0.29297;0.30273;0.3125;0.32227;0.33203;0.3418;0.35156;0.36133;0.37109;0.38086;0.39063;0.40039;0.41016;0.41992;0.42969;0.43945;0.44922;0.45898;0.46875;0.47852;0.48828;0.49805;0.50781;0.51758;0.52734;0.53711;0.54688;0.55664;0.56641;0.57617;0.58594;0.5957;0.60547;0.61523;0.625;0.63477;0.64453;0.6543;0.66406;0.67383;0.68359;0.69336;0.70313;0.71289;0.72266;0.73242;0.74219;0.75195;0.76172;0.77148;0.78125;0.79102,0.0073185279999999995;0.00635904;0.012087296;0.01222656;0.00490496;0.004630528;0.0071393279999999995;0.013886464;0.019609599999999998;0.01788416;0.016411648;0.014455807999999999;0.0118272;0.014213120000000001;0.023488512;0.017613824;0.018270208;0.012695551999999999;0.006807552000000001;0.005352448;0.003750912;0.0040345599999999995;0.0038993920000000002;0.0033536000000000004;0.003149824;0.0019937279999999997;0.001604608;0.001466368;0.0018360320000000002;0.001861632;0.001987584;0.002250752;0.002855936;0.002082816;0.00125952;0.0018176000000000002;0.0015103999999999999;0.0011151359999999999;0.001338368;0.003014656;0.0017182719999999999;0.001088512;0.001381376;0.001027072;0.001005568;0.0009912319999999999;0.000750592;0.001110016;0.0007843840000000001;0.0006656;0.000687104;0.000867328;0.0012195840000000001;0.0017182719999999999;0.001507328;0.000937984;0.0006184960000000001;0.001052672;0.0012707839999999998;0.0012042239999999998;0.0005734399999999999;0.000643072;0.000903168;0.0009727999999999999;0.000631808;0.00092672;0.001033216;0.001165312;0.000984064;0.0006819840000000001;0.000715776;0.000775168;0.0006912;0.000770048;0.000779264;0.001154048;0.0011755519999999998;0.000978944;0.001056768
1789152300,hdr,0.0293;0.03906;0.04883;0.05859;0.06836;0.07813;0.08789;0.09766;0.10742;0.11719;0.12695;0.13672;0.14648;0.15625;0.16602;0.17578;0.18555;0.19531;0.20508;0.21484;0.22461;0.23438;0.24414;0.25391;0.26367;0.27344;0.2832;0.29297;0.30273;0.3125;0.32227;0.33203;0.3418;0.35156;0.36133;0.37109;0.38086;0.39063;0.40039;0.41016;0.41992;0.42969;0.43945;0.44922;0.45898;0.46875;0.47852;0.48828;0.49805;0.50781;0.51758;0.52734;0.53711;0.54688;0.55664;0.56641;0.57617;0.58594;0.5957;0.60547;0.61523;0.625;0.63477;0.64453;0.6543;0.66406;0.67383;0.68359;0.69336;0.70313;0.71289;0.72266;0.73242;0.74219;0.75195;0.76172;0.77148;0.78125;0.79102,0.004824064;0.00797696;0.00553472;0.006853632;0.008825856;0.008512511999999998;0.011665407999999999;0.015009792;0.01742336;0.014433280000000001;0.012929023999999999;0.013983744000000001;0.016421888;0.01958912;0.015440896;0.012007424000000001;0.01193984;0.010682368000000001;0.00628736;0.005033984;0.0025671680000000003;0.0026685439999999997;0.003043328;0.0030033919999999997;0.0021207039999999997;0.002601984;0.0025210880000000003;0.001975296;0.002158592;0.001893376;0.0020101119999999997;0.003017728;0.0031375360000000002;0.0028344320000000004;0.00252416;0.00309248;0.0026624;0.001631232;0.000939008;0.001406976;0.002302976;0.00202752;0.001221632;0.001435648;0.001900544;0.001318912;0.0011427840000000002;0.000970752;0.000780288;0.001275904;0.0007352319999999999;0.000781312;0.0013926400000000001;0.0011970559999999997;0.0009205759999999999;0.00075776;0.000661504;0.000442368;0.000448512;0.0007843840000000001;0.000743424;0.000799744;0.000910336;0.000596992;0.00036352;0.000545792;0.00048742400000000003;0.000275456;0.00046796800000000003;0.00042803200000000007;0.00031744;0.000461824;0.00062464;0.000633856;0.000616448;0.0008929280000000001;0.000802816;0.0007014399999999999;0.00070656
1789153200,hdr,0.0293;0.03906;0.04883;0.05859;0.06836;0.07813;0.08789;0.09766;0.10742;0.11719;0.12695;0.13672;0.14648;0.15625;0.16602;0.17578;0.18555;0.19531;0.20508;0.21484;0.22461;0.23438;0.24414;0.25391;0.26367;0.27344;0.2832;0.29297;0.30273;0.3125;0.32227;0.33203;0.3418;0.35156;0.36133;0.37109;0.38086;0.39063;0.40039;0.41016;0.41992;0.42969;0.43945;0.44922;0.45898;0.46875;0.47852;0.48828;0.49805;0.50781;0.51758;0.52734;0.53711;0.54688;0.55664;0.56641;0.57617;0.58594;0.5957;0.60547;0.61523;0.625;0.63477;0.64453;0.6543;0.66406;0.67383;0.68359;0.69336;0.70313;0.71289;0.72266;0.73242;0.74219;0.75195;0.76172;0.77148;0.78125;0.79102,0.005266432;0.004185088000000001;0.004802559999999999;0.007783424;0.004927488000000001;0.002966528;0.007909376000000001;0.01284096;0.018387968;0.018120704;0.011505663999999999;0.01321472;0.019980288;0.02317824;0.020210688;0.008568832;0.011295743999999998;0.014396416;0.007886848;0.006502399999999999;0.004546560000000001;0.00398848;0.003649536;0.003969024;0.0051271680000000005;0.00317952;0.0014581759999999998;0.002368512;0.001870848;0.000576512;0.00090112;0.00146432;0.0020254720000000004;0.001393664;0.001461248;0.0011714560000000002;0.002055168;0.0034918399999999995;0.002127872;0.0011704320000000001;0.0017889280000000002;0.001591296;0.001106944;0.00137728;0.0011704320000000001;0.001000448;0.000966656;0.0006696959999999999;0.0006144;0.0007884799999999999;0.00068096;0.000594944;0.0006574080000000001;0.00059392;0.00030208000000000004;0.000323584;0.000475136;0.001035264;0.001232896;0.000807936;0.000610304;0.00039936;0.00038912;0.000553984;0.000635904;0.000644096;0.000698368;0.0009349119999999999;0.00077312;0.000715776;0.001117184;0.0010209280000000002;0.0011007999999999999;0.0007946240000000001;0.001015808;0.001185792;0.00070656;0.001501184;0.002089984
1789154100,hdr,0.0293;0.03906;0.04883;0.05859;0.06836;0.07813;0.08789;0.09766;0.10742;0.11719;0.12695;0.13672;0.14648;0.15625;0.16602;0.17578;0.18555;0.19531;0.20508;0.21484;0.22461;0.23438;0.24414;0.25391;0.26367;0.27344;0.2832;0.29297;0.30273;0.3125;0.32227;0.33203;0.3418;0.35156;0.36133;0.37109;0.38086;0.39063;0.40039;0.41016;0.41992;0.42969;0.43945;0.44922;0.45898;0.46875;0.47852;0.48828;0.49805;0.50781;0.51758;0.52734;0.53711;0.54688;0.55664;0.56641;0.57617;0.58594;0.5957;0.60547;0.61523;0.625;0.63477;0.64453;0.6543;0.66406;0.67383;0.68359;0.69336;0.70313;0.71289;0.72266;0.73242;0.74219;0.75195;0.76172;0.77148;0.78125;0.79102,0.004973568;0.008512511999999998;0.00679936;0.006786047999999999;0.008861696;0.00526336;0.007952384;0.010827775999999999;0.007949312;0.010127359999999998;0.009399296;0.013550592;0.013043711999999999;0.0153344;0.014546944;0.014876671999999999;0.018678784;0.013345791999999999;0.005383168000000001;0.005152768;0.003986432;0.0033331199999999997;0.002547712;0.002378752;0.002716672;0.00262656;0.002409472;0.0024494079999999997;0.0031160320000000004;0.0023173119999999998;0.0017039359999999999;0.001782784;0.001678336;0.001544192;0.0014735360000000001;0.001195008;0.0014172160000000002;0.001007616;0.0017377279999999998;0.002476032;0.001542144;0.000873472;0.0012451839999999999;0.001036288;0.0018288640000000001;0.0014899199999999998;0.0009625599999999999;0.00128;0.001174528;0.001209344;0.001087488;0.0008765439999999999;0.0009738240000000001;0.0011264;0.001011712;0.0010127360000000002;0.001432576;0.0013905920000000002;0.001409024;0.0011909120000000001;0.00150016;0.0021360640000000005;0.0012646399999999998;0.0007423999999999999;0.0007772160000000001;0.0013793280000000002;0.001304576;0.000671744;0.000812032;0.0011776;0.001275904;0.001593344;0.002596864;0.0020183040000000003;0.001867776;0.0023388159999999996;0.00285696;0.003835904;0.00533504
1789155000,hdr,0.0293;0.03906;0.04883;0.05859;0.06836;0.07813;0.08789;0.09766;0.10742;0.11719;0.12695;0.13672;0.14648;0.15625;0.16602;0.17578;0.18555;0.19531;0.20508;0.21484;0.22461;0.23438;0.24414;0.25391;0.26367;0.27344;0.2832;0.29297;0.30273;0.3125;0.32227;0.33203;0.3418;0.35156;0.36133;0.37109;0.38086;0.39063;0.40039;0.41016;0.41992;0.42969;0.43945;0.44922;0.45898;0.46875;0.47852;0.48828;0.49805;0.50781;0.51758;0.52734;0.53711;0.54688;0.55664;0.56641;0.57617;0.58594;0.5957;0.60547;0.61523;0.625;0.63477;0.64453;0.6543;0.66406;0.67383;0.68359;0.69336;0.70313;0.71289;0.72266;0.73242;0.74219;0.75195;0.76172;0.77148;0.78125;0.79102,0.001634304;0.005352448;0.005561344;0.004562943999999999;0.00741376;0.0058839040000000006;0.005051392;0.009327616;0.011282432;0.01281024;0.01244672;0.014558208000000001;0.018643968;0.021141504000000002;0.014488576000000001;0.01626624;0.016837631999999998;0.008290304;0.0049879040000000005;0.0047564799999999996;0.005400576;0.0038819839999999998;0.0034406400000000005;0.003350528;0.002156544;0.0027555839999999997;0.003423232;0.002792448;0.0029306880000000003;0.0020490240000000004;0.0021524480000000004;0.0017489920000000002;0.001917952;0.0016988160000000001;0.001309696;0.0018012159999999998;0.0018278399999999998;0.001513472;0.00205312;0.00221696;0.002277376;0.0022886399999999998;0.005556224;0.004724736;0.003796992;0.005581824000000001;0.005757952;0.004210688;0.0026286079999999997;0.001627136;0.0023234560000000002;0.0012707839999999998;0.000923648;0.0009349119999999999;0.001133568;0.0007495679999999999;0.000995328;0.000930816;0.000371712;0.000559104;0.000731136;0.000818176;0.000898048;0.0010373119999999999;0.0017623040000000001;0.001122304;0.001313792;0.001077248;0.001281024;0.001931264;0.002221056;0.002977792;0.0027381760000000006;0.00171008;0.003127296;0.0033167360000000002;0.003562496;0.003716096;0.0036167680000000002
1789155900,hdr,0.0293;0.03906;0.04883;0.05859;0.06836;0.07813;0.08789;0.09766;0.10742;0.11719;0.12695;0.13672;0.14648;0.15625;0.16602;0.17578;0.18555;0.19531;0.20508;0.21484;0.22461;0.23438;0.24414;0.25391;0.26367;0.27344;0.2832;0.29297;0.30273;0.3125;0.32227;0.33203;0.3418;0.35156;0.36133;0.37109;0.38086;0.39063;0.40039;0.41016;0.41992;0.42969;0.43945;0.44922;0.45898;0.46875;0.47852;0.48828;0.49805;0.50781;0.51758;0.52734;0.53711;0.54688;0.55664;0.56641;0.57617;0.58594;0.5957;0.60547;0.61523;0.625;0.63477;0.64453;0.6543;0.66406;0.67383;0.68359;0.69336;0.70313;0.71289;0.72266;0.73242;0.74219;0.75195;0.76172;0.77148;0.78125;0.79102,0.004037632;0.00598016;0.007057407999999999;0.004231168;0.004386816;0.004862976;0.004089856;0.007376896000000001;0.015690752;0.018713599999999997;0.019011583999999998;0.015724544;0.014436352;0.016047104;0.018157568000000002;0.011083776;0.010512384;0.012169216;0.008741888;0.00545792;0.002706432;0.0033003520000000003;0.0024576;0.0024422399999999996;0.001542144;0.001850368;0.0014919679999999998;0.0013946879999999998;0.001989632;0.0015165439999999999;0.001097728;0.001861632;0.0023552;0.001199104;0.0015411200000000002;0.0010291200000000001;0.001344512;0.001783808;0.001462272;0.0009482239999999999;0.001165312;0.002052096;0.0015769599999999999;0.001721344;0.0016435199999999999;0.0015472639999999998;0.001247232;0.001084416;0.0010956800000000001;0.001164288;0.0015063040000000002;0.001149952;0.001091584;0.00101888;0.0018257920000000001;0.002469888;0.0021288960000000003;0.002330624;0.0031887359999999997;0.003753984;0.004539392000000001;0.004696064;0.006159360000000001;0.00986624;0.008481792000000002;0.004176895999999999;0.004559872;0.007849984;0.00741376;0.00433664;0.005594112;0.00469504;0.004631552;0.0037918720000000004;0.0037632;0.003163136;0.0024616959999999998;0.002890752;0.002977792
1789156800,hdr,0.0293;0.03906;0.04883;0.05859;0.06836;0.07813;0.08789;0.09766;0.10742;0.11719;0.12695;0.13672;0.14648;0.15625;0.16602;0.17578;0.18555;0.19531;0.20508;0.21484;0.22461;0.23438;0.24414;0.25391;0.26367;0.27344;0.2832;0.29297;0.30273;0.3125;0.32227;0.33203;0.3418;0.35156;0.36133;0.37109;0.38086;0.39063;0.40039;0.41016;0.41992;0.42969;0.43945;0.44922;0.45898;0.46875;0.47852;0.48828;0.49805;0.50781;0.51758;0.52734;0.53711;0.54688;0.55664;0.56641;0.57617;0.58594;0.5957;0.60547;0.61523;0.625;0.63477;0.64453;0.6543;0.66406;0.67383;0.68359;0.69336;0.70313;0.71289;0.72266;0.73242;0.74219;0.75195;0.76172;0.77148;0.78125;0.79102,0.004827136;0.009111552;0.006854656;0.0069632;0.006603776;0.007948288;0.010233856;0.017286144;0.014938112000000002;0.009232384;0.009595904;0.010251264000000001;0.009030656000000001;0.015925248;0.015648768;0.014993408000000001;0.013740032;0.008562688;0.006077440000000001;0.0036095999999999997;0.0024954879999999997;0.0021893120000000005;0.002069504;0.0014878720000000001;0.001026048;0.001261568;0.0013568;0.0017489920000000002;0.0018257920000000001;0.0016138239999999998;0.0022231040000000005;0.001685504;0.001042432;0.00122368;0.0010598399999999998;0.0006891520000000001;0.000620544;0.000917504;0.000918528;0.001102848;0.000922624;0.001033216;0.000765952;0.000816128;0.00107008;0.0007075839999999999;0.000802816;0.00117248;0.0009205759999999999;0.0009984;0.001035264;0.0010465279999999997;0.001891328;0.0015656959999999999;0.0009758719999999999;0.001933312;0.002849792;0.003965952;0.004673536;0.005875712000000001;0.006868992;0.007749632;0.008866816000000001;0.005855232;0.004123648;0.008145920000000001;0.00841216;0.0074301440000000005;0.008544256000000002;0.0060139519999999995;0.00541184;0.0045844480000000005;0.003469312;0.004438016;0.004849664;0.002530304;0.0027279360000000002;0.002921472;0.0025528319999999997
1789157700,hdr,0.0293;0.03906;0.04883;0.05859;0.06836;0.07813;0.08789;0.09766;0.10742;0.11719;0.12695;0.13672;0.14648;0.15625;0.16602;0.17578;0.18555;0.19531;0.20508;0.21484;0.22461;0.23438;0.24414;0.25391;0.26367;0.27344;0.2832;0.29297;0.30273;0.3125;0.32227;0.33203;0.3418;0.35156;0.36133;0.37109;0.38086;0.39063;0.40039;0.41016;0.41992;0.42969;0.43945;0.44922;0.45898;0.46875;0.47852;0.48828;0.49805;0.50781;0.51758;0.52734;0.53711;0.54688;0.55664;0.56641;0.57617;0.58594;0.5957;0.60547;0.61523;0.625;0.63477;0.64453;0.6543;0.66406;0.67383;0.68359;0.69336;0.70313;0.71289;0.72266;0.73242;0.74219;0.75195;0.76172;0.77148;0.78125;0.79102,0.01214976;0.02502656;0.017528832;0.009669632;0.007350272;0.007918592;0.0074874880000000005;0.010963968;0.009844736;0.008764416;0.00812544;0.01155584;0.011216896;0.009675776000000002;0.00843776;0.01106944;0.0076124159999999995;0.005517312000000001;0.006253567999999999;0.004738048;0.0028129279999999997;0.001967104;0.0020244480000000003;0.0023572479999999997;0.0020592640000000003;0.0025497600000000003;0.0021360640000000005;0.001985536;0.00146944;0.00092672;0.0014376960000000002;0.00128;0.001057792;0.0014233599999999998;0.001238016;0.000658432;0.000986112;0.000843776;0.001082368;0.0011755519999999998;0.000651264;0.0006963200000000001;0.000507904;0.0006000640000000001;0.000730112;0.00075776;0.00110592;0.00089088;0.000510976;0.0007280640000000001;0.00104448;0.0009768959999999999;0.0013557760000000002;0.001664;0.0013199359999999999;0.001970176;0.005568511999999999;0.007622656;0.005664768;0.005571584;0.008064;0.011027456;0.009519104;0.0059391999999999995;0.007762944000000001;0.008072191999999999;0.008275968000000002;0.004888576;0.005586944;0.004464640000000001;0.004448255999999999;0.005209088000000001;0.0043407359999999996;0.0027648;0.002953216;0.003151872;0.00290304;0.0023848959999999996;0.0024371200000000005
1789158600,hdr,0.0293;0.03906;0.04883;0.05859;0.06836;0.07813;0.08789;0.09766;0.10742;0.11719;0.12695;0.13672;0.14648;0.15625;0.16602;0.17578;0.18555;0.19531;0.20508;0.21484;0.22461;0.23438;0.24414;0.25391;0.26367;0.27344;0.2832;0.29297;0.30273;0.3125;0.32227;0.33203;0.3418;0.35156;0.36133;0.37109;0.38086;0.39063;0.40039;0.41016;0.41992;0.42969;0.43945;0.44922;0.45898;0.46875;0.47852;0.48828;0.49805;0.50781;0.51758;0.52734;0.53711;0.54688;0.55664;0.56641;0.57617;0.58594;0.5957;0.60547;0.61523;0.625;0.63477;0.64453;0.6543;0.66406;0.67383;0.68359;0.69336;0.70313;0.71289;0.72266;0.73242;0.74219;0.75195;0.76172;0.77148;0.78125;0.79102,0.0090624;0.017531904;0.010694656;0.008579072;0.011177984;0.015453184000000002;0.017047552;0.012108800000000001;0.011622400000000001;0.020831232;0.017408;0.010430464;0.011359232;0.016926720000000003;0.014584832;0.012352512000000001;0.009730048;0.009230335999999999;0.00640512;0.00339968;0.0027586560000000004;0.003432448;0.002835456;0.002210816;0.001754112;0.001902592;0.001646592;0.001084416;0.001519616;0.001158144;0.001004544;0.000550912;0.000648192;0.001180672;0.0009912319999999999;0.0005642239999999999;0.0007413760000000001;0.000955392;0.000659456;0.000823296;0.0010014719999999998;0.000636928;0.000490496;0.00048742400000000003;0.000503808;0.000557056;0.000638976;0.00050688;0.00041779199999999995;0.000507904;0.0007055360000000001;0.000692224;0.000738304;0.0010752000000000001;0.0010956800000000001;0.001138688;0.0018923520000000001;0.0025405440000000005;0.0027095039999999997;0.006363135999999999;0.008182784;0.008832;0.006368255999999999;0.008235008;0.007701504;0.007870464;0.007164928;0.005142528;0.0068055039999999995;0.005848064;0.003607552;0.0029061119999999998;0.002154496;0.002172928;0.0021626880000000003;0.002142208;0.0022784000000000003;0.002440192;0.0030863360000000003
1789159500,hdr,0.0293;0.03906;0.04883;0.05859;0.06836;0.07813;0.08789;0.09766;0.10742;0.11719;0.12695;0.13672;0.14648;0.15625;0.16602;0.17578;0.18555;0.19531;0.20508;0.21484;0.22461;0.23438;0.24414;0.25391;0.26367;0.27344;0.2832;0.29297;0.30273;0.3125;0.32227;0.33203;0.3418;0.35156;0.36133;0.37109;0.38086;0.39063;0.40039;0.41016;0.41992;0.42969;0.43945;0.44922;0.45898;0.46875;0.47852;0.48828;0.49805;0.50781;0.51758;0.52734;0.53711;0.54688;0.55664;0.56641;0.57617;0.58594;0.5957;0.60547;0.61523;0.625;0.63477;0.64453;0.6543;0.66406;0.67383;0.68359;0.69336;0.70313;0.71289;0.72266;0.73242;0.74219;0.75195;0.76172;0.77148;0.78125;0.79102,0.0072263679999999995;0.018435072;0.010134528;0.004489216;0.007851008;0.00293888;0.0034949119999999998;0.009741312;0.012548096;0.011987968000000002;0.004509696;0.005315584000000001;0.006644736;0.008081408;0.014430208;0.009639936;0.009991168;0.007923712000000001;0.004893696;0.002951168;0.002553856;0.002125824;0.002366464;0.00160256;0.001637376;0.001714176;0.001769472;0.0011264;0.000504832;0.0010752000000000001;0.001297408;0.0007086080000000001;0.000782336;0.000637952;0.00062976;0.000800768;0.0006184960000000001;0.0008601600000000001;0.000842752;0.0005406720000000001;0.00048639999999999995;0.000758784;0.0013752319999999999;0.001000448;0.000520192;0.001247232;0.0014796800000000001;0.001313792;0.00090112;0.0008652800000000001;0.000992256;0.000903168;0.0011407359999999998;0.0014827520000000002;0.0018524160000000002;0.0017203200000000002;0.001757184;0.00262656;0.004066304;0.003329024;0.005623808;0.007536640000000001;0.011406336;0.011112448;0.008735744;0.005059584;0.004255744;0.0049479680000000005;0.00485888;0.003634176;0.003032064;0.003765248;0.003416064;0.0018800639999999999;0.0028672;0.003694592;0.002855936;0.002568192;0.002594816
1789160400,hdr,0.0293;0.03906;0.04883;0.05859;0.06836;0.07813;0.08789;0.09766;0.10742;0.11719;0.12695;0.13672;0.14648;0.15625;0.16602;0.17578;0.18555;0.19531;0.20508;0.21484;0.22461;0.23438;0.24414;0.25391;0.26367;0.27344;0.2832;0.29297;0.30273;0.3125;0.32227;0.33203;0.3418;0.35156;0.36133;0.37109;0.38086;0.39063;0.40039;0.41016;0.41992;0.42969;0.43945;0.44922;0.45898;0.46875;0.47852;0.48828;0.49805;0.50781;0.51758;0.52734;0.53711;0.54688;0.55664;0.56641;0.57617;0.58594;0.5957;0.60547;0.61523;0.625;0.63477;0.64453;0.6543;0.66406;0.67383;0.68359;0.69336;0.70313;0.71289;0.72266;0.73242;0.74219;0.75195;0.76172;0.77148;0.78125;0.79102,0.0062699520000000005;0.008880128;0.00413696;0.005317631999999999;0.006273024;0.008369152;0.010635263999999998;0.007829504;0.0078848;0.008289280000000001;0.007861248;0.005578751999999999;0.004641792;0.005371903999999999;0.008900608;0.008757248000000002;0.011881472;0.007369728;0.004640767999999999;0.003282944;0.00195072;0.0015656959999999999;0.0016988160000000001;0.001537024;0.001317888;0.001542144;0.001882112;0.001038336;0.0005734399999999999;0.000688128;0.0010209280000000002;0.000714752;0.000828416;0.000990208;0.000756736;0.000723968;0.000485376;0.000441344;0.00045568;0.000483328;0.00042496;0.000436224;0.0004884479999999999;0.0005632;0.000613376;0.000553984;0.0005376000000000001;0.000325632;0.000318464;0.000310272;0.000356352;0.00040243200000000004;0.0005703679999999999;0.000872448;0.000909312;0.001289216;0.0020582400000000002;0.003278848;0.003566592;0.0033423359999999996;0.0025917439999999996;0.005918720000000001;0.006009856;0.008979456;0.008900608;0.007460863999999999;0.00393728;0.005856256000000001;0.006341632;0.005213184;0.005716992000000001;0.005342208;0.0047861760000000005;0.003725312;0.003309568;0.002666496;0.0017305600000000001;0.002349056;0.0021821440000000004
1789161300,hdr,0.0293;0.03906;0.04883;0.05859;0.06836;0.07813;0.08789;0.09766;0.10742;0.11719;0.12695;0.13672;0.14648;0.15625;0.16602;0.17578;0.18555;0.19531;0.20508;0.21484;0.22461;0.23438;0.24414;0.25391;0.26367;0.27344;0.2832;0.29297;0.30273;0.3125;0.32227;0.33203;0.3418;0.35156;0.36133;0.37109;0.38086;0.39063;0.40039;0.41016;0.41992;0.42969;0.43945;0.44922;0.45898;0.46875;0.47852;0.48828;0.49805;0.50781;0.51758;0.52734;0.53711;0.54688;0.55664;0.56641;0.57617;0.58594;0.5957;0.60547;0.61523;0.625;0.63477;0.64453;0.6543;0.66406;0.67383;0.68359;0.69336;0.70313;0.71289;0.72266;0.73242;0.74219;0.75195;0.76172;0.77148;0.78125;0.79102,0.006291456;0.013089792;0.017164288;0.008375296;0.015699968;0.011576320000000001;0.009493504;0.009050112;0.017233920000000003;0.021373951999999998;0.010539008000000002;0.0060682240000000005;0.00741376;0.008766464;0.011855872;0.012398592;0.011106304000000001;0.00792064;0.007008256;0.00347648;0.003938304;0.002766848;0.002158592;0.0021872639999999995;0.001396736;0.0012083200000000001;0.001789952;0.001695744;0.0012554240000000002;0.001895424;0.001504256;0.000658432;0.000719872;0.0005816320000000001;0.000644096;0.000772096;0.001016832;0.000805888;0.000323584;0.000351232;0.0005099519999999999;0.000483328;0.00043724800000000005;0.000357376;0.00028671999999999997;0.000262144;0.00041676800000000003;0.000454656;0.00026112;0.00030617599999999996;0.00047616000000000005;0.000690176;0.0011468799999999999;0.000750592;0.001129472;0.001655808;0.001250304;0.00134656;0.0017018880000000001;0.00301568;0.005014528;0.004000768;0.00399872;0.00546304;0.004535295999999999;0.005330944;0.007100416;0.008603647999999998;0.007180288;0.003396608;0.004830208;0.003976192;0.0028467199999999996;0.00317952;0.002654208;0.003463168;0.003249152;0.002172928;0.001835008
1789162200,hdr,0.0293;0.03906;0.04883;0.05859;0.06836;0.07813;0.08789;0.09766;0.10742;0.11719;0.12695;0.13672;0.14648;0.15625;0.16602;0.17578;0.18555;0.19531;0.20508;0.21484;0.22461;0.23438;0.24414;0.25391;0.26367;0.27344;0.2832;0.29297;0.30273;0.3125;0.32227;0.33203;0.3418;0.35156;0.36133;0.37109;0.38086;0.39063;0.40039;0.41016;0.41992;0.42969;0.43945;0.44922;0.45898;0.46875;0.47852;0.48828;0.49805;0.50781;0.51758;0.52734;0.53711;0.54688;0.55664;0.56641;0.57617;0.58594;0.5957;0.60547;0.61523;0.625;0.63477;0.64453;0.6543;0.66406;0.67383;0.68359;0.69336;0.70313;0.71289;0.72266;0.73242;0.74219;0.75195;0.76172;0.77148;0.78125;0.79102,0.010607616;0.016832512;0.013748224;0.011331583999999999;0.010318848;0.006766592000000001;0.0108544;0.013584384;0.014926848;0.01553408;0.0087808;0.0112896;0.009711616;0.008433664;0.006784;0.00881152;0.00781312;0.006120448;0.005896192;0.004568063999999999;0.0027893759999999997;0.0020500479999999996;0.002157568;0.002712576;0.001990656;0.0010086399999999999;0.0008652800000000001;0.001364992;0.001507328;0.001770496;0.0012666880000000002;0.001122304;0.0008744960000000001;0.00062976;0.000731136;0.0008447999999999999;0.0007249919999999999;0.00041676800000000003;0.000398336;0.000764928;0.0006154239999999999;0.0006737919999999999;0.000493568;0.000531456;0.00048127999999999995;0.000395264;0.00047820800000000004;0.00037478399999999997;0.00029491200000000004;0.0004915200000000001;0.00043110399999999997;0.000492544;0.000610304;0.0005857280000000001;0.0009256959999999999;0.0014336;0.001887232;0.00270336;0.003926016;0.00315904;0.003652608;0.006168576;0.005784576;0.0041216000000000004;0.004952064;0.004442112;0.00485888;0.006398976000000001;0.005218304;0.003126272;0.0038860800000000005;0.004568063999999999;0.003934208;0.002870272;0.002879488;0.003306496;0.002716672;0.002052096;0.0020162559999999997
1789163100,hdr,0.0293;0.03906;0.04883;0.05859;0.06836;0.07813;0.08789;0.09766;0.10742;0.11719;0.12695;0.13672;0.14648;0.15625;0.16602;0.17578;0.18555;0.19531;0.20508;0.21484;0.22461;0.23438;0.24414;0.25391;0.26367;0.27344;0.2832;0.29297;0.30273;0.3125;0.32227;0.33203;0.3418;0.35156;0.36133;0.37109;0.38086;0.39063;0.40039;0.41016;0.41992;0.42969;0.43945;0.44922;0.45898;0.46875;0.47852;0.48828;0.49805;0.50781;0.51758;0.52734;0.53711;0.54688;0.55664;0.56641;0.57617;0.58594;0.5957;0.60547;0.61523;0.625;0.63477;0.64453;0.6543;0.66406;0.67383;0.68359;0.69336;0.70313;0.71289;0.72266;0.73242;0.74219;0.75195;0.76172;0.77148;0.78125;0.79102,0.0033146879999999997;0.003596288;0.003211264;0.003291136;0.005663744000000001;0.0033024;0.004726784;0.007074815999999999;0.008497152000000001;0.013237248;0.012619776;0.014343168;0.012367872;0.007665664;0.006868992;0.007194624;0.008736768;0.0064645119999999995;0.0036648960000000004;0.0018411519999999998;0.0011161600000000002;0.002034688;0.001917952;0.001528832;0.001381376;0.001364992;0.001041408;0.000780288;0.0009615359999999999;0.0007188480000000001;0.000548864;0.000515072;0.000534528;0.0007168;0.0010813440000000001;0.0011714560000000002;0.000577536;0.000528384;0.0005560319999999999;0.00044339199999999997;0.0005560319999999999;0.000441344;0.000384;0.000335872;0.000449536;0.00035328;0.00020377600000000002;0.00030208000000000004;0.000366592;0.00037478399999999997;0.00033484799999999995;0.000344064;0.000269312;0.000284672;0.00036249599999999997;0.000502784;0.000863232;0.001512448;0.001488896;0.00123904;0.001226752;0.002387968;0.0032020480000000003;0.002477056;0.0023296;0.004435968;0.005266432;0.0041113600000000005;0.0036085759999999996;0.003810304;0.004313088;0.003858432;0.003218432;0.002691072;0.004529152;0.0038338559999999996;0.002972672;0.0023838720000000004;0.0022528
1789164000,hdr,0.0293;0.03906;0.04883;0.05859;0.06836;0.07813;0.08789;0.09766;0.10742;0.11719;0.12695;0.13672;0.14648;0.15625;0.16602;0.17578;0.18555;0.19531;0.20508;0.21484;0.22461;0.23438;0.24414;0.25391;0.26367;0.27344;0.2832;0.29297;0.30273;0.3125;0.32227;0.33203;0.3418;0.35156;0.36133;0.37109;0.38086;0.39063;0.40039;0.41016;0.41992;0.42969;0.43945;0.44922;0.45898;0.46875;0.47852;0.48828;0.49805;0.50781;0.51758;0.52734;0.53711;0.54688;0.55664;0.56641;0.57617;0.58594;0.5957;0.60547;0.61523;0.625;0.63477;0.64453;0.6543;0.66406;0.67383;0.68359;0.69336;0.70313;0.71289;0.72266;0.73242;0.74219;0.75195;0.76172;0.77148;0.78125;0.79102,0.004408319999999999;0.0071045119999999995;0.008574975999999998;0.008489984;0.007370752;0.006729728;0.008599552;0.009033728;0.011805696;0.012640256;0.009504768;0.010162176000000002;0.010569727999999999;0.010626048;0.007611392000000001;0.0034416639999999997;0.008891392;0.008266752;0.003422208;0.004574208;0.004233216;0.0017725439999999998;0.0014243840000000001;0.0014592000000000001;0.0013895679999999999;0.001604608;0.0014346239999999998;0.00131072;0.0016936960000000002;0.001156096;0.0010762240000000002;0.000843776;0.00046796800000000003;0.000448512;0.00044339199999999997;0.0005632;0.000485376;0.0005089280000000001;0.000687104;0.0007557120000000001;0.000628736;0.00052224;0.00034304;0.000196608;0.000258048;0.000308224;0.000216064;0.000156672;0.00021504000000000003;0.000259072;0.0003584;0.000228352;0.000221184;0.000256;0.00034304;0.00034304;0.0006000640000000001;0.000642048;0.000688128;0.000840704;0.001006592;0.00198144;0.0016128;0.001824768;0.003047424;0.00385536;0.004263936;0.004094976;0.006363135999999999;0.0043806719999999995;0.0027893759999999997;0.003048448;0.004857856;0.003072;0.002441216;0.002435072;0.002374656;0.002547712;0.0026644480000000003
1789164900,hdr,0.0293;0.03906;0.04883;0.05859;0.06836;0.07813;0.08789;0.09766;0.10742;0.11719;0.12695;0.13672;0.14648;0.15625;0.16602;0.17578;0.18555;0.19531;0.20508;0.21484;0.22461;0.23438;0.24414;0.25391;0.26367;0.27344;0.2832;0.29297;0.30273;0.3125;0.32227;0.33203;0.3418;0.35156;0.36133;0.37109;0.38086;0.39063;0.40039;0.41016;0.41992;0.42969;0.43945;0.44922;0.45898;0.46875;0.47852;0.48828;0.49805;0.50781;0.51758;0.52734;0.53711;0.54688;0.55664;0.56641;0.57617;0.58594;0.5957;0.60547;0.61523;0.625;0.63477;0.64453;0.6543;0.66406;0.67383;0.68359;0.69336;0.70313;0.71289;0.72266;0.73242;0.74219;0.75195;0.76172;0.77148;0.78125;0.79102,0.000621568;0.004973568;0.005116928;0.0032757759999999998;0.004458496;0.00676864;0.008126464;0.00833024;0.007896064;0.012921855999999999;0.011834368;0.007980032;0.0064256;0.004553728;0.004326399999999999;0.006112256;0.005925888;0.004242432;0.005191680000000001;0.0025108480000000004;0.00128512;0.0013506560000000002;0.0014847999999999999;0.001744896;0.00149504;0.0011264;0.001164288;0.001132544;0.001118208;0.0006082559999999999;0.000528384;0.000528384;0.0005560319999999999;0.000555008;0.000635904;0.000553984;0.00040243200000000004;0.000379904;0.00036966399999999996;0.00029491200000000004;0.000356352;0.000379904;0.000360448;0.00022016;0.000330752;0.000325632;0.00021913599999999998;0.000205824;0.000176128;0.0002816;0.000128;0.00013824;0.000269312;0.00050688;0.000484352;0.000380928;0.00039423999999999997;0.0005836799999999999;0.001534976;0.001373184;0.001062912;0.0017244159999999999;0.0022323200000000003;0.00360448;0.003088384;0.002514944;0.002688;0.003042304;0.004099072;0.003818496;0.0020879360000000003;0.00247808;0.003551232;0.0041267199999999995;0.002229248;0.001395712;0.001405952;0.001373184;0.001188864
1789165800,hdr,0.0293;0.03906;0.04883;0.05859;0.06836;0.07813;0.08789;0.09766;0.10742;0.11719;0.12695;0.13672;0.14648;0.15625;0.16602;0.17578;0.18555;0.19531;0.20508;0.21484;0.22461;0.23438;0.24414;0.25391;0.26367;0.27344;0.2832;0.29297;0.30273;0.3125;0.32227;0.33203;0.3418;0.35156;0.36133;0.37109;0.38086;0.39063;0.40039;0.41016;0.41992;0.42969;0.43945;0.44922;0.45898;0.46875;0.47852;0.48828;0.49805;0.50781;0.51758;0.52734;0.53711;0.54688;0.55664;0.56641;0.57617;0.58594;0.5957;0.60547;0.61523;0.625;0.63477;0.64453;0.6543;0.66406;0.67383;0.68359;0.69336;0.70313;0.71289;0.72266;0.73242;0.74219;0.75195;0.76172;0.77148;0.78125;0.79102,0.00424448;0.004744192;0.0032389119999999996;0.0029952000000000004;0.00317952;0.00554496;0.0048209920000000005;0.006909952;0.008228863999999999;0.010427392;0.010213376;0.010966016;0.015332352;0.011455488000000002;0.007772160000000001;0.005988352;0.006107135999999999;0.004574208;0.00364544;0.0026112;0.002895872;0.001325056;0.001626112;0.001670144;0.001532928;0.0010598399999999998;0.000786432;0.0006932479999999999;0.000882688;0.001385472;0.0009912319999999999;0.000590848;0.000365568;0.000391168;0.00040345599999999995;0.00048742400000000003;0.00037068800000000004;0.00024371200000000001;0.000263168;0.00039628799999999996;0.000330752;0.000211968;0.00018534400000000002;0.00031129599999999997;0.00027136;0.0002816;0.00018534400000000002;0.000227328;0.000246784;0.00021299199999999998;0.00020480000000000002;0.000205824;0.00020992;0.000326656;0.000550912;0.00047001599999999997;0.0009768959999999999;0.000661504;0.00103936;0.0027893759999999997;0.002722816;0.002395136;0.00326144;0.004630528;0.0044031999999999995;0.0034611200000000003;0.0056350720000000005;0.0051712;0.0042065919999999994;0.00301056;0.0028385280000000003;0.004514816;0.003633152;0.0025651199999999997;0.003095552;0.00366592;0.0015493120000000002;0.001818624;0.0020992000000000003
1789166700,hdr,0.0293;0.03906;0.04883;0.05859;0.06836;0.07813;0.08789;0.09766;0.10742;0.11719;0.12695;0.13672;0.14648;0.15625;0.16602;0.17578;0.18555;0.19531;0.20508;0.21484;0.22461;0.23438;0.24414;0.25391;0.26367;0.27344;0.2832;0.29297;0.30273;0.3125;0.32227;0.33203;0.3418;0.35156;0.36133;0.37109;0.38086;0.39063;0.40039;0.41016;0.41992;0.42969;0.43945;0.44922;0.45898;0.46875;0.47852;0.48828;0.49805;0.50781;0.51758;0.52734;0.53711;0.54688;0.55664;0.56641;0.57617;0.58594;0.5957;0.60547;0.61523;0.625;0.63477;0.64453;0.6543;0.66406;0.67383;0.68359;0.69336;0.70313;0.71289;0.72266;0.73242;0.74219;0.75195;0.76172;0.77148;0.78125;0.79102,0.000644096;0.000805888;0.0017152;0.0008222720000000001;0.001328128;0.004711424;0.00441856;0.005837824;0.007629824;0.011646976;0.008748032000000001;0.00852992;0.0059115520000000005;0.006926336;0.006727680000000001;0.006659072;0.007890944;0.007327744;0.0039649279999999995;0.002546688;0.0023408640000000002;0.001905664;0.001432576;0.000841728;0.000557056;0.00075776;0.000740352;0.000644096;0.000908288;0.0007936;0.000878592;0.000744448;0.000765952;0.000635904;0.00048127999999999995;0.00030003200000000004;0.000406528;0.0006840319999999999;0.0006041600000000001;0.000344064;0.00028671999999999997;0.000272384;0.000222208;0.00027136;0.000262144;0.000192512;0.00014950399999999998;0.000210944;0.000156672;0.00014745600000000002;0.00017408000000000001;0.00018432000000000002;0.000195584;0.00020889599999999997;0.00027033600000000004;0.000262144;0.000268288;0.00029491200000000004;0.00041062399999999995;0.00034816000000000003;0.000528384;0.001009664;0.0012083200000000001;0.001507328;0.0016906239999999997;0.001139712;0.0016384000000000001;0.002558976;0.002435072;0.002577408;0.003104768;0.002267136;0.001442816;0.00131584;0.0015677439999999998;0.00207872;0.001934336;0.0013905920000000002;0.001405952
1789167600,hdr,0.0293;0.03906;0.04883;0.05859;0.06836;0.07813;0.08789;0.09766;0.10742;0.11719;0.12695;0.13672;0.14648;0.15625;0.16602;0.17578;0.18555;0.19531;0.20508;0.21484;0.22461;0.23438;0.24414;0.25391;0.26367;0.27344;0.2832;0.29297;0.30273;0.3125;0.32227;0.33203;0.3418;0.35156;0.36133;0.37109;0.38086;0.39063;0.40039;0.41016;0.41992;0.42969;0.43945;0.44922;0.45898;0.46875;0.47852;0.48828;0.49805;0.50781;0.51758;0.52734;0.53711;0.54688;0.55664;0.56641;0.57617;0.58594;0.5957;0.60547;0.61523;0.625;0.63477;0.64453;0.6543;0.66406;0.67383;0.68359;0.69336;0.70313;0.71289;0.72266;0.73242;0.74219;0.75195;0.76172;0.77148;0.78125;0.79102,0.004652032;0.005903360000000001;0.004811776;0.0049664;0.002832384;0.002465792;0.00732672;0.009573376;0.0126464;0.0143104;0.013003776;0.009513984;0.01081856;0.006892544;0.0058521599999999995;0.0060856320000000005;0.008603647999999998;0.007206912;0.004054016;0.004706304;0.002981888;0.00237568;0.003187712;0.001850368;0.0015544320000000001;0.0011366400000000002;0.000774144;0.0009021439999999999;0.0005724160000000001;0.00043724800000000005;0.0005478400000000001;0.001065984;0.000964608;0.000796672;0.000606208;0.00040960000000000004;0.00050688;0.0005601279999999999;0.000457728;0.000314368;0.000226304;0.000175104;0.000193536;0.00030924800000000003;0.000289792;0.000183296;0.000165888;0.000142336;0.000125952;0.00015564799999999998;0.00022323200000000002;0.000172032;0.00010444799999999999;0.00015564799999999998;0.000180224;0.00016691200000000002;0.00014950399999999998;0.000129024;0.00014745600000000002;0.00011776000000000001;0.00018227199999999998;0.00028774400000000004;0.00043724800000000005;0.000717824;0.0005468159999999999;0.000789504;0.001086464;0.0008744960000000001;0.00093696;0.001550336;0.001820672;0.0016128;0.001455104;0.00141824;0.0011735040000000001;0.0014858240000000002;0.001304576;0.0011970559999999997;0.000933888
1789168500,hdr,0.0293;0.03906;0.04883;0.05859;0.06836;0.07813;0.08789;0.09766;0.10742;0.11719;0.12695;0.13672;0.14648;0.15625;0.16602;0.17578;0.18555;0.19531;0.20508;0.21484;0.22461;0.23438;0.24414;0.25391;0.26367;0.27344;0.2832;0.29297;0.30273;0.3125;0.32227;0.33203;0.3418;0.35156;0.36133;0.37109;0.38086;0.39063;0.40039;0.41016;0.41992;0.42969;0.43945;0.44922;0.45898;0.46875;0.47852;0.48828;0.49805;0.50781;0.51758;0.52734;0.53711;0.54688;0.55664;0.56641;0.57617;0.58594;0.5957;0.60547;0.61523;0.625;0.63477;0.64453;0.6543;0.66406;0.67383;0.68359;0.69336;0.70313;0.71289;0.72266;0.73242;0.74219;0.75195;0.76172;0.77148;0.78125;0.79102,0.002159616;0.003708928;0.0035829760000000003;0.003557376;0.0037928959999999996;0.0056852479999999995;0.005571584;0.0055808;0.006189055999999999;0.011326464;0.010442752;0.010033152;0.00963584;0.007632896;0.006626304;0.006388736;0.004462592;0.005464063999999999;0.004890624;0.003406848;0.002336768;0.001293312;0.00129024;0.00159744;0.0012441599999999998;0.000868352;0.000617472;0.000579584;0.0010946560000000003;0.0011632640000000002;0.0008704;0.0009144320000000001;0.000613376;0.000644096;0.000779264;0.00067072;0.000534528;0.00046284799999999997;0.000719872;0.0006819840000000001;0.000356352;0.000221184;0.000221184;0.00022323200000000002;0.00024576000000000003;0.000193536;0.000241664;0.000193536;0.000191488;0.000186368;0.00011264;0.00013824;0.000151552;0.000128;0.000120832;8.8064e-05;8.3968e-05;0.00010444799999999999;0.00010752000000000001;0.00010240000000000001;0.000131072;0.000161792;0.00014335999999999998;0.00014335999999999998;0.000130048;0.00029900799999999997;0.000429056;0.000534528;0.0004352;0.000398336;0.0008837120000000001;0.0008509440000000001;0.0005416959999999999;0.001092608;0.00115712;0.001036288;0.0012441599999999998;0.0011704320000000001;0.0008601600000000001
1789169400,hdr,0.0293;0.03906;0.04883;0.05859;0.06836;0.07813;0.08789;0.09766;0.10742;0.11719;0.12695;0.13672;0.14648;0.15625;0.16602;0.17578;0.18555;0.19531;0.20508;0.21484;0.22461;0.23438;0.24414;0.25391;0.26367;0.27344;0.2832;0.29297;0.30273;0.3125;0.32227;0.33203;0.3418;0.35156;0.36133;0.37109;0.38086;0.39063;0.40039;0.41016;0.41992;0.42969;0.43945;0.44922;0.45898;0.46875;0.47852;0.48828;0.49805;0.50781;0.51758;0.52734;0.53711;0.54688;0.55664;0.56641;0.57617;0.58594;0.5957;0.60547;0.61523;0.625;0.63477;0.64453;0.6543;0.66406;0.67383;0.68359;0.69336;0.70313;0.71289;0.72266;0.73242;0.74219;0.75195;0.76172;0.77148;0.78125;0.79102,0.002113536;0.006313983999999999;0.005143552;0.0027586560000000004;0.003406848;0.0023807999999999998;0.004543488;0.012798976;0.010830848;0.01060352;0.010094592000000001;0.011269119999999999;0.006317056;0.005602304;0.006881280000000001;0.00430592;0.0032389119999999996;0.002229248;0.004775936;0.0044031999999999995;0.003956736;0.0024832;0.002036736;0.002044928;0.0014151679999999999;0.0011356159999999999;0.0012441599999999998;0.000867328;0.000760832;0.0005836799999999999;0.00037068800000000004;0.000401408;0.000475136;0.0007413760000000001;0.000704512;0.00048742400000000003;0.000451584;0.000504832;0.000447488;0.0005324799999999999;0.000459776;0.000356352;0.00027033600000000004;0.000210944;0.00018124799999999998;0.000262144;0.00024063999999999997;0.00015462400000000002;0.000164864;0.00015872;0.00011264;8.0896e-05;6.0416e-05;7.782399999999999e-05;0.00012390399999999998;9.6256e-05;7.270400000000001e-05;7.8848e-05;8.2944e-05;9.6256e-05;0.00011264;0.000114688;9.728e-05;0.000110592;9.113599999999999e-05;0.000118784;0.00011776000000000001;0.000162816;0.000210944;0.000195584;0.00013824;0.00011776000000000001;0.00019968;0.00023142399999999999;0.000159744;0.00015052799999999998;0.000221184;0.00023552000000000002;0.000251904
1789170300,hdr,0.0293;0.03906;0.04883;0.05859;0.06836;0.07813;0.08789;0.09766;0.10742;0.11719;0.12695;0.13672;0.14648;0.15625;0.16602;0.17578;0.18555;0.19531;0.20508;0.21484;0.22461;0.23438;0.24414;0.25391;0.26367;0.27344;0.2832;0.29297;0.30273;0.3125;0.32227;0.33203;0.3418;0.35156;0.36133;0.37109;0.38086;0.39063;0.40039;0.41016;0.41992;0.42969;0.43945;0.44922;0.45898;0.46875;0.47852;0.48828;0.49805;0.50781;0.51758;0.52734;0.53711;0.54688;0.55664;0.56641;0.57617;0.58594;0.5957;0.60547;0.61523;0.625;0.63477;0.64453;0.6543;0.66406;0.67383;0.68359;0.69336;0.70313;0.71289;0.72266;0.73242;0.74219;0.75195;0.76172;0.77148;0.78125;0.79102,0.004459520000000001;0.0075796480000000005;0.007537664;0.0037836799999999998;0.0031784960000000003;0.001605632;0.003272704;0.010763264;0.008450048;0.010348544;0.008530943999999999;0.006029312;0.007271424;0.006473728;0.003976192;0.0032511999999999997;0.004750336;0.0051722240000000004;0.004566016000000001;0.004343808;0.0020736;0.0022814719999999997;0.0024463360000000003;0.001395712;0.001010688;0.000918528;0.000930816;0.000826368;0.0005642239999999999;0.00077312;0.0005836799999999999;0.00034201599999999995;0.0005007359999999999;0.0005007359999999999;0.0006041600000000001;0.000371712;0.000326656;0.000319488;0.0003072;0.000315392;0.000382976;0.000248832;0.000280576;0.000205824;0.00020275199999999997;0.000196608;0.00018944;0.000186368;0.00012390399999999998;0.00010956799999999999;0.00011571199999999999;0.000118784;0.000120832;0.00013824;0.000125952;9.113599999999999e-05;9.5232e-05;0.000134144;0.000120832;6.758400000000001e-05;5.1200000000000004e-05;6.9632e-05;6.9632e-05;7.9872e-05;4.7104e-05;8.4992e-05;0.000103424;8.192e-05;6.3488e-05;7.0656e-05;7.372800000000001e-05;8.704000000000001e-05;6.9632e-05;0.00010752000000000001;0.000140288;0.000116736;0.000131072;8.6016e-05;9.932800000000001e-05
