Epoch Time,Processing Source,f,varianceDensity
1788912000,hdr,0.0293;0.03906;0.04883;0.05859;0.06836;0.07813;0.08789;0.09766;0.10742;0.11719;0.12695;0.13672;0.14648;0.15625;0.16602;0.17578;0.18555;0.19531;0.20508;0.21484;0.22461;0.23438;0.24414;0.25391;0.26367;0.27344;0.2832;0.29297;0.30273;0.3125;0.32227;0.33203;0.3418;0.35156;0.36133;0.37109;0.38086;0.39063;0.40039;0.41016;0.41992;0.42969;0.43945;0.44922;0.45898;0.46875;0.47852;0.48828;0.49805;0.50781;0.51758;0.52734;0.53711;0.54688;0.55664;0.56641;0.57617;0.58594;0.5957;0.60547;0.61523;0.625;0.63477;0.64453;0.6543;0.66406;0.67383;0.68359;0.69336;0.70313;0.71289;0.72266;0.73242;0.74219;0.75195;0.76172;0.77148;0.78125;0.79102,0.00182272;0.002939904;0.004228096;0.002363392;0.002036736;0.013423616;0.043691007999999996;0.033412095999999995;0.017526784;0.0071413760000000005;0.006063104000000001;0.006283264;0.004737024;0.0025456639999999996;0.001849344;0.001893376;0.001503232;0.001271808;0.00093696;0.0006840319999999999;0.000565248;0.000818176;0.0005099519999999999;0.000375808;0.00029900799999999997;0.000258048;0.00034099200000000003;0.000351232;0.000284672;0.00036864000000000005;0.000345088;0.000315392;0.00029696;0.000279552;0.000272384;0.00028569600000000005;0.000347136;0.00042496;0.000331776;0.000211968;0.00014848;0.000137216;0.000227328;0.000164864;0.00029798400000000005;0.000385024;0.0005099519999999999;0.00032256;0.000129024;0.000434176;0.000246784;0.00018432000000000002;0.000136192;9.932800000000001e-05;7.5776e-05;0.000140288;0.000139264;0.00012185600000000001;0.00012185600000000001;0.00011264;8.9088e-05;0.000116736;0.00014745600000000002;0.000105472;5.7344e-05;7.8848e-05;8.192e-05;9.4208e-05;7.9872e-05;7.9872e-05;7.475199999999999e-05;6.655999999999999e-05;6.0416e-05;7.5776e-05;4.7104e-05;3.2768e-05;3.9936e-05;4.096e-05;3.4816e-05
1788912900,hdr,0.0293;0.03906;0.04883;0.05859;0.06836;0.07813;0.08789;0.09766;0.10742;0.11719;0.12695;0.13672;0.14648;0.15625;0.16602;0.17578;0.18555;0.19531;0.20508;0.21484;0.22461;0.23438;0.24414;0.25391;0.26367;0.27344;0.2832;0.29297;0.30273;0.3125;0.32227;0.33203;0.3418;0.35156;0.36133;0.37109;0.38086;0.39063;0.40039;0.41016;0.41992;0.42969;0.43945;0.44922;0.45898;0.46875;0.47852;0.48828;0.49805;0.50781;0.51758;0.52734;0.53711;0.54688;0.55664;0.56641;0.57617;0.58594;0.5957;0.60547;0.61523;0.625;0.63477;0.64453;0.6543;0.66406;0.67383;0.68359;0.69336;0.70313;0.71289;0.72266;0.73242;0.74219;0.75195;0.76172;0.77148;0.78125;0.79102,0.0030853119999999998;0.006858752;0.006279168000000001;0.0027310080000000005;0.00636416;0.020096;0.041985024;0.023918592;0.020947968;0.012239871999999999;0.0059238400000000005;0.006747136000000001;0.007441408;0.003648512;0.0017459199999999998;0.001129472;0.0009543679999999999;0.0012554240000000002;0.0013056;0.001193984;0.001250304;0.000772096;0.000492544;0.0005478400000000001;0.00085504;0.000659456;0.0006000640000000001;0.000534528;0.00049664;0.000379904;0.000221184;0.00043315199999999996;0.00046489599999999996;0.000234496;0.000350208;0.000386048;0.000339968;0.00036966399999999996;0.000227328;0.00021913599999999998;0.000330752;0.0005089280000000001;0.00037376;0.00026112;0.000197632;0.00019865600000000002;0.000195584;0.00019456;0.00021299199999999998;0.000172032;0.00020172799999999998;0.00018227199999999998;0.000152576;0.000180224;0.00018534400000000002;0.000167936;0.00013311999999999997;0.000176128;0.000180224;0.00020480000000000002;0.000160768;9.6256e-05;9.216000000000001e-05;6.655999999999999e-05;9.0112e-05;0.000120832;0.00014540800000000003;0.00010137599999999999;5.632e-05;7.167999999999999e-05;7.8848e-05;6.655999999999999e-05;9.5232e-05;7.475199999999999e-05;6.8608e-05;5.0176e-05;7.68e-05;8.3968e-05;5.7344e-05
1788913800,hdr,0.0293;0.03906;0.04883;0.05859;0.06836;0.07813;0.08789;0.09766;0.10742;0.11719;0.12695;0.13672;0.14648;0.15625;0.16602;0.17578;0.18555;0.19531;0.20508;0.21484;0.22461;0.23438;0.24414;0.25391;0.26367;0.27344;0.2832;0.29297;0.30273;0.3125;0.32227;0.33203;0.3418;0.35156;0.36133;0.37109;0.38086;0.39063;0.40039;0.41016;0.41992;0.42969;0.43945;0.44922;0.45898;0.46875;0.47852;0.48828;0.49805;0.50781;0.51758;0.52734;0.53711;0.54688;0.55664;0.56641;0.57617;0.58594;0.5957;0.60547;0.61523;0.625;0.63477;0.64453;0.6543;0.66406;0.67383;0.68359;0.69336;0.70313;0.71289;0.72266;0.73242;0.74219;0.75195;0.76172;0.77148;0.78125;0.79102,0.004326399999999999;0.007426048;0.011127808;0.009292799999999999;0.0070123519999999995;0.030705663999999997;0.07533567999999999;0.050993152;0.018308096;0.006802432;0.0026286079999999997;0.003933184;0.004849664;0.003390464;0.001905664;0.0024064;0.0013557760000000002;0.001251328;0.002157568;0.001436672;0.0005836799999999999;0.000666624;0.000768;0.000603136;0.000526336;0.000533504;0.000676864;0.0007249919999999999;0.0005376000000000001;0.0005713920000000001;0.00055296;0.00047616000000000005;0.00063488;0.00043008000000000006;0.000323584;0.000325632;0.00023654400000000002;0.000132096;0.00018739199999999998;0.00023961599999999998;0.00029696;0.000393216;0.00050176;0.0005703679999999999;0.000555008;0.000371712;0.000193536;0.00018739199999999998;0.00023654400000000002;0.000160768;0.00016896;0.000256;0.000169984;0.00020480000000000002;0.00019865600000000002;0.00020275199999999997;0.000169984;0.00018227199999999998;0.000126976;0.000113664;0.000134144;8.8064e-05;7.167999999999999e-05;7.475199999999999e-05;6.144000000000001e-05;6.758400000000001e-05;6.5536e-05;8.3968e-05;9.728e-05;7.5776e-05;4.5056e-05;5.1200000000000004e-05;6.8608e-05;5.4272e-05;3.8911999999999996e-05;7.167999999999999e-05;8.3968e-05;8.192e-05;7.68e-05
1788914700,hdr,0.0293;0.03906;0.04883;0.05859;0.06836;0.07813;0.08789;0.09766;0.10742;0.11719;0.12695;0.13672;0.14648;0.15625;0.16602;0.17578;0.18555;0.19531;0.20508;0.21484;0.22461;0.23438;0.24414;0.25391;0.26367;0.27344;0.2832;0.29297;0.30273;0.3125;0.32227;0.33203;0.3418;0.35156;0.36133;0.37109;0.38086;0.39063;0.40039;0.41016;0.41992;0.42969;0.43945;0.44922;0.45898;0.46875;0.47852;0.48828;0.49805;0.50781;0.51758;0.52734;0.53711;0.54688;0.55664;0.56641;0.57617;0.58594;0.5957;0.60547;0.61523;0.625;0.63477;0.64453;0.6543;0.66406;0.67383;0.68359;0.69336;0.70313;0.71289;0.72266;0.73242;0.74219;0.75195;0.76172;0.77148;0.78125;0.79102,0.003382272;0.0040704;0.008118272;0.004995072;0.008684544;0.013244415999999998;0.018913279999999998;0.027480064;0.022743040000000003;0.011785216000000001;0.0107008;0.01371136;0.008543232;0.00329728;0.0022231040000000005;0.0018718720000000001;0.0011427840000000002;0.001089536;0.001028096;0.001067008;0.000561152;0.000616448;0.0010250239999999998;0.00064;0.00048742400000000003;0.00040243200000000004;0.00036761599999999997;0.000533504;0.0005877759999999999;0.000457728;0.0003584;0.000592896;0.00046489599999999996;0.000448512;0.0004956159999999999;0.00040243200000000004;0.000156672;0.00039731200000000003;0.00030105599999999996;0.000180224;0.000190464;0.000246784;0.00022323200000000002;0.000263168;0.000316416;0.000228352;0.00032256;0.00032870400000000003;0.00022528;0.000169984;0.000262144;0.000313344;0.00024780799999999997;0.000191488;8.2944e-05;9.8304e-05;0.00015052799999999998;0.00018227199999999998;0.00016384;7.8848e-05;0.000110592;0.000114688;7.8848e-05;0.000126976;0.000136192;8.704000000000001e-05;8.704000000000001e-05;5.9392e-05;7.270400000000001e-05;8.0896e-05;5.9392e-05;4.096e-05;5.1200000000000004e-05;6.3488e-05;7.372800000000001e-05;7.68e-05;9.113599999999999e-05;0.000103424;8.6016e-05
1788916500,hdr,0.0293;0.03906;0.04883;0.05859;0.06836;0.07813;0.08789;0.09766;0.10742;0.11719;0.12695;0.13672;0.14648;0.15625;0.16602;0.17578;0.18555;0.19531;0.20508;0.21484;0.22461;0.23438;0.24414;0.25391;0.26367;0.27344;0.2832;0.29297;0.30273;0.3125;0.32227;0.33203;0.3418;0.35156;0.36133;0.37109;0.38086;0.39063;0.40039;0.41016;0.41992;0.42969;0.43945;0.44922;0.45898;0.46875;0.47852;0.48828;0.49805;0.50781;0.51758;0.52734;0.53711;0.54688;0.55664;0.56641;0.57617;0.58594;0.5957;0.60547;0.61523;0.625;0.63477;0.64453;0.6543;0.66406;0.67383;0.68359;0.69336;0.70313;0.71289;0.72266;0.73242;0.74219;0.75195;0.76172;0.77148;0.78125;0.79102,0.004950016;0.008377344;0.00668672;0.003385344;0.00479232;0.008822784;0.030353408000000002;0.037961728;0.017861632000000002;0.014016512;0.015232;0.009618432000000001;0.00979968;0.0058347519999999995;0.003201024;0.001846272;0.0018687999999999999;0.00170496;0.0012789759999999998;0.001056768;0.000873472;0.00087552;0.000421888;0.000330752;0.00029491200000000004;0.00035430400000000006;0.000493568;0.000638976;0.000548864;0.000503808;0.000497664;0.000489472;0.000372736;0.00023859199999999998;0.000221184;0.000237568;0.000197632;0.000160768;0.00017715200000000003;0.00015462400000000002;0.00015564799999999998;0.00026521600000000003;0.000249856;0.00029798400000000005;0.000253952;0.000180224;7.5776e-05;0.00011264;0.000110592;9.0112e-05;9.216000000000001e-05;0.00014335999999999998;0.000125952;0.0001536;0.000157696;0.000207872;0.00016384;0.000124928;8.8064e-05;8.9088e-05;6.9632e-05;5.1200000000000004e-05;7.167999999999999e-05;9.932800000000001e-05;8.704000000000001e-05;8.9088e-05;7.5776e-05;5.9392e-05;5.0176e-05;6.144000000000001e-05;5.9392e-05;3.3792000000000004e-05;4.8128e-05;3.8911999999999996e-05;2.3552e-05;3.7888e-05;4.7104e-05;5.222399999999999e-05;3.2768e-05
1788917400,hdr,0.0293;0.03906;0.04883;0.05859;0.06836;0.07813;0.08789;0.09766;0.10742;0.11719;0.12695;0.13672;0.14648;0.15625;0.16602;0.17578;0.18555;0.19531;0.20508;0.21484;0.22461;0.23438;0.24414;0.25391;0.26367;0.27344;0.2832;0.29297;0.30273;0.3125;0.32227;0.33203;0.3418;0.35156;0.36133;0.37109;0.38086;0.39063;0.40039;0.41016;0.41992;0.42969;0.43945;0.44922;0.45898;0.46875;0.47852;0.48828;0.49805;0.50781;0.51758;0.52734;0.53711;0.54688;0.55664;0.56641;0.57617;0.58594;0.5957;0.60547;0.61523;0.625;0.63477;0.64453;0.6543;0.66406;0.67383;0.68359;0.69336;0.70313;0.71289;0.72266;0.73242;0.74219;0.75195;0.76172;0.77148;0.78125;0.79102,0.008740864;0.010896384;0.006757376;0.008243200000000001;0.006931456;0.013832191999999998;0.02062848;0.022973439999999998;0.01378816;0.012004352000000001;0.007552;0.008166399999999999;0.004570112;0.0030300159999999995;0.00203776;0.002299904;0.0015493120000000002;0.0014499839999999999;0.00109056;0.0009144320000000001;0.00091648;0.000765952;0.00059392;0.000533504;0.000756736;0.000726016;0.00059904;0.00041676800000000003;0.000330752;0.00026521600000000003;0.000360448;0.0003328;0.00017715200000000003;0.000357376;0.000382976;0.00037888;0.00030617599999999996;0.00016384;0.000126976;0.00016691200000000002;0.00017100799999999997;0.00010752000000000001;0.000132096;0.000142336;0.00014745600000000002;0.000110592;0.000120832;0.000151552;0.000134144;8.0896e-05;0.000130048;0.000180224;9.728e-05;7.372800000000001e-05;9.3184e-05;0.000105472;6.758400000000001e-05;5.0176e-05;6.2464e-05;8.192e-05;0.000124928;9.932800000000001e-05;6.4512e-05;7.475199999999999e-05;9.0112e-05;5.8368e-05;3.5839999999999996e-05;4.1984e-05;4.6080000000000006e-05;3.8911999999999996e-05;3.7888e-05;4.5056e-05;4.8128e-05;3.9936e-05;4.096e-05;3.7888e-05;5.0176e-05;6.4512e-05;4.8128e-05
1788918300,hdr,0.0293;0.03906;0.04883;0.05859;0.06836;0.07813;0.08789;0.09766;0.10742;0.11719;0.12695;0.13672;0.14648;0.15625;0.16602;0.17578;0.18555;0.19531;0.20508;0.21484;0.22461;0.23438;0.24414;0.25391;0.26367;0.27344;0.2832;0.29297;0.30273;0.3125;0.32227;0.33203;0.3418;0.35156;0.36133;0.37109;0.38086;0.39063;0.40039;0.41016;0.41992;0.42969;0.43945;0.44922;0.45898;0.46875;0.47852;0.48828;0.49805;0.50781;0.51758;0.52734;0.53711;0.54688;0.55664;0.56641;0.57617;0.58594;0.5957;0.60547;0.61523;0.625;0.63477;0.64453;0.6543;0.66406;0.67383;0.68359;0.69336;0.70313;0.71289;0.72266;0.73242;0.74219;0.75195;0.76172;0.77148;0.78125;0.79102,0.00015462400000000002;0.001084416;0.002236416;0.002397184;0.003868672;0.006827008;0.023556096000000002;0.041947135999999996;0.018676735999999996;0.013367296;0.016217088;0.007268352;0.005823488;0.004482048;0.003795968;0.002151424;0.00180224;0.00141824;0.000905216;0.000676864;0.0005816320000000001;0.000452608;0.00039628799999999996;0.000489472;0.000475136;0.00046489599999999996;0.00033894400000000004;0.00029081600000000006;0.000349184;0.000398336;0.000324608;0.00030105599999999996;0.000211968;0.000186368;0.000244736;0.00027033600000000004;0.000222208;0.000196608;0.000278528;0.000352256;0.000210944;0.0001536;0.000196608;0.00017100799999999997;7.8848e-05;0.00010137599999999999;0.00013516800000000002;8.8064e-05;6.2464e-05;8.3968e-05;8.192e-05;8.704000000000001e-05;9.3184e-05;9.4208e-05;8.9088e-05;8.704000000000001e-05;8.3968e-05;6.2464e-05;7.372800000000001e-05;6.0416e-05;4.8128e-05;5.0176e-05;6.5536e-05;6.4512e-05;5.3247999999999996e-05;4.9152e-05;5.0176e-05;4.5056e-05;4.5056e-05;3.0720000000000004e-05;4.4032e-05;3.4816e-05;5.8368e-05;4.7104e-05;4.096e-05;3.8911999999999996e-05;2.6623999999999998e-05;3.3792000000000004e-05;4.096e-05
1788919200,hdr,0.0293;0.03906;0.04883;0.05859;0.06836;0.07813;0.08789;0.09766;0.10742;0.11719;0.12695;0.13672;0.14648;0.15625;0.16602;0.17578;0.18555;0.19531;0.20508;0.21484;0.22461;0.23438;0.24414;0.25391;0.26367;0.27344;0.2832;0.29297;0.30273;0.3125;0.32227;0.33203;0.3418;0.35156;0.36133;0.37109;0.38086;0.39063;0.40039;0.41016;0.41992;0.42969;0.43945;0.44922;0.45898;0.46875;0.47852;0.48828;0.49805;0.50781;0.51758;0.52734;0.53711;0.54688;0.55664;0.56641;0.57617;0.58594;0.5957;0.60547;0.61523;0.625;0.63477;0.64453;0.6543;0.66406;0.67383;0.68359;0.69336;0.70313;0.71289;0.72266;0.73242;0.74219;0.75195;0.76172;0.77148;0.78125;0.79102,1.4336e-05;0.00041779199999999995;0.000492544;0.000391168;0.0021360640000000005;0.008744960000000001;0.030587904000000003;0.045945856;0.017391616;0.007578624;0.0109056;0.010243072;0.006409216;0.004598784000000001;0.003050496;0.00234496;0.001560576;0.0015677439999999998;0.0011755519999999998;0.000385024;0.000406528;0.0007280640000000001;0.000603136;0.0005642239999999999;0.00043827199999999997;0.00036147200000000005;0.00037888;0.00045056;0.000376832;0.000330752;0.00030003200000000004;0.000288768;0.000325632;0.00018944;0.000160768;0.00014335999999999998;0.000130048;0.00020275199999999997;0.000211968;0.000137216;0.000176128;0.000217088;0.000120832;0.000120832;0.00015564799999999998;0.000132096;5.1200000000000004e-05;8.4992e-05;0.00010956799999999999;0.00010240000000000001;8.9088e-05;8.8064e-05;0.000103424;0.00011264;0.000110592;6.3488e-05;5.7344e-05;7.8848e-05;5.7344e-05;4.6080000000000006e-05;5.7344e-05;5.9392e-05;5.0176e-05;4.6080000000000006e-05;6.9632e-05;5.8368e-05;4.3008e-05;5.1200000000000004e-05;3.6864000000000005e-05;2.048e-05;3.2768e-05;4.3008e-05;5.0176e-05;4.7104e-05;3.4816e-05;3.5839999999999996e-05;3.3792000000000004e-05;3.1744e-05;3.0720000000000004e-05
1788920100,hdr,0.0293;0.03906;0.04883;0.05859;0.06836;0.07813;0.08789;0.09766;0.10742;0.11719;0.12695;0.13672;0.14648;0.15625;0.16602;0.17578;0.18555;0.19531;0.20508;0.21484;0.22461;0.23438;0.24414;0.25391;0.26367;0.27344;0.2832;0.29297;0.30273;0.3125;0.32227;0.33203;0.3418;0.35156;0.36133;0.37109;0.38086;0.39063;0.40039;0.41016;0.41992;0.42969;0.43945;0.44922;0.45898;0.46875;0.47852;0.48828;0.49805;0.50781;0.51758;0.52734;0.53711;0.54688;0.55664;0.56641;0.57617;0.58594;0.5957;0.60547;0.61523;0.625;0.63477;0.64453;0.6543;0.66406;0.67383;0.68359;0.69336;0.70313;0.71289;0.72266;0.73242;0.74219;0.75195;0.76172;0.77148;0.78125;0.79102,0.000457728;0.001451008;0.002675712;0.001744896;0.0018257920000000001;0.010816511999999999;0.038586368;0.029707264;0.012455935999999999;0.008725504;0.012382208;0.013939712;0.007630848;0.006782976;0.00257024;0.0021442559999999998;0.0017326079999999998;0.001833984;0.001107968;0.000760832;0.00082944;0.0007772160000000001;0.0007249919999999999;0.0006891520000000001;0.000492544;0.00033484799999999995;0.000502784;0.00044544;0.00036761599999999997;0.00046592000000000004;0.00041984;0.00023654400000000002;0.000178176;0.000244736;0.00024371200000000001;0.000217088;0.000206848;0.000253952;0.000186368;0.000134144;0.00014643200000000002;0.000164864;0.00016384;0.00028671999999999997;0.000393216;0.000165888;0.000152576;0.00018432000000000002;0.000227328;0.00020480000000000002;0.000128;9.728e-05;9.5232e-05;8.192e-05;8.3968e-05;6.8608e-05;4.9152e-05;7.9872e-05;6.8608e-05;4.1984e-05;5.1200000000000004e-05;5.1200000000000004e-05;6.0416e-05;6.758400000000001e-05;6.2464e-05;4.5056e-05;4.096e-05;3.4816e-05;2.2528e-05;1.6384e-05;2.6623999999999998e-05;2.5600000000000002e-05;2.5600000000000002e-05;3.3792000000000004e-05;2.6623999999999998e-05;2.3552e-05;2.3552e-05;2.3552e-05;3.5839999999999996e-05
1788921000,hdr,0.0293;0.03906;0.04883;0.05859;0.06836;0.07813;0.08789;0.09766;0.10742;0.11719;0.12695;0.13672;0.14648;0.15625;0.16602;0.17578;0.18555;0.19531;0.20508;0.21484;0.22461;0.23438;0.24414;0.25391;0.26367;0.27344;0.2832;0.29297;0.30273;0.3125;0.32227;0.33203;0.3418;0.35156;0.36133;0.37109;0.38086;0.39063;0.40039;0.41016;0.41992;0.42969;0.43945;0.44922;0.45898;0.46875;0.47852;0.48828;0.49805;0.50781;0.51758;0.52734;0.53711;0.54688;0.55664;0.56641;0.57617;0.58594;0.5957;0.60547;0.61523;0.625;0.63477;0.64453;0.6543;0.66406;0.67383;0.68359;0.69336;0.70313;0.71289;0.72266;0.73242;0.74219;0.75195;0.76172;0.77148;0.78125;0.79102,0.00077824;0.0020183040000000003;0.0016220159999999998;0.001217536;0.0014213119999999999;0.0038062079999999997;0.026739712;0.046010368;0.014094335999999999;0.0046069760000000005;0.005030912;0.00669184;0.00564224;0.0042936319999999995;0.0037304319999999997;0.002158592;0.001147904;0.0011694079999999998;0.000965632;0.0008048640000000001;0.000982016;0.000625664;0.000535552;0.000375808;0.000278528;0.000512;0.00059904;0.0005089280000000001;0.000305152;0.00029696;0.000224256;0.000160768;0.00038912;0.000400384;0.00033792;0.000251904;0.000144384;0.000161792;0.000172032;0.000242688;0.00023040000000000002;0.000141312;0.000124928;0.000169984;0.000176128;0.00018944;0.000211968;0.00015564799999999998;0.00010752000000000001;0.000108544;0.00014950399999999998;0.00013516800000000002;0.00011980799999999999;6.2464e-05;5.4272e-05;6.144000000000001e-05;6.5536e-05;6.4512e-05;7.5776e-05;0.000103424;0.000116736;9.728e-05;0.000120832;0.00012185600000000001;7.9872e-05;7.167999999999999e-05;6.758400000000001e-05;5.8368e-05;3.4816e-05;2.7648e-05;5.0176e-05;3.8911999999999996e-05;3.2768e-05;2.5600000000000002e-05;2.3552e-05;3.5839999999999996e-05;3.4816e-05;3.3792000000000004e-05;2.1504e-05
1788921900,hdr,0.0293;0.03906;0.04883;0.05859;0.06836;0.07813;0.08789;0.09766;0.10742;0.11719;0.12695;0.13672;0.14648;0.15625;0.16602;0.17578;0.18555;0.19531;0.20508;0.21484;0.22461;0.23438;0.24414;0.25391;0.26367;0.27344;0.2832;0.29297;0.30273;0.3125;0.32227;0.33203;0.3418;0.35156;0.36133;0.37109;0.38086;0.39063;0.40039;0.41016;0.41992;0.42969;0.43945;0.44922;0.45898;0.46875;0.47852;0.48828;0.49805;0.50781;0.51758;0.52734;0.53711;0.54688;0.55664;0.56641;0.57617;0.58594;0.5957;0.60547;0.61523;0.625;0.63477;0.64453;0.6543;0.66406;0.67383;0.68359;0.69336;0.70313;0.71289;0.72266;0.73242;0.74219;0.75195;0.76172;0.77148;0.78125;0.79102,0.001934336;0.003910656;0.001472512;0.001774592;0.0025978880000000005;0.003785728;0.008900608;0.016618496;0.006131712;0.003432448;0.004825088;0.005541888;0.0042659840000000004;0.003590144;0.00257024;0.001731584;0.002502656;0.0020500479999999996;0.000917504;0.00090624;0.000919552;0.001028096;0.000659456;0.000452608;0.00047718399999999996;0.000647168;0.000391168;0.00027340799999999994;0.000326656;0.000330752;0.00050176;0.00048127999999999995;0.00030105599999999996;0.000282624;0.00029286400000000005;0.000263168;0.00029286400000000005;0.000178176;0.00017408000000000001;0.000207872;0.000237568;0.000283648;0.000200704;0.000142336;0.00018944;0.00015564799999999998;0.00014643200000000002;0.000162816;0.00010956799999999999;8.8064e-05;0.000105472;0.000128;0.00015052799999999998;0.000128;7.8848e-05;7.270400000000001e-05;9.113599999999999e-05;7.9872e-05;7.782399999999999e-05;8.8064e-05;7.372800000000001e-05;9.113599999999999e-05;8.4992e-05;6.144000000000001e-05;5.7344e-05;5.632e-05;4.3008e-05;4.8128e-05;7.0656e-05;5.5296e-05;5.4272e-05;3.7888e-05;4.6080000000000006e-05;5.5296e-05;4.9152e-05;4.6080000000000006e-05;4.6080000000000006e-05;2.7648e-05;2.2528e-05
1788922800,hdr,0.0293;0.03906;0.04883;0.05859;0.06836;0.07813;0.08789;0.09766;0.10742;0.11719;0.12695;0.13672;0.14648;0.15625;0.16602;0.17578;0.18555;0.19531;0.20508;0.21484;0.22461;0.23438;0.24414;0.25391;0.26367;0.27344;0.2832;0.29297;0.30273;0.3125;0.32227;0.33203;0.3418;0.35156;0.36133;0.37109;0.38086;0.39063;0.40039;0.41016;0.41992;0.42969;0.43945;0.44922;0.45898;0.46875;0.47852;0.48828;0.49805;0.50781;0.51758;0.52734;0.53711;0.54688;0.55664;0.56641;0.57617;0.58594;0.5957;0.60547;0.61523;0.625;0.63477;0.64453;0.6543;0.66406;0.67383;0.68359;0.69336;0.70313;0.71289;0.72266;0.73242;0.74219;0.75195;0.76172;0.77148;0.78125;0.79102,0.003934208;0.005310464;0.005903360000000001;0.00466432;0.003001344;0.008972288;0.020395008000000003;0.016195584000000002;0.006243328;0.004971519999999999;0.003369984;0.008834047999999999;0.009047040000000001;0.0055705600000000004;0.0043304960000000005;0.0029982719999999997;0.0016691199999999998;0.0011284479999999998;0.00151552;0.001052672;0.000768;0.0006963200000000001;0.000672768;0.00074752;0.000987136;0.0007946240000000001;0.000736256;0.000647168;0.0005754880000000001;0.000580608;0.00044032;0.000381952;0.000400384;0.00030924800000000003;0.000283648;0.00034201599999999995;0.00033792;0.000197632;0.00020889599999999997;0.00018227199999999998;0.000196608;0.00024063999999999997;0.00024576000000000003;0.000227328;0.000110592;8.0896e-05;0.000125952;0.000103424;0.000110592;0.000129024;0.00010444799999999999;0.00010649599999999999;7.8848e-05;9.5232e-05;0.00011776000000000001;0.000113664;5.5296e-05;6.4512e-05;6.758400000000001e-05;6.5536e-05;7.5776e-05;0.00010240000000000001;8.9088e-05;4.096e-05;5.3247999999999996e-05;5.1200000000000004e-05;3.7888e-05;5.1200000000000004e-05;8.2944e-05;5.8368e-05;5.8368e-05;4.4032e-05;6.2464e-05;4.7104e-05;3.7888e-05;4.6080000000000006e-05;5.5296e-05;3.7888e-05;5.3247999999999996e-05
1788923700,hdr,0.0293;0.03906;0.04883;0.05859;0.06836;0.07813;0.08789;0.09766;0.10742;0.11719;0.12695;0.13672;0.14648;0.15625;0.16602;0.17578;0.18555;0.19531;0.20508;0.21484;0.22461;0.23438;0.24414;0.25391;0.26367;0.27344;0.2832;0.29297;0.30273;0.3125;0.32227;0.33203;0.3418;0.35156;0.36133;0.37109;0.38086;0.39063;0.40039;0.41016;0.41992;0.42969;0.43945;0.44922;0.45898;0.46875;0.47852;0.48828;0.49805;0.50781;0.51758;0.52734;0.53711;0.54688;0.55664;0.56641;0.57617;0.58594;0.5957;0.60547;0.61523;0.625;0.63477;0.64453;0.6543;0.66406;0.67383;0.68359;0.69336;0.70313;0.71289;0.72266;0.73242;0.74219;0.75195;0.76172;0.77148;0.78125;0.79102,0.006313983999999999;0.007185407999999999;0.005286912;0.003004416;0.004521984;0.006183936;0.0219648;0.041619456;0.021983232;0.006780928;0.008156159999999999;0.009081856;0.007057407999999999;0.0035696639999999997;0.003540992;0.001498112;0.0015616000000000002;0.001800192;0.001161216;0.001308672;0.0012318720000000002;0.001242112;0.001184768;0.0009318400000000001;0.0006778880000000001;0.00052224;0.00042803200000000007;0.00047104000000000004;0.000453632;0.000315392;0.00035430400000000006;0.000436224;0.00041062399999999995;0.00022016;0.00036864000000000005;0.000376832;0.000241664;0.00029593599999999995;0.00031744;0.000221184;0.000167936;0.00019456;0.00016691200000000002;0.00024576000000000003;0.000224256;0.00029388799999999996;0.00023244799999999998;0.00018227199999999998;0.00018432000000000002;0.00018739199999999998;0.000142336;0.000118784;0.00010649599999999999;9.4208e-05;9.6256e-05;0.00011571199999999999;0.00010240000000000001;0.000100352;7.372800000000001e-05;7.167999999999999e-05;4.9152e-05;4.7104e-05;5.9392e-05;7.0656e-05;7.0656e-05;5.8368e-05;6.144000000000001e-05;5.9392e-05;5.5296e-05;4.5056e-05;4.5056e-05;6.4512e-05;6.655999999999999e-05;5.0176e-05;6.655999999999999e-05;6.144000000000001e-05;4.096e-05;4.3008e-05;8.2944e-05
1788924600,hdr,0.0293;0.03906;0.04883;0.05859;0.06836;0.07813;0.08789;0.09766;0.10742;0.11719;0.12695;0.13672;0.14648;0.15625;0.16602;0.17578;0.18555;0.19531;0.20508;0.21484;0.22461;0.23438;0.24414;0.25391;0.26367;0.27344;0.2832;0.29297;0.30273;0.3125;0.32227;0.33203;0.3418;0.35156;0.36133;0.37109;0.38086;0.39063;0.40039;0.41016;0.41992;0.42969;0.43945;0.44922;0.45898;0.46875;0.47852;0.48828;0.49805;0.50781;0.51758;0.52734;0.53711;0.54688;0.55664;0.56641;0.57617;0.58594;0.5957;0.60547;0.61523;0.625;0.63477;0.64453;0.6543;0.66406;0.67383;0.68359;0.69336;0.70313;0.71289;0.72266;0.73242;0.74219;0.75195;0.76172;0.77148;0.78125;0.79102,0.00410112;0.005474304;0.0032256;0.001910784;0.0040243200000000005;0.007638016000000001;0.029723648000000002;0.045876224;0.014005248;0.005983232;0.005098496;0.004348928;0.00457216;0.005990400000000001;0.00425472;0.003099648;0.002594816;0.0016424959999999998;0.0013946879999999998;0.00163328;0.00101888;0.0006850560000000001;0.000930816;0.00062464;0.00043008000000000006;0.0005683200000000001;0.000630784;0.000649216;0.00050688;0.0004352;0.000339968;0.00035532799999999997;0.00048025600000000003;0.00032870400000000003;0.000256;0.000288768;0.00030003200000000004;0.00027648;0.000331776;0.000346112;0.00032768;0.000289792;0.000196608;0.000165888;0.000211968;0.00018124799999999998;0.00026521600000000003;0.000242688;0.000221184;0.000188416;0.000124928;0.00011571199999999999;0.00012288000000000002;0.00011776000000000001;0.000162816;0.00012185600000000001;0.000130048;0.00014335999999999998;0.00010444799999999999;7.68e-05;7.0656e-05;0.00010444799999999999;7.782399999999999e-05;5.5296e-05;6.758400000000001e-05;9.4208e-05;9.932800000000001e-05;6.8608e-05;7.372800000000001e-05;7.167999999999999e-05;9.932800000000001e-05;0.00014540800000000003;8.704000000000001e-05;8.2944e-05;6.9632e-05;6.0416e-05;7.167999999999999e-05;7.0656e-05;5.222399999999999e-05
1788925500,hdr,0.0293;0.03906;0.04883;0.05859;0.06836;0.07813;0.08789;0.09766;0.10742;0.11719;0.12695;0.13672;0.14648;0.15625;0.16602;0.17578;0.18555;0.19531;0.20508;0.21484;0.22461;0.23438;0.24414;0.25391;0.26367;0.27344;0.2832;0.29297;0.30273;0.3125;0.32227;0.33203;0.3418;0.35156;0.36133;0.37109;0.38086;0.39063;0.40039;0.41016;0.41992;0.42969;0.43945;0.44922;0.45898;0.46875;0.47852;0.48828;0.49805;0.50781;0.51758;0.52734;0.53711;0.54688;0.55664;0.56641;0.57617;0.58594;0.5957;0.60547;0.61523;0.625;0.63477;0.64453;0.6543;0.66406;0.67383;0.68359;0.69336;0.70313;0.71289;0.72266;0.73242;0.74219;0.75195;0.76172;0.77148;0.78125;0.79102,0.0029634559999999997;0.010151936;0.009651199999999999;0.0017131520000000001;0.005445632;0.00473088;0.018680831999999998;0.037472256;0.016445440000000002;0.006235136;0.004971519999999999;0.004002816;0.004246527999999999;0.004703232;0.0028927999999999996;0.0029470720000000002;0.00200704;0.00145408;0.001620992;0.0013312;0.00084992;0.000872448;0.000872448;0.001078272;0.000771072;0.0007188480000000001;0.0008744960000000001;0.0005232639999999998;0.000448512;0.000339968;0.00035430400000000006;0.000352256;0.000316416;0.000316416;0.0003584;0.000406528;0.00026112;0.00025088;0.0003328;0.00020377600000000002;0.000226304;0.00020889599999999997;0.00020275199999999997;0.00021299199999999998;0.00025497599999999997;0.000207872;0.000164864;9.6256e-05;0.000180224;0.00019865600000000002;0.000151552;0.00015052799999999998;0.000207872;0.00028569600000000005;0.00027033600000000004;0.00023859199999999998;0.00029183999999999997;0.00030105599999999996;0.000316416;0.000653312;0.0006184960000000001;0.000352256;0.00041062399999999995;0.0006154239999999999;0.000840704;0.000635904;0.001229824;0.0012052480000000001;0.0012072959999999998;0.0014346239999999998;0.001810432;0.0015677439999999998;0.000970752;0.001153024;0.0012001280000000002;0.002102272;0.002577408;0.002029568;0.001885184
1788926400,hdr,0.0293;0.03906;0.04883;0.05859;0.06836;0.07813;0.08789;0.09766;0.10742;0.11719;0.12695;0.13672;0.14648;0.15625;0.16602;0.17578;0.18555;0.19531;0.20508;0.21484;0.22461;0.23438;0.24414;0.25391;0.26367;0.27344;0.2832;0.29297;0.30273;0.3125;0.32227;0.33203;0.3418;0.35156;0.36133;0.37109;0.38086;0.39063;0.40039;0.41016;0.41992;0.42969;0.43945;0.44922;0.45898;0.46875;0.47852;0.48828;0.49805;0.50781;0.51758;0.52734;0.53711;0.54688;0.55664;0.56641;0.57617;0.58594;0.5957;0.60547;0.61523;0.625;0.63477;0.64453;0.6543;0.66406;0.67383;0.68359;0.69336;0.70313;0.71289;0.72266;0.73242;0.74219;0.75195;0.76172;0.77148;0.78125;0.79102,0.006788096;0.0045823999999999995;0.004245504000000001;0.0076318720000000005;0.005927936;0.003904512;0.013391871999999999;0.029068288;0.015434752000000001;0.0063488;0.003344384;0.004250624;0.003008512;0.00314368;0.004148224;0.003277824;0.002077696;0.0012953600000000002;0.0012912639999999999;0.001816576;0.0012369920000000001;0.000999424;0.0004986880000000001;0.0004956159999999999;0.000451584;0.000534528;0.00040550399999999994;0.00037478399999999997;0.0005089280000000001;0.000442368;0.000466944;0.000483328;0.0004915200000000001;0.000518144;0.00040243200000000004;0.000510976;0.00036454399999999996;0.000365568;0.00037785600000000004;0.00029081600000000006;0.000206848;0.00014848;0.00018124799999999998;0.000263168;0.000260096;0.00028569600000000005;0.00042291200000000006;0.000513024;0.00039423999999999997;0.000514048;0.000726016;0.000915456;0.001011712;0.000898048;0.0009256959999999999;0.0014151679999999999;0.0024852480000000002;0.004976639999999999;0.005371903999999999;0.00538112;0.005663744000000001;0.003460096;0.00334848;0.002272256;0.002267136;0.0043284479999999995;0.004237312;0.00273408;0.00258048;0.002054144;0.0021606399999999997;0.00238592;0.0031938559999999997;0.0033218559999999998;0.0014438399999999998;0.0014448640000000001;0.002076672;0.001758208;0.001077248
1788927300,hdr,0.0293;0.03906;0.04883;0.05859;0.06836;0.07813;0.08789;0.09766;0.10742;0.11719;0.12695;0.13672;0.14648;0.15625;0.16602;0.17578;0.18555;0.19531;0.20508;0.21484;0.22461;0.23438;0.24414;0.25391;0.26367;0.27344;0.2832;0.29297;0.30273;0.3125;0.32227;0.33203;0.3418;0.35156;0.36133;0.37109;0.38086;0.39063;0.40039;0.41016;0.41992;0.42969;0.43945;0.44922;0.45898;0.46875;0.47852;0.48828;0.49805;0.50781;0.51758;0.52734;0.53711;0.54688;0.55664;0.56641;0.57617;0.58594;0.5957;0.60547;0.61523;0.625;0.63477;0.64453;0.6543;0.66406;0.67383;0.68359;0.69336;0.70313;0.71289;0.72266;0.73242;0.74219;0.75195;0.76172;0.77148;0.78125;0.79102,0.005248;0.012229631999999999;0.009544704;0.0033679359999999998;0.0034672640000000003;0.005512192;0.025366528;0.034613248;0.020411392;0.011511808;0.003915776;0.0024504320000000002;0.002354176;0.0046540800000000005;0.0025088;0.001002496;0.0011694079999999998;0.002009088;0.0011151359999999999;0.001253376;0.001325056;0.001007616;0.0006891520000000001;0.0005888;0.000518144;0.000557056;0.0008212479999999999;0.000475136;0.000237568;0.00050176;0.00036147200000000005;0.000200704;0.00027340799999999994;0.00036352;0.000384;0.000432128;0.00030617599999999996;0.00018534400000000002;0.000259072;0.00030003200000000004;0.000275456;0.000421888;0.00034099200000000003;0.00043315199999999996;0.000863232;0.0012185600000000003;0.001145856;0.0023296;0.002105344;0.0026286079999999997;0.00382464;0.005985280000000001;0.007642112;0.007258112;0.0076544;0.005959679999999999;0.0044206079999999995;0.005250047999999999;0.005081088000000001;0.0048209920000000005;0.005277696;0.006042624;0.0035850240000000005;0.003237888;0.003913728;0.0033679359999999998;0.002714624;0.0024852480000000002;0.0027115520000000003;0.0025036800000000003;0.001837056;0.001723392;0.002654208;0.002040832;0.0015493120000000002;0.00139776;0.00137728;0.001011712;0.0009615359999999999
1788928200,hdr,0.0293;0.03906;0.04883;0.05859;0.06836;0.07813;0.08789;0.09766;0.10742;0.11719;0.12695;0.13672;0.14648;0.15625;0.16602;0.17578;0.18555;0.19531;0.20508;0.21484;0.22461;0.23438;0.24414;0.25391;0.26367;0.27344;0.2832;0.29297;0.30273;0.3125;0.32227;0.33203;0.3418;0.35156;0.36133;0.37109;0.38086;0.39063;0.40039;0.41016;0.41992;0.42969;0.43945;0.44922;0.45898;0.46875;0.47852;0.48828;0.49805;0.50781;0.51758;0.52734;0.53711;0.54688;0.55664;0.56641;0.57617;0.58594;0.5957;0.60547;0.61523;0.625;0.63477;0.64453;0.6543;0.66406;0.67383;0.68359;0.69336;0.70313;0.71289;0.72266;0.73242;0.74219;0.75195;0.76172;0.77148;0.78125;0.79102,0.009883648000000002;0.013687808000000001;0.008332288;0.007558144;0.005465088;0.01370624;0.027273216;0.024787968;0.019475456000000002;0.011982848;0.0043161599999999994;0.006230016;0.0045875199999999994;0.002637824;0.0023275519999999997;0.003421184;0.001974272;0.001620992;0.001682432;0.0011489279999999998;0.001222656;0.001098752;0.001067008;0.000881664;0.000968704;0.0010608640000000001;0.000611328;0.000606208;0.00046592000000000004;0.00048742400000000003;0.000492544;0.00035430400000000006;0.000335872;0.000412672;0.000475136;0.000489472;0.00035328;0.00044339199999999997;0.000534528;0.0007393279999999999;0.000789504;0.0005867520000000001;0.000647168;0.001152;0.00183808;0.002195456;0.004017152;0.006980608;0.007468032;0.008004608;0.010800128;0.009020416000000002;0.007328768;0.010095616;0.0060907520000000005;0.0065218559999999995;0.007406592;0.004113408;0.00369152;0.0040867839999999996;0.004961280000000001;0.00387584;0.0036608;0.003533824;0.004455424;0.005323776;0.004354048;0.002807808;0.0015472639999999998;0.0014448640000000001;0.002112512;0.002444288;0.0026787839999999996;0.002043904;0.0018513919999999999;0.0015063040000000002;0.0015616000000000002;0.0015667199999999997;0.0022528
1788929100,hdr,0.0293;0.03906;0.04883;0.05859;0.06836;0.07813;0.08789;0.09766;0.10742;0.11719;0.12695;0.13672;0.14648;0.15625;0.16602;0.17578;0.18555;0.19531;0.20508;0.21484;0.22461;0.23438;0.24414;0.25391;0.26367;0.27344;0.2832;0.29297;0.30273;0.3125;0.32227;0.33203;0.3418;0.35156;0.36133;0.37109;0.38086;0.39063;0.40039;0.41016;0.41992;0.42969;0.43945;0.44922;0.45898;0.46875;0.47852;0.48828;0.49805;0.50781;0.51758;0.52734;0.53711;0.54688;0.55664;0.56641;0.57617;0.58594;0.5957;0.60547;0.61523;0.625;0.63477;0.64453;0.6543;0.66406;0.67383;0.68359;0.69336;0.70313;0.71289;0.72266;0.73242;0.74219;0.75195;0.76172;0.77148;0.78125;0.79102,0.0109824;0.025652224;0.01937408;0.011104256;0.009495551999999999;0.01476608;0.046187519999999996;0.052230144;0.020314112000000002;0.009310207999999999;0.004590591999999999;0.003550208;0.00391168;0.003050496;0.0032389119999999996;0.0038492160000000004;0.0035522559999999997;0.002820096;0.001462272;0.000933888;0.001084416;0.00152576;0.0013117439999999999;0.001118208;0.0008222720000000001;0.0005959680000000001;0.000528384;0.0006041600000000001;0.0005324799999999999;0.000380928;0.00046284799999999997;0.000643072;0.000642048;0.000636928;0.000924672;0.000768;0.00059904;0.000776192;0.0008468480000000001;0.00103424;0.00119808;0.0009461760000000001;0.001983488;0.003446784;0.003847168;0.0040642560000000005;0.006483968;0.010195968000000001;0.018478079999999997;0.013394944;0.015813632;0.014763008;0.013463552;0.010380288;0.010013696;0.009372672;0.012080128;0.005592063999999999;0.004832256;0.004564992;0.0040867839999999996;0.003204096;0.00254464;0.0021217280000000002;0.002816;0.0034580479999999996;0.002020352;0.0020746239999999997;0.0031539199999999997;0.0029655040000000003;0.00215552;0.002008064;0.002444288;0.001774592;0.0018083840000000001;0.0018944;0.001563648;0.001588224;0.001517568
1788930000,hdr,0.0293;0.03906;0.04883;0.05859;0.06836;0.07813;0.08789;0.09766;0.10742;0.11719;0.12695;0.13672;0.14648;0.15625;0.16602;0.17578;0.18555;0.19531;0.20508;0.21484;0.22461;0.23438;0.24414;0.25391;0.26367;0.27344;0.2832;0.29297;0.30273;0.3125;0.32227;0.33203;0.3418;0.35156;0.36133;0.37109;0.38086;0.39063;0.40039;0.41016;0.41992;0.42969;0.43945;0.44922;0.45898;0.46875;0.47852;0.48828;0.49805;0.50781;0.51758;0.52734;0.53711;0.54688;0.55664;0.56641;0.57617;0.58594;0.5957;0.60547;0.61523;0.625;0.63477;0.64453;0.6543;0.66406;0.67383;0.68359;0.69336;0.70313;0.71289;0.72266;0.73242;0.74219;0.75195;0.76172;0.77148;0.78125;0.79102,0.0027095039999999997;0.010329088;0.013186047999999999;0.006644736;0.010243072;0.012311552000000002;0.01989632;0.036811776000000004;0.025981952000000003;0.007653375999999999;0.004161536;0.0039700479999999995;0.00251904;0.003122176;0.0032583679999999998;0.001782784;0.001652736;0.0018718720000000001;0.0016128;0.00171008;0.0013260799999999999;0.0009717759999999999;0.00080384;0.000791552;0.000632832;0.000664576;0.00076288;0.000759808;0.0006604799999999999;0.000494592;0.0006778880000000001;0.000897024;0.000745472;0.0007096320000000001;0.000726016;0.000644096;0.000953344;0.001854464;0.0027740160000000002;0.002980864;0.002802688;0.003290112;0.0043284479999999995;0.008462336;0.013319168;0.013361152;0.014736384;0.018826239999999998;0.020474879999999997;0.017580032;0.014614528;0.011920384;0.015120384;0.013668352;0.009910272000000001;0.007392256;0.0051302399999999995;0.0096;0.006417408;0.0032194560000000003;0.002601984;0.0023920639999999997;0.0031928320000000005;0.002445312;0.0020992000000000003;0.002902016;0.002213888;0.0029757440000000002;0.003195904;0.001972224;0.0011007999999999999;0.0016773119999999998;0.001992704;0.001329152;0.001399808;0.0028927999999999996;0.0024227840000000003;0.0016230399999999999;0.0012195840000000001
1788930900,hdr,0.0293;0.03906;0.04883;0.05859;0.06836;0.07813;0.08789;0.09766;0.10742;0.11719;0.12695;0.13672;0.14648;0.15625;0.16602;0.17578;0.18555;0.19531;0.20508;0.21484;0.22461;0.23438;0.24414;0.25391;0.26367;0.27344;0.2832;0.29297;0.30273;0.3125;0.32227;0.33203;0.3418;0.35156;0.36133;0.37109;0.38086;0.39063;0.40039;0.41016;0.41992;0.42969;0.43945;0.44922;0.45898;0.46875;0.47852;0.48828;0.49805;0.50781;0.51758;0.52734;0.53711;0.54688;0.55664;0.56641;0.57617;0.58594;0.5957;0.60547;0.61523;0.625;0.63477;0.64453;0.6543;0.66406;0.67383;0.68359;0.69336;0.70313;0.71289;0.72266;0.73242;0.74219;0.75195;0.76172;0.77148;0.78125;0.79102,0.0073185279999999995;0.014221312;0.00743936;0.005143552;0.010142720000000001;0.01335808;0.026213376;0.03416576;0.015727616;0.006992895999999999;0.003670016;0.002630656;0.002967552;0.003121152;0.00194048;0.002302976;0.0017623040000000001;0.001296384;0.001250304;0.000843776;0.000760832;0.000881664;0.000858112;0.000923648;0.000503808;0.0005376000000000001;0.00063488;0.0006092800000000001;0.000551936;0.0006154239999999999;0.00104448;0.0008212479999999999;0.00068608;0.001057792;0.001501184;0.002665472;0.0033884159999999996;0.00460288;0.007171072;0.006278144;0.00937984;0.018109439999999997;0.021873664;0.016899072;0.018796544000000002;0.032836608;0.026479616;0.017591296;0.021792768;0.01814016;0.013062144;0.011680768;0.008912896;0.010153983999999998;0.011244544;0.005404671999999999;0.0047841279999999995;0.00361472;0.004358144;0.004233216;0.003222528;0.003221504;0.0049233919999999995;0.0030945279999999996;0.00160768;0.0014561280000000001;0.0018636800000000002;0.002034688;0.0018278399999999998;0.002200576;0.00208896;0.0022394880000000004;0.0019660800000000003;0.001959936;0.002282496;0.001864704;0.0017356799999999999;0.001686528;0.0014929920000000003
1788931800,hdr,0.0293;0.03906;0.04883;0.05859;0.06836;0.07813;0.08789;0.09766;0.10742;0.11719;0.12695;0.13672;0.14648;0.15625;0.16602;0.17578;0.18555;0.19531;0.20508;0.21484;0.22461;0.23438;0.24414;0.25391;0.26367;0.27344;0.2832;0.29297;0.30273;0.3125;0.32227;0.33203;0.3418;0.35156;0.36133;0.37109;0.38086;0.39063;0.40039;0.41016;0.41992;0.42969;0.43945;0.44922;0.45898;0.46875;0.47852;0.48828;0.49805;0.50781;0.51758;0.52734;0.53711;0.54688;0.55664;0.56641;0.57617;0.58594;0.5957;0.60547;0.61523;0.625;0.63477;0.64453;0.6543;0.66406;0.67383;0.68359;0.69336;0.70313;0.71289;0.72266;0.73242;0.74219;0.75195;0.76172;0.77148;0.78125;0.79102,0.000543744;0.002369536;0.004795392;0.001250304;0.002748416;0.009312256;0.022055935999999998;0.038658048;0.036732928;0.014978047999999999;0.004874240000000001;0.0032921599999999997;0.00209408;0.0029798399999999997;0.003378176;0.002627584;0.0023019520000000003;0.002441216;0.0016691199999999998;0.0014172160000000002;0.000882688;0.000867328;0.000734208;0.0006184960000000001;0.000516096;0.000494592;0.00049664;0.0006277120000000001;0.001053696;0.0011243520000000001;0.0011632640000000002;0.001309696;0.0021452800000000003;0.002673664;0.0053340160000000005;0.006019072;0.005277696;0.01278976;0.019407872;0.02365952;0.018016255999999998;0.025998336;0.041358336;0.026044415999999997;0.014794752;0.01724928;0.018906112000000003;0.02388992;0.023302144;0.015691776;0.012331008;0.010322943999999999;0.00769536;0.0066048;0.006310912;0.0035440640000000004;0.003960832;0.0056176640000000005;0.004354048;0.003203072;0.002363392;0.002180096;0.002904064;0.003376128;0.0049664;0.0038492160000000004;0.00295424;0.0023132160000000003;0.002397184;0.0027555839999999997;0.002622464;0.003067904;0.003703808;0.004242432;0.0026081279999999995;0.0027473920000000004;0.0024064;0.002390016;0.0027432959999999997
1788932700,hdr,0.0293;0.03906;0.04883;0.05859;0.06836;0.07813;0.08789;0.09766;0.10742;0.11719;0.12695;0.13672;0.14648;0.15625;0.16602;0.17578;0.18555;0.19531;0.20508;0.21484;0.22461;0.23438;0.24414;0.25391;0.26367;0.27344;0.2832;0.29297;0.30273;0.3125;0.32227;0.33203;0.3418;0.35156;0.36133;0.37109;0.38086;0.39063;0.40039;0.41016;0.41992;0.42969;0.43945;0.44922;0.45898;0.46875;0.47852;0.48828;0.49805;0.50781;0.51758;0.52734;0.53711;0.54688;0.55664;0.56641;0.57617;0.58594;0.5957;0.60547;0.61523;0.625;0.63477;0.64453;0.6543;0.66406;0.67383;0.68359;0.69336;0.70313;0.71289;0.72266;0.73242;0.74219;0.75195;0.76172;0.77148;0.78125;0.79102,0.0040448;0.004500479999999999;0.002494464;0.004989951999999999;0.007519232;0.007881728;0.022394880000000002;0.049837056;0.030101503999999998;0.008684544;0.004217856000000001;0.0021872639999999995;0.001695744;0.0015738879999999998;0.002243584;0.0029163519999999997;0.001989632;0.001999872;0.001329152;0.00101376;0.0012165119999999999;0.0009564160000000001;0.0007116799999999999;0.0011714560000000002;0.001337344;0.001108992;0.0008458240000000001;0.0012912639999999999;0.0022405119999999996;0.004298752;0.008088576;0.00992768;0.011311103999999999;0.02640896;0.029149184;0.032016384;0.018741248;0.028954623999999998;0.032202751999999994;0.032567295999999996;0.039933951999999995;0.031170559999999996;0.02051584;0.027812864000000003;0.033321984000000006;0.033593344000000004;0.014637055999999999;0.018545663999999996;0.015004671999999998;0.011303936;0.010626048;0.007530496;0.006020096;0.007477248000000001;0.007800832;0.008543232;0.00632832;0.004731904;0.005187583999999999;0.004556800000000001;0.003291136;0.004056064000000001;0.0044748800000000005;0.00505344;0.0027392;0.0028088320000000003;0.0025907200000000003;0.0022886399999999998;0.001349632;0.0019824639999999998;0.0018698239999999997;0.00169472;0.002663424;0.002857984;0.001705984;0.0014745600000000002;0.001603584;0.001292288;0.0016230399999999999
1788933600,hdr,0.0293;0.03906;0.04883;0.05859;0.06836;0.07813;0.08789;0.09766;0.10742;0.11719;0.12695;0.13672;0.14648;0.15625;0.16602;0.17578;0.18555;0.19531;0.20508;0.21484;0.22461;0.23438;0.24414;0.25391;0.26367;0.27344;0.2832;0.29297;0.30273;0.3125;0.32227;0.33203;0.3418;0.35156;0.36133;0.37109;0.38086;0.39063;0.40039;0.41016;0.41992;0.42969;0.43945;0.44922;0.45898;0.46875;0.47852;0.48828;0.49805;0.50781;0.51758;0.52734;0.53711;0.54688;0.55664;0.56641;0.57617;0.58594;0.5957;0.60547;0.61523;0.625;0.63477;0.64453;0.6543;0.66406;0.67383;0.68359;0.69336;0.70313;0.71289;0.72266;0.73242;0.74219;0.75195;0.76172;0.77148;0.78125;0.79102,0.0041267199999999995;0.018872319999999998;0.01867264;0.005300224;0.008418303999999998;0.013789184000000001;0.023912448;0.047035392;0.043175936;0.016615424;0.004389888;0.0016250880000000002;0.00278016;0.0029593600000000003;0.001580032;0.0025753599999999996;0.0025856;0.0018964479999999998;0.001088512;0.0011284479999999998;0.001610752;0.001143808;0.0008601600000000001;0.001532928;0.002456576;0.003391488;0.003873792;0.007046144;0.011792384;0.015497216000000001;0.023492608;0.018738176;0.028055552;0.034968576;0.045018112;0.076086272;0.053528576;0.027925504;0.045487104;0.04415180800000001;0.033127424;0.022918144;0.018650112;0.0188928;0.020224;0.020871168000000002;0.015323136000000001;0.013405184;0.014259200000000001;0.014645248;0.01322496;0.008431616;0.009987072;0.010174464;0.007201792;0.004054016;0.008361984000000001;0.007421952;0.003301376;0.004329472;0.004356095999999999;0.0057344;0.0059391999999999995;0.003612672;0.0030904319999999997;0.00398336;0.0034672640000000003;0.003282944;0.0031334399999999995;0.0028221440000000004;0.00249856;0.00242688;0.0025958400000000003;0.001956864;0.001779712;0.001967104;0.0025856;0.002729984;0.0015534079999999998
1788934500,hdr,0.0293;0.03906;0.04883;0.05859;0.06836;0.07813;0.08789;0.09766;0.10742;0.11719;0.12695;0.13672;0.14648;0.15625;0.16602;0.17578;0.18555;0.19531;0.20508;0.21484;0.22461;0.23438;0.24414;0.25391;0.26367;0.27344;0.2832;0.29297;0.30273;0.3125;0.32227;0.33203;0.3418;0.35156;0.36133;0.37109;0.38086;0.39063;0.40039;0.41016;0.41992;0.42969;0.43945;0.44922;0.45898;0.46875;0.47852;0.48828;0.49805;0.50781;0.51758;0.52734;0.53711;0.54688;0.55664;0.56641;0.57617;0.58594;0.5957;0.60547;0.61523;0.625;0.63477;0.64453;0.6543;0.66406;0.67383;0.68359;0.69336;0.70313;0.71289;0.72266;0.73242;0.74219;0.75195;0.76172;0.77148;0.78125;0.79102,0.0048711679999999995;0.0070144000000000005;0.00851456;0.004173824;0.0030289920000000003;0.0052121599999999995;0.021047296;0.033564672;0.021563392;0.009889792;0.004035584;0.002043904;0.002931712;0.002566144;0.002055168;0.001430528;0.002558976;0.002106368;0.0013506560000000002;0.0010014719999999998;0.00101888;0.001106944;0.00122368;0.001580032;0.001905664;0.005793792;0.009382911999999998;0.011004928;0.017036288;0.013402112;0.02599936;0.04879257599999999;0.076291072;0.07084032000000001;0.069095424;0.068344832;0.042241024;0.03358822399999999;0.02634752;0.019607552;0.021298176000000002;0.034604032;0.031761408;0.01608192;0.012754943999999999;0.01586176;0.018164736;0.010975232;0.017170432;0.016559104;0.008595456;0.008967168;0.011886592000000001;0.006431744;0.007573504;0.009358336;0.009114624;0.006218752;0.006433792000000001;0.005450752;0.004381696;0.003969024;0.003764224;0.003154944;0.002197504;0.004320256;0.003176448;0.002072576;0.002952192;0.004500479999999999;0.003726336;0.0024145919999999997;0.0020930559999999994;0.00299008;0.002752512;0.002356224;0.001647616;0.001641472;0.0012369920000000001
1788935400,hdr,0.0293;0.03906;0.04883;0.05859;0.06836;0.07813;0.08789;0.09766;0.10742;0.11719;0.12695;0.13672;0.14648;0.15625;0.16602;0.17578;0.18555;0.19531;0.20508;0.21484;0.22461;0.23438;0.24414;0.25391;0.26367;0.27344;0.2832;0.29297;0.30273;0.3125;0.32227;0.33203;0.3418;0.35156;0.36133;0.37109;0.38086;0.39063;0.40039;0.41016;0.41992;0.42969;0.43945;0.44922;0.45898;0.46875;0.47852;0.48828;0.49805;0.50781;0.51758;0.52734;0.53711;0.54688;0.55664;0.56641;0.57617;0.58594;0.5957;0.60547;0.61523;0.625;0.63477;0.64453;0.6543;0.66406;0.67383;0.68359;0.69336;0.70313;0.71289;0.72266;0.73242;0.74219;0.75195;0.76172;0.77148;0.78125;0.79102,0.002578432;0.005392384;0.005362688;0.002172928;0.001593344;0.005842944;0.013754367999999998;0.017067008;0.023465984;0.011385856;0.0033791999999999997;0.004283392;0.00272384;0.002427904;0.0017930239999999998;0.001414144;0.002116608;0.001650688;0.0014858240000000002;0.0011601919999999998;0.001457152;0.001542144;0.0016087039999999999;0.00267264;0.002945024;0.003720192;0.009710592;0.014705664;0.022482944;0.049612800000000006;0.06663168000000001;0.07969587199999999;0.084118528;0.07742464;0.065992704;0.056595455999999995;0.046739456;0.047586303999999996;0.03986329599999999;0.025091072;0.022408192;0.018007040000000002;0.019713024000000003;0.022145024;0.02312704;0.023289856;0.016910335999999998;0.008498176000000001;0.011419648000000001;0.015983616;0.013485056;0.011664384;0.007762944000000001;0.008045568;0.007083008000000001;0.007727103999999999;0.007698432000000001;0.005058559999999999;0.006636544;0.004655103999999999;0.003121152;0.005128192;0.004936704;0.002584576;0.002763776;0.0040519679999999995;0.003017728;0.001983488;0.002847744;0.002060288;0.0023347199999999998;0.002379776;0.00256;0.0024494079999999997;0.0029460479999999997;0.002244608;0.0018964479999999998;0.001974272;0.001410048
1788936300,hdr,0.0293;0.03906;0.04883;0.05859;0.06836;0.07813;0.08789;0.09766;0.10742;0.11719;0.12695;0.13672;0.14648;0.15625;0.16602;0.17578;0.18555;0.19531;0.20508;0.21484;0.22461;0.23438;0.24414;0.25391;0.26367;0.27344;0.2832;0.29297;0.30273;0.3125;0.32227;0.33203;0.3418;0.35156;0.36133;0.37109;0.38086;0.39063;0.40039;0.41016;0.41992;0.42969;0.43945;0.44922;0.45898;0.46875;0.47852;0.48828;0.49805;0.50781;0.51758;0.52734;0.53711;0.54688;0.55664;0.56641;0.57617;0.58594;0.5957;0.60547;0.61523;0.625;0.63477;0.64453;0.6543;0.66406;0.67383;0.68359;0.69336;0.70313;0.71289;0.72266;0.73242;0.74219;0.75195;0.76172;0.77148;0.78125;0.79102,0.0025497600000000003;0.004134912;0.003208192;0.001161216;0.003002368;0.005276672;0.013178879999999999;0.027310079999999997;0.034668543999999996;0.0122368;0.0052121599999999995;0.002436096;0.001714176;0.001088512;0.001129472;0.001584128;0.0020910079999999997;0.0015063040000000002;0.0012288;0.00098816;0.0011366400000000002;0.0017643519999999998;0.00167424;0.004574208;0.00872448;0.008058880000000001;0.0062126080000000005;0.017306624;0.037654528;0.049297407999999994;0.054902784;0.045113344;0.0522496;0.04466688;0.066783232;0.046867456;0.042278911999999995;0.050537472;0.03845632;0.029206528;0.021739520000000002;0.017169408;0.018782208;0.024392703999999998;0.016506879999999998;0.016410624;0.025167872;0.017209344;0.015752192;0.011970560000000002;0.008128512000000001;0.007436288;0.005240832;0.004984832000000001;0.008050687999999999;0.007441408;0.005663744000000001;0.0070195200000000004;0.005177344;0.004658176;0.004795392;0.002787328;0.0031569919999999995;0.003728384;0.00472576;0.003605504;0.002992128;0.004120576;0.00331776;0.0028467199999999996;0.003566592;0.002082816;0.0020254720000000004;0.0017397760000000002;0.0021893120000000005;0.0025333760000000004;0.0023132160000000003;0.001798144;0.001774592
1788937200,hdr,0.0293;0.03906;0.04883;0.05859;0.06836;0.07813;0.08789;0.09766;0.10742;0.11719;0.12695;0.13672;0.14648;0.15625;0.16602;0.17578;0.18555;0.19531;0.20508;0.21484;0.22461;0.23438;0.24414;0.25391;0.26367;0.27344;0.2832;0.29297;0.30273;0.3125;0.32227;0.33203;0.3418;0.35156;0.36133;0.37109;0.38086;0.39063;0.40039;0.41016;0.41992;0.42969;0.43945;0.44922;0.45898;0.46875;0.47852;0.48828;0.49805;0.50781;0.51758;0.52734;0.53711;0.54688;0.55664;0.56641;0.57617;0.58594;0.5957;0.60547;0.61523;0.625;0.63477;0.64453;0.6543;0.66406;0.67383;0.68359;0.69336;0.70313;0.71289;0.72266;0.73242;0.74219;0.75195;0.76172;0.77148;0.78125;0.79102,0.004627455999999999;0.0055459839999999995;0.009345024;0.0059760640000000005;0.003318784;0.006714368;0.016284672;0.038534144;0.034207744;0.021013504000000002;0.00884224;0.002952192;0.0022015999999999997;0.002031616;0.001900544;0.0017858560000000002;0.0020654080000000003;0.001092608;0.001517568;0.0018882559999999998;0.0016936960000000002;0.001831936;0.00326144;0.005423104000000001;0.006291456;0.005879808;0.010840064;0.01399296;0.032172032;0.027080704;0.038152192;0.059149312;0.062276608;0.036450304;0.029017088;0.029284352;0.030050304;0.028049407999999998;0.029652992000000003;0.053914624;0.048022528;0.03425792;0.025777152;0.02006016;0.015439871999999999;0.020281344;0.017004543999999996;0.00896512;0.008771584;0.014159871999999999;0.009393152;0.008211456;0.007473152;0.006617088;0.009184256;0.011355136;0.005581824000000001;0.003360768;0.003994624;0.006220799999999999;0.004545536;0.003207168;0.0028436480000000003;0.004508671999999999;0.004504576;0.00364544;0.003111936;0.0028723200000000003;0.002245632;0.001789952;0.002614272;0.0016936960000000002;0.002143232;0.0026296320000000002;0.001917952;0.001206272;0.001441792;0.0013506560000000002;0.00141824
1788938100,hdr,0.0293;0.03906;0.04883;0.05859;0.06836;0.07813;0.08789;0.09766;0.10742;0.11719;0.12695;0.13672;0.14648;0.15625;0.16602;0.17578;0.18555;0.19531;0.20508;0.21484;0.22461;0.23438;0.24414;0.25391;0.26367;0.27344;0.2832;0.29297;0.30273;0.3125;0.32227;0.33203;0.3418;0.35156;0.36133;0.37109;0.38086;0.39063;0.40039;0.41016;0.41992;0.42969;0.43945;0.44922;0.45898;0.46875;0.47852;0.48828;0.49805;0.50781;0.51758;0.52734;0.53711;0.54688;0.55664;0.56641;0.57617;0.58594;0.5957;0.60547;0.61523;0.625;0.63477;0.64453;0.6543;0.66406;0.67383;0.68359;0.69336;0.70313;0.71289;0.72266;0.73242;0.74219;0.75195;0.76172;0.77148;0.78125;0.79102,0.0027586560000000004;0.006447104;0.004390912;0.0035942400000000003;0.004022272;0.008695808;0.019185664;0.031096831999999998;0.040643583999999996;0.019700736;0.004348928;0.0015677439999999998;0.001574912;0.0018995200000000002;0.002262016;0.0021043200000000002;0.001849344;0.002210816;0.0020992000000000003;0.0017530879999999999;0.0017244159999999999;0.001537024;0.002371584;0.0028692479999999996;0.005669888;0.014241792;0.021060608;0.029743104;0.046499839999999994;0.07455027200000001;0.072983552;0.082276352;0.080939008;0.061958144;0.04903936;0.036455424;0.031217664;0.022311935999999997;0.025979904;0.021037056000000002;0.028578816;0.028166144;0.030267392;0.025944064000000003;0.017869824;0.011756544;0.01145856;0.013374463999999999;0.009944063999999999;0.012979200000000001;0.014343168;0.012622848;0.010335232;0.006610944;0.005910528;0.007410688;0.006601727999999999;0.006470656;0.005112832;0.00300032;0.00444928;0.003607552;0.003214336;0.003160064;0.003600384;0.0029419520000000003;0.002395136;0.001806336;0.002030592;0.002767872;0.0020500479999999996;0.0023347199999999998;0.0025200640000000002;0.001779712;0.001562624;0.002697216;0.001969152;0.00123904;0.002054144
1788939000,hdr,0.0293;0.03906;0.04883;0.05859;0.06836;0.07813;0.08789;0.09766;0.10742;0.11719;0.12695;0.13672;0.14648;0.15625;0.16602;0.17578;0.18555;0.19531;0.20508;0.21484;0.22461;0.23438;0.24414;0.25391;0.26367;0.27344;0.2832;0.29297;0.30273;0.3125;0.32227;0.33203;0.3418;0.35156;0.36133;0.37109;0.38086;0.39063;0.40039;0.41016;0.41992;0.42969;0.43945;0.44922;0.45898;0.46875;0.47852;0.48828;0.49805;0.50781;0.51758;0.52734;0.53711;0.54688;0.55664;0.56641;0.57617;0.58594;0.5957;0.60547;0.61523;0.625;0.63477;0.64453;0.6543;0.66406;0.67383;0.68359;0.69336;0.70313;0.71289;0.72266;0.73242;0.74219;0.75195;0.76172;0.77148;0.78125;0.79102,0.0007055360000000001;0.0064716800000000005;0.011494400000000002;0.005783552000000001;0.0060672;0.009050112;0.017242111999999997;0.030181376;0.035187712;0.027658239999999997;0.007975936;0.001777664;0.0018636800000000002;0.00196096;0.0015452159999999999;0.00128512;0.0012748800000000002;0.001856512;0.0023941119999999995;0.001686528;0.0012195840000000001;0.000989184;0.0015677439999999998;0.002015232;0.0029716480000000003;0.008443904;0.010085376;0.020562944000000003;0.034028543999999994;0.043517952;0.056773632;0.0604672;0.048888832;0.045671424;0.029483008;0.02517504;0.027696128;0.030616575999999996;0.024410112;0.035273728;0.025751552;0.018321408000000004;0.01566208;0.023205888000000004;0.023823360000000002;0.01645568;0.005615616;0.0091904;0.009555968000000001;0.012760064;0.009808896000000001;0.008894464;0.008505344;0.007008256;0.004851712;0.011037696;0.010025983999999998;0.0048660479999999996;0.004793344;0.00349696;0.00482304;0.004125696;0.003646464;0.004220928;0.003411968;0.0022405119999999996;0.0016895999999999999;0.0014899199999999998;0.001779712;0.001789952;0.0023234560000000002;0.002291712;0.001741824;0.002210816;0.0014940160000000001;0.000939008;0.0015411200000000002;0.0015165439999999999;0.0011776
1788939900,hdr,0.0293;0.03906;0.04883;0.05859;0.06836;0.07813;0.08789;0.09766;0.10742;0.11719;0.12695;0.13672;0.14648;0.15625;0.16602;0.17578;0.18555;0.19531;0.20508;0.21484;0.22461;0.23438;0.24414;0.25391;0.26367;0.27344;0.2832;0.29297;0.30273;0.3125;0.32227;0.33203;0.3418;0.35156;0.36133;0.37109;0.38086;0.39063;0.40039;0.41016;0.41992;0.42969;0.43945;0.44922;0.45898;0.46875;0.47852;0.48828;0.49805;0.50781;0.51758;0.52734;0.53711;0.54688;0.55664;0.56641;0.57617;0.58594;0.5957;0.60547;0.61523;0.625;0.63477;0.64453;0.6543;0.66406;0.67383;0.68359;0.69336;0.70313;0.71289;0.72266;0.73242;0.74219;0.75195;0.76172;0.77148;0.78125;0.79102,0.008993791999999999;0.012552191999999998;0.010395647999999999;0.0051271680000000005;0.0042659840000000004;0.010669055999999998;0.014721024;0.014943232;0.024298496;0.025496576;0.012056576;0.002563072;0.00200704;0.001251328;0.0014632959999999998;0.00204288;0.0026777600000000004;0.002588672;0.003186688;0.001502208;0.00180736;0.001581056;0.0017018880000000001;0.00181248;0.0024832;0.003472384;0.00963584;0.017998847999999998;0.028104704;0.042728447999999995;0.056183807999999995;0.038878208;0.034087936;0.038924288;0.057024512;0.051968;0.026180608;0.019167232;0.034079744;0.04030156800000001;0.026284032;0.018721792;0.019426303999999995;0.014256128;0.009793536;0.007396352;0.008741888;0.009237503999999999;0.00750592;0.0076032;0.007697408;0.008064;0.00517632;0.003999744;0.006244352;0.005587968;0.005583872;0.006387711999999999;0.00733184;0.004859904000000001;0.002857984;0.002970624;0.00288256;0.002871296;0.0018083840000000001;0.0033228800000000003;0.004805632000000001;0.002976768;0.001654784;0.001581056;0.0023511039999999997;0.001948672;0.00198144;0.00185856;0.0018196479999999999;0.002038784;0.002228224;0.001404928;0.000781312
1788940800,hdr,0.0293;0.03906;0.04883;0.05859;0.06836;0.07813;0.08789;0.09766;0.10742;0.11719;0.12695;0.13672;0.14648;0.15625;0.16602;0.17578;0.18555;0.19531;0.20508;0.21484;0.22461;0.23438;0.24414;0.25391;0.26367;0.27344;0.2832;0.29297;0.30273;0.3125;0.32227;0.33203;0.3418;0.35156;0.36133;0.37109;0.38086;0.39063;0.40039;0.41016;0.41992;0.42969;0.43945;0.44922;0.45898;0.46875;0.47852;0.48828;0.49805;0.50781;0.51758;0.52734;0.53711;0.54688;0.55664;0.56641;0.57617;0.58594;0.5957;0.60547;0.61523;0.625;0.63477;0.64453;0.6543;0.66406;0.67383;0.68359;0.69336;0.70313;0.71289;0.72266;0.73242;0.74219;0.75195;0.76172;0.77148;0.78125;0.79102,0.0032194560000000003;0.003369984;0.006260736;0.007502848;0.007681024;0.006091776000000001;0.008691712;0.029960192;0.03073024;0.023778304;0.007053312;0.00237568;0.002364416;0.001913856;0.001488896;0.001839104;0.00256;0.0029757440000000002;0.002936832;0.001586176;0.000674816;0.00090112;0.001774592;0.001854464;0.002886656;0.004337664;0.00787456;0.020563968000000002;0.023510015999999998;0.022870016;0.042748928;0.051030016000000004;0.040940544;0.038884352;0.038574080000000004;0.047748096;0.025495552;0.026559488000000003;0.022957056;0.016500736000000002;0.013572095999999999;0.015855616;0.016542719999999997;0.015553536;0.016120832;0.014872576;0.015172608;0.013385728000000001;0.011582464;0.012945408000000002;0.016691199999999996;0.011892736;0.01015296;0.005755904;0.0062648320000000006;0.004941824000000001;0.002945024;0.003375104;0.0032460799999999997;0.003500032;0.003690496;0.004464640000000001;0.0034242560000000005;0.001861632;0.001814528;0.0016384000000000001;0.00249856;0.002199552;0.001717248;0.001557504;0.00215552;0.001985536;0.001789952;0.0018155520000000002;0.0017489920000000002;0.0016220159999999998;0.001027072;0.0016179200000000001;0.0016097280000000002
1788941700,hdr,0.0293;0.03906;0.04883;0.05859;0.06836;0.07813;0.08789;0.09766;0.10742;0.11719;0.12695;0.13672;0.14648;0.15625;0.16602;0.17578;0.18555;0.19531;0.20508;0.21484;0.22461;0.23438;0.24414;0.25391;0.26367;0.27344;0.2832;0.29297;0.30273;0.3125;0.32227;0.33203;0.3418;0.35156;0.36133;0.37109;0.38086;0.39063;0.40039;0.41016;0.41992;0.42969;0.43945;0.44922;0.45898;0.46875;0.47852;0.48828;0.49805;0.50781;0.51758;0.52734;0.53711;0.54688;0.55664;0.56641;0.57617;0.58594;0.5957;0.60547;0.61523;0.625;0.63477;0.64453;0.6543;0.66406;0.67383;0.68359;0.69336;0.70313;0.71289;0.72266;0.73242;0.74219;0.75195;0.76172;0.77148;0.78125;0.79102,0.006041599999999999;0.009961471999999999;0.0059115520000000005;0.005856256000000001;0.008178688;0.008459264;0.011314175999999999;0.032758784;0.040068096;0.041381888;0.01106944;0.0023807999999999998;0.0016732160000000002;0.00160768;0.001544192;0.002250752;0.002306048;0.001521664;0.0022732800000000004;0.002111488;0.000979968;0.000526336;0.000852992;0.0018176000000000002;0.002523136;0.004059136;0.006730752;0.013326336;0.027893760000000004;0.046314496;0.054631424;0.08513536000000001;0.072648704;0.048667648;0.028978175999999998;0.027890688;0.026371072;0.029833216;0.026701823999999996;0.021151744000000004;0.014759936;0.013008896;0.01380864;0.015432704;0.016987136;0.00961536;0.010218495999999999;0.00802816;0.005169152;0.009766912;0.008531968000000001;0.005643264;0.004578304;0.006265856000000001;0.0045373440000000004;0.00634368;0.00414208;0.004448255999999999;0.003815424;0.0036608;0.0032583679999999998;0.001636352;0.001856512;0.0016179200000000001;0.002366464;0.001973248;0.001275904;0.001855488;0.0020490240000000004;0.00182272;0.002164736;0.001729536;0.001891328;0.001987584;0.0015667199999999997;0.001086464;0.001250304;0.0013608960000000001;0.000966656
1788942600,hdr,0.0293;0.03906;0.04883;0.05859;0.06836;0.07813;0.08789;0.09766;0.10742;0.11719;0.12695;0.13672;0.14648;0.15625;0.16602;0.17578;0.18555;0.19531;0.20508;0.21484;0.22461;0.23438;0.24414;0.25391;0.26367;0.27344;0.2832;0.29297;0.30273;0.3125;0.32227;0.33203;0.3418;0.35156;0.36133;0.37109;0.38086;0.39063;0.40039;0.41016;0.41992;0.42969;0.43945;0.44922;0.45898;0.46875;0.47852;0.48828;0.49805;0.50781;0.51758;0.52734;0.53711;0.54688;0.55664;0.56641;0.57617;0.58594;0.5957;0.60547;0.61523;0.625;0.63477;0.64453;0.6543;0.66406;0.67383;0.68359;0.69336;0.70313;0.71289;0.72266;0.73242;0.74219;0.75195;0.76172;0.77148;0.78125;0.79102,0.003187712;0.006839296;0.008641536;0.0029460479999999997;0.005584896;0.011240448;0.0177664;0.023134208000000003;0.037318656;0.028259328;0.010192895999999998;0.0024545279999999997;0.001309696;0.0018687999999999999;0.001830912;0.0014448640000000001;0.0011796480000000002;0.0011786239999999999;0.001359872;0.0013608960000000001;0.001030144;0.001155072;0.001436672;0.00246784;0.003492864;0.005971968000000001;0.009066496;0.014716928;0.028476416;0.040749056000000006;0.033846272;0.059369472;0.045789184000000004;0.036902912;0.024420352000000003;0.027409408;0.031673344;0.033222656;0.030891007999999998;0.025209856;0.016637951999999998;0.015263744000000001;0.021447679999999997;0.018338816;0.01161216;0.007965696;0.0052520959999999995;0.007861248;0.0068229119999999996;0.005482496;0.006417408;0.006094848;0.006242304;0.0063569920000000005;0.006005760000000001;0.0046745599999999995;0.005133312;0.003781632;0.0029757440000000002;0.003183616;0.0028948479999999998;0.003444736;0.0031559680000000003;0.002945024;0.002352128;0.001818624;0.001954816;0.0013117439999999999;0.001309696;0.001682432;0.001942528;0.001992704;0.001876992;0.0014376960000000002;0.0014499839999999999;0.001650688;0.0022272;0.002158592;0.0019824639999999998
1788943500,hdr,0.0293;0.03906;0.04883;0.05859;0.06836;0.07813;0.08789;0.09766;0.10742;0.11719;0.12695;0.13672;0.14648;0.15625;0.16602;0.17578;0.18555;0.19531;0.20508;0.21484;0.22461;0.23438;0.24414;0.25391;0.26367;0.27344;0.2832;0.29297;0.30273;0.3125;0.32227;0.33203;0.3418;0.35156;0.36133;0.37109;0.38086;0.39063;0.40039;0.41016;0.41992;0.42969;0.43945;0.44922;0.45898;0.46875;0.47852;0.48828;0.49805;0.50781;0.51758;0.52734;0.53711;0.54688;0.55664;0.56641;0.57617;0.58594;0.5957;0.60547;0.61523;0.625;0.63477;0.64453;0.6543;0.66406;0.67383;0.68359;0.69336;0.70313;0.71289;0.72266;0.73242;0.74219;0.75195;0.76172;0.77148;0.78125;0.79102,0.008111104;0.013156352000000001;0.007927808;0.004512768;0.005111808;0.002977792;0.011220992;0.037085184;0.053915648;0.034886656;0.010175488;0.003341312;0.0024340480000000003;0.001990656;0.001503232;0.0018442240000000002;0.002818048;0.001856512;0.001015808;0.001301504;0.0016977919999999998;0.001467392;0.0019476480000000002;0.002658304;0.0036474880000000004;0.005933056;0.008049664;0.020862976;0.022990847999999998;0.025120768;0.04972134400000001;0.052669440000000005;0.037170176;0.028952576;0.041396223999999995;0.045380608;0.037526527999999996;0.026843136000000004;0.025360384;0.016632832000000004;0.01285632;0.009868288000000001;0.012732416000000002;0.013553663999999998;0.009253887999999998;0.006672384;0.008808448;0.009949184000000002;0.0065187840000000006;0.005718016;0.00646144;0.005746688;0.006012928;0.00512;0.00525312;0.0051968;0.006967296;0.005737472;0.004422656;0.003748864;0.002944;0.0031098880000000003;0.0040396799999999995;0.003468288;0.0037836799999999998;0.003957759999999999;0.002353152;0.002082816;0.00231936;0.002151424;0.0019128320000000002;0.0017930239999999998;0.001096704;0.001201152;0.001199104;0.0009605120000000001;0.000643072;0.001293312;0.001931264
1788944400,hdr,0.0293;0.03906;0.04883;0.05859;0.06836;0.07813;0.08789;0.09766;0.10742;0.11719;0.12695;0.13672;0.14648;0.15625;0.16602;0.17578;0.18555;0.19531;0.20508;0.21484;0.22461;0.23438;0.24414;0.25391;0.26367;0.27344;0.2832;0.29297;0.30273;0.3125;0.32227;0.33203;0.3418;0.35156;0.36133;0.37109;0.38086;0.39063;0.40039;0.41016;0.41992;0.42969;0.43945;0.44922;0.45898;0.46875;0.47852;0.48828;0.49805;0.50781;0.51758;0.52734;0.53711;0.54688;0.55664;0.56641;0.57617;0.58594;0.5957;0.60547;0.61523;0.625;0.63477;0.64453;0.6543;0.66406;0.67383;0.68359;0.69336;0.70313;0.71289;0.72266;0.73242;0.74219;0.75195;0.76172;0.77148;0.78125;0.79102,0.001905664;0.004337664;0.00230912;0.0031979519999999996;0.004430848;0.005808128;0.01041408;0.021757952;0.026992640000000002;0.028739584;0.014109696;0.00481792;0.0019046400000000002;0.0020357120000000003;0.001248256;0.002052096;0.002336768;0.001529856;0.001502208;0.000999424;0.001074176;0.001325056;0.001480704;0.001442816;0.003951616;0.006802432;0.016060416;0.020543488000000002;0.026910720000000003;0.027334656;0.030675968;0.03710976;0.03359232;0.02933248;0.025040896;0.031679488;0.027527167999999998;0.022094847999999997;0.015099904;0.01378304;0.020722688000000003;0.019670016;0.01189888;0.010889215999999998;0.01498112;0.010273791999999999;0.0075970560000000005;0.008579072;0.006219776000000001;0.008145920000000001;0.006336512;0.007088128000000001;0.004796416;0.00530944;0.0071045119999999995;0.008111104;0.00503296;0.0049285119999999995;0.004171776000000001;0.005358592;0.004363264;0.003165184;0.004668415999999999;0.0052224;0.0034713599999999997;0.002081792;0.0024391680000000002;0.003707904;0.0038881280000000002;0.0023807999999999998;0.001757184;0.00300032;0.00300032;0.00133632;0.001071104;0.001086464;0.0010833919999999999;0.0011407359999999998;0.0011048960000000002
1788945300,hdr,0.0293;0.03906;0.04883;0.05859;0.06836;0.07813;0.08789;0.09766;0.10742;0.11719;0.12695;0.13672;0.14648;0.15625;0.16602;0.17578;0.18555;0.19531;0.20508;0.21484;0.22461;0.23438;0.24414;0.25391;0.26367;0.27344;0.2832;0.29297;0.30273;0.3125;0.32227;0.33203;0.3418;0.35156;0.36133;0.37109;0.38086;0.39063;0.40039;0.41016;0.41992;0.42969;0.43945;0.44922;0.45898;0.46875;0.47852;0.48828;0.49805;0.50781;0.51758;0.52734;0.53711;0.54688;0.55664;0.56641;0.57617;0.58594;0.5957;0.60547;0.61523;0.625;0.63477;0.64453;0.6543;0.66406;0.67383;0.68359;0.69336;0.70313;0.71289;0.72266;0.73242;0.74219;0.75195;0.76172;0.77148;0.78125;0.79102,0.001000448;0.0031897600000000003;0.0037847040000000003;0.00344576;0.001905664;0.0030289920000000003;0.009961471999999999;0.02863616;0.05125222399999999;0.023819264;0.008582144;0.00597504;0.00231424;0.001536;0.001292288;0.001380352;0.0015472639999999998;0.0017725439999999998;0.001964032;0.0018810880000000002;0.001221632;0.000917504;0.0020244480000000003;0.003984384;0.004508671999999999;0.012095488;0.008889343999999999;0.015275008;0.03708928;0.022945792;0.018580480000000003;0.020759552;0.025950208;0.032729087999999996;0.03336704;0.026213376;0.022773759999999997;0.018161663999999998;0.015316992;0.016587776000000002;0.023064575999999996;0.011449343999999998;0.008011775999999998;0.011163648000000002;0.010683392;0.011588608;0.007345152;0.005748736;0.009268224;0.009593856;0.008142848000000001;0.008400895999999998;0.007465983999999999;0.005410816;0.00431104;0.00342016;0.004799488;0.0038420480000000003;0.004061184;0.003980288;0.004488192;0.004099072;0.004447232;0.002692096;0.0034990079999999996;0.004448255999999999;0.0036014080000000004;0.00199168;0.001893376;0.003059712;0.001839104;0.001071104;0.001048576;0.0019937279999999997;0.0022712319999999998;0.001875968;0.00206848;0.0023807999999999998;0.001647616
1788946200,hdr,0.0293;0.03906;0.04883;0.05859;0.06836;0.07813;0.08789;0.09766;0.10742;0.11719;0.12695;0.13672;0.14648;0.15625;0.16602;0.17578;0.18555;0.19531;0.20508;0.21484;0.22461;0.23438;0.24414;0.25391;0.26367;0.27344;0.2832;0.29297;0.30273;0.3125;0.32227;0.33203;0.3418;0.35156;0.36133;0.37109;0.38086;0.39063;0.40039;0.41016;0.41992;0.42969;0.43945;0.44922;0.45898;0.46875;0.47852;0.48828;0.49805;0.50781;0.51758;0.52734;0.53711;0.54688;0.55664;0.56641;0.57617;0.58594;0.5957;0.60547;0.61523;0.625;0.63477;0.64453;0.6543;0.66406;0.67383;0.68359;0.69336;0.70313;0.71289;0.72266;0.73242;0.74219;0.75195;0.76172;0.77148;0.78125;0.79102,0.0027115520000000003;0.009499648000000001;0.010534912;0.00419328;0.006629375999999999;0.006945792;0.014615552;0.020456448;0.017138688;0.025903104;0.015763456;0.00400896;0.002506752;0.001103872;0.001181696;0.000786432;0.001226752;0.001948672;0.002276352;0.001741824;0.0013864959999999999;0.001700864;0.002563072;0.004312064;0.006124544;0.012557312;0.020399104000000005;0.021841919999999997;0.046395392;0.059558912;0.067221504;0.049693696;0.026313728;0.025153536;0.020932607999999995;0.020934656;0.023728128;0.018622464;0.01056256;0.012704768;0.016364543999999998;0.011636736;0.010667008;0.010358784;0.008961024;0.011935743999999998;0.011077632;0.007655424;0.009315328;0.005392384;0.005880831999999999;0.00689152;0.005118976;0.00534016;0.005477375999999999;0.0074823680000000005;0.006163456;0.006371328000000001;0.005737472;0.003765248;0.005051392;0.0046970879999999994;0.00461312;0.003264512;0.00272384;0.002850816;0.0025958400000000003;0.00309248;0.002967552;0.002546688;0.0022425599999999998;0.001250304;0.0009205759999999999;0.0009768959999999999;0.001654784;0.002070528;0.002204672;0.001805312;0.001649664
1788947100,hdr,0.0293;0.03906;0.04883;0.05859;0.06836;0.07813;0.08789;0.09766;0.10742;0.11719;0.12695;0.13672;0.14648;0.15625;0.16602;0.17578;0.18555;0.19531;0.20508;0.21484;0.22461;0.23438;0.24414;0.25391;0.26367;0.27344;0.2832;0.29297;0.30273;0.3125;0.32227;0.33203;0.3418;0.35156;0.36133;0.37109;0.38086;0.39063;0.40039;0.41016;0.41992;0.42969;0.43945;0.44922;0.45898;0.46875;0.47852;0.48828;0.49805;0.50781;0.51758;0.52734;0.53711;0.54688;0.55664;0.56641;0.57617;0.58594;0.5957;0.60547;0.61523;0.625;0.63477;0.64453;0.6543;0.66406;0.67383;0.68359;0.69336;0.70313;0.71289;0.72266;0.73242;0.74219;0.75195;0.76172;0.77148;0.78125;0.79102,0.001840128;0.0021913600000000003;0.003349504;0.00059904;0.0018974719999999999;0.0055531520000000004;0.012704768;0.025644032;0.022862847999999998;0.024846336;0.016257024000000002;0.0058316800000000005;0.0014714879999999997;0.0010680320000000002;0.00175104;0.00157184;0.001680384;0.001731584;0.0015984640000000002;0.001938432;0.002033664;0.0011007999999999999;0.001601536;0.002601984;0.0058316800000000005;0.018224128;0.024177664;0.021827584000000004;0.029849599999999997;0.06545408;0.06963712;0.039805952;0.034342911999999996;0.03537408;0.026088448;0.029448191999999998;0.027201536;0.015211520000000001;0.010870784;0.007543808;0.01513984;0.018158591999999998;0.014743552;0.01613312;0.010261504000000001;0.011543552;0.015481856;0.016208896;0.007254015999999999;0.007261184;0.005866496;0.005699584;0.01127936;0.007566335999999999;0.006009856;0.004842496;0.006652928;0.006080512;0.004240384;0.0044206079999999995;0.004768768;0.004389888;0.0027822079999999996;0.00393728;0.004164608;0.003018752;0.002939904;0.0038062079999999997;0.002989056;0.002031616;0.002105344;0.001826816;0.001298432;0.001758208;0.002215936;0.001975296;0.002705408;0.00256;0.0011601919999999998
1788948000,hdr,0.0293;0.03906;0.04883;0.05859;0.06836;0.07813;0.08789;0.09766;0.10742;0.11719;0.12695;0.13672;0.14648;0.15625;0.16602;0.17578;0.18555;0.19531;0.20508;0.21484;0.22461;0.23438;0.24414;0.25391;0.26367;0.27344;0.2832;0.29297;0.30273;0.3125;0.32227;0.33203;0.3418;0.35156;0.36133;0.37109;0.38086;0.39063;0.40039;0.41016;0.41992;0.42969;0.43945;0.44922;0.45898;0.46875;0.47852;0.48828;0.49805;0.50781;0.51758;0.52734;0.53711;0.54688;0.55664;0.56641;0.57617;0.58594;0.5957;0.60547;0.61523;0.625;0.63477;0.64453;0.6543;0.66406;0.67383;0.68359;0.69336;0.70313;0.71289;0.72266;0.73242;0.74219;0.75195;0.76172;0.77148;0.78125;0.79102,2.3552e-05;0.003067904;0.006213631999999999;0.002722816;0.00726016;0.004702207999999999;0.009938944;0.025981952000000003;0.020054016;0.018998272;0.01339392;0.005491711999999999;0.001040384;0.000765952;0.00032870400000000003;0.00100352;0.001472512;0.001604608;0.001639424;0.001404928;0.0011417600000000001;0.0015667199999999997;0.002806784;0.00516096;0.008009728;0.019566592;0.02852352;0.035555328000000004;0.07077273599999999;0.085403648;0.063981568;0.052267008;0.050271232;0.036120576;0.026580991999999998;0.02362368;0.022127616;0.022495232;0.018441216;0.020471808;0.017897472;0.016631808;0.016109567999999998;0.013980672000000001;0.009699328;0.0063795200000000005;0.009582592000000001;0.010698752;0.008406015999999999;0.010940416000000001;0.011383808;0.006968320000000001;0.003355648;0.005767168;0.008157184000000001;0.0058316800000000005;0.004005887999999999;0.0032133120000000003;0.006063104000000001;0.004383743999999999;0.0026347520000000006;0.005132288;0.006077440000000001;0.005444607999999999;0.003160064;0.0031897600000000003;0.0033146879999999997;0.002226176;0.001942528;0.0019128320000000002;0.001778688;0.002172928;0.00143872;0.002086912;0.0031354879999999996;0.002924544;0.001789952;0.0015687680000000001;0.0011909120000000001
1788948900,hdr,0.0293;0.03906;0.04883;0.05859;0.06836;0.07813;0.08789;0.09766;0.10742;0.11719;0.12695;0.13672;0.14648;0.15625;0.16602;0.17578;0.18555;0.19531;0.20508;0.21484;0.22461;0.23438;0.24414;0.25391;0.26367;0.27344;0.2832;0.29297;0.30273;0.3125;0.32227;0.33203;0.3418;0.35156;0.36133;0.37109;0.38086;0.39063;0.40039;0.41016;0.41992;0.42969;0.43945;0.44922;0.45898;0.46875;0.47852;0.48828;0.49805;0.50781;0.51758;0.52734;0.53711;0.54688;0.55664;0.56641;0.57617;0.58594;0.5957;0.60547;0.61523;0.625;0.63477;0.64453;0.6543;0.66406;0.67383;0.68359;0.69336;0.70313;0.71289;0.72266;0.73242;0.74219;0.75195;0.76172;0.77148;0.78125;0.79102,0.002656256;0.003781632;0.0040642560000000005;0.004456448;0.003621888;0.004615167999999999;0.016574464;0.025650176;0.019569664;0.01619456;0.009706495999999998;0.004698112;0.0022323200000000003;0.0009768959999999999;0.0009318400000000001;0.0017192959999999997;0.0017663999999999998;0.00134144;0.001680384;0.0017807360000000002;0.001074176;0.001329152;0.00339456;0.004097024;0.007809024;0.02331136;0.043445248;0.095517696;0.142789632;0.108181504;0.129610752;0.075227136;0.067864576;0.042607616;0.033360895999999994;0.044689408;0.028076032000000004;0.019655680000000002;0.023389184;0.02754048;0.024795136;0.020024319999999998;0.011892736;0.015478783999999999;0.015772672;0.016543744;0.01318912;0.014240768000000001;0.009120768;0.010643456;0.015548415999999999;0.008843264;0.00610304;0.006537216;0.005363712;0.010590208;0.007000064;0.005592063999999999;0.0061808639999999995;0.005269504000000001;0.0057026559999999995;0.005927936;0.005953536;0.0045823999999999995;0.004550656;0.004651008;0.0031488;0.002638848;0.0033679359999999998;0.00273408;0.0009605120000000001;0.001757184;0.0022855680000000004;0.00194048;0.0020121600000000003;0.001662976;0.001523712;0.0015964160000000002;0.001934336
1788949800,hdr,0.0293;0.03906;0.04883;0.05859;0.06836;0.07813;0.08789;0.09766;0.10742;0.11719;0.12695;0.13672;0.14648;0.15625;0.16602;0.17578;0.18555;0.19531;0.20508;0.21484;0.22461;0.23438;0.24414;0.25391;0.26367;0.27344;0.2832;0.29297;0.30273;0.3125;0.32227;0.33203;0.3418;0.35156;0.36133;0.37109;0.38086;0.39063;0.40039;0.41016;0.41992;0.42969;0.43945;0.44922;0.45898;0.46875;0.47852;0.48828;0.49805;0.50781;0.51758;0.52734;0.53711;0.54688;0.55664;0.56641;0.57617;0.58594;0.5957;0.60547;0.61523;0.625;0.63477;0.64453;0.6543;0.66406;0.67383;0.68359;0.69336;0.70313;0.71289;0.72266;0.73242;0.74219;0.75195;0.76172;0.77148;0.78125;0.79102,0.000984064;0.0034795520000000003;0.006458368000000001;0.009460736;0.00640512;0.00482816;0.010819584;0.032251904000000005;0.025630720000000003;0.0161792;0.007335936;0.0037601279999999997;0.001968128;0.001405952;0.000809984;0.001467392;0.001333248;0.001067008;0.001373184;0.001933312;0.003236864;0.004165632;0.005142528;0.0067952640000000005;0.016009216;0.037466112;0.068512768;0.111246336;0.154760192;0.138175488;0.11630796800000001;0.086811648;0.05503488;0.06247424000000001;0.086171648;0.0634112;0.03206656;0.02397696;0.03504128;0.020307967999999996;0.02216448;0.0260608;0.0288;0.017895424;0.025274368;0.025376768;0.016567296;0.023118847999999997;0.02151424;0.024705024000000003;0.01987584;0.011321343999999999;0.008873984;0.007591936;0.009565184000000001;0.009355263999999999;0.008966144;0.007839744;0.005579776;0.00370176;0.003575808;0.00418304;0.005669888;0.0071424;0.005492736;0.0035583999999999998;0.0029122560000000002;0.00274944;0.004204544;0.004263936;0.0042496;0.004015104;0.003376128;0.00170496;0.001876992;0.0015493120000000002;0.002089984;0.0024002560000000004;0.0020582400000000002
1788950700,hdr,0.0293;0.03906;0.04883;0.05859;0.06836;0.07813;0.08789;0.09766;0.10742;0.11719;0.12695;0.13672;0.14648;0.15625;0.16602;0.17578;0.18555;0.19531;0.20508;0.21484;0.22461;0.23438;0.24414;0.25391;0.26367;0.27344;0.2832;0.29297;0.30273;0.3125;0.32227;0.33203;0.3418;0.35156;0.36133;0.37109;0.38086;0.39063;0.40039;0.41016;0.41992;0.42969;0.43945;0.44922;0.45898;0.46875;0.47852;0.48828;0.49805;0.50781;0.51758;0.52734;0.53711;0.54688;0.55664;0.56641;0.57617;0.58594;0.5957;0.60547;0.61523;0.625;0.63477;0.64453;0.6543;0.66406;0.67383;0.68359;0.69336;0.70313;0.71289;0.72266;0.73242;0.74219;0.75195;0.76172;0.77148;0.78125;0.79102,0.0063774719999999995;0.006106112;0.0026398719999999997;0.000516096;0.0012728319999999998;0.006007808;0.013666304;0.01948672;0.016207871999999998;0.013018112000000002;0.016827392;0.008594431999999999;0.003423232;0.0022323200000000003;0.001840128;0.0020490240000000004;0.001901568;0.002011136;0.0018012159999999998;0.0028672;0.00459264;0.00695296;0.007918592;0.01171968;0.0445696;0.10799104;0.10387763200000001;0.10471936;0.115574784;0.09326182400000001;0.09851904;0.0893952;0.048987136;0.04259328;0.042985472000000004;0.049555456;0.0353792;0.040927231999999994;0.048416768;0.040956928;0.041363456;0.031720448;0.01909248;0.029264896000000002;0.035362816;0.030956544000000003;0.019974144;0.014976;0.014896127999999998;0.017486848;0.015929344;0.015468543999999999;0.012644352;0.011296768;0.00819712;0.009228288;0.008731648;0.007908352;0.00800768;0.008032256;0.0061808639999999995;0.008073216000000001;0.008052736;0.0061409279999999995;0.005865472;0.0034109440000000004;0.00408576;0.004636672;0.0034959360000000003;0.004846592;0.0037918720000000004;0.0027381760000000006;0.00257024;0.00222208;0.003167232;0.002405376;0.0013352960000000001;0.001138688;0.001409024
1788951600,hdr,0.0293;0.03906;0.04883;0.05859;0.06836;0.07813;0.08789;0.09766;0.10742;0.11719;0.12695;0.13672;0.14648;0.15625;0.16602;0.17578;0.18555;0.19531;0.20508;0.21484;0.22461;0.23438;0.24414;0.25391;0.26367;0.27344;0.2832;0.29297;0.30273;0.3125;0.32227;0.33203;0.3418;0.35156;0.36133;0.37109;0.38086;0.39063;0.40039;0.41016;0.41992;0.42969;0.43945;0.44922;0.45898;0.46875;0.47852;0.48828;0.49805;0.50781;0.51758;0.52734;0.53711;0.54688;0.55664;0.56641;0.57617;0.58594;0.5957;0.60547;0.61523;0.625;0.63477;0.64453;0.6543;0.66406;0.67383;0.68359;0.69336;0.70313;0.71289;0.72266;0.73242;0.74219;0.75195;0.76172;0.77148;0.78125;0.79102,0.004173824;0.0044605439999999994;0.005567488000000001;0.003212288;0.0036157439999999997;0.01033216;0.01931264;0.024612863999999998;0.011143168;0.008442880000000002;0.009847808000000001;0.005268480000000001;0.002932736;0.0026777600000000004;0.0016097280000000002;0.001799168;0.0015452159999999999;0.0013260799999999999;0.001600512;0.002225152;0.004499456;0.008882176;0.011866112;0.022503423999999998;0.06971187200000001;0.103689216;0.16997888;0.209480704;0.308125696;0.205892608;0.132261888;0.10533888000000001;0.052112384;0.04164198400000001;0.02229248;0.036818944000000006;0.037396479999999996;0.031476736;0.034927616;0.032671743999999996;0.031772672;0.02244096;0.0192512;0.023605248;0.029119488000000002;0.022610944;0.014763008;0.016475135999999998;0.012370944;0.016546816;0.014690304;0.013056;0.010635263999999998;0.014081024;0.012265472000000001;0.00732672;0.0067082240000000005;0.006201344;0.009947136;0.0092416;0.008515584000000001;0.006638592;0.009165824000000001;0.0076288;0.006508544;0.0061829120000000005;0.005337087999999999;0.002865152;0.003043328;0.002671616;0.002571264;0.00317952;0.0031887359999999997;0.003641344;0.0042936319999999995;0.002778112;0.0025405440000000005;0.0021524480000000004;0.0015452159999999999
1788952500,hdr,0.0293;0.03906;0.04883;0.05859;0.06836;0.07813;0.08789;0.09766;0.10742;0.11719;0.12695;0.13672;0.14648;0.15625;0.16602;0.17578;0.18555;0.19531;0.20508;0.21484;0.22461;0.23438;0.24414;0.25391;0.26367;0.27344;0.2832;0.29297;0.30273;0.3125;0.32227;0.33203;0.3418;0.35156;0.36133;0.37109;0.38086;0.39063;0.40039;0.41016;0.41992;0.42969;0.43945;0.44922;0.45898;0.46875;0.47852;0.48828;0.49805;0.50781;0.51758;0.52734;0.53711;0.54688;0.55664;0.56641;0.57617;0.58594;0.5957;0.60547;0.61523;0.625;0.63477;0.64453;0.6543;0.66406;0.67383;0.68359;0.69336;0.70313;0.71289;0.72266;0.73242;0.74219;0.75195;0.76172;0.77148;0.78125;0.79102,0.001676288;0.002048;0.000274432;0.0005601279999999999;0.004346879999999999;0.009488384;0.015839232;0.020127744;0.021665792;0.01509376;0.013533184000000002;0.014582784;0.004683776;0.001741824;0.0015103999999999999;0.001461248;0.001309696;0.001874944;0.001944576;0.00342016;0.007156736000000001;0.013733888000000001;0.02816;0.061321216;0.08876851200000001;0.159091712;0.15020032;0.14947123199999998;0.154735616;0.15785062400000002;0.10169753599999999;0.074873856;0.07674368;0.051007488000000004;0.04001075199999999;0.020924416;0.035873792;0.029520896;0.024443904;0.02746368;0.028327936;0.020219904;0.016212992;0.018415616000000003;0.009836544;0.008434688000000001;0.011470848;0.010224640000000002;0.011920384;0.010050560000000002;0.010595328;0.010850304;0.011091967999999999;0.008713216;0.008503296;0.008517632;0.005152768;0.0065587200000000005;0.008411136;0.006675455999999999;0.006126591999999999;0.005743616;0.005773312;0.003928064;0.004169728;0.005110783999999999;0.004040704;0.004207616;0.004740096;0.0046049279999999995;0.003231744;0.0039895040000000005;0.004783103999999999;0.0047790079999999995;0.0044922880000000005;0.004107264;0.003529728;0.00216576;0.0028057599999999996
1788953400,hdr,0.0293;0.03906;0.04883;0.05859;0.06836;0.07813;0.08789;0.09766;0.10742;0.11719;0.12695;0.13672;0.14648;0.15625;0.16602;0.17578;0.18555;0.19531;0.20508;0.21484;0.22461;0.23438;0.24414;0.25391;0.26367;0.27344;0.2832;0.29297;0.30273;0.3125;0.32227;0.33203;0.3418;0.35156;0.36133;0.37109;0.38086;0.39063;0.40039;0.41016;0.41992;0.42969;0.43945;0.44922;0.45898;0.46875;0.47852;0.48828;0.49805;0.50781;0.51758;0.52734;0.53711;0.54688;0.55664;0.56641;0.57617;0.58594;0.5957;0.60547;0.61523;0.625;0.63477;0.64453;0.6543;0.66406;0.67383;0.68359;0.69336;0.70313;0.71289;0.72266;0.73242;0.74219;0.75195;0.76172;0.77148;0.78125;0.79102,0.00207872;0.0038430719999999995;0.00406016;0.003088384;0.0028436480000000003;0.003191808;0.019364864000000002;0.024503295999999997;0.014997503999999998;0.011353087999999999;0.020286464;0.019048448;0.007088128000000001;0.0024064;0.001544192;0.001376256;0.0016230399999999999;0.001512448;0.0018012159999999998;0.004043776000000001;0.008471552000000002;0.009653248;0.03746304;0.124545024;0.18436608000000002;0.198601728;0.24627507199999998;0.234236928;0.172151808;0.15966208;0.08366796800000001;0.071409664;0.067745792;0.060196864;0.053646335999999996;0.037187584;0.041125888000000006;0.041334784;0.045185024;0.035667968;0.021190656;0.022282240000000002;0.0204288;0.017985536;0.014604288;0.012619776;0.014780416000000001;0.010044415999999999;0.015668224;0.012210176000000001;0.009307136;0.010403840000000001;0.008962047999999999;0.0079872;0.009469951999999998;0.007452672;0.007057407999999999;0.005211136;0.006791167999999999;0.006424576;0.006628352;0.006486016000000001;0.00525824;0.0033873920000000004;0.003026944;0.00467968;0.004658176;0.0037765119999999997;0.003419136;0.003385344;0.0037765119999999997;0.002627584;0.0028426239999999998;0.002505728;0.00353792;0.00330752;0.002494464;0.002837504;0.00329728
1788954300,hdr,0.0293;0.03906;0.04883;0.05859;0.06836;0.07813;0.08789;0.09766;0.10742;0.11719;0.12695;0.13672;0.14648;0.15625;0.16602;0.17578;0.18555;0.19531;0.20508;0.21484;0.22461;0.23438;0.24414;0.25391;0.26367;0.27344;0.2832;0.29297;0.30273;0.3125;0.32227;0.33203;0.3418;0.35156;0.36133;0.37109;0.38086;0.39063;0.40039;0.41016;0.41992;0.42969;0.43945;0.44922;0.45898;0.46875;0.47852;0.48828;0.49805;0.50781;0.51758;0.52734;0.53711;0.54688;0.55664;0.56641;0.57617;0.58594;0.5957;0.60547;0.61523;0.625;0.63477;0.64453;0.6543;0.66406;0.67383;0.68359;0.69336;0.70313;0.71289;0.72266;0.73242;0.74219;0.75195;0.76172;0.77148;0.78125;0.79102,0.0048783360000000005;0.005383168000000001;0.005448704;0.003129344;0.0035696639999999997;0.011639808000000001;0.016600063999999998;0.017272832000000002;0.013448192000000001;0.009870335999999999;0.009709568000000002;0.01212928;0.006437888;0.002004992;0.0018483199999999999;0.0013312;0.00175104;0.002269184;0.002277376;0.005357567999999999;0.010373120000000001;0.023817215999999995;0.042142719999999995;0.1029376;0.107012096;0.19570176;0.156843008;0.102946816;0.120740864;0.083969024;0.06904832000000001;0.036165632;0.04839526399999999;0.054617088;0.030691327999999997;0.038987775999999995;0.024851455999999997;0.023025664;0.025839616;0.017285119999999998;0.013320192000000002;0.010452992;0.009228288;0.011969536;0.012839936;0.011561984;0.019156991999999998;0.021548031999999998;0.009847808000000001;0.007942144;0.007411711999999999;0.00832512;0.008217599999999999;0.008897536;0.0077189120000000005;0.006504448;0.005189632;0.00405504;0.006126591999999999;0.0069621760000000005;0.0048762879999999995;0.004350976;0.0032133120000000003;0.004990975999999999;0.0034959360000000003;0.0029982719999999997;0.0032296959999999998;0.004934656;0.003693568;0.0033802240000000002;0.0023930880000000002;0.0020910079999999997;0.0018155520000000002;0.0023132160000000003;0.0027648;0.00246272;0.0018923520000000001;0.002080768;0.00134144
1788955200,hdr,0.0293;0.03906;0.04883;0.05859;0.06836;0.07813;0.08789;0.09766;0.10742;0.11719;0.12695;0.13672;0.14648;0.15625;0.16602;0.17578;0.18555;0.19531;0.20508;0.21484;0.22461;0.23438;0.24414;0.25391;0.26367;0.27344;0.2832;0.29297;0.30273;0.3125;0.32227;0.33203;0.3418;0.35156;0.36133;0.37109;0.38086;0.39063;0.40039;0.41016;0.41992;0.42969;0.43945;0.44922;0.45898;0.46875;0.47852;0.48828;0.49805;0.50781;0.51758;0.52734;0.53711;0.54688;0.55664;0.56641;0.57617;0.58594;0.5957;0.60547;0.61523;0.625;0.63477;0.64453;0.6543;0.66406;0.67383;0.68359;0.69336;0.70313;0.71289;0.72266;0.73242;0.74219;0.75195;0.76172;0.77148;0.78125;0.79102,0.00285184;0.008936448;0.010055680000000001;0.00472064;0.004889599999999999;0.005057536;0.012061696;0.012191744000000001;0.009437184000000001;0.010119168;0.011570176;0.011506688;0.006900736;0.004356095999999999;0.002241536;0.001508352;0.0015769599999999999;0.002286592;0.0025405440000000005;0.0033832960000000005;0.004508671999999999;0.011971584;0.03042816;0.08736460800000001;0.10923008000000001;0.149481472;0.176939008;0.16407552000000003;0.11938816000000001;0.102486016;0.104006656;0.088384512;0.078148608;0.07604838400000001;0.0448256;0.0273664;0.018703360000000002;0.028754944;0.027091968;0.021842944;0.015622144000000001;0.013655039999999998;0.019944448;0.026734592;0.021146624;0.014572544;0.008189952;0.008978432;0.00931328;0.006953984000000001;0.009703424;0.009298944000000002;0.009509888000000001;0.008392703999999999;0.0067553280000000005;0.009468928;0.009790464;0.006478848;0.004743168;0.005627904;0.00538112;0.005213184;0.003168256;0.0027269119999999997;0.002863104;0.004916224;0.004105216;0.002617344;0.002783232;0.003567616;0.002911232;0.0035205120000000004;0.00277504;0.002076672;0.00233984;0.0019937279999999997;0.0022476799999999997;0.003013632;0.0028600319999999998
1788956100,hdr,0.0293;0.03906;0.04883;0.05859;0.06836;0.07813;0.08789;0.09766;0.10742;0.11719;0.12695;0.13672;0.14648;0.15625;0.16602;0.17578;0.18555;0.19531;0.20508;0.21484;0.22461;0.23438;0.24414;0.25391;0.26367;0.27344;0.2832;0.29297;0.30273;0.3125;0.32227;0.33203;0.3418;0.35156;0.36133;0.37109;0.38086;0.39063;0.40039;0.41016;0.41992;0.42969;0.43945;0.44922;0.45898;0.46875;0.47852;0.48828;0.49805;0.50781;0.51758;0.52734;0.53711;0.54688;0.55664;0.56641;0.57617;0.58594;0.5957;0.60547;0.61523;0.625;0.63477;0.64453;0.6543;0.66406;0.67383;0.68359;0.69336;0.70313;0.71289;0.72266;0.73242;0.74219;0.75195;0.76172;0.77148;0.78125;0.79102,0.000933888;0.002514944;0.006467584000000001;0.009550848;0.002837504;0.0034611200000000003;0.012561408;0.024829952;0.022111232;0.017550336000000003;0.016647168;0.009857023999999999;0.006727680000000001;0.005839871999999999;0.0028989440000000005;0.0011704320000000001;0.0012666880000000002;0.001420288;0.0014530559999999999;0.0039321600000000005;0.01300992;0.024482815999999998;0.046605311999999996;0.055873536;0.08668672;0.104399872;0.11239116799999999;0.154656768;0.123537408;0.087897088;0.05992448;0.06137856;0.067016704;0.054818816;0.06442700800000001;0.041776127999999996;0.021080064;0.01851392;0.016;0.012008448;0.017289216;0.014994431999999999;0.017253376;0.014372863999999999;0.015736832;0.014013439999999999;0.006838272;0.004413439999999999;0.007747584;0.01079808;0.006082560000000001;0.0068454399999999995;0.008036352;0.006426624000000001;0.005471232;0.003831808;0.007986176000000001;0.007706624;0.006964224;0.004233216;0.003295232;0.002578432;0.00363008;0.0042905600000000006;0.002587648;0.002460672;0.00239104;0.001989632;0.001992704;0.001501184;0.0012185600000000003;0.0020592640000000003;0.001882112;0.0020357120000000003;0.002425856;0.0019712;0.0011776;0.0009482239999999999;0.000985088
1788957000,hdr,0.0293;0.03906;0.04883;0.05859;0.06836;0.07813;0.08789;0.09766;0.10742;0.11719;0.12695;0.13672;0.14648;0.15625;0.16602;0.17578;0.18555;0.19531;0.20508;0.21484;0.22461;0.23438;0.24414;0.25391;0.26367;0.27344;0.2832;0.29297;0.30273;0.3125;0.32227;0.33203;0.3418;0.35156;0.36133;0.37109;0.38086;0.39063;0.40039;0.41016;0.41992;0.42969;0.43945;0.44922;0.45898;0.46875;0.47852;0.48828;0.49805;0.50781;0.51758;0.52734;0.53711;0.54688;0.55664;0.56641;0.57617;0.58594;0.5957;0.60547;0.61523;0.625;0.63477;0.64453;0.6543;0.66406;0.67383;0.68359;0.69336;0.70313;0.71289;0.72266;0.73242;0.74219;0.75195;0.76172;0.77148;0.78125;0.79102,0.002269184;0.00510976;0.006278144;0.003254272;0.004883456;0.004738048;0.023130112;0.025286655999999998;0.016205824;0.018316288;0.011466752;0.009068544;0.004653056000000001;0.00338944;0.0032583679999999998;0.002092032;0.001284096;0.001529856;0.003740672;0.006807552000000001;0.011766783999999999;0.017898496000000003;0.05226496;0.08966655999999999;0.171368448;0.22125670400000003;0.16986112;0.160439296;0.104532992;0.07498752;0.10522112;0.053641216;0.032797696;0.032717824;0.032982016;0.032661504;0.02775552;0.019897344;0.011034624000000002;0.0170496;0.024024063999999998;0.020202496;0.02265088;0.013939712;0.013389824;0.01178624;0.007914496;0.006105088000000001;0.007968768;0.009872384;0.009576447999999998;0.005833728;0.006910975999999999;0.0057446400000000005;0.005578751999999999;0.0037990400000000005;0.003703808;0.0028395519999999995;0.0038717440000000003;0.00347648;0.0028948479999999998;0.003557376;0.00327168;0.003462144;0.0021248;0.0025825279999999997;0.002767872;0.002500608;0.003288064;0.002691072;0.0024002560000000004;0.001938432;0.001911808;0.001833984;0.00200704;0.0022302719999999997;0.002164736;0.0027279360000000002;0.0019394560000000002
1788957900,hdr,0.0293;0.03906;0.04883;0.05859;0.06836;0.07813;0.08789;0.09766;0.10742;0.11719;0.12695;0.13672;0.14648;0.15625;0.16602;0.17578;0.18555;0.19531;0.20508;0.21484;0.22461;0.23438;0.24414;0.25391;0.26367;0.27344;0.2832;0.29297;0.30273;0.3125;0.32227;0.33203;0.3418;0.35156;0.36133;0.37109;0.38086;0.39063;0.40039;0.41016;0.41992;0.42969;0.43945;0.44922;0.45898;0.46875;0.47852;0.48828;0.49805;0.50781;0.51758;0.52734;0.53711;0.54688;0.55664;0.56641;0.57617;0.58594;0.5957;0.60547;0.61523;0.625;0.63477;0.64453;0.6543;0.66406;0.67383;0.68359;0.69336;0.70313;0.71289;0.72266;0.73242;0.74219;0.75195;0.76172;0.77148;0.78125;0.79102,0.00136704;0.004239359999999999;0.004100095999999999;0.0030207999999999997;0.003357696;0.0066713599999999994;0.011747328;0.010423296;0.010945536;0.01084416;0.010655744;0.013767680000000001;0.008340479999999999;0.004463616;0.0023050239999999997;0.00178688;0.001601536;0.001806336;0.0026900479999999996;0.0038461439999999997;0.006591488;0.016641024;0.053796864;0.080237568;0.125996032;0.227546112;0.268913664;0.149682176;0.138801152;0.087570432;0.069771264;0.05937152;0.042656768;0.04156928;0.029356032;0.018714624;0.027556864;0.018312191999999998;0.015926272;0.018601984000000002;0.019245056;0.015246336;0.012737536;0.015666176;0.011593728000000001;0.012607488;0.009651199999999999;0.009530367999999999;0.011354112000000001;0.006811648;0.011715584;0.010426368;0.00524288;0.006263808;0.007832576;0.005525504;0.005230592;0.005124096;0.003529728;0.00640512;0.00817664;0.005567488000000001;0.005081088000000001;0.0036966399999999997;0.004016128;0.0036311040000000004;0.004263936;0.0031324160000000003;0.001777664;0.0029061119999999998;0.004258816;0.00335872;0.002568192;0.0029173759999999997;0.0032460799999999997;0.001915904;0.0021227520000000003;0.0020858880000000006;0.001564672
1788959700,hdr,0.0293;0.03906;0.04883;0.05859;0.06836;0.07813;0.08789;0.09766;0.10742;0.11719;0.12695;0.13672;0.14648;0.15625;0.16602;0.17578;0.18555;0.19531;0.20508;0.21484;0.22461;0.23438;0.24414;0.25391;0.26367;0.27344;0.2832;0.29297;0.30273;0.3125;0.32227;0.33203;0.3418;0.35156;0.36133;0.37109;0.38086;0.39063;0.40039;0.41016;0.41992;0.42969;0.43945;0.44922;0.45898;0.46875;0.47852;0.48828;0.49805;0.50781;0.51758;0.52734;0.53711;0.54688;0.55664;0.56641;0.57617;0.58594;0.5957;0.60547;0.61523;0.625;0.63477;0.64453;0.6543;0.66406;0.67383;0.68359;0.69336;0.70313;0.71289;0.72266;0.73242;0.74219;0.75195;0.76172;0.77148;0.78125;0.79102,0.0038717440000000003;0.013878272;0.010458111999999999;0.004031488000000001;0.007302144;0.010744832000000001;0.011663360000000001;0.01233408;0.008685568;0.006971392;0.007842815999999999;0.014232575999999999;0.011250688;0.004189184;0.0021452800000000003;0.0018882559999999998;0.00180224;0.0023296;0.003021824;0.004141056;0.01016832;0.02576896;0.055072768;0.108598272;0.134142976;0.099505152;0.079735808;0.07891967999999999;0.074727424;0.070634496;0.060399616;0.05801984;0.029850624;0.030016512;0.027230208000000002;0.030722048000000002;0.020706304000000002;0.0221952;0.020373504;0.018435072;0.020852736;0.014408704;0.0169984;0.016380928000000003;0.013426688;0.013294592000000001;0.021801984;0.011720704;0.006827008;0.009456639999999999;0.008776704;0.006111232;0.0069027839999999995;0.010254336000000001;0.007773183999999999;0.005559295999999999;0.005110783999999999;0.005627904;0.004713472000000001;0.004989951999999999;0.004251648;0.002828288;0.00253952;0.003735552;0.004123648;0.00349696;0.002231296;0.003007488;0.005092352;0.005100544;0.003551232;0.0023500800000000005;0.003262464;0.0022528;0.002157568;0.002502656;0.0024104960000000003;0.0027965439999999998;0.002262016
1788960600,hdr,0.0293;0.03906;0.04883;0.05859;0.06836;0.07813;0.08789;0.09766;0.10742;0.11719;0.12695;0.13672;0.14648;0.15625;0.16602;0.17578;0.18555;0.19531;0.20508;0.21484;0.22461;0.23438;0.24414;0.25391;0.26367;0.27344;0.2832;0.29297;0.30273;0.3125;0.32227;0.33203;0.3418;0.35156;0.36133;0.37109;0.38086;0.39063;0.40039;0.41016;0.41992;0.42969;0.43945;0.44922;0.45898;0.46875;0.47852;0.48828;0.49805;0.50781;0.51758;0.52734;0.53711;0.54688;0.55664;0.56641;0.57617;0.58594;0.5957;0.60547;0.61523;0.625;0.63477;0.64453;0.6543;0.66406;0.67383;0.68359;0.69336;0.70313;0.71289;0.72266;0.73242;0.74219;0.75195;0.76172;0.77148;0.78125;0.79102,0.003961856000000001;0.012143616;0.010102784;0.005210112;0.004081664;0.005903360000000001;0.014613504000000001;0.01371136;0.010120191999999998;0.009504768;0.006499328;0.007967743999999999;0.009952256;0.004588544;0.002871296;0.001517568;0.001184768;0.0018196479999999999;0.002332672;0.004596736;0.008855552;0.021584896;0.051976192;0.100974592;0.109784064;0.11382272;0.1197824;0.088830976;0.065993728;0.058246144;0.04002508799999999;0.041590784;0.032633856;0.026770432;0.034301952;0.030328832;0.033956864;0.019600384;0.012223488;0.016807936000000002;0.019909631999999997;0.020630528000000002;0.02146816;0.017763328000000002;0.013852672;0.010586112;0.007467008;0.00850432;0.006005760000000001;0.005870592000000001;0.004709376;0.006308864;0.006965247999999999;0.00622592;0.003483648;0.003120128;0.005062656;0.0054855680000000006;0.004765696;0.004504576;0.003909632;0.004334592;0.00510464;0.003957759999999999;0.003531776;0.0028672;0.003038208;0.0031979519999999996;0.003674112;0.003326976;0.002419712;0.002617344;0.0018882559999999998;0.00181248;0.0021667839999999997;0.0029255680000000004;0.002146304;0.0017203200000000002;0.001705984
1788961500,hdr,0.0293;0.03906;0.04883;0.05859;0.06836;0.07813;0.08789;0.09766;0.10742;0.11719;0.12695;0.13672;0.14648;0.15625;0.16602;0.17578;0.18555;0.19531;0.20508;0.21484;0.22461;0.23438;0.24414;0.25391;0.26367;0.27344;0.2832;0.29297;0.30273;0.3125;0.32227;0.33203;0.3418;0.35156;0.36133;0.37109;0.38086;0.39063;0.40039;0.41016;0.41992;0.42969;0.43945;0.44922;0.45898;0.46875;0.47852;0.48828;0.49805;0.50781;0.51758;0.52734;0.53711;0.54688;0.55664;0.56641;0.57617;0.58594;0.5957;0.60547;0.61523;0.625;0.63477;0.64453;0.6543;0.66406;0.67383;0.68359;0.69336;0.70313;0.71289;0.72266;0.73242;0.74219;0.75195;0.76172;0.77148;0.78125;0.79102,0.002172928;0.003745792;0.005693439999999999;0.003683328;0.00290816;0.006585344;0.014171136;0.014916608;0.00679936;0.0049704960000000005;0.006736896;0.00397824;0.00677888;0.006616064;0.004285440000000001;0.0015738879999999998;0.000864256;0.001286144;0.0025825279999999997;0.0036720640000000005;0.012483584;0.030594048000000002;0.060781568;0.115707904;0.16385024;0.09488384000000001;0.100006912;0.09036390400000001;0.06619136;0.058093568;0.063915008;0.037087232000000005;0.037260288;0.03255296;0.026582016;0.024946688;0.014887936;0.013659136;0.0171264;0.012227584000000001;0.015657984;0.017299455999999998;0.009276416;0.008205312;0.007952384;0.012906496000000002;0.011528192000000001;0.006380544000000001;0.00679936;0.008450048;0.010139648;0.0073728000000000005;0.007169024;0.004922368;0.004570112;0.005118976;0.0038266879999999995;0.005213184;0.00475136;0.003398656;0.002280448;0.003154944;0.002924544;0.0041809920000000006;0.005440512;0.004948991999999999;0.004005887999999999;0.0025651199999999997;0.001891328;0.003206144;0.0018636800000000002;0.001615872;0.001688576;0.001637376;0.001774592;0.001316864;0.00176128;0.0017489920000000002;0.0019466239999999999
1788962400,hdr,0.0293;0.03906;0.04883;0.05859;0.06836;0.07813;0.08789;0.09766;0.10742;0.11719;0.12695;0.13672;0.14648;0.15625;0.16602;0.17578;0.18555;0.19531;0.20508;0.21484;0.22461;0.23438;0.24414;0.25391;0.26367;0.27344;0.2832;0.29297;0.30273;0.3125;0.32227;0.33203;0.3418;0.35156;0.36133;0.37109;0.38086;0.39063;0.40039;0.41016;0.41992;0.42969;0.43945;0.44922;0.45898;0.46875;0.47852;0.48828;0.49805;0.50781;0.51758;0.52734;0.53711;0.54688;0.55664;0.56641;0.57617;0.58594;0.5957;0.60547;0.61523;0.625;0.63477;0.64453;0.6543;0.66406;0.67383;0.68359;0.69336;0.70313;0.71289;0.72266;0.73242;0.74219;0.75195;0.76172;0.77148;0.78125;0.79102,0.010247168;0.009055232;0.007501824;0.008568832;0.005014528;0.006418432;0.013231103999999999;0.012179456;0.005873664;0.008772608;0.008086527999999999;0.007646208;0.0056852479999999995;0.00474624;0.004000768;0.0037601279999999997;0.002742272;0.0035522559999999997;0.0038871039999999997;0.005331967999999999;0.009664512;0.032733184;0.065906688;0.09603072;0.074500096;0.068672512;0.07284428800000001;0.073305088;0.066630656;0.047830016;0.054048768000000004;0.061156352;0.07247667199999999;0.045560831999999996;0.04191232;0.038532096;0.018071552;0.021101567999999998;0.031296512;0.014503936;0.011860992;0.016783359999999997;0.014225408;0.012693504000000001;0.007796736;0.006811648;0.008388608;0.007708672;0.005905408;0.00731648;0.009266176;0.007940095999999999;0.004506624000000001;0.0051599359999999995;0.004215808;0.004268032;0.003504128;0.004306943999999999;0.005536768;0.0038993920000000002;0.004067328;0.0049664;0.0037048320000000004;0.00316928;0.0027095039999999997;0.002419712;0.0017244159999999999;0.001734656;0.002820096;0.0038174719999999997;0.0031027200000000002;0.002613248;0.000978944;0.001927168;0.002675712;0.002220032;0.00268288;0.0021370879999999997;0.00136704
1788963300,hdr,0.0293;0.03906;0.04883;0.05859;0.06836;0.07813;0.08789;0.09766;0.10742;0.11719;0.12695;0.13672;0.14648;0.15625;0.16602;0.17578;0.18555;0.19531;0.20508;0.21484;0.22461;0.23438;0.24414;0.25391;0.26367;0.27344;0.2832;0.29297;0.30273;0.3125;0.32227;0.33203;0.3418;0.35156;0.36133;0.37109;0.38086;0.39063;0.40039;0.41016;0.41992;0.42969;0.43945;0.44922;0.45898;0.46875;0.47852;0.48828;0.49805;0.50781;0.51758;0.52734;0.53711;0.54688;0.55664;0.56641;0.57617;0.58594;0.5957;0.60547;0.61523;0.625;0.63477;0.64453;0.6543;0.66406;0.67383;0.68359;0.69336;0.70313;0.71289;0.72266;0.73242;0.74219;0.75195;0.76172;0.77148;0.78125;0.79102,0.0009748480000000001;0.0025937919999999997;0.005966848;0.0051671040000000005;0.00622592;0.0067604480000000005;0.017572863999999997;0.021127168;0.007620608;0.004377600000000001;0.007222272;0.0077864959999999995;0.007977984;0.0058019840000000005;0.0028927999999999996;0.00290816;0.0022568959999999996;0.001721344;0.002056192;0.00522752;0.008696832;0.015654912;0.055518208;0.074929152;0.092332032;0.121434112;0.08694067200000001;0.08954367999999999;0.081677312;0.061887488;0.043495424;0.045260800000000004;0.050630656;0.02906624;0.02040832;0.028806144;0.032910336000000005;0.021938176;0.020424704;0.019842047999999998;0.021156863999999997;0.01908736;0.015062016;0.009981951999999999;0.009407488000000002;0.008781824;0.008641536;0.008785920000000001;0.01076736;0.007325696;0.0043827200000000005;0.005392384;0.007947263999999999;0.006206464000000001;0.007382016000000001;0.0068976639999999995;0.005195776000000001;0.004665344;0.00508416;0.005426176;0.004627455999999999;0.002920448;0.0026419199999999994;0.0031139839999999998;0.0033536000000000004;0.0020500479999999996;0.002656256;0.0023500800000000005;0.001242112;0.002558976;0.002920448;0.002873344;0.002881536;0.0019435519999999999;0.0020490240000000004;0.001604608;0.001536;0.00101888;0.001601536
1788964200,hdr,0.0293;0.03906;0.04883;0.05859;0.06836;0.07813;0.08789;0.09766;0.10742;0.11719;0.12695;0.13672;0.14648;0.15625;0.16602;0.17578;0.18555;0.19531;0.20508;0.21484;0.22461;0.23438;0.24414;0.25391;0.26367;0.27344;0.2832;0.29297;0.30273;0.3125;0.32227;0.33203;0.3418;0.35156;0.36133;0.37109;0.38086;0.39063;0.40039;0.41016;0.41992;0.42969;0.43945;0.44922;0.45898;0.46875;0.47852;0.48828;0.49805;0.50781;0.51758;0.52734;0.53711;0.54688;0.55664;0.56641;0.57617;0.58594;0.5957;0.60547;0.61523;0.625;0.63477;0.64453;0.6543;0.66406;0.67383;0.68359;0.69336;0.70313;0.71289;0.72266;0.73242;0.74219;0.75195;0.76172;0.77148;0.78125;0.79102,0.0015616000000000002;0.00673792;0.008843264;0.006334464;0.006257664;0.006327296;0.012739584;0.02046464;0.014364672;0.007749632;0.00663552;0.0045056;0.005013504;0.004384768;0.004678656;0.003104768;0.002167808;0.002378752;0.0022896640000000003;0.004032511999999999;0.006709247999999999;0.020872191999999998;0.03325952;0.08538009599999999;0.10962841599999999;0.074309632;0.08523264;0.057906176;0.040256512;0.070662144;0.059034624;0.026500095999999997;0.025601023999999997;0.038018048000000006;0.037592064;0.023929856;0.017233920000000003;0.021508095999999997;0.015362048;0.015924224;0.015961088;0.015396864000000001;0.008834047999999999;0.005758976;0.0071393279999999995;0.007062528;0.010962943999999999;0.012995584;0.014002176000000002;0.011377664;0.0069621760000000005;0.005853183999999999;0.006870016;0.0075694080000000006;0.00781824;0.006990848;0.005267456;0.0063621120000000005;0.007554048;0.004550656;0.0026705920000000003;0.00405504;0.004205568;0.002566144;0.002532352;0.003158016;0.002432;0.001915904;0.00143872;0.001591296;0.002435072;0.002026496;0.0016445440000000002;0.001457152;0.001651712;0.001527808;0.0016384000000000001;0.001741824;0.0013680639999999998
1788965100,hdr,0.0293;0.03906;0.04883;0.05859;0.06836;0.07813;0.08789;0.09766;0.10742;0.11719;0.12695;0.13672;0.14648;0.15625;0.16602;0.17578;0.18555;0.19531;0.20508;0.21484;0.22461;0.23438;0.24414;0.25391;0.26367;0.27344;0.2832;0.29297;0.30273;0.3125;0.32227;0.33203;0.3418;0.35156;0.36133;0.37109;0.38086;0.39063;0.40039;0.41016;0.41992;0.42969;0.43945;0.44922;0.45898;0.46875;0.47852;0.48828;0.49805;0.50781;0.51758;0.52734;0.53711;0.54688;0.55664;0.56641;0.57617;0.58594;0.5957;0.60547;0.61523;0.625;0.63477;0.64453;0.6543;0.66406;0.67383;0.68359;0.69336;0.70313;0.71289;0.72266;0.73242;0.74219;0.75195;0.76172;0.77148;0.78125;0.79102,0.0073902080000000005;0.011478015999999999;0.007882752;0.00531456;0.00904192;0.010632191999999999;0.015174656000000002;0.019546112;0.012145664;0.008153088000000001;0.006024192;0.00410624;0.005609472000000001;0.0074854399999999995;0.004112384;0.0024104960000000003;0.002019328;0.001840128;0.0027351040000000004;0.005300224;0.009792512000000001;0.020927488;0.037255168;0.073554944;0.099673088;0.086959104;0.10739404799999999;0.07909376000000001;0.08329318399999999;0.067291136;0.041028608;0.02364928;0.038362112000000004;0.02916864;0.02126336;0.028167168000000003;0.039471104;0.025797632;0.011472896;0.015183872;0.01427968;0.007841792;0.010663935999999999;0.01271808;0.013114368000000001;0.011576320000000001;0.007986176000000001;0.005737472;0.0043878400000000005;0.007998464;0.0073472;0.005684224;0.0037754880000000005;0.003976192;0.00370688;0.006243328;0.007683072;0.007503872;0.004516864;0.0036116480000000003;0.004211712;0.00477696;0.004796416;0.003579904;0.003982336;0.003198976;0.003073024;0.004068352;0.0021207039999999997;0.0016179200000000001;0.00225792;0.002404352;0.0011489279999999998;0.001618944;0.001631232;0.0015953919999999997;0.001263616;0.001304576;0.0014448640000000001
1788966000,hdr,0.0293;0.03906;0.04883;0.05859;0.06836;0.07813;0.08789;0.09766;0.10742;0.11719;0.12695;0.13672;0.14648;0.15625;0.16602;0.17578;0.18555;0.19531;0.20508;0.21484;0.22461;0.23438;0.24414;0.25391;0.26367;0.27344;0.2832;0.29297;0.30273;0.3125;0.32227;0.33203;0.3418;0.35156;0.36133;0.37109;0.38086;0.39063;0.40039;0.41016;0.41992;0.42969;0.43945;0.44922;0.45898;0.46875;0.47852;0.48828;0.49805;0.50781;0.51758;0.52734;0.53711;0.54688;0.55664;0.56641;0.57617;0.58594;0.5957;0.60547;0.61523;0.625;0.63477;0.64453;0.6543;0.66406;0.67383;0.68359;0.69336;0.70313;0.71289;0.72266;0.73242;0.74219;0.75195;0.76172;0.77148;0.78125;0.79102,0.006547456;0.006895616;0.005121024;0.006370304;0.005942272;0.007853055999999999;0.010063872;0.011796480000000002;0.013099008;0.008163328;0.005639168;0.007297024;0.006587392000000001;0.004769791999999999;0.002509824;0.001934336;0.001318912;0.00303104;0.003699712;0.00576512;0.01307648;0.028461056000000002;0.039254016;0.062752768;0.09744896;0.11592908799999999;0.10229247999999999;0.095520768;0.043337728;0.035733504;0.046934016;0.054458368;0.035020800000000005;0.020827136;0.028890112;0.036033536;0.021292032;0.022074367999999997;0.020651008000000002;0.018839552;0.019048448;0.010966016;0.009094144;0.007155712000000001;0.004562943999999999;0.008391679999999999;0.011551744;0.008830976;0.0066682880000000005;0.006329344;0.01188864;0.011652095999999999;0.007273472;0.006145024000000001;0.00528896;0.006432768;0.005195776000000001;0.005390335999999999;0.0044544;0.004381696;0.002768896;0.003897344;0.0033791999999999997;0.0025384959999999995;0.0036864000000000003;0.0033873920000000004;0.001686528;0.00262656;0.0025753599999999996;0.001627136;0.00273408;0.002476032;0.0019046400000000002;0.00252416;0.0026849280000000005;0.0029265919999999996;0.0025139200000000002;0.0015534079999999998;0.001349632
1788966900,hdr,0.0293;0.03906;0.04883;0.05859;0.06836;0.07813;0.08789;0.09766;0.10742;0.11719;0.12695;0.13672;0.14648;0.15625;0.16602;0.17578;0.18555;0.19531;0.20508;0.21484;0.22461;0.23438;0.24414;0.25391;0.26367;0.27344;0.2832;0.29297;0.30273;0.3125;0.32227;0.33203;0.3418;0.35156;0.36133;0.37109;0.38086;0.39063;0.40039;0.41016;0.41992;0.42969;0.43945;0.44922;0.45898;0.46875;0.47852;0.48828;0.49805;0.50781;0.51758;0.52734;0.53711;0.54688;0.55664;0.56641;0.57617;0.58594;0.5957;0.60547;0.61523;0.625;0.63477;0.64453;0.6543;0.66406;0.67383;0.68359;0.69336;0.70313;0.71289;0.72266;0.73242;0.74219;0.75195;0.76172;0.77148;0.78125;0.79102,0.0048762879999999995;0.006412288;0.002823168;0.001666048;0.004516864;0.005175296;0.010149888000000001;0.01598976;0.007340032;0.005087232;0.004964352;0.010217472000000002;0.015276032000000002;0.015112192000000002;0.007717888;0.00269312;0.0021043200000000002;0.002627584;0.0015534079999999998;0.003434496;0.004916224;0.008646656;0.025785343999999998;0.053557248;0.112200704;0.119217152;0.07669759999999999;0.061596672;0.060033024;0.042853376;0.034940928;0.044750847999999996;0.046169088000000004;0.034234368;0.023152640000000002;0.021553152000000003;0.024710144;0.030509056;0.013217791999999999;0.017446912000000002;0.012650496;0.012761088000000002;0.010646528;0.011935743999999998;0.016244736;0.012440576;0.011015168;0.013051904;0.01014784;0.0074004480000000004;0.00843264;0.011288576000000002;0.010042368000000001;0.0092416;0.008614912;0.013343744;0.007176192;0.005187583999999999;0.007272447999999999;0.006244352;0.004499456;0.007209984;0.004645888;0.0042086400000000005;0.003162112;0.001754112;0.002484224;0.002562048;0.0028999679999999997;0.00242688;0.00159232;0.0016936960000000002;0.002811904;0.0021299199999999996;0.002184192;0.00181248;0.001467392;0.001538048;0.0014376960000000002
1788967800,hdr,0.0293;0.03906;0.04883;0.05859;0.06836;0.07813;0.08789;0.09766;0.10742;0.11719;0.12695;0.13672;0.14648;0.15625;0.16602;0.17578;0.18555;0.19531;0.20508;0.21484;0.22461;0.23438;0.24414;0.25391;0.26367;0.27344;0.2832;0.29297;0.30273;0.3125;0.32227;0.33203;0.3418;0.35156;0.36133;0.37109;0.38086;0.39063;0.40039;0.41016;0.41992;0.42969;0.43945;0.44922;0.45898;0.46875;0.47852;0.48828;0.49805;0.50781;0.51758;0.52734;0.53711;0.54688;0.55664;0.56641;0.57617;0.58594;0.5957;0.60547;0.61523;0.625;0.63477;0.64453;0.6543;0.66406;0.67383;0.68359;0.69336;0.70313;0.71289;0.72266;0.73242;0.74219;0.75195;0.76172;0.77148;0.78125;0.79102,0.004702207999999999;0.0037375999999999998;0.003785728;0.007497728;0.008108032;0.008721408;0.015852544;0.014637055999999999;0.010477568;0.00551936;0.003692544;0.017101824;0.0755712;0.029659136;0.010255359999999998;0.005016576;0.0038174719999999997;0.0024309759999999996;0.003049472;0.0046848;0.008434688000000001;0.017136639999999998;0.026423296000000002;0.04501913600000001;0.089752576;0.111598592;0.157933568;0.101083136;0.05026201600000001;0.042261504;0.044291072;0.038383616;0.029411328;0.033058816;0.021608448;0.01655296;0.023314432;0.026968064;0.01556992;0.013491199999999998;0.021316608;0.014973952;0.012002304;0.012893183999999999;0.012279808;0.015363072;0.009977856;0.01402368;0.011749376;0.01147904;0.010295296;0.0076994559999999995;0.006017024;0.006923263999999999;0.007109632;0.004656128;0.004431872;0.004135936;0.0049879040000000005;0.005532672;0.004550656;0.005019648;0.004645888;0.003371008;0.0027658239999999996;0.0036884480000000004;0.003710976;0.002097152;0.002512896;0.002787328;0.002609152;0.002300928;0.001847296;0.0012042239999999998;0.002134016;0.0027402240000000003;0.002569216;0.0012369920000000001;0.0015493120000000002
1788968700,hdr,0.0293;0.03906;0.04883;0.05859;0.06836;0.07813;0.08789;0.09766;0.10742;0.11719;0.12695;0.13672;0.14648;0.15625;0.16602;0.17578;0.18555;0.19531;0.20508;0.21484;0.22461;0.23438;0.24414;0.25391;0.26367;0.27344;0.2832;0.29297;0.30273;0.3125;0.32227;0.33203;0.3418;0.35156;0.36133;0.37109;0.38086;0.39063;0.40039;0.41016;0.41992;0.42969;0.43945;0.44922;0.45898;0.46875;0.47852;0.48828;0.49805;0.50781;0.51758;0.52734;0.53711;0.54688;0.55664;0.56641;0.57617;0.58594;0.5957;0.60547;0.61523;0.625;0.63477;0.64453;0.6543;0.66406;0.67383;0.68359;0.69336;0.70313;0.71289;0.72266;0.73242;0.74219;0.75195;0.76172;0.77148;0.78125;0.79102,0.0019886079999999998;0.00707584;0.009607168;0.006554624;0.003549184;0.009701376;0.011915264000000002;0.01659392;0.0113408;0.006194175999999999;0.0034375680000000002;0.009631744;0.016257024000000002;0.008723456000000001;0.003928064;0.002592768;0.001917952;0.001995776;0.002214912;0.00305664;0.0039075839999999995;0.012865536;0.026638336;0.054475776000000004;0.08064204800000001;0.131238912;0.10420736;0.058747904;0.06980607999999999;0.051524608;0.045395968;0.05145804799999999;0.024383488000000002;0.026261503999999998;0.024219648;0.023023616;0.020803584000000003;0.017743872;0.017436672000000004;0.01259008;0.015512575999999998;0.012925952000000001;0.011882496;0.01320448;0.011153408000000002;0.011675648;0.010326016;0.009444352000000001;0.008467456;0.00594944;0.005679103999999999;0.005320704;0.00531968;0.00398336;0.004834304;0.0055459839999999995;0.0072284160000000005;0.0060682240000000005;0.005251072;0.005276672;0.004916224;0.003728384;0.00336896;0.003700736;0.003103744;0.0040294400000000005;0.0026296320000000002;0.002215936;0.002373632;0.0019660800000000003;0.001957888;0.002096128;0.0015544320000000001;0.001333248;0.00108544;0.001678336;0.001550336;0.0018135039999999999;0.00146432
1788969600,hdr,0.0293;0.03906;0.04883;0.05859;0.06836;0.07813;0.08789;0.09766;0.10742;0.11719;0.12695;0.13672;0.14648;0.15625;0.16602;0.17578;0.18555;0.19531;0.20508;0.21484;0.22461;0.23438;0.24414;0.25391;0.26367;0.27344;0.2832;0.29297;0.30273;0.3125;0.32227;0.33203;0.3418;0.35156;0.36133;0.37109;0.38086;0.39063;0.40039;0.41016;0.41992;0.42969;0.43945;0.44922;0.45898;0.46875;0.47852;0.48828;0.49805;0.50781;0.51758;0.52734;0.53711;0.54688;0.55664;0.56641;0.57617;0.58594;0.5957;0.60547;0.61523;0.625;0.63477;0.64453;0.6543;0.66406;0.67383;0.68359;0.69336;0.70313;0.71289;0.72266;0.73242;0.74219;0.75195;0.76172;0.77148;0.78125;0.79102,0.004757504;0.008390656;0.009901056;0.0060856320000000005;0.007025664;0.00924672;0.005922816;0.022273024000000002;0.02432512;0.007217151999999999;0.004146176;0.008223744;0.012101632;0.009697279999999999;0.010546176;0.005705728;0.002861056;0.001867776;0.002418688;0.004562943999999999;0.014278655999999999;0.021070848000000003;0.029746176;0.050021376;0.071375872;0.06648115199999999;0.05778432;0.060794879999999996;0.047812608;0.06467584;0.054760447999999996;0.042195968;0.034755584000000006;0.042461184;0.034663424;0.025389056;0.022526976000000004;0.022542336;0.019419136000000004;0.014072832;0.010565632000000002;0.011370495999999999;0.008051712;0.008922112000000001;0.014249984;0.010305536;0.0058992639999999995;0.00740352;0.009632768;0.009427968;0.0080128;0.007098368;0.006862848;0.008735744;0.008345599999999998;0.007441408;0.005860352;0.004141056;0.00400896;0.0022097920000000004;0.002857984;0.003144704;0.0021452800000000003;0.0027566080000000002;0.003168256;0.003961856000000001;0.0029306880000000003;0.001961984;0.0013404159999999999;0.001271808;0.001726464;0.0016230399999999999;0.000917504;0.001460224;0.001374208;0.0016302080000000002;0.00165888;0.001734656;0.00138752
1788970500,hdr,0.0293;0.03906;0.04883;0.05859;0.06836;0.07813;0.08789;0.09766;0.10742;0.11719;0.12695;0.13672;0.14648;0.15625;0.16602;0.17578;0.18555;0.19531;0.20508;0.21484;0.22461;0.23438;0.24414;0.25391;0.26367;0.27344;0.2832;0.29297;0.30273;0.3125;0.32227;0.33203;0.3418;0.35156;0.36133;0.37109;0.38086;0.39063;0.40039;0.41016;0.41992;0.42969;0.43945;0.44922;0.45898;0.46875;0.47852;0.48828;0.49805;0.50781;0.51758;0.52734;0.53711;0.54688;0.55664;0.56641;0.57617;0.58594;0.5957;0.60547;0.61523;0.625;0.63477;0.64453;0.6543;0.66406;0.67383;0.68359;0.69336;0.70313;0.71289;0.72266;0.73242;0.74219;0.75195;0.76172;0.77148;0.78125;0.79102,0.0011714560000000002;0.0057344;0.010585088000000001;0.013246464;0.008636416000000001;0.007629824;0.014240768000000001;0.020383744;0.010976256;0.005938176000000001;0.006866944000000001;0.014049279999999999;0.008863744;0.0068505599999999995;0.007199744;0.006152192;0.002791424;0.002742272;0.0020910079999999997;0.0024832;0.006424576;0.013923327999999999;0.020641792;0.042565632;0.056153088;0.075947008;0.0880128;0.0626944;0.066317312;0.040061952;0.046222335999999996;0.046128128;0.038624256;0.044242944000000006;0.043513856;0.03237888;0.012945408000000002;0.024702975999999998;0.022759424;0.013833216;0.01583616;0.014433280000000001;0.009423872;0.007899136000000001;0.009847808000000001;0.012534784;0.011920384;0.009449472;0.008289280000000001;0.008244224;0.005526528;0.007983104;0.007932928;0.006173696;0.005138432;0.007370752;0.007474175999999999;0.007144447999999999;0.004893696;0.003637248;0.0037877759999999996;0.003550208;0.004191232;0.003904512;0.002146304;0.0016404479999999999;0.001765376;0.001944576;0.001431552;0.001600512;0.00123392;0.001655808;0.00226304;0.002486272;0.0021227520000000003;0.0017377279999999998;0.001345536;0.0012728319999999998;0.001159168
1788971400,hdr,0.0293;0.03906;0.04883;0.05859;0.06836;0.07813;0.08789;0.09766;0.10742;0.11719;0.12695;0.13672;0.14648;0.15625;0.16602;0.17578;0.18555;0.19531;0.20508;0.21484;0.22461;0.23438;0.24414;0.25391;0.26367;0.27344;0.2832;0.29297;0.30273;0.3125;0.32227;0.33203;0.3418;0.35156;0.36133;0.37109;0.38086;0.39063;0.40039;0.41016;0.41992;0.42969;0.43945;0.44922;0.45898;0.46875;0.47852;0.48828;0.49805;0.50781;0.51758;0.52734;0.53711;0.54688;0.55664;0.56641;0.57617;0.58594;0.5957;0.60547;0.61523;0.625;0.63477;0.64453;0.6543;0.66406;0.67383;0.68359;0.69336;0.70313;0.71289;0.72266;0.73242;0.74219;0.75195;0.76172;0.77148;0.78125;0.79102,0.0009748480000000001;0.001854464;0.0021964800000000002;0.002849792;0.002674688;0.009099264;0.017368064000000003;0.024275968;0.010729472;0.003588096;0.0026624;0.004407296;0.007450624;0.013306879999999998;0.007068672000000001;0.0038410239999999997;0.00290304;0.0020121600000000003;0.0022272;0.003329024;0.007830528;0.018654208000000002;0.038199295999999994;0.036492288;0.056650752;0.047719423999999996;0.039390207999999996;0.055486464;0.047077376000000004;0.038494208;0.046668799999999996;0.04662784;0.029849599999999997;0.022674432;0.015193088;0.018473984;0.017524736;0.013103103999999999;0.008399872;0.008598528000000001;0.0101376;0.009798656;0.009577472;0.007044096;0.006240256;0.007753728;0.008967168;0.011352064;0.008336384;0.006842368;0.0077864959999999995;0.005722112;0.003986432;0.004528127999999999;0.005566464;0.005297152;0.005342208;0.003237888;0.0036352000000000003;0.003971072;0.003519488;0.002617344;0.002221056;0.0018718720000000001;0.0019087359999999999;0.002820096;0.003120128;0.002436096;0.0022067199999999997;0.002142208;0.0018810880000000002;0.0021903359999999998;0.001519616;0.001754112;0.00199168;0.002043904;0.001381376;0.001117184;0.0009697280000000001
1788972300,hdr,0.0293;0.03906;0.04883;0.05859;0.06836;0.07813;0.08789;0.09766;0.10742;0.11719;0.12695;0.13672;0.14648;0.15625;0.16602;0.17578;0.18555;0.19531;0.20508;0.21484;0.22461;0.23438;0.24414;0.25391;0.26367;0.27344;0.2832;0.29297;0.30273;0.3125;0.32227;0.33203;0.3418;0.35156;0.36133;0.37109;0.38086;0.39063;0.40039;0.41016;0.41992;0.42969;0.43945;0.44922;0.45898;0.46875;0.47852;0.48828;0.49805;0.50781;0.51758;0.52734;0.53711;0.54688;0.55664;0.56641;0.57617;0.58594;0.5957;0.60547;0.61523;0.625;0.63477;0.64453;0.6543;0.66406;0.67383;0.68359;0.69336;0.70313;0.71289;0.72266;0.73242;0.74219;0.75195;0.76172;0.77148;0.78125;0.79102,0.0008447999999999999;0.0009400319999999999;0.0015687680000000001;0.0022599680000000002;0.0022927360000000005;0.008581120000000001;0.013818879999999999;0.01916416;0.010386432;0.0056453119999999996;0.003862528;0.004346879999999999;0.005634048;0.008022016;0.006235136;0.0018483199999999999;0.001212416;0.001964032;0.001759232;0.003535872;0.0047104;0.012522496000000001;0.020225024;0.028838912;0.055160832;0.056546304;0.055171072;0.051060735999999995;0.045017088000000004;0.045234176;0.047357951999999995;0.03183104;0.015295488000000001;0.014268416;0.023795712000000004;0.030631936;0.012703744000000001;0.012148735999999999;0.014872576;0.015560704;0.014661632;0.015863808;0.00997888;0.007166975999999999;0.00542208;0.0051712;0.0053411840000000006;0.005475328000000001;0.007584768;0.008914944;0.008229888000000001;0.008768512;0.006073344;0.006771711999999999;0.005843968;0.003972096;0.004744192;0.005620736;0.004470783999999999;0.0025989119999999997;0.0025118719999999996;0.0031774719999999998;0.0023439359999999996;0.002354176;0.002157568;0.0027975680000000003;0.00262656;0.001723392;0.0015513600000000001;0.0015185919999999998;0.001108992;0.00150016;0.001501184;0.001432576;0.001708032;0.00211456;0.0011202559999999998;0.0009830400000000001;0.000897024
1788973200,hdr,0.0293;0.03906;0.04883;0.05859;0.06836;0.07813;0.08789;0.09766;0.10742;0.11719;0.12695;0.13672;0.14648;0.15625;0.16602;0.17578;0.18555;0.19531;0.20508;0.21484;0.22461;0.23438;0.24414;0.25391;0.26367;0.27344;0.2832;0.29297;0.30273;0.3125;0.32227;0.33203;0.3418;0.35156;0.36133;0.37109;0.38086;0.39063;0.40039;0.41016;0.41992;0.42969;0.43945;0.44922;0.45898;0.46875;0.47852;0.48828;0.49805;0.50781;0.51758;0.52734;0.53711;0.54688;0.55664;0.56641;0.57617;0.58594;0.5957;0.60547;0.61523;0.625;0.63477;0.64453;0.6543;0.66406;0.67383;0.68359;0.69336;0.70313;0.71289;0.72266;0.73242;0.74219;0.75195;0.76172;0.77148;0.78125;0.79102,0.004230144;0.006764544;0.008812544000000002;0.004326399999999999;0.008920064;0.012941312;0.022833152;0.03340288;0.017727488;0.006610944;0.004289536;0.0076124159999999995;0.005543936;0.004110336;0.005462016000000001;0.005265407999999999;0.0042414079999999995;0.002837504;0.002464768;0.0037683200000000003;0.007506944;0.016999424000000003;0.025793536;0.046568448;0.052752384;0.069905408;0.08201523200000001;0.048664575999999994;0.025998336;0.035897344;0.038928383999999996;0.026296319999999998;0.019484671999999998;0.023527423999999998;0.018996224000000003;0.013546496;0.010441727999999999;0.009396224;0.01061888;0.012865536;0.010001408;0.009274368;0.007478272;0.005706752;0.0061829120000000005;0.004738048;0.008295424000000001;0.009935872;0.006371328000000001;0.005700608;0.00777728;0.006844416;0.005989376;0.005134336000000001;0.005890048;0.003695616;0.004919296;0.005521408;0.004404224;0.003853312;0.005156864;0.00361984;0.0038963199999999996;0.003414016;0.002373632;0.002397184;0.0027392;0.0017377279999999998;0.0015165439999999999;0.001736704;0.0020101119999999997;0.001358848;0.00128;0.0020162559999999997;0.001475584;0.001010688;0.00117248;0.001512448;0.000953344
1788974100,hdr,0.0293;0.03906;0.04883;0.05859;0.06836;0.07813;0.08789;0.09766;0.10742;0.11719;0.12695;0.13672;0.14648;0.15625;0.16602;0.17578;0.18555;0.19531;0.20508;0.21484;0.22461;0.23438;0.24414;0.25391;0.26367;0.27344;0.2832;0.29297;0.30273;0.3125;0.32227;0.33203;0.3418;0.35156;0.36133;0.37109;0.38086;0.39063;0.40039;0.41016;0.41992;0.42969;0.43945;0.44922;0.45898;0.46875;0.47852;0.48828;0.49805;0.50781;0.51758;0.52734;0.53711;0.54688;0.55664;0.56641;0.57617;0.58594;0.5957;0.60547;0.61523;0.625;0.63477;0.64453;0.6543;0.66406;0.67383;0.68359;0.69336;0.70313;0.71289;0.72266;0.73242;0.74219;0.75195;0.76172;0.77148;0.78125;0.79102,0.002464768;0.005301248000000001;0.005265407999999999;0.003186688;0.003658752;0.011319296;0.014174208;0.017990656000000004;0.012624895999999998;0.005844992;0.006345728;0.0055808;0.004370432;0.003176448;0.003480576;0.0032;0.002840576;0.0021872639999999995;0.002038784;0.0045199360000000004;0.007870464;0.017170432;0.03193856;0.038839295999999995;0.049495040000000004;0.059823104;0.042824704;0.049130495999999996;0.06403481600000001;0.036783104;0.031966208;0.039592959999999996;0.032513024;0.027817984;0.022252544000000003;0.01380352;0.009880575999999999;0.008430592;0.013601792;0.014318592;0.013166592;0.009232384;0.0071167999999999995;0.008879103999999999;0.005316608;0.004549632;0.00400384;0.00609792;0.005663744000000001;0.004624384;0.004839424;0.005692416;0.004224;0.003661824;0.004185088000000001;0.00320512;0.0038338559999999996;0.003812352;0.003509248;0.002371584;0.003319808;0.002904064;0.002613248;0.003162112;0.0025743360000000004;0.002231296;0.0022487040000000002;0.002924544;0.001833984;0.0015892480000000001;0.0020224;0.001995776;0.002231296;0.001601536;0.001731584;0.0014735360000000001;0.001626112;0.001672192;0.0017735679999999999
1788975000,hdr,0.0293;0.03906;0.04883;0.05859;0.06836;0.07813;0.08789;0.09766;0.10742;0.11719;0.12695;0.13672;0.14648;0.15625;0.16602;0.17578;0.18555;0.19531;0.20508;0.21484;0.22461;0.23438;0.24414;0.25391;0.26367;0.27344;0.2832;0.29297;0.30273;0.3125;0.32227;0.33203;0.3418;0.35156;0.36133;0.37109;0.38086;0.39063;0.40039;0.41016;0.41992;0.42969;0.43945;0.44922;0.45898;0.46875;0.47852;0.48828;0.49805;0.50781;0.51758;0.52734;0.53711;0.54688;0.55664;0.56641;0.57617;0.58594;0.5957;0.60547;0.61523;0.625;0.63477;0.64453;0.6543;0.66406;0.67383;0.68359;0.69336;0.70313;0.71289;0.72266;0.73242;0.74219;0.75195;0.76172;0.77148;0.78125;0.79102,0.001225728;0.004334592;0.004164608;0.0032819200000000002;0.0055111679999999994;0.006025216000000001;0.008250368000000001;0.012770304;0.013878272;0.006970367999999999;0.003790848;0.005956608;0.003429376;0.0038266879999999995;0.004683776;0.002951168;0.002172928;0.002707456;0.00297472;0.003786752;0.0062177280000000005;0.012329984;0.01689088;0.050405375999999995;0.07612416000000001;0.09380147200000001;0.079737856;0.083252224;0.06640844800000001;0.034994176;0.036844544;0.024607743999999997;0.025422847999999998;0.025291776;0.015335423999999999;0.01361408;0.013898752;0.013049856;0.013935616;0.012904448;0.01061888;0.010432511999999998;0.008838144000000001;0.008686591999999998;0.0049633279999999995;0.007001088000000001;0.006863871999999999;0.008064;0.00754688;0.008006656;0.006738944;0.0035276800000000005;0.004660224;0.004067328;0.004574208;0.004252672;0.004528127999999999;0.003447808;0.0037765119999999997;0.003644416;0.002992128;0.002069504;0.001746944;0.002015232;0.0030525440000000004;0.002127872;0.001435648;0.001393664;0.0019230719999999998;0.001383424;0.000923648;0.00131072;0.001101824;0.00107008;0.00098816;0.000863232;0.000907264;0.000671744;0.000775168
1788975900,hdr,0.0293;0.03906;0.04883;0.05859;0.06836;0.07813;0.08789;0.09766;0.10742;0.11719;0.12695;0.13672;0.14648;0.15625;0.16602;0.17578;0.18555;0.19531;0.20508;0.21484;0.22461;0.23438;0.24414;0.25391;0.26367;0.27344;0.2832;0.29297;0.30273;0.3125;0.32227;0.33203;0.3418;0.35156;0.36133;0.37109;0.38086;0.39063;0.40039;0.41016;0.41992;0.42969;0.43945;0.44922;0.45898;0.46875;0.47852;0.48828;0.49805;0.50781;0.51758;0.52734;0.53711;0.54688;0.55664;0.56641;0.57617;0.58594;0.5957;0.60547;0.61523;0.625;0.63477;0.64453;0.6543;0.66406;0.67383;0.68359;0.69336;0.70313;0.71289;0.72266;0.73242;0.74219;0.75195;0.76172;0.77148;0.78125;0.79102,0.001885184;0.0036976640000000002;0.0015472639999999998;0.00204288;0.003946496;0.004429824;0.008997887999999999;0.016663551999999998;0.010819584;0.004818944;0.002219008;0.004548608;0.002909184;0.002824192;0.00413184;0.004281344;0.00419328;0.002020352;0.00274432;0.003807232;0.007460863999999999;0.012983295999999998;0.026156032;0.057137152000000004;0.087624704;0.077351936;0.09994240000000001;0.118290432;0.07514624;0.043768832;0.030303232;0.035885056;0.025710591999999997;0.0189184;0.015210495999999999;0.016826367999999998;0.01672704;0.010377216;0.010617856;0.007701504;0.008031232;0.006079487999999999;0.006998015999999999;0.0073082880000000005;0.00704;0.007702528;0.0059811840000000005;0.004615167999999999;0.003662848;0.0025405440000000005;0.004627455999999999;0.004209664;0.004581375999999999;0.0033617919999999997;0.0024872960000000004;0.0029122560000000002;0.002622464;0.003600384;0.003039232;0.002306048;0.00194048;0.001281024;0.001383424;0.0016670720000000001;0.001325056;0.0016291839999999999;0.001544192;0.001429504;0.0022067199999999997;0.0011509760000000002;0.00075776;0.0008765439999999999;0.000730112;0.000617472;0.0009717759999999999;0.000889856;0.001014784;0.0008622079999999999;0.00047308800000000003
1788976800,hdr,0.0293;0.03906;0.04883;0.05859;0.06836;0.07813;0.08789;0.09766;0.10742;0.11719;0.12695;0.13672;0.14648;0.15625;0.16602;0.17578;0.18555;0.19531;0.20508;0.21484;0.22461;0.23438;0.24414;0.25391;0.26367;0.27344;0.2832;0.29297;0.30273;0.3125;0.32227;0.33203;0.3418;0.35156;0.36133;0.37109;0.38086;0.39063;0.40039;0.41016;0.41992;0.42969;0.43945;0.44922;0.45898;0.46875;0.47852;0.48828;0.49805;0.50781;0.51758;0.52734;0.53711;0.54688;0.55664;0.56641;0.57617;0.58594;0.5957;0.60547;0.61523;0.625;0.63477;0.64453;0.6543;0.66406;0.67383;0.68359;0.69336;0.70313;0.71289;0.72266;0.73242;0.74219;0.75195;0.76172;0.77148;0.78125;0.79102,0.001117184;0.002953216;0.004150272;0.004058112000000001;0.007305216;0.009720832;0.018072576;0.026494976000000003;0.019782656;0.005025792;0.0030033919999999997;0.00362496;0.002395136;0.001944576;0.0012451839999999999;0.002729984;0.003572736;0.002857984;0.003518464;0.005577727999999999;0.008526848;0.019354624;0.026246144;0.035658752;0.054772736;0.05725388800000001;0.055774208;0.06435737600000001;0.051943424;0.049772544;0.042438656000000005;0.032482304000000004;0.031889408;0.0337408;0.023960576;0.014452735999999999;0.010427392;0.00580096;0.004717568;0.010999808;0.015960064;0.011336704;0.005110783999999999;0.00489984;0.0063488;0.005866496;0.00525824;0.00662528;0.006844416;0.00399872;0.0032757759999999998;0.00480768;0.003724288;0.003422208;0.0033024;0.0020633599999999998;0.002208768;0.002147328;0.002386944;0.0025200640000000002;0.002274304;0.002407424;0.002275328;0.002451456;0.0016670720000000001;0.00206848;0.00187904;0.000791552;0.0008089600000000001;0.001261568;0.001139712;0.000858112;0.00088576;0.001107968;0.000801792;0.000841728;0.000649216;0.0006604799999999999;0.000864256
1788977700,hdr,0.0293;0.03906;0.04883;0.05859;0.06836;0.07813;0.08789;0.09766;0.10742;0.11719;0.12695;0.13672;0.14648;0.15625;0.16602;0.17578;0.18555;0.19531;0.20508;0.21484;0.22461;0.23438;0.24414;0.25391;0.26367;0.27344;0.2832;0.29297;0.30273;0.3125;0.32227;0.33203;0.3418;0.35156;0.36133;0.37109;0.38086;0.39063;0.40039;0.41016;0.41992;0.42969;0.43945;0.44922;0.45898;0.46875;0.47852;0.48828;0.49805;0.50781;0.51758;0.52734;0.53711;0.54688;0.55664;0.56641;0.57617;0.58594;0.5957;0.60547;0.61523;0.625;0.63477;0.64453;0.6543;0.66406;0.67383;0.68359;0.69336;0.70313;0.71289;0.72266;0.73242;0.74219;0.75195;0.76172;0.77148;0.78125;0.79102,0.00246784;0.007300096;0.007542784;0.002944;0.0029952000000000004;0.005670912;0.009716735999999998;0.017000448;0.012943360000000001;0.006310912;0.004283392;0.00714752;0.003298304;0.00167424;0.003176448;0.0026439680000000004;0.002476032;0.002890752;0.004941824000000001;0.0059791359999999995;0.010151936;0.02025984;0.024039424;0.100952064;0.13248716800000002;0.071702528;0.084194304;0.05782528;0.032012288;0.044790784;0.026097664;0.021669887999999998;0.021007359999999996;0.01954816;0.016271360000000002;0.012020735999999999;0.010555392;0.01211392;0.010755072000000001;0.006531072;0.006790144;0.006161407999999999;0.008375296;0.004789247999999999;0.003679232;0.005818368;0.0038307840000000003;0.004521984;0.005839871999999999;0.0033679359999999998;0.002863104;0.002610176;0.003163136;0.0034048;0.003653632;0.002332672;0.0013608960000000001;0.0022067199999999997;0.002501632;0.001910784;0.0012666880000000002;0.001294336;0.0019650559999999997;0.00146432;0.0014448640000000001;0.001247232;0.001385472;0.0011448320000000001;0.000964608;0.00133632;0.0011284479999999998;0.0008560640000000001;0.0007280640000000001;0.0005683200000000001;0.000611328;0.0008110079999999999;0.0011448320000000001;0.000909312;0.000776192
1788978600,hdr,0.0293;0.03906;0.04883;0.05859;0.06836;0.07813;0.08789;0.09766;0.10742;0.11719;0.12695;0.13672;0.14648;0.15625;0.16602;0.17578;0.18555;0.19531;0.20508;0.21484;0.22461;0.23438;0.24414;0.25391;0.26367;0.27344;0.2832;0.29297;0.30273;0.3125;0.32227;0.33203;0.3418;0.35156;0.36133;0.37109;0.38086;0.39063;0.40039;0.41016;0.41992;0.42969;0.43945;0.44922;0.45898;0.46875;0.47852;0.48828;0.49805;0.50781;0.51758;0.52734;0.53711;0.54688;0.55664;0.56641;0.57617;0.58594;0.5957;0.60547;0.61523;0.625;0.63477;0.64453;0.6543;0.66406;0.67383;0.68359;0.69336;0.70313;0.71289;0.72266;0.73242;0.74219;0.75195;0.76172;0.77148;0.78125;0.79102,0.0054016;0.0040796159999999995;0.002229248;0.0031539199999999997;0.0066457600000000006;0.007570432000000001;0.0089344;0.017506304;0.013946880000000002;0.005716992000000001;0.003779584;0.006839296;0.003344384;0.001795072;0.003963904;0.004246527999999999;0.0042137599999999996;0.005392384;0.0063569920000000005;0.006059008000000001;0.014312448;0.037194752;0.06915072;0.087228416;0.07691161599999999;0.08146432;0.10190233600000001;0.061846528;0.030895104;0.022475776;0.020570112;0.030063615999999998;0.026862592;0.013187072;0.016618496;0.020878336;0.017569792;0.010688511999999999;0.008027136;0.007420928;0.010141696;0.009216;0.009709568000000002;0.009605119999999998;0.007448576;0.0045895680000000005;0.0038993920000000002;0.004452352;0.005156864;0.004152319999999999;0.0024719359999999997;0.00229888;0.003111936;0.003460096;0.0021268479999999998;0.0021002239999999995;0.003224576;0.0026859519999999997;0.002337792;0.001670144;0.001707008;0.00168448;0.0014233599999999998;0.0016168960000000003;0.0013783040000000001;0.0011632640000000002;0.00072704;0.000576512;0.000800768;0.0011714560000000002;0.00123392;0.0007372800000000001;0.0006676480000000001;0.0007772160000000001;0.000494592;0.0005867520000000001;0.000671744;0.000459776;0.000594944
1788979500,hdr,0.0293;0.03906;0.04883;0.05859;0.06836;0.07813;0.08789;0.09766;0.10742;0.11719;0.12695;0.13672;0.14648;0.15625;0.16602;0.17578;0.18555;0.19531;0.20508;0.21484;0.22461;0.23438;0.24414;0.25391;0.26367;0.27344;0.2832;0.29297;0.30273;0.3125;0.32227;0.33203;0.3418;0.35156;0.36133;0.37109;0.38086;0.39063;0.40039;0.41016;0.41992;0.42969;0.43945;0.44922;0.45898;0.46875;0.47852;0.48828;0.49805;0.50781;0.51758;0.52734;0.53711;0.54688;0.55664;0.56641;0.57617;0.58594;0.5957;0.60547;0.61523;0.625;0.63477;0.64453;0.6543;0.66406;0.67383;0.68359;0.69336;0.70313;0.71289;0.72266;0.73242;0.74219;0.75195;0.76172;0.77148;0.78125;0.79102,0.00035942400000000006;0.0014858240000000002;0.0019128320000000002;0.003959808;0.004675584;0.005684224;0.009686016;0.01575936;0.012511232;0.005603328;0.002506752;0.002179072;0.001750016;0.001905664;0.004153344;0.003617792;0.00285184;0.002419712;0.00436224;0.008403968000000001;0.021439488;0.060091392;0.058017792;0.08827494400000001;0.093627392;0.10849894399999999;0.084163584;0.056492032;0.044214272000000006;0.048634880000000005;0.03467776;0.0241152;0.017758207999999998;0.014303232;0.012830719999999999;0.009703424;0.010903552;0.010358784;0.010578944;0.010034176;0.00792576;0.00738304;0.00682496;0.003326976;0.0030412800000000004;0.005669888;0.0058347519999999995;0.004616192;0.005105663999999999;0.004352;0.003625984;0.003084288;0.002020352;0.0017326079999999998;0.0024012799999999996;0.003249152;0.001846272;0.00150528;0.0019968;0.0013393919999999998;0.001968128;0.002092032;0.00141824;0.00143872;0.0016988160000000001;0.001503232;0.0011786239999999999;0.00119808;0.0009318400000000001;0.001007616;0.000795648;0.000758784;0.0006963200000000001;0.0004986880000000001;0.0005621760000000001;0.000489472;0.0005560319999999999;0.00054272;0.0005816320000000001
1788980400,hdr,0.0293;0.03906;0.04883;0.05859;0.06836;0.07813;0.08789;0.09766;0.10742;0.11719;0.12695;0.13672;0.14648;0.15625;0.16602;0.17578;0.18555;0.19531;0.20508;0.21484;0.22461;0.23438;0.24414;0.25391;0.26367;0.27344;0.2832;0.29297;0.30273;0.3125;0.32227;0.33203;0.3418;0.35156;0.36133;0.37109;0.38086;0.39063;0.40039;0.41016;0.41992;0.42969;0.43945;0.44922;0.45898;0.46875;0.47852;0.48828;0.49805;0.50781;0.51758;0.52734;0.53711;0.54688;0.55664;0.56641;0.57617;0.58594;0.5957;0.60547;0.61523;0.625;0.63477;0.64453;0.6543;0.66406;0.67383;0.68359;0.69336;0.70313;0.71289;0.72266;0.73242;0.74219;0.75195;0.76172;0.77148;0.78125;0.79102,0.001743872;0.001670144;0.003032064;0.003996672;0.0037273600000000003;0.006322176;0.010273791999999999;0.020508672000000002;0.025875455999999998;0.010167296000000001;0.0032440319999999996;0.00218112;0.002062336;0.002125824;0.0018882559999999998;0.002870272;0.003299328;0.002855936;0.004370432;0.008133632;0.014062592;0.024119296;0.045732864;0.07329689600000001;0.11822489600000001;0.106829824;0.084243456;0.05853696;0.04581888;0.029324288;0.020569088;0.019390464;0.012463104;0.017065984;0.024518656;0.013751296;0.00973312;0.013026304;0.013167616;0.011057152;0.007740416;0.00528896;0.004813824;0.004617216;0.003018752;0.003621888;0.0035809279999999997;0.003293184;0.003016704;0.0037662719999999998;0.0050503679999999995;0.0037836799999999998;0.00357376;0.00290304;0.002506752;0.00200704;0.002147328;0.001672192;0.001309696;0.00098816;0.001440768;0.0013864959999999999;0.001759232;0.001783808;0.001383424;0.001294336;0.0008089600000000001;0.000613376;0.000799744;0.00137728;0.001061888;0.0005754880000000001;0.0005724160000000001;0.0007188480000000001;0.00067584;0.000647168;0.000770048;0.000714752;0.000569344
1788981300,hdr,0.0293;0.03906;0.04883;0.05859;0.06836;0.07813;0.08789;0.09766;0.10742;0.11719;0.12695;0.13672;0.14648;0.15625;0.16602;0.17578;0.18555;0.19531;0.20508;0.21484;0.22461;0.23438;0.24414;0.25391;0.26367;0.27344;0.2832;0.29297;0.30273;0.3125;0.32227;0.33203;0.3418;0.35156;0.36133;0.37109;0.38086;0.39063;0.40039;0.41016;0.41992;0.42969;0.43945;0.44922;0.45898;0.46875;0.47852;0.48828;0.49805;0.50781;0.51758;0.52734;0.53711;0.54688;0.55664;0.56641;0.57617;0.58594;0.5957;0.60547;0.61523;0.625;0.63477;0.64453;0.6543;0.66406;0.67383;0.68359;0.69336;0.70313;0.71289;0.72266;0.73242;0.74219;0.75195;0.76172;0.77148;0.78125;0.79102,0.000616448;0.00165376;0.0038860800000000005;0.003531776;0.004605952;0.009915392;0.017798144000000002;0.020434944000000003;0.021230592;0.009747456;0.003511296;0.001304576;0.001110016;0.001803264;0.002936832;0.00301568;0.002870272;0.002982912;0.004339712;0.008439807999999998;0.016264192;0.038464512;0.069835776;0.045656063999999996;0.085436416;0.067392512;0.051857408;0.052559871999999994;0.042993664;0.037364735999999996;0.017214464;0.013743104;0.014015488;0.018510847999999996;0.011999232;0.008420351999999999;0.007461888;0.007804928;0.008240128000000001;0.007420928;0.005716992000000001;0.009368575999999998;0.009219072;0.0090368;0.008604672;0.007570432000000001;0.00290816;0.0037918720000000004;0.0045373440000000004;0.004260864;0.003659776;0.004007936;0.002993152;0.002336768;0.002413568;0.00261632;0.002291712;0.002019328;0.002118656;0.00300032;0.0031467520000000005;0.001941504;0.001073152;0.001436672;0.001722368;0.001446912;0.00089088;0.0017725439999999998;0.0013322240000000001;0.001317888;0.001293312;0.000754688;0.000671744;0.0008192000000000001;0.000590848;0.000730112;0.000625664;0.000525312;0.000521216
1788982200,hdr,0.0293;0.03906;0.04883;0.05859;0.06836;0.07813;0.08789;0.09766;0.10742;0.11719;0.12695;0.13672;0.14648;0.15625;0.16602;0.17578;0.18555;0.19531;0.20508;0.21484;0.22461;0.23438;0.24414;0.25391;0.26367;0.27344;0.2832;0.29297;0.30273;0.3125;0.32227;0.33203;0.3418;0.35156;0.36133;0.37109;0.38086;0.39063;0.40039;0.41016;0.41992;0.42969;0.43945;0.44922;0.45898;0.46875;0.47852;0.48828;0.49805;0.50781;0.51758;0.52734;0.53711;0.54688;0.55664;0.56641;0.57617;0.58594;0.5957;0.60547;0.61523;0.625;0.63477;0.64453;0.6543;0.66406;0.67383;0.68359;0.69336;0.70313;0.71289;0.72266;0.73242;0.74219;0.75195;0.76172;0.77148;0.78125;0.79102,0.002116608;0.0038266879999999995;0.003212288;0.001601536;0.0023275519999999997;0.004453375999999999;0.0130816;0.017670144;0.013215744;0.00726016;0.003356672;0.001746944;0.001042432;0.001430528;0.002151424;0.001878016;0.0022405119999999996;0.003588096;0.003535872;0.0034263040000000002;0.011397119999999998;0.048117759999999996;0.07997951999999998;0.06490726399999999;0.0753664;0.06635315199999998;0.08321536;0.06923776;0.037284864;0.030472192;0.026824704;0.023297024000000003;0.013805567999999999;0.009306112000000002;0.011697152;0.011441152;0.007514112;0.006816768;0.007298048;0.008728576000000002;0.00540672;0.003900416;0.004301823999999999;0.00545792;0.008124416;0.0039936;0.002229248;0.0025200640000000002;0.00242176;0.005804032;0.005090304;0.00413696;0.0030832639999999996;0.0023296;0.001901568;0.001631232;0.002464768;0.0018718720000000001;0.001308672;0.0013824;0.001468416;0.0013056;0.0012359679999999998;0.000918528;0.000837632;0.00064;0.000700416;0.000759808;0.00072704;0.00064512;0.000411648;0.0007936;0.000801792;0.000631808;0.000779264;0.000698368;0.000715776;0.000610304;0.000310272
1788983100,hdr,0.0293;0.03906;0.04883;0.05859;0.06836;0.07813;0.08789;0.09766;0.10742;0.11719;0.12695;0.13672;0.14648;0.15625;0.16602;0.17578;0.18555;0.19531;0.20508;0.21484;0.22461;0.23438;0.24414;0.25391;0.26367;0.27344;0.2832;0.29297;0.30273;0.3125;0.32227;0.33203;0.3418;0.35156;0.36133;0.37109;0.38086;0.39063;0.40039;0.41016;0.41992;0.42969;0.43945;0.44922;0.45898;0.46875;0.47852;0.48828;0.49805;0.50781;0.51758;0.52734;0.53711;0.54688;0.55664;0.56641;0.57617;0.58594;0.5957;0.60547;0.61523;0.625;0.63477;0.64453;0.6543;0.66406;0.67383;0.68359;0.69336;0.70313;0.71289;0.72266;0.73242;0.74219;0.75195;0.76172;0.77148;0.78125;0.79102,0.002168832;0.002977792;0.002052096;0.002556928;0.003979264;0.007236608;0.011065344;0.02318848;0.038888448;0.012964864;0.003625984;0.001729536;0.0017725439999999998;0.0021268479999999998;0.0014929920000000003;0.002143232;0.0023511039999999997;0.00229888;0.002627584;0.00452608;0.015826944;0.032606208000000005;0.044215296;0.066944;0.07567155200000002;0.06396928;0.045331456000000006;0.0365568;0.034114559999999995;0.02847232;0.023375872;0.019205120000000003;0.0159744;0.013053952;0.009762816;0.008025088000000001;0.0066816;0.008337408;0.007906304;0.008107008;0.008259584;0.0064194560000000005;0.004772864000000001;0.0020592640000000003;0.0032768000000000003;0.0033146879999999997;0.003187712;0.003554304;0.003917824;0.002852864;0.0031774719999999998;0.0033105920000000002;0.00349696;0.003751936;0.002783232;0.0019937279999999997;0.00199168;0.001972224;0.002159616;0.001406976;0.000905216;0.0007106559999999999;0.001027072;0.000858112;0.000760832;0.0008560640000000001;0.000391168;0.0005560319999999999;0.0009318400000000001;0.0010014719999999998;0.00045568;0.0006041600000000001;0.000786432;0.000603136;0.00047411199999999995;0.00041472;0.000349184;0.00040448000000000003;0.000520192
1788984000,hdr,0.0293;0.03906;0.04883;0.05859;0.06836;0.07813;0.08789;0.09766;0.10742;0.11719;0.12695;0.13672;0.14648;0.15625;0.16602;0.17578;0.18555;0.19531;0.20508;0.21484;0.22461;0.23438;0.24414;0.25391;0.26367;0.27344;0.2832;0.29297;0.30273;0.3125;0.32227;0.33203;0.3418;0.35156;0.36133;0.37109;0.38086;0.39063;0.40039;0.41016;0.41992;0.42969;0.43945;0.44922;0.45898;0.46875;0.47852;0.48828;0.49805;0.50781;0.51758;0.52734;0.53711;0.54688;0.55664;0.56641;0.57617;0.58594;0.5957;0.60547;0.61523;0.625;0.63477;0.64453;0.6543;0.66406;0.67383;0.68359;0.69336;0.70313;0.71289;0.72266;0.73242;0.74219;0.75195;0.76172;0.77148;0.78125;0.79102,0.00092672;0.00366592;0.004400128;0.003021824;0.0034181119999999996;0.0048783360000000005;0.008979456;0.009526272;0.021002240000000002;0.011040768;0.0028129279999999997;0.001468416;0.0016916480000000002;0.002081792;0.001440768;0.0014929920000000003;0.001980416;0.002475008;0.0024084479999999997;0.00495616;0.011333632;0.019779584;0.025806847999999997;0.062821376;0.064070656;0.05678592;0.0521472;0.050130944000000004;0.033110016000000006;0.016531456;0.013871104;0.015419392;0.016461824;0.014888960000000001;0.010173439999999999;0.009574400000000002;0.00490496;0.005450752;0.005822464;0.00636928;0.005962752;0.003945472;0.0033003520000000003;0.002902016;0.002762752;0.003187712;0.002659328;0.002234368;0.0018135039999999999;0.001806336;0.002291712;0.0021217280000000002;0.002456576;0.002619392;0.002066432;0.0014336;0.001022976;0.00123904;0.0018288640000000001;0.001373184;0.0015103999999999999;0.001202176;0.00068608;0.000703488;0.0006932479999999999;0.000525312;0.000502784;0.0006696959999999999;0.0005888;0.0005416959999999999;0.00045056;0.00039628799999999996;0.000507904;0.00040345599999999995;0.00047411199999999995;0.00041472;0.00032768;0.00027648;0.0003584
1788984900,hdr,0.0293;0.03906;0.04883;0.05859;0.06836;0.07813;0.08789;0.09766;0.10742;0.11719;0.12695;0.13672;0.14648;0.15625;0.16602;0.17578;0.18555;0.19531;0.20508;0.21484;0.22461;0.23438;0.24414;0.25391;0.26367;0.27344;0.2832;0.29297;0.30273;0.3125;0.32227;0.33203;0.3418;0.35156;0.36133;0.37109;0.38086;0.39063;0.40039;0.41016;0.41992;0.42969;0.43945;0.44922;0.45898;0.46875;0.47852;0.48828;0.49805;0.50781;0.51758;0.52734;0.53711;0.54688;0.55664;0.56641;0.57617;0.58594;0.5957;0.60547;0.61523;0.625;0.63477;0.64453;0.6543;0.66406;0.67383;0.68359;0.69336;0.70313;0.71289;0.72266;0.73242;0.74219;0.75195;0.76172;0.77148;0.78125;0.79102,0.00105472;0.006075392;0.009765888;0.003288064;0.0034365439999999997;0.0049080320000000005;0.0058122239999999995;0.010674175999999999;0.011307008;0.013411328;0.004461567999999999;0.0014336;0.0012113920000000002;0.000978944;0.000872448;0.00177152;0.002341888;0.001931264;0.0030361600000000004;0.003613696;0.005203968;0.012010495999999999;0.027624448;0.025211904000000004;0.041823231999999995;0.06998937599999999;0.08380108799999998;0.051330047999999996;0.020084736000000002;0.014396416;0.013326336;0.014588928;0.012381184;0.010064895999999999;0.006986752000000001;0.0090624;0.009524224;0.009079807999999998;0.005283839999999999;0.002915328;0.002733056;0.005046272;0.004226048;0.002532352;0.0026787839999999996;0.002679808;0.002009088;0.004481023999999999;0.0032849919999999996;0.001639424;0.0021821440000000004;0.0014929920000000003;0.0017848319999999999;0.001787904;0.0011909120000000001;0.001035264;0.0008929280000000001;0.001422336;0.0013260799999999999;0.000774144;0.001021952;0.000882688;0.0008704;0.0005621760000000001;0.000898048;0.00110592;0.000877568;0.0006041600000000001;0.00036147200000000005;0.000623616;0.0008386559999999999;0.00067072;0.000489472;0.000408576;0.00047718399999999996;0.00050176;0.00029183999999999997;0.000183296;0.00029491200000000004
1788985800,hdr,0.0293;0.03906;0.04883;0.05859;0.06836;0.07813;0.08789;0.09766;0.10742;0.11719;0.12695;0.13672;0.14648;0.15625;0.16602;0.17578;0.18555;0.19531;0.20508;0.21484;0.22461;0.23438;0.24414;0.25391;0.26367;0.27344;0.2832;0.29297;0.30273;0.3125;0.32227;0.33203;0.3418;0.35156;0.36133;0.37109;0.38086;0.39063;0.40039;0.41016;0.41992;0.42969;0.43945;0.44922;0.45898;0.46875;0.47852;0.48828;0.49805;0.50781;0.51758;0.52734;0.53711;0.54688;0.55664;0.56641;0.57617;0.58594;0.5957;0.60547;0.61523;0.625;0.63477;0.64453;0.6543;0.66406;0.67383;0.68359;0.69336;0.70313;0.71289;0.72266;0.73242;0.74219;0.75195;0.76172;0.77148;0.78125;0.79102,0.003690496;0.008010752000000001;0.010098688;0.005186560000000001;0.006629375999999999;0.006813696;0.010242048;0.01279488;0.018569216;0.018947072;0.006201344;0.001618944;0.0012441599999999998;0.0010209280000000002;0.001752064;0.0021360640000000005;0.001624064;0.003838976;0.006701056;0.008534016;0.013289472;0.021763072;0.040766464;0.045837312;0.021226495999999997;0.031205376;0.039343104;0.03423744;0.015514624;0.017774591999999995;0.016515072;0.01181184;0.009653248;0.007519232;0.009165824000000001;0.009418752;0.008147968;0.006439936;0.0064716800000000005;0.0054784;0.00538624;0.0047216639999999995;0.00307712;0.0026449919999999997;0.0032757759999999998;0.003126272;0.0023357440000000003;0.003535872;0.001999872;0.001267712;0.0015544320000000001;0.0017602560000000002;0.0018012159999999998;0.001364992;0.001318912;0.0009584639999999999;0.0009594880000000001;0.0012369920000000001;0.001256448;0.0013219840000000002;0.00101376;0.0008192000000000001;0.0007557120000000001;0.0007280640000000001;0.000503808;0.0005703679999999999;0.000652288;0.000551936;0.000520192;0.00047923199999999995;0.0004915200000000001;0.0005099519999999999;0.000434176;0.000268288;0.00030924800000000003;0.000385024;0.000221184;0.00021504000000000003;0.00033484799999999995
1788986700,hdr,0.0293;0.03906;0.04883;0.05859;0.06836;0.07813;0.08789;0.09766;0.10742;0.11719;0.12695;0.13672;0.14648;0.15625;0.16602;0.17578;0.18555;0.19531;0.20508;0.21484;0.22461;0.23438;0.24414;0.25391;0.26367;0.27344;0.2832;0.29297;0.30273;0.3125;0.32227;0.33203;0.3418;0.35156;0.36133;0.37109;0.38086;0.39063;0.40039;0.41016;0.41992;0.42969;0.43945;0.44922;0.45898;0.46875;0.47852;0.48828;0.49805;0.50781;0.51758;0.52734;0.53711;0.54688;0.55664;0.56641;0.57617;0.58594;0.5957;0.60547;0.61523;0.625;0.63477;0.64453;0.6543;0.66406;0.67383;0.68359;0.69336;0.70313;0.71289;0.72266;0.73242;0.74219;0.75195;0.76172;0.77148;0.78125;0.79102,0.004194304;0.011081727999999999;0.011170816;0.010993664;0.011123712;0.012913664;0.01601536;0.018187263999999998;0.01976832;0.021512192;0.009630719999999999;0.004224;0.0029306880000000003;0.002221056;0.001129472;0.00090112;0.0016711679999999998;0.003163136;0.004509696;0.008169472;0.012955647999999998;0.023758848000000003;0.046128128;0.040020992;0.03584512;0.042749952;0.0348928;0.04430950399999999;0.030194687999999997;0.025570304;0.016149504000000002;0.010011648;0.014154752;0.015683584;0.007835648;0.00777728;0.00659456;0.003928064;0.003621888;0.006258688;0.005671936;0.003733504;0.002615296;0.00159232;0.001604608;0.001855488;0.00150016;0.002497536;0.002040832;0.00200192;0.0017848319999999999;0.0013864959999999999;0.0014858240000000002;0.001199104;0.0013905920000000002;0.001110016;0.0010127360000000002;0.00088576;0.0006082559999999999;0.000674816;0.00083968;0.000492544;0.0005376000000000001;0.000791552;0.00047001599999999997;0.000452608;0.00037068800000000004;0.00044032;0.00037785600000000004;0.00029593599999999995;0.000401408;0.00026112;0.000258048;0.00025088;0.000200704;0.00030617599999999996;0.000316416;0.000253952;0.00013311999999999997
1788987600,hdr,0.0293;0.03906;0.04883;0.05859;0.06836;0.07813;0.08789;0.09766;0.10742;0.11719;0.12695;0.13672;0.14648;0.15625;0.16602;0.17578;0.18555;0.19531;0.20508;0.21484;0.22461;0.23438;0.24414;0.25391;0.26367;0.27344;0.2832;0.29297;0.30273;0.3125;0.32227;0.33203;0.3418;0.35156;0.36133;0.37109;0.38086;0.39063;0.40039;0.41016;0.41992;0.42969;0.43945;0.44922;0.45898;0.46875;0.47852;0.48828;0.49805;0.50781;0.51758;0.52734;0.53711;0.54688;0.55664;0.56641;0.57617;0.58594;0.5957;0.60547;0.61523;0.625;0.63477;0.64453;0.6543;0.66406;0.67383;0.68359;0.69336;0.70313;0.71289;0.72266;0.73242;0.74219;0.75195;0.76172;0.77148;0.78125;0.79102,0.0048015359999999995;0.00703488;0.0064665600000000005;0.0059985920000000005;0.00771072;0.01084416;0.014816256;0.01551872;0.029623295999999997;0.02101248;0.007055360000000001;0.003393536;0.0018042879999999998;0.0015226880000000001;0.0013824;0.0016220159999999998;0.001636352;0.00150016;0.0032573439999999997;0.007357440000000001;0.013822976;0.031190016;0.036385792;0.027994112;0.03629056;0.052483072;0.038915072;0.032507904000000004;0.023609344;0.020521984;0.011307008;0.010379264;0.014066687999999999;0.015272959999999999;0.012575744;0.0050524160000000005;0.005112832;0.006132736000000001;0.0062750720000000005;0.005694464;0.003069952;0.0029573119999999997;0.0025405440000000005;0.0021452800000000003;0.0027566080000000002;0.002363392;0.002466816;0.003032064;0.0022302719999999997;0.001527808;0.00150016;0.001646592;0.00150016;0.0015943679999999999;0.00151552;0.0016148479999999999;0.00119808;0.000800768;0.000924672;0.000842752;0.000867328;0.000847872;0.0005406720000000001;0.00040755200000000004;0.000320512;0.000386048;0.00041779199999999995;0.00052736;0.00048639999999999995;0.00039219200000000003;0.00047923199999999995;0.000380928;0.000350208;0.000321536;0.00036761599999999997;0.00021401600000000003;0.000264192;0.00023244799999999998;0.00012185600000000001
1788988500,hdr,0.0293;0.03906;0.04883;0.05859;0.06836;0.07813;0.08789;0.09766;0.10742;0.11719;0.12695;0.13672;0.14648;0.15625;0.16602;0.17578;0.18555;0.19531;0.20508;0.21484;0.22461;0.23438;0.24414;0.25391;0.26367;0.27344;0.2832;0.29297;0.30273;0.3125;0.32227;0.33203;0.3418;0.35156;0.36133;0.37109;0.38086;0.39063;0.40039;0.41016;0.41992;0.42969;0.43945;0.44922;0.45898;0.46875;0.47852;0.48828;0.49805;0.50781;0.51758;0.52734;0.53711;0.54688;0.55664;0.56641;0.57617;0.58594;0.5957;0.60547;0.61523;0.625;0.63477;0.64453;0.6543;0.66406;0.67383;0.68359;0.69336;0.70313;0.71289;0.72266;0.73242;0.74219;0.75195;0.76172;0.77148;0.78125;0.79102,0.010754047999999999;0.022019072;0.011963392;0.00594432;0.011494400000000002;0.014164992;0.013470719999999999;0.014475264;0.017054720000000002;0.012979200000000001;0.006652928;0.003080192;0.001763328;0.001486848;0.00125952;0.0018524160000000002;0.0031406079999999996;0.003377152;0.00539648;0.008201216;0.012102656;0.022154240000000002;0.030815232;0.027369472;0.02095616;0.023521280000000002;0.029640703999999997;0.032058368000000004;0.020682752;0.014076928;0.010728448;0.014148608;0.012809215999999998;0.010141696;0.009991168;0.0066457600000000006;0.007861248;0.0060610559999999996;0.0040366080000000006;0.00503808;0.005611519999999999;0.0044922880000000005;0.0031815679999999996;0.002308096;0.003207168;0.002696192;0.0016250880000000002;0.00245248;0.002555904;0.001538048;0.002174976;0.0019517439999999998;0.001806336;0.00153088;0.001304576;0.001726464;0.00146944;0.000894976;0.00123392;0.000642048;0.00068096;0.000590848;0.000590848;0.000521216;0.000626688;0.000576512;0.000656384;0.0005959680000000001;0.00054272;0.000326656;0.000459776;0.000386048;0.000288768;0.00023961599999999998;0.000195584;0.000180224;0.00023244799999999998;0.000305152;0.000197632
1788989400,hdr,0.0293;0.03906;0.04883;0.05859;0.06836;0.07813;0.08789;0.09766;0.10742;0.11719;0.12695;0.13672;0.14648;0.15625;0.16602;0.17578;0.18555;0.19531;0.20508;0.21484;0.22461;0.23438;0.24414;0.25391;0.26367;0.27344;0.2832;0.29297;0.30273;0.3125;0.32227;0.33203;0.3418;0.35156;0.36133;0.37109;0.38086;0.39063;0.40039;0.41016;0.41992;0.42969;0.43945;0.44922;0.45898;0.46875;0.47852;0.48828;0.49805;0.50781;0.51758;0.52734;0.53711;0.54688;0.55664;0.56641;0.57617;0.58594;0.5957;0.60547;0.61523;0.625;0.63477;0.64453;0.6543;0.66406;0.67383;0.68359;0.69336;0.70313;0.71289;0.72266;0.73242;0.74219;0.75195;0.76172;0.77148;0.78125;0.79102,0.005961728;0.009657344000000002;0.010848255999999999;0.006105088000000001;0.006703104;0.006994944;0.008626176;0.021733376;0.03865088;0.024395776;0.0130816;0.0066959359999999996;0.0030464;0.001308672;0.0011007999999999999;0.001145856;0.001959936;0.003309568;0.005029888;0.007087104;0.019953664;0.018860032;0.023824383999999997;0.02612224;0.020113408;0.023393280000000002;0.03276288;0.041971712;0.035878912;0.0251904;0.016344064000000002;0.013620224;0.008910848;0.010845183999999999;0.011564031999999998;0.009419776;0.007259135999999999;0.007575551999999999;0.004543488;0.0035645440000000002;0.0025989119999999997;0.0032532480000000003;0.0044206079999999995;0.004662272;0.0032348159999999997;0.002243584;0.002354176;0.0025579519999999996;0.0021893120000000005;0.0016230399999999999;0.00142848;0.001313792;0.0008560640000000001;0.001137664;0.0012441599999999998;0.0008325120000000001;0.00105472;0.0009625599999999999;0.000807936;0.00087552;0.0008192000000000001;0.000625664;0.000753664;0.0007249919999999999;0.00036249599999999997;0.00044544;0.000305152;0.00022323200000000002;0.00035430400000000006;0.0002816;0.00042803200000000007;0.000395264;0.000314368;0.00031232;0.00029183999999999997;0.000253952;0.000136192;0.000216064;0.000352256
1788990300,hdr,0.0293;0.03906;0.04883;0.05859;0.06836;0.07813;0.08789;0.09766;0.10742;0.11719;0.12695;0.13672;0.14648;0.15625;0.16602;0.17578;0.18555;0.19531;0.20508;0.21484;0.22461;0.23438;0.24414;0.25391;0.26367;0.27344;0.2832;0.29297;0.30273;0.3125;0.32227;0.33203;0.3418;0.35156;0.36133;0.37109;0.38086;0.39063;0.40039;0.41016;0.41992;0.42969;0.43945;0.44922;0.45898;0.46875;0.47852;0.48828;0.49805;0.50781;0.51758;0.52734;0.53711;0.54688;0.55664;0.56641;0.57617;0.58594;0.5957;0.60547;0.61523;0.625;0.63477;0.64453;0.6543;0.66406;0.67383;0.68359;0.69336;0.70313;0.71289;0.72266;0.73242;0.74219;0.75195;0.76172;0.77148;0.78125;0.79102,0.003073024;0.011339776;0.012234752;0.008224768;0.009954304;0.013021184;0.017912832000000004;0.015036415999999999;0.0211456;0.030785536;0.010847232;0.005327872;0.003654656;0.0013352960000000001;0.00159744;0.002066432;0.002548736;0.0037611520000000002;0.0061777920000000005;0.01069568;0.027564032;0.029593599999999998;0.026702847999999998;0.015480832;0.016866304;0.018546688;0.03025408;0.024648703999999997;0.013821951999999998;0.010251264000000001;0.007561216;0.011067392;0.012589056;0.01093632;0.011938816;0.010575872000000002;0.0073881599999999995;0.004731904;0.0030822400000000004;0.003513344;0.0028723200000000003;0.0030894080000000005;0.0029911039999999996;0.00183296;0.002055168;0.0020101119999999997;0.0017131520000000001;0.00152576;0.002172928;0.002349056;0.00067072;0.000989184;0.0012871680000000002;0.0013352960000000001;0.001799168;0.0011284479999999998;0.0009717759999999999;0.000738304;0.0008110079999999999;0.000766976;0.0006277120000000001;0.000515072;0.000484352;0.000553984;0.000606208;0.000429056;0.00034304;0.00039628799999999996;0.000272384;0.00023552000000000002;0.000329728;0.000365568;0.00031129599999999997;0.00031129599999999997;0.000331776;0.00020275199999999997;0.000103424;0.00010752000000000001;0.00013824
1788991200,hdr,0.0293;0.03906;0.04883;0.05859;0.06836;0.07813;0.08789;0.09766;0.10742;0.11719;0.12695;0.13672;0.14648;0.15625;0.16602;0.17578;0.18555;0.19531;0.20508;0.21484;0.22461;0.23438;0.24414;0.25391;0.26367;0.27344;0.2832;0.29297;0.30273;0.3125;0.32227;0.33203;0.3418;0.35156;0.36133;0.37109;0.38086;0.39063;0.40039;0.41016;0.41992;0.42969;0.43945;0.44922;0.45898;0.46875;0.47852;0.48828;0.49805;0.50781;0.51758;0.52734;0.53711;0.54688;0.55664;0.56641;0.57617;0.58594;0.5957;0.60547;0.61523;0.625;0.63477;0.64453;0.6543;0.66406;0.67383;0.68359;0.69336;0.70313;0.71289;0.72266;0.73242;0.74219;0.75195;0.76172;0.77148;0.78125;0.79102,0.002863104;0.003183616;0.001393664;0.00138752;0.002929664;0.0041164800000000005;0.0039168;0.020707328;0.02565632;0.023479296000000004;0.011435008;0.005393408000000001;0.0037754880000000005;0.0018411519999999998;0.0013219840000000002;0.0007946240000000001;0.001910784;0.0040396799999999995;0.0079104;0.013308928;0.027807744;0.04328755199999999;0.043266047999999994;0.031565824;0.015558655999999999;0.01991168;0.019961856;0.023860224;0.019735552;0.013506559999999999;0.007215104;0.006416384;0.006008832;0.00789504;0.010888192000000001;0.008680448;0.006299648;0.004620288;0.0043335679999999994;0.0038420480000000003;0.002441216;0.0024340480000000003;0.0021903359999999998;0.002425856;0.0021442559999999998;0.002587648;0.0028753920000000005;0.00188928;0.00123392;0.001005568;0.00064;0.0007075839999999999;0.001089536;0.0008366080000000001;0.0007772160000000001;0.000900096;0.000672768;0.000565248;0.0005754880000000001;0.000406528;0.0005683200000000001;0.0005703679999999999;0.0003328;0.000390144;0.000625664;0.000610304;0.000475136;0.00029388799999999996;0.00033792;0.000256;0.000221184;0.00019968;0.000126976;0.000268288;0.00021913599999999998;0.000142336;0.000216064;0.00021913599999999998;0.00012390399999999998
1788992100,hdr,0.0293;0.03906;0.04883;0.05859;0.06836;0.07813;0.08789;0.09766;0.10742;0.11719;0.12695;0.13672;0.14648;0.15625;0.16602;0.17578;0.18555;0.19531;0.20508;0.21484;0.22461;0.23438;0.24414;0.25391;0.26367;0.27344;0.2832;0.29297;0.30273;0.3125;0.32227;0.33203;0.3418;0.35156;0.36133;0.37109;0.38086;0.39063;0.40039;0.41016;0.41992;0.42969;0.43945;0.44922;0.45898;0.46875;0.47852;0.48828;0.49805;0.50781;0.51758;0.52734;0.53711;0.54688;0.55664;0.56641;0.57617;0.58594;0.5957;0.60547;0.61523;0.625;0.63477;0.64453;0.6543;0.66406;0.67383;0.68359;0.69336;0.70313;0.71289;0.72266;0.73242;0.74219;0.75195;0.76172;0.77148;0.78125;0.79102,0.000538624;0.00143872;0.0022558720000000003;0.0007168;0.004056064000000001;0.010740736;0.012372992;0.013733888000000001;0.016749568;0.012622848;0.00852992;0.005187583999999999;0.003125248;0.001117184;0.0006952960000000001;0.000893952;0.001656832;0.003065856;0.0076666880000000005;0.011369472;0.014542848;0.021961728;0.025607168000000003;0.021059584000000003;0.01722368;0.017125376;0.014500863999999999;0.020046848000000003;0.021118975999999998;0.024615936;0.018683903999999998;0.009637888;0.008614912;0.008894464;0.008601600000000001;0.0084992;0.0075796480000000005;0.004412416;0.004061184;0.004576256;0.0034406400000000005;0.0032348159999999997;0.0032593920000000003;0.0026286079999999997;0.002161664;0.0028221440000000004;0.001727488;0.0014786559999999999;0.0018083840000000001;0.001238016;0.00118784;0.0012308479999999999;0.001185792;0.001139712;0.001005568;0.0008509440000000001;0.000687104;0.000873472;0.000630784;0.00047411199999999995;0.00036761599999999997;0.000451584;0.00043724800000000005;0.00046592000000000004;0.000483328;0.00040243200000000004;0.000319488;0.00032256;0.000316416;0.00018227199999999998;0.00012288000000000002;0.00016384;0.00018227199999999998;0.000197632;0.000169984;0.00018739199999999998;0.000211968;0.000183296;0.00014335999999999998
1788993000,hdr,0.0293;0.03906;0.04883;0.05859;0.06836;0.07813;0.08789;0.09766;0.10742;0.11719;0.12695;0.13672;0.14648;0.15625;0.16602;0.17578;0.18555;0.19531;0.20508;0.21484;0.22461;0.23438;0.24414;0.25391;0.26367;0.27344;0.2832;0.29297;0.30273;0.3125;0.32227;0.33203;0.3418;0.35156;0.36133;0.37109;0.38086;0.39063;0.40039;0.41016;0.41992;0.42969;0.43945;0.44922;0.45898;0.46875;0.47852;0.48828;0.49805;0.50781;0.51758;0.52734;0.53711;0.54688;0.55664;0.56641;0.57617;0.58594;0.5957;0.60547;0.61523;0.625;0.63477;0.64453;0.6543;0.66406;0.67383;0.68359;0.69336;0.70313;0.71289;0.72266;0.73242;0.74219;0.75195;0.76172;0.77148;0.78125;0.79102,0.00015564799999999998;0.00029696;0.000324608;0.000216064;0.00144896;0.0025036800000000003;0.009349119999999999;0.014764032000000002;0.0155904;0.017588224000000003;0.007092224;0.004564992;0.004353024;0.001796096;0.000828416;0.0021913600000000003;0.005436416;0.013377536;0.017729536;0.011703296;0.018154496000000003;0.027339776000000003;0.037203968000000004;0.034434047999999995;0.02704384;0.022157312000000002;0.018863104;0.022296576000000002;0.021552128;0.026981376;0.023923712;0.011963392;0.009322496;0.00997888;0.009396224;0.0044677119999999996;0.004632576;0.006700032;0.0035061759999999997;0.0030289920000000003;0.00325632;0.0026951679999999995;0.0026368000000000003;0.00183808;0.0015656959999999999;0.0014243840000000001;0.001371136;0.001564672;0.001528832;0.0012032;0.001654784;0.0013660159999999998;0.001010688;0.000636928;0.0005703679999999999;0.0008622079999999999;0.000918528;0.001031168;0.000919552;0.000623616;0.000456704;0.000516096;0.00028774400000000004;0.000351232;0.000388096;0.000372736;0.000439296;0.000274432;0.00035328;0.00028569600000000005;0.000244736;0.000165888;0.000173056;0.000200704;0.00013311999999999997;0.00013824;0.00019456;0.000178176;0.0001536
1788993900,hdr,0.0293;0.03906;0.04883;0.05859;0.06836;0.07813;0.08789;0.09766;0.10742;0.11719;0.12695;0.13672;0.14648;0.15625;0.16602;0.17578;0.18555;0.19531;0.20508;0.21484;0.22461;0.23438;0.24414;0.25391;0.26367;0.27344;0.2832;0.29297;0.30273;0.3125;0.32227;0.33203;0.3418;0.35156;0.36133;0.37109;0.38086;0.39063;0.40039;0.41016;0.41992;0.42969;0.43945;0.44922;0.45898;0.46875;0.47852;0.48828;0.49805;0.50781;0.51758;0.52734;0.53711;0.54688;0.55664;0.56641;0.57617;0.58594;0.5957;0.60547;0.61523;0.625;0.63477;0.64453;0.6543;0.66406;0.67383;0.68359;0.69336;0.70313;0.71289;0.72266;0.73242;0.74219;0.75195;0.76172;0.77148;0.78125;0.79102,0.000400384;0.000780288;0.00045056;0.000766976;0.002589696;0.008396800000000001;0.016572416;0.026075136000000002;0.020207616;0.021080064;0.012528639999999999;0.00538624;0.0027392;0.0021196799999999997;0.002241536;0.005249024000000001;0.006705152;0.0103424;0.019490815999999998;0.021049344;0.022458368;0.032695296;0.066367488;0.039713792000000005;0.038059008;0.028640256000000003;0.016332799999999998;0.013402112;0.019980288;0.014320639999999999;0.010567679999999998;0.00986112;0.009657344000000002;0.005602304;0.005465088;0.005369856000000001;0.006147071999999999;0.003248128;0.002417664;0.002691072;0.002444288;0.002993152;0.0030535679999999996;0.00230912;0.002060288;0.001975296;0.0022241279999999997;0.0027514880000000003;0.00198144;0.001532928;0.0016916480000000002;0.001583104;0.001071104;0.00079872;0.0005980159999999999;0.0005621760000000001;0.000769024;0.0012042239999999998;0.000632832;0.0005376000000000001;0.0005232639999999998;0.000346112;0.000483328;0.0005580800000000001;0.00046489599999999996;0.000490496;0.000391168;0.000248832;0.00034304;0.000263168;0.000248832;0.000277504;0.000228352;0.00020275199999999997;0.00017408000000000001;0.0001536;0.000183296;0.000137216;0.000113664
1788994800,hdr,0.0293;0.03906;0.04883;0.05859;0.06836;0.07813;0.08789;0.09766;0.10742;0.11719;0.12695;0.13672;0.14648;0.15625;0.16602;0.17578;0.18555;0.19531;0.20508;0.21484;0.22461;0.23438;0.24414;0.25391;0.26367;0.27344;0.2832;0.29297;0.30273;0.3125;0.32227;0.33203;0.3418;0.35156;0.36133;0.37109;0.38086;0.39063;0.40039;0.41016;0.41992;0.42969;0.43945;0.44922;0.45898;0.46875;0.47852;0.48828;0.49805;0.50781;0.51758;0.52734;0.53711;0.54688;0.55664;0.56641;0.57617;0.58594;0.5957;0.60547;0.61523;0.625;0.63477;0.64453;0.6543;0.66406;0.67383;0.68359;0.69336;0.70313;0.71289;0.72266;0.73242;0.74219;0.75195;0.76172;0.77148;0.78125;0.79102,0.000161792;0.000206848;0.0013680639999999998;0.001383424;0.0021964800000000002;0.0032276479999999996;0.010990591999999999;0.016409600000000003;0.025773056;0.026104831999999998;0.014739456;0.0028395519999999995;0.0033044479999999998;0.0024330239999999998;0.002205696;0.00489984;0.009609216;0.01662464;0.015765504;0.021368832;0.034927616;0.05953024;0.051777536;0.030791680000000002;0.030974976;0.019381248;0.017557504;0.018878464;0.01220096;0.0157952;0.014141439999999998;0.007358464;0.0069632;0.008936448;0.008634368;0.006602752;0.004239359999999999;0.004152319999999999;0.005384192;0.0037918720000000004;0.0037396479999999995;0.00266752;0.0032839680000000004;0.003050496;0.0024340480000000003;0.00215552;0.001688576;0.0020592640000000003;0.001619968;0.001242112;0.00119808;0.00107008;0.00109056;0.000879616;0.00088064;0.000912384;0.00079872;0.0005324799999999999;0.000613376;0.0007884799999999999;0.000965632;0.00046489599999999996;0.00043110399999999997;0.000385024;0.000408576;0.000408576;0.00033689599999999994;0.00031744;0.000233472;0.000275456;0.000278528;0.00027340799999999994;0.00015564799999999998;0.000159744;0.00017100799999999997;0.000157696;0.00011980799999999999;0.000128;9.3184e-05
1788995700,hdr,0.0293;0.03906;0.04883;0.05859;0.06836;0.07813;0.08789;0.09766;0.10742;0.11719;0.12695;0.13672;0.14648;0.15625;0.16602;0.17578;0.18555;0.19531;0.20508;0.21484;0.22461;0.23438;0.24414;0.25391;0.26367;0.27344;0.2832;0.29297;0.30273;0.3125;0.32227;0.33203;0.3418;0.35156;0.36133;0.37109;0.38086;0.39063;0.40039;0.41016;0.41992;0.42969;0.43945;0.44922;0.45898;0.46875;0.47852;0.48828;0.49805;0.50781;0.51758;0.52734;0.53711;0.54688;0.55664;0.56641;0.57617;0.58594;0.5957;0.60547;0.61523;0.625;0.63477;0.64453;0.6543;0.66406;0.67383;0.68359;0.69336;0.70313;0.71289;0.72266;0.73242;0.74219;0.75195;0.76172;0.77148;0.78125;0.79102,0.00031129599999999997;0.000817152;0.000666624;0.00096768;0.003382272;0.0048711679999999995;0.012495872000000002;0.016883712;0.009832448;0.015823872;0.016560128;0.0060928;0.004921344;0.004240384;0.0043304960000000005;0.008103935999999999;0.021854208;0.01829376;0.018343935999999998;0.017562624;0.027912192000000002;0.040091648;0.072384512;0.04317286399999999;0.020641792;0.017097728;0.023116800000000003;0.016796672000000002;0.009801728000000001;0.013627392;0.011967488;0.011184127999999998;0.006344704;0.00553984;0.00472064;0.0039034879999999997;0.004529152;0.00413184;0.004538368;0.004601856;0.0041216000000000004;0.0030914560000000002;0.003175424;0.00374784;0.002453504;0.002673664;0.002110464;0.001934336;0.002532352;0.001867776;0.001746944;0.001384448;0.000963584;0.000666624;0.000637952;0.000912384;0.00080384;0.000526336;0.00047206399999999996;0.000544768;0.0005898240000000001;0.00064;0.0005376000000000001;0.000529408;0.00050688;0.00044032;0.000351232;0.000420864;0.00029900799999999997;0.000284672;0.000222208;0.000258048;0.00021299199999999998;0.000222208;0.00014643200000000002;0.000224256;0.000178176;0.00011776000000000001;0.000100352
1788996600,hdr,0.0293;0.03906;0.04883;0.05859;0.06836;0.07813;0.08789;0.09766;0.10742;0.11719;0.12695;0.13672;0.14648;0.15625;0.16602;0.17578;0.18555;0.19531;0.20508;0.21484;0.22461;0.23438;0.24414;0.25391;0.26367;0.27344;0.2832;0.29297;0.30273;0.3125;0.32227;0.33203;0.3418;0.35156;0.36133;0.37109;0.38086;0.39063;0.40039;0.41016;0.41992;0.42969;0.43945;0.44922;0.45898;0.46875;0.47852;0.48828;0.49805;0.50781;0.51758;0.52734;0.53711;0.54688;0.55664;0.56641;0.57617;0.58594;0.5957;0.60547;0.61523;0.625;0.63477;0.64453;0.6543;0.66406;0.67383;0.68359;0.69336;0.70313;0.71289;0.72266;0.73242;0.74219;0.75195;0.76172;0.77148;0.78125;0.79102,0.000922624;0.000871424;0.000913408;0.001212416;0.004879360000000001;0.009341951999999999;0.006094848;0.01083392;0.010693632;0.016713728;0.017687552;0.008732672;0.006887424;0.0038420480000000003;0.006986752000000001;0.015201280000000001;0.021094400000000003;0.024595455999999998;0.013645823999999999;0.008853503999999998;0.018736128;0.031840256000000004;0.059114496;0.039999488;0.026359808000000002;0.022709248;0.018577408;0.013314047999999998;0.015060992;0.015207423999999999;0.015765504;0.017855488000000003;0.012676096;0.006193152;0.00397312;0.005193728;0.005357567999999999;0.0048261120000000005;0.0045056;0.0060887039999999995;0.004501504;0.003683328;0.0046540800000000005;0.003351552;0.001558528;0.001422336;0.001447936;0.001600512;0.001466368;0.001055744;0.0011284479999999998;0.001410048;0.001092608;0.000790528;0.001349632;0.0013701120000000002;0.0011233280000000003;0.000719872;0.0006891520000000001;0.0007116799999999999;0.000582656;0.00041779199999999995;0.000502784;0.000413696;0.00042291200000000006;0.000493568;0.000515072;0.000344064;0.00028774400000000004;0.000357376;0.000253952;0.000206848;0.00037888;0.000344064;0.000260096;0.000200704;0.00015462400000000002;0.000172032;0.000173056
1788997500,hdr,0.0293;0.03906;0.04883;0.05859;0.06836;0.07813;0.08789;0.09766;0.10742;0.11719;0.12695;0.13672;0.14648;0.15625;0.16602;0.17578;0.18555;0.19531;0.20508;0.21484;0.22461;0.23438;0.24414;0.25391;0.26367;0.27344;0.2832;0.29297;0.30273;0.3125;0.32227;0.33203;0.3418;0.35156;0.36133;0.37109;0.38086;0.39063;0.40039;0.41016;0.41992;0.42969;0.43945;0.44922;0.45898;0.46875;0.47852;0.48828;0.49805;0.50781;0.51758;0.52734;0.53711;0.54688;0.55664;0.56641;0.57617;0.58594;0.5957;0.60547;0.61523;0.625;0.63477;0.64453;0.6543;0.66406;0.67383;0.68359;0.69336;0.70313;0.71289;0.72266;0.73242;0.74219;0.75195;0.76172;0.77148;0.78125;0.79102,0.00063488;0.0012646399999999998;0.001061888;0.00039731200000000003;0.003340288;0.010236928;0.009291776;0.014180351999999998;0.012404736;0.01364992;0.014107647999999999;0.009614336;0.007409664000000001;0.0068229119999999996;0.009505791999999999;0.021936128;0.028338176;0.023645184;0.014441472;0.016434175999999998;0.027954176;0.049218559999999995;0.088743936;0.062240768;0.034707456;0.035610624;0.021366784;0.015893504;0.011386879999999999;0.015037440000000001;0.015102976;0.010953728;0.012456960000000001;0.008427519999999999;0.007042048;0.007169024;0.0069427199999999994;0.006505472;0.00559104;0.004146176;0.0028221440000000004;0.00312832;0.003176448;0.0024381439999999997;0.003145728;0.001910784;0.001911808;0.001893376;0.0021452800000000003;0.002026496;0.0014172160000000002;0.0015544320000000001;0.001098752;0.0010752000000000001;0.0010608640000000001;0.0008386559999999999;0.000980992;0.000919552;0.00084992;0.000953344;0.000738304;0.000863232;0.000524288;0.00029491200000000004;0.000330752;0.00029593599999999995;0.00041472;0.000386048;0.000533504;0.00048025600000000003;0.000382976;0.000244736;0.000237568;0.00023552000000000002;0.00028671999999999997;0.00022016;0.000210944;0.00016384;0.00016384
